rollout,feasible,violation,J_D,J_P,J_B,mu_D,mu_P,mu_B,coverage,enhanced_tiles,reward,mean_psnr_db
1,0,29.1963,14.6978,10.5843,18.7142,1.0414,1.0027,1.0263,0.9114,39.06,-17.631,53.158
2,0,10.6006,7.2685,4.3138,11.6322,1.0805,1.0047,1.0522,0.8698,38.61,-17.453,52.326
3,0,3.6272,3.1696,4.0085,8.7576,1.1156,1.0073,1.0771,0.8579,37.92,-17.091,52.131
4,0,1.7831,2.0394,3.7948,8.0437,1.1497,1.0076,1.1014,0.8463,37.34,-16.276,52.153
5,0,0.5457,0.8457,3.7948,7.2295,1.1827,1.0072,1.125,0.8385,36.73,-15.757,51.91
6,0,0.2081,0.5081,3.7948,7.3212,1.2149,1.0058,1.1478,0.832,36.07,-15.386,51.76
7,1,0.0,0.0272,3.7948,6.837,1.2462,1.0032,1.1698,0.8322,35.45,-14.853,51.772
8,0,0.0107,0.3107,3.7948,7.0568,1.2769,1.0001,1.1911,0.8346,34.74,-14.656,51.844
9,0,0.1824,0.4824,3.7948,7.037,1.3069,0.9965,1.2113,0.8372,33.95,-14.488,51.874
10,0,0.1261,0.4261,3.7948,6.9967,1.3362,0.9921,1.231,0.8372,33.41,-14.327,51.892
11,0,0.086,0.386,3.7948,6.9489,1.3646,0.9876,1.2496,0.8364,32.61,-13.902,51.872
12,0,0.0311,0.3311,3.7948,6.9177,1.3925,0.9828,1.2678,0.8364,32.18,-13.519,51.873
13,1,0.0,0.1088,3.7948,6.8108,1.4192,0.9777,1.2849,0.8332,31.26,-13.273,51.802
14,1,0.0,0.0,3.7948,6.7455,1.4452,0.9723,1.3012,0.8308,30.58,-12.773,51.746
15,1,0.0,0.0,3.7948,6.782,1.4714,0.967,1.3174,0.8317,30.48,-12.883,51.75
16,1,0.0,0.0541,3.7948,6.7031,1.4961,0.9616,1.3325,0.8316,29.61,-12.502,51.754
17,1,0.0,0.1554,3.7948,6.8218,1.5201,0.9561,1.3469,0.8335,29.04,-11.779,51.801
18,1,0.0,0.2568,3.7948,6.929,1.5426,0.9505,1.3604,0.8352,28.14,-11.212,51.842
19,1,0.0,0.0409,3.7948,6.7208,1.5637,0.945,1.3727,0.8307,27.22,-10.019,51.753
20,1,0.0,0.0438,3.7948,6.6934,1.5835,0.9393,1.3842,0.8307,26.59,-8.905,51.753
21,1,0.0,0.0212,3.7948,6.7005,1.6025,0.9334,1.3951,0.8307,26.03,-7.934,51.753
22,1,0.0,0.0309,3.7948,6.7101,1.6212,0.9275,1.4056,0.8307,25.66,-7.402,51.753
23,1,0.0,0.0212,3.7948,6.6882,1.6384,0.9217,1.4151,0.8307,24.95,-6.563,51.753
24,1,0.0,0.0112,3.7948,6.6788,1.6547,0.9157,1.4243,0.8313,24.59,-5.514,51.754
25,1,0.0,0.0,3.7948,6.6684,1.669,0.9096,1.4325,0.83,23.75,-4.151,51.744
26,1,0.0,0.0,3.7948,6.6674,1.6826,0.9036,1.4402,0.83,23.33,-3.041,51.744
27,1,0.0,0.0131,3.7948,6.6777,1.6964,0.8975,1.4477,0.8313,23.17,-2.734,51.754
28,1,0.0,0.0,3.7948,6.6632,1.7084,0.8913,1.4544,0.8307,22.51,-1.881,51.753
29,1,0.0,0.0,3.7948,6.6684,1.7195,0.8854,1.4607,0.8307,22.11,-0.494,51.753
30,1,0.0,0.0,3.7948,6.6632,1.7295,0.8792,1.4663,0.8307,21.58,0.814,51.753
31,1,0.0,0.0,3.7948,6.6632,1.7402,0.8732,1.472,0.8307,21.67,1.255,51.753
32,1,0.0,0.0,3.7948,6.6632,1.7479,0.8673,1.4766,0.8307,20.69,2.083,51.753
33,1,0.0,0.0,3.7948,6.6581,1.7561,0.8613,1.4812,0.8294,20.78,3.288,51.743
34,1,0.0,0.0,3.7948,6.6581,1.7642,0.8553,1.4855,0.8294,20.48,3.14,51.743
35,1,0.0,0.0,3.7948,6.6632,1.7711,0.8493,1.4891,0.8307,19.89,3.889,51.753
36,1,0.0,0.0,3.7948,6.6632,1.7765,0.8432,1.4922,0.8307,19.4,5.433,51.753
37,1,0.0,0.0,3.7948,6.6674,1.7803,0.8371,1.4946,0.8307,18.9,6.869,51.753
38,1,0.0,0.0,3.7948,6.6674,1.7853,0.8311,1.4971,0.8307,18.99,6.987,51.753
39,1,0.0,0.0,3.7948,6.6674,1.7888,0.8251,1.4992,0.8307,18.62,7.349,51.753
40,1,0.0,0.0,3.7948,6.6674,1.7926,0.8191,1.5012,0.8307,18.5,8.162,51.753
41,1,0.0,0.0,3.7948,6.6674,1.7956,0.813,1.5029,0.8307,18.26,8.655,51.753
42,1,0.0,0.0,3.7948,6.6632,1.799,0.8069,1.5045,0.8307,18.25,8.937,51.753
43,1,0.0,0.0,3.7948,6.6674,1.8015,0.8008,1.5058,0.8307,17.93,9.131,51.753
44,1,0.0,0.0,3.7948,6.6623,1.8043,0.7946,1.5068,0.8294,17.76,9.746,51.743
45,1,0.0,0.0,3.7948,6.6623,1.8063,0.7883,1.5076,0.8294,17.53,10.216,51.743
46,1,0.0,0.0,3.7948,6.6529,1.8082,0.7819,1.5082,0.8294,17.34,10.793,51.743
47,1,0.0,0.0,3.7948,6.6623,1.8096,0.7756,1.5085,0.8294,17.1,11.113,51.743
48,1,0.0,0.0,3.7948,6.6614,1.8115,0.7694,1.5088,0.8294,17.16,11.107,51.743
49,1,0.0,0.003,3.7948,6.6717,1.8129,0.7629,1.5089,0.8307,16.97,11.156,51.753
50,1,0.0,0.0,3.7948,6.6665,1.8143,0.7566,1.509,0.8307,16.89,11.54,51.753
51,1,0.0,0.0,3.7948,6.6623,1.8155,0.7503,1.5088,0.8307,16.75,11.521,51.753
52,1,0.0,0.0,3.7948,6.6623,1.8163,0.744,1.5085,0.8316,16.57,11.794,51.799
53,1,0.0,0.0,3.7948,6.6708,1.8169,0.7378,1.5081,0.8317,16.55,12.302,51.816
54,1,0.0,0.0,3.7948,6.6751,1.8173,0.7316,1.5073,0.8317,16.29,12.856,51.816
55,1,0.0,0.0,3.7948,6.6743,1.8176,0.7253,1.5066,0.8304,16.27,13.345,51.806
56,1,0.0,0.0,3.7948,6.6743,1.8181,0.719,1.5057,0.8304,16.15,13.117,51.806
57,1,0.0,0.0,3.7948,6.6743,1.8185,0.7127,1.5049,0.8304,16.19,13.034,51.806
58,1,0.0,0.0,3.7948,6.6743,1.8188,0.7065,1.504,0.8304,16.13,13.302,51.806
59,1,0.0,0.0,3.7948,6.6659,1.8192,0.7003,1.5029,0.8303,16.01,13.571,51.789
60,1,0.0,0.0,3.7948,6.6667,1.8195,0.694,1.5017,0.8316,15.86,13.547,51.799
61,1,0.0,0.0,3.7948,6.6623,1.8197,0.6878,1.5006,0.8316,15.94,13.332,51.799
62,1,0.0,0.0,3.7948,6.6572,1.8196,0.6816,1.4993,0.8303,15.85,13.909,51.789
63,1,0.0,0.0,3.7948,6.6703,1.8195,0.6753,1.4982,0.8303,15.95,14.306,51.789
64,1,0.0,0.0,3.7948,6.6615,1.8194,0.669,1.497,0.8303,15.88,14.174,51.789
65,1,0.0,0.0,3.7948,6.6742,1.8193,0.6627,1.4957,0.8303,15.8,14.114,51.789
66,1,0.0,0.0,3.7948,6.6825,1.8194,0.6563,1.4944,0.8305,15.83,14.056,51.79
67,1,0.0,0.0,3.7948,6.6781,1.8194,0.6499,1.4932,0.8305,15.84,14.458,51.79
68,1,0.0,0.0,3.7948,6.7005,1.8194,0.6434,1.4919,0.8318,15.82,14.284,51.801
69,1,0.0,0.0,3.7948,6.6958,1.8194,0.637,1.4905,0.8318,15.75,14.32,51.801
70,1,0.0,0.0,3.7948,6.6958,1.8197,0.6305,1.4893,0.8318,15.9,14.225,51.801
71,1,0.0,0.0,3.7948,6.7126,1.8198,0.6239,1.4882,0.8325,15.9,14.055,51.806
72,1,0.0,0.0,3.7948,6.742,1.8201,0.6173,1.487,0.8328,15.94,14.432,51.825
73,1,0.0,0.0,3.7948,6.7328,1.8199,0.6107,1.4858,0.8315,15.89,14.487,51.815
74,1,0.0,0.0,3.7948,6.7411,1.82,0.6041,1.4847,0.8328,16.0,14.606,51.832
75,1,0.0,0.0,3.7948,6.7743,1.82,0.5975,1.4836,0.8342,15.96,14.514,51.842
76,1,0.0,0.0,3.7948,6.7826,1.8202,0.5909,1.4826,0.8329,16.04,14.647,51.832
77,1,0.0,0.0,3.7948,6.8008,1.8203,0.5842,1.4815,0.8342,15.98,14.549,51.842
78,1,0.0,0.0,3.7948,6.7954,1.8207,0.5775,1.4804,0.8321,16.02,14.508,51.829
79,1,0.0,0.0,3.7948,6.8044,1.8207,0.5708,1.4793,0.8323,15.94,14.528,51.85
80,1,0.0,0.0,3.7948,6.8259,1.8212,0.5641,1.4783,0.835,16.05,14.412,51.886
81,1,0.0,0.0,3.7948,6.8503,1.8215,0.5574,1.4773,0.8378,16.05,14.473,51.924
82,1,0.0,0.0,3.7948,6.8795,1.8218,0.5507,1.4763,0.8374,16.11,14.561,51.919
83,1,0.0,0.0,3.7948,6.8954,1.8221,0.5439,1.4754,0.8375,16.13,14.403,51.921
84,1,0.0,0.0,3.7948,6.9039,1.8225,0.5372,1.4745,0.8367,16.17,14.701,51.908
85,1,0.0,0.0,3.7948,6.9085,1.823,0.5305,1.4737,0.837,16.17,14.793,51.914
86,1,0.0,0.0,3.7948,6.9251,1.8236,0.5238,1.4729,0.8372,16.28,14.571,51.921
87,1,0.0,0.0,3.7948,6.9432,1.8239,0.517,1.4721,0.8376,16.21,14.631,51.926
88,1,0.0,0.0,3.7948,6.9591,1.8248,0.5103,1.4715,0.8382,16.39,14.307,51.955
89,1,0.0,0.0036,3.7948,6.9668,1.8254,0.5035,1.471,0.8377,16.4,14.288,51.931
90,1,0.0,0.0177,3.7948,6.9687,1.8262,0.4968,1.4704,0.8372,16.41,14.022,51.923
91,1,0.0,0.0177,3.7948,6.9773,1.8273,0.49,1.47,0.8365,16.55,13.58,51.913
92,1,0.0,0.0177,3.7948,6.99,1.8283,0.4833,1.4695,0.8367,16.51,13.65,51.915
93,1,0.0,0.0177,3.7948,6.9955,1.8295,0.4765,1.4691,0.8371,16.48,14.004,51.931
94,1,0.0,0.0177,3.7948,7.0017,1.8305,0.4698,1.4686,0.8371,16.48,14.058,51.931
95,1,0.0,0.0036,3.7948,7.0062,1.8321,0.463,1.4683,0.8368,16.61,13.715,51.925
96,1,0.0,0.0036,3.7948,7.0111,1.8338,0.4562,1.4681,0.8373,16.67,13.536,51.938
97,1,0.0,0.0177,3.7948,7.0203,1.8352,0.4495,1.4677,0.8368,16.58,13.858,51.925
98,1,0.0,0.0337,3.7948,7.0418,1.8366,0.4427,1.4673,0.8373,16.53,13.997,51.938
99,1,0.0,0.0389,3.7948,7.0469,1.838,0.436,1.4669,0.8373,16.56,14.038,51.944
100,1,0.0,0.0523,3.7948,7.0556,1.8389,0.4292,1.4666,0.8368,16.56,14.31,51.925
101,1,0.0,0.1142,3.7948,7.0634,1.8409,0.4224,1.4664,0.8368,16.73,14.299,51.925
102,1,0.0,0.1329,3.7948,7.0729,1.8429,0.4157,1.4662,0.8367,16.76,13.455,51.922
103,1,0.0,0.1735,3.7948,7.0831,1.8444,0.4089,1.4661,0.8381,16.71,13.668,51.94
104,1,0.0,0.1581,3.7948,7.0829,1.8468,0.4022,1.4661,0.8371,16.87,13.677,51.939
105,1,0.0,0.141,3.7948,7.0942,1.8488,0.3954,1.4659,0.8384,16.72,13.654,51.942
106,1,0.0,0.1257,3.7948,7.09,1.8509,0.3886,1.4659,0.8386,16.86,13.611,51.945
107,1,0.0,0.1257,3.7948,7.0907,1.8528,0.3819,1.4658,0.8383,16.82,13.66,51.944
108,1,0.0,0.1463,3.7948,7.0913,1.8554,0.3751,1.4659,0.8383,16.99,13.108,51.944
109,1,0.0,0.1568,3.7948,7.0904,1.8573,0.3684,1.4659,0.8394,16.82,13.124,51.983
110,1,0.0,0.1257,3.7948,7.0771,1.859,0.3616,1.4658,0.8383,16.77,14.057,51.944
111,1,0.0,0.1257,3.7948,7.0778,1.861,0.3548,1.4657,0.8386,16.78,14.102,51.954
112,1,0.0,0.1257,3.7948,7.0736,1.8627,0.3481,1.4655,0.8383,16.71,13.835,51.944
113,1,0.0,0.1298,3.7948,7.0819,1.8646,0.3413,1.4653,0.8383,16.76,13.905,51.944
114,1,0.0,0.0979,3.7948,7.0628,1.8666,0.3346,1.4651,0.8388,16.68,13.934,51.945
115,1,0.0,0.0737,3.7948,7.0505,1.8687,0.3278,1.465,0.8381,16.77,13.642,51.929
116,1,0.0,0.0672,3.7948,7.0424,1.8705,0.321,1.4649,0.8379,16.77,13.843,51.908
117,1,0.0,0.0737,3.7948,7.0545,1.8725,0.3143,1.4647,0.8386,16.75,14.334,51.923
118,1,0.0,0.1047,3.7948,7.0769,1.8745,0.3076,1.4646,0.838,16.76,14.107,51.919
119,1,0.0,0.1,3.7948,7.0643,1.8762,0.3008,1.4644,0.8382,16.67,14.05,51.921
120,1,0.0,0.1125,3.7948,7.0807,1.8781,0.294,1.4642,0.8382,16.7,14.321,51.921
121,1,0.0,0.1313,3.7948,7.0855,1.8802,0.2873,1.464,0.8389,16.7,14.169,51.933
122,1,0.0,0.1252,3.7948,7.0943,1.8825,0.2805,1.4639,0.8388,16.81,13.803,51.922
123,1,0.0,0.1505,3.7948,7.108,1.885,0.2737,1.4639,0.8394,16.87,13.551,51.931
124,1,0.0,0.1694,3.7948,7.1177,1.8875,0.267,1.4639,0.8398,16.78,13.563,51.947
125,1,0.0,0.1554,3.7948,7.0836,1.8901,0.2602,1.4638,0.8387,16.85,13.227,51.93
126,1,0.0,0.1441,3.7948,7.0705,1.8922,0.2535,1.4637,0.8387,16.76,13.552,51.93
127,1,0.0,0.1554,3.7948,7.0959,1.8947,0.2467,1.4637,0.8387,16.84,13.846,51.93
128,1,0.0,0.1441,3.7948,7.0991,1.8968,0.2399,1.4635,0.8391,16.71,14.123,51.934
129,1,0.0,0.1441,3.7948,7.0909,1.8987,0.2332,1.4633,0.8389,16.69,14.291,51.931
130,1,0.0,0.142,3.7948,7.0839,1.9009,0.2264,1.4633,0.8389,16.82,13.909,51.931
131,1,0.0,0.1671,3.7948,7.1198,1.9032,0.2196,1.4632,0.8387,16.81,14.188,51.93
132,1,0.0,0.1709,3.7948,7.1128,1.9055,0.2129,1.4631,0.8387,16.8,14.302,51.93
133,1,0.0,0.2071,3.7948,7.134,1.9077,0.2061,1.4631,0.8382,16.83,14.104,51.912
134,1,0.0,0.2007,3.7948,7.15,1.9099,0.1994,1.4631,0.8413,16.89,14.195,51.96
135,1,0.0,0.188,3.7948,7.1593,1.9126,0.1926,1.4632,0.8418,16.91,14.176,51.968
136,1,0.0,0.1831,3.7948,7.1599,1.9151,0.1858,1.4632,0.8413,16.87,13.916,51.96
137,1,0.0,0.2044,3.7948,7.1622,1.9178,0.1791,1.4633,0.8392,16.97,13.899,51.937
138,1,0.0,0.2121,3.7948,7.1621,1.9205,0.1723,1.4635,0.8392,16.97,13.798,51.946
139,1,0.0,0.1666,3.7948,7.1491,1.9233,0.1656,1.4636,0.8389,16.96,13.574,51.936
140,1,0.0,0.2343,3.7948,7.1614,1.9254,0.1588,1.4635,0.839,16.78,13.918,51.929
141,1,0.0,0.218,3.7948,7.1467,1.9282,0.152,1.4635,0.8389,16.89,14.301,51.936
142,1,0.0,0.241,3.7948,7.1564,1.9307,0.1453,1.4635,0.8392,16.82,13.989,51.946
143,1,0.0,0.2541,3.7948,7.1572,1.9339,0.1385,1.4636,0.8392,16.95,13.522,51.946
144,1,0.0,0.2118,3.7948,7.1539,1.9364,0.1317,1.4636,0.8389,16.85,13.493,51.936
145,1,0.0,0.2226,3.7948,7.1528,1.9398,0.125,1.4638,0.8392,17.02,13.38,51.946
146,1,0.0,0.2113,3.7948,7.1573,1.9427,0.1182,1.4639,0.8413,16.97,13.348,51.96
147,1,0.0,0.2066,3.7948,7.1727,1.9458,0.1115,1.4641,0.8391,17.03,13.563,51.945
148,1,0.0,0.2406,3.7948,7.1865,1.9483,0.1047,1.4641,0.8407,16.84,13.95,51.952
149,1,0.0,0.2429,3.7948,7.1846,1.9512,0.0979,1.4642,0.8417,17.0,13.851,51.963
150,1,0.0,0.233,3.7948,7.1965,1.9539,0.0912,1.4645,0.8412,17.05,14.082,51.972
151,1,0.0,0.2386,3.7948,7.2009,1.9566,0.0844,1.4646,0.8412,16.99,14.191,51.972
152,1,0.0,0.233,3.7948,7.2055,1.9594,0.0777,1.4647,0.8426,16.94,13.963,51.999
153,1,0.0,0.242,3.7948,7.1907,1.9619,0.0709,1.4647,0.8417,16.91,14.228,51.977
154,1,0.0,0.2349,3.7948,7.1684,1.9646,0.0641,1.4648,0.8397,16.93,14.28,51.937
155,1,0.0,0.2327,3.7948,7.1843,1.9675,0.0574,1.4649,0.841,16.95,14.021,51.981
156,1,0.0,0.2727,3.7948,7.2067,1.971,0.0506,1.4652,0.8423,17.05,13.773,51.984
157,0,0.0019,0.3019,3.7948,7.1923,1.9743,0.0439,1.4654,0.8397,17.06,13.666,51.957
158,1,0.0,0.2442,3.7948,7.1779,1.9772,0.0371,1.4655,0.8394,16.98,13.83,51.953
159,1,0.0,0.2021,3.7948,7.16,1.9797,0.0303,1.4654,0.8396,16.78,14.152,51.967
160,1,0.0,0.2057,3.7948,7.1604,1.9829,0.0236,1.4656,0.8396,16.98,13.766,51.967
161,1,0.0,0.1918,3.7948,7.1639,1.9856,0.0168,1.4657,0.8414,16.94,14.089,51.976
162,1,0.0,0.2114,3.7948,7.1944,1.9878,0.0101,1.4656,0.8412,16.8,14.81,51.975
163,1,0.0,0.2382,3.7948,7.2052,1.9913,0.0033,1.4657,0.8412,16.96,14.184,51.974
164,0,0.0154,0.3154,3.7948,7.2235,1.9934,0.0,1.4656,0.8406,16.77,14.226,51.968
165,1,0.0,0.2555,3.7948,7.2045,1.9962,0.0,1.4656,0.8399,16.89,14.746,51.972
166,1,0.0,0.2416,3.7948,7.2365,1.9988,0.0,1.4656,0.8437,16.84,14.585,51.974
167,1,0.0,0.2266,3.7948,7.2068,2.0021,0.0,1.4659,0.8436,17.08,14.201,51.97
168,1,0.0,0.2184,3.7948,7.2011,2.0047,0.0,1.4659,0.8422,16.87,14.011,51.982
169,1,0.0,0.2497,3.7948,7.2034,2.0081,0.0,1.466,0.8428,16.98,13.836,52.007
170,1,0.0,0.2195,3.7948,7.2081,2.0111,0.0,1.4661,0.8419,16.92,13.766,51.96
171,1,0.0,0.224,3.7948,7.1914,2.0137,0.0,1.466,0.8424,16.81,14.033,52.005
172,1,0.0,0.202,3.7948,7.1978,2.0158,0.0,1.4659,0.8429,16.71,14.745,51.979
173,1,0.0,0.2112,3.7948,7.2123,2.018,0.0,1.4657,0.8436,16.72,15.021,51.991
174,1,0.0,0.279,3.7948,7.2447,2.0212,0.0,1.4657,0.8474,16.87,14.272,52.063
175,1,0.0,0.276,3.7948,7.2396,2.0242,0.0,1.4659,0.8461,16.98,13.776,52.039
176,1,0.0,0.2473,3.7948,7.2332,2.0271,0.0,1.4659,0.8453,16.86,13.979,52.009
177,1,0.0,0.2312,3.7948,7.2381,2.0301,0.0,1.4659,0.8435,16.89,13.893,51.981
178,1,0.0,0.209,3.7948,7.2284,2.0325,0.0,1.4658,0.8435,16.79,14.106,51.985
179,1,0.0,0.2267,3.7948,7.2151,2.0354,0.0,1.4658,0.8422,16.87,14.384,51.981
180,1,0.0,0.2199,3.7948,7.2145,2.0381,0.0,1.4658,0.8442,16.83,14.203,52.007
181,1,0.0,0.2031,3.7948,7.195,2.0409,0.0,1.4657,0.8422,16.83,14.429,51.981
182,1,0.0,0.2047,3.7948,7.2077,2.0437,0.0,1.4657,0.8444,16.81,14.43,52.009
183,1,0.0,0.1818,3.7948,7.1797,2.0468,0.0,1.4657,0.8431,16.87,14.255,52.006
184,1,0.0,0.2254,3.7948,7.2102,2.0494,0.0,1.4656,0.8437,16.8,14.54,52.026
185,1,0.0,0.1857,3.7948,7.1965,2.0526,0.0,1.4657,0.8437,16.93,14.272,52.026
186,1,0.0,0.1711,3.7948,7.1768,2.0557,0.0,1.4659,0.8428,16.99,13.838,52.002
187,1,0.0,0.1844,3.7948,7.1845,2.0586,0.0,1.4659,0.8441,16.91,14.089,52.006
188,1,0.0,0.22,3.7948,7.235,2.0612,0.0,1.4658,0.8467,16.81,14.499,52.04
189,1,0.0,0.2028,3.7948,7.2183,2.0637,0.0,1.4658,0.8471,16.86,14.649,52.04
190,1,0.0,0.2146,3.7948,7.2265,2.0664,0.0,1.4658,0.8463,16.83,14.589,52.039
191,1,0.0,0.2291,3.7948,7.2396,2.0688,0.0,1.4657,0.8458,16.77,14.45,52.031
192,1,0.0,0.2198,3.7948,7.2213,2.0719,0.0,1.4657,0.8469,16.88,14.211,52.039
193,1,0.0,0.2352,3.7948,7.2173,2.0743,0.0,1.4655,0.8474,16.68,14.092,52.045
194,1,0.0,0.2463,3.7948,7.2311,2.0766,0.0,1.4653,0.8457,16.72,14.54,52.035
195,1,0.0,0.2079,3.7948,7.2292,2.0788,0.0,1.4651,0.8475,16.67,14.576,52.046
196,1,0.0,0.2061,3.7948,7.2209,2.0814,0.0,1.4649,0.8474,16.71,14.551,52.053
197,1,0.0,0.2032,3.7948,7.2007,2.0839,0.0,1.4647,0.846,16.7,14.474,52.055
198,1,0.0,0.1921,3.7948,7.2201,2.0864,0.0,1.4646,0.846,16.75,14.577,52.039
199,1,0.0,0.1759,3.7948,7.215,2.089,0.0,1.4645,0.846,16.8,14.712,52.055
200,1,0.0,0.1909,3.7948,7.2037,2.0915,0.0,1.4643,0.8442,16.73,14.649,52.036
201,1,0.0,0.2059,3.7948,7.2163,2.0946,0.0,1.4645,0.8462,16.98,14.351,52.056
202,1,0.0,0.2106,3.7948,7.2244,2.0974,0.0,1.4644,0.847,16.84,14.16,52.058
203,1,0.0,0.2211,3.7948,7.2121,2.1001,0.0,1.4644,0.8453,16.81,14.3,52.03
204,1,0.0,0.2262,3.7948,7.2242,2.1026,0.0,1.4642,0.845,16.73,14.347,52.034
205,1,0.0,0.221,3.7948,7.2246,2.105,0.0,1.464,0.847,16.68,14.582,52.035
206,1,0.0,0.1874,3.7948,7.2184,2.1075,0.0,1.4638,0.8465,16.7,14.502,52.032
207,1,0.0,0.2076,3.7948,7.2367,2.11,0.0,1.4636,0.8446,16.73,14.53,52.017
208,1,0.0,0.1868,3.7948,7.2319,2.112,0.0,1.4634,0.8446,16.64,14.957,52.017
209,1,0.0,0.21,3.7948,7.2529,2.1146,0.0,1.4632,0.8476,16.73,15.039,52.052
210,1,0.0,0.2172,3.7948,7.2611,2.1174,0.0,1.4631,0.8474,16.79,14.267,52.059
211,1,0.0,0.2296,3.7948,7.2492,2.12,0.0,1.4629,0.8471,16.72,14.275,52.054
212,1,0.0,0.2133,3.7948,7.2448,2.1228,0.0,1.4628,0.8482,16.76,14.445,52.045
213,1,0.0,0.2379,3.7948,7.2546,2.125,0.0,1.4626,0.8482,16.69,14.632,52.045
214,1,0.0,0.2359,3.7948,7.2469,2.1271,0.0,1.4622,0.8465,16.56,14.828,52.025
215,1,0.0,0.2192,3.7948,7.2516,2.1291,0.0,1.4619,0.8485,16.59,14.999,52.044
216,1,0.0,0.2169,3.7948,7.2391,2.1314,0.0,1.4617,0.8465,16.69,15.169,52.004
217,1,0.0,0.2169,3.7948,7.2434,2.1338,0.0,1.4614,0.8464,16.6,14.738,52.012
218,1,0.0,0.2242,3.7948,7.2649,2.136,0.0,1.4611,0.8482,16.63,14.622,52.033
219,1,0.0,0.2893,3.7948,7.2705,2.1388,0.0,1.461,0.849,16.77,14.588,52.04
220,1,0.0,0.2862,3.7948,7.2831,2.141,0.0,1.4607,0.8489,16.6,14.656,52.028
221,1,0.0,0.2665,3.7948,7.27,2.1435,0.0,1.4605,0.8494,16.7,14.77,52.049
222,0,0.0504,0.3504,3.7948,7.2956,2.1457,0.0,1.4602,0.851,16.63,15.103,52.05
223,1,0.0,0.2927,3.7948,7.2789,2.1483,0.0,1.46,0.8506,16.69,14.692,52.041
224,0,0.0918,0.3918,3.7948,7.3049,2.151,0.0,1.4598,0.8514,16.68,14.355,52.067
225,0,0.0459,0.3459,3.7948,7.3072,2.1535,0.0,1.4595,0.8497,16.69,14.647,52.04
226,0,0.0665,0.3665,3.7948,7.2957,2.1558,0.0,1.4592,0.85,16.61,14.846,52.048
227,0,0.1057,0.4057,3.7948,7.3086,2.1584,0.0,1.459,0.8497,16.7,14.525,52.068
228,0,0.094,0.394,3.7948,7.3053,2.1614,0.0,1.4589,0.8515,16.79,14.297,52.077
229,0,0.08,0.38,3.7948,7.3126,2.1634,0.0,1.4586,0.8507,16.55,14.708,52.057
230,0,0.0733,0.3733,3.7948,7.3014,2.1661,0.0,1.4584,0.8521,16.78,15.044,52.086
231,0,0.0947,0.3947,3.7948,7.3015,2.1688,0.0,1.4582,0.8519,16.66,14.331,52.085
232,0,0.0732,0.3732,3.7948,7.3207,2.1713,0.0,1.4579,0.8508,16.64,14.337,52.074
233,0,0.071,0.371,3.7948,7.3285,2.174,0.0,1.4577,0.8516,16.7,14.29,52.077
234,0,0.0552,0.3552,3.7948,7.3245,2.1767,0.0,1.4576,0.8514,16.8,14.278,52.076
235,0,0.0742,0.3742,3.7948,7.3245,2.1794,0.0,1.4574,0.8515,16.7,14.384,52.086
236,0,0.0692,0.3692,3.7948,7.3281,2.1821,0.0,1.4573,0.8502,16.71,14.214,52.079
237,0,0.0694,0.3694,3.7948,7.3285,2.1839,0.0,1.4569,0.8504,16.57,14.869,52.08
238,0,0.0907,0.3907,3.7948,7.3205,2.1866,0.0,1.4567,0.85,16.68,14.773,52.076
239,0,0.1083,0.4083,3.7948,7.3421,2.189,0.0,1.4564,0.8502,16.67,14.528,52.07
240,0,0.1524,0.4524,3.7948,7.3457,2.1914,0.0,1.4561,0.8494,16.62,14.781,52.069
241,0,0.1331,0.4331,3.7948,7.3464,2.1945,0.0,1.456,0.8516,16.78,14.441,52.097
242,0,0.1294,0.4294,3.7948,7.3463,2.1969,0.0,1.4558,0.8522,16.65,14.577,52.119
243,0,0.0938,0.3938,3.7948,7.3371,2.1997,0.0,1.4555,0.8515,16.66,14.731,52.096
244,0,0.147,0.447,3.7948,7.3427,2.2028,0.0,1.4554,0.8515,16.76,13.955,52.078
245,0,0.1282,0.4282,3.7948,7.3423,2.2052,0.0,1.4552,0.8515,16.65,14.002,52.095
246,0,0.1624,0.4624,3.7948,7.3558,2.2078,0.0,1.455,0.8507,16.75,14.364,52.093
247,0,0.2224,0.5224,3.7948,7.3631,2.211,0.0,1.455,0.8499,16.84,14.051,52.095
248,0,0.1893,0.4893,3.7948,7.3708,2.2139,0.0,1.4549,0.8519,16.78,13.874,52.131
249,0,0.2795,0.5795,3.7948,7.3806,2.2165,0.0,1.4547,0.8521,16.72,14.053,52.106
250,0,0.2678,0.5678,3.7948,7.383,2.2197,0.0,1.4548,0.8495,16.88,13.956,52.072
251,0,0.2276,0.5276,3.7948,7.3573,2.2223,0.0,1.4545,0.8486,16.69,14.028,52.126
252,0,0.2116,0.5116,3.7948,7.3631,2.2251,0.0,1.4544,0.8519,16.73,14.311,52.145
253,0,0.2249,0.5249,3.7948,7.3683,2.2281,0.0,1.4542,0.8494,16.74,13.975,52.146
254,0,0.2748,0.5748,3.7948,7.374,2.2313,0.0,1.4543,0.8519,16.89,13.646,52.168
255,0,0.3036,0.6036,3.7948,7.3876,2.2339,0.0,1.4541,0.851,16.75,14.111,52.137
256,0,0.3504,0.6504,3.7948,7.4059,2.2369,0.0,1.4539,0.8485,16.71,14.017,52.092
257,0,0.3423,0.6423,3.7948,7.4018,2.2398,0.0,1.4538,0.8508,16.76,13.823,52.129
258,0,0.35,0.65,3.7948,7.3976,2.2423,0.0,1.4536,0.8492,16.66,14.31,52.114
259,0,0.3467,0.6467,3.7948,7.3842,2.2448,0.0,1.4533,0.8494,16.66,14.484,52.123
260,0,0.2895,0.5895,3.7948,7.3908,2.2472,0.0,1.453,0.8515,16.57,14.625,52.147
261,0,0.2766,0.5766,3.7948,7.3837,2.25,0.0,1.4528,0.8502,16.71,14.437,52.124
262,0,0.3018,0.6018,3.7948,7.4067,2.2522,0.0,1.4525,0.85,16.6,14.676,52.127
263,0,0.3037,0.6037,3.7948,7.4061,2.2545,0.0,1.4521,0.8506,16.56,15.163,52.13
264,0,0.2622,0.5622,3.7948,7.4067,2.2572,0.0,1.452,0.8513,16.73,14.269,52.128
265,0,0.2988,0.5988,3.7948,7.4,2.2592,0.0,1.4516,0.851,16.57,14.544,52.155
266,0,0.2246,0.5246,3.7948,7.3902,2.2614,0.0,1.4514,0.8529,16.65,15.318,52.161
267,0,0.247,0.547,3.7948,7.3883,2.2637,0.0,1.451,0.8519,16.59,15.075,52.159
268,0,0.3136,0.6136,3.7948,7.4007,2.2664,0.0,1.4509,0.8482,16.72,14.616,52.146
269,0,0.2938,0.5938,3.7948,7.3886,2.2689,0.0,1.4506,0.8516,16.69,14.456,52.16
270,0,0.2907,0.5907,3.7948,7.3965,2.271,0.0,1.4504,0.8516,16.63,14.89,52.16
271,0,0.3119,0.6119,3.7948,7.4012,2.2734,0.0,1.45,0.8522,16.57,14.949,52.138
272,0,0.2781,0.5781,3.7948,7.4129,2.2756,0.0,1.4497,0.8529,16.6,14.821,52.16
273,0,0.3143,0.6143,3.7948,7.4223,2.2786,0.0,1.4496,0.8516,16.76,14.681,52.142
274,0,0.3009,0.6009,3.7948,7.4304,2.2815,0.0,1.4494,0.8508,16.75,14.249,52.153
275,0,0.314,0.614,3.7948,7.415,2.2839,0.0,1.4492,0.8519,16.66,14.603,52.17
276,0,0.326,0.626,3.7948,7.4196,2.287,0.0,1.4492,0.852,16.86,14.031,52.163
277,0,0.3078,0.6078,3.7948,7.4323,2.2892,0.0,1.4489,0.8533,16.61,14.219,52.168
278,0,0.3338,0.6338,3.7948,7.4241,2.292,0.0,1.4488,0.8542,16.82,14.694,52.183
279,0,0.3376,0.6376,3.7948,7.4149,2.2941,0.0,1.4485,0.855,16.54,14.696,52.224
280,0,0.3182,0.6182,3.7948,7.4379,2.2965,0.0,1.4482,0.8557,16.63,15.071,52.21
281,0,0.3866,0.6866,3.7948,7.4631,2.2994,0.0,1.4481,0.8573,16.79,14.6,52.227
282,0,0.3783,0.6783,3.7948,7.4547,2.3025,0.0,1.4481,0.8538,16.88,13.95,52.167
283,0,0.415,0.715,3.7948,7.4625,2.3056,0.0,1.448,0.8552,16.79,13.618,52.214
284,0,0.4326,0.7326,3.7948,7.4636,2.3086,0.0,1.4479,0.8549,16.74,13.645,52.209
285,0,0.468,0.768,3.7948,7.4593,2.3115,0.0,1.4478,0.8569,16.75,13.787,52.251
286,0,0.4752,0.7752,3.7948,7.4702,2.314,0.0,1.4475,0.8573,16.67,14.231,52.255
287,0,0.453,0.753,3.7948,7.4709,2.3164,0.0,1.4473,0.8564,16.66,14.919,52.224
288,0,0.4294,0.7294,3.7948,7.468,2.3192,0.0,1.4472,0.8551,16.79,14.802,52.199
289,0,0.4026,0.7026,3.7948,7.4606,2.3217,0.0,1.447,0.8546,16.67,14.611,52.174
290,0,0.4412,0.7412,3.7948,7.4626,2.3242,0.0,1.4468,0.8552,16.72,14.772,52.194
291,0,0.4036,0.7036,3.7948,7.4615,2.3266,0.0,1.4465,0.8542,16.65,14.609,52.171
292,0,0.4118,0.7118,3.7948,7.4629,2.3288,0.0,1.4462,0.854,16.57,14.557,52.168
293,0,0.4551,0.7551,3.7948,7.4802,2.3311,0.0,1.4459,0.8534,16.61,14.614,52.153
294,0,0.4349,0.7349,3.7948,7.47,2.3338,0.0,1.4457,0.8553,16.69,14.322,52.203
295,0,0.3893,0.6893,3.7948,7.4566,2.3363,0.0,1.4454,0.8527,16.56,14.322,52.171
296,0,0.4109,0.7109,3.7948,7.4528,2.3386,0.0,1.445,0.8552,16.57,14.631,52.205
297,0,0.4393,0.7393,3.7948,7.4696,2.3411,0.0,1.4447,0.8559,16.6,14.748,52.211
298,0,0.5277,0.8277,3.7948,7.4826,2.3438,0.0,1.4445,0.8555,16.74,14.162,52.207
299,0,0.5127,0.8127,3.7948,7.4786,2.3461,0.0,1.4443,0.8554,16.63,14.512,52.228
300,0,0.5183,0.8183,3.7948,7.4914,2.3483,0.0,1.444,0.8542,16.62,14.924,52.18
301,0,0.5149,0.8149,3.7948,7.4927,2.3513,0.0,1.4439,0.8554,16.84,14.517,52.228
302,0,0.5018,0.8018,3.7948,7.5011,2.3538,0.0,1.4438,0.8531,16.74,14.412,52.157
303,0,0.5317,0.8317,3.7948,7.5105,2.3567,0.0,1.4437,0.8571,16.82,14.569,52.225
304,0,0.539,0.839,3.7948,7.5107,2.3594,0.0,1.4436,0.8544,16.76,14.124,52.2
305,0,0.5342,0.8342,3.7948,7.5054,2.3623,0.0,1.4435,0.8561,16.78,13.925,52.235
306,0,0.6027,0.9027,3.7948,7.5278,2.3651,0.0,1.4434,0.8552,16.76,14.018,52.208
307,0,0.6076,0.9076,3.7948,7.5353,2.3682,0.0,1.4433,0.8578,16.85,14.258,52.242
308,0,0.6143,0.9143,3.7948,7.5494,2.3706,0.0,1.4432,0.856,16.73,14.472,52.199
309,0,0.6159,0.9159,3.7948,7.5451,2.3737,0.0,1.4431,0.8572,16.81,14.072,52.234
310,0,0.5504,0.8504,3.7948,7.5261,2.3765,0.0,1.443,0.8573,16.8,13.952,52.22
311,0,0.5795,0.8795,3.7948,7.5296,2.3797,0.0,1.4431,0.8574,16.92,13.929,52.228
312,0,0.5746,0.8746,3.7948,7.5299,2.3826,0.0,1.4431,0.8566,16.86,13.862,52.21
313,0,0.59,0.89,3.7948,7.534,2.3856,0.0,1.443,0.8566,16.82,13.887,52.198
314,0,0.5609,0.8609,3.7948,7.5385,2.3883,0.0,1.443,0.8534,16.83,13.962,52.132
315,0,0.6148,0.9148,3.7948,7.5476,2.3907,0.0,1.4427,0.8569,16.68,14.376,52.208
316,0,0.6091,0.9091,3.7948,7.5387,2.3932,0.0,1.4426,0.8594,16.75,14.522,52.253
317,0,0.5514,0.8514,3.7948,7.5205,2.3962,0.0,1.4425,0.8586,16.8,14.173,52.258
318,0,0.5214,0.8214,3.7948,7.5124,2.3991,0.0,1.4425,0.8573,16.81,13.944,52.232
319,0,0.5276,0.8276,3.7948,7.5199,2.4023,0.0,1.4424,0.8572,16.82,13.801,52.201
320,0,0.5748,0.8748,3.7948,7.5246,2.4057,0.0,1.4424,0.8591,16.85,13.587,52.231
321,0,0.5197,0.8197,3.7948,7.5138,2.4082,0.0,1.4422,0.8576,16.73,13.85,52.213
322,0,0.6313,0.9313,3.7948,7.5358,2.4106,0.0,1.442,0.8576,16.68,14.073,52.223
323,0,0.5358,0.8358,3.7948,7.5035,2.4135,0.0,1.4419,0.8569,16.81,14.078,52.191
324,0,0.581,0.881,3.7948,7.5324,2.4163,0.0,1.4417,0.8597,16.68,13.911,52.263
325,0,0.5757,0.8757,3.7948,7.5302,2.4189,0.0,1.4415,0.8574,16.69,14.192,52.239
326,0,0.5779,0.8779,3.7948,7.5352,2.4213,0.0,1.4413,0.8579,16.67,14.434,52.223
327,0,0.5087,0.8087,3.7948,7.5144,2.4245,0.0,1.4412,0.8565,16.82,14.094,52.186
328,0,0.5362,0.8362,3.7948,7.527,2.4269,0.0,1.441,0.8551,16.7,13.88,52.181
329,0,0.539,0.839,3.7948,7.5229,2.4298,0.0,1.441,0.8556,16.79,13.931,52.197
330,0,0.511,0.811,3.7948,7.5284,2.4326,0.0,1.4409,0.8573,16.81,14.025,52.232
331,0,0.5181,0.8181,3.7948,7.525,2.4352,0.0,1.4407,0.856,16.74,14.227,52.225
332,0,0.6181,0.9181,3.7948,7.5528,2.4378,0.0,1.4405,0.8593,16.7,14.25,52.27
333,0,0.6463,0.9463,3.7948,7.5595,2.4406,0.0,1.4404,0.8607,16.74,14.305,52.286
334,0,0.6159,0.9159,3.7948,7.5426,2.4433,0.0,1.4402,0.8585,16.73,14.283,52.266
335,0,0.6714,0.9714,3.7948,7.5581,2.4462,0.0,1.4402,0.8589,16.84,14.031,52.266
336,0,0.6557,0.9557,3.7948,7.5622,2.4493,0.0,1.44,0.8572,16.75,13.901,52.217
337,0,0.6146,0.9146,3.7948,7.5521,2.4521,0.0,1.44,0.857,16.79,13.835,52.217
338,0,0.6,0.9,3.7948,7.5378,2.4546,0.0,1.4397,0.8563,16.62,14.128,52.191
339,0,0.5259,0.8259,3.7948,7.5174,2.4572,0.0,1.4395,0.856,16.75,14.453,52.192
340,0,0.5669,0.8669,3.7948,7.543,2.4602,0.0,1.4395,0.857,16.81,14.096,52.217
341,0,0.5513,0.8513,3.7948,7.5482,2.4632,0.0,1.4394,0.8569,16.84,13.821,52.195
342,0,0.5622,0.8622,3.7948,7.5486,2.4661,0.0,1.4394,0.8576,16.84,13.643,52.228
343,0,0.5039,0.8039,3.7948,7.5436,2.4693,0.0,1.4393,0.8578,16.81,13.288,52.24
344,0,0.5014,0.8014,3.7948,7.5408,2.4724,0.0,1.4392,0.8576,16.81,13.251,52.24
345,0,0.5452,0.8452,3.7948,7.5535,2.4751,0.0,1.4391,0.8576,16.74,13.785,52.239
346,0,0.5845,0.8845,3.7948,7.5828,2.4777,0.0,1.439,0.8566,16.82,14.132,52.215
347,0,0.6049,0.9049,3.7948,7.5833,2.4808,0.0,1.439,0.8566,16.87,14.094,52.215
348,0,0.6191,0.9191,3.7948,7.5787,2.4839,0.0,1.4391,0.8578,16.94,13.575,52.251
349,0,0.594,0.894,3.7948,7.5667,2.4868,0.0,1.439,0.8578,16.8,13.604,52.251
350,0,0.6179,0.9179,3.7948,7.576,2.4897,0.0,1.439,0.8584,16.84,13.809,52.251
351,0,0.6511,0.9511,3.7948,7.5837,2.4926,0.0,1.4389,0.8585,16.76,13.865,52.262
352,0,0.625,0.925,3.7948,7.5808,2.4954,0.0,1.4388,0.8596,16.77,13.713,52.29
353,0,0.6558,0.9558,3.7948,7.5946,2.499,0.0,1.4388,0.8591,16.93,13.197,52.269
354,0,0.6763,0.9763,3.7948,7.6017,2.5024,0.0,1.4388,0.8585,16.84,12.943,52.25
355,0,0.7371,1.0371,3.7948,7.609,2.5055,0.0,1.4388,0.8569,16.86,13.22,52.23
356,0,0.7616,1.0616,3.7948,7.6218,2.5088,0.0,1.4387,0.8583,16.84,13.163,52.266
357,0,0.7553,1.0553,3.7948,7.6145,2.5122,0.0,1.4387,0.8574,16.87,13.117,52.255
358,0,0.7683,1.0683,3.7948,7.6262,2.5159,0.0,1.4387,0.8573,16.85,12.944,52.245
359,0,0.795,1.095,3.7948,7.6345,2.5187,0.0,1.4386,0.8576,16.79,13.325,52.243
360,0,0.7503,1.0503,3.7948,7.6285,2.5214,0.0,1.4385,0.8579,16.81,13.663,52.258
361,0,0.7963,1.0963,3.7948,7.6508,2.5242,0.0,1.4384,0.857,16.77,13.897,52.278
362,0,0.7615,1.0615,3.7948,7.6389,2.5271,0.0,1.4384,0.8558,16.83,14.003,52.231
363,0,0.6961,0.9961,3.7948,7.6178,2.5299,0.0,1.4383,0.8559,16.84,13.74,52.216
364,0,0.7507,1.0507,3.7948,7.6369,2.5331,0.0,1.4384,0.8559,16.89,13.222,52.249
365,0,0.7562,1.0562,3.7948,7.6471,2.536,0.0,1.4383,0.8556,16.85,13.414,52.261
366,0,0.8038,1.1038,3.7948,7.6546,2.5391,0.0,1.4383,0.8559,16.86,13.69,52.268
367,0,0.8492,1.1492,3.7948,7.6904,2.5425,0.0,1.4383,0.8534,16.89,13.34,52.237
368,0,0.852,1.152,3.7948,7.6936,2.5454,0.0,1.4383,0.8569,16.87,13.233,52.251
369,0,0.7371,1.0371,3.7948,7.6512,2.5482,0.0,1.4383,0.8568,16.83,13.403,52.266
370,0,0.7652,1.0652,3.7948,7.6707,2.5514,0.0,1.4383,0.857,16.9,13.321,52.271
371,0,0.8186,1.1186,3.7948,7.6933,2.5543,0.0,1.4383,0.8572,16.85,13.244,52.287
372,0,0.8443,1.1443,3.7948,7.6924,2.5569,0.0,1.4382,0.857,16.78,13.768,52.294
373,0,0.8198,1.1198,3.7948,7.6878,2.5599,0.0,1.4382,0.8572,16.85,13.553,52.28
374,0,0.8764,1.1764,3.7948,7.7001,2.5629,0.0,1.4381,0.8573,16.84,13.638,52.29
375,0,0.8137,1.1137,3.7948,7.6624,2.5659,0.0,1.4382,0.8537,16.91,13.731,52.244
376,0,0.7704,1.0704,3.7948,7.6578,2.5688,0.0,1.4381,0.8558,16.77,13.593,52.297
377,0,0.8188,1.1188,3.7948,7.6772,2.5714,0.0,1.438,0.8549,16.82,14.033,52.267
378,0,0.784,1.084,3.7948,7.6708,2.5747,0.0,1.438,0.8555,16.86,13.712,52.292
379,0,0.8092,1.1092,3.7948,7.6786,2.5779,0.0,1.4379,0.8537,16.84,13.003,52.238
380,0,0.7517,1.0517,3.7948,7.6636,2.5804,0.0,1.4378,0.8531,16.77,13.716,52.239
381,0,0.767,1.067,3.7948,7.6616,2.583,0.0,1.4378,0.8545,16.83,13.98,52.269
382,0,0.7539,1.0539,3.7948,7.6837,2.5856,0.0,1.4377,0.8535,16.81,13.893,52.259
383,0,0.8032,1.1032,3.7948,7.692,2.5886,0.0,1.4377,0.8541,16.87,13.599,52.287
384,0,0.7586,1.0586,3.7948,7.6962,2.5917,0.0,1.4377,0.854,16.86,13.203,52.288
385,0,0.7182,1.0182,3.7948,7.6875,2.5946,0.0,1.4377,0.8544,16.94,13.274,52.246
386,0,0.7659,1.0659,3.7948,7.7001,2.5975,0.0,1.4378,0.8512,16.91,13.622,52.171
387,0,0.7221,1.0221,3.7948,7.6758,2.6002,0.0,1.4377,0.851,16.82,13.632,52.186
388,0,0.7187,1.0187,3.7948,7.6799,2.6026,0.0,1.4376,0.849,16.82,13.846,52.161
389,0,0.7566,1.0566,3.7948,7.7045,2.6049,0.0,1.4375,0.85,16.75,14.11,52.183
390,0,0.7683,1.0683,3.7948,7.7036,2.6071,0.0,1.4374,0.8492,16.77,14.445,52.15
391,0,0.7687,1.0687,3.7948,7.69,2.6098,0.0,1.4373,0.8523,16.85,14.344,52.203
392,0,0.7844,1.0844,3.7948,7.7008,2.6122,0.0,1.4373,0.851,16.87,13.842,52.176
393,0,0.7745,1.0745,3.7948,7.7076,2.6149,0.0,1.4373,0.8516,16.88,13.725,52.19
394,0,0.746,1.046,3.7948,7.6904,2.6175,0.0,1.4373,0.8504,16.79,13.595,52.145
395,0,0.7171,1.0171,3.7948,7.6931,2.6199,0.0,1.4371,0.8489,16.77,13.936,52.135
396,0,0.7134,1.0134,3.7948,7.6832,2.6225,0.0,1.4371,0.8496,16.84,13.857,52.162
397,0,0.6847,0.9847,3.7948,7.6818,2.6254,0.0,1.437,0.8515,16.84,13.581,52.159
398,0,0.7069,1.0069,3.7948,7.6814,2.6277,0.0,1.4369,0.8489,16.79,13.772,52.133
399,0,0.792,1.092,3.7948,7.7035,2.6303,0.0,1.4368,0.8531,16.79,14.179,52.236
400,0,0.8259,1.1259,3.7948,7.7091,2.6332,0.0,1.4368,0.8519,16.83,13.824,52.242
401,0,0.7435,1.0435,3.7948,7.6964,2.6361,0.0,1.4368,0.8526,16.88,13.479,52.223
402,0,0.7727,1.0727,3.7948,7.698,2.6385,0.0,1.4367,0.853,16.77,13.787,52.248
403,0,0.7351,1.0351,3.7948,7.685,2.6412,0.0,1.4367,0.8545,16.86,13.695,52.268
404,0,0.7728,1.0728,3.7948,7.7007,2.644,0.0,1.4366,0.853,16.79,13.428,52.253
405,0,0.7267,1.0267,3.7948,7.6847,2.6466,0.0,1.4365,0.8546,16.81,13.835,52.288
406,0,0.6704,0.9704,3.7948,7.6611,2.6495,0.0,1.4366,0.8549,16.93,13.937,52.295
407,0,0.7277,1.0277,3.7948,7.6734,2.6519,0.0,1.4364,0.8529,16.74,13.803,52.236
408,0,0.768,1.068,3.7948,7.685,2.6548,0.0,1.4364,0.8532,16.85,13.876,52.266
409,0,0.7583,1.0583,3.7948,7.685,2.6577,0.0,1.4362,0.8526,16.78,13.708,52.24
410,0,0.715,1.015,3.7948,7.6757,2.6603,0.0,1.4363,0.8527,16.89,13.584,52.258
411,0,0.8342,1.1342,3.7948,7.7117,2.6631,0.0,1.4363,0.8557,16.87,13.769,52.301
412,0,0.7646,1.0646,3.7948,7.7008,2.6662,0.0,1.4363,0.856,16.92,13.473,52.29
413,0,0.8029,1.1029,3.7948,7.6865,2.669,0.0,1.4364,0.855,16.92,13.611,52.297
414,0,0.7568,1.0568,3.7948,7.7134,2.6719,0.0,1.4364,0.8562,16.87,13.823,52.306
415,0,0.7682,1.0682,3.7948,7.7115,2.6747,0.0,1.4364,0.8575,16.94,13.558,52.319
416,0,0.8554,1.1554,3.7948,7.7477,2.6775,0.0,1.4365,0.8558,16.93,13.577,52.285
417,0,0.8281,1.1281,3.7948,7.7517,2.6806,0.0,1.4366,0.8574,16.96,13.455,52.365
418,0,0.8251,1.1251,3.7948,7.761,2.6834,0.0,1.4367,0.8565,16.94,13.405,52.309
419,0,0.7896,1.0896,3.7948,7.7579,2.6862,0.0,1.4367,0.8565,16.92,13.326,52.316
420,0,0.804,1.104,3.7948,7.752,2.689,0.0,1.4367,0.8555,16.88,13.394,52.307
421,0,0.9032,1.2032,3.7948,7.7985,2.692,0.0,1.4367,0.8563,16.89,13.745,52.338
422,0,0.9162,1.2162,3.7948,7.7844,2.6948,0.0,1.4367,0.858,16.87,13.688,52.348
423,0,0.9293,1.2293,3.7948,7.7774,2.6975,0.0,1.4368,0.8584,16.95,13.58,52.351
424,0,0.9255,1.2255,3.7948,7.7758,2.7008,0.0,1.437,0.8574,17.03,13.328,52.334
425,0,0.8753,1.1753,3.7948,7.7408,2.7038,0.0,1.437,0.8553,16.89,13.273,52.305
426,0,0.8984,1.1984,3.7948,7.7481,2.7064,0.0,1.4369,0.8565,16.8,13.843,52.341
427,0,0.872,1.172,3.7948,7.742,2.7088,0.0,1.4369,0.8561,16.81,14.196,52.279
428,0,0.9477,1.2477,3.7948,7.7729,2.7119,0.0,1.4369,0.8583,16.88,13.627,52.37
429,0,0.9522,1.2522,3.7948,7.7661,2.7151,0.0,1.4369,0.8581,16.91,12.891,52.337
430,0,0.9203,1.2203,3.7948,7.765,2.7179,0.0,1.4368,0.8556,16.8,13.071,52.264
431,0,0.9666,1.2666,3.7948,7.7939,2.7207,0.0,1.4369,0.8558,16.92,13.314,52.287
432,0,0.9437,1.2437,3.7948,7.7975,2.7238,0.0,1.4369,0.8591,16.91,13.044,52.319
433,0,1.0144,1.3144,3.7948,7.8174,2.7267,0.0,1.4369,0.8593,16.86,12.918,52.33
434,0,0.985,1.285,3.7948,7.8009,2.7298,0.0,1.4369,0.8585,16.87,13.234,52.311
435,0,0.9625,1.2625,3.7948,7.7789,2.7326,0.0,1.4368,0.8587,16.8,13.415,52.322
436,0,0.968,1.268,3.7948,7.7877,2.7357,0.0,1.4367,0.8587,16.84,13.34,52.322
437,0,0.9287,1.2287,3.7948,7.7755,2.7386,0.0,1.4367,0.8587,16.84,13.274,52.322
438,0,0.8715,1.1715,3.7948,7.757,2.7412,0.0,1.4366,0.8585,16.78,13.593,52.311
439,0,0.9173,1.2173,3.7948,7.769,2.7441,0.0,1.4365,0.8594,16.76,13.785,52.339
440,0,0.8936,1.1936,3.7948,7.7676,2.7464,0.0,1.4363,0.8589,16.74,13.743,52.301
441,0,0.8725,1.1725,3.7948,7.7458,2.7492,0.0,1.4362,0.859,16.82,13.689,52.311
442,0,0.8886,1.1886,3.7948,7.7418,2.7519,0.0,1.4361,0.8596,16.78,13.564,52.348
443,0,0.9351,1.2351,3.7948,7.7408,2.7545,0.0,1.4359,0.8588,16.72,13.629,52.333
444,0,0.9214,1.2214,3.7948,7.7344,2.7574,0.0,1.4359,0.857,16.83,13.466,52.305
445,0,0.9095,1.2095,3.7948,7.7238,2.7603,0.0,1.4357,0.8563,16.71,13.262,52.289
446,0,0.8684,1.1684,3.7948,7.7243,2.763,0.0,1.4355,0.8562,16.73,13.572,52.288
447,0,0.8398,1.1398,3.7948,7.7061,2.7653,0.0,1.4354,0.8567,16.73,14.093,52.305
448,0,0.7969,1.0969,3.7948,7.7008,2.7678,0.0,1.4352,0.8543,16.73,14.036,52.233
449,0,0.8011,1.1011,3.7948,7.7008,2.7702,0.0,1.435,0.8551,16.71,14.024,52.249
450,0,0.8401,1.1401,3.7948,7.7353,2.7726,0.0,1.4347,0.8564,16.64,14.121,52.212
451,0,0.8709,1.1709,3.7948,7.7372,2.7749,0.0,1.4345,0.8569,16.67,14.086,52.212
452,0,0.8412,1.1412,3.7948,7.7289,2.7777,0.0,1.4343,0.8569,16.7,13.795,52.212
453,0,0.8725,1.1725,3.7948,7.7452,2.7802,0.0,1.434,0.8555,16.65,13.712,52.162
454,0,0.8633,1.1633,3.7948,7.7309,2.7824,0.0,1.4338,0.8564,16.65,13.896,52.191
455,0,0.8703,1.1703,3.7948,7.7261,2.7848,0.0,1.4335,0.8546,16.67,13.975,52.159
456,0,0.8613,1.1613,3.7948,7.7261,2.7869,0.0,1.4332,0.8557,16.61,14.331,52.17
457,0,0.8522,1.1522,3.7948,7.7091,2.7894,0.0,1.433,0.8555,16.7,14.25,52.169
458,0,0.7879,1.0879,3.7948,7.6778,2.7914,0.0,1.4327,0.8527,16.63,14.342,52.133
459,0,0.7811,1.0811,3.7948,7.6874,2.7943,0.0,1.4325,0.8532,16.71,14.019,52.142
460,0,0.7207,1.0207,3.7948,7.6603,2.7964,0.0,1.4323,0.8522,16.7,13.973,52.124
461,0,0.7557,1.0557,3.7948,7.6723,2.7988,0.0,1.4321,0.8532,16.66,14.279,52.142
462,0,0.7537,1.0537,3.7948,7.6728,2.8017,0.0,1.4319,0.8525,16.77,13.98,52.158
463,0,0.7267,1.0267,3.7948,7.6563,2.8039,0.0,1.4317,0.8529,16.65,14.076,52.173
464,0,0.7567,1.0567,3.7948,7.6663,2.8062,0.0,1.4314,0.8529,16.64,14.297,52.166
465,0,0.738,1.038,3.7948,7.6667,2.8088,0.0,1.4311,0.8525,16.66,14.123,52.149
466,0,0.7382,1.0382,3.7948,7.6757,2.8108,0.0,1.4308,0.8525,16.58,14.387,52.149
467,0,0.7341,1.0341,3.7948,7.6812,2.8133,0.0,1.4306,0.8519,16.72,14.435,52.131
468,0,0.7725,1.0725,3.7948,7.688,2.8157,0.0,1.4303,0.8525,16.61,13.744,52.133
469,0,0.7363,1.0363,3.7948,7.6809,2.8183,0.0,1.4301,0.8519,16.66,13.826,52.131
470,0,0.7643,1.0643,3.7948,7.6851,2.8205,0.0,1.4297,0.8524,16.61,14.441,52.144
471,0,0.7203,1.0203,3.7948,7.6566,2.8229,0.0,1.4295,0.8519,16.67,14.181,52.141
472,0,0.7574,1.0574,3.7948,7.6649,2.825,0.0,1.4291,0.8516,16.55,14.085,52.152
473,0,0.7268,1.0268,3.7948,7.6641,2.8277,0.0,1.4289,0.8526,16.72,13.975,52.145
474,0,0.7543,1.0543,3.7948,7.6717,2.83,0.0,1.4286,0.8534,16.58,13.91,52.146
475,0,0.6857,0.9857,3.7948,7.6635,2.8321,0.0,1.4283,0.8538,16.6,14.257,52.167
476,0,0.6675,0.9675,3.7948,7.6472,2.8344,0.0,1.428,0.8526,16.65,14.273,52.16
477,0,0.6946,0.9946,3.7948,7.6506,2.8365,0.0,1.4277,0.8522,16.61,14.467,52.142
478,0,0.6681,0.9681,3.7948,7.6506,2.839,0.0,1.4274,0.8546,16.63,14.358,52.226
479,0,0.6697,0.9697,3.7948,7.6548,2.8415,0.0,1.4271,0.8544,16.62,13.977,52.218
480,0,0.665,0.965,3.7948,7.6507,2.8438,0.0,1.4268,0.8534,16.65,13.998,52.175
481,0,0.6637,0.9637,3.7948,7.6542,2.8458,0.0,1.4265,0.8532,16.61,14.125,52.182
482,0,0.71,1.01,3.7948,7.6676,2.8481,0.0,1.4262,0.8556,16.65,14.15,52.212
483,0,0.6809,0.9809,3.7948,7.6596,2.8503,0.0,1.426,0.8543,16.65,14.013,52.192
484,0,0.7049,1.0049,3.7948,7.6691,2.8526,0.0,1.4257,0.856,16.66,14.133,52.213
485,0,0.6925,0.9925,3.7948,7.6545,2.8545,0.0,1.4255,0.8557,16.63,14.562,52.2
486,0,0.706,1.006,3.7948,7.6504,2.8569,0.0,1.4253,0.8567,16.72,14.729,52.249
487,0,0.7582,1.0582,3.7948,7.6688,2.8593,0.0,1.425,0.8552,16.64,14.11,52.198
488,0,0.7598,1.0598,3.7948,7.6678,2.861,0.0,1.4246,0.8548,16.57,14.258,52.199
489,0,0.729,1.029,3.7948,7.6596,2.8635,0.0,1.4244,0.8555,16.7,14.219,52.239
490,0,0.6493,0.9493,3.7948,7.6254,2.866,0.0,1.4242,0.8566,16.69,13.762,52.294
491,0,0.6911,0.9911,3.7948,7.6514,2.8683,0.0,1.424,0.8551,16.68,13.855,52.227
492,0,0.6843,0.9843,3.7948,7.6399,2.8706,0.0,1.4236,0.8547,16.59,13.874,52.252
493,0,0.6945,0.9945,3.7948,7.6443,2.8725,0.0,1.4233,0.856,16.58,14.449,52.272
494,0,0.6907,0.9907,3.7948,7.6341,2.8746,0.0,1.423,0.853,16.6,14.683,52.192
495,0,0.7432,1.0432,3.7948,7.6573,2.8773,0.0,1.4228,0.8551,16.73,14.165,52.223
496,0,0.7532,1.0532,3.7948,7.6555,2.8797,0.0,1.4225,0.8546,16.64,13.835,52.193
497,0,0.8271,1.1271,3.7948,7.686,2.8821,0.0,1.4223,0.8561,16.67,13.861,52.244
498,0,0.7175,1.0175,3.7948,7.6493,2.8842,0.0,1.4219,0.859,16.59,14.027,52.311
499,0,0.7052,1.0052,3.7948,7.6507,2.8864,0.0,1.4216,0.8564,16.61,14.42,52.236
500,0,0.7929,1.0929,3.7948,7.6836,2.8889,0.0,1.4214,0.855,16.69,14.245,52.208
501,0,0.7791,1.0791,3.7948,7.6638,2.8911,0.0,1.4211,0.8567,16.56,14.108,52.255
502,0,0.7435,1.0435,3.7948,7.6494,2.8936,0.0,1.4208,0.8558,16.66,14.038,52.214
503,0,0.6896,0.9896,3.7948,7.6285,2.8957,0.0,1.4205,0.8559,16.63,14.378,52.249
504,0,0.7037,1.0037,3.7948,7.644,2.8977,0.0,1.4202,0.854,16.59,14.622,52.16
505,0,0.7327,1.0327,3.7948,7.6656,2.8997,0.0,1.4199,0.854,16.61,14.753,52.16
506,0,0.8062,1.1062,3.7948,7.6788,2.9022,0.0,1.4196,0.8581,16.66,14.199,52.237
507,0,0.8434,1.1434,3.7948,7.6975,2.905,0.0,1.4194,0.8575,16.71,13.623,52.232
508,0,0.7496,1.0496,3.7948,7.6683,2.9073,0.0,1.4192,0.8587,16.68,13.66,52.239
509,0,0.7753,1.0753,3.7948,7.6937,2.9097,0.0,1.419,0.8588,16.68,13.966,52.25
510,0,0.7674,1.0674,3.7948,7.6837,2.9121,0.0,1.4188,0.858,16.71,13.916,52.204
511,0,0.7139,1.0139,3.7948,7.6653,2.9143,0.0,1.4186,0.8547,16.69,14.153,52.145
512,0,0.7425,1.0425,3.7948,7.691,2.9163,0.0,1.4183,0.856,16.63,14.37,52.167
513,0,0.7564,1.0564,3.7948,7.6765,2.9186,0.0,1.418,0.8549,16.63,14.401,52.157
514,0,0.779,1.079,3.7948,7.6702,2.9208,0.0,1.4177,0.8556,16.59,14.244,52.165
515,0,0.7363,1.0363,3.7948,7.6489,2.9233,0.0,1.4174,0.855,16.66,14.024,52.149
516,0,0.7538,1.0538,3.7948,7.6576,2.9257,0.0,1.4171,0.8532,16.61,13.922,52.133
517,0,0.7182,1.0182,3.7948,7.6413,2.9283,0.0,1.4169,0.8527,16.7,13.801,52.126
518,0,0.7368,1.0368,3.7948,7.6498,2.9308,0.0,1.4167,0.8511,16.67,13.609,52.11
519,0,0.6587,0.9587,3.7948,7.631,2.9332,0.0,1.4164,0.8536,16.67,13.715,52.106
520,0,0.6965,0.9965,3.7948,7.6409,2.9354,0.0,1.416,0.8554,16.56,14.187,52.133
521,0,0.7052,1.0052,3.7948,7.6535,2.9377,0.0,1.4157,0.8545,16.58,14.372,52.11
522,0,0.756,1.056,3.7948,7.6574,2.9398,0.0,1.4154,0.8547,16.6,14.448,52.123
523,0,0.7225,1.0225,3.7948,7.6453,2.9421,0.0,1.4151,0.8572,16.62,14.414,52.17
524,0,0.6969,0.9969,3.7948,7.6345,2.9446,0.0,1.4148,0.8564,16.64,14.017,52.143
525,0,0.6673,0.9673,3.7948,7.6205,2.9471,0.0,1.4145,0.8569,16.65,13.968,52.164
526,0,0.7797,1.0797,3.7948,7.6594,2.949,0.0,1.4141,0.8564,16.53,14.421,52.147
527,0,0.7753,1.0753,3.7948,7.6631,2.9515,0.0,1.4138,0.8556,16.63,14.482,52.131
528,0,0.8026,1.1026,3.7948,7.666,2.9537,0.0,1.4135,0.8564,16.58,14.367,52.149
529,0,0.7855,1.0855,3.7948,7.6559,2.9561,0.0,1.4132,0.8583,16.65,14.203,52.2
530,0,0.8222,1.1222,3.7948,7.6499,2.9585,0.0,1.413,0.8574,16.67,14.182,52.232
531,0,0.8133,1.1133,3.7948,7.6529,2.9607,0.0,1.4127,0.857,16.62,14.208,52.197
532,0,0.8049,1.1049,3.7948,7.6601,2.963,0.0,1.4124,0.8566,16.64,14.067,52.157
533,0,0.7778,1.0778,3.7948,7.6522,2.9654,0.0,1.4122,0.8566,16.67,14.012,52.157
534,0,0.8235,1.1235,3.7948,7.6589,2.9677,0.0,1.4118,0.858,16.58,13.937,52.234
535,0,0.8147,1.1147,3.7948,7.6479,2.9703,0.0,1.4115,0.8575,16.62,13.841,52.221
536,0,0.8354,1.1354,3.7948,7.6461,2.9731,0.0,1.4113,0.8575,16.66,13.522,52.221
537,0,0.8008,1.1008,3.7948,7.6331,2.9755,0.0,1.4109,0.8593,16.56,13.874,52.302
538,0,0.7574,1.0574,3.7948,7.6116,2.9779,0.0,1.4106,0.8602,16.59,14.061,52.323
539,0,0.8104,1.1104,3.7948,7.6418,2.9801,0.0,1.4103,0.8599,16.62,14.011,52.29
540,0,0.7795,1.0795,3.7948,7.611,2.9823,0.0,1.4099,0.8569,16.54,14.462,52.222
541,0,0.8503,1.1503,3.7948,7.6455,2.9848,0.0,1.4096,0.8593,16.58,14.061,52.28
542,0,0.902,1.202,3.7948,7.663,2.9876,0.0,1.4093,0.8593,16.64,13.837,52.277
543,0,0.8265,1.1265,3.7948,7.6384,2.99,0.0,1.4089,0.8583,16.54,13.769,52.258
544,0,0.7648,1.0648,3.7948,7.6248,2.9927,0.0,1.4085,0.8561,16.58,13.684,52.23
545,0,0.7828,1.0828,3.7948,7.6241,2.9956,0.0,1.4083,0.8575,16.67,13.275,52.254
546,0,0.7188,1.0188,3.7948,7.6062,2.9982,0.0,1.4079,0.8568,16.53,13.363,52.238
547,0,0.7484,1.0484,3.7948,7.6205,3.0009,0.0,1.4075,0.8568,16.57,13.7,52.238
548,0,0.7013,1.0013,3.7948,7.6098,3.0038,0.0,1.4072,0.8589,16.6,13.352,52.245
549,0,0.7837,1.0837,3.7948,7.6327,3.0064,0.0,1.4069,0.8616,16.56,13.52,52.326
550,0,0.8252,1.1252,3.7948,7.6443,3.0088,0.0,1.4065,0.8598,16.54,14.099,52.256
551,0,0.787,1.087,3.7948,7.6286,3.011,0.0,1.4061,0.8588,16.56,14.223,52.261
552,0,0.8489,1.1489,3.7948,7.647,3.0136,0.0,1.4057,0.858,16.54,14.087,52.224
553,0,0.8336,1.1336,3.7948,7.6465,3.0163,0.0,1.4055,0.856,16.64,13.409,52.195
554,0,0.8196,1.1196,3.7948,7.643,3.0189,0.0,1.4051,0.8571,16.57,13.499,52.22
555,0,0.8449,1.1449,3.7948,7.6479,3.0215,0.0,1.4047,0.8583,16.56,13.469,52.255
556,0,0.8459,1.1459,3.7948,7.6571,3.0241,0.0,1.4044,0.8572,16.6,13.498,52.221
557,0,0.842,1.142,3.7948,7.6526,3.0266,0.0,1.4041,0.8564,16.57,13.803,52.215
558,0,0.8911,1.1911,3.7948,7.6569,3.0293,0.0,1.4037,0.8571,16.56,13.674,52.224
559,0,0.8816,1.1816,3.7948,7.6516,3.0321,0.0,1.4034,0.8598,16.63,13.245,52.317
560,0,0.9414,1.2414,3.7948,7.6738,3.0352,0.0,1.4032,0.8611,16.64,13.36,52.325
561,0,0.8742,1.1742,3.7948,7.6554,3.0378,0.0,1.4028,0.8585,16.56,13.229,52.325
562,0,0.9263,1.2263,3.7948,7.6647,3.0405,0.0,1.4024,0.8595,16.56,13.404,52.345
563,0,0.9191,1.2191,3.7948,7.659,3.0431,0.0,1.4021,0.8571,16.57,13.459,52.305
564,0,0.8974,1.1974,3.7948,7.6601,3.0457,0.0,1.4017,0.8587,16.52,13.484,52.312
565,0,0.8487,1.1487,3.7948,7.6369,3.0483,0.0,1.4012,0.858,16.5,13.647,52.309
566,0,0.8866,1.1866,3.7948,7.6546,3.0509,0.0,1.4009,0.8607,16.57,13.731,52.333
567,0,0.8024,1.1024,3.7948,7.6242,3.0536,0.0,1.4005,0.8595,16.57,13.739,52.329
568,0,0.8371,1.1371,3.7948,7.6375,3.0565,0.0,1.4002,0.8594,16.57,13.36,52.314
569,0,0.9184,1.2184,3.7948,7.6509,3.0589,0.0,1.3998,0.8594,16.51,13.588,52.305
570,0,0.8762,1.1762,3.7948,7.6431,3.0615,0.0,1.3994,0.8593,16.58,14.076,52.313
571,0,0.9051,1.2051,3.7948,7.6359,3.0642,0.0,1.399,0.8589,16.47,13.901,52.303
572,0,0.8959,1.1959,3.7948,7.644,3.0665,0.0,1.3985,0.8605,16.51,13.993,52.354
573,0,0.9639,1.2639,3.7948,7.6641,3.0698,0.0,1.3983,0.8602,16.65,13.665,52.341
574,0,0.8817,1.1817,3.7948,7.6419,3.0724,0.0,1.3978,0.8581,16.52,13.431,52.274
575,0,0.9427,1.2427,3.7948,7.6587,3.0755,0.0,1.3975,0.8593,16.59,13.341,52.306
576,0,0.9246,1.2246,3.7948,7.651,3.0782,0.0,1.3971,0.8609,16.53,13.328,52.36
577,0,0.9139,1.2139,3.7948,7.659,3.0806,0.0,1.3966,0.8625,16.46,13.978,52.357
578,0,0.9026,1.2026,3.7948,7.649,3.0834,0.0,1.3962,0.8621,16.52,13.893,52.363
579,0,0.9114,1.2114,3.7948,7.648,3.0861,0.0,1.3959,0.8636,16.59,13.373,52.34
580,0,0.9445,1.2445,3.7948,7.6559,3.0885,0.0,1.3954,0.8627,16.5,13.479,52.314
581,0,0.9748,1.2748,3.7948,7.6647,3.0915,0.0,1.395,0.8621,16.54,13.284,52.333
582,0,0.8617,1.1617,3.7948,7.635,3.0943,0.0,1.3947,0.861,16.54,13.099,52.314
583,0,0.8364,1.1364,3.7948,7.6335,3.0971,0.0,1.3943,0.861,16.55,13.442,52.314
584,0,0.8441,1.1441,3.7948,7.6292,3.0998,0.0,1.3939,0.8611,16.57,13.555,52.294
585,0,0.8011,1.1011,3.7948,7.6132,3.1022,0.0,1.3935,0.8605,16.47,13.74,52.307
586,0,0.8712,1.1712,3.7948,7.6205,3.1052,0.0,1.3932,0.8588,16.64,13.473,52.304
587,0,0.8185,1.1185,3.7948,7.6221,3.1083,0.0,1.3929,0.8627,16.61,12.949,52.342
588,0,0.8252,1.1252,3.7948,7.6298,3.1108,0.0,1.3924,0.8616,16.49,13.359,52.337
589,0,0.83,1.13,3.7948,7.6254,3.1132,0.0,1.392,0.8616,16.48,13.815,52.337
590,0,0.8182,1.1182,3.7948,7.6188,3.1155,0.0,1.3915,0.8634,16.44,14.08,52.327
591,0,0.8814,1.1814,3.7948,7.6345,3.1177,0.0,1.391,0.864,16.48,14.203,52.344
592,0,0.9006,1.2006,3.7948,7.6299,3.1206,0.0,1.3905,0.8631,16.48,13.598,52.318
593,0,0.8397,1.1397,3.7948,7.6187,3.1232,0.0,1.3901,0.8617,16.48,13.308,52.314
594,0,0.8387,1.1387,3.7948,7.6233,3.1256,0.0,1.3896,0.8626,16.41,13.961,52.373
595,0,0.9048,1.2048,3.7948,7.6461,3.128,0.0,1.3891,0.8634,16.49,14.024,52.385
596,0,0.9088,1.2088,3.7948,7.6432,3.1307,0.0,1.3887,0.8633,16.5,13.751,52.333
597,0,0.8732,1.1732,3.7948,7.6259,3.1333,0.0,1.3882,0.8645,16.49,13.858,52.354
598,0,0.9268,1.2268,3.7948,7.6413,3.1355,0.0,1.3877,0.8647,16.42,14.194,52.394
599,0,0.8608,1.1608,3.7948,7.6136,3.1383,0.0,1.3872,0.8628,16.5,13.705,52.334
600,0,0.8394,1.1394,3.7948,7.6018,3.1413,0.0,1.387,0.8626,16.63,13.27,52.338
601,0,0.8185,1.1185,3.7948,7.5936,3.1438,0.0,1.3865,0.8622,16.5,13.509,52.3
602,0,0.7532,1.0532,3.7948,7.5812,3.1466,0.0,1.386,0.8613,16.46,13.654,52.286
603,0,0.7779,1.0779,3.7948,7.5906,3.149,0.0,1.3856,0.8621,16.48,13.866,52.315
604,0,0.7476,1.0476,3.7948,7.5755,3.151,0.0,1.385,0.8608,16.39,14.212,52.289
605,0,0.765,1.065,3.7948,7.5883,3.1532,0.0,1.3844,0.861,16.35,14.473,52.325
606,0,0.7472,1.0472,3.7948,7.58,3.1557,0.0,1.3839,0.8584,16.48,14.345,52.275
607,0,0.8221,1.1221,3.7948,7.599,3.1581,0.0,1.3834,0.8594,16.47,14.276,52.271
608,0,0.8009,1.1009,3.7948,7.5894,3.1604,0.0,1.3828,0.8602,16.36,14.052,52.324
609,0,0.807,1.107,3.7948,7.5851,3.1627,0.0,1.3823,0.8595,16.37,14.308,52.32
610,0,0.7959,1.0959,3.7948,7.5849,3.1653,0.0,1.3818,0.86,16.5,14.311,52.321
611,0,0.7921,1.0921,3.7948,7.5766,3.168,0.0,1.3814,0.8598,16.5,13.914,52.314
612,0,0.8266,1.1266,3.7948,7.585,3.1706,0.0,1.3809,0.8578,16.45,13.844,52.255
613,0,0.7433,1.0433,3.7948,7.5578,3.1728,0.0,1.3803,0.8563,16.38,14.196,52.205
614,0,0.8017,1.1017,3.7948,7.5737,3.1754,0.0,1.3798,0.8583,16.42,14.023,52.272
615,0,0.771,1.071,3.7948,7.5726,3.1783,0.0,1.3794,0.8562,16.54,13.477,52.209
616,0,0.8066,1.1066,3.7948,7.5775,3.1806,0.0,1.3788,0.8587,16.4,13.857,52.251
617,0,0.7377,1.0377,3.7948,7.5479,3.1827,0.0,1.3782,0.8577,16.36,14.498,52.259
618,0,0.7751,1.0751,3.7948,7.5684,3.1846,0.0,1.3776,0.8589,16.34,14.848,52.254
619,0,0.8151,1.1151,3.7948,7.5803,3.1873,0.0,1.3771,0.8601,16.48,14.241,52.265
620,0,0.8133,1.1133,3.7948,7.5791,3.1896,0.0,1.3766,0.8597,16.38,13.747,52.27
621,0,0.8518,1.1518,3.7948,7.5856,3.1918,0.0,1.376,0.8597,16.35,14.21,52.27
622,0,0.8216,1.1216,3.7948,7.5822,3.1943,0.0,1.3754,0.8587,16.42,14.292,52.234
623,0,0.8233,1.1233,3.7948,7.5788,3.1965,0.0,1.3749,0.8605,16.41,14.537,52.291
624,0,0.8035,1.1035,3.7948,7.578,3.1986,0.0,1.3743,0.859,16.38,14.778,52.279
625,0,0.8277,1.1277,3.7948,7.5832,3.2008,0.0,1.3737,0.859,16.39,14.614,52.279
626,0,0.8094,1.1094,3.7948,7.5859,3.2033,0.0,1.3731,0.8588,16.36,14.364,52.269
627,0,0.8007,1.1007,3.7948,7.5799,3.2054,0.0,1.3726,0.8582,16.41,14.67,52.252
628,0,0.7873,1.0873,3.7948,7.5811,3.2081,0.0,1.3721,0.8605,16.46,14.282,52.328
629,0,0.8186,1.1186,3.7948,7.5869,3.2108,0.0,1.3715,0.8615,16.44,13.543,52.329
630,0,0.8133,1.1133,3.7948,7.584,3.2133,0.0,1.371,0.859,16.37,13.608,52.288
631,0,0.8443,1.1443,3.7948,7.6104,3.2158,0.0,1.3704,0.8602,16.41,13.915,52.3
632,0,0.8449,1.1449,3.7948,7.5941,3.2176,0.0,1.3698,0.8614,16.31,14.415,52.33
633,0,0.7713,1.0713,3.7948,7.5968,3.2198,0.0,1.3692,0.8608,16.42,14.58,52.327
634,0,0.7542,1.0542,3.7948,7.5883,3.2222,0.0,1.3687,0.8608,16.39,14.387,52.321
635,0,0.7563,1.0563,3.7948,7.5845,3.2242,0.0,1.3681,0.8588,16.38,14.598,52.264
636,0,0.8019,1.1019,3.7948,7.5885,3.2267,0.0,1.3675,0.8578,16.38,14.246,52.241
637,0,0.8265,1.1265,3.7948,7.6058,3.2289,0.0,1.3669,0.86,16.36,14.188,52.267
638,0,0.8108,1.1108,3.7948,7.5941,3.2308,0.0,1.3662,0.8582,16.27,15.034,52.251
639,0,0.8194,1.1194,3.7948,7.5912,3.2328,0.0,1.3656,0.8582,16.35,14.782,52.251
640,0,0.8262,1.1262,3.7948,7.5856,3.235,0.0,1.3649,0.8601,16.3,14.448,52.293
641,0,0.8353,1.1353,3.7948,7.5984,3.2374,0.0,1.3644,0.8577,16.4,14.272,52.255
642,0,0.826,1.126,3.7948,7.5891,3.2395,0.0,1.3637,0.8582,16.33,14.52,52.238
643,0,0.8137,1.1137,3.7948,7.5883,3.2418,0.0,1.3631,0.8588,16.37,14.658,52.249
644,0,0.7573,1.0573,3.7948,7.5589,3.2438,0.0,1.3625,0.8587,16.31,14.845,52.244
645,0,0.7789,1.0789,3.7948,7.5655,3.246,0.0,1.3618,0.8585,16.36,14.759,52.242
646,0,0.7823,1.0823,3.7948,7.5714,3.2483,0.0,1.3613,0.8586,16.37,14.334,52.287
647,0,0.7926,1.0926,3.7948,7.5792,3.2505,0.0,1.3606,0.8573,16.35,14.41,52.249
648,0,0.7832,1.0832,3.7948,7.5736,3.2527,0.0,1.36,0.8572,16.3,14.296,52.222
649,0,0.7493,1.0493,3.7948,7.5717,3.2546,0.0,1.3593,0.8585,16.27,14.483,52.234
650,0,0.7625,1.0625,3.7948,7.5706,3.2572,0.0,1.3587,0.8596,16.41,14.271,52.256
651,0,0.6857,0.9857,3.7948,7.5453,3.2592,0.0,1.3581,0.8571,16.33,14.097,52.225
652,0,0.7243,1.0243,3.7948,7.5562,3.2608,0.0,1.3573,0.8575,16.23,14.91,52.233
653,0,0.7456,1.0456,3.7948,7.5549,3.2633,0.0,1.3568,0.8575,16.42,14.662,52.234
654,0,0.7441,1.0441,3.7948,7.5623,3.2657,0.0,1.3562,0.8581,16.39,14.041,52.252
655,0,0.7298,1.0298,3.7948,7.5532,3.2676,0.0,1.3555,0.8588,16.28,14.396,52.281
656,0,0.7888,1.0888,3.7948,7.5726,3.2698,0.0,1.3549,0.8591,16.38,14.71,52.292
657,0,0.7783,1.0783,3.7948,7.5714,3.2719,0.0,1.3543,0.8591,16.33,14.575,52.289
658,0,0.7565,1.0565,3.7948,7.5655,3.2742,0.0,1.3537,0.8591,16.34,14.57,52.278
659,0,0.7427,1.0427,3.7948,7.5526,3.2766,0.0,1.353,0.8561,16.33,14.228,52.219
660,0,0.7496,1.0496,3.7948,7.5555,3.2785,0.0,1.3524,0.8582,16.29,14.257,52.249
661,0,0.772,1.072,3.7948,7.574,3.2808,0.0,1.3518,0.858,16.37,14.548,52.242
662,0,0.7858,1.0858,3.7948,7.5754,3.2828,0.0,1.3511,0.8598,16.3,14.732,52.303
663,0,0.7981,1.0981,3.7948,7.5688,3.2852,0.0,1.3504,0.8596,16.33,14.55,52.29
664,0,0.7645,1.0645,3.7948,7.5591,3.2872,0.0,1.3498,0.8584,16.28,14.652,52.276
665,0,0.809,1.109,3.7948,7.574,3.2896,0.0,1.3492,0.8583,16.4,14.523,52.263
666,0,0.7551,1.0551,3.7948,7.5474,3.2919,0.0,1.3485,0.8582,16.34,14.321,52.274
667,0,0.824,1.124,3.7948,7.5696,3.2941,0.0,1.3479,0.8593,16.35,14.602,52.315
668,0,0.866,1.166,3.7948,7.58,3.2964,0.0,1.3473,0.8591,16.34,14.542,52.296
669,0,0.7956,1.0956,3.7948,7.5802,3.2987,0.0,1.3467,0.8579,16.38,14.559,52.261
670,0,0.7806,1.0806,3.7948,7.5574,3.3009,0.0,1.3461,0.8592,16.35,14.586,52.306
671,0,0.7607,1.0607,3.7948,7.5603,3.3033,0.0,1.3455,0.8577,16.39,14.231,52.257
672,0,0.738,1.038,3.7948,7.559,3.3055,0.0,1.3449,0.8567,16.37,14.543,52.254
673,0,0.6958,0.9958,3.7948,7.5408,3.3077,0.0,1.3443,0.8562,16.32,14.949,52.245
674,0,0.776,1.076,3.7948,7.5677,3.3102,0.0,1.3437,0.8562,16.38,14.36,52.245
675,0,0.7463,1.0463,3.7948,7.5626,3.3128,0.0,1.3431,0.8572,16.38,13.905,52.274
676,0,0.7253,1.0253,3.7948,7.5528,3.3152,0.0,1.3426,0.8571,16.43,14.299,52.274
677,0,0.7602,1.0602,3.7948,7.5612,3.3175,0.0,1.3421,0.8586,16.4,14.436,52.288
678,0,0.8341,1.1341,3.7948,7.5834,3.32,0.0,1.3416,0.8604,16.45,14.471,52.315
679,0,0.7742,1.0742,3.7948,7.5609,3.3225,0.0,1.341,0.8586,16.4,14.212,52.288
680,0,0.7388,1.0388,3.7948,7.5564,3.325,0.0,1.3404,0.8583,16.37,13.836,52.277
681,0,0.6897,0.9897,3.7948,7.5449,3.327,0.0,1.3397,0.8572,16.27,14.313,52.275
682,0,0.7177,1.0177,3.7948,7.5579,3.3296,0.0,1.3391,0.8577,16.42,14.379,52.276
683,0,0.6982,0.9982,3.7948,7.5477,3.3318,0.0,1.3385,0.8585,16.34,14.342,52.286
684,0,0.7163,1.0163,3.7948,7.5529,3.334,0.0,1.3379,0.8581,16.3,14.519,52.278
685,0,0.7275,1.0275,3.7948,7.5503,3.3363,0.0,1.3372,0.8546,16.3,14.22,52.224
686,0,0.7286,1.0286,3.7948,7.5493,3.3383,0.0,1.3365,0.8546,16.27,14.54,52.224
687,0,0.6859,0.9859,3.7948,7.5353,3.3402,0.0,1.3357,0.8563,16.25,14.877,52.25
688,0,0.7032,1.0032,3.7948,7.5341,3.3426,0.0,1.3351,0.8565,16.36,14.661,52.253
689,0,0.7679,1.0679,3.7948,7.5522,3.3452,0.0,1.3346,0.8572,16.4,14.003,52.25
690,0,0.8036,1.1036,3.7948,7.5667,3.3478,0.0,1.334,0.857,16.37,13.894,52.258
691,0,0.7635,1.0635,3.7948,7.5579,3.3497,0.0,1.3332,0.8598,16.22,14.422,52.291
692,0,0.783,1.083,3.7948,7.5744,3.3515,0.0,1.3324,0.8619,16.21,15.183,52.313
693,0,0.7538,1.0538,3.7948,7.5598,3.3536,0.0,1.3317,0.858,16.22,14.967,52.251
694,0,0.773,1.073,3.7948,7.5682,3.3555,0.0,1.3309,0.8624,16.23,14.683,52.31
695,0,0.7214,1.0214,3.7948,7.5462,3.3575,0.0,1.3302,0.8575,16.25,15.027,52.242
696,0,0.7404,1.0404,3.7948,7.5541,3.3596,0.0,1.3295,0.8573,16.27,15.112,52.24
697,0,0.6743,0.9743,3.7948,7.5274,3.3619,0.0,1.3288,0.8571,16.29,14.764,52.233
698,0,0.6899,0.9899,3.7948,7.5271,3.364,0.0,1.3281,0.8571,16.28,14.846,52.235
699,0,0.699,0.999,3.7948,7.5228,3.366,0.0,1.3274,0.8576,16.27,15.175,52.238
700,0,0.7418,1.0418,3.7948,7.527,3.3682,0.0,1.3267,0.8581,16.26,14.889,52.248
701,0,0.8265,1.1265,3.7948,7.5523,3.3703,0.0,1.3259,0.8591,16.25,14.855,52.276
702,0,0.8037,1.1037,3.7948,7.5665,3.372,0.0,1.3252,0.8596,16.2,15.069,52.278
703,0,0.7709,1.0709,3.7948,7.5626,3.3741,0.0,1.3244,0.8587,16.26,14.961,52.277
704,0,0.6984,0.9984,3.7948,7.5467,3.3764,0.0,1.3238,0.8586,16.3,14.643,52.274
705,0,0.808,1.108,3.7948,7.569,3.3783,0.0,1.323,0.8568,16.22,14.73,52.248
706,0,0.7269,1.0269,3.7948,7.5496,3.3804,0.0,1.3223,0.8581,16.29,14.797,52.265
707,0,0.8109,1.1109,3.7948,7.575,3.382,0.0,1.3215,0.8579,16.17,15.21,52.26
708,0,0.7703,1.0703,3.7948,7.5596,3.3841,0.0,1.3208,0.8586,16.31,15.345,52.271
709,0,0.7884,1.0884,3.7948,7.5769,3.3858,0.0,1.32,0.8577,16.2,15.394,52.234
710,0,0.7611,1.0611,3.7948,7.5733,3.3877,0.0,1.3193,0.8577,16.25,15.27,52.252
711,0,0.6897,0.9897,3.7948,7.5506,3.3894,0.0,1.3185,0.8578,16.15,15.219,52.266
712,0,0.7386,1.0386,3.7948,7.5552,3.3917,0.0,1.3178,0.8567,16.31,14.839,52.244
713,0,0.7387,1.0387,3.7948,7.57,3.3936,0.0,1.317,0.8558,16.23,14.983,52.227
714,0,0.7439,1.0439,3.7948,7.559,3.3958,0.0,1.3164,0.8555,16.3,15.067,52.226
715,0,0.7418,1.0418,3.7948,7.5573,3.398,0.0,1.3157,0.8555,16.28,14.84,52.23
716,0,0.726,1.026,3.7948,7.558,3.4004,0.0,1.315,0.8555,16.31,14.852,52.229
717,0,0.6309,0.9309,3.7948,7.5366,3.4024,0.0,1.3143,0.8542,16.24,14.837,52.188
718,0,0.6897,0.9897,3.7948,7.5447,3.4041,0.0,1.3134,0.8546,16.15,15.489,52.214
719,0,0.7051,1.0051,3.7948,7.5515,3.4064,0.0,1.3128,0.8532,16.36,15.383,52.212
720,0,0.736,1.036,3.7948,7.569,3.4084,0.0,1.3121,0.8527,16.25,14.778,52.184
721,0,0.7074,1.0074,3.7948,7.5621,3.4103,0.0,1.3113,0.8531,16.23,14.939,52.207
722,0,0.6179,0.9179,3.7948,7.5337,3.4124,0.0,1.3106,0.8551,16.27,15.04,52.207
723,0,0.6665,0.9665,3.7948,7.5412,3.4143,0.0,1.3098,0.8553,16.2,15.128,52.223
724,0,0.7116,1.0116,3.7948,7.5668,3.4161,0.0,1.3091,0.8551,16.23,15.389,52.219
725,0,0.6819,0.9819,3.7948,7.554,3.4179,0.0,1.3083,0.8518,16.22,15.611,52.206
726,0,0.6265,0.9265,3.7948,7.5404,3.4199,0.0,1.3076,0.8551,16.25,15.257,52.227
727,0,0.6944,0.9944,3.7948,7.5448,3.4219,0.0,1.3069,0.8534,16.28,15.362,52.22
728,0,0.6757,0.9757,3.7948,7.5404,3.4239,0.0,1.3061,0.853,16.26,15.178,52.207
729,0,0.716,1.016,3.7948,7.5437,3.4263,0.0,1.3055,0.8525,16.31,14.738,52.181
730,0,0.7182,1.0182,3.7948,7.563,3.4282,0.0,1.3047,0.8529,16.24,14.847,52.184
731,0,0.7229,1.0229,3.7948,7.5573,3.4303,0.0,1.304,0.8552,16.29,15.077,52.225
732,0,0.6884,0.9884,3.7948,7.5611,3.4323,0.0,1.3034,0.8569,16.3,15.116,52.231
733,0,0.7231,1.0231,3.7948,7.5641,3.4343,0.0,1.3027,0.8554,16.27,14.888,52.197
734,0,0.7382,1.0382,3.7948,7.5661,3.4365,0.0,1.302,0.8564,16.28,14.836,52.23
735,0,0.7254,1.0254,3.7948,7.5715,3.4385,0.0,1.3013,0.8596,16.3,15.163,52.27
736,0,0.6878,0.9878,3.7948,7.5623,3.4403,0.0,1.3005,0.855,16.23,15.396,52.205
737,0,0.755,1.055,3.7948,7.589,3.4425,0.0,1.2999,0.8593,16.28,15.037,52.272
738,0,0.7545,1.0545,3.7948,7.5715,3.4447,0.0,1.2991,0.8558,16.28,14.842,52.234
739,0,0.799,1.099,3.7948,7.5827,3.4469,0.0,1.2985,0.8562,16.32,14.859,52.254
740,0,0.7564,1.0564,3.7948,7.5732,3.4489,0.0,1.2979,0.8585,16.34,14.85,52.277
741,0,0.7393,1.0393,3.7948,7.5732,3.4509,0.0,1.2972,0.8589,16.27,14.923,52.286
742,0,0.758,1.058,3.7948,7.5816,3.4531,0.0,1.2965,0.8584,16.32,14.903,52.265
743,0,0.74,1.04,3.7948,7.5729,3.4552,0.0,1.2959,0.8574,16.37,14.808,52.257
744,0,0.7596,1.0596,3.7948,7.5863,3.4573,0.0,1.2953,0.8574,16.31,14.844,52.241
745,0,0.7645,1.0645,3.7948,7.5868,3.4596,0.0,1.2946,0.8552,16.3,14.729,52.207
746,0,0.7847,1.0847,3.7948,7.5858,3.4616,0.0,1.2939,0.8545,16.32,15.034,52.204
747,0,0.7476,1.0476,3.7948,7.5784,3.4638,0.0,1.2933,0.855,16.32,15.091,52.205
748,0,0.725,1.025,3.7948,7.5715,3.4658,0.0,1.2927,0.8557,16.37,15.161,52.218
749,0,0.6659,0.9659,3.7948,7.537,3.4681,0.0,1.2921,0.8539,16.35,15.212,52.194
750,0,0.7477,1.0477,3.7948,7.5702,3.4703,0.0,1.2914,0.8571,16.29,15.015,52.242
751,0,0.6842,0.9842,3.7948,7.5525,3.4725,0.0,1.2907,0.8554,16.32,15.026,52.206
752,0,0.6821,0.9821,3.7948,7.5519,3.4746,0.0,1.29,0.8576,16.29,15.1,52.237
753,0,0.7228,1.0228,3.7948,7.554,3.4767,0.0,1.2893,0.8578,16.24,14.974,52.243
754,0,0.7304,1.0304,3.7948,7.5507,3.4785,0.0,1.2885,0.8581,16.2,15.32,52.251
755,0,0.7615,1.0615,3.7948,7.5669,3.4806,0.0,1.2877,0.8581,16.25,15.483,52.251
756,0,0.7356,1.0356,3.7948,7.5543,3.4828,0.0,1.2871,0.8559,16.31,15.138,52.22
757,0,0.7588,1.0588,3.7948,7.5683,3.4849,0.0,1.2864,0.8563,16.25,15.118,52.222
758,0,0.7927,1.0927,3.7948,7.5769,3.4872,0.0,1.2857,0.859,16.27,14.677,52.272
759,0,0.7805,1.0805,3.7948,7.5755,3.4895,0.0,1.285,0.8576,16.31,14.585,52.208
760,0,0.7624,1.0624,3.7948,7.5752,3.4914,0.0,1.2842,0.8577,16.23,15.182,52.25
761,0,0.7887,1.0887,3.7948,7.5753,3.4939,0.0,1.2837,0.8543,16.42,14.954,52.166
762,0,0.7393,1.0393,3.7948,7.5692,3.4961,0.0,1.283,0.8566,16.3,14.86,52.214
763,0,0.784,1.084,3.7948,7.5823,3.4982,0.0,1.2823,0.8543,16.27,15.237,52.203
764,0,0.8313,1.1313,3.7948,7.5911,3.5002,0.0,1.2815,0.8548,16.21,15.392,52.169
765,0,0.8011,1.1011,3.7948,7.5839,3.5022,0.0,1.2808,0.8522,16.27,15.441,52.144
766,0,0.8019,1.1019,3.7948,7.5746,3.5044,0.0,1.2801,0.8551,16.25,14.983,52.175
767,0,0.794,1.094,3.7948,7.5744,3.5068,0.0,1.2794,0.8537,16.32,14.831,52.164
768,0,0.7626,1.0626,3.7948,7.5866,3.5088,0.0,1.2787,0.8548,16.25,15.16,52.17
769,0,0.7688,1.0688,3.7948,7.58,3.5106,0.0,1.278,0.8565,16.25,15.675,52.187
770,0,0.794,1.094,3.7948,7.5904,3.5131,0.0,1.2774,0.8565,16.41,15.253,52.187
771,0,0.7923,1.0923,3.7948,7.5866,3.5152,0.0,1.2768,0.8542,16.36,15.017,52.159
772,0,0.7446,1.0446,3.7948,7.5662,3.5172,0.0,1.2761,0.8542,16.28,15.522,52.159
773,0,0.7535,1.0535,3.7948,7.5702,3.5194,0.0,1.2754,0.8537,16.3,15.508,52.149
774,0,0.7423,1.0423,3.7948,7.5613,3.5218,0.0,1.2748,0.8542,16.38,14.895,52.159
775,0,0.7391,1.0391,3.7948,7.5624,3.5245,0.0,1.2743,0.8534,16.43,14.413,52.153
776,0,0.6601,0.9601,3.7948,7.5404,3.527,0.0,1.2737,0.8565,16.35,14.463,52.203
777,0,0.7139,1.0139,3.7948,7.5556,3.529,0.0,1.2729,0.8579,16.22,14.899,52.221
778,0,0.765,1.065,3.7948,7.5762,3.5312,0.0,1.2722,0.8582,16.28,15.263,52.242
779,0,0.7501,1.0501,3.7948,7.5671,3.5335,0.0,1.2717,0.8551,16.39,15.117,52.18
780,0,0.7449,1.0449,3.7948,7.5752,3.5356,0.0,1.271,0.8579,16.3,14.845,52.225
781,0,0.7564,1.0564,3.7948,7.568,3.5378,0.0,1.2704,0.8587,16.35,14.988,52.24
782,0,0.807,1.107,3.7948,7.5806,3.5405,0.0,1.2698,0.858,16.38,14.558,52.239
783,0,0.7217,1.0217,3.7948,7.558,3.5429,0.0,1.2692,0.858,16.34,14.025,52.239
784,0,0.8117,1.1117,3.7948,7.5746,3.5452,0.0,1.2685,0.8567,16.32,14.631,52.198
785,0,0.8,1.1,3.7948,7.5751,3.548,0.0,1.268,0.8563,16.43,14.452,52.186
786,0,0.6896,0.9896,3.7948,7.5425,3.5503,0.0,1.2674,0.8538,16.35,14.54,52.156
787,0,0.7279,1.0279,3.7948,7.5474,3.5525,0.0,1.2668,0.8548,16.34,14.862,52.18
788,0,0.7185,1.0185,3.7948,7.5531,3.5547,0.0,1.2661,0.855,16.31,15.08,52.173
789,0,0.7828,1.0828,3.7948,7.5615,3.5571,0.0,1.2655,0.8557,16.36,14.977,52.191
790,0,0.7644,1.0644,3.7948,7.554,3.5593,0.0,1.2648,0.8544,16.26,14.771,52.162
791,0,0.8152,1.1152,3.7948,7.5723,3.5615,0.0,1.2641,0.8556,16.27,14.768,52.191
792,0,0.7581,1.0581,3.7948,7.5558,3.5635,0.0,1.2634,0.8545,16.27,15.21,52.168
793,0,0.7821,1.0821,3.7948,7.5671,3.5657,0.0,1.2627,0.8553,16.25,15.255,52.188
794,0,0.765,1.065,3.7948,7.5647,3.5681,0.0,1.262,0.8552,16.34,14.875,52.175
795,0,0.7216,1.0216,3.7948,7.5501,3.5705,0.0,1.2615,0.855,16.37,14.369,52.172
796,0,0.6794,0.9794,3.7948,7.5297,3.573,0.0,1.2609,0.8554,16.41,14.52,52.177
797,0,0.7243,1.0243,3.7948,7.5427,3.5752,0.0,1.2602,0.8542,16.28,14.98,52.159
798,0,0.6578,0.9578,3.7948,7.5255,3.5778,0.0,1.2596,0.8546,16.37,14.727,52.164
799,0,0.6985,0.9985,3.7948,7.5375,3.5801,0.0,1.259,0.8534,16.38,14.696,52.148
800,0,0.7313,1.0313,3.7948,7.5512,3.5825,0.0,1.2585,0.8544,16.42,14.94,52.158
801,0,0.7292,1.0292,3.7948,7.5558,3.5844,0.0,1.2578,0.855,16.25,15.221,52.173
802,0,0.7256,1.0256,3.7948,7.5543,3.5866,0.0,1.2571,0.8535,16.28,15.148,52.148
803,0,0.6952,0.9952,3.7948,7.547,3.5886,0.0,1.2564,0.8543,16.26,15.208,52.159
804,0,0.6994,0.9994,3.7948,7.5401,3.5908,0.0,1.2557,0.8537,16.34,15.333,52.145
805,0,0.7188,1.0188,3.7948,7.5561,3.5932,0.0,1.2551,0.8536,16.33,14.819,52.144
806,0,0.7188,1.0188,3.7948,7.561,3.5954,0.0,1.2545,0.8545,16.34,14.645,52.148
807,0,0.7114,1.0114,3.7948,7.5647,3.5975,0.0,1.2538,0.8545,16.33,14.895,52.148
808,0,0.7446,1.0446,3.7948,7.5882,3.5996,0.0,1.2532,0.8535,16.31,15.041,52.135
809,0,0.7479,1.0479,3.7948,7.5711,3.6019,0.0,1.2526,0.8527,16.36,15.074,52.134
810,0,0.7275,1.0275,3.7948,7.5696,3.6043,0.0,1.252,0.8527,16.38,14.874,52.134
811,0,0.7219,1.0219,3.7948,7.5769,3.6069,0.0,1.2515,0.8532,16.43,14.637,52.142
812,0,0.7357,1.0357,3.7948,7.5742,3.609,0.0,1.2508,0.853,16.34,14.747,52.129
813,0,0.7622,1.0622,3.7948,7.5813,3.6114,0.0,1.2502,0.8519,16.33,14.9,52.121
814,0,0.7587,1.0587,3.7948,7.5743,3.6131,0.0,1.2494,0.8517,16.19,15.335,52.112
815,0,0.7775,1.0775,3.7948,7.5825,3.6152,0.0,1.2487,0.8513,16.24,15.354,52.107
816,0,0.782,1.082,3.7948,7.5808,3.6171,0.0,1.2479,0.8519,16.21,15.184,52.118
817,0,0.7402,1.0402,3.7948,7.5722,3.6194,0.0,1.2472,0.8513,16.3,15.118,52.118
818,0,0.7332,1.0332,3.7948,7.5725,3.6215,0.0,1.2466,0.8513,16.31,14.634,52.118
819,0,0.7707,1.0707,3.7948,7.584,3.6238,0.0,1.2459,0.8535,16.3,14.778,52.146
820,0,0.7956,1.0956,3.7948,7.588,3.6258,0.0,1.2452,0.8525,16.24,15.022,52.124
821,0,0.8543,1.1543,3.7948,7.598,3.6282,0.0,1.2446,0.8543,16.36,14.968,52.157
822,0,0.779,1.079,3.7948,7.577,3.6306,0.0,1.2439,0.8517,16.33,14.652,52.115
823,0,0.8187,1.1187,3.7948,7.5851,3.6325,0.0,1.2432,0.8522,16.28,15.185,52.118
824,0,0.7877,1.0877,3.7948,7.5752,3.635,0.0,1.2426,0.8538,16.36,15.013,52.133
825,0,0.8358,1.1358,3.7948,7.5897,3.6375,0.0,1.242,0.8538,16.34,14.729,52.133
826,0,0.8556,1.1556,3.7948,7.6029,3.64,0.0,1.2414,0.854,16.33,14.639,52.144
827,0,0.8506,1.1506,3.7948,7.5934,3.642,0.0,1.2406,0.8527,16.22,14.915,52.126
828,0,0.8058,1.1058,3.7948,7.585,3.6443,0.0,1.2399,0.8534,16.28,15.361,52.137
829,0,0.8291,1.1291,3.7948,7.5808,3.6465,0.0,1.2392,0.8545,16.27,15.188,52.144
830,0,0.8314,1.1314,3.7948,7.5855,3.6489,0.0,1.2385,0.855,16.29,15.053,52.146
831,0,0.848,1.148,3.7948,7.5942,3.6512,0.0,1.2378,0.8537,16.29,15.104,52.133
832,0,0.8314,1.1314,3.7948,7.5943,3.6535,0.0,1.2371,0.8539,16.26,14.826,52.148
833,0,0.7881,1.0881,3.7948,7.5757,3.6557,0.0,1.2364,0.8524,16.23,14.575,52.123
834,0,0.8225,1.1225,3.7948,7.5884,3.658,0.0,1.2356,0.8536,16.24,15.079,52.146
835,0,0.8599,1.1599,3.7948,7.593,3.6601,0.0,1.2349,0.8545,16.25,15.163,52.164
836,0,0.8753,1.1753,3.7948,7.5976,3.6623,0.0,1.2342,0.8549,16.28,15.075,52.164
837,0,0.8185,1.1185,3.7948,7.5819,3.6646,0.0,1.2336,0.8556,16.3,15.003,52.181
838,0,0.8617,1.1617,3.7948,7.5998,3.6665,0.0,1.2328,0.8565,16.2,15.073,52.193
839,0,0.8025,1.1025,3.7948,7.5701,3.6687,0.0,1.2321,0.8553,16.25,15.107,52.172
840,0,0.7803,1.0803,3.7948,7.5644,3.6709,0.0,1.2313,0.8536,16.22,15.167,52.144
841,0,0.8346,1.1346,3.7948,7.5768,3.6734,0.0,1.2306,0.8529,16.29,14.997,52.135
842,0,0.7523,1.0523,3.7948,7.557,3.6751,0.0,1.2298,0.8537,16.13,15.419,52.141
843,0,0.7857,1.0857,3.7948,7.5668,3.6772,0.0,1.229,0.8549,16.16,15.572,52.161
844,0,0.776,1.076,3.7948,7.5574,3.6793,0.0,1.2281,0.8544,16.14,15.281,52.155
845,0,0.786,1.086,3.7948,7.5672,3.6816,0.0,1.2274,0.8551,16.24,15.149,52.169
846,0,0.7329,1.0329,3.7948,7.5605,3.6838,0.0,1.2266,0.8552,16.2,15.235,52.167
847,0,0.7674,1.0674,3.7948,7.5702,3.686,0.0,1.2258,0.8555,16.23,15.143,52.174
848,0,0.7661,1.0661,3.7948,7.5702,3.6883,0.0,1.2251,0.8543,16.27,14.965,52.141
849,0,0.772,1.072,3.7948,7.5739,3.6903,0.0,1.2243,0.8539,16.19,15.061,52.134
850,0,0.6865,0.9865,3.7948,7.5461,3.6923,0.0,1.2235,0.8537,16.21,15.574,52.14
851,0,0.7143,1.0143,3.7948,7.5539,3.6942,0.0,1.2228,0.8557,16.22,16.056,52.174
852,0,0.6627,0.9627,3.7948,7.5372,3.6964,0.0,1.222,0.8562,16.23,15.704,52.174
853,0,0.6771,0.9771,3.7948,7.5387,3.6985,0.0,1.2213,0.8533,16.24,15.441,52.132
854,0,0.7365,1.0365,3.7948,7.5643,3.7007,0.0,1.2205,0.8534,16.25,15.408,52.136
855,0,0.7378,1.0378,3.7948,7.5736,3.703,0.0,1.2198,0.8562,16.26,15.176,52.212
856,0,0.754,1.054,3.7948,7.5751,3.7047,0.0,1.2191,0.8564,16.23,15.582,52.207
857,0,0.8022,1.1022,3.7948,7.581,3.7073,0.0,1.2184,0.855,16.33,15.355,52.185
858,0,0.7165,1.0165,3.7948,7.5686,3.7093,0.0,1.2176,0.8534,16.19,15.068,52.166
859,0,0.7586,1.0586,3.7948,7.5884,3.7115,0.0,1.2169,0.8548,16.22,15.373,52.186
860,0,0.7654,1.0654,3.7948,7.585,3.7134,0.0,1.2161,0.8553,16.18,15.74,52.188
861,0,0.7854,1.0854,3.7948,7.5848,3.7154,0.0,1.2152,0.8552,16.18,15.683,52.194
862,0,0.7934,1.0934,3.7948,7.5891,3.7175,0.0,1.2145,0.854,16.24,15.628,52.203
863,0,0.7249,1.0249,3.7948,7.5763,3.7197,0.0,1.2138,0.8561,16.3,15.397,52.211
864,0,0.7227,1.0227,3.7948,7.579,3.7214,0.0,1.213,0.8578,16.18,15.401,52.255
865,0,0.6346,0.9346,3.7948,7.562,3.7233,0.0,1.2122,0.8578,16.18,15.793,52.255
866,0,0.6419,0.9419,3.7948,7.5503,3.7254,0.0,1.2115,0.8561,16.21,15.661,52.199
867,0,0.6724,0.9724,3.7948,7.5679,3.7273,0.0,1.2107,0.8574,16.18,15.796,52.231
868,0,0.6471,0.9471,3.7948,7.5642,3.7294,0.0,1.2099,0.8574,16.2,15.886,52.231
869,0,0.6929,0.9929,3.7948,7.5736,3.731,0.0,1.209,0.8592,16.17,15.996,52.279
870,0,0.6363,0.9363,3.7948,7.5615,3.733,0.0,1.2082,0.8586,16.13,15.968,52.263
871,0,0.6217,0.9217,3.7948,7.5402,3.735,0.0,1.2074,0.8553,16.2,15.73,52.234
872,0,0.611,0.911,3.7948,7.5441,3.737,0.0,1.2065,0.8586,16.14,15.458,52.262
873,0,0.5911,0.8911,3.7948,7.5424,3.7396,0.0,1.2059,0.8585,16.3,14.88,52.262
874,0,0.6169,0.9169,3.7948,7.5496,3.7417,0.0,1.2051,0.8568,16.26,15.115,52.242
875,0,0.6505,0.9505,3.7948,7.5585,3.7435,0.0,1.2043,0.8586,16.16,15.776,52.275
876,0,0.6771,0.9771,3.7948,7.5635,3.7454,0.0,1.2035,0.8575,16.23,16.135,52.28
877,0,0.7021,1.0021,3.7948,7.5763,3.7474,0.0,1.2028,0.8584,16.25,16.036,52.272
878,0,0.6901,0.9901,3.7948,7.5665,3.7497,0.0,1.2022,0.8588,16.35,15.297,52.286
879,0,0.7105,1.0105,3.7948,7.5788,3.7516,0.0,1.2015,0.8584,16.25,15.381,52.272
880,0,0.7188,1.0188,3.7948,7.5787,3.7536,0.0,1.2008,0.8584,16.29,15.984,52.272
881,0,0.7235,1.0235,3.7948,7.5757,3.756,0.0,1.2001,0.8575,16.3,15.291,52.28
882,0,0.7506,1.0506,3.7948,7.5821,3.7582,0.0,1.1994,0.8572,16.3,14.874,52.274
883,0,0.713,1.013,3.7948,7.5733,3.7606,0.0,1.1989,0.8583,16.37,14.798,52.269
884,0,0.6485,0.9485,3.7948,7.5568,3.7628,0.0,1.1982,0.8583,16.34,14.838,52.269
885,0,0.7118,1.0118,3.7948,7.5729,3.7649,0.0,1.1976,0.8563,16.35,15.252,52.265
886,0,0.6186,0.9186,3.7948,7.5477,3.7672,0.0,1.197,0.8576,16.35,15.152,52.271
887,0,0.6547,0.9547,3.7948,7.5521,3.7696,0.0,1.1964,0.8577,16.38,14.924,52.26
888,0,0.7015,1.0015,3.7948,7.5729,3.7721,0.0,1.1959,0.8569,16.4,14.895,52.234
889,0,0.673,0.973,3.7948,7.5598,3.7743,0.0,1.1952,0.8571,16.3,14.887,52.245
890,0,0.6652,0.9652,3.7948,7.5559,3.7761,0.0,1.1945,0.8568,16.23,15.56,52.238
891,0,0.7104,1.0104,3.7948,7.5733,3.7785,0.0,1.1938,0.8568,16.34,15.329,52.238
892,0,0.6984,0.9984,3.7948,7.5645,3.7805,0.0,1.1931,0.8551,16.27,15.195,52.23
893,0,0.7183,1.0183,3.7948,7.5785,3.7827,0.0,1.1925,0.8541,16.37,15.338,52.219
894,0,0.6804,0.9804,3.7948,7.5696,3.7846,0.0,1.1918,0.8571,16.26,15.515,52.233
895,0,0.6485,0.9485,3.7948,7.5532,3.7868,0.0,1.1911,0.8571,16.28,15.4,52.233
896,0,0.676,0.976,3.7948,7.5608,3.7888,0.0,1.1904,0.8571,16.24,15.221,52.233
897,0,0.6744,0.9744,3.7948,7.564,3.7905,0.0,1.1895,0.8564,16.12,16.116,52.211
898,0,0.6918,0.9918,3.7948,7.5706,3.7927,0.0,1.1888,0.8556,16.32,16.151,52.176
899,0,0.7099,1.0099,3.7948,7.5729,3.7947,0.0,1.1881,0.8534,16.25,15.723,52.175
900,0,0.6744,0.9744,3.7948,7.5615,3.797,0.0,1.1875,0.8534,16.4,15.444,52.175
901,0,0.6238,0.9238,3.7948,7.5533,3.7992,0.0,1.1868,0.8554,16.28,15.274,52.166
902,0,0.6816,0.9816,3.7948,7.5746,3.8014,0.0,1.1861,0.8555,16.23,15.587,52.179
903,0,0.7478,1.0478,3.7948,7.5925,3.8035,0.0,1.1854,0.8555,16.29,15.714,52.179
904,0,0.657,0.957,3.7948,7.558,3.8055,0.0,1.1846,0.8543,16.24,15.95,52.151
905,0,0.6665,0.9665,3.7948,7.5655,3.8078,0.0,1.1839,0.8548,16.28,15.304,52.153
906,0,0.6659,0.9659,3.7948,7.5623,3.81,0.0,1.1832,0.8549,16.23,15.176,52.167
907,0,0.6391,0.9391,3.7948,7.5579,3.8118,0.0,1.1824,0.8552,16.24,15.599,52.193
908,0,0.6163,0.9163,3.7948,7.5511,3.8139,0.0,1.1818,0.853,16.33,15.906,52.151
909,0,0.704,1.004,3.7948,7.5725,3.8156,0.0,1.181,0.8536,16.16,15.941,52.216
910,0,0.6679,0.9679,3.7948,7.5719,3.8179,0.0,1.1803,0.8517,16.32,15.745,52.157
911,0,0.6694,0.9694,3.7948,7.5602,3.8198,0.0,1.1796,0.8528,16.27,15.669,52.189
912,0,0.7191,1.0191,3.7948,7.5726,3.8218,0.0,1.1789,0.8562,16.26,15.684,52.242
913,0,0.6906,0.9906,3.7948,7.5686,3.8243,0.0,1.1784,0.8533,16.39,14.927,52.216
914,0,0.6391,0.9391,3.7948,7.5583,3.8264,0.0,1.1776,0.8535,16.26,14.793,52.184
915,0,0.6865,0.9865,3.7948,7.5645,3.8286,0.0,1.1769,0.8539,16.25,15.305,52.185
916,0,0.6386,0.9386,3.7948,7.5584,3.8307,0.0,1.1762,0.8536,16.27,15.518,52.177
917,0,0.625,0.925,3.7948,7.5451,3.833,0.0,1.1755,0.8529,16.31,15.505,52.162
918,0,0.6342,0.9342,3.7948,7.5494,3.8354,0.0,1.1749,0.8546,16.3,15.158,52.197
919,0,0.6364,0.9364,3.7948,7.55,3.8377,0.0,1.1742,0.8539,16.28,15.07,52.175
920,0,0.6777,0.9777,3.7948,7.5666,3.8396,0.0,1.1734,0.8528,16.21,15.245,52.167
921,0,0.6168,0.9168,3.7948,7.5433,3.8418,0.0,1.1727,0.8536,16.3,15.779,52.17
922,0,0.6756,0.9756,3.7948,7.5671,3.8435,0.0,1.1719,0.8531,16.19,16.37,52.15
923,0,0.6723,0.9723,3.7948,7.5626,3.8453,0.0,1.1711,0.8536,16.22,16.252,52.162
924,0,0.6641,0.9641,3.7948,7.5624,3.8472,0.0,1.1703,0.8536,16.19,15.781,52.162
925,0,0.6542,0.9542,3.7948,7.555,3.8493,0.0,1.1696,0.8545,16.26,15.946,52.176
926,0,0.6417,0.9417,3.7948,7.5585,3.8513,0.0,1.1689,0.8536,16.25,15.931,52.162
927,0,0.6549,0.9549,3.7948,7.563,3.8528,0.0,1.168,0.8528,16.14,16.227,52.167
928,0,0.6078,0.9078,3.7948,7.5493,3.8549,0.0,1.1674,0.8512,16.31,16.069,52.12
929,0,0.595,0.895,3.7948,7.5544,3.8571,0.0,1.1667,0.8522,16.27,15.692,52.148
930,0,0.5485,0.8485,3.7948,7.5325,3.8592,0.0,1.1659,0.8521,16.22,15.754,52.144
931,0,0.5532,0.8532,3.7948,7.5372,3.8612,0.0,1.1652,0.8522,16.25,15.601,52.135
932,0,0.6324,0.9324,3.7948,7.5544,3.8636,0.0,1.1646,0.8522,16.36,15.306,52.139
933,0,0.5579,0.8579,3.7948,7.5389,3.8657,0.0,1.1639,0.8522,16.25,15.31,52.135
934,0,0.5967,0.8967,3.7948,7.5459,3.868,0.0,1.1632,0.8509,16.26,15.337,52.116
935,0,0.5871,0.8871,3.7948,7.5425,3.87,0.0,1.1624,0.8522,16.22,15.554,52.135
936,0,0.6034,0.9034,3.7948,7.5461,3.8722,0.0,1.1617,0.853,16.27,15.865,52.16
937,0,0.6373,0.9373,3.7948,7.5538,3.8739,0.0,1.1608,0.8528,16.16,16.406,52.16
938,0,0.6333,0.9333,3.7948,7.5469,3.8759,0.0,1.1601,0.8515,16.27,16.435,52.141
939,0,0.6125,0.9125,3.7948,7.5507,3.8782,0.0,1.1594,0.8534,16.29,15.663,52.17
940,0,0.6099,0.9099,3.7948,7.5472,3.8801,0.0,1.1587,0.8535,16.22,16.094,52.172
941,0,0.6873,0.9873,3.7948,7.5653,3.8823,0.0,1.1579,0.8523,16.24,16.054,52.151
942,0,0.6429,0.9429,3.7948,7.5555,3.8841,0.0,1.1572,0.8536,16.2,16.075,52.166
943,0,0.6717,0.9717,3.7948,7.5656,3.886,0.0,1.1563,0.8524,16.18,16.105,52.15
944,0,0.6671,0.9671,3.7948,7.5657,3.8881,0.0,1.1556,0.8546,16.22,15.8,52.191
945,0,0.6571,0.9571,3.7948,7.5691,3.8901,0.0,1.1548,0.8555,16.17,15.577,52.201
946,0,0.6618,0.9618,3.7948,7.5693,3.8923,0.0,1.1541,0.8547,16.3,15.682,52.194
947,0,0.6544,0.9544,3.7948,7.568,3.8945,0.0,1.1534,0.8541,16.26,15.715,52.173
948,0,0.6429,0.9429,3.7948,7.5633,3.8966,0.0,1.1526,0.8541,16.22,15.805,52.173
949,0,0.6424,0.9424,3.7948,7.5677,3.8988,0.0,1.1519,0.8537,16.25,15.672,52.165
950,0,0.6451,0.9451,3.7948,7.572,3.9009,0.0,1.1512,0.8526,16.27,15.813,52.143
951,0,0.6695,0.9695,3.7948,7.5664,3.9028,0.0,1.1504,0.8537,16.24,16.117,52.169
952,0,0.667,0.967,3.7948,7.5674,3.9054,0.0,1.1498,0.8543,16.37,15.551,52.178
953,0,0.64,0.94,3.7948,7.5601,3.9074,0.0,1.1492,0.8535,16.31,15.222,52.164
954,0,0.6276,0.9276,3.7948,7.573,3.9096,0.0,1.1485,0.8535,16.25,15.629,52.17
955,0,0.6474,0.9474,3.7948,7.5686,3.9116,0.0,1.1477,0.8543,16.21,15.96,52.187
956,0,0.6145,0.9145,3.7948,7.5605,3.9136,0.0,1.1469,0.8529,16.21,15.793,52.159
957,0,0.624,0.924,3.7948,7.5643,3.9158,0.0,1.1462,0.8537,16.26,15.61,52.171
958,0,0.6023,0.9023,3.7948,7.5512,3.9177,0.0,1.1454,0.854,16.18,15.774,52.166
959,0,0.6211,0.9211,3.7948,7.564,3.9198,0.0,1.1447,0.8532,16.28,15.761,52.168
960,0,0.6037,0.9037,3.7948,7.5545,3.9222,0.0,1.144,0.8527,16.25,15.381,52.16
961,0,0.633,0.933,3.7948,7.5724,3.924,0.0,1.1432,0.8541,16.21,15.8,52.168
962,0,0.5686,0.8686,3.7948,7.5502,3.9259,0.0,1.1424,0.8538,16.19,16.43,52.168
963,0,0.6485,0.9485,3.7948,7.5634,3.928,0.0,1.1416,0.8542,16.23,16.171,52.168
964,0,0.6089,0.9089,3.7948,7.5546,3.9297,0.0,1.1408,0.8549,16.18,16.084,52.219
965,0,0.6147,0.9147,3.7948,7.5576,3.9318,0.0,1.1401,0.8563,16.22,16.175,52.216
966,0,0.6049,0.9049,3.7948,7.5629,3.9336,0.0,1.1393,0.8558,16.2,16.104,52.225
967,0,0.6087,0.9087,3.7948,7.5673,3.9357,0.0,1.1385,0.855,16.24,16.35,52.195
968,0,0.5889,0.8889,3.7948,7.5608,3.9376,0.0,1.1378,0.8557,16.24,16.251,52.22
969,0,0.6577,0.9577,3.7948,7.5804,3.9398,0.0,1.1371,0.8557,16.27,15.998,52.215
970,0,0.6182,0.9182,3.7948,7.5589,3.9416,0.0,1.1363,0.8553,16.19,16.185,52.223
971,0,0.643,0.943,3.7948,7.5619,3.9438,0.0,1.1355,0.8554,16.2,16.238,52.228
972,0,0.6553,0.9553,3.7948,7.5609,3.9454,0.0,1.1347,0.8553,16.2,16.21,52.235
973,0,0.589,0.889,3.7948,7.5404,3.9471,0.0,1.1339,0.8543,16.17,16.442,52.2
974,0,0.5909,0.8909,3.7948,7.5409,3.9492,0.0,1.1331,0.8544,16.2,16.065,52.202
975,0,0.6308,0.9308,3.7948,7.5542,3.9513,0.0,1.1324,0.855,16.24,15.791,52.215
976,0,0.6953,0.9953,3.7948,7.5665,3.9533,0.0,1.1316,0.8578,16.2,15.805,52.256
977,0,0.6635,0.9635,3.7948,7.5614,3.9551,0.0,1.1308,0.8553,16.19,16.123,52.235
978,0,0.6425,0.9425,3.7948,7.5585,3.9573,0.0,1.1301,0.8568,16.26,16.058,52.246
979,0,0.656,0.956,3.7948,7.5631,3.9592,0.0,1.1293,0.8555,16.19,16.199,52.24
980,0,0.6433,0.9433,3.7948,7.5619,3.9612,0.0,1.1285,0.8545,16.25,16.157,52.217
981,0,0.6602,0.9602,3.7948,7.5667,3.9632,0.0,1.1278,0.8545,16.26,15.901,52.217
982,0,0.6627,0.9627,3.7948,7.5701,3.9652,0.0,1.1271,0.853,16.24,15.924,52.194
983,0,0.6711,0.9711,3.7948,7.5654,3.9672,0.0,1.1264,0.853,16.25,16.158,52.192
984,0,0.6582,0.9582,3.7948,7.57,3.9693,0.0,1.1257,0.8529,16.27,16.208,52.193
985,0,0.664,0.964,3.7948,7.5701,3.9714,0.0,1.125,0.8529,16.3,16.188,52.192
986,0,0.6423,0.9423,3.7948,7.5618,3.9736,0.0,1.1243,0.853,16.32,15.961,52.192
987,0,0.6129,0.9129,3.7948,7.5486,3.9758,0.0,1.1237,0.8532,16.29,15.604,52.208
988,0,0.6419,0.9419,3.7948,7.5634,3.9776,0.0,1.1229,0.853,16.22,15.965,52.194
989,0,0.662,0.962,3.7948,7.566,3.9792,0.0,1.1221,0.853,16.18,16.783,52.194
990,0,0.647,0.947,3.7948,7.5706,3.9813,0.0,1.1214,0.853,16.25,16.212,52.194
991,0,0.6189,0.9189,3.7948,7.5537,3.9834,0.0,1.1207,0.853,16.3,15.974,52.194
992,0,0.6465,0.9465,3.7948,7.5658,3.9853,0.0,1.12,0.8537,16.24,16.396,52.196
993,0,0.6636,0.9636,3.7948,7.5707,3.987,0.0,1.1192,0.8543,16.21,16.6,52.207
994,0,0.6845,0.9845,3.7948,7.5786,3.9889,0.0,1.1184,0.8552,16.21,16.216,52.232
995,0,0.6185,0.9185,3.7948,7.558,3.9908,0.0,1.1177,0.8545,16.24,16.239,52.217
996,0,0.6064,0.9064,3.7948,7.5496,3.9927,0.0,1.1169,0.8541,16.23,16.47,52.215
997,0,0.5843,0.8843,3.7948,7.5326,3.9944,0.0,1.1161,0.8569,16.2,16.767,52.258
998,0,0.6172,0.9172,3.7948,7.5526,3.9965,0.0,1.1154,0.8533,16.31,16.439,52.199
999,0,0.6044,0.9044,3.7948,7.5611,3.9985,0.0,1.1147,0.8534,16.26,15.981,52.194
1000,0,0.621,0.921,3.7948,7.5578,4.0009,0.0,1.1141,0.8533,16.3,15.588,52.186
1001,0,0.6114,0.9114,3.7948,7.553,4.0027,0.0,1.1133,0.8534,16.23,15.903,52.194
1002,0,0.6402,0.9402,3.7948,7.571,4.005,0.0,1.1127,0.8535,16.35,15.821,52.195
1003,0,0.6112,0.9112,3.7948,7.5705,4.0066,0.0,1.1119,0.8535,16.23,16.229,52.195
1004,0,0.6085,0.9085,3.7948,7.5631,4.0084,0.0,1.1112,0.8545,16.22,16.516,52.202
1005,0,0.6004,0.9004,3.7948,7.5702,4.0101,0.0,1.1104,0.8514,16.22,16.47,52.167
1006,0,0.581,0.881,3.7948,7.5544,4.0117,0.0,1.1096,0.8521,16.21,16.731,52.166
1007,0,0.6352,0.9352,3.7948,7.5722,4.0134,0.0,1.1088,0.8537,16.19,16.843,52.205
1008,0,0.6358,0.9358,3.7948,7.5717,4.015,0.0,1.108,0.8544,16.17,16.893,52.224
1009,0,0.5901,0.8901,3.7948,7.5552,4.0172,0.0,1.1073,0.8536,16.28,15.984,52.2
1010,0,0.5729,0.8729,3.7948,7.5496,4.0193,0.0,1.1066,0.8529,16.26,15.817,52.183
1011,0,0.5532,0.8532,3.7948,7.5489,4.0211,0.0,1.1058,0.8542,16.23,16.425,52.213
1012,0,0.6005,0.9005,3.7948,7.5667,4.023,0.0,1.1052,0.8526,16.3,16.647,52.191
1013,0,0.5676,0.8676,3.7948,7.5498,4.0252,0.0,1.1045,0.8536,16.3,16.425,52.212
1014,0,0.5946,0.8946,3.7948,7.5697,4.0273,0.0,1.1038,0.853,16.32,16.346,52.202
1015,0,0.5854,0.8854,3.7948,7.5653,4.0293,0.0,1.1032,0.853,16.28,16.495,52.202
1016,0,0.6157,0.9157,3.7948,7.5747,4.0312,0.0,1.1025,0.8538,16.29,16.375,52.202
1017,0,0.5719,0.8719,3.7948,7.5588,4.033,0.0,1.1017,0.8532,16.19,16.45,52.169
1018,0,0.5591,0.8591,3.7948,7.5606,4.0353,0.0,1.1011,0.8521,16.34,16.226,52.163
1019,0,0.603,0.903,3.7948,7.5726,4.0368,0.0,1.1002,0.8532,16.17,16.742,52.198
1020,0,0.5717,0.8717,3.7948,7.5529,4.0386,0.0,1.0995,0.853,16.25,17.179,52.198
1021,0,0.5935,0.8935,3.7948,7.561,4.0409,0.0,1.0989,0.853,16.36,16.3,52.198
1022,0,0.6166,0.9166,3.7948,7.5706,4.0425,0.0,1.0982,0.8529,16.24,16.219,52.185
1023,0,0.5867,0.8867,3.7948,7.5647,4.0442,0.0,1.0974,0.8529,16.23,16.627,52.196
1024,0,0.6297,0.9297,3.7948,7.574,4.0463,0.0,1.0968,0.8529,16.34,16.454,52.196
1025,0,0.6371,0.9371,3.7948,7.5795,4.0485,0.0,1.0962,0.8534,16.33,15.936,52.198
1026,0,0.631,0.931,3.7948,7.5644,4.0503,0.0,1.0954,0.8535,16.24,16.147,52.201
1027,0,0.6374,0.9374,3.7948,7.5796,4.0523,0.0,1.0947,0.8534,16.29,16.457,52.198
1028,0,0.6288,0.9288,3.7948,7.5634,4.0543,0.0,1.0941,0.8535,16.31,16.473,52.201
1029,0,0.6116,0.9116,3.7948,7.5629,4.0562,0.0,1.0934,0.8539,16.3,16.535,52.203
1030,0,0.6461,0.9461,3.7948,7.5737,4.058,0.0,1.0927,0.8527,16.22,16.427,52.169
1031,0,0.6366,0.9366,3.7948,7.558,4.0602,0.0,1.0921,0.8528,16.36,16.061,52.172
1032,0,0.6122,0.9122,3.7948,7.5648,4.0622,0.0,1.0914,0.8527,16.28,15.896,52.163
1033,0,0.6311,0.9311,3.7948,7.5616,4.0643,0.0,1.0907,0.8528,16.26,16.105,52.175
1034,0,0.629,0.929,3.7948,7.5703,4.0659,0.0,1.0899,0.8521,16.21,16.306,52.151
1035,0,0.5865,0.8865,3.7948,7.5638,4.0682,0.0,1.0893,0.8518,16.35,15.968,52.142
1036,0,0.6139,0.9139,3.7948,7.5727,4.0701,0.0,1.0887,0.853,16.32,15.941,52.168
1037,0,0.6549,0.9549,3.7948,7.583,4.0722,0.0,1.088,0.8537,16.34,16.201,52.187
1038,0,0.6397,0.9397,3.7948,7.5709,4.0744,0.0,1.0873,0.8517,16.27,15.835,52.149
1039,0,0.6067,0.9067,3.7948,7.5631,4.076,0.0,1.0866,0.8528,16.24,16.327,52.149
1040,0,0.5529,0.8529,3.7948,7.5438,4.0779,0.0,1.0858,0.8515,16.19,16.779,52.143
1041,0,0.6473,0.9473,3.7948,7.5637,4.0797,0.0,1.085,0.8547,16.21,16.626,52.166
1042,0,0.6001,0.9001,3.7948,7.5467,4.0815,0.0,1.0842,0.8517,16.2,16.648,52.131
1043,0,0.6821,0.9821,3.7948,7.5748,4.0834,0.0,1.0835,0.8533,16.23,16.641,52.17
1044,0,0.6314,0.9314,3.7948,7.5724,4.0853,0.0,1.0828,0.8524,16.26,16.523,52.126
1045,0,0.6423,0.9423,3.7948,7.5735,4.0871,0.0,1.082,0.8528,16.22,16.722,52.143
1046,0,0.6446,0.9446,3.7948,7.5652,4.0888,0.0,1.0812,0.853,16.2,17.03,52.18
1047,0,0.6536,0.9536,3.7948,7.5759,4.0905,0.0,1.0804,0.8533,16.21,16.906,52.165
1048,0,0.636,0.936,3.7948,7.5648,4.0922,0.0,1.0796,0.851,16.17,16.882,52.12
1049,0,0.6467,0.9467,3.7948,7.5649,4.0936,0.0,1.0788,0.8511,16.14,17.416,52.111
1050,0,0.6082,0.9082,3.7948,7.5613,4.0953,0.0,1.078,0.8527,16.22,17.351,52.149
1051,0,0.6245,0.9245,3.7948,7.5679,4.0969,0.0,1.0772,0.8514,16.18,16.889,52.122
1052,0,0.682,0.982,3.7948,7.5778,4.099,0.0,1.0764,0.8539,16.2,16.287,52.176
1053,0,0.6433,0.9433,3.7948,7.5678,4.1008,0.0,1.0756,0.8544,16.16,16.307,52.165
1054,0,0.6406,0.9406,3.7948,7.5566,4.1024,0.0,1.0748,0.8527,16.19,17.153,52.139
1055,0,0.6352,0.9352,3.7948,7.5676,4.1042,0.0,1.074,0.8526,16.19,16.88,52.135
1056,0,0.6509,0.9509,3.7948,7.5685,4.1062,0.0,1.0732,0.854,16.21,16.605,52.179
1057,0,0.6109,0.9109,3.7948,7.5552,4.1076,0.0,1.0724,0.8535,16.14,17.077,52.177
1058,0,0.6522,0.9522,3.7948,7.5611,4.1095,0.0,1.0716,0.8539,16.23,17.346,52.18
1059,0,0.5572,0.8572,3.7948,7.5417,4.1112,0.0,1.0708,0.8521,16.2,17.023,52.136
1060,0,0.5932,0.8932,3.7948,7.5521,4.1129,0.0,1.07,0.8513,16.22,17.154,52.14
1061,0,0.6133,0.9133,3.7948,7.5665,4.1147,0.0,1.0693,0.8517,16.21,16.799,52.139
1062,0,0.5236,0.8236,3.7948,7.5397,4.1166,0.0,1.0685,0.8513,16.24,16.433,52.132
1063,0,0.5177,0.8177,3.7948,7.5389,4.1187,0.0,1.0679,0.8516,16.33,16.31,52.157
1064,0,0.5642,0.8642,3.7948,7.5535,4.1207,0.0,1.0672,0.8514,16.26,16.238,52.161
1065,0,0.55,0.85,3.7948,7.5459,4.1229,0.0,1.0665,0.851,16.31,16.211,52.159
1066,0,0.5414,0.8414,3.7948,7.5413,4.1246,0.0,1.0657,0.8518,16.19,16.37,52.177
1067,0,0.5271,0.8271,3.7948,7.5277,4.1264,0.0,1.065,0.8508,16.26,16.53,52.141
1068,0,0.551,0.851,3.7948,7.5285,4.1278,0.0,1.0642,0.8502,16.19,17.306,52.145
1069,0,0.5469,0.8469,3.7948,7.5301,4.1296,0.0,1.0635,0.8515,16.22,17.524,52.164
1070,0,0.5713,0.8713,3.7948,7.5466,4.1311,0.0,1.0627,0.852,16.2,17.252,52.174
1071,0,0.59,0.89,3.7948,7.5388,4.1329,0.0,1.0619,0.8497,16.22,16.957,52.096
1072,0,0.5561,0.8561,3.7948,7.5378,4.1348,0.0,1.0612,0.8519,16.27,16.813,52.133
1073,0,0.5924,0.8924,3.7948,7.5407,4.1364,0.0,1.0604,0.8525,16.21,17.212,52.147
1074,0,0.5804,0.8804,3.7948,7.5442,4.1383,0.0,1.0597,0.851,16.27,16.915,52.124
1075,0,0.5545,0.8545,3.7948,7.5346,4.1396,0.0,1.0588,0.8523,16.11,17.288,52.136
1076,0,0.554,0.854,3.7948,7.538,4.1411,0.0,1.058,0.853,16.14,17.66,52.105
1077,0,0.5873,0.8873,3.7948,7.5381,4.1423,0.0,1.057,0.8545,16.08,17.914,52.137
1078,0,0.6519,0.9519,3.7948,7.5592,4.1439,0.0,1.0562,0.8519,16.15,17.919,52.107
1079,0,0.6452,0.9452,3.7948,7.5595,4.1458,0.0,1.0555,0.8517,16.25,17.109,52.129
1080,0,0.6212,0.9212,3.7948,7.5566,4.1473,0.0,1.0547,0.8524,16.2,17.013,52.112
1081,0,0.6192,0.9192,3.7948,7.5474,4.1493,0.0,1.0539,0.8511,16.21,17.09,52.115
1082,0,0.5989,0.8989,3.7948,7.5487,4.1507,0.0,1.0531,0.85,16.16,17.029,52.09
1083,0,0.603,0.903,3.7948,7.5559,4.1525,0.0,1.0523,0.8516,16.19,17.464,52.094
1084,0,0.6172,0.9172,3.7948,7.5509,4.154,0.0,1.0514,0.8487,16.13,17.475,52.054
1085,0,0.6079,0.9079,3.7948,7.5518,4.1557,0.0,1.0506,0.8499,16.19,17.328,52.086
1086,0,0.5786,0.8786,3.7948,7.5422,4.1574,0.0,1.0498,0.8518,16.19,16.882,52.125
1087,0,0.5687,0.8687,3.7948,7.5296,4.1591,0.0,1.049,0.8534,16.16,16.97,52.122
1088,0,0.5744,0.8744,3.7948,7.5345,4.161,0.0,1.0483,0.8519,16.29,16.864,52.098
1089,0,0.5348,0.8348,3.7948,7.525,4.1625,0.0,1.0474,0.852,16.14,17.133,52.103
1090,0,0.5227,0.8227,3.7948,7.5208,4.1642,0.0,1.0467,0.852,16.25,17.39,52.103
1091,0,0.5867,0.8867,3.7948,7.54,4.1658,0.0,1.0459,0.8527,16.19,17.495,52.12
1092,0,0.5875,0.8875,3.7948,7.5382,4.1676,0.0,1.0451,0.8528,16.19,17.045,52.12
1093,0,0.6242,0.9242,3.7948,7.5416,4.1696,0.0,1.0444,0.8519,16.29,16.834,52.119
1094,0,0.5559,0.8559,3.7948,7.5211,4.1711,0.0,1.0436,0.8546,16.21,17.355,52.163
1095,0,0.5964,0.8964,3.7948,7.5386,4.1722,0.0,1.0427,0.8522,16.05,17.947,52.125
1096,0,0.545,0.845,3.7948,7.5149,4.174,0.0,1.0418,0.8542,16.19,17.542,52.138
1097,0,0.5632,0.8632,3.7948,7.5354,4.1759,0.0,1.0411,0.8511,16.27,16.979,52.106
1098,0,0.5071,0.8071,3.7948,7.5186,4.1775,0.0,1.0403,0.8516,16.19,17.208,52.112
1099,0,0.5381,0.8381,3.7948,7.5357,4.1791,0.0,1.0395,0.8526,16.14,17.417,52.116
1100,0,0.5891,0.8891,3.7948,7.5432,4.1807,0.0,1.0386,0.8528,16.15,17.677,52.13
1101,0,0.5334,0.8334,3.7948,7.5178,4.1824,0.0,1.0379,0.8528,16.23,17.518,52.109
1102,0,0.5399,0.8399,3.7948,7.5224,4.1841,0.0,1.0371,0.8521,16.21,17.153,52.115
1103,0,0.5674,0.8674,3.7948,7.5316,4.1856,0.0,1.0362,0.8513,16.12,17.382,52.099
1104,0,0.5639,0.8639,3.7948,7.5347,4.1872,0.0,1.0353,0.8514,16.12,17.682,52.107
1105,0,0.5702,0.8702,3.7948,7.5346,4.189,0.0,1.0346,0.8502,16.23,17.388,52.086
1106,0,0.5698,0.8698,3.7948,7.5253,4.1906,0.0,1.0338,0.8503,16.2,17.582,52.084
1107,0,0.5428,0.8428,3.7948,7.5185,4.1924,0.0,1.033,0.8513,16.2,17.309,52.087
1108,0,0.5552,0.8552,3.7948,7.5271,4.1941,0.0,1.0322,0.8519,16.18,17.003,52.101
1109,0,0.5728,0.8728,3.7948,7.5316,4.1956,0.0,1.0313,0.8532,16.11,17.22,52.137
1110,0,0.5759,0.8759,3.7948,7.5399,4.197,0.0,1.0303,0.8513,16.08,17.787,52.09
1111,0,0.5566,0.8566,3.7948,7.5351,4.1987,0.0,1.0295,0.8514,16.17,17.926,52.092
1112,0,0.611,0.911,3.7948,7.5442,4.2001,0.0,1.0286,0.8518,16.16,17.728,52.097
1113,0,0.6018,0.9018,3.7948,7.5407,4.2019,0.0,1.0278,0.8519,16.19,17.585,52.105
1114,0,0.5876,0.8876,3.7948,7.5414,4.2035,0.0,1.027,0.8514,16.19,17.519,52.094
1115,0,0.5818,0.8818,3.7948,7.546,4.2054,0.0,1.0263,0.852,16.22,17.065,52.067
1116,0,0.547,0.847,3.7948,7.535,4.2072,0.0,1.0255,0.8519,16.22,16.499,52.106
1117,0,0.5934,0.8934,3.7948,7.5408,4.2086,0.0,1.0246,0.8511,16.07,17.144,52.089
1118,0,0.5995,0.8995,3.7948,7.5368,4.2105,0.0,1.0238,0.8516,16.19,17.391,52.101
1119,0,0.6164,0.9164,3.7948,7.5494,4.212,0.0,1.0229,0.8543,16.15,17.568,52.126
1120,0,0.5859,0.8859,3.7948,7.5449,4.2138,0.0,1.0221,0.8549,16.17,17.426,52.137
1121,0,0.5211,0.8211,3.7948,7.5184,4.2155,0.0,1.0212,0.8534,16.15,17.039,52.128
1122,0,0.5266,0.8266,3.7948,7.5278,4.2175,0.0,1.0204,0.8529,16.21,17.09,52.121
1123,0,0.5886,0.8886,3.7948,7.5361,4.2189,0.0,1.0195,0.8541,16.08,17.143,52.119
1124,0,0.5053,0.8053,3.7948,7.5142,4.2205,0.0,1.0186,0.8523,16.14,17.706,52.091
1125,0,0.5643,0.8643,3.7948,7.5238,4.2222,0.0,1.0178,0.8546,16.18,17.625,52.132
1126,0,0.5107,0.8107,3.7948,7.5214,4.2239,0.0,1.017,0.854,16.18,17.269,52.098
1127,0,0.5246,0.8246,3.7948,7.5246,4.2252,0.0,1.0161,0.8539,16.13,17.681,52.087
1128,0,0.5253,0.8253,3.7948,7.5313,4.2264,0.0,1.0152,0.8545,16.08,18.149,52.111
1129,0,0.5546,0.8546,3.7948,7.5533,4.2283,0.0,1.0144,0.8546,16.16,17.495,52.092
1130,0,0.5238,0.8238,3.7948,7.5262,4.2298,0.0,1.0135,0.8534,16.11,17.322,52.078
1131,0,0.4954,0.7954,3.7948,7.5291,4.2313,0.0,1.0126,0.8526,16.17,17.801,52.067
1132,0,0.4849,0.7849,3.7948,7.5196,4.2331,0.0,1.0119,0.8517,16.23,17.507,52.047
1133,0,0.4921,0.7921,3.7948,7.5297,4.235,0.0,1.0111,0.852,16.24,17.268,52.047
1134,0,0.5316,0.8316,3.7948,7.5388,4.2369,0.0,1.0104,0.8529,16.23,17.024,52.068
1135,0,0.4962,0.7962,3.7948,7.5398,4.2385,0.0,1.0096,0.853,16.24,17.128,52.075
1136,0,0.4766,0.7766,3.7948,7.5224,4.24,0.0,1.0088,0.8522,16.15,17.691,52.06
1137,0,0.4804,0.7804,3.7948,7.526,4.2416,0.0,1.008,0.8498,16.23,17.912,52.038
1138,0,0.5102,0.8102,3.7948,7.5271,4.2432,0.0,1.0073,0.851,16.24,17.766,52.051
1139,0,0.4651,0.7651,3.7948,7.5225,4.2445,0.0,1.0064,0.8503,16.11,17.946,52.057
1140,0,0.5301,0.8301,3.7948,7.5442,4.2462,0.0,1.0057,0.8521,16.26,17.905,52.065
1141,0,0.5201,0.8201,3.7948,7.5385,4.2477,0.0,1.0049,0.8521,16.2,17.527,52.065
1142,0,0.5136,0.8136,3.7948,7.531,4.2488,0.0,1.004,0.8517,16.08,18.005,52.068
1143,0,0.4666,0.7666,3.7948,7.5255,4.2504,0.0,1.0032,0.8498,16.2,17.967,52.054
1144,0,0.4969,0.7969,3.7948,7.5323,4.2518,0.0,1.0024,0.8507,16.2,17.697,52.053
1145,0,0.4675,0.7675,3.7948,7.5377,4.2533,0.0,1.0015,0.8512,16.18,17.975,52.071
1146,0,0.4737,0.7737,3.7948,7.5329,4.2549,0.0,1.0008,0.8521,16.23,17.868,52.1
1147,0,0.4813,0.7813,3.7948,7.5262,4.2565,0.0,0.9999,0.8534,16.14,17.667,52.108
1148,0,0.5193,0.8193,3.7948,7.548,4.2583,0.0,0.9991,0.8538,16.19,17.704,52.099
1149,0,0.4874,0.7874,3.7948,7.5336,4.2594,0.0,0.9982,0.8526,16.11,18.199,52.091
1150,0,0.4991,0.7991,3.7948,7.5434,4.2611,0.0,0.9974,0.8548,16.21,18.132,52.117
1151,0,0.4811,0.7811,3.7948,7.54,4.2626,0.0,0.9966,0.8548,16.17,17.67,52.117
1152,0,0.4895,0.7895,3.7948,7.5324,4.2642,0.0,0.9958,0.853,16.21,17.535,52.081
1153,0,0.5023,0.8023,3.7948,7.5389,4.2659,0.0,0.9951,0.8544,16.23,17.51,52.105
1154,0,0.3894,0.6894,3.7948,7.5146,4.2674,0.0,0.9942,0.8556,16.15,17.636,52.125
1155,0,0.5039,0.8039,3.7948,7.5387,4.2688,0.0,0.9933,0.8544,16.12,17.983,52.117
1156,0,0.4462,0.7462,3.7948,7.5312,4.2704,0.0,0.9925,0.8537,16.2,17.849,52.106
1157,0,0.444,0.744,3.7948,7.5364,4.2717,0.0,0.9917,0.8544,16.13,18.093,52.111
1158,0,0.4992,0.7992,3.7948,7.5482,4.2733,0.0,0.9909,0.8545,16.19,17.939,52.114
1159,0,0.4907,0.7907,3.7948,7.5378,4.2746,0.0,0.9899,0.8536,16.05,17.852,52.101
1160,0,0.4947,0.7947,3.7948,7.5465,4.2759,0.0,0.989,0.8541,16.08,18.066,52.115
1161,0,0.5208,0.8208,3.7948,7.5514,4.2775,0.0,0.9882,0.8545,16.19,17.993,52.119
1162,0,0.5753,0.8753,3.7948,7.5715,4.279,0.0,0.9874,0.8541,16.22,18.198,52.108
1163,0,0.5784,0.8784,3.7948,7.5737,4.2804,0.0,0.9865,0.8526,16.09,18.044,52.095
1164,0,0.5585,0.8585,3.7948,7.561,4.2821,0.0,0.9856,0.8517,16.17,17.822,52.079
1165,0,0.5314,0.8314,3.7948,7.558,4.2836,0.0,0.9848,0.8525,16.17,17.605,52.082
1166,0,0.5337,0.8337,3.7948,7.5445,4.2853,0.0,0.984,0.8537,16.22,17.605,52.101
1167,0,0.5336,0.8336,3.7948,7.549,4.2867,0.0,0.9831,0.853,16.09,17.899,52.092
1168,0,0.4758,0.7758,3.7948,7.5391,4.2883,0.0,0.9823,0.8531,16.18,18.076,52.082
1169,0,0.4706,0.7706,3.7948,7.5531,4.2901,0.0,0.9816,0.8522,16.27,17.817,52.082
1170,0,0.5051,0.8051,3.7948,7.5437,4.2912,0.0,0.9806,0.8534,16.05,18.371,52.106
1171,0,0.4486,0.7486,3.7948,7.5255,4.2928,0.0,0.9798,0.8518,16.19,18.315,52.063
1172,0,0.4953,0.7953,3.7948,7.5355,4.2941,0.0,0.979,0.8525,16.15,17.977,52.074
1173,0,0.5082,0.8082,3.7948,7.5343,4.2956,0.0,0.9781,0.8526,16.14,18.164,52.071
1174,0,0.5105,0.8105,3.7948,7.5377,4.2972,0.0,0.9773,0.8516,16.17,18.052,52.065
1175,0,0.5657,0.8657,3.7948,7.5461,4.2985,0.0,0.9764,0.8522,16.08,18.247,52.066
1176,0,0.5469,0.8469,3.7948,7.5454,4.2999,0.0,0.9755,0.8544,16.12,18.427,52.087
1177,0,0.6003,0.9003,3.7948,7.551,4.3011,0.0,0.9745,0.8554,16.06,18.626,52.131
1178,0,0.5885,0.8885,3.7948,7.5595,4.3025,0.0,0.9736,0.8554,16.1,18.623,52.126
1179,0,0.5472,0.8472,3.7948,7.5426,4.3037,0.0,0.9726,0.8542,16.02,18.441,52.1
1180,0,0.621,0.921,3.7948,7.569,4.3051,0.0,0.9717,0.8525,16.11,18.379,52.072
1181,0,0.6773,0.9773,3.7948,7.5782,4.3065,0.0,0.9708,0.855,16.08,18.204,52.103
1182,0,0.5813,0.8813,3.7948,7.544,4.3079,0.0,0.9699,0.8539,16.13,18.06,52.077
1183,0,0.6248,0.9248,3.7948,7.5667,4.3092,0.0,0.969,0.8558,16.09,18.384,52.094
1184,0,0.6534,0.9534,3.7948,7.5707,4.3107,0.0,0.9681,0.8556,16.12,18.673,52.108
1185,0,0.5981,0.8981,3.7948,7.5566,4.312,0.0,0.9672,0.8546,16.11,18.453,52.084
1186,0,0.5849,0.8849,3.7948,7.5489,4.3132,0.0,0.9663,0.8558,16.09,18.631,52.122
1187,0,0.5479,0.8479,3.7948,7.5387,4.3149,0.0,0.9655,0.8552,16.18,18.294,52.121
1188,0,0.4883,0.7883,3.7948,7.524,4.3161,0.0,0.9645,0.8521,16.07,18.19,52.085
1189,0,0.5797,0.8797,3.7948,7.537,4.3175,0.0,0.9636,0.8545,16.13,18.739,52.106
1190,0,0.5752,0.8752,3.7948,7.5473,4.3189,0.0,0.9628,0.8552,16.11,18.417,52.121
1191,0,0.5401,0.8401,3.7948,7.5351,4.3203,0.0,0.9618,0.8562,16.04,18.636,52.131
1192,0,0.5407,0.8407,3.7948,7.5408,4.3215,0.0,0.9608,0.856,16.05,18.73,52.131
1193,0,0.5399,0.8399,3.7948,7.5308,4.323,0.0,0.9599,0.8544,16.12,18.419,52.118
1194,0,0.5094,0.8094,3.7948,7.5157,4.3245,0.0,0.959,0.8555,16.09,18.212,52.164
1195,0,0.5429,0.8429,3.7948,7.5286,4.3258,0.0,0.9581,0.8554,16.1,18.328,52.154
1196,0,0.5229,0.8229,3.7948,7.5236,4.3271,0.0,0.9572,0.8554,16.11,18.617,52.154
1197,0,0.552,0.852,3.7948,7.5298,4.3286,0.0,0.9562,0.8541,16.09,18.676,52.134
1198,0,0.5291,0.8291,3.7948,7.5165,4.3302,0.0,0.9554,0.855,16.16,18.095,52.162
1199,0,0.525,0.825,3.7948,7.5161,4.3318,0.0,0.9546,0.8545,16.2,17.603,52.149
1200,0,0.5648,0.8648,3.7948,7.5324,4.3335,0.0,0.9538,0.8552,16.16,17.851,52.169
1201,0,0.5713,0.8713,3.7948,7.5376,4.3348,0.0,0.9528,0.8561,16.07,18.092,52.173
1202,0,0.5261,0.8261,3.7948,7.518,4.3363,0.0,0.952,0.8553,16.18,18.543,52.142
1203,0,0.4927,0.7927,3.7948,7.5151,4.3377,0.0,0.9511,0.8542,16.14,18.448,52.116
1204,0,0.5303,0.8303,3.7948,7.5257,4.3391,0.0,0.9503,0.8542,16.15,18.486,52.116
1205,0,0.5514,0.8514,3.7948,7.5331,4.3405,0.0,0.9494,0.8522,16.11,18.681,52.091
1206,0,0.5282,0.8282,3.7948,7.528,4.342,0.0,0.9485,0.856,16.18,18.633,52.175
1207,0,0.5424,0.8424,3.7948,7.5377,4.3436,0.0,0.9477,0.8558,16.16,18.095,52.153
1208,0,0.5391,0.8391,3.7948,7.5329,4.3453,0.0,0.9469,0.8545,16.18,17.748,52.146
1209,0,0.4556,0.7556,3.7948,7.506,4.3471,0.0,0.9461,0.8546,16.22,17.373,52.122
1210,0,0.5122,0.8122,3.7948,7.5291,4.3486,0.0,0.9453,0.8547,16.14,17.943,52.123
1211,0,0.5611,0.8611,3.7948,7.5452,4.35,0.0,0.9443,0.8571,16.09,18.6,52.183
1212,0,0.5194,0.8194,3.7948,7.5333,4.3515,0.0,0.9435,0.8568,16.14,18.413,52.179
1213,0,0.5407,0.8407,3.7948,7.5447,4.353,0.0,0.9427,0.857,16.17,18.542,52.189
1214,0,0.4964,0.7964,3.7948,7.5357,4.3543,0.0,0.9417,0.8558,16.09,18.829,52.163
1215,0,0.5012,0.8012,3.7948,7.5273,4.3556,0.0,0.9409,0.8575,16.15,18.594,52.194
1216,0,0.4712,0.7712,3.7948,7.5151,4.3572,0.0,0.9401,0.8568,16.19,18.395,52.179
1217,0,0.46,0.76,3.7948,7.514,4.3585,0.0,0.9392,0.8558,16.15,18.387,52.159
1218,0,0.4868,0.7868,3.7948,7.5194,4.3598,0.0,0.9383,0.857,16.09,18.54,52.184
1219,0,0.4184,0.7184,3.7948,7.5013,4.3611,0.0,0.9374,0.856,16.13,18.495,52.161
1220,0,0.4427,0.7427,3.7948,7.5108,4.3623,0.0,0.9366,0.8565,16.15,18.834,52.186
1221,0,0.4471,0.7471,3.7948,7.508,4.364,0.0,0.9357,0.8586,16.17,18.506,52.249
1222,0,0.4751,0.7751,3.7948,7.5083,4.3652,0.0,0.9348,0.8569,16.04,18.308,52.198
1223,0,0.4854,0.7854,3.7948,7.5127,4.3666,0.0,0.9339,0.8559,16.12,18.545,52.169
1224,0,0.5259,0.8259,3.7948,7.5305,4.3679,0.0,0.933,0.8577,16.1,18.915,52.202
1225,0,0.5311,0.8311,3.7948,7.5347,4.3691,0.0,0.9321,0.8572,16.12,18.984,52.192
1226,0,0.5499,0.8499,3.7948,7.5359,4.3707,0.0,0.9312,0.8585,16.14,18.511,52.246
1227,0,0.5651,0.8651,3.7948,7.5402,4.3725,0.0,0.9304,0.8585,16.19,17.877,52.236
1228,0,0.5583,0.8583,3.7948,7.5411,4.374,0.0,0.9295,0.8588,16.12,17.88,52.249
1229,0,0.5571,0.8571,3.7948,7.5277,4.3756,0.0,0.9287,0.8579,16.16,18.124,52.205
1230,0,0.5195,0.8195,3.7948,7.5304,4.3769,0.0,0.9278,0.8582,16.06,18.614,52.221
1231,0,0.5098,0.8098,3.7948,7.5181,4.378,0.0,0.9268,0.8581,16.09,18.981,52.218
1232,0,0.5347,0.8347,3.7948,7.5266,4.3795,0.0,0.9259,0.8591,16.12,18.713,52.261
1233,0,0.5625,0.8625,3.7948,7.5402,4.3809,0.0,0.925,0.8593,16.09,18.338,52.269
1234,0,0.5792,0.8792,3.7948,7.548,4.3824,0.0,0.9241,0.8583,16.12,18.332,52.2
1235,0,0.569,0.869,3.7948,7.5385,4.3839,0.0,0.9232,0.8581,16.1,18.404,52.193
1236,0,0.5248,0.8248,3.7948,7.5305,4.3854,0.0,0.9224,0.8579,16.16,18.623,52.195
1237,0,0.4848,0.7848,3.7948,7.5178,4.3864,0.0,0.9214,0.8572,16.08,19.036,52.189
1238,0,0.4658,0.7658,3.7948,7.5171,4.3879,0.0,0.9205,0.856,16.09,18.981,52.202
1239,0,0.4278,0.7278,3.7948,7.4997,4.3892,0.0,0.9196,0.8561,16.12,18.77,52.187
1240,0,0.4734,0.7734,3.7948,7.501,4.3906,0.0,0.9186,0.8562,16.07,18.793,52.202
1241,0,0.5025,0.8025,3.7948,7.5145,4.392,0.0,0.9178,0.8584,16.12,18.543,52.236
1242,0,0.5012,0.8012,3.7948,7.5179,4.3933,0.0,0.9168,0.8556,16.1,18.809,52.211
1243,0,0.4765,0.7765,3.7948,7.5004,4.3946,0.0,0.9159,0.8566,16.1,19.116,52.199
1244,0,0.489,0.789,3.7948,7.5127,4.3959,0.0,0.915,0.8553,16.05,18.903,52.165
1245,0,0.4905,0.7905,3.7948,7.5175,4.3976,0.0,0.9142,0.856,16.2,18.309,52.184
1246,0,0.4855,0.7855,3.7948,7.5117,4.399,0.0,0.9132,0.8548,16.09,18.306,52.157
1247,0,0.4585,0.7585,3.7948,7.5089,4.4004,0.0,0.9124,0.8548,16.13,18.967,52.158
1248,0,0.4533,0.7533,3.7948,7.5035,4.4018,0.0,0.9115,0.8545,16.11,18.818,52.171
1249,0,0.5228,0.8228,3.7948,7.5256,4.4033,0.0,0.9105,0.8545,16.08,18.584,52.171
1250,0,0.4442,0.7442,3.7948,7.5089,4.4046,0.0,0.9096,0.8545,16.09,18.723,52.171
1251,0,0.4693,0.7693,3.7948,7.513,4.4062,0.0,0.9087,0.8553,16.17,18.871,52.216
1252,0,0.4741,0.7741,3.7948,7.5141,4.4077,0.0,0.9078,0.8564,16.12,18.48,52.194
1253,0,0.473,0.773,3.7948,7.5111,4.4091,0.0,0.9069,0.8561,16.1,18.553,52.176
1254,0,0.4839,0.7839,3.7948,7.5301,4.4103,0.0,0.906,0.8541,16.07,18.959,52.147
1255,0,0.4639,0.7639,3.7948,7.5254,4.4121,0.0,0.9052,0.8549,16.21,18.386,52.192
1256,0,0.4559,0.7559,3.7948,7.5209,4.4135,0.0,0.9043,0.856,16.07,18.239,52.226
1257,0,0.4608,0.7608,3.7948,7.5253,4.4148,0.0,0.9033,0.8572,16.08,18.941,52.231
1258,0,0.4816,0.7816,3.7948,7.521,4.4159,0.0,0.9024,0.8553,16.06,19.468,52.163
1259,0,0.4612,0.7612,3.7948,7.516,4.4172,0.0,0.9015,0.8553,16.12,19.126,52.163
1260,0,0.4505,0.7505,3.7948,7.5116,4.4185,0.0,0.9006,0.8561,16.13,18.908,52.208
1261,0,0.4715,0.7715,3.7948,7.5121,4.4199,0.0,0.8997,0.8561,16.11,18.844,52.208
1262,0,0.4836,0.7836,3.7948,7.512,4.4213,0.0,0.8988,0.8561,16.05,18.674,52.192
1263,0,0.4331,0.7331,3.7948,7.5008,4.4224,0.0,0.8978,0.8565,16.1,19.117,52.197
1264,0,0.4013,0.7013,3.7948,7.4834,4.4235,0.0,0.8969,0.8568,16.06,19.846,52.251
1265,0,0.3836,0.6836,3.7948,7.4849,4.4252,0.0,0.896,0.8567,16.19,19.176,52.246
1266,0,0.4021,0.7021,3.7948,7.4817,4.427,0.0,0.8951,0.8576,16.12,18.343,52.259
1267,0,0.4454,0.7454,3.7948,7.501,4.4284,0.0,0.8942,0.8578,16.06,18.347,52.272
1268,0,0.4258,0.7258,3.7948,7.4994,4.4299,0.0,0.8933,0.8586,16.12,18.651,52.277
1269,0,0.4289,0.7289,3.7948,7.5017,4.4311,0.0,0.8923,0.86,16.04,18.936,52.301
1270,0,0.446,0.746,3.7948,7.5059,4.4324,0.0,0.8913,0.8576,16.04,19.122,52.224
1271,0,0.4577,0.7577,3.7948,7.5057,4.4338,0.0,0.8904,0.859,16.05,18.759,52.27
1272,0,0.4032,0.7032,3.7948,7.4884,4.435,0.0,0.8893,0.8592,15.99,18.82,52.283
1273,0,0.4196,0.7196,3.7948,7.5049,4.4359,0.0,0.8882,0.8567,15.92,19.163,52.217
1274,0,0.4759,0.7759,3.7948,7.5136,4.4373,0.0,0.8872,0.8577,16.05,19.127,52.226
1275,0,0.4289,0.7289,3.7948,7.5018,4.4385,0.0,0.8863,0.8544,16.09,19.049,52.19
1276,0,0.3976,0.6976,3.7948,7.4886,4.4401,0.0,0.8854,0.8527,16.12,18.939,52.136
1277,0,0.3994,0.6994,3.7948,7.4973,4.4415,0.0,0.8845,0.8543,16.1,18.653,52.208
1278,0,0.3939,0.6939,3.7948,7.48,4.4426,0.0,0.8835,0.8553,16.06,19.276,52.166
1279,0,0.4165,0.7165,3.7948,7.4894,4.4437,0.0,0.8825,0.8553,15.97,19.843,52.166
1280,0,0.4075,0.7075,3.7948,7.4932,4.4447,0.0,0.8814,0.8517,15.96,19.835,52.152
1281,0,0.4261,0.7261,3.7948,7.4955,4.4462,0.0,0.8805,0.851,16.09,19.656,52.14
1282,0,0.4429,0.7429,3.7948,7.4994,4.4476,0.0,0.8795,0.8524,16.02,18.943,52.144
1283,0,0.4557,0.7557,3.7948,7.503,4.4488,0.0,0.8785,0.8523,16.02,19.011,52.168
1284,0,0.382,0.682,3.7948,7.4845,4.4501,0.0,0.8774,0.852,16.0,19.422,52.17
1285,0,0.4305,0.7305,3.7948,7.5033,4.4514,0.0,0.8765,0.8519,16.12,19.391,52.166
1286,0,0.4082,0.7082,3.7948,7.4746,4.4527,0.0,0.8756,0.8522,16.06,19.436,52.173
1287,0,0.4178,0.7178,3.7948,7.4795,4.4538,0.0,0.8745,0.8535,16.01,19.419,52.184
1288,0,0.3811,0.6811,3.7948,7.4631,4.4551,0.0,0.8735,0.8534,15.96,19.229,52.183
1289,0,0.4024,0.7024,3.7948,7.4763,4.4561,0.0,0.8725,0.8548,16.01,19.643,52.2
1290,0,0.4721,0.7721,3.7948,7.4989,4.4574,0.0,0.8715,0.8551,16.08,20.109,52.198
1291,0,0.4359,0.7359,3.7948,7.4873,4.4584,0.0,0.8705,0.8547,16.0,19.985,52.197
1292,0,0.4788,0.7788,3.7948,7.4936,4.4597,0.0,0.8695,0.8534,16.02,19.5,52.141
1293,0,0.4627,0.7627,3.7948,7.4981,4.4612,0.0,0.8686,0.854,16.1,19.026,52.149
1294,0,0.4399,0.7399,3.7948,7.4984,4.4627,0.0,0.8677,0.8532,16.14,18.705,52.175
1295,0,0.4645,0.7645,3.7948,7.4985,4.4641,0.0,0.8668,0.8537,16.06,18.787,52.179
1296,0,0.4614,0.7614,3.7948,7.4969,4.4655,0.0,0.8658,0.8532,16.09,18.865,52.141
1297,0,0.4896,0.7896,3.7948,7.5027,4.4669,0.0,0.8648,0.8537,16.03,19.033,52.156
1298,0,0.4501,0.7501,3.7948,7.4886,4.4683,0.0,0.8638,0.8541,16.03,19.003,52.16
1299,0,0.4509,0.7509,3.7948,7.4847,4.4697,0.0,0.8629,0.8526,16.06,19.123,52.152
1300,0,0.3555,0.6555,3.7948,7.465,4.471,0.0,0.8619,0.8529,16.06,19.383,52.15
1301,0,0.3608,0.6608,3.7948,7.4701,4.4724,0.0,0.8609,0.8529,16.0,19.026,52.15
1302,0,0.3559,0.6559,3.7948,7.465,4.4739,0.0,0.86,0.8516,16.09,18.695,52.139
1303,0,0.4112,0.7112,3.7948,7.4687,4.4755,0.0,0.8591,0.8526,16.14,18.806,52.145
1304,0,0.4384,0.7384,3.7948,7.4811,4.477,0.0,0.8582,0.8539,16.07,18.952,52.158
1305,0,0.4004,0.7004,3.7948,7.4806,4.4783,0.0,0.8572,0.8537,16.07,19.206,52.162
1306,0,0.4112,0.7112,3.7948,7.4816,4.48,0.0,0.8564,0.8564,16.16,18.972,52.209
1307,0,0.4289,0.7289,3.7948,7.4845,4.4814,0.0,0.8553,0.8549,16.02,19.073,52.183
1308,0,0.4506,0.7506,3.7948,7.4945,4.4828,0.0,0.8544,0.8547,16.09,19.303,52.19
1309,0,0.4278,0.7278,3.7948,7.4852,4.4839,0.0,0.8534,0.8545,15.97,19.879,52.18
1310,0,0.4697,0.7697,3.7948,7.4925,4.4853,0.0,0.8524,0.8546,16.08,19.663,52.181
1311,0,0.4407,0.7407,3.7948,7.4831,4.4865,0.0,0.8514,0.8535,15.99,19.669,52.17
1312,0,0.4486,0.7486,3.7948,7.4788,4.4879,0.0,0.8504,0.8538,16.06,19.485,52.136
1313,0,0.4495,0.7495,3.7948,7.4766,4.4894,0.0,0.8495,0.8514,16.04,18.997,52.085
1314,0,0.459,0.759,3.7948,7.4928,4.4907,0.0,0.8485,0.8537,16.03,19.009,52.135
1315,0,0.4564,0.7564,3.7948,7.4807,4.4918,0.0,0.8474,0.8529,15.99,19.59,52.117
1316,0,0.4492,0.7492,3.7948,7.4751,4.4929,0.0,0.8464,0.8528,15.99,19.935,52.131
1317,0,0.4499,0.7499,3.7948,7.4795,4.494,0.0,0.8454,0.8528,16.01,20.339,52.127
1318,0,0.4445,0.7445,3.7948,7.48,4.4955,0.0,0.8445,0.8524,16.1,19.829,52.125
1319,0,0.4497,0.7497,3.7948,7.4789,4.4966,0.0,0.8435,0.8511,16.02,19.404,52.15
1320,0,0.4426,0.7426,3.7948,7.4799,4.4981,0.0,0.8425,0.8512,16.07,19.428,52.088
1321,0,0.4392,0.7392,3.7948,7.4855,4.4994,0.0,0.8415,0.8519,16.03,19.273,52.119
1322,0,0.4673,0.7673,3.7948,7.4757,4.5008,0.0,0.8406,0.8518,16.06,19.178,52.133
1323,0,0.446,0.746,3.7948,7.4678,4.502,0.0,0.8395,0.8509,15.98,19.369,52.087
1324,0,0.4362,0.7362,3.7948,7.4677,4.5035,0.0,0.8385,0.8496,16.06,19.573,52.069
1325,0,0.4782,0.7782,3.7948,7.4833,4.5049,0.0,0.8376,0.8505,16.05,19.193,52.079
1326,0,0.4465,0.7465,3.7948,7.4703,4.506,0.0,0.8365,0.8478,16.01,19.818,52.039
1327,0,0.4536,0.7536,3.7948,7.4661,4.5073,0.0,0.8356,0.8493,16.04,19.901,52.073
1328,0,0.4722,0.7722,3.7948,7.4744,4.5085,0.0,0.8345,0.851,15.95,19.66,52.106
1329,0,0.4996,0.7996,3.7948,7.4853,4.5098,0.0,0.8335,0.8515,16.03,20.044,52.115
1330,0,0.4953,0.7953,3.7948,7.485,4.5109,0.0,0.8325,0.8528,16.05,20.078,52.128
1331,0,0.4873,0.7873,3.7948,7.484,4.512,0.0,0.8314,0.8519,15.96,19.923,52.118
1332,0,0.4781,0.7781,3.7948,7.4841,4.513,0.0,0.8303,0.8523,15.92,20.249,52.159
1333,0,0.4743,0.7743,3.7948,7.4891,4.5145,0.0,0.8294,0.8531,16.09,19.688,52.133
1334,0,0.4844,0.7844,3.7948,7.4808,4.5159,0.0,0.8284,0.8542,16.06,19.285,52.141
1335,0,0.4869,0.7869,3.7948,7.4898,4.5173,0.0,0.8275,0.8558,16.07,19.433,52.21
1336,0,0.4863,0.7863,3.7948,7.4895,4.5187,0.0,0.8265,0.8536,16.04,19.61,52.158
1337,0,0.4443,0.7443,3.7948,7.4808,4.52,0.0,0.8254,0.8539,15.97,19.515,52.175
1338,0,0.3967,0.6967,3.7948,7.4781,4.5213,0.0,0.8244,0.8531,16.01,19.791,52.177
1339,0,0.3726,0.6726,3.7948,7.4692,4.5226,0.0,0.8235,0.8521,16.09,19.863,52.099
1340,0,0.3715,0.6715,3.7948,7.4688,4.5237,0.0,0.8224,0.8519,15.96,20.28,52.087
1341,0,0.3881,0.6881,3.7948,7.4739,4.5248,0.0,0.8214,0.8517,15.99,20.195,52.094
1342,0,0.3901,0.6901,3.7948,7.4819,4.5261,0.0,0.8203,0.8525,15.98,19.692,52.1
1343,0,0.3991,0.6991,3.7948,7.4827,4.5272,0.0,0.8193,0.8508,15.95,19.623,52.06
1344,0,0.3597,0.6597,3.7948,7.4825,4.5285,0.0,0.8183,0.8512,16.06,20.005,52.081
1345,0,0.4077,0.7077,3.7948,7.4956,4.5299,0.0,0.8173,0.8531,16.05,19.609,52.139
1346,0,0.4462,0.7462,3.7948,7.5031,4.5314,0.0,0.8164,0.8537,16.1,19.487,52.142
1347,0,0.431,0.731,3.7948,7.4952,4.5327,0.0,0.8154,0.8527,16.04,19.763,52.169
1348,0,0.3896,0.6896,3.7948,7.4873,4.5341,0.0,0.8145,0.852,16.07,19.961,52.141
1349,0,0.4012,0.7012,3.7948,7.4889,4.5353,0.0,0.8134,0.8509,15.99,19.824,52.128
1350,0,0.4199,0.7199,3.7948,7.4976,4.5365,0.0,0.8125,0.852,16.07,20.089,52.129
1351,0,0.425,0.725,3.7948,7.4927,4.538,0.0,0.8116,0.8516,16.09,19.796,52.136
1352,0,0.4217,0.7217,3.7948,7.4884,4.5392,0.0,0.8105,0.8516,16.0,19.765,52.136
1353,0,0.4247,0.7247,3.7948,7.4981,4.5403,0.0,0.8095,0.8521,16.03,20.378,52.144
1354,0,0.4051,0.7051,3.7948,7.4974,4.5418,0.0,0.8086,0.8521,16.1,20.083,52.144
1355,0,0.4363,0.7363,3.7948,7.5147,4.5431,0.0,0.8075,0.8524,15.97,19.639,52.184
1356,0,0.4117,0.7117,3.7948,7.5039,4.5444,0.0,0.8065,0.8502,16.02,19.756,52.143
1357,0,0.4329,0.7329,3.7948,7.5091,4.5456,0.0,0.8056,0.8519,16.05,19.872,52.151
1358,0,0.4618,0.7618,3.7948,7.5145,4.5468,0.0,0.8046,0.8505,16.06,19.805,52.118
1359,0,0.5023,0.8023,3.7948,7.5272,4.5484,0.0,0.8036,0.851,16.05,19.653,52.12
1360,0,0.4649,0.7649,3.7948,7.5034,4.5495,0.0,0.8026,0.8523,16.01,19.908,52.132
1361,0,0.4893,0.7893,3.7948,7.5215,4.5507,0.0,0.8017,0.8523,16.1,19.99,52.132
1362,0,0.459,0.759,3.7948,7.5165,4.552,0.0,0.8007,0.8522,16.03,19.88,52.13
1363,0,0.4815,0.7815,3.7948,7.5218,4.5534,0.0,0.7998,0.8533,16.09,19.802,52.143
1364,0,0.507,0.807,3.7948,7.5265,4.5548,0.0,0.7989,0.8524,16.1,19.879,52.139
1365,0,0.4596,0.7596,3.7948,7.5128,4.5558,0.0,0.7979,0.8544,16.01,20.364,52.159
1366,0,0.426,0.726,3.7948,7.5094,4.5571,0.0,0.7968,0.854,16.01,20.306,52.188
1367,0,0.4365,0.7365,3.7948,7.5113,4.5583,0.0,0.7958,0.8536,16.01,19.951,52.18
1368,0,0.4605,0.7605,3.7948,7.5272,4.5599,0.0,0.7949,0.853,16.1,19.545,52.179
1369,0,0.438,0.738,3.7948,7.5141,4.5615,0.0,0.794,0.852,16.12,19.42,52.136
1370,0,0.5148,0.8148,3.7948,7.5352,4.5626,0.0,0.793,0.8521,16.03,20.061,52.093
1371,0,0.5247,0.8247,3.7948,7.539,4.5636,0.0,0.792,0.8549,16.01,20.482,52.183
1372,0,0.4832,0.7832,3.7948,7.523,4.565,0.0,0.7911,0.855,16.12,20.127,52.176
1373,0,0.458,0.758,3.7948,7.5291,4.5663,0.0,0.7901,0.8549,16.05,19.795,52.159
1374,0,0.4477,0.7477,3.7948,7.5239,4.5676,0.0,0.7892,0.8549,16.06,19.787,52.155
1375,0,0.4768,0.7768,3.7948,7.5107,4.5688,0.0,0.7882,0.8508,16.03,20.119,52.097
1376,0,0.5195,0.8195,3.7948,7.5281,4.57,0.0,0.7872,0.8506,16.03,20.098,52.079
1377,0,0.51,0.81,3.7948,7.5342,4.5715,0.0,0.7863,0.8529,16.11,19.55,52.118
1378,0,0.5351,0.8351,3.7948,7.538,4.573,0.0,0.7854,0.852,16.13,19.498,52.11
1379,0,0.5121,0.8121,3.7948,7.5283,4.5741,0.0,0.7844,0.8513,16.03,19.937,52.13
1380,0,0.4999,0.7999,3.7948,7.5286,4.5755,0.0,0.7835,0.8537,16.09,19.957,52.163
1381,0,0.4748,0.7748,3.7948,7.5208,4.577,0.0,0.7826,0.8524,16.1,19.718,52.145
1382,0,0.5299,0.8299,3.7948,7.5494,4.5781,0.0,0.7816,0.8541,16.07,19.746,52.165
1383,0,0.5071,0.8071,3.7948,7.5359,4.5793,0.0,0.7806,0.8541,16.0,20.346,52.167
1384,0,0.3805,0.6805,3.7948,7.4854,4.5807,0.0,0.7796,0.8512,16.05,20.195,52.118
1385,0,0.4417,0.7417,3.7948,7.5085,4.5821,0.0,0.7787,0.8519,16.12,19.75,52.104
1386,0,0.4159,0.7159,3.7948,7.4956,4.5833,0.0,0.7777,0.8538,16.01,20.031,52.138
1387,0,0.4723,0.7723,3.7948,7.5093,4.5845,0.0,0.7767,0.852,16.02,20.612,52.104
1388,0,0.4142,0.7142,3.7948,7.4917,4.5858,0.0,0.7757,0.8501,16.06,20.569,52.086
1389,0,0.4424,0.7424,3.7948,7.4999,4.5871,0.0,0.7747,0.852,16.05,20.121,52.121
1390,0,0.4345,0.7345,3.7948,7.5056,4.5884,0.0,0.7737,0.852,16.01,19.882,52.124
1391,0,0.4128,0.7128,3.7948,7.4831,4.5896,0.0,0.7727,0.8506,16.02,20.215,52.076
1392,0,0.4607,0.7607,3.7948,7.4969,4.5909,0.0,0.7717,0.8517,16.05,20.239,52.103
1393,0,0.4514,0.7514,3.7948,7.5007,4.592,0.0,0.7708,0.8501,16.03,20.318,52.08
1394,0,0.5205,0.8205,3.7948,7.526,4.5931,0.0,0.7697,0.8519,15.98,20.553,52.124
1395,0,0.5486,0.8486,3.7948,7.5247,4.5943,0.0,0.7687,0.851,16.04,20.241,52.093
1396,0,0.5623,0.8623,3.7948,7.5232,4.5957,0.0,0.7678,0.851,16.09,19.869,52.131
1397,0,0.5869,0.8869,3.7948,7.5391,4.5969,0.0,0.7668,0.8517,16.03,19.952,52.117
1398,0,0.5617,0.8617,3.7948,7.5436,4.598,0.0,0.7657,0.8525,15.97,20.401,52.129
1399,0,0.5913,0.8913,3.7948,7.54,4.5992,0.0,0.7648,0.851,16.05,20.604,52.082
1400,0,0.5909,0.8909,3.7948,7.5544,4.6005,0.0,0.7639,0.8533,16.09,20.601,52.148
1401,0,0.592,0.892,3.7948,7.5552,4.6017,0.0,0.7629,0.8533,16.07,20.547,52.148
1402,0,0.5143,0.8143,3.7948,7.5328,4.6033,0.0,0.762,0.8508,16.1,19.956,52.107
1403,0,0.5009,0.8009,3.7948,7.5353,4.6048,0.0,0.7611,0.8518,16.1,19.685,52.137
1404,0,0.4847,0.7847,3.7948,7.5347,4.6059,0.0,0.7601,0.8518,16.05,20.224,52.137
1405,0,0.4895,0.7895,3.7948,7.5322,4.6071,0.0,0.7591,0.8508,16.06,20.853,52.107
1406,0,0.5111,0.8111,3.7948,7.5274,4.6083,0.0,0.7582,0.852,16.1,20.601,52.14
1407,0,0.4762,0.7762,3.7948,7.5261,4.6096,0.0,0.7572,0.8515,16.04,20.475,52.119
1408,0,0.5076,0.8076,3.7948,7.5313,4.6108,0.0,0.7563,0.8524,16.04,20.442,52.147
1409,0,0.4281,0.7281,3.7948,7.516,4.6122,0.0,0.7553,0.8499,16.08,20.291,52.115
1410,0,0.4428,0.7428,3.7948,7.5115,4.6135,0.0,0.7543,0.8499,16.04,20.139,52.089
1411,0,0.4771,0.7771,3.7948,7.5258,4.6145,0.0,0.7533,0.8516,16.02,20.503,52.114
1412,0,0.4411,0.7411,3.7948,7.5125,4.6161,0.0,0.7525,0.8505,16.18,20.313,52.097
1413,0,0.4288,0.7288,3.7948,7.5027,4.6172,0.0,0.7515,0.8511,16.02,20.298,52.116
1414,0,0.4316,0.7316,3.7948,7.5122,4.6188,0.0,0.7506,0.8521,16.11,19.897,52.14
1415,0,0.4778,0.7778,3.7948,7.5085,4.6202,0.0,0.7496,0.8522,16.05,19.489,52.142
1416,0,0.4435,0.7435,3.7948,7.5051,4.6215,0.0,0.7487,0.8501,16.05,20.018,52.112
1417,0,0.4595,0.7595,3.7948,7.5094,4.6227,0.0,0.7477,0.8512,16.07,20.304,52.123
1418,0,0.5206,0.8206,3.7948,7.5314,4.6241,0.0,0.7467,0.852,15.96,20.315,52.145
1419,0,0.4941,0.7941,3.7948,7.5273,4.6254,0.0,0.7456,0.8525,16.0,20.276,52.167
1420,0,0.4693,0.7693,3.7948,7.5174,4.6269,0.0,0.7447,0.8517,16.11,19.801,52.15
1421,0,0.4403,0.7403,3.7948,7.5129,4.6282,0.0,0.7437,0.8514,16.0,19.75,52.15
1422,0,0.4314,0.7314,3.7948,7.5071,4.6294,0.0,0.7427,0.85,16.05,20.428,52.093
1423,0,0.427,0.727,3.7948,7.5084,4.6305,0.0,0.7417,0.8507,16.0,20.603,52.125
1424,0,0.4118,0.7118,3.7948,7.4986,4.6317,0.0,0.7407,0.8512,16.04,20.545,52.13
1425,0,0.3844,0.6844,3.7948,7.4894,4.6328,0.0,0.7396,0.8515,15.98,20.677,52.149
1426,0,0.4115,0.7115,3.7948,7.5033,4.6341,0.0,0.7386,0.8528,15.97,20.596,52.183
1427,0,0.3974,0.6974,3.7948,7.502,4.6354,0.0,0.7376,0.8499,16.01,20.465,52.109
1428,0,0.3814,0.6814,3.7948,7.497,4.6363,0.0,0.7365,0.8513,15.94,20.903,52.125
1429,0,0.4306,0.7306,3.7948,7.5063,4.6376,0.0,0.7355,0.8527,16.03,20.906,52.146
1430,0,0.397,0.697,3.7948,7.5049,4.6388,0.0,0.7344,0.8515,15.99,20.675,52.105
1431,0,0.4034,0.7034,3.7948,7.5102,4.64,0.0,0.7334,0.8526,16.02,20.515,52.144
1432,0,0.4278,0.7278,3.7948,7.4902,4.6412,0.0,0.7323,0.8528,15.98,20.716,52.159
1433,0,0.4395,0.7395,3.7948,7.5057,4.6425,0.0,0.7314,0.8521,16.06,20.902,52.14
1434,0,0.4756,0.7756,3.7948,7.5135,4.6435,0.0,0.7303,0.853,15.98,20.966,52.156
1435,0,0.4623,0.7623,3.7948,7.5087,4.6448,0.0,0.7293,0.853,16.01,20.653,52.156
1436,0,0.4499,0.7499,3.7948,7.505,4.6459,0.0,0.7283,0.853,16.03,20.645,52.145
1437,0,0.4712,0.7712,3.7948,7.5111,4.6471,0.0,0.7273,0.8527,16.03,20.954,52.143
1438,0,0.4542,0.7542,3.7948,7.5132,4.6483,0.0,0.7263,0.8514,16.02,20.769,52.131
1439,0,0.4344,0.7344,3.7948,7.5001,4.6495,0.0,0.7253,0.8515,16.0,20.798,52.126
1440,0,0.4071,0.7071,3.7948,7.4898,4.6507,0.0,0.7242,0.8501,16.01,20.801,52.114
1441,0,0.4383,0.7383,3.7948,7.4981,4.652,0.0,0.7232,0.85,16.03,20.82,52.111
1442,0,0.4258,0.7258,3.7948,7.5043,4.6533,0.0,0.7222,0.8503,16.02,20.622,52.121
1443,0,0.4324,0.7324,3.7948,7.5114,4.6545,0.0,0.7213,0.8504,16.08,20.746,52.121
1444,0,0.4535,0.7535,3.7948,7.5124,4.6555,0.0,0.7203,0.8519,16.01,20.91,52.129
1445,0,0.489,0.789,3.7948,7.518,4.6565,0.0,0.7192,0.8526,15.96,21.139,52.14
1446,0,0.4703,0.7703,3.7948,7.5318,4.6578,0.0,0.7182,0.8516,16.05,21.038,52.119
1447,0,0.4836,0.7836,3.7948,7.5151,4.6589,0.0,0.7172,0.8514,16.02,21.013,52.13
1448,0,0.4892,0.7892,3.7948,7.5157,4.6602,0.0,0.7162,0.853,16.03,20.964,52.169
1449,0,0.488,0.788,3.7948,7.5242,4.6614,0.0,0.7152,0.8528,16.01,20.807,52.164
1450,0,0.5102,0.8102,3.7948,7.5287,4.6627,0.0,0.7142,0.8531,16.05,20.631,52.164
1451,0,0.4916,0.7916,3.7948,7.5193,4.6637,0.0,0.7132,0.8529,16.0,20.862,52.156
1452,0,0.4469,0.7469,3.7948,7.5072,4.6651,0.0,0.7122,0.8532,16.06,20.843,52.167
1453,0,0.4435,0.7435,3.7948,7.5032,4.6664,0.0,0.7112,0.8507,16.04,20.646,52.124
1454,0,0.4462,0.7462,3.7948,7.497,4.6676,0.0,0.7102,0.8505,16.02,20.964,52.12
1455,0,0.496,0.796,3.7948,7.5206,4.6686,0.0,0.7092,0.8516,15.99,21.186,52.146
1456,0,0.4967,0.7967,3.7948,7.5139,4.6698,0.0,0.7082,0.8535,16.08,21.099,52.143
1457,0,0.5055,0.8055,3.7948,7.5309,4.6711,0.0,0.7073,0.8535,16.03,20.557,52.143
1458,0,0.4991,0.7991,3.7948,7.524,4.6722,0.0,0.7062,0.8525,16.0,20.88,52.133
1459,0,0.4702,0.7702,3.7948,7.5147,4.6734,0.0,0.7052,0.8536,16.03,21.072,52.146
1460,0,0.5084,0.8084,3.7948,7.5346,4.6746,0.0,0.7042,0.8525,16.03,20.876,52.132
1461,0,0.4566,0.7566,3.7948,7.5126,4.6759,0.0,0.7033,0.853,16.09,20.694,52.176
1462,0,0.4696,0.7696,3.7948,7.4999,4.6771,0.0,0.7023,0.8523,16.01,20.623,52.19
1463,0,0.5135,0.8135,3.7948,7.5167,4.6782,0.0,0.7012,0.8532,16.02,20.802,52.159
1464,0,0.4544,0.7544,3.7948,7.5139,4.6795,0.0,0.7002,0.8527,16.03,21.32,52.169
1465,0,0.4636,0.7636,3.7948,7.5145,4.6804,0.0,0.6992,0.8525,15.98,21.104,52.178
1466,0,0.4472,0.7472,3.7948,7.5089,4.6817,0.0,0.6982,0.8528,16.02,20.774,52.182
1467,0,0.4888,0.7888,3.7948,7.5158,4.6827,0.0,0.6972,0.8494,16.03,20.905,52.126
1468,0,0.5289,0.8289,3.7948,7.5308,4.6839,0.0,0.6962,0.8488,16.04,20.969,52.097
1469,0,0.4963,0.7963,3.7948,7.5136,4.6855,0.0,0.6953,0.8493,16.14,20.468,52.11
1470,0,0.4943,0.7943,3.7948,7.5024,4.6868,0.0,0.6943,0.8508,16.04,20.594,52.124
1471,0,0.4762,0.7762,3.7948,7.5151,4.6881,0.0,0.6934,0.8495,16.09,20.874,52.11
1472,0,0.5167,0.8167,3.7948,7.5229,4.6895,0.0,0.6924,0.8549,16.05,20.712,52.213
1473,0,0.4389,0.7389,3.7948,7.4893,4.6907,0.0,0.6915,0.8579,16.04,20.547,52.269
1474,0,0.4618,0.7618,3.7948,7.5076,4.6917,0.0,0.6903,0.8567,15.92,21.087,52.25
1475,0,0.478,0.778,3.7948,7.5235,4.6929,0.0,0.6894,0.8537,16.07,21.046,52.207
1476,0,0.4694,0.7694,3.7948,7.5169,4.6941,0.0,0.6884,0.8536,16.01,20.833,52.189
1477,0,0.4432,0.7432,3.7948,7.4982,4.6952,0.0,0.6873,0.8536,16.0,21.043,52.189
1478,0,0.4496,0.7496,3.7948,7.5131,4.6961,0.0,0.6864,0.8546,16.04,21.254,52.237
1479,0,0.4362,0.7362,3.7948,7.5207,4.6976,0.0,0.6855,0.8541,16.13,21.164,52.224
1480,0,0.4966,0.7966,3.7948,7.5338,4.6989,0.0,0.6846,0.8533,16.09,20.542,52.212
1481,0,0.4709,0.7709,3.7948,7.5163,4.7003,0.0,0.6836,0.8563,16.04,20.407,52.269
1482,0,0.5034,0.8034,3.7948,7.5353,4.7018,0.0,0.6827,0.8552,16.12,20.387,52.259
1483,0,0.4214,0.7214,3.7948,7.4901,4.7031,0.0,0.6818,0.8539,16.09,20.506,52.244
1484,0,0.425,0.725,3.7948,7.4931,4.7041,0.0,0.6807,0.8526,15.99,21.092,52.216
1485,0,0.3949,0.6949,3.7948,7.4938,4.7053,0.0,0.6797,0.8552,16.03,21.094,52.255
1486,0,0.3915,0.6915,3.7948,7.4887,4.7063,0.0,0.6787,0.8548,16.02,21.605,52.235
1487,0,0.4273,0.7273,3.7948,7.4947,4.7076,0.0,0.6778,0.8556,16.06,21.568,52.261
1488,0,0.3895,0.6895,3.7948,7.4784,4.7085,0.0,0.6767,0.8531,15.94,21.331,52.158
1489,0,0.3701,0.6701,3.7948,7.4688,4.7101,0.0,0.6757,0.8513,16.08,20.685,52.128
1490,0,0.4071,0.7071,3.7948,7.4754,4.7114,0.0,0.6748,0.8527,16.09,20.384,52.157
1491,0,0.4008,0.7008,3.7948,7.491,4.7124,0.0,0.6738,0.8527,16.04,21.005,52.16
1492,0,0.4723,0.7723,3.7948,7.5241,4.7137,0.0,0.6729,0.8566,16.05,20.952,52.243
1493,0,0.436,0.736,3.7948,7.5171,4.715,0.0,0.6719,0.8561,16.06,20.583,52.239
1494,0,0.3874,0.6874,3.7948,7.4883,4.7164,0.0,0.6711,0.8544,16.17,20.736,52.211
1495,0,0.4216,0.7216,3.7948,7.498,4.7176,0.0,0.6701,0.8548,16.09,20.552,52.24
1496,0,0.3566,0.6566,3.7948,7.4951,4.7187,0.0,0.6691,0.8542,16.03,21.153,52.2
1497,0,0.3397,0.6397,3.7948,7.4855,4.7199,0.0,0.6683,0.8543,16.11,21.341,52.203
1498,0,0.3609,0.6609,3.7948,7.4973,4.721,0.0,0.6673,0.854,16.06,21.353,52.204
1499,0,0.3666,0.6666,3.7948,7.4912,4.722,0.0,0.6663,0.8542,16.03,21.589,52.201
1500,0,0.3848,0.6848,3.7948,7.4941,4.7233,0.0,0.6654,0.8551,16.1,21.571,52.228
1501,0,0.337,0.637,3.7948,7.4871,4.7245,0.0,0.6644,0.8532,16.07,21.41,52.187
1502,0,0.3424,0.6424,3.7948,7.478,4.7258,0.0,0.6635,0.8537,16.08,20.815,52.211
1503,0,0.3851,0.6851,3.7948,7.4993,4.7268,0.0,0.6625,0.8548,16.01,21.01,52.226
1504,0,0.3624,0.6624,3.7948,7.4955,4.7281,0.0,0.6615,0.8544,16.06,21.305,52.19
1505,0,0.4045,0.7045,3.7948,7.4994,4.7292,0.0,0.6606,0.8535,16.06,21.207,52.196
1506,0,0.4168,0.7168,3.7948,7.5083,4.7304,0.0,0.6596,0.855,16.05,21.43,52.204
1507,0,0.3675,0.6675,3.7948,7.4826,4.7319,0.0,0.6587,0.8521,16.12,20.884,52.165
1508,0,0.3485,0.6485,3.7948,7.4832,4.7331,0.0,0.6578,0.8526,16.07,20.55,52.192
1509,0,0.3673,0.6673,3.7948,7.4927,4.7343,0.0,0.6568,0.8522,16.08,20.945,52.19
1510,0,0.3791,0.6791,3.7948,7.49,4.7357,0.0,0.6559,0.8519,16.1,21.186,52.179
1511,0,0.3835,0.6835,3.7948,7.4935,4.7368,0.0,0.655,0.8525,16.07,21.306,52.18
1512,0,0.4055,0.7055,3.7948,7.5014,4.738,0.0,0.6541,0.854,16.13,21.446,52.22
1513,0,0.4203,0.7203,3.7948,7.5026,4.7394,0.0,0.6532,0.8541,16.06,21.003,52.22
1514,0,0.3923,0.6923,3.7948,7.4855,4.7404,0.0,0.6521,0.8514,15.99,21.121,52.156
1515,0,0.3493,0.6493,3.7948,7.4837,4.7414,0.0,0.6512,0.8525,16.06,21.506,52.178
1516,0,0.3748,0.6748,3.7948,7.4974,4.7427,0.0,0.6502,0.8527,16.05,21.484,52.19
1517,0,0.3957,0.6957,3.7948,7.5023,4.7439,0.0,0.6493,0.8546,16.1,21.408,52.22
1518,0,0.3903,0.6903,3.7948,7.4977,4.7448,0.0,0.6482,0.8533,16.01,21.919,52.186
1519,0,0.4409,0.7409,3.7948,7.5148,4.7462,0.0,0.6473,0.8555,16.05,21.615,52.221
1520,0,0.4378,0.7378,3.7948,7.4975,4.7475,0.0,0.6463,0.8542,16.05,20.742,52.187
1521,0,0.4226,0.7226,3.7948,7.5079,4.7487,0.0,0.6454,0.8529,16.1,21.125,52.165
1522,0,0.4362,0.7362,3.7948,7.5257,4.75,0.0,0.6444,0.8552,16.08,21.257,52.228
1523,0,0.465,0.765,3.7948,7.5239,4.751,0.0,0.6434,0.8558,16.01,21.202,52.237
1524,0,0.3969,0.6969,3.7948,7.5029,4.7522,0.0,0.6425,0.8557,16.08,21.455,52.253
1525,0,0.3898,0.6898,3.7948,7.4901,4.7537,0.0,0.6416,0.8519,16.11,20.901,52.165
1526,0,0.4001,0.7001,3.7948,7.4918,4.7546,0.0,0.6405,0.8547,16.0,21.229,52.185
1527,0,0.3506,0.6506,3.7948,7.4756,4.7556,0.0,0.6396,0.8526,16.04,21.852,52.156
1528,0,0.393,0.693,3.7948,7.4969,4.7564,0.0,0.6386,0.853,16.05,21.684,52.193
1529,0,0.4276,0.7276,3.7948,7.5003,4.7576,0.0,0.6376,0.8528,16.06,21.467,52.161
1530,0,0.4042,0.7042,3.7948,7.5001,4.7586,0.0,0.6366,0.8536,16.0,21.279,52.181
1531,0,0.3702,0.6702,3.7948,7.4805,4.7596,0.0,0.6356,0.8526,16.02,21.728,52.154
1532,0,0.4097,0.7097,3.7948,7.4881,4.7607,0.0,0.6346,0.8518,15.99,21.82,52.141
1533,0,0.3853,0.6853,3.7948,7.489,4.7618,0.0,0.6336,0.8523,16.04,21.764,52.167
1534,0,0.4016,0.7016,3.7948,7.4936,4.7628,0.0,0.6326,0.8523,16.03,21.959,52.167
1535,0,0.4323,0.7323,3.7948,7.4985,4.7641,0.0,0.6317,0.8522,16.14,21.298,52.143
1536,0,0.3984,0.6984,3.7948,7.4904,4.765,0.0,0.6307,0.8523,16.01,21.392,52.167
1537,0,0.3772,0.6772,3.7948,7.4887,4.7663,0.0,0.6298,0.8533,16.09,21.331,52.194
1538,0,0.4413,0.7413,3.7948,7.5037,4.7673,0.0,0.6288,0.8538,16.07,21.324,52.195
1539,0,0.3819,0.6819,3.7948,7.4859,4.7688,0.0,0.6279,0.8516,16.14,21.332,52.15
1540,0,0.3993,0.6993,3.7948,7.4962,4.7699,0.0,0.6268,0.8511,15.89,21.254,52.107
1541,0,0.4042,0.7042,3.7948,7.4924,4.7707,0.0,0.6257,0.8502,15.99,21.824,52.073
1542,0,0.4049,0.7049,3.7948,7.4971,4.7721,0.0,0.6249,0.8515,16.13,21.561,52.127
1543,0,0.36,0.66,3.7948,7.484,4.7731,0.0,0.6238,0.8512,15.98,21.234,52.128
1544,0,0.3753,0.6753,3.7948,7.4857,4.7745,0.0,0.6228,0.8529,16.03,21.167,52.174
1545,0,0.3904,0.6904,3.7948,7.4998,4.7758,0.0,0.6219,0.8512,16.09,21.282,52.128
1546,0,0.3416,0.6416,3.7948,7.4828,4.7771,0.0,0.6209,0.8511,16.05,21.218,52.143
1547,0,0.434,0.734,3.7948,7.4985,4.7783,0.0,0.6199,0.8543,16.05,20.958,52.201
1548,0,0.4235,0.7235,3.7948,7.4884,4.7795,0.0,0.619,0.8543,16.07,21.217,52.201
1549,0,0.3799,0.6799,3.7948,7.4788,4.7807,0.0,0.618,0.8525,16.08,21.574,52.184
1550,0,0.422,0.722,3.7948,7.4997,4.7817,0.0,0.617,0.8539,16.04,21.995,52.226
1551,0,0.363,0.663,3.7948,7.4858,4.7829,0.0,0.6161,0.8536,16.08,21.809,52.199
1552,0,0.3849,0.6849,3.7948,7.4879,4.784,0.0,0.6151,0.8514,16.06,21.547,52.173
1553,0,0.3911,0.6911,3.7948,7.5056,4.7852,0.0,0.6141,0.8522,16.03,21.613,52.171
1554,0,0.3421,0.6421,3.7948,7.4634,4.786,0.0,0.6131,0.8512,16.02,22.048,52.17
1555,0,0.357,0.657,3.7948,7.4774,4.7873,0.0,0.6122,0.8507,16.1,21.754,52.15
1556,0,0.3307,0.6307,3.7948,7.4685,4.7885,0.0,0.6112,0.8507,16.04,21.559,52.15
1557,0,0.2823,0.5823,3.7948,7.4539,4.7895,0.0,0.6102,0.8503,16.03,22.035,52.142
1558,0,0.3376,0.6376,3.7948,7.4707,4.7906,0.0,0.6093,0.8521,16.1,21.928,52.164
1559,0,0.284,0.584,3.7948,7.4525,4.7919,0.0,0.6084,0.8531,16.1,21.519,52.157
1560,0,0.3355,0.6355,3.7948,7.4781,4.7929,0.0,0.6073,0.853,15.99,21.494,52.17
1561,0,0.3664,0.6664,3.7948,7.4918,4.794,0.0,0.6063,0.8538,16.0,21.753,52.2
1562,0,0.3315,0.6315,3.7948,7.4749,4.7951,0.0,0.6054,0.852,16.11,21.836,52.142
1563,0,0.3518,0.6518,3.7948,7.4742,4.7961,0.0,0.6045,0.8529,16.11,22.309,52.167
1564,0,0.3256,0.6256,3.7948,7.4707,4.7972,0.0,0.6035,0.852,16.07,22.088,52.142
1565,0,0.3414,0.6414,3.7948,7.4775,4.7983,0.0,0.6027,0.8531,16.13,21.899,52.168
1566,0,0.336,0.636,3.7948,7.4754,4.7994,0.0,0.6018,0.8526,16.11,22.037,52.143
1567,0,0.3885,0.6885,3.7948,7.4838,4.8004,0.0,0.6008,0.8526,16.05,22.16,52.136
1568,0,0.3317,0.6317,3.7948,7.4829,4.8015,0.0,0.5998,0.8514,16.02,21.875,52.158
1569,0,0.3932,0.6932,3.7948,7.4839,4.8026,0.0,0.5988,0.8518,16.1,21.742,52.149
1570,0,0.4033,0.7033,3.7948,7.4959,4.8034,0.0,0.5979,0.8544,16.05,22.296,52.226
1571,0,0.3533,0.6533,3.7948,7.4764,4.8046,0.0,0.5968,0.8543,16.02,22.185,52.22
1572,0,0.429,0.729,3.7948,7.4957,4.8057,0.0,0.5958,0.8514,16.01,21.887,52.154
1573,0,0.3917,0.6917,3.7948,7.4851,4.8066,0.0,0.5948,0.8528,16.01,22.12,52.169
1574,0,0.3483,0.6483,3.7948,7.4809,4.808,0.0,0.5939,0.8522,16.12,21.952,52.166
1575,0,0.3869,0.6869,3.7948,7.4943,4.8091,0.0,0.593,0.8517,16.07,21.814,52.159
1576,0,0.3854,0.6854,3.7948,7.4912,4.81,0.0,0.592,0.853,16.01,22.128,52.2
1577,0,0.4224,0.7224,3.7948,7.5058,4.8111,0.0,0.5911,0.8531,16.15,22.146,52.2
1578,0,0.3785,0.6785,3.7948,7.4877,4.8123,0.0,0.5901,0.8554,16.07,21.783,52.249
1579,0,0.3933,0.6933,3.7948,7.4957,4.8135,0.0,0.5892,0.8537,16.12,21.784,52.221
1580,0,0.3771,0.6771,3.7948,7.4951,4.8147,0.0,0.5884,0.8544,16.13,21.76,52.234
1581,0,0.344,0.644,3.7948,7.4878,4.816,0.0,0.5874,0.855,16.11,21.647,52.236
1582,0,0.3812,0.6812,3.7948,7.4968,4.8169,0.0,0.5865,0.8522,16.07,21.909,52.181
1583,0,0.3951,0.6951,3.7948,7.5082,4.8183,0.0,0.5857,0.8538,16.17,21.752,52.205
1584,0,0.36,0.66,3.7948,7.4974,4.8196,0.0,0.5848,0.8528,16.15,21.424,52.195
1585,0,0.4106,0.7106,3.7948,7.5156,4.8206,0.0,0.5839,0.8542,16.15,21.826,52.225
1586,0,0.4361,0.7361,3.7948,7.5157,4.8215,0.0,0.5829,0.8543,16.03,22.216,52.228
1587,0,0.464,0.764,3.7948,7.5339,4.8227,0.0,0.5821,0.853,16.14,22.17,52.219
1588,0,0.4346,0.7346,3.7948,7.5345,4.8238,0.0,0.5812,0.8526,16.12,22.163,52.201
1589,0,0.4322,0.7322,3.7948,7.5351,4.825,0.0,0.5803,0.8536,16.13,21.748,52.211
1590,0,0.4535,0.7535,3.7948,7.5366,4.8262,0.0,0.5793,0.8531,16.04,21.626,52.208
1591,0,0.409,0.709,3.7948,7.5298,4.8275,0.0,0.5784,0.8536,16.11,21.555,52.212
1592,0,0.3831,0.6831,3.7948,7.5074,4.8285,0.0,0.5775,0.8536,16.04,21.689,52.212
1593,0,0.3855,0.6855,3.7948,7.5166,4.8296,0.0,0.5766,0.8547,16.12,22.127,52.239
1594,0,0.3886,0.6886,3.7948,7.5068,4.8306,0.0,0.5756,0.8549,16.08,21.931,52.233
1595,0,0.3815,0.6815,3.7948,7.498,4.8319,0.0,0.5747,0.856,16.1,21.797,52.271
1596,0,0.3644,0.6644,3.7948,7.4963,4.833,0.0,0.5737,0.8555,16.06,22.005,52.246
1597,0,0.3712,0.6712,3.7948,7.5064,4.8343,0.0,0.5729,0.8555,16.14,22.042,52.246
1598,0,0.4224,0.7224,3.7948,7.5293,4.8354,0.0,0.5719,0.8549,16.08,22.051,52.242
1599,0,0.4366,0.7366,3.7948,7.5266,4.8365,0.0,0.571,0.8561,16.08,22.0,52.271
1600,0,0.3858,0.6858,3.7948,7.5062,4.8377,0.0,0.5701,0.8549,16.17,22.093,52.242
1601,0,0.4176,0.7176,3.7948,7.514,4.8388,0.0,0.5692,0.855,16.1,21.85,52.224
1602,0,0.4191,0.7191,3.7948,7.504,4.84,0.0,0.5683,0.8561,16.13,21.851,52.257
1603,0,0.4292,0.7292,3.7948,7.5073,4.8414,0.0,0.5675,0.8532,16.17,21.475,52.194
1604,0,0.4115,0.7115,3.7948,7.5126,4.8424,0.0,0.5666,0.8531,16.11,21.567,52.186
1605,0,0.4038,0.7038,3.7948,7.4996,4.8435,0.0,0.5657,0.8542,16.13,21.9,52.212
1606,0,0.4425,0.7425,3.7948,7.5266,4.8444,0.0,0.5647,0.8575,16.05,22.254,52.301
1607,0,0.4445,0.7445,3.7948,7.5266,4.8456,0.0,0.5639,0.8549,16.16,22.42,52.209
1608,0,0.4203,0.7203,3.7948,7.5134,4.8466,0.0,0.563,0.8534,16.06,21.953,52.195
1609,0,0.3956,0.6956,3.7948,7.5114,4.8477,0.0,0.5622,0.8541,16.2,21.985,52.209
1610,0,0.374,0.674,3.7948,7.4913,4.8487,0.0,0.5612,0.8527,16.08,21.99,52.174
1611,0,0.2782,0.5782,3.7948,7.4588,4.8497,0.0,0.5602,0.8531,16.06,22.241,52.174
1612,0,0.3173,0.6173,3.7948,7.4625,4.8509,0.0,0.5593,0.8554,16.09,22.163,52.217
1613,0,0.3279,0.6279,3.7948,7.4834,4.8519,0.0,0.5584,0.8546,16.09,21.813,52.208
1614,0,0.3279,0.6279,3.7948,7.4817,4.8531,0.0,0.5575,0.8528,16.17,22.014,52.165
1615,0,0.3591,0.6591,3.7948,7.5041,4.8541,0.0,0.5567,0.8526,16.15,22.436,52.175
1616,0,0.3944,0.6944,3.7948,7.5161,4.8552,0.0,0.5558,0.852,16.12,22.413,52.166
1617,0,0.435,0.735,3.7948,7.5071,4.8565,0.0,0.5549,0.8528,16.15,21.963,52.146
1618,0,0.4421,0.7421,3.7948,7.5145,4.8576,0.0,0.554,0.8529,16.11,21.6,52.152
1619,0,0.4282,0.7282,3.7948,7.5106,4.8587,0.0,0.5531,0.8542,16.13,21.79,52.185
1620,0,0.4383,0.7383,3.7948,7.5135,4.8598,0.0,0.5522,0.8542,16.06,22.248,52.185
1621,0,0.4199,0.7199,3.7948,7.5083,4.8608,0.0,0.5512,0.8529,16.03,22.454,52.152
1622,0,0.4239,0.7239,3.7948,7.5127,4.862,0.0,0.5502,0.854,16.1,22.129,52.178
1623,0,0.4857,0.7857,3.7948,7.5332,4.8634,0.0,0.5493,0.8555,16.07,21.718,52.204
1624,0,0.4463,0.7463,3.7948,7.5196,4.8646,0.0,0.5484,0.8548,16.15,21.821,52.202
1625,0,0.4639,0.7639,3.7948,7.5372,4.8657,0.0,0.5475,0.8534,16.11,22.378,52.2
1626,0,0.3917,0.6917,3.7948,7.5097,4.8668,0.0,0.5466,0.8512,16.14,22.092,52.164
1627,0,0.3886,0.6886,3.7948,7.5168,4.8678,0.0,0.5458,0.8529,16.12,22.147,52.187
1628,0,0.429,0.729,3.7948,7.5161,4.869,0.0,0.5449,0.8537,16.15,22.137,52.194
1629,0,0.4405,0.7405,3.7948,7.5254,4.87,0.0,0.5439,0.8527,16.04,22.378,52.187
1630,0,0.4094,0.7094,3.7948,7.5147,4.871,0.0,0.543,0.8544,16.1,22.54,52.211
1631,0,0.3073,0.6073,3.7948,7.4886,4.8721,0.0,0.542,0.8568,16.1,22.558,52.284
1632,0,0.4248,0.7248,3.7948,7.5196,4.873,0.0,0.5411,0.8568,16.13,22.49,52.269
1633,0,0.4337,0.7337,3.7948,7.525,4.8741,0.0,0.5402,0.8578,16.11,22.323,52.3
1634,0,0.426,0.726,3.7948,7.5087,4.8754,0.0,0.5394,0.8586,16.2,21.919,52.306
1635,0,0.4252,0.7252,3.7948,7.5205,4.8764,0.0,0.5385,0.8552,16.07,22.166,52.238
1636,0,0.3987,0.6987,3.7948,7.5072,4.8771,0.0,0.5375,0.8592,16.04,22.82,52.301
1637,0,0.4044,0.7044,3.7948,7.4986,4.8782,0.0,0.5365,0.8571,16.07,22.903,52.269
1638,0,0.4287,0.7287,3.7948,7.5175,4.8792,0.0,0.5355,0.8545,16.04,22.267,52.205
1639,0,0.4035,0.7035,3.7948,7.5076,4.88,0.0,0.5346,0.8519,16.12,22.624,52.15
1640,0,0.4067,0.7067,3.7948,7.5168,4.8809,0.0,0.5337,0.8531,16.12,23.042,52.183
1641,0,0.4298,0.7298,3.7948,7.5049,4.8817,0.0,0.5327,0.8543,16.02,23.098,52.211
1642,0,0.3717,0.6717,3.7948,7.5011,4.8824,0.0,0.5317,0.8545,16.04,23.206,52.231
1643,0,0.3825,0.6825,3.7948,7.5009,4.8833,0.0,0.5308,0.8534,16.09,22.935,52.195
1644,0,0.4738,0.7738,3.7948,7.5142,4.8841,0.0,0.5299,0.8541,16.09,22.578,52.199
1645,0,0.4273,0.7273,3.7948,7.5021,4.8852,0.0,0.529,0.8585,16.18,22.709,52.321
1646,0,0.4188,0.7188,3.7948,7.5085,4.8862,0.0,0.5281,0.8551,16.09,22.619,52.228
1647,0,0.4051,0.7051,3.7948,7.4942,4.8874,0.0,0.5272,0.8545,16.17,22.407,52.219
1648,0,0.3775,0.6775,3.7948,7.4883,4.8883,0.0,0.5264,0.8544,16.13,22.819,52.225
1649,0,0.3848,0.6848,3.7948,7.4931,4.8894,0.0,0.5254,0.8551,16.08,22.44,52.232
1650,0,0.4214,0.7214,3.7948,7.5069,4.8904,0.0,0.5245,0.8563,16.13,22.167,52.242
1651,0,0.4294,0.7294,3.7948,7.5099,4.8913,0.0,0.5236,0.8548,16.13,22.545,52.226
1652,0,0.3441,0.6441,3.7948,7.4791,4.8926,0.0,0.5227,0.8548,16.13,22.318,52.224
1653,0,0.349,0.649,3.7948,7.4902,4.8935,0.0,0.5219,0.855,16.12,22.452,52.228
1654,0,0.4318,0.7318,3.7948,7.5002,4.8943,0.0,0.5209,0.8563,16.04,22.874,52.248
1655,0,0.3465,0.6465,3.7948,7.4847,4.8951,0.0,0.5199,0.8555,16.04,23.078,52.245
1656,0,0.3238,0.6238,3.7948,7.4801,4.8961,0.0,0.519,0.8571,16.14,23.088,52.264
1657,0,0.3268,0.6268,3.7948,7.479,4.897,0.0,0.5181,0.8565,16.11,22.793,52.245
1658,0,0.3548,0.6548,3.7948,7.4831,4.8983,0.0,0.5173,0.8573,16.21,22.08,52.268
1659,0,0.3373,0.6373,3.7948,7.4838,4.8993,0.0,0.5163,0.8561,16.03,21.942,52.237
1660,0,0.3367,0.6367,3.7948,7.4747,4.9003,0.0,0.5154,0.8553,16.1,22.684,52.223
1661,0,0.2906,0.5906,3.7948,7.4638,4.9014,0.0,0.5145,0.8539,16.14,22.463,52.202
1662,0,0.3716,0.6716,3.7948,7.4751,4.9026,0.0,0.5138,0.8552,16.21,22.066,52.228
1663,0,0.385,0.685,3.7948,7.4909,4.9035,0.0,0.5128,0.8536,16.07,22.249,52.215
1664,0,0.3395,0.6395,3.7948,7.4798,4.9045,0.0,0.5119,0.8539,16.09,22.897,52.216
1665,0,0.3805,0.6805,3.7948,7.4884,4.9058,0.0,0.511,0.855,16.17,22.771,52.231
1666,0,0.3511,0.6511,3.7948,7.4929,4.9067,0.0,0.5101,0.8525,16.09,22.683,52.178
1667,0,0.3404,0.6404,3.7948,7.4833,4.908,0.0,0.5093,0.8538,16.17,22.43,52.209
1668,0,0.3723,0.6723,3.7948,7.4888,4.9089,0.0,0.5084,0.8534,16.12,22.569,52.189
1669,0,0.3944,0.6944,3.7948,7.4978,4.9102,0.0,0.5075,0.854,16.19,22.483,52.223
1670,0,0.4054,0.7054,3.7948,7.5091,4.9111,0.0,0.5066,0.8547,16.06,22.683,52.241
1671,0,0.3372,0.6372,3.7948,7.4836,4.9118,0.0,0.5056,0.8535,16.07,23.201,52.226
1672,0,0.3352,0.6352,3.7948,7.4908,4.9129,0.0,0.5047,0.8545,16.15,23.001,52.24
1673,0,0.2866,0.5866,3.7948,7.4613,4.9137,0.0,0.5039,0.8544,16.15,23.061,52.228
1674,0,0.319,0.619,3.7948,7.4726,4.9148,0.0,0.503,0.8543,16.12,23.218,52.203
1675,0,0.2998,0.5998,3.7948,7.4713,4.9159,0.0,0.5021,0.8532,16.12,22.705,52.187
1676,0,0.3328,0.6328,3.7948,7.4844,4.9169,0.0,0.5012,0.8563,16.12,22.456,52.264
1677,0,0.3286,0.6286,3.7948,7.4886,4.9179,0.0,0.5004,0.8544,16.17,22.856,52.196
1678,0,0.2982,0.5982,3.7948,7.4709,4.9188,0.0,0.4994,0.8556,16.06,22.881,52.233
1679,0,0.2922,0.5922,3.7948,7.4572,4.9196,0.0,0.4984,0.8546,16.05,23.244,52.193
1680,0,0.315,0.615,3.7948,7.474,4.9204,0.0,0.4975,0.8563,16.1,23.311,52.253
1681,0,0.3202,0.6202,3.7948,7.4784,4.9214,0.0,0.4966,0.8563,16.12,23.008,52.262
1682,0,0.2749,0.5749,3.7948,7.4613,4.9225,0.0,0.4957,0.8558,16.11,22.757,52.243
1683,0,0.2541,0.5541,3.7948,7.4632,4.9238,0.0,0.4948,0.8569,16.18,22.413,52.262
1684,0,0.2779,0.5779,3.7948,7.4723,4.9247,0.0,0.494,0.8544,16.13,22.674,52.22
1685,0,0.3072,0.6072,3.7948,7.4793,4.9261,0.0,0.4931,0.8555,16.19,22.365,52.258
1686,0,0.3485,0.6485,3.7948,7.4902,4.9269,0.0,0.4922,0.8572,16.11,22.448,52.272
1687,0,0.312,0.612,3.7948,7.4821,4.9279,0.0,0.4914,0.8569,16.17,23.072,52.28
1688,0,0.2656,0.5656,3.7948,7.4656,4.9287,0.0,0.4905,0.855,16.15,23.274,52.233
1689,0,0.2787,0.5787,3.7948,7.4575,4.9299,0.0,0.4897,0.8555,16.17,22.944,52.252
1690,0,0.304,0.604,3.7948,7.4758,4.9308,0.0,0.4888,0.8565,16.15,22.591,52.276
1691,0,0.2956,0.5956,3.7948,7.4652,4.932,0.0,0.4879,0.8556,16.14,22.765,52.235
1692,0,0.2147,0.5147,3.7948,7.4547,4.9329,0.0,0.487,0.8545,16.13,22.792,52.211
1693,0,0.1936,0.4936,3.7948,7.4499,4.9335,0.0,0.4861,0.8555,16.06,23.52,52.245
1694,0,0.2215,0.5215,3.7948,7.4664,4.9343,0.0,0.4852,0.8569,16.13,23.605,52.276
1695,0,0.2504,0.5504,3.7948,7.457,4.9356,0.0,0.4843,0.8575,16.14,22.912,52.274
1696,0,0.335,0.635,3.7948,7.4747,4.9366,0.0,0.4833,0.8566,16.05,22.519,52.274
1697,0,0.2995,0.5995,3.7948,7.4703,4.9377,0.0,0.4825,0.857,16.16,22.818,52.263
1698,0,0.2908,0.5908,3.7948,7.4669,4.9386,0.0,0.4816,0.857,16.16,23.176,52.263
1699,0,0.3331,0.6331,3.7948,7.4855,4.9399,0.0,0.4808,0.857,16.17,22.727,52.261
1700,0,0.287,0.587,3.7948,7.4588,4.9407,0.0,0.4798,0.857,16.08,22.983,52.269
1701,0,0.2526,0.5526,3.7948,7.4638,4.9418,0.0,0.4789,0.8579,16.06,22.937,52.276
1702,0,0.2206,0.5206,3.7948,7.4462,4.9428,0.0,0.4779,0.8587,16.08,22.488,52.298
1703,0,0.3515,0.6515,3.7948,7.4927,4.9434,0.0,0.477,0.8542,16.07,23.077,52.227
1704,0,0.2151,0.5151,3.7948,7.4487,4.9443,0.0,0.476,0.8544,16.07,23.697,52.226
1705,0,0.3,0.6,3.7948,7.4603,4.9455,0.0,0.4751,0.8548,16.12,22.972,52.224
1706,0,0.2844,0.5844,3.7948,7.469,4.9466,0.0,0.4743,0.8548,16.18,22.89,52.224
1707,0,0.3217,0.6217,3.7948,7.4711,4.9479,0.0,0.4735,0.8546,16.18,22.806,52.21
1708,0,0.3129,0.6129,3.7948,7.4801,4.9487,0.0,0.4725,0.8561,16.09,22.852,52.241
1709,0,0.3726,0.6726,3.7948,7.4941,4.9494,0.0,0.4716,0.8556,16.07,23.437,52.22
1710,0,0.2375,0.5375,3.7948,7.4649,4.9504,0.0,0.4707,0.8532,16.15,23.157,52.183
1711,0,0.3003,0.6003,3.7948,7.4701,4.9515,0.0,0.4698,0.8561,16.12,22.451,52.218
1712,0,0.264,0.564,3.7948,7.466,4.9524,0.0,0.4689,0.8547,16.09,22.798,52.203
1713,0,0.2653,0.5653,3.7948,7.4567,4.9535,0.0,0.468,0.8543,16.14,23.074,52.191
1714,0,0.2599,0.5599,3.7948,7.456,4.9543,0.0,0.4671,0.8532,16.05,23.015,52.175
1715,0,0.2719,0.5719,3.7948,7.4598,4.9553,0.0,0.4662,0.8516,16.15,23.074,52.122
1716,0,0.2582,0.5582,3.7948,7.461,4.9567,0.0,0.4654,0.8542,16.21,22.519,52.198
1717,0,0.3398,0.6398,3.7948,7.479,4.9576,0.0,0.4645,0.8527,16.09,22.743,52.152
1718,0,0.2663,0.5663,3.7948,7.4648,4.9585,0.0,0.4637,0.8543,16.19,23.223,52.212
1719,0,0.313,0.613,3.7948,7.4675,4.9595,0.0,0.4628,0.8529,16.14,23.321,52.206
1720,0,0.3819,0.6819,3.7948,7.4896,4.9604,0.0,0.462,0.8537,16.18,23.308,52.203
1721,0,0.2292,0.5292,3.7948,7.4613,4.9616,0.0,0.4611,0.8519,16.14,23.062,52.177
1722,0,0.2788,0.5788,3.7948,7.4748,4.9626,0.0,0.4603,0.8529,16.21,22.908,52.185
1723,0,0.2644,0.5644,3.7948,7.4826,4.9638,0.0,0.4595,0.8538,16.2,22.999,52.219
1724,0,0.2597,0.5597,3.7948,7.4739,4.9648,0.0,0.4587,0.8527,16.18,23.011,52.198
1725,0,0.2417,0.5417,3.7948,7.4663,4.9657,0.0,0.4579,0.8537,16.2,23.079,52.213
1726,0,0.3334,0.6334,3.7948,7.5061,4.967,0.0,0.4572,0.8553,16.29,23.027,52.226
1727,0,0.2774,0.5774,3.7948,7.4947,4.9681,0.0,0.4564,0.8535,16.22,22.985,52.215
1728,0,0.2622,0.5622,3.7948,7.483,4.9689,0.0,0.4555,0.853,16.14,23.319,52.176
1729,0,0.3213,0.6213,3.7948,7.4953,4.9698,0.0,0.4547,0.854,16.17,23.442,52.196
1730,0,0.3338,0.6338,3.7948,7.5031,4.9708,0.0,0.4538,0.8528,16.17,23.52,52.187
1731,0,0.3176,0.6176,3.7948,7.4978,4.9717,0.0,0.453,0.8534,16.14,23.596,52.172
1732,0,0.3561,0.6561,3.7948,7.5009,4.9728,0.0,0.4522,0.8563,16.24,23.431,52.229
1733,0,0.3606,0.6606,3.7948,7.5061,4.9739,0.0,0.4514,0.8546,16.18,23.137,52.207
1734,0,0.286,0.586,3.7948,7.4789,4.9752,0.0,0.4506,0.8526,16.23,22.779,52.16
1735,0,0.3308,0.6308,3.7948,7.4876,4.9761,0.0,0.4498,0.853,16.21,22.755,52.188
1736,0,0.3224,0.6224,3.7948,7.4921,4.9771,0.0,0.449,0.853,16.21,23.257,52.188
1737,0,0.3504,0.6504,3.7948,7.5059,4.9779,0.0,0.4482,0.8526,16.19,23.573,52.176
1738,0,0.3467,0.6467,3.7948,7.5019,4.9789,0.0,0.4474,0.8551,16.21,23.356,52.221
1739,0,0.2797,0.5797,3.7948,7.4787,4.9799,0.0,0.4466,0.8544,16.15,23.181,52.201
1740,0,0.2785,0.5785,3.7948,7.4937,4.9809,0.0,0.4457,0.8531,16.17,23.258,52.175
1741,0,0.2851,0.5851,3.7948,7.4894,4.9819,0.0,0.4449,0.8518,16.19,23.321,52.164
1742,0,0.2813,0.5813,3.7948,7.4802,4.9829,0.0,0.444,0.8518,16.15,23.303,52.164
1743,0,0.3657,0.6657,3.7948,7.5119,4.9842,0.0,0.4433,0.8527,16.24,22.916,52.178
1744,0,0.3721,0.6721,3.7948,7.5086,4.9852,0.0,0.4426,0.8535,16.27,22.998,52.198
1745,0,0.301,0.601,3.7948,7.4894,4.9863,0.0,0.4418,0.8546,16.22,23.417,52.2
1746,0,0.3338,0.6338,3.7948,7.503,4.9873,0.0,0.441,0.8555,16.26,23.445,52.238
1747,0,0.3416,0.6416,3.7948,7.5035,4.9886,0.0,0.4404,0.8546,16.35,23.158,52.207
1748,0,0.3321,0.6321,3.7948,7.502,4.9896,0.0,0.4396,0.855,16.2,23.434,52.228
1749,0,0.3241,0.6241,3.7948,7.5109,4.9906,0.0,0.4388,0.8525,16.26,23.591,52.167
1750,0,0.3534,0.6534,3.7948,7.5183,4.9918,0.0,0.4382,0.8538,16.31,23.265,52.22
1751,0,0.3934,0.6934,3.7948,7.5194,4.993,0.0,0.4374,0.8536,16.27,22.867,52.204
1752,0,0.3798,0.6798,3.7948,7.5118,4.9941,0.0,0.4366,0.8544,16.16,22.831,52.229
1753,0,0.4134,0.7134,3.7948,7.5242,4.9952,0.0,0.4358,0.8549,16.22,23.01,52.245
1754,0,0.4061,0.7061,3.7948,7.5327,4.9963,0.0,0.4351,0.8554,16.3,23.19,52.247
1755,0,0.3098,0.6098,3.7948,7.4978,4.9971,0.0,0.4342,0.8555,16.12,23.536,52.257
1756,0,0.339,0.639,3.7948,7.5095,4.9984,0.0,0.4335,0.8561,16.28,23.504,52.246
1757,0,0.2978,0.5978,3.7948,7.4881,4.9993,0.0,0.4328,0.856,16.22,23.223,52.242
1758,0,0.2568,0.5568,3.7948,7.4772,5.0,0.0,0.432,0.8555,16.2,23.963,52.24
1759,0,0.2611,0.5611,3.7948,7.4811,5.0011,0.0,0.4312,0.8543,16.26,23.522,52.228
1760,0,0.3181,0.6181,3.7948,7.5078,5.0022,0.0,0.4305,0.8538,16.25,23.06,52.211
1761,0,0.2872,0.5872,3.7948,7.4958,5.0034,0.0,0.4297,0.8554,16.27,23.339,52.222
1762,0,0.3333,0.6333,3.7948,7.5148,5.0044,0.0,0.4289,0.856,16.17,23.227,52.24
1763,0,0.3052,0.6052,3.7948,7.5086,5.0056,0.0,0.4281,0.8552,16.18,22.862,52.25
1764,0,0.2836,0.5836,3.7948,7.5043,5.0066,0.0,0.4273,0.8556,16.24,22.959,52.252
1765,0,0.2659,0.5659,3.7948,7.4953,5.0075,0.0,0.4265,0.8548,16.21,23.297,52.223
1766,0,0.2779,0.5779,3.7948,7.4942,5.0087,0.0,0.4257,0.8546,16.22,23.162,52.218
1767,0,0.2703,0.5703,3.7948,7.4984,5.0097,0.0,0.4249,0.8543,16.23,23.343,52.223
1768,0,0.2641,0.5641,3.7948,7.4935,5.0107,0.0,0.4241,0.8552,16.15,23.422,52.224
1769,0,0.2878,0.5878,3.7948,7.4949,5.0119,0.0,0.4233,0.855,16.24,23.296,52.224
1770,0,0.2831,0.5831,3.7948,7.4869,5.013,0.0,0.4225,0.855,16.21,22.879,52.221
1771,0,0.2791,0.5791,3.7948,7.4786,5.0142,0.0,0.4217,0.8551,16.17,22.696,52.238
1772,0,0.2396,0.5396,3.7948,7.4659,5.0151,0.0,0.4209,0.8546,16.24,23.141,52.236
1773,0,0.2916,0.5916,3.7948,7.4765,5.0161,0.0,0.4201,0.8558,16.21,23.624,52.256
1774,0,0.2858,0.5858,3.7948,7.4796,5.0173,0.0,0.4193,0.8554,16.21,22.926,52.267
1775,0,0.3027,0.6027,3.7948,7.4903,5.0183,0.0,0.4186,0.8543,16.26,23.327,52.245
1776,0,0.3031,0.6031,3.7948,7.4763,5.0197,0.0,0.4178,0.8554,16.23,23.116,52.252
1777,0,0.3219,0.6219,3.7948,7.4899,5.021,0.0,0.4172,0.853,16.32,22.916,52.192
1778,0,0.3285,0.6285,3.7948,7.5025,5.022,0.0,0.4164,0.855,16.2,22.723,52.248
1779,0,0.3044,0.6044,3.7948,7.4941,5.0233,0.0,0.4157,0.8538,16.29,22.786,52.222
1780,0,0.3118,0.6118,3.7948,7.5032,5.0243,0.0,0.4149,0.8541,16.22,23.075,52.219
1781,0,0.2915,0.5915,3.7948,7.5061,5.0255,0.0,0.4141,0.855,16.24,23.282,52.266
1782,0,0.329,0.629,3.7948,7.5018,5.0264,0.0,0.4133,0.8557,16.21,23.449,52.252
1783,0,0.3361,0.6361,3.7948,7.4984,5.0276,0.0,0.4126,0.8553,16.27,23.455,52.25
1784,0,0.2946,0.5946,3.7948,7.4812,5.0283,0.0,0.4118,0.856,16.17,23.509,52.25
1785,0,0.3173,0.6173,3.7948,7.4966,5.0294,0.0,0.411,0.8564,16.25,23.619,52.252
1786,0,0.2651,0.5651,3.7948,7.4837,5.0307,0.0,0.4103,0.8546,16.28,23.547,52.252
1787,0,0.3372,0.6372,3.7948,7.5036,5.0317,0.0,0.4096,0.8553,16.22,23.69,52.249
1788,0,0.3422,0.6422,3.7948,7.5037,5.0326,0.0,0.4088,0.8544,16.26,23.502,52.218
1789,0,0.3334,0.6334,3.7948,7.5079,5.0333,0.0,0.408,0.8569,16.19,24.204,52.254
1790,0,0.3385,0.6385,3.7948,7.5072,5.0343,0.0,0.4072,0.8545,16.22,23.748,52.222
1791,0,0.3466,0.6466,3.7948,7.5133,5.0356,0.0,0.4065,0.8544,16.25,22.885,52.214
1792,0,0.3803,0.6803,3.7948,7.5203,5.0368,0.0,0.4057,0.8544,16.24,22.767,52.208
1793,0,0.3921,0.6921,3.7948,7.5161,5.0379,0.0,0.405,0.8538,16.28,23.155,52.208
1794,0,0.3137,0.6137,3.7948,7.5061,5.039,0.0,0.4043,0.8544,16.24,23.308,52.209
1795,0,0.3328,0.6328,3.7948,7.5025,5.0402,0.0,0.4035,0.8531,16.22,23.11,52.172
1796,0,0.3302,0.6302,3.7948,7.497,5.0414,0.0,0.4027,0.8547,16.24,23.372,52.208
1797,0,0.3406,0.6406,3.7948,7.5139,5.0424,0.0,0.4019,0.8552,16.16,23.656,52.228
1798,0,0.3634,0.6634,3.7948,7.5108,5.0435,0.0,0.4011,0.8558,16.2,23.333,52.233
1799,0,0.3426,0.6426,3.7948,7.5147,5.0444,0.0,0.4001,0.8545,16.07,23.281,52.211
1800,0,0.2924,0.5924,3.7948,7.4884,5.0456,0.0,0.3992,0.8562,16.16,23.344,52.267
1801,0,0.3848,0.6848,3.7948,7.5115,5.0466,0.0,0.3984,0.857,16.15,23.453,52.275
1802,0,0.326,0.626,3.7948,7.4969,5.0475,0.0,0.3975,0.8563,16.13,23.752,52.268
1803,0,0.2941,0.5941,3.7948,7.4893,5.0485,0.0,0.3968,0.8556,16.29,23.919,52.241
1804,0,0.3344,0.6344,3.7948,7.4882,5.0498,0.0,0.396,0.857,16.25,23.529,52.27
1805,0,0.3205,0.6205,3.7948,7.4884,5.0509,0.0,0.3952,0.8532,16.23,23.465,52.202
1806,0,0.3338,0.6338,3.7948,7.4929,5.0521,0.0,0.3945,0.8576,16.23,23.38,52.271
1807,0,0.3255,0.6255,3.7948,7.4956,5.0532,0.0,0.3938,0.8542,16.27,23.529,52.215
1808,0,0.3368,0.6368,3.7948,7.5056,5.0543,0.0,0.3931,0.8562,16.29,23.684,52.24
1809,0,0.3182,0.6182,3.7948,7.4916,5.0557,0.0,0.3923,0.8548,16.23,23.14,52.218
1810,0,0.2754,0.5754,3.7948,7.4834,5.0568,0.0,0.3915,0.8549,16.23,23.091,52.252
1811,0,0.3178,0.6178,3.7948,7.4901,5.0581,0.0,0.3908,0.8552,16.28,23.164,52.23
1812,0,0.2664,0.5664,3.7948,7.4725,5.0592,0.0,0.3901,0.8553,16.24,22.999,52.252
1813,0,0.3179,0.6179,3.7948,7.4892,5.0606,0.0,0.3893,0.856,16.21,23.036,52.259
1814,0,0.3202,0.6202,3.7948,7.4932,5.0618,0.0,0.3886,0.8548,16.32,23.056,52.216
1815,0,0.2921,0.5921,3.7948,7.4935,5.0628,0.0,0.3877,0.8558,16.14,23.346,52.258
1816,0,0.2975,0.5975,3.7948,7.4975,5.0641,0.0,0.387,0.8571,16.26,23.261,52.282
1817,0,0.3116,0.6116,3.7948,7.5215,5.065,0.0,0.3862,0.857,16.15,23.498,52.28
1818,0,0.3706,0.6706,3.7948,7.5186,5.0662,0.0,0.3854,0.8547,16.22,23.41,52.254
1819,0,0.3202,0.6202,3.7948,7.5087,5.067,0.0,0.3846,0.8549,16.17,23.584,52.225
1820,0,0.3747,0.6747,3.7948,7.5218,5.068,0.0,0.3837,0.8539,16.18,24.149,52.219
1821,0,0.37,0.67,3.7948,7.5197,5.0692,0.0,0.383,0.8533,16.23,23.948,52.187
1822,0,0.3463,0.6463,3.7948,7.5147,5.0702,0.0,0.3822,0.8563,16.27,23.451,52.265
1823,0,0.3288,0.6288,3.7948,7.5138,5.0712,0.0,0.3815,0.8563,16.24,23.57,52.26
1824,0,0.3036,0.6036,3.7948,7.5003,5.0723,0.0,0.3807,0.8571,16.16,23.734,52.289
1825,0,0.276,0.576,3.7948,7.4977,5.0735,0.0,0.3799,0.8561,16.25,23.313,52.277
1826,0,0.2899,0.5899,3.7948,7.4931,5.075,0.0,0.3792,0.8548,16.28,22.728,52.24
1827,0,0.3307,0.6307,3.7948,7.4977,5.076,0.0,0.3783,0.8538,16.1,23.12,52.214
1828,0,0.2971,0.5971,3.7948,7.4893,5.0773,0.0,0.3776,0.8542,16.29,23.285,52.213
1829,0,0.2471,0.5471,3.7948,7.4806,5.0786,0.0,0.3768,0.856,16.18,23.089,52.275
1830,0,0.2782,0.5782,3.7948,7.4995,5.0796,0.0,0.376,0.8547,16.21,23.588,52.242
1831,0,0.2578,0.5578,3.7948,7.4987,5.0808,0.0,0.3752,0.8535,16.26,23.912,52.212
1832,0,0.3187,0.6187,3.7948,7.5009,5.0819,0.0,0.3745,0.8524,16.28,23.773,52.191
1833,0,0.2854,0.5854,3.7948,7.5247,5.0828,0.0,0.3736,0.8529,16.12,24.089,52.199
1834,0,0.2643,0.5643,3.7948,7.4918,5.0836,0.0,0.3729,0.8523,16.25,24.207,52.18
1835,0,0.2853,0.5853,3.7948,7.5016,5.0849,0.0,0.3721,0.8529,16.24,23.734,52.199
1836,0,0.2678,0.5678,3.7948,7.5056,5.0858,0.0,0.3714,0.8542,16.23,23.352,52.237
1837,0,0.2725,0.5725,3.7948,7.5063,5.0868,0.0,0.3705,0.8538,16.18,23.909,52.223
1838,0,0.2474,0.5474,3.7948,7.4995,5.0879,0.0,0.3697,0.8541,16.2,23.847,52.237
1839,0,0.2815,0.5815,3.7948,7.496,5.0892,0.0,0.369,0.8549,16.27,23.407,52.24
1840,0,0.2969,0.5969,3.7948,7.5149,5.0901,0.0,0.3683,0.8538,16.29,23.508,52.203
1841,0,0.1876,0.4876,3.7948,7.4805,5.0912,0.0,0.3675,0.8517,16.16,23.842,52.167
1842,0,0.2234,0.5234,3.7948,7.4963,5.0924,0.0,0.3667,0.8527,16.24,23.417,52.178
1843,0,0.2266,0.5266,3.7948,7.4818,5.0935,0.0,0.366,0.8544,16.24,23.572,52.204
1844,0,0.2464,0.5464,3.7948,7.4866,5.0946,0.0,0.3652,0.8531,16.23,23.58,52.156
1845,0,0.2507,0.5507,3.7948,7.4949,5.0955,0.0,0.3644,0.8538,16.18,23.845,52.226
1846,0,0.2681,0.5681,3.7948,7.4959,5.0964,0.0,0.3636,0.8527,16.23,24.107,52.161
1847,0,0.2239,0.5239,3.7948,7.4828,5.0976,0.0,0.3629,0.8526,16.27,23.922,52.163
1848,0,0.2424,0.5424,3.7948,7.4859,5.0988,0.0,0.3621,0.8526,16.17,23.339,52.165
1849,0,0.2261,0.5261,3.7948,7.4964,5.0998,0.0,0.3614,0.8528,16.29,23.597,52.177
1850,0,0.2216,0.5216,3.7948,7.4831,5.1007,0.0,0.3606,0.8513,16.23,24.14,52.14
1851,0,0.2293,0.5293,3.7948,7.4878,5.1019,0.0,0.3599,0.8553,16.29,23.799,52.202
1852,0,0.2333,0.5333,3.7948,7.4994,5.1029,0.0,0.3593,0.8518,16.33,23.774,52.155
1853,0,0.2373,0.5373,3.7948,7.5012,5.104,0.0,0.3586,0.8501,16.26,24.087,52.151
1854,0,0.2446,0.5446,3.7948,7.5107,5.105,0.0,0.3579,0.8525,16.28,24.192,52.224
1855,0,0.2816,0.5816,3.7948,7.5147,5.1062,0.0,0.3572,0.8546,16.29,23.723,52.259
1856,0,0.2811,0.5811,3.7948,7.5206,5.1073,0.0,0.3565,0.8535,16.33,23.689,52.223
1857,0,0.3071,0.6071,3.7948,7.5452,5.1082,0.0,0.3558,0.8539,16.28,24.097,52.235
1858,0,0.3232,0.6232,3.7948,7.5398,5.1093,0.0,0.3551,0.8526,16.26,24.212,52.203
1859,0,0.3473,0.6473,3.7948,7.5365,5.1104,0.0,0.3545,0.8525,16.35,24.065,52.19
1860,0,0.3688,0.6688,3.7948,7.5694,5.1116,0.0,0.3538,0.8545,16.32,23.8,52.195
1861,0,0.3815,0.6815,3.7948,7.5511,5.1128,0.0,0.3531,0.8527,16.28,23.657,52.177
1862,0,0.3799,0.6799,3.7948,7.5384,5.1139,0.0,0.3524,0.8547,16.28,23.888,52.223
1863,0,0.3659,0.6659,3.7948,7.5351,5.1146,0.0,0.3517,0.8553,16.25,24.354,52.234
1864,0,0.3842,0.6842,3.7948,7.5607,5.1158,0.0,0.351,0.8536,16.27,24.109,52.18
1865,0,0.3669,0.6669,3.7948,7.5603,5.1169,0.0,0.3503,0.8532,16.32,23.963,52.178
1866,0,0.3786,0.6786,3.7948,7.551,5.1184,0.0,0.3497,0.8525,16.34,23.528,52.186
1867,0,0.3716,0.6716,3.7948,7.5428,5.1194,0.0,0.3489,0.8563,16.21,23.472,52.228
1868,0,0.329,0.629,3.7948,7.5251,5.1208,0.0,0.3482,0.8544,16.3,23.727,52.186
1869,0,0.4272,0.7272,3.7948,7.5497,5.1222,0.0,0.3475,0.8552,16.26,23.34,52.193
1870,0,0.38,0.68,3.7948,7.5308,5.1233,0.0,0.3467,0.8569,16.28,23.898,52.224
1871,0,0.375,0.675,3.7948,7.5287,5.1245,0.0,0.3461,0.8562,16.3,23.921,52.226
1872,0,0.3878,0.6878,3.7948,7.5428,5.1253,0.0,0.3453,0.8569,16.26,24.094,52.225
1873,0,0.4276,0.7276,3.7948,7.5481,5.1268,0.0,0.3446,0.8547,16.29,23.745,52.213
1874,0,0.3728,0.6728,3.7948,7.5292,5.1275,0.0,0.344,0.8555,16.29,24.011,52.216
1875,0,0.346,0.646,3.7948,7.5296,5.1285,0.0,0.3432,0.8562,16.27,24.409,52.238
1876,0,0.3591,0.6591,3.7948,7.5256,5.1295,0.0,0.3424,0.8547,16.14,24.05,52.192
1877,0,0.2889,0.5889,3.7948,7.5029,5.1308,0.0,0.3417,0.8551,16.3,23.522,52.223
1878,0,0.3026,0.6026,3.7948,7.5104,5.1318,0.0,0.3409,0.8564,16.26,23.771,52.247
1879,0,0.3791,0.6791,3.7948,7.5422,5.1328,0.0,0.3402,0.8559,16.24,23.979,52.23
1880,0,0.3476,0.6476,3.7948,7.5292,5.1338,0.0,0.3393,0.8571,16.13,24.312,52.234
1881,0,0.3514,0.6514,3.7948,7.5289,5.1348,0.0,0.3385,0.8569,16.23,24.281,52.224
1882,0,0.3582,0.6582,3.7948,7.5248,5.1358,0.0,0.3378,0.8569,16.21,24.011,52.224
1883,0,0.3817,0.6817,3.7948,7.5242,5.1369,0.0,0.337,0.8557,16.22,23.949,52.195
1884,0,0.3395,0.6395,3.7948,7.5188,5.1383,0.0,0.3362,0.8556,16.21,23.237,52.192
1885,0,0.4126,0.7126,3.7948,7.544,5.1396,0.0,0.3354,0.8548,16.23,23.246,52.186
1886,0,0.3717,0.6717,3.7948,7.5291,5.1405,0.0,0.3346,0.8556,16.2,23.89,52.218
1887,0,0.3854,0.6854,3.7948,7.546,5.1414,0.0,0.3338,0.8568,16.18,24.254,52.245
1888,0,0.343,0.643,3.7948,7.5182,5.1427,0.0,0.3332,0.8546,16.37,23.804,52.17
1889,0,0.4155,0.7155,3.7948,7.5348,5.1441,0.0,0.3323,0.8577,16.17,23.486,52.245
1890,0,0.3625,0.6625,3.7948,7.52,5.1456,0.0,0.3316,0.858,16.29,23.356,52.294
1891,0,0.3548,0.6548,3.7948,7.5275,5.1468,0.0,0.3309,0.8563,16.3,23.752,52.23
1892,0,0.2807,0.5807,3.7948,7.5229,5.1479,0.0,0.3303,0.8544,16.37,24.009,52.205
1893,0,0.2902,0.5902,3.7948,7.5241,5.1491,0.0,0.3296,0.8555,16.26,23.895,52.221
1894,0,0.3061,0.6061,3.7948,7.5135,5.1502,0.0,0.3288,0.8528,16.24,23.854,52.165
1895,0,0.3126,0.6126,3.7948,7.5188,5.1514,0.0,0.328,0.8525,16.2,24.137,52.182
1896,0,0.3097,0.6097,3.7948,7.513,5.1529,0.0,0.3274,0.8507,16.31,23.688,52.11
1897,0,0.3027,0.6027,3.7948,7.5136,5.1539,0.0,0.3266,0.8546,16.24,23.767,52.193
1898,0,0.2637,0.5637,3.7948,7.5005,5.1551,0.0,0.326,0.85,16.34,24.153,52.106
1899,0,0.2663,0.5663,3.7948,7.5012,5.156,0.0,0.3252,0.852,16.22,24.386,52.159
1900,0,0.337,0.637,3.7948,7.4993,5.1572,0.0,0.3243,0.8517,16.12,24.303,52.164
1901,0,0.3151,0.6151,3.7948,7.5,5.1583,0.0,0.3234,0.8519,16.13,24.037,52.174
1902,0,0.3054,0.6054,3.7948,7.514,5.1594,0.0,0.3226,0.8525,16.24,24.16,52.171
1903,0,0.3231,0.6231,3.7948,7.5019,5.1603,0.0,0.3218,0.8523,16.18,24.325,52.167
1904,0,0.292,0.592,3.7948,7.4997,5.1612,0.0,0.321,0.851,16.27,24.567,52.147
1905,0,0.3332,0.6332,3.7948,7.5178,5.1623,0.0,0.3202,0.8527,16.14,24.588,52.177
1906,0,0.2925,0.5925,3.7948,7.4986,5.1631,0.0,0.3194,0.8515,16.22,24.343,52.161
1907,0,0.346,0.646,3.7948,7.5022,5.1643,0.0,0.3187,0.8537,16.28,24.128,52.189
1908,0,0.2647,0.5647,3.7948,7.4844,5.1654,0.0,0.3181,0.8527,16.36,23.693,52.116
1909,0,0.2498,0.5498,3.7948,7.4892,5.1665,0.0,0.3173,0.8502,16.22,24.153,52.098
1910,0,0.2338,0.5338,3.7948,7.4816,5.1678,0.0,0.3166,0.8517,16.3,23.742,52.143
1911,0,0.2709,0.5709,3.7948,7.4967,5.1691,0.0,0.3158,0.8507,16.2,23.648,52.138
1912,0,0.2339,0.5339,3.7948,7.4939,5.1699,0.0,0.315,0.8534,16.19,24.155,52.21
1913,0,0.2815,0.5815,3.7948,7.4835,5.1708,0.0,0.3142,0.8522,16.19,24.346,52.153
1914,0,0.2298,0.5298,3.7948,7.4992,5.172,0.0,0.3134,0.8538,16.19,24.094,52.203
1915,0,0.2674,0.5674,3.7948,7.5012,5.1734,0.0,0.3125,0.8524,16.17,23.725,52.179
1916,0,0.247,0.547,3.7948,7.497,5.1746,0.0,0.3117,0.8514,16.18,23.542,52.14
1917,0,0.2938,0.5938,3.7948,7.5021,5.176,0.0,0.3109,0.8517,16.22,23.469,52.151
1918,0,0.2562,0.5562,3.7948,7.4867,5.177,0.0,0.3102,0.8518,16.31,23.826,52.176
1919,0,0.2869,0.5869,3.7948,7.4898,5.1783,0.0,0.3095,0.8507,16.23,24.146,52.138
1920,0,0.3079,0.6079,3.7948,7.5078,5.1796,0.0,0.3087,0.8524,16.22,23.74,52.202
1921,0,0.2958,0.5958,3.7948,7.4942,5.1806,0.0,0.308,0.8515,16.26,23.744,52.166
1922,0,0.2756,0.5756,3.7948,7.4943,5.1817,0.0,0.3072,0.8526,16.24,24.11,52.175
1923,0,0.3014,0.6014,3.7948,7.4899,5.183,0.0,0.3065,0.8527,16.25,23.937,52.181
1924,0,0.2664,0.5664,3.7948,7.503,5.1843,0.0,0.3057,0.854,16.22,23.664,52.221
1925,0,0.3055,0.6055,3.7948,7.5063,5.1854,0.0,0.3049,0.854,16.23,23.954,52.221
1926,0,0.2808,0.5808,3.7948,7.5014,5.1868,0.0,0.3041,0.8531,16.15,23.915,52.201
1927,0,0.2659,0.5659,3.7948,7.4893,5.1881,0.0,0.3033,0.8519,16.25,23.711,52.194
1928,0,0.286,0.586,3.7948,7.4755,5.1892,0.0,0.3025,0.851,16.16,24.232,52.166
1929,0,0.3,0.6,3.7948,7.4912,5.1903,0.0,0.3018,0.8512,16.28,24.28,52.176
1930,0,0.3237,0.6237,3.7948,7.4917,5.1919,0.0,0.3011,0.8495,16.33,23.459,52.151
1931,0,0.2813,0.5813,3.7948,7.4902,5.1932,0.0,0.3004,0.8506,16.26,23.22,52.172
1932,0,0.2602,0.5602,3.7948,7.4917,5.1944,0.0,0.2996,0.8506,16.2,23.826,52.172
1933,0,0.2829,0.5829,3.7948,7.4931,5.1955,0.0,0.2988,0.8512,16.21,24.127,52.197
1934,0,0.2628,0.5628,3.7948,7.4874,5.1965,0.0,0.298,0.8502,16.19,24.372,52.163
1935,0,0.2529,0.5529,3.7948,7.5005,5.1974,0.0,0.2972,0.8497,16.23,24.65,52.172
1936,0,0.2558,0.5558,3.7948,7.4916,5.1986,0.0,0.2965,0.8503,16.22,24.458,52.17
1937,0,0.3153,0.6153,3.7948,7.5152,5.1999,0.0,0.2957,0.8513,16.21,23.816,52.18
1938,0,0.3043,0.6043,3.7948,7.5142,5.2011,0.0,0.2949,0.85,16.17,23.863,52.16
1939,0,0.3109,0.6109,3.7948,7.5083,5.2021,0.0,0.2941,0.8501,16.28,24.511,52.159
1940,0,0.3288,0.6288,3.7948,7.5284,5.2034,0.0,0.2933,0.8504,16.19,24.439,52.161
1941,0,0.37,0.67,3.7948,7.539,5.2047,0.0,0.2926,0.8527,16.3,23.909,52.229
1942,0,0.3505,0.6505,3.7948,7.522,5.2055,0.0,0.2918,0.853,16.15,24.64,52.204
1943,0,0.3241,0.6241,3.7948,7.5302,5.2063,0.0,0.291,0.8536,16.24,25.211,52.235
1944,0,0.2797,0.5797,3.7948,7.5097,5.2076,0.0,0.2903,0.8503,16.22,24.403,52.176
1945,0,0.2576,0.5576,3.7948,7.5,5.209,0.0,0.2895,0.8517,16.24,23.883,52.208
1946,0,0.3066,0.6066,3.7948,7.5126,5.21,0.0,0.2888,0.8513,16.28,24.202,52.182
1947,0,0.297,0.597,3.7948,7.5018,5.211,0.0,0.288,0.8517,16.18,24.727,52.2
1948,0,0.2938,0.5938,3.7948,7.502,5.212,0.0,0.2872,0.8512,16.17,24.886,52.198
1949,0,0.3239,0.6239,3.7948,7.5094,5.213,0.0,0.2863,0.8499,16.14,24.68,52.176
1950,0,0.3225,0.6225,3.7948,7.5295,5.2139,0.0,0.2855,0.8519,16.22,24.87,52.176
1951,0,0.315,0.615,3.7948,7.5317,5.215,0.0,0.2848,0.8519,16.24,24.65,52.185
1952,0,0.3361,0.6361,3.7948,7.5305,5.2162,0.0,0.284,0.8526,16.19,24.328,52.182
1953,0,0.3222,0.6222,3.7948,7.5359,5.2171,0.0,0.2831,0.8526,16.16,24.684,52.164
1954,0,0.3139,0.6139,3.7948,7.5152,5.2184,0.0,0.2825,0.8504,16.31,24.554,52.12
1955,0,0.3219,0.6219,3.7948,7.5323,5.2199,0.0,0.2818,0.8512,16.3,23.815,52.138
1956,0,0.3319,0.6319,3.7948,7.5383,5.2209,0.0,0.281,0.8543,16.19,24.408,52.196
1957,0,0.3559,0.6559,3.7948,7.5422,5.2219,0.0,0.2802,0.8508,16.23,24.55,52.13
1958,0,0.3692,0.6692,3.7948,7.5419,5.223,0.0,0.2795,0.8507,16.28,24.752,52.169
1959,0,0.3148,0.6148,3.7948,7.5266,5.2242,0.0,0.2788,0.85,16.34,24.553,52.167
1960,0,0.3091,0.6091,3.7948,7.5258,5.225,0.0,0.2781,0.8501,16.22,24.744,52.168
1961,0,0.3479,0.6479,3.7948,7.5377,5.226,0.0,0.2774,0.8509,16.28,25.071,52.166
1962,0,0.2772,0.5772,3.7948,7.5121,5.2272,0.0,0.2766,0.8501,16.25,24.798,52.168
1963,0,0.3283,0.6283,3.7948,7.5286,5.2284,0.0,0.2758,0.85,16.21,24.485,52.165
1964,0,0.298,0.598,3.7948,7.5244,5.2292,0.0,0.2751,0.8501,16.23,24.784,52.159
1965,0,0.3598,0.6598,3.7948,7.5423,5.2304,0.0,0.2743,0.8514,16.24,24.839,52.181
1966,0,0.3437,0.6437,3.7948,7.5366,5.2316,0.0,0.2737,0.8516,16.32,24.373,52.191
1967,0,0.3867,0.6867,3.7948,7.5583,5.2327,0.0,0.273,0.8487,16.31,24.758,52.101
1968,0,0.3296,0.6296,3.7948,7.547,5.2338,0.0,0.2722,0.8488,16.23,24.962,52.098
1969,0,0.3399,0.6399,3.7948,7.5465,5.2349,0.0,0.2715,0.8482,16.32,24.713,52.085
1970,0,0.3561,0.6561,3.7948,7.5582,5.2359,0.0,0.2708,0.8478,16.21,24.981,52.07
1971,0,0.3513,0.6513,3.7948,7.5549,5.237,0.0,0.2699,0.8482,16.18,24.823,52.085
1972,0,0.3953,0.6953,3.7948,7.5624,5.2382,0.0,0.2692,0.8496,16.23,24.52,52.146
1973,0,0.4082,0.7082,3.7948,7.5749,5.2395,0.0,0.2685,0.8482,16.26,24.084,52.085
1974,0,0.415,0.715,3.7948,7.5831,5.2404,0.0,0.2677,0.85,16.26,24.63,52.113
1975,0,0.3758,0.6758,3.7948,7.5726,5.2417,0.0,0.267,0.8479,16.3,25.057,52.102
1976,0,0.4148,0.7148,3.7948,7.5808,5.2427,0.0,0.2663,0.8496,16.28,24.862,52.11
1977,0,0.3555,0.6555,3.7948,7.561,5.2437,0.0,0.2657,0.8478,16.3,25.0,52.094
1978,0,0.3739,0.6739,3.7948,7.5716,5.2448,0.0,0.2649,0.8485,16.25,24.831,52.076
1979,0,0.396,0.696,3.7948,7.5702,5.246,0.0,0.2642,0.8489,16.26,24.811,52.079
1980,0,0.3969,0.6969,3.7948,7.5808,5.247,0.0,0.2635,0.8468,16.3,25.06,52.074
1981,0,0.38,0.68,3.7948,7.5686,5.2482,0.0,0.2628,0.8471,16.25,24.623,52.134
1982,0,0.3603,0.6603,3.7948,7.5614,5.2493,0.0,0.262,0.8489,16.27,24.268,52.111
1983,0,0.3495,0.6495,3.7948,7.5574,5.2504,0.0,0.2614,0.8464,16.28,24.646,52.065
1984,0,0.365,0.665,3.7948,7.5579,5.2516,0.0,0.2606,0.8474,16.25,24.821,52.108
1985,0,0.367,0.667,3.7948,7.5593,5.2526,0.0,0.2599,0.8473,16.23,24.938,52.076
1986,0,0.3803,0.6803,3.7948,7.5598,5.2538,0.0,0.2591,0.8483,16.27,24.879,52.145
1987,0,0.3729,0.6729,3.7948,7.5571,5.255,0.0,0.2584,0.8485,16.27,24.957,52.124
1988,0,0.3825,0.6825,3.7948,7.557,5.2561,0.0,0.2577,0.8504,16.26,25.108,52.103
1989,0,0.4026,0.7026,3.7948,7.5558,5.2573,0.0,0.257,0.8473,16.28,24.542,52.135
1990,0,0.3646,0.6646,3.7948,7.5532,5.2583,0.0,0.2562,0.8508,16.25,24.704,52.106
1991,0,0.3588,0.6588,3.7948,7.557,5.2596,0.0,0.2555,0.8516,16.25,24.651,52.129
1992,0,0.3319,0.6319,3.7948,7.5526,5.2609,0.0,0.2548,0.85,16.29,24.519,52.1
1993,0,0.3592,0.6592,3.7948,7.5671,5.2623,0.0,0.2541,0.8474,16.26,24.594,52.098
1994,0,0.3606,0.6606,3.7948,7.5632,5.2634,0.0,0.2533,0.8475,16.23,24.479,52.1
1995,0,0.3663,0.6663,3.7948,7.5663,5.2645,0.0,0.2526,0.8486,16.31,24.809,52.103
1996,0,0.3427,0.6427,3.7948,7.5634,5.2657,0.0,0.252,0.8514,16.3,24.64,52.135
1997,0,0.3633,0.6633,3.7948,7.5758,5.2669,0.0,0.2513,0.8514,16.28,24.391,52.135
1998,0,0.3629,0.6629,3.7948,7.5709,5.2679,0.0,0.2505,0.8514,16.22,24.605,52.135
1999,0,0.4033,0.7033,3.7948,7.5747,5.2691,0.0,0.2497,0.8508,16.26,24.851,52.142
2000,0,0.4203,0.7203,3.7948,7.5809,5.2704,0.0,0.2491,0.8508,16.29,24.172,52.142
2001,0,0.3853,0.6853,3.7948,7.5669,5.2716,0.0,0.2483,0.8502,16.24,24.292,52.119
2002,0,0.3477,0.6477,3.7948,7.5667,5.2728,0.0,0.2477,0.8482,16.34,24.251,52.129
2003,0,0.3689,0.6689,3.7948,7.5622,5.274,0.0,0.247,0.8499,16.32,24.725,52.153
2004,0,0.3567,0.6567,3.7948,7.5749,5.2751,0.0,0.2462,0.8484,16.21,25.033,52.115
2005,0,0.3486,0.6486,3.7948,7.5745,5.2765,0.0,0.2456,0.8499,16.36,24.716,52.151
2006,0,0.3758,0.6758,3.7948,7.579,5.2776,0.0,0.2449,0.8499,16.24,24.745,52.151
2007,0,0.3438,0.6438,3.7948,7.5746,5.2782,0.0,0.2441,0.85,16.19,25.56,52.152
2008,0,0.3297,0.6297,3.7948,7.566,5.2794,0.0,0.2434,0.8497,16.3,25.514,52.142
2009,0,0.3107,0.6107,3.7948,7.5586,5.2802,0.0,0.2427,0.8498,16.29,24.797,52.142
2010,0,0.3492,0.6492,3.7948,7.5615,5.2812,0.0,0.242,0.8477,16.25,25.105,52.086
2011,0,0.2643,0.5643,3.7948,7.5403,5.2825,0.0,0.2412,0.8494,16.23,25.032,52.114
2012,0,0.3252,0.6252,3.7948,7.5523,5.2833,0.0,0.2404,0.8483,16.15,24.925,52.073
2013,0,0.3454,0.6454,3.7948,7.5514,5.2843,0.0,0.2395,0.8496,16.17,25.26,52.107
2014,0,0.3188,0.6188,3.7948,7.542,5.2856,0.0,0.2388,0.8481,16.22,24.794,52.123
2015,0,0.332,0.632,3.7948,7.5512,5.2865,0.0,0.238,0.8492,16.23,24.698,52.103
2016,0,0.3005,0.6005,3.7948,7.5347,5.2876,0.0,0.2373,0.8479,16.25,24.91,52.094
2017,0,0.3096,0.6096,3.7948,7.5324,5.2886,0.0,0.2364,0.8465,16.16,25.098,52.071
2018,0,0.3431,0.6431,3.7948,7.5356,5.2896,0.0,0.2355,0.8469,16.13,24.995,52.073
2019,0,0.3443,0.6443,3.7948,7.5516,5.2907,0.0,0.2347,0.8488,16.22,25.031,52.129
2020,0,0.3405,0.6405,3.7948,7.5358,5.2918,0.0,0.2339,0.8484,16.21,24.828,52.111
2021,0,0.3448,0.6448,3.7948,7.5506,5.2932,0.0,0.2332,0.8509,16.28,24.764,52.109
2022,0,0.2976,0.5976,3.7948,7.5345,5.2942,0.0,0.2326,0.8482,16.3,24.792,52.079
2023,0,0.3358,0.6358,3.7948,7.5557,5.2953,0.0,0.2317,0.8494,16.16,24.903,52.088
2024,0,0.3318,0.6318,3.7948,7.5593,5.2965,0.0,0.231,0.8511,16.27,24.916,52.108
2025,0,0.3191,0.6191,3.7948,7.5545,5.2977,0.0,0.2303,0.85,16.23,24.472,52.089
2026,0,0.31,0.61,3.7948,7.5628,5.2988,0.0,0.2295,0.8499,16.25,24.715,52.07
2027,0,0.3111,0.6111,3.7948,7.5507,5.3,0.0,0.2287,0.8496,16.22,24.947,52.102
2028,0,0.3016,0.6016,3.7948,7.5487,5.301,0.0,0.228,0.85,16.26,25.029,52.112
2029,0,0.3118,0.6118,3.7948,7.5422,5.302,0.0,0.2272,0.8468,16.21,25.402,52.092
2030,0,0.2944,0.5944,3.7948,7.5388,5.3034,0.0,0.2265,0.8461,16.25,24.733,52.065
2031,0,0.3161,0.6161,3.7948,7.5552,5.3044,0.0,0.2258,0.8489,16.27,24.218,52.099
2032,0,0.2981,0.5981,3.7948,7.5433,5.3053,0.0,0.225,0.8485,16.22,24.935,52.087
2033,0,0.2921,0.5921,3.7948,7.5355,5.3063,0.0,0.2242,0.8479,16.18,25.189,52.069
2034,0,0.3033,0.6033,3.7948,7.5444,5.3074,0.0,0.2234,0.8465,16.28,25.193,52.079
2035,0,0.2875,0.5875,3.7948,7.5367,5.3082,0.0,0.2227,0.8468,16.22,25.12,52.073
2036,0,0.3117,0.6117,3.7948,7.54,5.309,0.0,0.2218,0.8463,16.13,25.492,52.056
2037,0,0.2483,0.5483,3.7948,7.5296,5.31,0.0,0.221,0.8493,16.21,25.381,52.12
2038,0,0.282,0.582,3.7948,7.5369,5.3108,0.0,0.2202,0.8467,16.21,25.415,52.033
2039,0,0.3278,0.6278,3.7948,7.5447,5.312,0.0,0.2196,0.847,16.29,25.239,52.103
2040,0,0.3341,0.6341,3.7948,7.5413,5.3131,0.0,0.2189,0.8468,16.34,24.899,52.111
2041,0,0.3354,0.6354,3.7948,7.5348,5.3144,0.0,0.2181,0.847,16.2,24.818,52.129
2042,0,0.3011,0.6011,3.7948,7.5246,5.3157,0.0,0.2173,0.846,16.17,24.591,52.104
2043,0,0.3185,0.6185,3.7948,7.5363,5.3169,0.0,0.2165,0.8466,16.24,24.447,52.096
2044,0,0.3215,0.6215,3.7948,7.5452,5.3179,0.0,0.2158,0.8457,16.26,24.674,52.075
2045,0,0.3043,0.6043,3.7948,7.5455,5.3192,0.0,0.2151,0.847,16.26,24.56,52.107
2046,0,0.3022,0.6022,3.7948,7.5371,5.3204,0.0,0.2145,0.8471,16.35,24.426,52.11
2047,0,0.3105,0.6105,3.7948,7.5358,5.3211,0.0,0.2137,0.8473,16.25,25.542,52.125
2048,0,0.3174,0.6174,3.7948,7.5474,5.3222,0.0,0.213,0.8467,16.27,25.649,52.075
2049,0,0.2844,0.5844,3.7948,7.5267,5.3233,0.0,0.2122,0.8472,16.24,25.016,52.083
2050,0,0.2626,0.5626,3.7948,7.5157,5.3242,0.0,0.2115,0.8485,16.23,25.129,52.093
2051,0,0.2354,0.5354,3.7948,7.5038,5.3251,0.0,0.2107,0.8487,16.23,25.77,52.115
2052,0,0.2798,0.5798,3.7948,7.5159,5.3263,0.0,0.2099,0.8493,16.14,25.06,52.128
2053,0,0.2349,0.5349,3.7948,7.5067,5.3275,0.0,0.2091,0.8491,16.23,24.833,52.14
2054,0,0.3142,0.6142,3.7948,7.5246,5.3286,0.0,0.2083,0.8497,16.16,25.113,52.133
2055,0,0.2753,0.5753,3.7948,7.5132,5.3297,0.0,0.2075,0.849,16.2,25.39,52.109
2056,0,0.2971,0.5971,3.7948,7.5114,5.3306,0.0,0.2068,0.8485,16.29,25.83,52.134
2057,0,0.3069,0.6069,3.7948,7.5192,5.3319,0.0,0.206,0.8503,16.25,24.931,52.165
2058,0,0.2744,0.5744,3.7948,7.5224,5.3328,0.0,0.2052,0.8461,16.2,25.081,52.077
2059,0,0.3117,0.6117,3.7948,7.5204,5.3336,0.0,0.2044,0.8476,16.14,25.639,52.112
2060,0,0.2813,0.5813,3.7948,7.5264,5.3348,0.0,0.2036,0.8487,16.18,25.281,52.113
2061,0,0.2839,0.5839,3.7948,7.5226,5.3358,0.0,0.2028,0.8496,16.23,25.012,52.138
2062,0,0.2972,0.5972,3.7948,7.5293,5.3368,0.0,0.2019,0.8498,16.15,24.954,52.147
2063,0,0.3016,0.6016,3.7948,7.5346,5.3383,0.0,0.2012,0.8496,16.25,24.614,52.148
2064,0,0.275,0.575,3.7948,7.5369,5.3392,0.0,0.2005,0.8481,16.25,24.905,52.092
2065,0,0.2568,0.5568,3.7948,7.5311,5.3402,0.0,0.1996,0.8487,16.15,25.358,52.117
2066,0,0.2573,0.5573,3.7948,7.5344,5.3413,0.0,0.1988,0.8495,16.23,25.215,52.132
2067,0,0.2989,0.5989,3.7948,7.5444,5.3422,0.0,0.1981,0.849,16.27,25.524,52.124
2068,0,0.2967,0.5967,3.7948,7.5503,5.3433,0.0,0.1973,0.8488,16.19,25.723,52.105
2069,0,0.3122,0.6122,3.7948,7.5533,5.3443,0.0,0.1965,0.8481,16.22,25.435,52.12
2070,0,0.2803,0.5803,3.7948,7.5477,5.3455,0.0,0.1958,0.8483,16.31,25.26,52.109
2071,0,0.2984,0.5984,3.7948,7.5407,5.3465,0.0,0.1951,0.8484,16.27,25.115,52.123
2072,0,0.2826,0.5826,3.7948,7.5186,5.3475,0.0,0.1944,0.8472,16.25,25.431,52.088
2073,0,0.2987,0.5987,3.7948,7.5238,5.3485,0.0,0.1936,0.8475,16.25,25.439,52.087
2074,0,0.3065,0.6065,3.7948,7.5319,5.3498,0.0,0.1929,0.8491,16.28,24.89,52.1
2075,0,0.2552,0.5552,3.7948,7.5121,5.3509,0.0,0.1921,0.8481,16.21,24.975,52.13
2076,0,0.2667,0.5667,3.7948,7.5242,5.3519,0.0,0.1914,0.8472,16.26,25.362,52.075
2077,0,0.2897,0.5897,3.7948,7.5212,5.353,0.0,0.1906,0.847,16.24,25.153,52.089
2078,0,0.34,0.64,3.7948,7.5454,5.3542,0.0,0.1898,0.848,16.18,24.925,52.102
2079,0,0.3091,0.6091,3.7948,7.5309,5.3553,0.0,0.189,0.846,16.21,25.147,52.039
2080,0,0.2855,0.5855,3.7948,7.5129,5.3565,0.0,0.1883,0.8466,16.27,25.05,52.097
2081,0,0.3065,0.6065,3.7948,7.5344,5.3576,0.0,0.1875,0.8483,16.19,25.162,52.112
2082,0,0.3105,0.6105,3.7948,7.5326,5.3585,0.0,0.1868,0.8486,16.3,25.343,52.127
2083,0,0.2922,0.5922,3.7948,7.5365,5.3591,0.0,0.1862,0.8492,16.33,26.089,52.145
2084,0,0.2872,0.5872,3.7948,7.5351,5.3603,0.0,0.1855,0.8483,16.27,25.932,52.116
2085,0,0.3091,0.6091,3.7948,7.5458,5.3613,0.0,0.1847,0.8477,16.23,25.254,52.096
2086,0,0.302,0.602,3.7948,7.536,5.3623,0.0,0.1839,0.8485,16.17,25.257,52.117
2087,0,0.2943,0.5943,3.7948,7.5319,5.363,0.0,0.1831,0.8503,16.26,25.757,52.14
2088,0,0.2791,0.5791,3.7948,7.5469,5.364,0.0,0.1823,0.8478,16.19,25.947,52.116
2089,0,0.2812,0.5812,3.7948,7.544,5.365,0.0,0.1816,0.8473,16.24,25.444,52.134
2090,0,0.2799,0.5799,3.7948,7.5237,5.366,0.0,0.1808,0.8482,16.25,25.188,52.137
2091,0,0.2547,0.5547,3.7948,7.5591,5.3671,0.0,0.18,0.8473,16.17,25.491,52.107
2092,0,0.2785,0.5785,3.7948,7.5384,5.3681,0.0,0.1793,0.8473,16.23,25.22,52.115
2093,0,0.2547,0.5547,3.7948,7.5623,5.3692,0.0,0.1786,0.8485,16.29,25.194,52.105
2094,0,0.2592,0.5592,3.7948,7.5557,5.3701,0.0,0.1778,0.8469,16.22,25.316,52.088
2095,0,0.2585,0.5585,3.7948,7.5625,5.3709,0.0,0.1771,0.8467,16.26,25.895,52.093
2096,0,0.2907,0.5907,3.7948,7.5725,5.3717,0.0,0.1762,0.8449,16.17,26.058,52.063
2097,0,0.2737,0.5737,3.7948,7.5472,5.3725,0.0,0.1754,0.8442,16.22,26.005,52.07
2098,0,0.2677,0.5677,3.7948,7.5735,5.3737,0.0,0.1748,0.8464,16.3,25.641,52.099
2099,0,0.2647,0.5647,3.7948,7.5828,5.3747,0.0,0.1741,0.8445,16.32,25.551,52.055
2100,0,0.2774,0.5774,3.7948,7.5851,5.3757,0.0,0.1734,0.8464,16.28,25.726,52.075
2101,0,0.2589,0.5589,3.7948,7.5819,5.3767,0.0,0.1727,0.8449,16.3,25.735,52.07
2102,0,0.2547,0.5547,3.7948,7.5821,5.3777,0.0,0.1719,0.8439,16.21,25.545,52.06
2103,0,0.241,0.541,3.7948,7.5686,5.3789,0.0,0.1713,0.8444,16.32,25.413,52.088
2104,0,0.228,0.528,3.7948,7.5682,5.3796,0.0,0.1704,0.8447,16.19,25.759,52.089
2105,0,0.2084,0.5084,3.7948,7.5534,5.3804,0.0,0.1698,0.8504,16.31,26.431,52.146
2106,0,0.2261,0.5261,3.7948,7.5504,5.3813,0.0,0.1691,0.8452,16.29,25.802,52.084
2107,0,0.2349,0.5349,3.7948,7.5545,5.3821,0.0,0.1683,0.8478,16.21,25.878,52.128
2108,0,0.2371,0.5371,3.7948,7.554,5.3829,0.0,0.1675,0.8474,16.2,26.064,52.139
2109,0,0.2386,0.5386,3.7948,7.5502,5.3841,0.0,0.1667,0.8445,16.19,25.697,52.09
2110,0,0.2357,0.5357,3.7948,7.5577,5.385,0.0,0.1659,0.8447,16.21,25.484,52.091
2111,0,0.2236,0.5236,3.7948,7.5533,5.3857,0.0,0.1652,0.8474,16.3,26.351,52.103
2112,0,0.2061,0.5061,3.7948,7.5532,5.3863,0.0,0.1644,0.8478,16.19,26.798,52.116
2113,0,0.2475,0.5475,3.7948,7.5441,5.3873,0.0,0.1636,0.8487,16.22,26.354,52.122
2114,0,0.2255,0.5255,3.7948,7.5519,5.3882,0.0,0.163,0.8489,16.33,25.862,52.129
2115,0,0.2013,0.5013,3.7948,7.5387,5.3894,0.0,0.1623,0.8528,16.3,25.59,52.166
2116,0,0.2063,0.5063,3.7948,7.5483,5.3904,0.0,0.1615,0.8481,16.22,25.391,52.116
2117,0,0.2438,0.5438,3.7948,7.5323,5.3913,0.0,0.1606,0.8472,16.14,25.658,52.118
2118,0,0.2283,0.5283,3.7948,7.5391,5.3919,0.0,0.1599,0.8499,16.24,26.174,52.145
2119,0,0.2448,0.5448,3.7948,7.5392,5.3929,0.0,0.1591,0.8505,16.24,26.182,52.154
2120,0,0.2349,0.5349,3.7948,7.5391,5.3939,0.0,0.1583,0.8536,16.18,25.62,52.196
2121,0,0.2232,0.5232,3.7948,7.5346,5.3949,0.0,0.1575,0.8494,16.24,25.605,52.089
2122,0,0.2106,0.5106,3.7948,7.5402,5.3956,0.0,0.1568,0.851,16.23,26.106,52.133
2123,0,0.2395,0.5395,3.7948,7.5567,5.3964,0.0,0.156,0.8517,16.23,26.546,52.149
2124,0,0.2302,0.5302,3.7948,7.5502,5.3974,0.0,0.1553,0.8524,16.25,25.864,52.142
2125,0,0.2236,0.5236,3.7948,7.5617,5.3979,0.0,0.1545,0.8502,16.2,26.503,52.134
2126,0,0.2342,0.5342,3.7948,7.5544,5.3989,0.0,0.1538,0.8499,16.37,26.524,52.131
2127,0,0.2162,0.5162,3.7948,7.5508,5.3995,0.0,0.1531,0.8498,16.25,26.155,52.125
2128,0,0.212,0.512,3.7948,7.551,5.4004,0.0,0.1523,0.8498,16.24,26.35,52.125
2129,0,0.2355,0.5355,3.7948,7.5656,5.4012,0.0,0.1516,0.8507,16.21,26.214,52.111
2130,0,0.2671,0.5671,3.7948,7.5864,5.4021,0.0,0.151,0.8483,16.4,26.104,52.079
2131,0,0.2517,0.5517,3.7948,7.5769,5.4031,0.0,0.1502,0.849,16.22,26.025,52.081
2132,0,0.2293,0.5293,3.7948,7.5546,5.404,0.0,0.1494,0.849,16.18,26.037,52.097
2133,0,0.2338,0.5338,3.7948,7.5559,5.4046,0.0,0.1487,0.8494,16.28,26.404,52.1
2134,0,0.2417,0.5417,3.7948,7.559,5.4056,0.0,0.1479,0.8429,16.26,26.122,52.037
2135,0,0.2259,0.5259,3.7948,7.543,5.4065,0.0,0.1472,0.8457,16.26,25.706,52.104
2136,0,0.2103,0.5103,3.7948,7.5411,5.4071,0.0,0.1465,0.8463,16.26,26.122,52.129
2137,0,0.2084,0.5084,3.7948,7.5582,5.4077,0.0,0.1457,0.8489,16.2,26.739,52.16
2138,0,0.2343,0.5343,3.7948,7.562,5.4085,0.0,0.1449,0.8482,16.21,26.651,52.144
2139,0,0.2426,0.5426,3.7948,7.5554,5.4096,0.0,0.144,0.8488,16.14,25.709,52.157
2140,0,0.2524,0.5524,3.7948,7.5605,5.4104,0.0,0.1432,0.8465,16.22,25.82,52.105
2141,0,0.2534,0.5534,3.7948,7.5534,5.4109,0.0,0.1424,0.8465,16.22,26.494,52.101
2142,0,0.2452,0.5452,3.7948,7.538,5.4116,0.0,0.1415,0.8488,16.08,26.449,52.133
2143,0,0.207,0.507,3.7948,7.5211,5.4127,0.0,0.1407,0.8478,16.24,25.973,52.13
2144,0,0.2083,0.5083,3.7948,7.5263,5.4133,0.0,0.14,0.8478,16.27,25.74,52.13
2145,0,0.237,0.537,3.7948,7.527,5.414,0.0,0.1393,0.8454,16.29,26.417,52.069
2146,0,0.2493,0.5493,3.7948,7.527,5.4145,0.0,0.1384,0.8454,16.09,26.914,52.069
2147,0,0.2206,0.5206,3.7948,7.5095,5.4152,0.0,0.1376,0.847,16.2,26.798,52.117
2148,0,0.2215,0.5215,3.7948,7.5299,5.4159,0.0,0.1367,0.8478,16.16,26.544,52.13
2149,0,0.2689,0.5689,3.7948,7.5202,5.417,0.0,0.136,0.8453,16.24,26.129,52.064
2150,0,0.2657,0.5657,3.7948,7.5261,5.4177,0.0,0.1351,0.8461,16.18,26.216,52.067
2151,0,0.2484,0.5484,3.7948,7.5221,5.4182,0.0,0.1343,0.8498,16.19,26.903,52.083
2152,0,0.2663,0.5663,3.7948,7.5461,5.4186,0.0,0.1335,0.8499,16.22,27.105,52.089
2153,0,0.231,0.531,3.7948,7.5306,5.4193,0.0,0.1328,0.8479,16.28,26.718,52.092
2154,0,0.2776,0.5776,3.7948,7.5415,5.42,0.0,0.1322,0.8494,16.34,26.698,52.133
2155,0,0.2598,0.5598,3.7948,7.5565,5.4207,0.0,0.1315,0.8477,16.26,26.903,52.109
2156,0,0.2583,0.5583,3.7948,7.5395,5.4215,0.0,0.1307,0.8495,16.23,27.053,52.135
2157,0,0.2742,0.5742,3.7948,7.5544,5.4221,0.0,0.1299,0.8482,16.26,26.958,52.137
2158,0,0.237,0.537,3.7948,7.5512,5.4228,0.0,0.1292,0.8494,16.25,26.676,52.122
2159,0,0.2205,0.5205,3.7948,7.5433,5.4238,0.0,0.1285,0.8489,16.27,26.184,52.109
2160,0,0.2364,0.5364,3.7948,7.543,5.4247,0.0,0.1277,0.8498,16.18,26.066,52.148
2161,0,0.2658,0.5658,3.7948,7.5565,5.4254,0.0,0.1269,0.8491,16.23,26.509,52.144
2162,0,0.278,0.578,3.7948,7.5562,5.426,0.0,0.1261,0.8506,16.19,26.978,52.139
2163,0,0.2305,0.5305,3.7948,7.5342,5.427,0.0,0.1253,0.8486,16.21,26.289,52.121
2164,0,0.223,0.523,3.7948,7.5375,5.4277,0.0,0.1245,0.8499,16.23,25.984,52.12
2165,0,0.1676,0.4676,3.7948,7.5159,5.4285,0.0,0.1238,0.8498,16.25,26.395,52.119
2166,0,0.1824,0.4824,3.7948,7.5162,5.4293,0.0,0.1229,0.8498,16.19,26.685,52.119
2167,0,0.1853,0.4853,3.7948,7.5243,5.4303,0.0,0.1222,0.8489,16.3,26.559,52.113
2168,0,0.1925,0.4925,3.7948,7.5334,5.431,0.0,0.1216,0.8501,16.32,26.697,52.12
2169,0,0.2108,0.5108,3.7948,7.5339,5.4318,0.0,0.1207,0.8479,16.14,26.641,52.108
2170,0,0.1794,0.4794,3.7948,7.5236,5.4326,0.0,0.12,0.8494,16.27,26.499,52.122
2171,0,0.2185,0.5185,3.7948,7.5342,5.4333,0.0,0.1193,0.844,16.29,26.462,52.084
2172,0,0.2244,0.5244,3.7948,7.5354,5.4343,0.0,0.1185,0.8445,16.19,26.298,52.105
2173,0,0.2426,0.5426,3.7948,7.5344,5.4352,0.0,0.1177,0.8458,16.26,25.924,52.13
2174,0,0.2359,0.5359,3.7948,7.5293,5.4358,0.0,0.1172,0.8458,16.37,26.178,52.13
2175,0,0.21,0.51,3.7948,7.5287,5.4364,0.0,0.1163,0.8457,16.19,26.643,52.126
2176,0,0.2151,0.5151,3.7948,7.5289,5.4373,0.0,0.1156,0.8458,16.28,26.665,52.13
2177,0,0.2028,0.5028,3.7948,7.5247,5.4382,0.0,0.1149,0.8458,16.23,26.653,52.13
2178,0,0.2092,0.5092,3.7948,7.5414,5.4389,0.0,0.114,0.8445,16.14,26.787,52.104
2179,0,0.2365,0.5365,3.7948,7.5463,5.4398,0.0,0.1133,0.8441,16.33,26.455,52.103
2180,0,0.1982,0.4982,3.7948,7.5353,5.4405,0.0,0.1126,0.8451,16.26,26.689,52.111
2181,0,0.2078,0.5078,3.7948,7.5401,5.4414,0.0,0.1118,0.8439,16.26,26.547,52.084
2182,0,0.2136,0.5136,3.7948,7.5424,5.4422,0.0,0.111,0.8438,16.21,26.493,52.085
2183,0,0.2264,0.5264,3.7948,7.549,5.443,0.0,0.1102,0.8454,16.17,26.625,52.114
2184,0,0.2349,0.5349,3.7948,7.5513,5.4437,0.0,0.1094,0.8448,16.23,26.934,52.107
2185,0,0.2455,0.5455,3.7948,7.5451,5.4444,0.0,0.1085,0.8431,16.09,26.944,52.041
2186,0,0.2253,0.5253,3.7948,7.5394,5.4452,0.0,0.1077,0.844,16.15,26.381,52.087
2187,0,0.24,0.54,3.7948,7.5485,5.446,0.0,0.1069,0.8441,16.21,26.659,52.098
2188,0,0.2385,0.5385,3.7948,7.5324,5.4469,0.0,0.1061,0.8449,16.21,26.575,52.123
2189,0,0.2642,0.5642,3.7948,7.5515,5.4477,0.0,0.1053,0.8443,16.23,26.613,52.09
2190,0,0.2478,0.5478,3.7948,7.5195,5.4484,0.0,0.1044,0.8442,16.14,26.739,52.111
2191,0,0.2347,0.5347,3.7948,7.5233,5.4491,0.0,0.1037,0.8451,16.24,26.832,52.138
2192,0,0.2126,0.5126,3.7948,7.5236,5.4497,0.0,0.1029,0.8447,16.24,26.853,52.122
2193,0,0.1952,0.4952,3.7948,7.5443,5.4507,0.0,0.1021,0.8438,16.2,26.871,52.081
2194,0,0.1971,0.4971,3.7948,7.5119,5.4514,0.0,0.1013,0.8424,16.21,26.917,52.062
2195,0,0.1722,0.4722,3.7948,7.5022,5.452,0.0,0.1004,0.843,16.14,27.156,52.073
2196,0,0.1709,0.4709,3.7948,7.5108,5.4527,0.0,0.0998,0.8432,16.33,26.986,52.069
2197,0,0.1665,0.4665,3.7948,7.5163,5.4534,0.0,0.099,0.8425,16.24,26.895,52.058
2198,0,0.2115,0.5115,3.7948,7.5201,5.4544,0.0,0.0981,0.8418,16.13,26.652,52.03
2199,0,0.1691,0.4691,3.7948,7.5124,5.4552,0.0,0.0973,0.8442,16.19,26.415,52.072
2200,0,0.1555,0.4555,3.7948,7.4983,5.4558,0.0,0.0965,0.8448,16.2,26.828,52.075
2201,0,0.1455,0.4455,3.7948,7.5009,5.4563,0.0,0.0957,0.8436,16.2,27.193,52.038
2202,0,0.1585,0.4585,3.7948,7.5075,5.457,0.0,0.0951,0.8409,16.32,27.224,51.994
2203,0,0.185,0.485,3.7948,7.522,5.4578,0.0,0.0943,0.8424,16.2,26.795,52.014
2204,0,0.2031,0.5031,3.7948,7.5163,5.4587,0.0,0.0936,0.8427,16.31,26.469,52.075
2205,0,0.1891,0.4891,3.7948,7.5166,5.4595,0.0,0.0928,0.8421,16.21,26.387,52.044
2206,0,0.1675,0.4675,3.7948,7.513,5.4606,0.0,0.092,0.8466,16.2,26.519,52.043
2207,0,0.2176,0.5176,3.7948,7.5233,5.4614,0.0,0.0912,0.8425,16.22,26.348,52.032
2208,0,0.2014,0.5014,3.7948,7.5193,5.4623,0.0,0.0905,0.8463,16.25,26.648,52.05
2209,0,0.2278,0.5278,3.7948,7.5274,5.4632,0.0,0.0898,0.8482,16.25,26.692,52.125
2210,0,0.2292,0.5292,3.7948,7.5237,5.4639,0.0,0.089,0.8474,16.21,26.668,52.079
2211,0,0.225,0.525,3.7948,7.519,5.4648,0.0,0.0882,0.8486,16.27,26.835,52.095
2212,0,0.2248,0.5248,3.7948,7.5306,5.4657,0.0,0.0875,0.8464,16.23,26.906,52.057
2213,0,0.2067,0.5067,3.7948,7.5327,5.4663,0.0,0.0868,0.8453,16.31,27.046,52.032
2214,0,0.2305,0.5305,3.7948,7.5369,5.4669,0.0,0.086,0.8469,16.17,27.199,52.074
2215,0,0.2358,0.5358,3.7948,7.5458,5.4676,0.0,0.0852,0.8472,16.24,26.998,52.072
2216,0,0.2295,0.5295,3.7948,7.5386,5.4686,0.0,0.0845,0.8486,16.25,26.611,52.094
2217,0,0.237,0.537,3.7948,7.5297,5.4695,0.0,0.0837,0.8485,16.19,26.539,52.087
2218,0,0.2518,0.5518,3.7948,7.5421,5.4705,0.0,0.0829,0.8479,16.27,26.555,52.087
2219,0,0.2637,0.5637,3.7948,7.5381,5.4713,0.0,0.0821,0.8479,16.19,26.622,52.087
2220,0,0.2681,0.5681,3.7948,7.5388,5.4722,0.0,0.0814,0.8485,16.29,26.477,52.117
2221,0,0.2009,0.5009,3.7948,7.5216,5.473,0.0,0.0807,0.8471,16.27,26.341,52.082
2222,0,0.1701,0.4701,3.7948,7.5092,5.474,0.0,0.08,0.8426,16.28,26.294,52.058
2223,0,0.2234,0.5234,3.7948,7.5282,5.475,0.0,0.0792,0.8434,16.2,26.29,52.062
2224,0,0.2097,0.5097,3.7948,7.5276,5.476,0.0,0.0785,0.8429,16.3,26.36,52.043
2225,0,0.2026,0.5026,3.7948,7.5312,5.4767,0.0,0.0778,0.8426,16.31,26.622,52.034
2226,0,0.1623,0.4623,3.7948,7.5201,5.4775,0.0,0.077,0.8421,16.2,26.784,52.048
2227,0,0.1956,0.4956,3.7948,7.5449,5.4785,0.0,0.0763,0.8451,16.25,26.536,52.076
2228,0,0.2124,0.5124,3.7948,7.5394,5.4794,0.0,0.0755,0.8456,16.23,26.37,52.115
2229,0,0.2226,0.5226,3.7948,7.5441,5.4801,0.0,0.0747,0.8454,16.25,27.055,52.114
2230,0,0.2148,0.5148,3.7948,7.5434,5.4811,0.0,0.074,0.8458,16.25,26.935,52.12
2231,0,0.1965,0.4965,3.7948,7.5524,5.4819,0.0,0.0733,0.8456,16.3,26.606,52.115
2232,0,0.2222,0.5222,3.7948,7.5618,5.4828,0.0,0.0725,0.8455,16.2,26.975,52.096
2233,0,0.1905,0.4905,3.7948,7.5483,5.4836,0.0,0.0716,0.847,16.13,26.743,52.077
2234,0,0.1977,0.4977,3.7948,7.5488,5.4842,0.0,0.0708,0.8462,16.18,26.878,52.081
2235,0,0.1391,0.4391,3.7948,7.5206,5.4851,0.0,0.07,0.8429,16.25,26.996,52.055
2236,0,0.141,0.441,3.7948,7.5212,5.4861,0.0,0.0693,0.8442,16.26,26.491,52.07
2237,0,0.1713,0.4713,3.7948,7.5288,5.4867,0.0,0.0685,0.8439,16.18,26.934,52.059
2238,0,0.179,0.479,3.7948,7.5163,5.4874,0.0,0.0677,0.8449,16.23,27.255,52.079
2239,0,0.1755,0.4755,3.7948,7.5193,5.4882,0.0,0.0669,0.8419,16.17,27.377,52.027
2240,0,0.1718,0.4718,3.7948,7.5118,5.4888,0.0,0.0661,0.8437,16.22,27.37,52.065
2241,0,0.213,0.513,3.7948,7.5179,5.4894,0.0,0.0653,0.8457,16.23,27.602,52.06
2242,0,0.2569,0.5569,3.7948,7.5359,5.4901,0.0,0.0646,0.8474,16.24,27.216,52.089
2243,0,0.256,0.556,3.7948,7.5154,5.4906,0.0,0.0637,0.8477,16.17,27.288,52.098
2244,0,0.2711,0.5711,3.7948,7.532,5.4913,0.0,0.0629,0.8474,16.16,27.508,52.089
2245,0,0.2143,0.5143,3.7948,7.5238,5.492,0.0,0.062,0.8479,16.14,27.168,52.11
2246,0,0.2402,0.5402,3.7948,7.5302,5.4927,0.0,0.0612,0.8473,16.2,27.12,52.111
2247,0,0.2735,0.5735,3.7948,7.5323,5.4934,0.0,0.0603,0.8474,16.18,27.086,52.103
2248,0,0.2664,0.5664,3.7948,7.5398,5.4941,0.0,0.0595,0.8457,16.17,27.15,52.092
2249,0,0.2905,0.5905,3.7948,7.5322,5.4949,0.0,0.0587,0.845,16.2,26.874,52.075
2250,0,0.24,0.54,3.7948,7.5242,5.4955,0.0,0.0578,0.8437,16.14,26.932,52.062
2251,0,0.2183,0.5183,3.7948,7.5315,5.4962,0.0,0.0569,0.8447,16.11,26.876,52.106
2252,0,0.2519,0.5519,3.7948,7.5282,5.497,0.0,0.0561,0.8441,16.15,27.021,52.103
2253,0,0.2177,0.5177,3.7948,7.5193,5.4976,0.0,0.0553,0.846,16.25,27.054,52.138
2254,0,0.2433,0.5433,3.7948,7.5298,5.4984,0.0,0.0546,0.8451,16.25,26.639,52.08
2255,0,0.3196,0.6196,3.7948,7.552,5.4991,0.0,0.0538,0.8459,16.19,27.244,52.119
2256,0,0.2565,0.5565,3.7948,7.5249,5.4997,0.0,0.0529,0.8454,16.15,27.986,52.102
2257,0,0.2195,0.5195,3.7948,7.5098,5.5003,0.0,0.052,0.844,16.16,27.907,52.113
2258,0,0.2268,0.5268,3.7948,7.5292,5.5008,0.0,0.0511,0.8432,16.12,27.825,52.098
2259,0,0.2841,0.5841,3.7948,7.5438,5.5015,0.0,0.0504,0.8465,16.27,27.457,52.12
2260,0,0.2405,0.5405,3.7948,7.5245,5.5021,0.0,0.0497,0.8458,16.27,27.292,52.143
2261,0,0.1976,0.4976,3.7948,7.5324,5.5026,0.0,0.0489,0.8435,16.25,27.565,52.077
2262,0,0.2496,0.5496,3.7948,7.5275,5.5035,0.0,0.0481,0.8463,16.22,27.188,52.157
2263,0,0.2434,0.5434,3.7948,7.5442,5.5044,0.0,0.0473,0.8448,16.23,27.127,52.117
2264,0,0.2439,0.5439,3.7948,7.5381,5.5052,0.0,0.0466,0.8437,16.29,27.172,52.117
2265,0,0.2097,0.5097,3.7948,7.5343,5.506,0.0,0.0457,0.8441,16.12,27.111,52.079
2266,0,0.1993,0.4993,3.7948,7.5295,5.5068,0.0,0.0449,0.8435,16.16,27.208,52.073
2267,0,0.2084,0.5084,3.7948,7.5507,5.5073,0.0,0.0439,0.8433,16.07,27.477,52.064
2268,0,0.2196,0.5196,3.7948,7.5453,5.508,0.0,0.0431,0.8448,16.21,27.663,52.116
2269,0,0.2423,0.5423,3.7948,7.5569,5.5087,0.0,0.0423,0.8429,16.18,27.276,52.051
2270,0,0.2093,0.5093,3.7948,7.5249,5.5096,0.0,0.0415,0.8439,16.19,27.048,52.078
2271,0,0.208,0.508,3.7948,7.5326,5.5103,0.0,0.0406,0.8429,16.14,27.24,52.065
2272,0,0.2336,0.5336,3.7948,7.5449,5.511,0.0,0.0397,0.8447,16.14,27.416,52.059
2273,0,0.2574,0.5574,3.7948,7.5573,5.5118,0.0,0.0389,0.8431,16.21,26.942,52.056
2274,0,0.2456,0.5456,3.7948,7.5385,5.5128,0.0,0.0381,0.8456,16.21,26.797,52.108
2275,0,0.2256,0.5256,3.7948,7.5405,5.5136,0.0,0.0373,0.8418,16.22,27.216,52.022
2276,0,0.2112,0.5112,3.7948,7.5366,5.5143,0.0,0.0365,0.843,16.24,27.788,52.061
2277,0,0.2298,0.5298,3.7948,7.5511,5.5149,0.0,0.0358,0.8435,16.23,28.134,52.058
2278,0,0.2473,0.5473,3.7948,7.5557,5.5154,0.0,0.035,0.8444,16.2,28.215,52.091
2279,0,0.2469,0.5469,3.7948,7.576,5.5161,0.0,0.0341,0.8436,16.16,27.475,52.068
2280,0,0.228,0.528,3.7948,7.5688,5.5167,0.0,0.0334,0.8445,16.29,27.292,52.074
2281,0,0.2325,0.5325,3.7948,7.5768,5.5173,0.0,0.0327,0.8465,16.28,27.818,52.113
2282,0,0.2397,0.5397,3.7948,7.576,5.5179,0.0,0.0319,0.8436,16.25,27.969,52.014
2283,0,0.2081,0.5081,3.7948,7.5495,5.5186,0.0,0.0312,0.8419,16.25,27.744,52.026
2284,0,0.1705,0.4705,3.7948,7.5152,5.5196,0.0,0.0304,0.8418,16.2,27.24,52.034
2285,0,0.2423,0.5423,3.7948,7.5597,5.5203,0.0,0.0296,0.8454,16.23,27.348,52.063
2286,0,0.2568,0.5568,3.7948,7.5554,5.5212,0.0,0.0288,0.8469,16.25,26.912,52.104
2287,0,0.2233,0.5233,3.7948,7.5437,5.5218,0.0,0.028,0.8476,16.18,27.103,52.147
2288,0,0.1829,0.4829,3.7948,7.5315,5.5221,0.0,0.0272,0.8465,16.18,28.225,52.091
2289,0,0.197,0.497,3.7948,7.5312,5.523,0.0,0.0265,0.8479,16.27,27.927,52.148
2290,0,0.2079,0.5079,3.7948,7.51,5.5237,0.0,0.0257,0.8451,16.23,27.473,52.104
2291,0,0.1972,0.4972,3.7948,7.544,5.5244,0.0,0.0249,0.8456,16.24,27.454,52.126
2292,0,0.1986,0.4986,3.7948,7.505,5.5255,0.0,0.0242,0.8452,16.28,27.083,52.101
2293,0,0.2111,0.5111,3.7948,7.5164,5.5264,0.0,0.0235,0.8449,16.25,26.652,52.076
2294,0,0.2194,0.5194,3.7948,7.5275,5.5275,0.0,0.0228,0.8459,16.27,26.606,52.126
2295,0,0.2193,0.5193,3.7948,7.528,5.5283,0.0,0.0219,0.8441,16.18,26.93,52.114
2296,0,0.1907,0.4907,3.7948,7.5282,5.5294,0.0,0.0212,0.8444,16.24,26.468,52.115
2297,0,0.1938,0.4938,3.7948,7.5235,5.53,0.0,0.0204,0.8439,16.16,26.733,52.114
2298,0,0.2297,0.5297,3.7948,7.5339,5.5307,0.0,0.0195,0.8451,16.13,27.473,52.145
2299,0,0.2224,0.5224,3.7948,7.5407,5.5314,0.0,0.0186,0.8473,16.14,27.509,52.128
2300,0,0.2371,0.5371,3.7948,7.5376,5.5323,0.0,0.0178,0.8466,16.18,27.27,52.141
2301,0,0.2227,0.5227,3.7948,7.5388,5.5331,0.0,0.0169,0.8484,16.18,27.049,52.154
2302,0,0.2368,0.5368,3.7948,7.5346,5.5338,0.0,0.0162,0.8455,16.29,27.42,52.141
2303,0,0.2669,0.5669,3.7948,7.5524,5.5347,0.0,0.0155,0.8445,16.21,27.426,52.091
2304,0,0.2557,0.5557,3.7948,7.5652,5.5356,0.0,0.0148,0.843,16.31,27.085,52.06
2305,0,0.2671,0.5671,3.7948,7.5421,5.5367,0.0,0.014,0.8436,16.2,26.725,52.102
2306,0,0.2024,0.5024,3.7948,7.5202,5.5376,0.0,0.0133,0.8432,16.26,26.595,52.102
2307,0,0.2047,0.5047,3.7948,7.5128,5.5388,0.0,0.0125,0.845,16.27,26.862,52.14
2308,0,0.2035,0.5035,3.7948,7.5133,5.5398,0.0,0.0117,0.8411,16.22,26.726,52.072
2309,0,0.2166,0.5166,3.7948,7.539,5.541,0.0,0.011,0.8445,16.22,26.474,52.106
2310,0,0.2027,0.5027,3.7948,7.5352,5.5419,0.0,0.0102,0.8459,16.2,26.729,52.135
2311,0,0.2149,0.5149,3.7948,7.5166,5.5428,0.0,0.0094,0.8448,16.24,27.321,52.137
2312,0,0.2146,0.5146,3.7948,7.5105,5.5436,0.0,0.0086,0.8447,16.22,27.555,52.123
2313,0,0.148,0.448,3.7948,7.4911,5.5444,0.0,0.0078,0.8419,16.18,27.505,52.098
2314,0,0.2048,0.5048,3.7948,7.5302,5.5451,0.0,0.0069,0.8449,16.15,27.547,52.086
2315,0,0.2168,0.5168,3.7948,7.5298,5.5457,0.0,0.006,0.8449,16.1,27.944,52.086
2316,0,0.2125,0.5125,3.7948,7.5188,5.5468,0.0,0.0052,0.8432,16.23,27.309,52.074
2317,0,0.2216,0.5216,3.7948,7.5264,5.5477,0.0,0.0045,0.843,16.24,26.758,52.066
2318,0,0.2152,0.5152,3.7948,7.5309,5.5488,0.0,0.0036,0.8435,16.14,26.887,52.069
2319,0,0.2276,0.5276,3.7948,7.5313,5.5496,0.0,0.0027,0.8425,16.08,27.108,52.041
2320,0,0.2482,0.5482,3.7948,7.5338,5.5505,0.0,0.0018,0.8434,16.16,27.502,52.068
2321,0,0.2556,0.5556,3.7948,7.5331,5.5511,0.0,0.001,0.8434,16.18,27.496,52.068
2322,0,0.2726,0.5726,3.7948,7.536,5.5521,0.0,0.0002,0.8421,16.19,27.238,52.027
2323,0,0.2495,0.5495,3.7948,7.5314,5.5527,0.0,0.0,0.8429,16.11,27.319,52.071
2324,0,0.2246,0.5246,3.7948,7.5358,5.5535,0.0,0.0,0.8421,16.16,27.6,52.064
2325,0,0.2823,0.5823,3.7948,7.5374,5.554,0.0,0.0,0.8434,16.2,27.524,52.094
2326,0,0.2428,0.5428,3.7948,7.5263,5.5545,0.0,0.0,0.8433,16.21,28.083,52.075
2327,0,0.2414,0.5414,3.7948,7.5375,5.5551,0.0,0.0,0.8477,16.12,28.109,52.179
2328,0,0.2492,0.5492,3.7948,7.5276,5.5563,0.0,0.0,0.8457,16.24,27.401,52.118
2329,0,0.2242,0.5242,3.7948,7.5213,5.5568,0.0,0.0,0.8452,16.1,27.27,52.097
2330,0,0.2628,0.5628,3.7948,7.5375,5.5575,0.0,0.0,0.8448,16.08,27.974,52.095
2331,0,0.2357,0.5357,3.7948,7.5398,5.5584,0.0,0.0,0.8421,16.14,27.79,52.012
2332,0,0.2219,0.5219,3.7948,7.5156,5.5591,0.0,0.0,0.8422,16.27,27.567,52.036
2333,0,0.2115,0.5115,3.7948,7.519,5.5597,0.0,0.0,0.8429,16.15,28.111,52.06
2334,0,0.2539,0.5539,3.7948,7.5285,5.5605,0.0,0.0,0.8437,16.17,28.034,52.089
2335,0,0.2332,0.5332,3.7948,7.5215,5.5613,0.0,0.0,0.8446,16.19,27.562,52.097
2336,0,0.2284,0.5284,3.7948,7.5309,5.5622,0.0,0.0,0.8433,16.14,27.224,52.046
2337,0,0.1882,0.4882,3.7948,7.5201,5.5628,0.0,0.0,0.8446,16.24,27.607,52.079
2338,0,0.1946,0.4946,3.7948,7.5238,5.5635,0.0,0.0,0.842,16.19,27.951,52.01
2339,0,0.1886,0.4886,3.7948,7.5296,5.5644,0.0,0.0,0.8433,16.19,27.585,52.043
2340,0,0.2152,0.5152,3.7948,7.5315,5.5655,0.0,0.0,0.8447,16.24,27.174,52.068
2341,0,0.2375,0.5375,3.7948,7.54,5.5664,0.0,0.0,0.8443,16.25,27.099,52.09
2342,0,0.2259,0.5259,3.7948,7.5421,5.5673,0.0,0.0,0.845,16.16,27.274,52.071
2343,0,0.2028,0.5028,3.7948,7.5354,5.568,0.0,0.0,0.8419,16.2,27.379,52.052
2344,0,0.1774,0.4774,3.7948,7.5234,5.5686,0.0,0.0,0.8433,16.16,27.587,52.058
2345,0,0.2063,0.5063,3.7948,7.5216,5.5692,0.0,0.0,0.8444,16.09,27.547,52.114
2346,0,0.2409,0.5409,3.7948,7.5418,5.57,0.0,0.0,0.8443,16.25,27.396,52.071
2347,0,0.1455,0.4455,3.7948,7.5,5.5708,0.0,0.0,0.8422,16.27,27.447,52.079
2348,0,0.2113,0.5113,3.7948,7.5254,5.5716,0.0,0.0,0.8436,16.16,27.457,52.089
2349,0,0.2395,0.5395,3.7948,7.5305,5.5725,0.0,0.0,0.8453,16.2,27.225,52.098
2350,0,0.2514,0.5514,3.7948,7.5401,5.5733,0.0,0.0,0.8466,16.13,27.386,52.102
2351,0,0.2531,0.5531,3.7948,7.5402,5.574,0.0,0.0,0.8458,16.25,27.807,52.119
2352,0,0.2124,0.5124,3.7948,7.536,5.5749,0.0,0.0,0.8429,16.26,27.704,52.048
2353,0,0.2167,0.5167,3.7948,7.5288,5.5757,0.0,0.0,0.8417,16.17,27.526,52.06
2354,0,0.1924,0.4924,3.7948,7.5263,5.5767,0.0,0.0,0.8417,16.27,27.471,52.06
2355,0,0.1895,0.4895,3.7948,7.515,5.5772,0.0,0.0,0.8416,16.25,27.784,52.059
2356,0,0.2604,0.5604,3.7948,7.5429,5.5782,0.0,0.0,0.8429,16.17,27.673,52.044
2357,0,0.2302,0.5302,3.7948,7.5396,5.5788,0.0,0.0,0.843,16.33,27.744,52.063
2358,0,0.2291,0.5291,3.7948,7.5419,5.5799,0.0,0.0,0.8413,16.2,27.521,52.046
2359,0,0.2321,0.5321,3.7948,7.5465,5.5808,0.0,0.0,0.8421,16.21,26.745,52.06
2360,0,0.2549,0.5549,3.7948,7.5594,5.5819,0.0,0.0,0.8419,16.35,26.647,52.065
2361,0,0.2396,0.5396,3.7948,7.5503,5.5828,0.0,0.0,0.8412,16.28,26.931,52.043
2362,0,0.2243,0.5243,3.7948,7.5477,5.5833,0.0,0.0,0.8454,16.21,27.973,52.092
2363,0,0.2608,0.5608,3.7948,7.5627,5.5844,0.0,0.0,0.8456,16.24,27.472,52.079
2364,0,0.2507,0.5507,3.7948,7.5634,5.5854,0.0,0.0,0.8468,16.23,26.852,52.116
2365,0,0.2517,0.5517,3.7948,7.5408,5.586,0.0,0.0,0.8422,16.18,27.31,52.062
2366,0,0.2281,0.5281,3.7948,7.541,5.5867,0.0,0.0,0.8428,16.26,27.54,52.066
2367,0,0.1846,0.4846,3.7948,7.52,5.5874,0.0,0.0,0.8407,16.2,28.002,52.017
2368,0,0.1796,0.4796,3.7948,7.5216,5.5885,0.0,0.0,0.8437,16.31,27.441,52.065
2369,0,0.1977,0.4977,3.7948,7.5332,5.5892,0.0,0.0,0.8455,16.17,27.084,52.082
2370,0,0.1849,0.4849,3.7948,7.5238,5.5898,0.0,0.0,0.8424,16.18,27.683,52.061
2371,0,0.2005,0.5005,3.7948,7.5267,5.5908,0.0,0.0,0.8499,16.28,27.449,52.109
2372,0,0.1858,0.4858,3.7948,7.5231,5.5915,0.0,0.0,0.8481,16.14,27.375,52.099
2373,0,0.179,0.479,3.7948,7.5315,5.5922,0.0,0.0,0.8481,16.26,27.296,52.099
2374,0,0.2031,0.5031,3.7948,7.5336,5.593,0.0,0.0,0.8502,16.38,27.352,52.129
2375,0,0.1749,0.4749,3.7948,7.5309,5.5939,0.0,0.0,0.8484,16.2,27.445,52.101
2376,0,0.1979,0.4979,3.7948,7.5367,5.5948,0.0,0.0,0.8484,16.23,27.391,52.101
2377,0,0.2025,0.5025,3.7948,7.5373,5.5954,0.0,0.0,0.8437,16.23,27.64,52.07
2378,0,0.2353,0.5353,3.7948,7.5602,5.5963,0.0,0.0,0.8442,16.29,27.833,52.089
2379,0,0.2432,0.5432,3.7948,7.5491,5.5968,0.0,0.0,0.843,16.15,28.152,52.088
2380,0,0.2108,0.5108,3.7948,7.5456,5.5975,0.0,0.0,0.8434,16.31,28.0,52.082
2381,0,0.231,0.531,3.7948,7.5578,5.5983,0.0,0.0,0.8437,16.27,27.685,52.082
2382,0,0.2814,0.5814,3.7948,7.5629,5.5991,0.0,0.0,0.8431,16.17,27.414,52.059
2383,0,0.2435,0.5435,3.7948,7.5432,5.6,0.0,0.0,0.8433,16.24,27.406,52.043
2384,0,0.233,0.533,3.7948,7.5483,5.601,0.0,0.0,0.8434,16.19,27.008,52.027
2385,0,0.2255,0.5255,3.7948,7.5392,5.6017,0.0,0.0,0.8437,16.16,26.792,52.071
2386,0,0.2501,0.5501,3.7948,7.5541,5.6025,0.0,0.0,0.8433,16.21,27.738,52.068
2387,0,0.2099,0.5099,3.7948,7.5414,5.6034,0.0,0.0,0.842,16.15,27.56,52.038
2388,0,0.2198,0.5198,3.7948,7.5372,5.604,0.0,0.0,0.845,16.22,27.902,52.098
2389,0,0.2156,0.5156,3.7948,7.5342,5.6048,0.0,0.0,0.849,16.3,27.955,52.14
2390,0,0.208,0.508,3.7948,7.5407,5.6058,0.0,0.0,0.8461,16.22,27.296,52.066
2391,0,0.2538,0.5538,3.7948,7.546,5.6066,0.0,0.0,0.8441,16.14,27.269,52.052
2392,0,0.2359,0.5359,3.7948,7.5653,5.6075,0.0,0.0,0.8465,16.07,27.066,52.083
2393,0,0.2539,0.5539,3.7948,7.5461,5.6085,0.0,0.0,0.8485,16.15,26.813,52.103
2394,0,0.2236,0.5236,3.7948,7.5338,5.6095,0.0,0.0,0.8509,16.21,26.897,52.122
2395,0,0.2224,0.5224,3.7948,7.5229,5.6104,0.0,0.0,0.8508,16.06,26.991,52.158
2396,0,0.2444,0.5444,3.7948,7.5355,5.6112,0.0,0.0,0.8498,16.14,27.411,52.139
2397,0,0.2417,0.5417,3.7948,7.5263,5.612,0.0,0.0,0.8489,16.18,27.66,52.142
2398,0,0.26,0.56,3.7948,7.5268,5.6129,0.0,0.0,0.8495,16.13,27.408,52.155
2399,0,0.264,0.564,3.7948,7.5353,5.6137,0.0,0.0,0.851,16.1,27.272,52.153
2400,0,0.2694,0.5694,3.7948,7.5375,5.6145,0.0,0.0,0.8521,16.17,27.303,52.157
2401,0,0.2535,0.5535,3.7948,7.5556,5.6152,0.0,0.0,0.8466,16.15,27.23,52.107
2402,0,0.2675,0.5675,3.7948,7.5501,5.616,0.0,0.0,0.8475,16.21,27.507,52.113
2403,0,0.2503,0.5503,3.7948,7.5389,5.6168,0.0,0.0,0.8466,16.1,27.408,52.066
2404,0,0.2506,0.5506,3.7948,7.5502,5.6174,0.0,0.0,0.8443,16.16,27.919,52.028
2405,0,0.2582,0.5582,3.7948,7.5555,5.6181,0.0,0.0,0.8488,16.18,27.775,52.146
2406,0,0.2496,0.5496,3.7948,7.5443,5.6188,0.0,0.0,0.8471,16.06,27.665,52.112
2407,0,0.2592,0.5592,3.7948,7.5522,5.6194,0.0,0.0,0.8444,16.22,27.692,52.049
2408,0,0.2658,0.5658,3.7948,7.5492,5.6205,0.0,0.0,0.8442,16.24,27.464,52.044
2409,0,0.2578,0.5578,3.7948,7.5552,5.6214,0.0,0.0,0.8439,16.22,27.188,52.018
2410,0,0.2838,0.5838,3.7948,7.544,5.6221,0.0,0.0,0.8428,16.07,27.388,52.015
2411,0,0.2534,0.5534,3.7948,7.5263,5.6231,0.0,0.0,0.8432,16.21,27.292,52.026
2412,0,0.2444,0.5444,3.7948,7.5267,5.624,0.0,0.0,0.8451,16.17,27.045,52.094
2413,0,0.2237,0.5237,3.7948,7.53,5.6248,0.0,0.0,0.8429,16.04,27.395,52.025
2414,0,0.2438,0.5438,3.7948,7.5267,5.6261,0.0,0.0,0.8414,16.13,26.866,52.015
2415,0,0.1978,0.4978,3.7948,7.5176,5.6269,0.0,0.0,0.8437,16.06,26.692,52.072
2416,0,0.2475,0.5475,3.7948,7.5406,5.6277,0.0,0.0,0.8449,16.16,27.287,52.096
2417,0,0.2168,0.5168,3.7948,7.5263,5.6286,0.0,0.0,0.8445,16.05,27.248,52.048
2418,0,0.2694,0.5694,3.7948,7.5399,5.6293,0.0,0.0,0.8475,16.2,27.232,52.1
2419,0,0.2606,0.5606,3.7948,7.5458,5.6301,0.0,0.0,0.8478,16.2,27.567,52.099
2420,0,0.1955,0.4955,3.7948,7.5108,5.6308,0.0,0.0,0.8443,16.18,27.559,52.049
2421,0,0.2586,0.5586,3.7948,7.5271,5.6317,0.0,0.0,0.8454,16.19,27.311,52.067
2422,0,0.254,0.554,3.7948,7.5242,5.6327,0.0,0.0,0.8457,16.17,27.218,52.07
2423,0,0.2375,0.5375,3.7948,7.5317,5.6334,0.0,0.0,0.8478,16.18,27.46,52.131
2424,0,0.2763,0.5763,3.7948,7.5289,5.6343,0.0,0.0,0.846,16.18,27.57,52.071
2425,0,0.2507,0.5507,3.7948,7.5304,5.6349,0.0,0.0,0.8469,16.06,27.589,52.08
2426,0,0.253,0.553,3.7948,7.5291,5.6356,0.0,0.0,0.8487,16.08,27.908,52.134
2427,0,0.2505,0.5505,3.7948,7.5244,5.6362,0.0,0.0,0.8484,16.14,27.949,52.139
2428,0,0.2346,0.5346,3.7948,7.5347,5.6371,0.0,0.0,0.849,16.21,27.43,52.188
2429,0,0.2418,0.5418,3.7948,7.5256,5.6379,0.0,0.0,0.8489,16.14,27.316,52.181
2430,0,0.2785,0.5785,3.7948,7.5565,5.6388,0.0,0.0,0.8479,16.22,27.376,52.133
2431,0,0.2821,0.5821,3.7948,7.5355,5.6393,0.0,0.0,0.8493,16.14,27.861,52.182
2432,0,0.2721,0.5721,3.7948,7.5277,5.64,0.0,0.0,0.8464,16.26,28.005,52.072
2433,0,0.2456,0.5456,3.7948,7.5224,5.6407,0.0,0.0,0.8468,16.16,27.78,52.069
2434,0,0.2515,0.5515,3.7948,7.5272,5.6416,0.0,0.0,0.847,16.12,27.421,52.062
2435,0,0.2239,0.5239,3.7948,7.5194,5.6422,0.0,0.0,0.8473,16.16,27.819,52.093
2436,0,0.2563,0.5563,3.7948,7.5367,5.6428,0.0,0.0,0.8466,16.16,27.783,52.115
2437,0,0.2234,0.5234,3.7948,7.522,5.6435,0.0,0.0,0.8463,16.17,27.931,52.096
2438,0,0.2304,0.5304,3.7948,7.521,5.6446,0.0,0.0,0.8456,16.17,27.579,52.086
2439,0,0.2053,0.5053,3.7948,7.5129,5.6452,0.0,0.0,0.8457,16.14,27.593,52.07
2440,0,0.2185,0.5185,3.7948,7.5154,5.6459,0.0,0.0,0.8462,16.2,27.906,52.087
2441,0,0.2597,0.5597,3.7948,7.5346,5.6466,0.0,0.0,0.8489,16.05,27.823,52.173
2442,0,0.2649,0.5649,3.7948,7.5381,5.6474,0.0,0.0,0.848,16.17,27.799,52.112
2443,0,0.2479,0.5479,3.7948,7.5426,5.6482,0.0,0.0,0.848,16.15,27.437,52.128
2444,0,0.2395,0.5395,3.7948,7.5312,5.6489,0.0,0.0,0.8455,16.11,27.771,52.072
2445,0,0.2841,0.5841,3.7948,7.5514,5.6497,0.0,0.0,0.8489,16.14,27.753,52.144
2446,0,0.2396,0.5396,3.7948,7.5419,5.6508,0.0,0.0,0.8482,16.2,27.4,52.126
2447,0,0.2129,0.5129,3.7948,7.5302,5.6516,0.0,0.0,0.8482,16.22,27.349,52.117
2448,0,0.231,0.531,3.7948,7.534,5.6525,0.0,0.0,0.8476,16.13,27.181,52.127
2449,0,0.2088,0.5088,3.7948,7.5353,5.653,0.0,0.0,0.8474,16.14,27.44,52.108
2450,0,0.2517,0.5517,3.7948,7.5503,5.6539,0.0,0.0,0.8485,16.21,27.566,52.167
2451,0,0.2182,0.5182,3.7948,7.5309,5.6545,0.0,0.0,0.8455,16.16,27.511,52.086
2452,0,0.249,0.549,3.7948,7.55,5.6553,0.0,0.0,0.8449,16.17,27.688,52.085
2453,0,0.2476,0.5476,3.7948,7.5324,5.6559,0.0,0.0,0.846,16.17,27.98,52.104
2454,0,0.2016,0.5016,3.7948,7.5207,5.6565,0.0,0.0,0.847,16.13,27.762,52.117
2455,0,0.2231,0.5231,3.7948,7.5278,5.6574,0.0,0.0,0.8468,16.16,27.362,52.141
2456,0,0.2047,0.5047,3.7948,7.5149,5.6581,0.0,0.0,0.846,16.29,27.409,52.105
2457,0,0.2342,0.5342,3.7948,7.5546,5.6587,0.0,0.0,0.8469,16.18,27.891,52.139
2458,0,0.2241,0.5241,3.7948,7.5422,5.6597,0.0,0.0,0.8459,16.28,27.804,52.102
2459,0,0.2153,0.5153,3.7948,7.5391,5.6607,0.0,0.0,0.8475,16.08,27.31,52.141
2460,0,0.2226,0.5226,3.7948,7.5212,5.6616,0.0,0.0,0.846,16.17,27.3,52.105
2461,0,0.1878,0.4878,3.7948,7.5157,5.6623,0.0,0.0,0.8465,16.12,27.352,52.11
2462,0,0.1965,0.4965,3.7948,7.5154,5.6631,0.0,0.0,0.8465,16.17,27.349,52.118
2463,0,0.2173,0.5173,3.7948,7.5322,5.6635,0.0,0.0,0.8504,16.21,27.718,52.12
2464,0,0.2114,0.5114,3.7948,7.5124,5.6647,0.0,0.0,0.8468,16.2,27.442,52.132
2465,0,0.1846,0.4846,3.7948,7.5239,5.6658,0.0,0.0,0.8479,16.28,26.908,52.1
2466,0,0.186,0.486,3.7948,7.5334,5.6667,0.0,0.0,0.8457,16.3,26.979,52.13
2467,0,0.1884,0.4884,3.7948,7.5316,5.6674,0.0,0.0,0.8445,16.14,27.447,52.036
2468,0,0.1941,0.4941,3.7948,7.5317,5.6682,0.0,0.0,0.8488,16.15,27.4,52.104
2469,0,0.1927,0.4927,3.7948,7.5259,5.669,0.0,0.0,0.8492,16.15,27.148,52.105
2470,0,0.1777,0.4777,3.7948,7.5368,5.6697,0.0,0.0,0.8472,16.11,27.533,52.102
2471,0,0.2128,0.5128,3.7948,7.534,5.6705,0.0,0.0,0.8491,16.21,27.698,52.15
2472,0,0.2247,0.5247,3.7948,7.5706,5.6714,0.0,0.0,0.8458,16.15,27.328,52.093
