rollout,feasible,violation,J_D,J_P,J_B,mu_D,mu_P,mu_B,coverage,enhanced_tiles,reward,mean_psnr_db,pds_value_loss
1,0,32.4763,14.6978,10.5843,18.7142,1.0418,1.0089,1.0277,0.9114,38.96,-17.485,53.158,
2,0,28.8088,14.1022,7.7742,18.4524,1.0838,1.0178,1.0553,0.9248,38.84,-18.247,53.334,0.05155
3,0,29.0259,14.5921,7.8062,18.1475,1.1256,1.0267,1.083,0.9211,38.96,-19.705,53.252,5.42461
4,0,28.7042,13.9996,8.2112,18.0135,1.1674,1.0356,1.1106,0.9181,38.85,-21.199,53.14,8.894747
5,0,28.2648,13.1979,8.351,18.2359,1.2088,1.0451,1.1382,0.918,38.89,-22.862,53.236,2.594509
6,0,29.6653,16.5848,6.2198,18.3806,1.2509,1.0536,1.1657,0.9199,38.76,-24.212,53.386,6.036777
7,0,29.438,13.3501,9.2935,18.3144,1.2926,1.0624,1.1933,0.9158,38.9,-25.446,53.21,3.274861
8,0,28.1088,13.2852,8.4767,17.8669,1.3339,1.0713,1.2208,0.9133,38.77,-26.994,53.203,6.681851
9,0,30.0516,13.9156,9.1955,18.4605,1.3756,1.0799,1.2484,0.9235,38.86,-28.515,53.52,5.016576
10,0,29.8546,14.9786,8.184,18.212,1.4167,1.0892,1.276,0.9224,38.85,-30.035,53.413,2.330083
11,0,28.7303,13.1099,9.7188,17.4215,1.4577,1.0982,1.3034,0.9302,38.66,-31.35,53.68,2.787694
12,0,29.8576,13.3579,9.9404,18.0793,1.4994,1.1066,1.3305,0.9335,38.48,-32.587,53.722,2.48038
13,0,28.384,12.8941,9.3059,17.7041,1.5402,1.1155,1.3579,0.9209,38.7,-34.107,53.396,5.158907
14,0,29.2397,13.2129,9.4621,18.0848,1.5809,1.1245,1.3852,0.925,38.6,-35.529,53.554,7.508357
15,0,29.287,12.8322,10.0401,17.9346,1.6223,1.1332,1.4129,0.9172,38.94,-37.282,53.279,2.591495
16,0,27.5061,12.815,8.7858,17.4253,1.6624,1.1427,1.4404,0.917,38.76,-38.546,53.18,6.360859
17,0,26.8869,12.5458,8.5791,17.2819,1.7033,1.1516,1.4679,0.9176,38.82,-39.754,53.193,3.37625
18,0,25.8864,11.9692,8.7245,16.7128,1.7436,1.1612,1.4953,0.9124,38.7,-41.429,53.18,7.930276
19,0,26.0639,11.9635,9.0343,16.5861,1.784,1.1703,1.5225,0.914,38.46,-42.847,53.203,3.082283
20,0,25.715,12.0879,8.6044,16.5427,1.8236,1.18,1.5496,0.9172,38.47,-43.887,53.224,3.178633
21,0,26.3512,12.1083,8.9635,16.7995,1.864,1.189,1.5766,0.913,38.35,-45.171,53.018,5.068518
22,0,25.6325,11.8409,9.0293,16.2823,1.9043,1.199,1.6039,0.9128,38.6,-46.953,53.053,4.799256
23,0,25.931,11.7743,9.6638,16.013,1.9447,1.2084,1.631,0.9195,38.4,-48.336,53.244,3.938218
24,0,25.3976,11.7522,9.2052,15.9602,1.9844,1.218,1.6581,0.9166,38.5,-49.454,52.987,2.710028
25,0,25.9595,12.1603,8.7521,16.5671,2.0234,1.2277,1.685,0.9118,38.25,-50.417,52.85,3.862072
26,0,24.9494,11.994,8.2864,16.189,2.0631,1.2372,1.7121,0.9028,38.38,-51.837,52.66,2.739914
27,0,24.008,11.8493,7.6684,16.0103,2.1025,1.2467,1.7389,0.9005,38.26,-53.367,52.747,3.057649
28,0,24.4805,11.8925,7.8843,16.2238,2.1417,1.2564,1.7658,0.9043,38.28,-54.523,52.797,2.280001
29,0,23.4602,11.3999,7.8618,15.7184,2.1806,1.2657,1.7929,0.895,38.39,-55.569,52.64,3.134231
30,0,23.1474,10.8557,8.3341,15.4776,2.2195,1.2756,1.8199,0.8955,38.33,-56.805,52.635,3.166081
31,0,24.5534,11.56,8.317,16.1965,2.2587,1.285,1.847,0.8928,38.45,-58.208,52.672,2.720547
32,0,24.7077,11.5223,8.4672,16.2382,2.2972,1.2944,1.8738,0.8941,38.25,-59.377,52.616,3.913537
33,0,24.0043,11.2591,8.2772,15.9879,2.3345,1.305,1.9009,0.894,38.42,-60.128,52.604,2.390715
34,0,23.4359,10.9011,8.0747,15.9801,2.3725,1.3151,1.9281,0.8862,38.51,-61.602,52.427,3.400983
35,0,23.163,11.3688,7.109,16.2052,2.4099,1.3254,1.9552,0.8942,38.46,-62.973,52.671,2.346533
36,0,23.17,11.315,7.2666,16.1084,2.4478,1.3353,1.9822,0.9005,38.32,-64.055,52.765,2.463106
37,0,22.1939,11.8808,5.6798,16.1532,2.4852,1.3451,2.009,0.897,38.21,-65.296,52.664,2.499709
38,0,22.238,11.8361,5.8491,16.0727,2.523,1.355,2.0359,0.8985,38.29,-66.832,52.716,2.641634
39,0,21.8309,11.5557,6.0081,15.7871,2.5593,1.3651,2.0626,0.8941,38.03,-67.305,52.624,0.655434
40,0,22.5948,12.0292,5.8757,16.2099,2.5972,1.3748,2.0896,0.8972,38.37,-68.658,52.667,4.103133
41,0,22.3819,12.1773,5.4504,16.2742,2.6347,1.3848,2.1165,0.893,38.32,-70.732,52.629,3.905375
42,0,22.1518,12.2579,5.1569,16.2569,2.6719,1.3953,2.1436,0.892,38.43,-71.887,52.613,3.920169
43,0,21.5011,11.5715,5.692,15.7577,2.7087,1.4054,2.1704,0.8988,38.22,-72.657,52.803,2.598916
44,0,21.2349,11.3053,5.9762,15.4733,2.7462,1.4159,2.1973,0.8934,38.26,-74.25,52.636,2.493569
45,0,19.7336,10.7195,5.6519,14.8821,2.7829,1.4263,2.2239,0.8889,38.02,-75.463,52.516,2.176432
46,0,20.6098,10.6072,6.4258,15.0968,2.82,1.4367,2.2506,0.8907,38.12,-76.447,52.525,3.359858
47,0,20.0486,10.2626,6.3864,14.9195,2.8566,1.4468,2.2771,0.8889,37.91,-77.587,52.492,2.309996
48,0,20.4549,10.6459,6.2109,15.1181,2.8934,1.4571,2.3039,0.889,38.2,-78.832,52.485,3.081791
49,0,19.6235,10.2507,6.1554,14.7374,2.93,1.4676,2.3306,0.8866,38.09,-80.17,52.399,1.498757
50,0,19.0637,10.055,5.9792,14.5495,2.9663,1.4777,2.3572,0.8817,38.01,-81.097,52.335,2.45392
51,0,20.0686,9.9538,7.0219,14.6129,3.0021,1.4882,2.3838,0.882,37.98,-81.982,52.383,1.945606
52,0,20.1544,10.1635,6.7385,14.7724,3.0375,1.4987,2.4104,0.8847,37.99,-82.589,52.364,3.004371
53,0,19.3367,10.2331,6.0352,14.5883,3.0725,1.5094,2.437,0.8882,38.0,-83.496,52.415,0.951835
54,0,19.3639,10.1898,6.0702,14.624,3.1075,1.52,2.4633,0.8909,37.78,-84.167,52.46,1.794551
55,0,19.4892,10.2225,6.1112,14.6755,3.1423,1.5308,2.4897,0.888,37.89,-85.061,52.405,1.739804
56,0,19.3929,10.2189,6.0391,14.6549,3.1783,1.5411,2.5164,0.8895,38.04,-87.403,52.398,2.543284
57,0,18.4834,10.3452,5.2638,14.3944,3.2135,1.5517,2.5427,0.8901,37.84,-88.795,52.462,0.663579
58,0,18.5259,10.2528,5.4348,14.3583,3.2489,1.5622,2.5694,0.8948,38.04,-89.655,52.513,1.536421
59,0,17.2673,9.555,5.4277,13.8046,3.2841,1.5719,2.5958,0.8937,37.91,-90.543,52.553,1.070003
60,0,17.1092,9.625,5.2074,13.7968,3.3192,1.5817,2.6221,0.8919,37.7,-91.188,52.522,3.090079
61,0,17.3252,9.9429,4.9506,13.9518,3.3536,1.5916,2.6483,0.8902,37.73,-91.98,52.488,2.327174
62,0,17.637,10.0198,5.1777,13.9594,3.3881,1.602,2.6745,0.8859,37.65,-92.664,52.448,1.601326
63,0,17.7238,9.7681,5.675,13.8007,3.422,1.6121,2.7006,0.8873,37.58,-93.275,52.469,1.109111
64,0,17.7467,9.86,5.6068,13.7999,3.456,1.6223,2.7267,0.8897,37.63,-94.143,52.495,0.494869
65,0,17.566,9.7434,5.6441,13.6984,3.4897,1.6328,2.7528,0.8906,37.57,-95.405,52.513,20.53079
66,0,17.6296,9.7313,5.7123,13.706,3.524,1.643,2.779,0.8919,37.68,-96.957,52.509,11.217455
67,0,16.7983,9.3024,5.604,13.412,3.5585,1.653,2.8052,0.8863,37.65,-98.215,52.451,5.446484
68,0,16.7919,9.3337,5.5751,13.4031,3.5924,1.6636,2.831,0.8867,37.4,-99.443,52.456,25.093223
69,0,16.4669,9.0692,5.6433,13.2743,3.6261,1.6744,2.8569,0.8853,37.4,-100.268,52.449,3.942434
70,0,16.5385,9.1467,5.5731,13.3387,3.66,1.6848,2.8829,0.8859,37.51,-101.187,52.443,17.152442
71,0,15.2326,8.6586,5.2131,12.8809,3.6935,1.6954,2.9089,0.8854,37.55,-102.486,52.419,3.386647
72,0,15.1416,8.5542,5.2904,12.817,3.7278,1.7061,2.9351,0.8835,37.7,-104.072,52.39,11.701581
73,0,15.5524,8.585,5.4446,13.0428,3.7611,1.7167,2.9611,0.8807,37.47,-104.968,52.371,5.521922
74,0,15.6282,8.5495,5.5431,13.0556,3.7947,1.7271,2.9871,0.8818,37.52,-105.474,52.364,16.626992
75,0,15.5319,8.5343,5.5307,12.9868,3.8284,1.7376,3.0131,0.8849,37.53,-106.919,52.407,4.52609
76,0,15.8675,8.6854,5.5991,13.103,3.8621,1.7487,3.0395,0.8874,37.83,-108.711,52.442,18.120129
77,0,15.6448,8.5877,5.5121,13.065,3.8957,1.7593,3.0654,0.892,37.46,-109.908,52.486,3.574341
78,0,16.0083,8.6595,5.6268,13.2421,3.9296,1.77,3.0915,0.89,37.57,-110.663,52.424,16.075503
79,0,16.5946,8.8829,5.828,13.4037,3.9634,1.7803,3.1175,0.8914,37.45,-112.068,52.503,5.331219
80,0,16.3079,8.8376,5.6865,13.3038,3.9971,1.7911,3.1439,0.8884,37.91,-113.693,52.454,17.115882
81,0,16.0145,8.6536,5.7589,13.122,4.0308,1.8015,3.1702,0.8808,37.69,-114.643,52.358,4.58499
82,0,15.6712,8.4631,5.7409,12.9872,4.0643,1.8121,3.1961,0.8823,37.49,-115.344,52.357,13.897759
83,0,14.8312,7.8882,5.8742,12.5888,4.0972,1.8233,3.222,0.8819,37.4,-116.045,52.306,3.862804
84,0,14.7928,8.1419,5.4564,12.7145,4.1305,1.834,3.248,0.8793,37.52,-117.142,52.322,10.859559
85,0,13.835,8.3561,4.3472,12.6517,4.1639,1.8447,3.2738,0.8747,37.4,-118.236,52.288,2.883531
86,0,14.9571,8.4703,5.1351,12.8717,4.1976,1.8555,3.3,0.8763,37.69,-120.019,52.297,13.609127
87,0,13.2224,7.0781,5.6832,11.9811,4.2302,1.8665,3.3255,0.8779,37.12,-120.429,52.366,3.705965
88,0,14.2164,7.5342,5.7768,12.4254,4.2635,1.8772,3.3514,0.8787,37.41,-121.195,52.384,11.819646
89,0,14.2066,6.9357,6.5414,12.2495,4.2967,1.8874,3.3772,0.8794,37.32,-122.698,52.403,4.937957
90,0,14.2681,7.0041,6.4738,12.3103,4.3305,1.8985,3.403,0.8771,37.39,-124.777,52.448,9.250929
91,0,14.0188,6.7081,6.5876,12.2431,4.3638,1.9096,3.4289,0.8745,37.38,-126.579,52.419,4.076967
92,0,15.0437,7.2365,6.805,12.5223,4.3968,1.9209,3.4547,0.8741,37.35,-126.804,52.401,12.809037
93,0,16.0037,8.3553,6.3596,12.8089,4.4306,1.9313,3.4809,0.8758,37.64,-128.024,52.413,3.071515
94,0,16.6819,8.5226,6.5816,13.0978,4.4638,1.942,3.5067,0.8754,37.39,-129.299,52.433,12.395164
95,0,16.4943,8.2542,6.81,12.9501,4.4976,1.953,3.5327,0.8761,37.54,-130.933,52.381,4.05543
96,0,16.3517,8.1737,6.7559,12.9421,4.5315,1.9632,3.5589,0.8767,37.62,-132.634,52.408,14.559933
97,0,14.7874,7.8251,6.0979,12.3843,4.565,1.9734,3.5845,0.8672,37.2,-132.721,52.198,2.575759
98,0,14.8856,7.6924,6.1704,12.5428,4.5982,1.9837,3.6101,0.8645,37.16,-132.988,52.205,2.172206
99,0,14.5653,7.6194,6.0809,12.385,4.6312,1.994,3.6357,0.8657,37.23,-133.679,52.204,32.498229
100,0,14.7864,7.5436,6.2831,12.4797,4.6638,2.0044,3.6611,0.8659,37.03,-133.921,52.207,7.994226
101,0,14.8619,7.4891,6.5327,12.3601,4.6966,2.0149,3.6867,0.8687,37.13,-134.668,52.236,10.099116
102,0,14.7691,7.3692,6.6087,12.3112,4.7296,2.025,3.7121,0.8682,37.1,-136.394,52.232,33.367017
103,0,15.2896,7.7686,6.5687,12.4723,4.7623,2.0357,3.7376,0.8703,37.04,-137.574,52.195,6.264712
104,0,14.6022,7.6484,6.2746,12.1993,4.7956,2.0463,3.7633,0.8698,37.3,-139.148,52.275,23.259143
105,0,14.9301,7.6222,6.5115,12.3163,4.8284,2.0572,3.7889,0.8726,37.18,-140.667,52.291,17.843051
106,0,13.2695,7.3454,5.3808,12.0633,4.8607,2.0678,3.8141,0.8683,36.83,-140.601,52.241,11.68419
107,0,13.111,7.3295,5.2607,12.0408,4.893,2.0785,3.8393,0.8689,36.88,-140.448,52.256,14.905059
108,0,13.496,7.0017,5.8849,12.1294,4.9256,2.0886,3.8647,0.8695,37.0,-142.043,52.314,38.262248
109,0,13.3964,6.9057,5.8882,12.1224,4.9578,2.0991,3.8899,0.8687,36.85,-143.056,52.296,18.830553
110,0,13.4474,7.7915,5.0726,12.1032,4.9899,2.1098,3.9149,0.8695,36.63,-143.12,52.333,22.57805
111,0,13.5751,8.004,4.9497,12.1414,5.0222,2.12,3.9402,0.8707,36.93,-144.414,52.369,29.222902
112,0,13.1129,7.7233,4.9757,11.9339,5.0542,2.131,3.9652,0.8711,36.63,-145.53,52.373,20.527336
113,0,13.2897,7.8111,4.9888,12.0099,5.0861,2.1415,3.9902,0.874,36.66,-146.012,52.403,23.404272
114,0,13.6935,8.3083,4.73,12.1752,5.1183,2.1518,4.0152,0.8729,36.64,-147.026,52.369,22.068698
115,0,13.4703,8.2965,4.6039,12.09,5.1505,2.1618,4.0402,0.876,36.69,-148.59,52.413,22.622905
116,0,12.8769,7.6692,4.8353,11.8924,5.1819,2.1721,4.0647,0.8716,36.26,-148.228,52.32,20.465572
117,0,12.9267,7.7772,4.757,11.9125,5.2136,2.1824,4.0894,0.8758,36.45,-148.05,52.426,27.115811
118,0,11.8301,7.4079,4.4343,11.508,5.2452,2.1926,4.1141,0.8664,36.38,-149.777,52.316,21.678624
119,0,11.6611,7.4299,4.3352,11.416,5.2762,2.2027,4.1385,0.8643,36.18,-149.957,52.221,28.245868
120,0,12.486,7.6189,4.603,11.7841,5.3075,2.213,4.163,0.8768,36.25,-150.414,52.464,21.001314
121,0,11.6805,7.4226,4.1792,11.5986,5.3393,2.2228,4.1877,0.8711,36.43,-152.456,52.419,21.108113
122,0,11.3454,7.1418,4.2543,11.4693,5.371,2.2319,4.2123,0.8771,36.34,-153.563,52.436,21.503473
123,0,11.3439,7.1194,4.2286,11.5159,5.4029,2.2413,4.2372,0.8763,36.52,-154.724,52.398,21.590364
124,0,11.9726,7.2939,4.3763,11.8224,5.4347,2.2506,4.262,0.8797,36.53,-155.851,52.495,22.264248
125,0,12.3192,7.151,4.7438,11.9443,5.4664,2.2603,4.2868,0.8805,36.47,-157.187,52.515,20.941907
126,0,13.6577,8.3101,4.4328,12.4348,5.4979,2.2701,4.3115,0.8754,36.47,-158.225,52.501,19.370899
127,0,12.8671,8.0242,4.1415,12.2215,5.5298,2.2799,4.3364,0.8747,36.53,-159.47,52.462,20.017914
128,0,12.738,8.1372,4.0382,12.0826,5.5614,2.2897,4.361,0.8745,36.39,-160.527,52.39,20.084434
129,0,13.1318,8.3335,3.728,12.3183,5.5929,2.2995,4.3857,0.8753,36.36,-160.82,52.401,20.380154
130,0,13.3537,8.5758,3.5034,12.2979,5.6244,2.3097,4.4105,0.8785,36.48,-162.303,52.471,20.287004
131,0,12.7232,8.1308,3.4404,12.1124,5.6562,2.32,4.4354,0.8759,36.62,-164.203,52.433,21.620875
132,0,11.6714,6.2779,5.1024,11.8111,5.6878,2.33,4.4602,0.8767,36.45,-165.155,52.4,21.645707
133,0,11.8574,6.4536,5.0799,11.8439,5.7193,2.3402,4.4849,0.8779,36.42,-165.637,52.504,22.578301
134,0,12.4536,6.6626,5.4184,11.8927,5.7504,2.35,4.5096,0.8777,36.4,-165.843,52.424,19.623013
135,0,12.433,6.7327,5.4187,11.8016,5.7819,2.3601,4.5343,0.88,36.43,-166.741,52.491,24.654871
136,0,12.7053,6.6179,5.6758,11.9316,5.8132,2.3704,4.5585,0.8736,35.98,-167.891,52.341,20.353309
137,0,11.9842,6.2366,5.6224,11.6452,5.8448,2.3802,4.5831,0.8759,36.37,-168.856,52.37,23.050325
138,0,11.9471,6.2431,5.5693,11.6547,5.8763,2.3907,4.6076,0.8755,36.24,-170.733,52.356,41.961204
139,0,12.1817,6.3766,5.5494,11.7756,5.9077,2.401,4.6323,0.8732,36.41,-171.994,52.362,34.0459
140,0,12.407,6.0428,6.0379,11.8463,5.9388,2.4113,4.6568,0.878,36.18,-172.54,52.36,28.3801
141,0,13.0223,5.992,6.4883,12.062,5.97,2.4214,4.681,0.8759,36.09,-172.444,52.287,48.644762
142,0,13.5717,6.2866,6.5093,12.2958,6.0015,2.4318,4.7054,0.8814,36.1,-174.096,52.418,47.396136
143,0,13.3903,6.3158,6.2957,12.2988,6.0327,2.4423,4.7298,0.8792,36.19,-175.506,52.358,41.295886
144,0,13.109,5.9034,6.6268,12.0987,6.0638,2.4531,4.7541,0.8796,36.06,-176.17,52.392,57.847132
145,0,13.2581,6.1444,6.5265,12.1072,6.0955,2.4634,4.7787,0.8794,36.31,-177.942,52.436,59.541868
146,0,12.6515,5.9214,6.3252,11.9248,6.1266,2.4734,4.803,0.8794,36.08,-178.921,52.399,45.519114
147,0,12.2033,5.8453,6.0915,11.7866,6.1578,2.4837,4.8273,0.8797,36.05,-178.862,52.421,53.309076
148,0,12.3191,5.6986,6.3809,11.7596,6.1887,2.494,4.8514,0.8772,35.9,-179.299,52.358,68.014973
149,0,12.593,5.6669,6.5756,11.8706,6.2199,2.5044,4.8756,0.8754,36.04,-180.556,52.362,64.407368
150,0,13.1715,6.0474,6.4926,12.1516,6.2504,2.515,4.8997,0.8734,35.9,-180.951,52.397,56.024543
151,0,13.0696,6.1124,6.3018,12.1753,6.2813,2.5253,4.9238,0.8741,35.88,-181.332,52.386,72.765703
152,0,13.0058,6.0969,6.227,12.2019,6.3124,2.5347,4.9478,0.8753,35.87,-182.384,52.41,75.085663
153,0,12.8616,6.0853,5.9528,12.3435,6.3432,2.5448,4.972,0.8691,35.94,-183.199,52.36,73.748119
154,0,12.9809,6.0381,6.0899,12.3728,6.3743,2.5543,4.9962,0.8633,35.98,-184.668,52.266,91.254842
155,0,13.0003,5.9276,6.2063,12.3864,6.4055,2.5638,5.0203,0.8699,35.97,-185.946,52.351,79.910853
156,0,12.9398,5.8291,6.3139,12.3168,6.4368,2.573,5.0445,0.8636,36.01,-187.059,52.288,88.600428
157,0,12.6187,5.8012,6.1599,12.1775,6.4679,2.5824,5.0687,0.865,35.92,-187.94,52.301,101.448442
158,0,13.0182,5.9357,6.2337,12.3688,6.499,2.592,5.0928,0.8652,35.97,-188.826,52.238,92.581025
159,0,12.8452,5.9308,6.159,12.2755,6.5297,2.6019,5.117,0.8589,35.98,-189.614,52.133,93.763038
160,0,12.8885,5.9327,6.1644,12.3113,6.5606,2.6122,5.1413,0.8625,36.06,-191.357,52.212,103.303178
161,0,12.8945,6.1527,5.9923,12.2695,6.5915,2.6219,5.1655,0.8598,36.02,-192.218,52.167,103.050447
162,0,12.8426,6.0916,6.0341,12.2369,6.6216,2.6319,5.1894,0.8632,35.73,-191.544,52.203,101.696515
163,0,12.4901,5.8987,6.0438,12.0676,6.6529,2.6417,5.214,0.8592,36.26,-193.579,52.148,111.031779
164,0,12.7245,5.9896,6.1524,12.1025,6.6834,2.6513,5.2381,0.8611,35.91,-195.018,52.189,116.210714
165,0,12.8682,6.0121,6.1652,12.2109,6.7145,2.6605,5.2622,0.8594,35.91,-195.065,52.061,103.459145
166,0,13.2299,6.2141,6.1664,12.3694,6.7453,2.6703,5.2863,0.8593,35.94,-196.668,52.031,110.908832
167,0,13.199,6.2391,6.0328,12.4471,6.776,2.6801,5.3106,0.8557,36.1,-197.896,52.018,120.517574
168,0,13.9454,6.545,6.1845,12.7359,6.8069,2.6907,5.3348,0.8604,36.02,-199.596,52.11,98.212039
169,0,13.2446,6.4701,5.7276,12.5669,6.8382,2.7009,5.3594,0.8548,36.32,-202.126,52.0,110.843564
170,0,13.2197,6.4335,5.6998,12.6065,6.8694,2.7111,5.3841,0.8561,36.38,-204.128,52.024,103.376879
171,0,12.8125,6.1648,5.7066,12.4611,6.9,2.7215,5.4085,0.8497,36.13,-204.095,51.965,117.282115
172,0,13.2059,6.4655,5.5942,12.6662,6.9307,2.7321,5.4328,0.8526,36.1,-203.874,52.02,109.786653
173,0,13.5154,6.6818,5.5959,12.7577,6.9615,2.7424,5.4574,0.8532,36.32,-205.5,52.037,111.494955
174,0,13.7639,6.7941,5.5887,12.9011,6.9923,2.7531,5.4819,0.8539,36.25,-206.99,51.97,114.162165
175,0,13.5219,6.7498,5.4628,12.8293,7.0236,2.7633,5.5068,0.8545,36.55,-209.359,52.041,112.661816
176,0,13.7987,7.0517,5.3034,12.9637,7.0545,2.774,5.5315,0.8541,36.48,-210.8,52.038,107.077047
177,0,13.4881,7.3466,4.5898,13.0717,7.0857,2.7839,5.5566,0.8508,36.69,-212.063,51.946,104.100744
178,0,13.9481,7.3946,4.9063,13.1672,7.1164,2.7947,5.5812,0.856,36.38,-212.792,52.009,117.184246
179,0,13.3785,7.5243,4.211,13.1632,7.1478,2.8053,5.6061,0.8546,36.58,-214.056,52.002,118.38782
180,0,13.6987,7.8011,4.1498,13.2677,7.1789,2.8161,5.6311,0.8546,36.65,-216.09,52.01,120.287419
181,0,13.3305,7.6362,4.1869,13.0273,7.2103,2.8272,5.6561,0.8613,36.7,-217.742,52.1,124.489182
182,0,13.5271,7.5819,4.4072,13.0581,7.2419,2.8382,5.6815,0.861,36.92,-220.262,52.095,127.199186
183,0,13.3908,7.6265,4.2282,13.0561,7.2739,2.8484,5.7068,0.8549,36.96,-221.967,52.02,138.52127
184,0,13.5441,7.6319,4.3645,13.0677,7.3057,2.8591,5.732,0.8577,36.84,-223.014,52.07,130.899886
185,0,13.1749,7.2152,4.6012,12.8785,7.3376,2.8695,5.7572,0.853,36.79,-224.087,52.044,131.804645
186,0,13.4505,7.4018,4.6283,12.9405,7.3692,2.8805,5.7825,0.8567,36.91,-225.072,52.076,130.626982
187,0,14.1401,7.5655,4.9686,13.126,7.401,2.8913,5.8077,0.8558,36.86,-226.557,52.075,139.526311
188,0,14.6118,7.8136,5.0143,13.3039,7.433,2.9021,5.8329,0.8588,36.85,-227.987,52.096,128.148597
189,0,14.8507,7.64,5.5087,13.2219,7.4644,2.9133,5.858,0.8607,36.75,-228.489,52.099,140.27679
190,0,14.8839,7.6311,5.5399,13.233,7.4959,2.9245,5.8832,0.8551,36.83,-229.294,52.035,146.526084
191,0,14.7367,7.4733,5.6428,13.1406,7.5273,2.9361,5.9082,0.8553,36.71,-230.565,52.063,127.375309
192,0,14.7672,7.4827,5.6809,13.1237,7.5593,2.9474,5.9337,0.8603,37.09,-233.017,52.088,136.690801
193,0,15.4509,7.2712,6.4796,13.2201,7.5912,2.9586,5.9589,0.8586,36.83,-234.862,52.094,150.682882
194,0,15.2997,7.1476,6.4833,13.1887,7.6228,2.97,5.9841,0.8582,36.81,-235.366,52.045,138.109682
195,0,14.8473,6.906,6.4421,13.0193,7.6546,2.9814,6.0092,0.8576,36.81,-236.347,52.032,146.846233
196,0,15.5782,7.2933,6.5098,13.2951,7.6864,2.9929,6.0343,0.8547,36.71,-237.507,51.995,149.851332
197,0,14.9015,7.1385,6.2903,12.9927,7.7183,3.004,6.0594,0.8557,36.77,-238.519,51.994,123.611747
198,0,15.1235,7.4474,6.0013,13.1948,7.7503,3.015,6.0848,0.8568,37.01,-239.923,52.038,129.423635
199,0,15.4581,7.4731,6.1826,13.3223,7.7823,3.0261,6.1101,0.8618,36.88,-241.324,52.118,161.800841
200,0,15.6819,7.2472,6.585,13.3697,7.8141,3.0378,6.1353,0.8593,36.87,-242.51,52.086,145.220129
201,0,15.1474,7.6997,5.6918,13.2759,7.8465,3.0487,6.1608,0.859,37.08,-244.851,52.069,156.900797
202,0,15.4273,7.7274,5.8306,13.3893,7.8788,3.0602,6.1863,0.8602,37.14,-246.764,52.091,162.72939
203,0,15.6372,7.0694,6.8422,13.2456,7.9108,3.0715,6.2116,0.8577,36.87,-247.013,52.062,155.671393
204,0,15.8077,7.1742,6.8494,13.3041,7.9428,3.083,6.2369,0.8536,36.9,-247.61,51.966,161.316706
205,0,15.9696,7.4494,6.6418,13.3984,7.9746,3.0943,6.2621,0.8596,36.84,-248.232,52.086,156.085802
206,0,15.9693,7.6518,6.4565,13.381,8.0068,3.1054,6.2873,0.8593,36.88,-249.615,52.127,154.311522
207,0,16.0993,6.9797,7.5294,13.1102,8.0391,3.1166,6.3125,0.8616,36.82,-251.457,52.095,177.568776
208,0,15.499,6.9549,7.0849,12.9792,8.0713,3.1282,6.3376,0.8615,36.71,-252.38,52.116,148.60141
209,0,16.3692,7.7583,6.7122,13.4188,8.1034,3.1399,6.3625,0.8639,36.63,-252.971,52.186,192.044548
210,0,16.9101,7.8213,7.0401,13.5687,8.1356,3.1513,6.3875,0.8642,36.65,-254.175,52.197,171.00572
211,0,16.2046,7.3667,7.2358,13.1222,8.1678,3.163,6.4126,0.8625,36.77,-255.778,52.073,174.403119
212,0,15.7371,7.282,7.0211,12.954,8.2001,3.1749,6.4379,0.8637,36.87,-257.586,52.098,194.533187
213,0,16.1525,7.1382,7.489,13.0453,8.2316,3.1867,6.4628,0.8651,36.58,-256.892,52.193,181.695602
214,0,16.3954,7.1439,7.6367,13.1348,8.2628,3.1991,6.4876,0.8636,36.53,-256.354,52.169,186.055201
215,0,17.1393,7.4674,7.699,13.4929,8.2941,3.2109,6.5125,0.8619,36.52,-256.571,52.162,194.411104
216,0,16.5991,6.979,7.9278,13.2122,8.3258,3.2225,6.5373,0.8608,36.54,-258.067,52.164,180.76083
217,0,16.6667,6.9501,8.0458,13.1908,8.3579,3.234,6.5624,0.8567,36.73,-260.818,52.107,216.532717
218,0,17.3019,7.5576,7.8386,13.4257,8.3896,3.2458,6.5873,0.8648,36.63,-262.485,52.209,196.845297
219,0,15.7492,7.2401,7.0598,12.9693,8.4217,3.2579,6.6125,0.861,36.8,-263.763,52.146,198.169888
220,0,16.4447,6.9834,7.8844,13.0969,8.4532,3.2696,6.6376,0.8616,36.73,-264.839,52.182,229.167191
221,0,15.6215,7.3099,6.7991,13.0325,8.485,3.2816,6.6627,0.8616,36.74,-265.661,52.204,188.779156
222,0,15.8717,7.7399,6.5377,13.114,8.5168,3.2933,6.6877,0.8639,36.7,-266.652,52.204,231.286185
223,0,15.1584,7.3905,6.4558,12.8321,8.5487,3.3052,6.7128,0.864,36.76,-268.627,52.201,238.24063
224,0,15.8792,7.0577,7.4688,12.8727,8.5809,3.317,6.738,0.8654,36.83,-270.726,52.213,198.362708
225,0,15.8357,7.1823,7.3158,12.8575,8.6124,3.3288,6.7629,0.8677,36.61,-270.184,52.213,235.244827
226,0,15.5248,7.5007,6.5252,13.019,8.6435,3.3405,6.7878,0.8658,36.58,-269.075,52.187,217.62611
227,0,15.8907,7.9084,6.2698,13.2325,8.6752,3.352,6.8129,0.8662,36.7,-270.124,52.234,204.446874
228,0,15.8627,7.3276,7.0367,13.0184,8.7068,3.3637,6.8379,0.8637,36.73,-272.349,52.192,212.618766
229,0,15.2021,6.8203,7.2624,12.6394,8.7387,3.3754,6.8628,0.8644,36.56,-274.059,52.128,270.792816
230,0,14.4568,6.6611,7.0005,12.3152,8.7704,3.3877,6.8878,0.8659,36.66,-275.476,52.228,214.2958
231,0,14.6061,6.647,7.1588,12.3204,8.8026,3.3993,6.9128,0.8668,36.66,-277.623,52.234,270.303884
232,0,14.1496,6.6666,6.7524,12.2507,8.834,3.4112,6.9374,0.8615,36.31,-276.861,52.199,257.482561
233,0,13.3908,7.0348,5.7233,12.1527,8.8657,3.4232,6.9621,0.8616,36.37,-277.087,52.227,256.939967
234,0,13.6236,7.5837,5.3888,12.1711,8.8975,3.435,6.9871,0.8657,36.69,-279.683,52.257,248.214434
235,0,14.6666,7.8742,5.6435,12.6689,8.9299,3.4465,7.0121,0.8673,36.65,-282.44,52.228,255.94216
236,0,14.2498,7.1244,6.2886,12.3568,8.9618,3.4581,7.0368,0.8677,36.45,-283.1,52.194,250.393507
237,0,15.497,7.2439,7.3414,12.4317,8.9935,3.4696,7.0614,0.8673,36.25,-281.742,52.219,232.811004
238,0,15.0951,7.0101,7.0807,12.5243,9.0254,3.4817,7.0864,0.8656,36.69,-283.899,52.168,220.442788
239,0,13.959,7.4905,5.4918,12.4966,9.0571,3.4934,7.1112,0.8628,36.52,-285.269,52.158,260.071848
240,0,14.1946,7.486,5.6556,12.5729,9.0883,3.5055,7.1359,0.8615,36.41,-284.516,52.151,245.718733
241,0,14.5418,7.4775,6.0209,12.5634,9.12,3.5175,7.1609,0.8648,36.62,-286.11,52.218,296.772548
242,0,14.6571,7.207,6.5204,12.4497,9.1515,3.5297,7.1857,0.8647,36.5,-287.933,52.254,325.99262
243,0,15.9059,7.2788,7.4079,12.7392,9.183,3.542,7.2105,0.869,36.48,-288.87,52.341,293.033804
244,0,15.5183,7.1892,7.255,12.5942,9.2148,3.5541,7.2354,0.8706,36.65,-291.361,52.348,294.526464
245,0,15.44,6.7024,7.8907,12.3669,9.2468,3.5661,7.2603,0.8644,36.55,-293.234,52.194,311.727705
246,0,16.5999,6.9271,8.4311,12.7617,9.2786,3.5786,7.2853,0.8697,36.62,-294.488,52.364,255.113024
247,0,16.0026,7.0513,7.7387,12.7325,9.3101,3.5908,7.31,0.8643,36.44,-294.623,52.2,320.914793
248,0,16.6406,7.2449,8.0573,12.8584,9.3418,3.603,7.3349,0.868,36.63,-295.316,52.237,313.426962
249,0,16.8988,6.9564,8.5618,12.9006,9.3734,3.6151,7.3598,0.8681,36.51,-296.315,52.254,347.178721
250,0,16.5712,6.7148,8.6235,12.7529,9.4051,3.6273,7.3847,0.869,36.58,-297.393,52.259,285.923904
251,0,17.8377,6.7114,9.8483,12.798,9.4364,3.6402,7.4095,0.8709,36.51,-298.665,52.341,374.526083
252,0,18.1476,6.511,10.4086,12.748,9.4678,3.6535,7.4345,0.8706,36.69,-300.25,52.237,299.21397
253,0,17.1508,6.624,9.4998,12.547,9.4995,3.6661,7.4596,0.8768,36.7,-302.242,52.405,310.837351
254,0,17.3937,6.7574,9.5793,12.577,9.531,3.6789,7.4846,0.8777,36.71,-303.841,52.319,331.878863
255,0,17.5009,7.0335,9.2221,12.7653,9.5627,3.6915,7.5099,0.872,36.92,-305.039,52.257,313.858734
256,0,18.2423,6.9685,9.7857,13.008,9.5949,3.7043,7.5353,0.873,36.96,-308.482,52.26,317.471718
257,0,18.2031,7.3074,9.3765,13.0392,9.6271,3.7172,7.5606,0.8762,36.9,-310.939,52.537,373.192321
258,0,18.3655,7.2302,9.5482,13.1071,9.6593,3.7299,7.5857,0.8765,36.81,-311.315,52.401,349.420942
259,0,18.7767,7.188,9.9228,13.1858,9.6914,3.7432,7.6112,0.8762,37.03,-312.954,52.347,393.421312
260,0,18.7745,7.1221,9.996,13.1765,9.7237,3.756,7.6366,0.8754,37.04,-314.594,52.329,368.040296
261,0,18.5981,7.5702,9.1726,13.3753,9.7559,3.769,7.6621,0.8809,37.04,-316.053,52.472,384.155922
262,0,18.3181,7.5279,9.0266,13.2836,9.7877,3.7821,7.6875,0.8789,37.04,-316.273,52.444,409.221029
263,0,17.5575,7.3033,8.7697,13.0045,9.8201,3.7944,7.7128,0.8788,36.88,-316.839,52.417,402.375559
264,0,17.3602,7.5142,8.3632,13.0029,9.8526,3.8071,7.7383,0.8814,37.09,-319.874,52.408,361.445605
265,0,16.7672,7.1634,8.2067,12.9171,9.8848,3.8198,7.7636,0.8759,36.94,-321.226,52.382,363.887177
266,0,16.9069,7.4641,8.0058,12.957,9.9174,3.8321,7.7889,0.8789,36.96,-321.107,52.409,368.4497
267,0,16.9102,7.8951,7.497,13.0382,9.9499,3.8442,7.8144,0.8785,37.08,-322.872,52.387,410.499164
268,0,16.5188,7.4847,7.626,12.9281,9.983,3.8561,7.8401,0.8766,37.23,-325.863,52.328,407.350525
269,0,16.7493,8.0401,7.0179,13.2112,10.0164,3.8683,7.8659,0.8831,37.37,-329.346,52.465,453.670226
270,0,16.0788,7.6934,6.8447,13.0606,10.0492,3.8799,7.8915,0.8773,37.17,-329.838,52.379,428.434861
271,0,15.8985,7.8747,6.6212,12.9226,10.0817,3.8921,7.9171,0.8747,37.18,-328.653,52.231,463.834725
272,0,15.5905,7.7438,6.4867,12.8799,10.114,3.9044,7.9426,0.8722,37.05,-328.867,52.248,460.495913
273,0,16.7338,7.8333,7.2752,13.1453,10.1472,3.916,7.9684,0.8763,37.34,-331.458,52.227,471.651112
274,0,17.226,8.0589,7.4232,13.2639,10.1803,3.9283,7.9943,0.8752,37.46,-335.123,52.236,469.711049
275,0,18.7089,7.9215,8.917,13.3903,10.2132,3.9409,8.0203,0.8804,37.44,-336.667,52.403,500.68681
276,0,18.5019,7.8512,8.9049,13.2659,10.2468,3.9528,8.0461,0.8764,37.39,-338.95,52.357,441.805485
277,0,18.9904,8.5378,8.425,13.5476,10.2803,3.9641,8.0718,0.8796,37.18,-340.046,52.379,474.975565
278,0,18.3029,8.1163,8.4021,13.3045,10.3137,3.9761,8.0977,0.8768,37.47,-340.576,52.339,450.962768
279,0,18.9494,8.6923,8.0942,13.6828,10.346,3.9884,8.1233,0.88,37.18,-339.95,52.344,548.867078
280,0,18.9646,8.6066,8.1882,13.6898,10.3786,4.0008,8.1489,0.8816,37.19,-338.68,52.37,531.704137
281,0,18.8834,8.9786,7.4622,13.9626,10.4118,4.0127,8.1747,0.8786,37.3,-342.043,52.379,582.784156
282,0,18.7161,9.0021,7.3392,13.8949,10.4453,4.0244,8.2005,0.8813,37.38,-345.27,52.441,533.566194
283,0,18.5544,9.0082,7.2015,13.8647,10.4789,4.0364,8.2265,0.876,37.5,-348.248,52.401,460.231952
284,0,18.3427,8.8575,7.1757,13.8295,10.5124,4.0481,8.2522,0.8752,37.24,-349.056,52.4,507.957517
285,0,18.2946,8.5401,7.5069,13.7676,10.5455,4.0605,8.2782,0.8705,37.52,-349.305,52.4,507.447059
286,0,18.1285,8.6157,7.3835,13.6492,10.5787,4.0721,8.3039,0.8734,37.23,-349.869,52.406,511.924599
287,0,17.8232,8.6307,7.1119,13.6005,10.6115,4.0842,8.3294,0.8745,37.13,-348.891,52.425,541.822919
288,0,17.2806,8.7343,6.5884,13.4779,10.6453,4.0955,8.3552,0.8744,37.34,-351.503,52.518,534.978292
289,0,17.5191,8.1138,7.6663,13.2589,10.6786,4.1072,8.3809,0.8736,37.2,-353.831,52.424,520.095478
290,0,17.0434,8.1954,7.1744,13.1936,10.712,4.1192,8.4067,0.8739,37.38,-354.544,52.457,545.870611
291,0,16.9826,8.668,6.3837,13.4509,10.7457,4.1312,8.4324,0.8724,37.29,-357.252,52.367,563.826175
292,0,16.4999,8.5109,6.2314,13.2777,10.7788,4.1434,8.4582,0.8707,37.28,-358.283,52.33,538.061256
293,0,17.8724,8.9339,6.5617,13.8968,10.8127,4.1545,8.4839,0.8754,37.28,-358.964,52.378,661.178422
294,0,17.3479,9.1896,5.7744,13.9039,10.8471,4.1659,8.51,0.8783,37.6,-363.405,52.481,542.561119
295,0,18.0302,8.9355,6.8903,13.7243,10.8812,4.177,8.5359,0.8802,37.41,-365.593,52.522,619.895674
296,0,17.5672,8.5054,7.2223,13.3595,10.9147,4.1887,8.5617,0.8793,37.36,-363.613,52.508,655.701602
297,0,16.6716,8.7183,6.1942,13.279,10.948,4.2006,8.5875,0.8808,37.29,-363.254,52.446,618.808593
298,0,15.801,8.7677,5.3901,13.1632,10.982,4.2122,8.6134,0.8767,37.46,-366.368,52.418,622.756653
299,0,15.3828,8.9024,4.9853,13.0151,11.0151,4.2235,8.6392,0.8816,37.34,-366.313,52.451,614.664412
300,0,16.2816,9.2839,5.0643,13.4533,11.0487,4.2346,8.6652,0.8836,37.52,-366.434,52.493,669.90085
301,0,18.3882,9.6576,6.3139,13.9368,11.0829,4.2457,8.6913,0.8861,37.59,-370.286,52.577,687.437686
302,0,18.8902,9.6149,6.6672,14.1281,11.1165,4.2577,8.7173,0.8858,37.49,-372.511,52.538,597.01306
303,0,18.5357,9.6284,6.4981,13.9291,11.1505,4.2689,8.7431,0.8827,37.4,-372.734,52.531,735.087243
304,0,18.6332,9.4982,6.8148,13.8403,11.1846,4.2805,8.7692,0.8848,37.54,-375.225,52.539,712.29389
305,0,18.4033,9.7802,6.3768,13.7663,11.2187,4.2926,8.7952,0.8902,37.52,-377.92,52.682,613.298884
306,0,19.202,9.7329,7.0401,13.949,11.2527,4.3044,8.8211,0.8919,37.45,-378.962,52.75,632.959613
307,0,18.8921,9.7913,6.6492,13.9715,11.2863,4.3165,8.8471,0.889,37.49,-378.615,52.697,668.846322
308,0,18.5152,9.4843,6.6098,13.9411,11.3202,4.3279,8.8729,0.8807,37.38,-378.45,52.48,793.887531
309,0,18.0844,9.2904,6.4014,13.9126,11.354,4.3398,8.8989,0.878,37.5,-380.559,52.477,751.247553
310,0,18.9554,9.1494,7.2422,14.0837,11.3878,4.3519,8.9251,0.8733,37.67,-382.965,52.447,694.380272
311,0,19.1411,9.3713,7.0864,14.2034,11.4215,4.364,8.9512,0.8789,37.62,-384.753,52.501,739.103973
312,0,18.5185,9.3979,6.5775,14.0631,11.4554,4.3756,8.9773,0.8797,37.56,-385.29,52.561,699.517331
313,0,19.2322,9.0772,7.5996,14.0753,11.4892,4.3874,9.0033,0.8764,37.54,-386.445,52.546,696.512483
314,0,20.0845,9.1892,8.136,14.2793,11.5232,4.3995,9.0295,0.8815,37.67,-388.483,52.643,747.44718
315,0,19.7318,8.9412,8.3214,13.9892,11.5569,4.4117,9.0553,0.8801,37.38,-389.274,52.576,753.021265
316,0,19.1235,8.9104,7.9253,13.8078,11.5908,4.4233,9.0812,0.8771,37.43,-389.475,52.543,712.36907
317,0,19.7549,9.4357,7.7943,14.045,11.6244,4.4352,9.1073,0.883,37.56,-390.635,52.527,688.644862
318,0,20.0789,9.1726,8.4284,13.9979,11.6583,4.4471,9.1334,0.8774,37.58,-392.758,52.466,826.676834
319,0,20.4465,9.4333,8.361,14.1722,11.693,4.4589,9.1595,0.887,37.65,-396.075,52.637,779.204089
320,0,20.9537,9.5039,8.7475,14.2224,11.7273,4.4707,9.1858,0.8882,37.71,-398.543,52.613,773.388394
321,0,19.7262,9.3032,8.0268,13.9162,11.7612,4.4825,9.2118,0.8843,37.53,-397.719,52.641,877.18946
322,0,19.6954,9.0562,8.4263,13.7329,11.7958,4.4937,9.2379,0.8842,37.59,-399.326,52.581,692.266931
323,0,20.445,8.8574,9.2705,13.8371,11.8304,4.5058,9.2642,0.8821,37.72,-402.377,52.676,805.87379
324,0,20.1811,8.7193,9.21,13.7719,11.865,4.5175,9.2903,0.8819,37.64,-404.547,52.567,794.69734
325,0,19.9636,8.2332,9.7735,13.4769,11.8991,4.5297,9.3163,0.8803,37.48,-404.46,52.578,776.426973
326,0,19.5822,7.8996,9.8615,13.3411,11.9329,4.5414,9.342,0.879,37.24,-402.072,52.535,874.838849
327,0,20.4212,8.423,9.6835,13.8347,11.9665,4.5538,9.3679,0.8795,37.46,-402.14,52.576,887.844201
328,0,20.0236,8.6739,9.0375,13.8322,12.0003,4.5651,9.3936,0.8819,37.21,-403.042,52.655,803.489878
329,0,19.7224,8.5945,8.8873,13.7606,12.0342,4.5774,9.4195,0.8832,37.47,-405.391,52.66,685.246734
330,0,19.7543,8.0724,9.6182,13.5836,12.0677,4.5896,9.4454,0.878,37.41,-406.482,52.502,770.726836
331,0,18.825,8.1453,8.7913,13.4084,12.1011,4.6019,9.471,0.8752,37.13,-405.451,52.455,932.414313
332,0,18.9208,8.4313,8.4691,13.5404,12.1351,4.6137,9.4968,0.8796,37.38,-408.168,52.614,855.838527
333,0,18.496,8.161,8.3762,13.4788,12.168,4.6261,9.5225,0.8739,37.27,-408.124,52.438,959.754029
334,0,19.2446,8.3307,8.7524,13.6815,12.202,4.6377,9.5483,0.8774,37.34,-409.338,52.512,937.78553
335,0,19.1906,8.1606,8.8795,13.6706,12.236,4.65,9.5744,0.8742,37.58,-413.376,52.41,919.747794
336,0,18.8652,8.0126,8.8597,13.5129,12.2705,4.6613,9.6003,0.8768,37.42,-415.901,52.51,727.08642
337,0,18.9063,8.1485,8.7571,13.5207,12.3044,4.6732,9.6261,0.8769,37.34,-416.131,52.435,993.114322
338,0,18.3935,7.9699,8.6535,13.2901,12.3384,4.685,9.6517,0.8746,37.2,-416.087,52.443,808.898285
339,0,18.5595,8.4041,8.2037,13.4716,12.3723,4.6968,9.6774,0.8778,37.23,-416.589,52.463,1096.475222
340,0,18.5608,8.4555,8.1416,13.4837,12.4057,4.7092,9.7032,0.8765,37.29,-416.812,52.489,841.34544
341,0,18.6457,8.0035,8.8182,13.344,12.4392,4.7211,9.729,0.8723,37.33,-417.312,52.353,931.266259
342,0,19.3361,7.8633,9.5361,13.4567,12.4723,4.7338,9.7546,0.87,37.23,-418.324,52.302,992.151986
343,0,19.5766,8.5074,8.9065,13.6827,12.506,4.7462,9.7804,0.8728,37.33,-421.037,52.373,983.617837
344,0,18.9161,8.1026,8.8836,13.4499,12.5398,4.7583,9.8061,0.8726,37.2,-423.032,52.387,1015.332633
345,0,18.0166,8.4541,7.5741,13.5084,12.5738,4.7701,9.8319,0.8698,37.37,-424.665,52.377,1062.83935
346,0,17.9352,8.2845,7.7881,13.3826,12.6074,4.7821,9.8579,0.8639,37.48,-425.396,52.244,1052.7394
347,0,17.6029,8.1783,7.7865,13.1581,12.6405,4.7949,9.8836,0.8733,37.28,-425.543,52.35,942.511969
348,0,17.2482,8.4491,6.9926,13.3264,12.6738,4.8075,9.9095,0.8671,37.43,-426.216,52.309,1004.097331
349,0,16.9387,8.1263,7.2364,13.096,12.707,4.8197,9.9352,0.8674,37.24,-426.856,52.239,875.630333
350,0,17.3033,8.4724,7.0573,13.2936,12.741,4.8315,9.9612,0.87,37.5,-429.068,52.246,959.674372
351,0,17.1015,8.0708,7.5417,13.009,12.7751,4.8435,9.987,0.8658,37.29,-432.678,52.243,973.083585
352,0,17.468,8.1005,7.8551,13.0324,12.8088,4.8558,10.0128,0.8686,37.35,-434.189,52.275,1136.616227
353,0,17.2935,8.0809,7.7218,13.0108,12.8426,4.8678,10.0388,0.8703,37.53,-435.006,52.409,1015.320453
354,0,17.3316,8.1607,7.5449,13.1461,12.8765,4.8796,10.0646,0.8741,37.37,-436.283,52.477,1035.702111
355,0,17.371,8.1754,7.505,13.2106,12.9108,4.8915,10.0906,0.8706,37.45,-438.674,52.323,1171.83811
356,0,18.2103,8.3573,7.9761,13.3969,12.9447,4.9038,10.1165,0.8797,37.45,-440.198,52.485,1145.690065
357,0,17.93,8.4247,7.721,13.3044,12.9788,4.9156,10.1423,0.876,37.31,-440.328,52.491,1121.19715
358,0,17.8285,8.4679,7.5317,13.3489,13.0126,4.9277,10.1681,0.8706,37.34,-441.014,52.396,1002.874905
359,0,18.0866,8.7126,7.3725,13.5215,13.0465,4.9396,10.1936,0.8737,37.12,-440.465,52.419,1344.165444
360,0,18.0108,8.5495,7.5521,13.4291,13.0802,4.9512,10.2191,0.877,37.07,-440.85,52.484,1141.078221
361,0,19.609,8.9108,8.3032,13.915,13.1146,4.9633,10.245,0.8758,37.38,-444.557,52.45,930.653901
362,0,19.0889,8.7243,8.0394,13.8451,13.1483,4.9758,10.2708,0.874,37.38,-447.418,52.46,1299.819294
363,0,18.896,8.9924,7.5564,13.8672,13.1825,4.9879,10.2965,0.8697,37.27,-448.007,52.384,1364.022883
364,0,19.2358,9.1291,7.5576,14.0691,13.2163,5.0002,10.3224,0.8724,37.36,-449.489,52.451,1047.286791
365,0,18.9825,8.9455,7.6221,13.935,13.2499,5.0125,10.3482,0.8765,37.4,-449.266,52.516,1150.128802
366,0,19.4098,8.9907,7.9849,13.9542,13.2839,5.0248,10.3742,0.8725,37.53,-451.128,52.409,1299.734031
367,0,18.9212,8.6653,7.9321,13.8439,13.3183,5.0369,10.4002,0.8729,37.46,-454.739,52.446,1400.8288
368,0,18.3308,8.5709,7.5264,13.7534,13.3526,5.0492,10.4262,0.8685,37.55,-457.687,52.356,1238.276788
369,0,19.3179,8.6769,8.1849,13.9762,13.3871,5.0613,10.4522,0.8665,37.49,-458.971,52.292,1292.506128
370,0,18.0856,8.5062,7.534,13.5653,13.4218,5.0734,10.4782,0.8668,37.48,-460.618,52.31,1358.226106
371,0,18.6007,8.6094,7.9188,13.5925,13.4557,5.0859,10.504,0.868,37.4,-461.209,52.39,1383.614744
372,0,17.8529,8.7409,7.3039,13.3281,13.49,5.098,10.5295,0.8755,37.08,-459.67,52.553,1195.401307
373,0,18.987,8.3955,8.6606,13.4509,13.5242,5.1103,10.5553,0.8742,37.31,-461.004,52.414,1295.086711
374,0,19.2792,8.3036,8.9469,13.5487,13.5586,5.123,10.5812,0.8751,37.4,-464.203,52.496,1397.514599
375,0,19.2219,8.8933,8.0904,13.7581,13.5931,5.1354,10.6072,0.8739,37.51,-466.455,52.414,1522.484988
376,0,18.2388,8.601,7.6516,13.5062,13.6273,5.1476,10.633,0.8758,37.33,-467.031,52.409,1413.851492
377,0,17.3657,8.4376,7.0745,13.3737,13.6616,5.1596,10.659,0.8692,37.51,-466.856,52.307,1425.316357
378,0,18.3327,8.0559,8.4271,13.3696,13.6961,5.1723,10.6851,0.8716,37.61,-470.492,52.348,1382.397264
379,0,16.6074,8.3432,6.6091,13.175,13.7307,5.1843,10.711,0.8654,37.46,-472.768,52.184,1444.540683
380,0,16.1328,8.4242,6.0659,13.1626,13.7648,5.1966,10.7371,0.8678,37.54,-471.406,52.185,1218.285172
381,0,16.8824,8.3048,6.8745,13.2231,13.7989,5.2089,10.763,0.868,37.45,-472.156,52.223,1478.50452
382,0,16.4635,8.596,6.1291,13.2584,13.8327,5.2206,10.7888,0.8645,37.36,-471.268,52.145,1308.560742
383,0,16.6386,8.2668,6.5599,13.3318,13.8668,5.2327,10.8147,0.8632,37.46,-471.981,52.136,1418.751379
384,0,17.0616,8.4958,6.6811,13.4047,13.9009,5.2446,10.8406,0.8678,37.44,-474.53,52.264,1284.724528
385,0,16.6349,8.8361,5.8799,13.4389,13.9349,5.2563,10.8667,0.8717,37.6,-475.504,52.265,1317.200453
386,0,15.7768,8.5462,5.6251,13.1256,13.9689,5.2677,10.8926,0.8724,37.38,-474.865,52.317,1401.941917
387,0,15.3823,8.022,6.0889,12.7913,14.0025,5.2794,10.9186,0.8734,37.52,-475.227,52.357,1535.718009
388,0,15.9966,8.3542,6.1244,13.0381,14.0358,5.2912,10.9443,0.8679,37.22,-473.744,52.177,1331.593091
389,0,15.2968,8.243,5.6671,12.9068,14.0693,5.3025,10.9699,0.8681,37.16,-473.294,52.164,1652.058849
390,0,14.6302,7.9401,5.51,12.7002,14.1022,5.3146,10.9955,0.8672,37.14,-472.763,52.156,1507.528948
391,0,15.1662,8.0387,5.9717,12.6758,14.1353,5.3264,11.0211,0.8741,37.19,-473.383,52.375,1514.572094
392,0,15.7796,8.211,6.2322,12.8565,14.1689,5.3385,11.0468,0.8762,37.21,-477.213,52.399,1320.087424
393,0,14.9843,8.092,5.8014,12.6109,14.2026,5.3502,11.0725,0.8756,37.31,-480.591,52.408,1407.010659
394,0,14.9358,8.1453,5.6797,12.6308,14.236,5.3623,11.0982,0.8711,37.22,-482.057,52.312,1551.964066
395,0,15.4329,8.2833,5.9385,12.7311,14.2691,5.3744,11.1237,0.8704,37.1,-480.96,52.264,1418.697482
396,0,14.7794,8.3393,5.2977,12.6624,14.3026,5.386,11.1496,0.867,37.42,-481.823,52.253,1559.511005
397,0,14.9313,8.6663,5.0362,12.7488,14.3361,5.3979,11.1754,0.8707,37.31,-485.007,52.316,1418.009681
398,0,16.4309,9.3199,5.27,13.3611,14.3696,5.4097,11.2013,0.8746,37.48,-486.521,52.335,1560.480774
399,0,16.29,8.8758,5.6423,13.2919,14.4029,5.4214,11.2273,0.8717,37.46,-487.254,52.311,1618.136279
400,0,16.6698,8.9891,5.8216,13.3792,14.4362,5.4334,11.2533,0.8733,37.5,-488.809,52.376,1494.700167
401,0,17.8598,9.3663,6.4049,13.6086,14.4701,5.4451,11.2791,0.8788,37.39,-490.829,52.508,1705.230812
402,0,17.0143,9.0693,6.0646,13.4004,14.5035,5.4573,11.3049,0.8792,37.34,-492.478,52.424,1677.883069
403,0,16.4871,9.1526,5.3963,13.4582,14.5372,5.4693,11.3309,0.8753,37.49,-494.123,52.309,1712.10834
404,0,17.563,9.0003,6.5161,13.5666,14.5712,5.4811,11.357,0.8752,37.56,-497.537,52.305,1477.242556
405,0,17.4185,8.9684,6.3248,13.6453,14.6048,5.4926,11.383,0.8743,37.53,-497.724,52.289,1555.682681
406,0,17.9953,8.7549,7.0536,13.7068,14.6389,5.5043,11.4089,0.8709,37.47,-498.421,52.243,1666.441533
407,0,18.5706,8.9164,7.3111,13.8631,14.6725,5.516,11.435,0.8736,37.57,-499.978,52.352,1760.242566
408,0,18.5054,8.9056,7.2723,13.8475,14.7064,5.5279,11.4611,0.8753,37.6,-501.922,52.328,1703.52895
409,0,18.4007,9.4502,6.4454,14.025,14.7409,5.5395,11.4874,0.872,37.7,-506.043,52.254,1837.488927
410,0,18.9989,9.551,6.8654,14.1025,14.7756,5.5517,11.5136,0.876,37.73,-511.186,52.382,1931.315599
411,0,18.631,9.5402,6.5655,14.0453,14.8096,5.5637,11.5398,0.8797,37.64,-510.862,52.459,1560.207795
412,0,18.1153,9.4072,6.4175,13.8105,14.8444,5.5752,11.5661,0.8784,37.78,-511.414,52.417,1774.71659
413,0,18.9024,9.747,6.5303,14.1451,14.8786,5.587,11.5923,0.8814,37.67,-513.121,52.446,1586.795078
414,0,19.2424,9.5047,7.2942,13.9635,14.9126,5.5986,11.6183,0.883,37.49,-511.101,52.504,1654.668087
415,0,19.8945,9.204,8.1762,14.0343,14.946,5.6114,11.6443,0.8813,37.56,-510.286,52.457,2102.920443
416,0,19.5531,9.8456,6.9804,14.247,14.9803,5.6235,11.6706,0.8836,37.79,-514.084,52.563,1661.358267
417,0,20.2547,10.6305,6.469,14.6751,15.0145,5.6357,11.697,0.885,37.83,-518.408,52.587,1730.504818
418,0,21.3821,10.831,7.0137,15.0574,15.0493,5.6476,11.7235,0.8856,37.9,-521.127,52.559,1625.551779
419,0,19.4256,10.6093,5.7004,14.6359,15.0833,5.6598,11.7496,0.8797,37.61,-521.366,52.469,2002.160952
420,0,18.8376,10.4366,5.3487,14.5724,15.1173,5.6714,11.7757,0.883,37.55,-518.956,52.548,1994.792058
421,0,17.9653,10.2198,5.0281,14.2374,15.1514,5.6831,11.8017,0.8776,37.48,-518.99,52.469,2073.013327
422,0,18.3087,10.1114,5.462,14.2553,15.1852,5.6953,11.8277,0.8789,37.48,-519.576,52.522,2118.621272
423,0,18.8999,9.8332,6.2936,14.2931,15.2189,5.7072,11.8537,0.8775,37.54,-520.901,52.419,1740.216665
424,0,18.5515,9.6935,6.1595,14.2184,15.2525,5.7192,11.8798,0.8743,37.6,-521.246,52.354,1626.66138
425,0,18.301,9.8473,5.801,14.1727,15.286,5.7313,11.9061,0.8793,37.74,-522.09,52.465,1530.778271
426,0,17.9341,9.5003,6.0372,13.9166,15.3196,5.7433,11.9321,0.8811,37.53,-522.975,52.534,2022.334932
427,0,18.5121,9.5832,6.2287,14.2203,15.3534,5.755,11.9581,0.8727,37.55,-524.121,52.34,2189.202342
428,0,18.8579,9.6013,6.5753,14.2014,15.3873,5.7671,11.9845,0.8816,37.85,-527.389,52.616,2044.493973
429,0,18.9208,9.6009,6.6573,14.1825,15.421,5.7794,12.0108,0.8777,37.76,-530.502,52.478,2140.157567
430,0,18.7993,9.596,6.5606,14.1627,15.455,5.7911,12.0371,0.879,37.72,-530.996,52.538,1794.000344
431,0,18.6225,9.7662,6.1481,14.2281,15.4889,5.8032,12.0633,0.8792,37.68,-532.322,52.564,2060.094039
432,0,17.8394,9.7481,5.6919,13.9193,15.5223,5.8156,12.0895,0.8749,37.64,-532.604,52.533,1967.644023
433,0,18.38,9.8158,6.0413,14.0429,15.5561,5.8274,12.1156,0.8732,37.59,-532.686,52.464,1790.723932
434,0,18.2369,9.3821,6.4997,13.8751,15.59,5.8393,12.1417,0.8696,37.66,-534.429,52.362,1576.201547
435,0,19.1972,9.9455,6.4111,14.3606,15.6244,5.8511,12.1679,0.8749,37.68,-537.931,52.471,2089.549677
436,0,18.6693,9.6219,6.3972,14.1702,15.6585,5.8628,12.1941,0.8717,37.68,-540.242,52.372,2367.076551
437,0,19.0032,9.7217,6.5058,14.2956,15.6924,5.8749,12.2208,0.8747,38.02,-541.07,52.38,2052.975248
438,0,18.095,9.1355,6.5761,13.9034,15.7263,5.8869,12.2469,0.8714,37.64,-541.518,52.319,1859.676723
439,0,17.7155,8.9225,6.6785,13.6345,15.7602,5.8987,12.2731,0.8711,37.66,-542.087,52.289,2074.051651
440,0,17.9987,8.81,7.1433,13.5654,15.7941,5.9103,12.2991,0.8692,37.5,-541.784,52.275,2265.925552
441,0,18.4153,9.0055,7.1574,13.7724,15.8285,5.9219,12.3256,0.8711,37.99,-545.654,52.311,2021.30091
442,0,18.4806,8.9445,7.2619,13.7941,15.8626,5.9335,12.352,0.8734,37.77,-548.015,52.36,2339.094575
443,0,18.2752,8.5254,7.5711,13.6987,15.8964,5.9452,12.378,0.869,37.52,-545.86,52.309,2113.925016
444,0,18.4311,8.3874,8.03,13.5336,15.9303,5.957,12.4044,0.8655,37.84,-547.141,52.254,2130.417492
445,0,18.405,8.1258,8.3437,13.4555,15.9643,5.969,12.4306,0.8622,37.69,-550.507,52.201,2075.327954
446,0,17.782,8.12,7.6649,13.5172,15.998,5.9813,12.4567,0.8612,37.64,-551.07,52.175,1935.385602
447,0,18.1879,8.4857,7.4197,13.8025,16.0318,5.9932,12.4828,0.8659,37.61,-550.933,52.217,2549.96647
448,0,18.5839,8.3313,8.001,13.7715,16.0658,6.005,12.5089,0.8617,37.55,-551.119,52.159,2073.142658
449,0,18.2645,8.1873,7.9922,13.605,16.099,6.0173,12.5349,0.866,37.54,-551.226,52.134,2315.472776
450,0,18.9152,8.5298,7.9806,13.9248,16.133,6.0292,12.5611,0.8732,37.7,-552.535,52.232,2365.806018
451,0,18.5788,8.2046,8.1029,13.7913,16.1665,6.0416,12.5873,0.8732,37.6,-555.281,52.256,2438.624882
452,0,18.6247,8.4081,7.7755,13.9611,16.2003,6.0537,12.6136,0.8726,37.82,-557.165,52.249,2130.590386
453,0,19.0749,8.9314,7.2858,14.3777,16.2347,6.0652,12.64,0.8735,37.84,-561.287,52.266,2300.103694
454,0,19.8318,9.1295,7.5754,14.6469,16.2685,6.0769,12.6664,0.8687,37.82,-561.321,52.227,2583.36273
455,0,18.9836,8.7889,7.316,14.3987,16.3024,6.0888,12.6928,0.8715,37.87,-562.523,52.237,2085.380621
456,0,19.6778,9.2083,7.1968,14.7927,16.3361,6.1007,12.719,0.8677,37.63,-562.062,52.146,2420.915712
457,0,18.8275,8.5741,7.5093,14.2641,16.3699,6.1122,12.7453,0.8594,37.73,-562.125,52.052,1912.871563
458,0,19.1665,8.5406,7.8197,14.3263,16.4031,6.1243,12.7713,0.8619,37.5,-561.368,52.061,2421.018022
459,0,18.947,8.5462,7.8329,14.0879,16.4365,6.1364,12.7975,0.8621,37.71,-562.082,52.082,1842.103191
460,0,19.209,8.4651,8.2112,14.0528,16.47,6.1485,12.8236,0.8599,37.58,-564.093,52.054,2558.834002
461,0,18.8814,8.2901,8.2044,13.9069,16.5039,6.1611,12.8501,0.8601,37.91,-568.894,52.11,2070.772841
462,0,18.8831,8.3529,8.0689,13.9813,16.5385,6.1729,12.8766,0.8632,37.99,-574.535,52.143,2578.97613
463,0,19.15,8.3393,8.2235,14.1072,16.5725,6.1848,12.9031,0.8626,37.92,-575.853,52.106,2517.809885
464,0,19.7038,8.1949,8.829,14.1999,16.6064,6.1967,12.9296,0.8615,37.89,-575.421,52.112,2188.791742
465,0,20.3906,8.6841,8.6675,14.559,16.6413,6.2086,12.9562,0.8626,38.03,-579.409,52.142,2431.972412
466,0,20.2182,8.6744,8.562,14.5019,16.6753,6.2202,12.9825,0.8631,37.78,-580.677,52.147,2479.611407
467,0,19.4801,8.3544,8.2997,14.346,16.7089,6.2318,13.0088,0.8612,37.71,-575.518,52.076,2703.249124
468,0,18.9748,8.2476,8.0809,14.1662,16.743,6.2439,13.0353,0.8653,37.94,-578.054,52.133,2322.056886
469,0,18.739,7.9498,8.4151,13.8941,16.7771,6.2562,13.0618,0.866,37.92,-582.553,52.182,2392.965029
470,0,18.8773,8.2159,8.2139,13.9676,16.8109,6.2684,13.088,0.8683,37.71,-582.205,52.161,2625.812023
471,0,18.5644,8.235,7.9405,13.9089,16.8452,6.2803,13.1144,0.8682,37.81,-582.977,52.157,2864.290941
472,0,18.6209,8.3326,7.7757,14.0326,16.8788,6.2926,13.1407,0.8657,37.76,-584.361,52.117,2244.242936
473,0,18.9973,8.5118,7.9824,14.0231,16.9129,6.3042,13.167,0.867,37.77,-584.73,52.168,2742.278727
474,0,19.2474,8.8627,7.8222,14.0825,16.947,6.3161,13.1932,0.8715,37.71,-586.161,52.298,2275.226919
475,0,19.2073,8.6992,7.9344,14.0937,16.9807,6.3277,13.2193,0.8713,37.55,-584.663,52.233,2586.04607
476,0,18.8679,8.5965,7.8419,13.9495,17.0144,6.3398,13.2456,0.8668,37.77,-585.538,52.175,2569.472129
477,0,18.5597,8.2701,7.999,13.8106,17.0484,6.3515,13.2718,0.865,37.66,-588.36,52.196,2482.625068
478,0,18.7479,8.511,7.8257,13.9312,17.0829,6.3631,13.2981,0.8712,37.77,-591.343,52.249,2930.687222
479,0,18.5012,8.3694,7.8851,13.7666,17.1165,6.3752,13.3243,0.8695,37.71,-592.438,52.246,3007.829893
480,0,19.0981,8.295,8.5493,13.7738,17.1502,6.3871,13.3506,0.8723,37.74,-591.494,52.289,2538.880412
481,0,19.4678,7.9545,9.3651,13.6681,17.1838,6.3996,13.3768,0.8738,37.71,-592.6,52.32,2966.340279
482,0,20.0189,8.1222,9.5334,13.8833,17.2179,6.4112,13.403,0.8737,37.66,-594.91,52.254,2800.511043
483,0,19.582,7.8904,9.3921,13.8195,17.2518,6.4232,13.4291,0.8698,37.64,-596.404,52.121,2698.482563
484,0,19.752,8.4409,8.8411,13.99,17.2857,6.4349,13.4554,0.8739,37.74,-597.369,52.268,2188.298081
485,0,19.5678,8.4355,8.7935,13.8588,17.3193,6.4468,13.4814,0.8759,37.49,-596.122,52.315,2443.103252
486,0,18.5956,9.3388,6.6964,14.0804,17.3535,6.4581,13.5077,0.8788,37.79,-598.273,52.386,2688.340063
487,0,17.0449,9.7281,4.8132,14.0236,17.3876,6.4696,13.534,0.8791,37.74,-602.746,52.312,3100.732637
488,0,17.3808,9.7419,4.973,14.1858,17.4214,6.4811,13.5601,0.8794,37.58,-601.553,52.34,2822.284465
489,0,17.0231,10.0376,4.2962,14.2093,17.4557,6.4924,13.5867,0.8831,38.04,-603.865,52.37,2326.569774
490,0,17.3295,10.2555,4.2962,14.2979,17.4896,6.504,13.613,0.8813,37.8,-606.32,52.334,2801.407623
491,0,17.3156,10.2253,4.2617,14.3486,17.5235,6.5154,13.6394,0.8874,37.81,-605.969,52.382,2647.990295
492,0,16.7539,10.0697,4.093,14.1112,17.5575,6.5265,13.6656,0.8824,37.65,-605.554,52.289,2551.787375
493,0,17.1697,10.2925,4.2315,14.1657,17.5908,6.5377,13.6915,0.8857,37.45,-603.349,52.347,2837.904849
494,0,17.3404,9.682,5.2473,13.9311,17.6245,6.5493,13.7176,0.887,37.55,-602.962,52.439,2771.336054
495,0,17.8172,9.5082,5.7782,14.0509,17.6584,6.5608,13.7438,0.8855,37.68,-607.306,52.419,2254.128517
496,0,18.1714,9.8448,5.6414,14.2052,17.692,6.5721,13.7699,0.8906,37.59,-608.62,52.507,2872.045218
497,0,17.9551,10.1713,5.0847,14.2191,17.7261,6.5831,13.796,0.8918,37.57,-608.894,52.484,3199.297094
498,0,17.5722,9.9148,5.2123,13.9651,17.7602,6.5941,13.8219,0.8885,37.48,-612.33,52.451,2910.164703
499,0,17.6598,10.2756,4.7811,14.1231,17.7946,6.6052,13.8481,0.8874,37.72,-614.193,52.435,3272.571689
500,0,18.0946,10.5541,4.6228,14.4376,17.8295,6.6153,13.8743,0.8921,37.67,-617.874,52.566,2574.912312
501,0,17.9105,10.3113,4.7894,14.3297,17.8634,6.6264,13.9005,0.8904,37.69,-618.192,52.574,2744.390146
502,0,18.4663,10.4711,5.0359,14.4793,17.8985,6.6368,13.927,0.8888,37.94,-622.315,52.56,2569.637035
503,0,18.1427,10.2058,5.199,14.258,17.9329,6.6478,13.9531,0.8934,37.61,-623.893,52.585,2996.125379
504,0,18.4924,10.178,5.2813,14.5531,17.9675,6.6584,13.9794,0.891,37.75,-623.391,52.56,2776.308841
505,0,19.1101,10.1214,5.735,14.7737,18.0024,6.6689,14.0057,0.8852,37.75,-625.732,52.46,3261.657079
506,0,19.4951,10.0782,6.1858,14.751,18.0376,6.6798,14.0325,0.8906,38.11,-631.702,52.6,2634.459685
507,0,19.3833,9.9081,6.318,14.6772,18.0729,6.6903,14.0589,0.8857,37.92,-635.252,52.503,2645.477632
508,0,19.094,9.9527,6.0226,14.6387,18.1081,6.7011,14.0854,0.8915,37.93,-635.954,52.54,3241.794098
509,0,18.9287,9.7067,6.3559,14.3862,18.1431,6.7123,14.1118,0.8901,37.84,-636.578,52.461,3247.987128
510,0,19.862,10.3019,6.3494,14.7307,18.1783,6.7228,14.1382,0.8947,37.86,-637.393,52.526,2952.278194
511,0,19.2895,10.0484,6.2446,14.5166,18.2132,6.7337,14.1648,0.896,37.98,-638.015,52.506,2963.008727
512,0,19.2063,9.824,6.5685,14.3337,18.2489,6.7439,14.1912,0.893,37.89,-641.047,52.521,2562.754648
513,0,19.9195,10.1505,6.6809,14.6081,18.285,6.7541,14.2179,0.8931,38.07,-646.734,52.52,2549.253272
514,0,19.7036,10.2283,6.4308,14.5645,18.3205,6.7651,14.2443,0.8922,37.9,-648.838,52.513,2557.464548
515,0,19.7849,10.5733,5.7461,14.9855,18.356,6.7753,14.271,0.8854,38.07,-647.505,52.432,2954.390335
516,0,19.5494,10.1744,6.0805,14.8145,18.3912,6.786,14.2977,0.8846,38.07,-647.864,52.432,2915.152708
517,0,20.5149,10.2043,6.7817,15.0489,18.4265,6.797,14.3243,0.8891,38.1,-649.315,52.497,3174.83694
518,0,20.5837,10.0362,7.1723,14.8952,18.4619,6.8079,14.3509,0.8865,38.0,-651.893,52.525,3563.890935
519,0,20.1229,9.7153,7.2486,14.6791,18.497,6.8194,14.3775,0.8851,37.96,-652.75,52.459,2970.712743
520,0,19.5014,9.6506,6.8911,14.4797,18.5319,6.8306,14.4039,0.8837,37.88,-651.334,52.51,3041.975643
521,0,19.1845,9.8377,6.3655,14.5013,18.5674,6.8411,14.4304,0.8853,37.92,-651.74,52.587,3510.119262
522,0,19.6006,10.0574,6.3876,14.6756,18.603,6.8517,14.4569,0.888,37.93,-655.248,52.658,3534.492215
523,0,19.438,9.9514,6.3501,14.6565,18.6377,6.8626,14.4832,0.8857,37.79,-654.34,52.596,3060.149751
524,0,18.614,9.6322,6.2878,14.214,18.6734,6.8732,14.5097,0.8884,37.92,-654.75,52.615,3244.105392
525,0,18.2266,9.6325,5.9643,14.1498,18.7087,6.8837,14.5361,0.8852,37.81,-658.107,52.592,3384.959309
526,0,17.9026,9.5455,5.8309,14.0462,18.7437,6.8944,14.5621,0.8884,37.53,-655.07,52.621,3261.835865
527,0,17.9756,9.8359,5.5026,14.1571,18.7785,6.9053,14.5885,0.8881,37.9,-655.375,52.606,2828.82073
528,0,17.8742,9.8042,5.3598,14.2302,18.8136,6.9157,14.6148,0.8904,37.77,-657.829,52.606,3938.114982
529,0,18.148,10.0035,5.3667,14.2978,18.8488,6.9262,14.6412,0.8904,37.83,-659.0,52.632,3259.11855
530,0,17.8834,9.914,5.4052,14.0842,18.8846,6.9365,14.6677,0.8959,37.93,-665.191,52.657,3463.574983
531,0,17.7082,9.7439,5.5737,13.9107,18.9203,6.9466,14.6942,0.8969,37.94,-667.521,52.669,4021.493689
532,0,17.9512,9.5698,5.9987,13.9027,18.9556,6.9576,14.7206,0.8916,37.84,-667.822,52.623,2669.192359
533,0,18.0427,9.6149,5.9979,13.9499,18.9906,6.968,14.7469,0.8855,37.75,-666.892,52.506,3324.135012
534,0,17.2255,9.3235,5.6968,13.7252,19.0257,6.9784,14.773,0.8827,37.61,-664.441,52.484,3457.777248
535,0,17.9361,9.4157,6.1461,13.8943,19.0606,6.9892,14.7992,0.8851,37.71,-665.429,52.514,2715.677303
536,0,18.7939,9.8185,6.3104,14.185,19.0961,6.9999,14.8257,0.8905,37.96,-671.097,52.606,3277.59498
537,0,18.7551,9.8951,6.2057,14.1743,19.1314,7.0107,14.8521,0.8902,37.79,-673.225,52.585,3708.126015
538,0,19.2438,10.0832,6.2774,14.4033,19.1664,7.0216,14.8782,0.8897,37.62,-671.686,52.641,3742.430439
539,0,19.1161,9.8052,6.5922,14.2387,19.2014,7.0327,14.9042,0.8888,37.54,-672.047,52.636,2926.51478
540,0,18.6424,9.8705,5.9369,14.355,19.2363,7.0435,14.9306,0.8834,37.78,-672.512,52.462,3563.196864
541,0,18.1323,10.041,5.2621,14.3492,19.2712,7.0544,14.9568,0.8842,37.73,-673.566,52.506,3696.280895
542,0,18.2442,10.0232,5.4715,14.2696,19.3061,7.0654,14.9832,0.881,37.81,-675.498,52.483,2864.676404
543,0,18.3276,9.9221,5.7033,14.2222,19.3409,7.0769,15.0093,0.8805,37.64,-677.001,52.496,3707.852874
544,0,18.2676,9.8179,5.8168,14.1528,19.3755,7.0881,15.0357,0.8791,37.84,-677.04,52.507,3521.161872
545,0,18.9405,9.6577,6.4974,14.3054,19.4103,7.0994,15.0622,0.8757,37.96,-680.257,52.425,3740.165204
546,0,18.8914,10.0186,5.8154,14.5774,19.4455,7.1105,15.0887,0.8708,37.9,-684.297,52.325,3531.80995
547,0,19.7465,9.9481,6.6009,14.7175,19.4804,7.1217,15.1152,0.8689,37.92,-685.377,52.289,3569.056899
548,0,19.0161,9.7298,6.3312,14.4751,19.5151,7.1333,15.1416,0.8691,37.86,-684.345,52.236,3757.884684
549,0,18.3476,9.5212,6.0902,14.2562,19.5499,7.1449,15.168,0.8689,37.83,-686.04,52.286,3462.130804
550,0,17.5712,9.3481,5.7425,14.0006,19.5846,7.1562,15.1945,0.8683,37.94,-686.234,52.201,3946.057393
551,0,16.7652,9.4529,4.9668,13.8655,19.6187,7.1677,15.2206,0.8683,37.62,-684.261,52.216,3791.447718
552,0,17.9374,9.8152,5.3895,14.2526,19.6534,7.1791,15.2472,0.8757,37.98,-685.885,52.299,3150.396673
553,0,18.9026,9.8523,6.0583,14.512,19.6881,7.19,15.2735,0.8758,37.78,-689.017,52.27,3646.951382
554,0,18.8383,9.9673,5.8185,14.5725,19.723,7.2008,15.2999,0.8722,37.91,-689.443,52.241,3501.66273
555,0,18.4877,9.9284,5.5266,14.5527,19.7572,7.2122,15.3263,0.8767,37.83,-690.168,52.291,3771.194283
556,0,17.9096,9.9249,5.0315,14.4732,19.7913,7.2237,15.3527,0.8757,37.84,-688.586,52.204,3419.878741
557,0,17.504,9.387,5.5807,14.0563,19.8258,7.2352,15.379,0.8747,37.75,-690.952,52.235,3737.371122
558,0,18.5426,9.9571,5.5096,14.5958,19.8598,7.2472,15.4055,0.8812,37.91,-691.923,52.337,3808.856748
559,0,18.6464,10.1281,5.5417,14.4967,19.8938,7.2594,15.4321,0.8817,38.02,-694.374,52.323,3754.019937
560,0,18.2793,10.3359,4.992,14.4714,19.928,7.2712,15.4586,0.882,38.0,-696.788,52.34,3750.032454
561,0,19.2476,10.8191,5.0581,14.8904,19.9624,7.2824,15.4851,0.8806,37.87,-697.283,52.335,4167.578585
562,0,19.4326,10.9389,4.983,15.0307,19.9969,7.2938,15.5116,0.8839,37.95,-697.849,52.399,3804.883627
563,0,19.3711,10.6714,5.3227,14.897,20.0309,7.3054,15.538,0.8835,37.87,-698.757,52.408,4254.523337
564,0,19.2061,10.5352,5.4707,14.7203,20.0654,7.317,15.5645,0.8814,37.87,-700.985,52.337,3511.786864
565,0,19.0998,10.6479,5.2677,14.7042,20.0997,7.3287,15.5908,0.8793,37.81,-702.699,52.297,3449.242013
566,0,19.5451,10.5669,5.6889,14.8093,20.1343,7.3402,15.6173,0.877,37.95,-704.832,52.28,3432.231213
567,0,19.9029,11.0282,5.2616,15.1331,20.1685,7.3523,15.6439,0.8798,38.06,-706.696,52.329,3895.154948
568,0,19.1767,10.6986,5.1252,14.873,20.2032,7.3637,15.6705,0.8822,37.99,-708.64,52.345,3711.361847
569,0,19.0881,10.7529,5.08,14.7752,20.2374,7.3757,15.6972,0.8809,38.1,-710.768,52.408,3544.17495
570,0,18.0453,10.2503,4.9377,14.3773,20.2714,7.3878,15.724,0.8802,38.15,-709.758,52.353,4394.559671
571,0,17.5858,9.9647,5.085,14.0562,20.3063,7.3992,15.7506,0.8802,38.03,-713.176,52.423,4240.791845
572,0,18.1947,10.4777,4.8614,14.3756,20.3408,7.4106,15.777,0.8837,37.9,-713.809,52.484,5113.494236
573,0,17.7669,10.6089,4.3727,14.3052,20.3751,7.4223,15.8036,0.8799,37.98,-712.779,52.457,4054.526967
574,0,17.2599,10.3285,4.3148,14.1366,20.4085,7.4342,15.8301,0.8757,37.88,-709.973,52.396,4332.434604
575,0,16.5119,9.8961,4.3727,13.763,20.4427,7.4455,15.8566,0.8764,37.94,-709.814,52.428,4029.208429
576,0,17.7299,10.6668,4.3727,14.2104,20.4769,7.4569,15.8831,0.8806,37.94,-713.778,52.444,4237.871807
577,0,18.3723,10.7588,4.6826,14.451,20.5108,7.4686,15.9096,0.8791,37.93,-714.661,52.398,3848.853569
578,0,18.8613,10.8696,4.9019,14.6098,20.5452,7.4804,15.9361,0.8744,37.99,-717.334,52.336,4381.217641
579,0,18.8345,10.8965,4.8617,14.5963,20.5797,7.4916,15.9626,0.8751,37.92,-721.214,52.39,4005.790646
580,0,19.5076,11.1826,5.0454,14.7996,20.6143,7.5033,15.989,0.8825,37.85,-722.445,52.505,3823.37209
581,0,19.8017,11.0403,5.5473,14.7341,20.6495,7.515,16.0157,0.8793,38.05,-729.101,52.382,3514.165986
582,0,19.0802,10.9456,4.9802,14.6744,20.6843,7.5266,16.0424,0.8835,38.11,-731.177,52.464,4182.895561
583,0,18.2687,10.6229,4.906,14.2598,20.7189,7.5383,16.0688,0.8747,37.88,-728.774,52.369,4278.368522
584,0,18.6637,10.3441,5.5697,14.2699,20.7533,7.5498,16.0953,0.8752,37.9,-727.704,52.418,4119.236674
585,0,18.3306,10.6769,4.8377,14.3359,20.7876,7.5616,16.1218,0.8756,37.91,-728.213,52.377,3880.636934
586,0,17.9872,10.6691,4.563,14.2752,20.8223,7.5727,16.1483,0.8729,37.92,-730.576,52.312,4440.152965
587,0,18.4254,10.6632,4.8705,14.4117,20.8575,7.5841,16.1748,0.8751,38.01,-735.212,52.388,5149.794529
588,0,19.3034,10.4616,5.699,14.6629,20.892,7.5957,16.2013,0.8747,37.9,-735.779,52.346,4444.362186
589,0,18.6205,10.2633,5.5049,14.3722,20.9263,7.6078,16.2278,0.8704,37.88,-733.298,52.333,4337.128223
590,0,17.985,9.5653,5.9549,13.9848,20.9605,7.6193,16.2539,0.8762,37.63,-732.496,52.358,4389.939152
591,0,18.1689,9.5145,6.1902,13.9842,20.9942,7.6313,16.2802,0.8814,37.77,-730.25,52.41,4126.378763
592,0,18.4708,10.1304,5.4845,14.376,21.0289,7.6433,16.3067,0.8809,37.91,-735.18,52.348,3530.174998
593,0,18.7543,10.4466,5.2832,14.5445,21.0631,7.6553,16.333,0.8875,37.79,-739.159,52.452,3497.397337
594,0,19.2793,10.1391,6.042,14.6182,21.0977,7.6673,16.3594,0.8878,37.79,-739.84,52.581,4336.413024
595,0,18.45,9.793,5.9484,14.2287,21.1318,7.6795,16.3857,0.8832,37.8,-740.8,52.409,4347.638282
596,0,18.286,9.7785,5.7521,14.2755,21.1663,7.6909,16.412,0.8838,37.76,-740.758,52.424,4515.488114
597,0,17.6667,9.7583,5.3672,14.0612,21.1998,7.7029,16.438,0.8846,37.56,-736.937,52.379,4045.886611
598,0,17.743,9.5916,5.6967,13.9747,21.2335,7.7149,16.4641,0.8813,37.56,-734.349,52.381,4717.20944
599,0,15.2482,9.4396,4.0364,13.2922,21.2676,7.7265,16.4903,0.8807,37.64,-738.08,52.39,4356.547794
600,0,16.7666,10.1413,4.1534,13.9919,21.3016,7.7386,16.5165,0.8842,37.71,-741.282,52.421,4105.650837
601,0,17.2857,9.8178,5.0199,13.9679,21.3351,7.7507,16.5426,0.88,37.59,-739.713,52.366,4895.949588
602,0,16.414,9.7364,4.4831,13.7144,21.3689,7.7627,16.5688,0.8758,37.63,-740.943,52.301,4670.576025
603,0,16.3919,9.8213,4.318,13.7726,21.4018,7.7748,16.5945,0.8728,37.31,-737.674,52.292,4791.371285
604,0,15.9468,9.7595,3.96,13.7074,21.4355,7.7865,16.6204,0.8737,37.39,-737.639,52.249,4807.398223
605,0,16.3937,9.8198,4.3449,13.749,21.4695,7.798,16.6464,0.8776,37.52,-741.954,52.34,5177.891995
606,0,15.448,9.2721,4.1398,13.5562,21.5033,7.8099,16.6725,0.8787,37.59,-745.254,52.291,4605.151878
607,0,16.3512,9.2017,4.9471,13.7224,21.5366,7.8216,16.6986,0.8774,37.58,-743.835,52.239,5304.907353
608,0,16.3237,8.4696,5.9134,13.4606,21.5702,7.8337,16.7246,0.8861,37.46,-745.229,52.456,4989.523174
609,0,16.5017,8.1303,6.5392,13.3522,21.604,7.8454,16.7507,0.8849,37.67,-748.759,52.432,4899.009122
610,0,17.6264,7.8817,7.9397,13.325,21.6375,7.8575,16.7768,0.884,37.56,-749.648,52.303,4977.284465
611,0,17.2527,7.933,7.7161,13.1236,21.671,7.8694,16.8028,0.8861,37.54,-748.549,52.352,4821.348834
612,0,16.4947,7.8892,6.9014,13.2241,21.7045,7.881,16.8288,0.8817,37.53,-750.375,52.305,4261.120509
613,0,17.069,8.0977,7.1744,13.317,21.7382,7.8927,16.855,0.8831,37.62,-751.909,52.33,5255.148506
614,0,17.4301,8.2418,7.3489,13.3594,21.7718,7.9047,16.8813,0.8731,37.76,-754.172,52.318,4316.880849
615,0,18.0448,8.7967,7.076,13.6921,21.8057,7.9165,16.9077,0.8804,37.88,-757.919,52.467,4075.438551
616,0,18.1902,8.4938,7.4883,13.7281,21.8395,7.9283,16.9342,0.8858,37.92,-760.675,52.461,4473.636114
617,0,17.4562,8.4292,7.1133,13.4337,21.8729,7.9401,16.9605,0.8738,37.76,-759.82,52.349,4343.1451
618,0,17.9715,8.0372,8.0692,13.3851,21.9067,7.9522,16.9866,0.8783,37.56,-759.294,52.387,5114.088994
619,0,18.3489,8.3524,7.9136,13.603,21.9405,7.9642,17.0129,0.8811,37.77,-762.36,52.433,5507.22224
620,0,18.0936,7.9964,8.0832,13.534,21.974,7.976,17.0391,0.8812,37.66,-763.642,52.41,4513.75624
621,0,18.2253,8.1201,7.9793,13.6459,22.0076,7.9879,17.0653,0.8793,37.68,-762.356,52.41,4428.502675
622,0,18.7613,8.1689,8.5891,13.5234,22.0414,7.9999,17.0916,0.8839,37.77,-765.764,52.528,4644.134251
623,0,18.3726,7.835,8.6446,13.413,22.0751,8.0114,17.1177,0.8833,37.58,-765.952,52.554,5290.139482
624,0,18.6434,7.9808,8.7128,13.4698,22.1089,8.023,17.1438,0.8822,37.6,-765.928,52.539,4948.548632
625,0,17.2807,7.8047,7.639,13.357,22.1428,8.0352,17.1699,0.8736,37.67,-769.363,52.291,4400.766962
626,0,17.4706,8.322,7.1317,13.5368,22.1764,8.0469,17.1961,0.8797,37.6,-769.843,52.468,4869.230629
627,0,18.225,8.8195,7.0394,13.8861,22.2101,8.0586,17.2224,0.8859,37.83,-770.288,52.542,4852.022998
628,0,18.3125,9.014,7.023,13.7955,22.2446,8.0699,17.249,0.8811,37.94,-776.435,52.456,5305.448136
629,0,18.5143,8.9938,7.3421,13.6985,22.2788,8.0816,17.2752,0.884,37.73,-780.34,52.587,4899.964761
630,0,18.5621,8.8186,7.6712,13.5923,22.3126,8.0934,17.3013,0.8786,37.6,-777.996,52.473,5400.604803
631,0,18.3137,8.7095,7.5024,13.6217,22.3463,8.1059,17.3274,0.8812,37.61,-776.799,52.496,4905.671488
632,0,17.5294,8.773,6.8041,13.4724,22.3795,8.1177,17.3535,0.8781,37.58,-775.596,52.413,4709.455614
633,0,18.2981,8.9895,7.1519,13.6767,22.4132,8.1296,17.38,0.8797,37.88,-776.558,52.483,4048.323385
634,0,18.5962,9.2539,6.8844,13.9779,22.4468,8.1419,17.4062,0.8771,37.75,-781.713,52.474,4844.749199
635,0,19.8151,9.3036,7.7735,14.258,22.4803,8.1541,17.4326,0.8793,37.78,-781.271,52.487,4951.482298
636,0,19.4246,9.1979,7.6949,14.0519,22.5142,8.1661,17.4591,0.8828,37.93,-784.198,52.504,5152.522475
637,0,18.2385,8.9365,7.1608,13.6613,22.5481,8.178,17.4851,0.8851,37.55,-786.366,52.526,3709.650298
638,0,17.3404,8.5969,6.8104,13.4531,22.5815,8.1895,17.5111,0.8774,37.49,-782.218,52.452,5875.866986
639,0,16.8392,8.4242,6.7183,13.2167,22.6143,8.2019,17.537,0.8775,37.38,-778.142,52.369,5202.487184
640,0,16.7003,8.3585,6.7269,13.1349,22.6476,8.2138,17.563,0.8781,37.55,-779.212,52.457,4354.652778
641,0,17.2934,8.6256,6.8791,13.3088,22.6809,8.2257,17.5893,0.8768,37.71,-784.585,52.482,4815.309583
642,0,17.7173,8.3776,7.6091,13.2506,22.7139,8.2385,17.6152,0.874,37.47,-784.764,52.487,5805.991425
643,0,18.2794,8.4024,7.914,13.483,22.7476,8.2505,17.6413,0.871,37.53,-787.247,52.439,5384.23157
644,0,16.8848,8.2552,6.9213,13.2284,22.7808,8.2624,17.6669,0.8712,37.2,-785.301,52.437,5429.298617
645,0,17.2306,8.2563,7.1679,13.3264,22.814,8.2748,17.6929,0.8672,37.48,-785.186,52.344,5031.582465
646,0,17.4509,7.915,7.8271,13.2289,22.847,8.2869,17.7187,0.8667,37.39,-787.032,52.34,5093.884484
647,0,18.022,8.1002,8.2165,13.2253,22.8803,8.2989,17.7445,0.8722,37.27,-787.462,52.434,5244.080131
648,0,17.4298,7.9589,7.9404,13.0505,22.9129,8.311,17.7703,0.871,37.33,-786.329,52.398,5624.3147
649,0,16.0836,8.1318,6.5941,12.8777,22.9462,8.323,17.796,0.8688,37.27,-787.473,52.317,5419.327767
650,0,16.2304,8.254,6.5699,12.9265,22.98,8.3349,17.822,0.866,37.52,-794.461,52.224,4506.273882
651,0,16.0475,8.3684,6.278,12.9212,23.0134,8.3466,17.8479,0.8698,37.37,-797.259,52.259,5987.467266
652,0,15.8628,8.5984,5.964,12.8203,23.0466,8.3576,17.8735,0.8702,37.2,-791.443,52.306,5342.407874
653,0,16.637,8.8166,6.1397,13.2007,23.0797,8.3696,17.8996,0.8692,37.58,-792.962,52.292,4989.46231
654,0,16.7758,8.7503,6.3909,13.1546,23.1133,8.3813,17.9255,0.87,37.43,-798.032,52.287,5020.838123
655,0,16.5124,8.6511,6.2487,13.1326,23.1466,8.3927,17.9512,0.8718,37.27,-798.055,52.385,5054.704513
656,0,17.5668,8.8886,6.7604,13.4378,23.1803,8.4043,17.9771,0.8746,37.48,-799.373,52.416,5114.429944
657,0,16.8385,8.9921,6.1097,13.2567,23.2138,8.4157,18.0031,0.8734,37.45,-803.618,52.426,5075.40585
658,0,16.2165,8.3547,6.4979,12.8839,23.2476,8.4271,18.0291,0.8714,37.55,-804.219,52.329,5306.940135
659,0,15.8356,8.4906,6.1132,12.7519,23.2814,8.4387,18.0553,0.8717,37.63,-809.003,52.346,6230.020048
660,0,16.2119,8.3314,6.6229,12.7776,23.3144,8.4505,18.0811,0.8746,37.33,-805.661,52.431,5762.038354
661,0,15.9477,8.4564,6.3556,12.6557,23.3476,8.4622,18.1068,0.8793,37.27,-802.02,52.444,4555.911573
662,0,15.7094,8.5464,6.0628,12.6202,23.3808,8.4737,18.1326,0.877,37.34,-802.488,52.434,5339.690966
663,0,16.1839,8.9052,6.0199,12.7788,23.4139,8.4855,18.1585,0.8741,37.44,-804.802,52.431,5483.548101
664,0,16.6864,9.0769,6.1593,12.9702,23.4467,8.4973,18.1842,0.879,37.27,-804.877,52.451,5537.828112
665,0,16.8362,9.3221,5.9284,13.1057,23.4809,8.5086,18.2105,0.8857,37.73,-811.811,52.566,5316.478106
666,0,16.7372,9.0626,6.1129,13.0816,23.5142,8.5206,18.2367,0.8807,37.65,-817.248,52.497,5939.513364
667,0,16.9683,9.1207,6.1214,13.2463,23.548,8.5323,18.2626,0.8812,37.45,-817.002,52.435,5447.289723
668,0,16.7079,9.0594,5.9317,13.2367,23.5813,8.544,18.2885,0.8783,37.44,-816.283,52.428,5638.438195
669,0,15.6021,8.6454,5.7288,12.7479,23.6144,8.5561,18.3144,0.8809,37.43,-814.933,52.392,5622.861232
670,0,16.7369,9.1326,6.0868,13.0375,23.6478,8.5683,18.3404,0.8862,37.51,-817.367,52.517,6152.858968
671,0,16.3165,9.004,5.9215,12.911,23.6816,8.5799,18.3663,0.8844,37.35,-821.259,52.5,6368.683808
672,0,16.1402,8.9433,5.8217,12.8952,23.7157,8.5911,18.3924,0.8861,37.66,-823.867,52.497,5466.356556
673,0,16.565,9.008,6.0764,13.0006,23.7496,8.603,18.4184,0.8897,37.46,-827.477,52.535,6237.035606
674,0,15.8972,9.2463,5.2484,12.9226,23.7838,8.6146,18.4444,0.8915,37.49,-829.224,52.626,5859.197593
675,0,17.1572,9.5653,5.8499,13.262,23.818,8.6266,18.4705,0.8853,37.64,-833.641,52.583,5196.851541
676,0,17.2507,9.8122,5.5144,13.4441,23.8517,8.6386,18.4966,0.887,37.54,-833.376,52.547,5817.745047
677,0,17.2696,9.779,5.5144,13.4962,23.8857,8.6504,18.5227,0.887,37.61,-832.567,52.569,5798.531246
678,0,16.6583,9.6778,5.2307,13.2698,23.9195,8.6619,18.5488,0.8875,37.59,-834.701,52.519,5835.388953
679,0,16.5876,9.2143,5.7824,13.1108,23.9536,8.6734,18.5749,0.8859,37.6,-834.293,52.5,7104.947221
680,0,15.9329,8.7851,5.6956,12.9722,23.9877,8.6848,18.6009,0.8831,37.51,-837.022,52.416,6211.770894
681,0,16.511,8.6331,6.557,12.8409,24.0214,8.6968,18.6268,0.8864,37.43,-835.593,52.539,5314.797816
682,0,16.5395,9.1312,5.7533,13.175,24.0557,8.7082,18.6529,0.8876,37.54,-839.072,52.544,5950.903949
683,0,16.4867,9.4605,5.3322,13.214,24.0899,8.7201,18.679,0.8837,37.59,-843.032,52.436,6076.648855
684,0,16.6424,9.5165,5.5927,13.0532,24.124,8.7316,18.705,0.8818,37.58,-844.099,52.449,6517.230252
685,0,17.7215,9.1953,6.6859,13.3602,24.1582,8.7435,18.7313,0.8833,37.71,-846.527,52.449,5156.114827
686,0,18.271,9.1001,7.2596,13.4313,24.1914,8.756,18.7573,0.8907,37.55,-844.57,52.583,5341.956227
687,0,18.9292,9.7308,6.8573,13.8612,24.225,8.7679,18.7835,0.8929,37.65,-841.709,52.571,5480.274235
688,0,19.1883,9.4273,7.5141,13.767,24.2594,8.7794,18.8097,0.8888,37.62,-846.762,52.487,5488.802384
689,0,20.4235,9.4581,8.31,14.1754,24.2939,8.791,18.8361,0.8932,37.92,-854.091,52.621,5961.903523
690,0,19.9513,8.9794,8.7104,13.7815,24.3287,8.8025,18.8626,0.8837,37.87,-858.798,52.509,5721.077221
691,0,18.7504,9.7363,6.7168,13.8173,24.3626,8.8147,18.8888,0.8933,37.69,-857.587,52.622,5524.672556
692,0,17.6178,9.4149,6.2257,13.4972,24.3963,8.8266,18.9149,0.8869,37.59,-852.82,52.525,6571.498473
693,0,17.7652,9.8767,5.748,13.6605,24.4309,8.8383,18.9413,0.8931,37.83,-857.672,52.608,5684.230884
694,0,17.6713,9.3647,6.2648,13.5618,24.4654,8.8496,18.9674,0.8892,37.6,-862.84,52.517,5526.968867
695,0,17.2179,9.0828,6.2953,13.3598,24.5,8.8612,18.9936,0.8862,37.71,-863.338,52.471,6570.750167
696,0,17.1892,8.8765,6.4892,13.3435,24.5339,8.8731,19.0198,0.8866,37.65,-861.127,52.514,6254.560682
697,0,16.4814,8.6514,6.1208,13.2292,24.5678,8.8856,19.046,0.8811,37.72,-860.433,52.426,7085.370721
698,0,15.9977,8.689,5.5445,13.2841,24.602,8.8974,19.0723,0.8774,37.71,-862.696,52.346,5321.968077
699,0,15.8404,8.7614,5.1971,13.4018,24.6362,8.9091,19.0985,0.8728,37.74,-864.66,52.237,7308.862548
700,0,15.246,8.787,4.8088,13.1701,24.6706,8.9208,19.1246,0.8733,37.58,-866.359,52.293,7524.953788
701,0,14.905,8.8307,4.5174,13.077,24.7047,8.9324,19.1506,0.8759,37.5,-865.806,52.294,6520.242698
702,0,16.3993,9.2939,5.0383,13.5872,24.7388,8.9437,19.1766,0.8793,37.53,-864.271,52.344,5879.396831
703,0,17.0202,9.6415,4.9616,13.937,24.7727,8.9555,19.2028,0.8772,37.66,-865.246,52.367,6634.058718
704,0,16.4355,9.2304,5.1926,13.5324,24.8066,8.9674,19.229,0.8779,37.67,-867.771,52.405,5644.617957
705,0,17.3001,9.4841,5.5415,13.7945,24.8409,8.9789,19.2552,0.8823,37.68,-870.06,52.455,6413.063424
706,0,17.0196,9.8508,4.8041,13.8848,24.8758,8.9903,19.2816,0.8818,37.8,-877.132,52.44,5453.228821
707,0,17.1778,10.006,4.8388,13.8531,24.9099,9.0021,19.3075,0.8848,37.44,-876.173,52.522,5847.452083
708,0,18.6166,10.4504,5.3387,14.3475,24.9446,9.0135,19.334,0.888,37.92,-877.647,52.494,6134.034588
709,0,18.6724,10.4818,5.3072,14.4034,24.979,9.0253,19.3603,0.8889,37.77,-881.487,52.598,6474.059563
710,0,18.3987,10.4292,5.3076,14.1819,25.014,9.0366,19.3868,0.8888,37.95,-885.073,52.621,5961.072679
711,0,17.7835,10.2014,5.1297,13.9724,25.0482,9.048,19.4131,0.8853,37.72,-884.131,52.505,6127.488487
712,0,17.5605,10.4339,4.6512,13.9954,25.0835,9.0588,19.4396,0.8891,38.0,-887.748,52.594,5968.120819
713,0,17.8063,10.4843,4.7704,14.0716,25.1176,9.0704,19.4659,0.8857,37.74,-886.862,52.58,6959.860991
714,0,17.7348,10.4973,4.7196,14.038,25.152,9.0817,19.4922,0.8867,37.78,-884.379,52.674,7069.132015
715,0,17.4762,10.3875,4.6358,13.973,25.1863,9.0935,19.5186,0.8863,37.81,-886.228,52.595,6805.461197
716,0,17.6,10.5597,4.5331,14.0272,25.2213,9.1043,19.545,0.8911,37.91,-890.696,52.707,6864.605861
717,0,18.3141,10.8699,4.6326,14.3316,25.2559,9.1157,19.5713,0.8865,37.74,-892.581,52.636,6429.387355
718,0,19.0118,11.1066,4.798,14.6272,25.2901,9.127,19.5975,0.8924,37.68,-888.425,52.616,5625.496397
719,0,18.994,11.0475,4.8265,14.64,25.3251,9.1379,19.6239,0.8943,37.91,-891.817,52.564,7076.397436
720,0,19.5502,11.3737,4.7626,14.934,25.3602,9.1489,19.6505,0.8996,37.94,-899.63,52.695,7616.432821
721,0,17.9876,10.683,4.6267,14.1979,25.3953,9.16,19.677,0.8903,37.98,-902.011,52.588,6549.327828
722,0,17.1176,10.2691,4.5848,13.7838,25.4302,9.1708,19.7033,0.8931,37.77,-901.93,52.656,5173.021491
723,0,16.973,10.1459,4.5514,13.7957,25.4647,9.1822,19.7294,0.8868,37.57,-897.52,52.52,7474.999144
724,0,16.6926,10.1331,4.3379,13.7416,25.4992,9.1934,19.7556,0.888,37.66,-895.98,52.559,5680.816593
725,0,16.4191,9.9985,4.3379,13.6027,25.533,9.205,19.7817,0.8839,37.6,-894.238,52.512,7197.728514
726,0,16.906,10.265,4.3394,13.8216,25.5673,9.2164,19.8078,0.8824,37.6,-894.136,52.496,6444.585555
727,0,17.0057,10.1919,4.5489,13.7849,25.6016,9.2275,19.8338,0.8891,37.53,-896.021,52.605,5400.633116
728,0,17.1321,10.4342,4.4435,13.7743,25.6356,9.2392,19.8602,0.8913,37.8,-897.82,52.656,7720.765141
729,0,16.8692,9.9999,4.8255,13.5637,25.67,9.2505,19.8865,0.8775,37.74,-900.848,52.53,6175.369622
730,0,16.7402,9.7087,4.9984,13.5532,25.7043,9.262,19.9126,0.8797,37.61,-902.801,52.572,6149.227396
731,0,16.9917,9.9917,4.795,13.7251,25.7389,9.2729,19.9388,0.8752,37.69,-904.692,52.449,5738.483007
732,0,17.3258,9.9421,5.0149,13.8888,25.7738,9.2836,19.9651,0.872,37.74,-907.359,52.474,7053.769057
733,0,17.483,10.0801,4.8584,14.0645,25.8086,9.2943,19.9912,0.8731,37.63,-909.48,52.434,6610.494705
734,0,18.1396,10.2234,5.2248,14.2114,25.8429,9.3053,20.0173,0.8736,37.61,-907.096,52.463,5771.459745
735,0,18.6099,10.9708,4.4867,14.6724,25.8776,9.3164,20.0435,0.8765,37.69,-909.053,52.498,6612.875603
736,0,18.4956,10.5751,4.8775,14.5631,25.912,9.327,20.0698,0.8744,37.75,-910.864,52.463,7490.604247
737,0,18.7964,10.4241,5.3354,14.5568,25.9468,9.3385,20.0962,0.8739,37.87,-914.701,52.508,7440.472697
738,0,19.0844,10.6367,5.1816,14.7861,25.9825,9.3492,20.1228,0.8744,37.95,-924.218,52.456,5926.333966
739,0,19.8685,10.5059,5.9699,14.9127,26.0177,9.3603,20.1492,0.876,37.87,-928.292,52.506,8208.63362
740,0,20.3062,10.9513,5.7759,15.0989,26.0528,9.3714,20.1757,0.8771,37.95,-926.692,52.518,6764.196333
741,0,19.669,10.8748,5.3091,15.0051,26.0874,9.3829,20.2021,0.8775,37.84,-925.455,52.468,6341.946916
742,0,19.6588,11.0196,5.0865,15.0727,26.1217,9.3946,20.2285,0.8806,37.88,-922.655,52.511,6043.238748
743,0,19.2075,10.7605,4.9557,15.0112,26.1567,9.4053,20.2549,0.8787,37.81,-924.899,52.505,7419.374501
744,0,19.7266,10.954,5.09,15.2026,26.1919,9.4163,20.2814,0.884,37.92,-929.805,52.512,6898.260103
745,0,20.0014,11.2016,4.963,15.3568,26.2273,9.4279,20.308,0.8845,38.09,-936.773,52.545,7113.280688
746,0,19.8268,11.1561,4.8265,15.3641,26.2628,9.4393,20.3347,0.8795,38.05,-941.188,52.451,6040.112926
747,0,20.1588,10.7942,5.5942,15.2904,26.2978,9.4507,20.3614,0.8786,38.13,-939.426,52.479,7048.385355
748,0,19.9788,11.1769,4.9288,15.3931,26.3325,9.4622,20.3881,0.8802,38.09,-936.964,52.477,7126.365492
749,0,20.1868,11.1032,5.0551,15.5485,26.3672,9.4734,20.4147,0.8797,38.02,-934.456,52.473,7409.324703
750,0,20.2031,11.0324,5.161,15.5298,26.4021,9.4841,20.4413,0.8811,37.98,-935.385,52.438,7783.186916
751,0,20.7404,10.9954,5.5228,15.7422,26.4368,9.4955,20.4679,0.8799,38.09,-937.276,52.412,6855.855109
752,0,20.5453,10.9412,5.5387,15.5854,26.4714,9.507,20.4945,0.8811,37.99,-939.029,52.425,7681.811222
753,0,20.6242,11.1874,5.2287,15.7281,26.5059,9.5182,20.5211,0.8831,38.08,-937.269,52.503,7042.515466
754,0,20.6436,11.2258,5.1148,15.823,26.5406,9.5296,20.5478,0.8822,38.06,-940.061,52.469,7801.228861
755,0,20.2394,11.2225,4.9407,15.5962,26.5748,9.5415,20.5741,0.8811,37.8,-940.835,52.488,7308.308134
756,0,19.6614,10.7875,5.1967,15.1972,26.6096,9.5526,20.6005,0.8787,37.85,-940.338,52.475,6349.469114
757,0,19.6145,10.8232,5.1232,15.1881,26.6445,9.5638,20.6272,0.8752,38.05,-945.803,52.372,7632.407588
758,0,19.2193,10.5799,5.1565,15.003,26.6794,9.5751,20.6539,0.8755,38.12,-949.746,52.366,7109.872442
759,0,19.0979,10.3686,5.3114,14.9379,26.7143,9.5871,20.6807,0.8711,38.18,-952.202,52.187,5641.114288
760,0,19.5609,10.5698,5.3822,15.1289,26.7483,9.599,20.7072,0.8731,37.99,-948.429,52.233,7753.972246
761,0,20.2921,10.7096,5.6255,15.4769,26.7833,9.6105,20.7342,0.8714,38.3,-952.128,52.226,5565.398736
762,0,20.3433,10.7198,5.6017,15.5417,26.8187,9.6215,20.7611,0.8728,38.3,-960.168,52.189,7530.061615
763,0,20.4489,10.8085,5.6673,15.4931,26.8535,9.6331,20.7878,0.876,38.15,-959.603,52.309,8668.168083
764,0,20.6586,10.8526,5.8331,15.4928,26.8885,9.6443,20.8146,0.8791,38.17,-957.898,52.375,7760.20957
765,0,20.1538,10.3673,6.0898,15.2167,26.9228,9.6559,20.8413,0.8727,38.04,-955.441,52.269,7052.527825
766,0,19.9594,10.295,6.0787,15.1056,26.9575,9.6674,20.868,0.8746,38.15,-954.926,52.302,8501.381519
767,0,20.7501,10.8431,5.8357,15.5913,26.9926,9.6786,20.8947,0.8779,38.07,-961.55,52.306,7876.614543
768,0,20.7424,10.6353,6.0699,15.5572,27.0277,9.6904,20.9214,0.872,38.16,-965.228,52.222,8157.07275
769,0,20.9441,10.8936,5.918,15.6525,27.0628,9.7017,20.9481,0.8833,38.08,-966.055,52.535,7776.40101
770,0,20.9206,10.7514,6.1049,15.5843,27.0985,9.7128,20.9749,0.8785,38.17,-970.857,52.421,7047.924671
771,0,20.9291,10.9037,5.8933,15.6521,27.134,9.7243,21.0018,0.8822,38.31,-976.659,52.479,7589.764482
772,0,20.9567,10.9348,5.8898,15.652,27.1698,9.7357,21.0285,0.8806,38.1,-977.798,52.453,7294.116612
773,0,20.5952,10.8904,5.828,15.3967,27.2051,9.7473,21.0553,0.8816,38.13,-977.429,52.431,7850.012955
774,0,20.4922,10.8725,5.7623,15.3774,27.2402,9.7592,21.082,0.8807,38.08,-976.956,52.506,8384.668362
775,0,21.2535,11.1256,6.085,15.563,27.2762,9.7701,21.109,0.8783,38.33,-980.925,52.445,8584.630182
776,0,20.8891,11.1104,5.885,15.4138,27.3112,9.7822,21.1357,0.8808,38.11,-981.55,52.488,8416.369955
777,0,20.9642,10.9114,6.2309,15.3419,27.3468,9.7937,21.1624,0.8792,38.13,-980.339,52.492,8194.376869
778,0,20.0091,10.9238,5.6902,14.915,27.3822,9.8053,21.189,0.8807,38.03,-982.258,52.559,7183.535541
779,0,18.8039,10.2446,5.6378,14.4415,27.4171,9.8166,21.2155,0.8801,37.89,-978.51,52.488,9553.991218
780,0,18.6891,10.2693,5.5563,14.3835,27.4523,9.8281,21.242,0.8806,37.89,-977.52,52.533,7458.133088
781,0,18.3672,10.0355,5.6095,14.2421,27.4869,9.8396,21.2682,0.8781,37.74,-976.131,52.448,7953.667281
782,0,17.1302,9.4237,5.4808,13.7457,27.5223,9.8513,21.2948,0.8717,37.98,-979.656,52.329,8268.616807
783,0,17.1016,9.6732,5.21,13.7384,27.5574,9.8622,21.3211,0.8695,37.79,-982.848,52.293,7783.40347
784,0,17.669,9.7357,5.3488,14.1045,27.5922,9.8737,21.3474,0.8705,37.79,-977.539,52.213,6331.662944
785,0,18.5528,10.376,5.3071,14.3897,27.6271,9.885,21.3739,0.875,37.94,-981.427,52.271,7444.762537
786,0,17.9761,10.0403,5.3111,14.1447,27.6625,9.8963,21.4005,0.8736,37.99,-985.285,52.248,8672.752597
787,0,17.9471,10.4549,4.7498,14.2624,27.6967,9.908,21.4269,0.8786,37.88,-982.996,52.376,7940.366129
788,0,17.6877,10.3999,4.7323,14.0755,27.7315,9.919,21.4532,0.879,37.75,-978.246,52.349,7774.700224
789,0,17.2047,10.3871,4.4255,13.912,27.7661,9.9302,21.4798,0.8779,38.0,-980.704,52.371,7886.567348
790,0,16.9015,10.0736,4.5138,13.8342,27.8004,9.9412,21.506,0.8771,37.67,-980.182,52.371,8164.912936
791,0,16.3276,9.7945,4.4041,13.649,27.8352,9.9524,21.5321,0.879,37.63,-980.753,52.473,6977.01072
792,0,17.1435,10.0746,4.7152,13.8737,27.8696,9.9636,21.5582,0.885,37.61,-981.934,52.602,8963.308126
793,0,17.621,10.3563,4.6348,14.1498,27.9045,9.9746,21.5845,0.8822,37.73,-983.942,52.543,8030.350497
794,0,17.2714,10.1587,4.5975,14.0351,27.9397,9.9857,21.6108,0.879,37.81,-990.773,52.439,8071.456031
795,0,17.8907,10.4338,4.758,14.219,27.9749,9.9967,21.6372,0.8862,37.83,-996.002,52.584,9163.207684
796,0,17.5548,10.1891,4.8921,13.9937,28.0099,10.0081,21.6637,0.8886,37.95,-997.43,52.615,5748.329002
797,0,18.097,10.2613,5.25,14.1057,28.0452,10.0193,21.6902,0.8862,37.9,-999.313,52.6,10283.725529
798,0,18.5168,10.4874,5.3217,14.2277,28.081,10.0306,21.7168,0.8853,38.03,-1005.565,52.553,8665.088492
799,0,18.9456,10.3244,6.0345,14.1067,28.1159,10.0423,21.7432,0.8875,37.88,-1006.212,52.563,9056.542679
800,0,18.1067,10.9422,4.5056,14.1789,28.1515,10.054,21.7698,0.8878,38.0,-1006.714,52.646,8561.287015
801,0,17.8764,10.8603,4.4032,14.1329,28.187,10.0649,21.796,0.8908,37.71,-1009.409,52.687,9274.337279
802,0,18.4628,11.0087,4.607,14.3671,28.2227,10.0758,21.8227,0.8961,38.05,-1011.062,52.77,7736.888751
803,0,18.7776,10.6069,5.5236,14.1671,28.2579,10.0872,21.8489,0.889,37.7,-1008.898,52.616,8083.24151
804,0,20.1136,10.7345,6.4097,14.4894,28.2933,10.0981,21.8754,0.8917,37.93,-1008.427,52.595,8556.719038
805,0,19.7964,10.8917,5.9479,14.4768,28.3285,10.1096,21.902,0.8946,38.0,-1012.268,52.706,8320.080656
806,0,19.8803,11.117,5.7847,14.4986,28.3635,10.1211,21.9282,0.8958,37.68,-1010.341,52.822,8679.722906
807,0,18.4441,10.8308,5.0525,14.0807,28.3982,10.1323,21.9544,0.8897,37.71,-1005.525,52.708,6468.942792
808,0,18.9085,11.2052,4.8655,14.3577,28.433,10.1436,21.9809,0.8902,37.88,-1006.803,52.734,7505.741069
809,0,19.1134,10.6664,5.9656,14.0014,28.4677,10.1553,22.0074,0.8907,37.94,-1009.248,52.724,7601.070068
810,0,18.8034,10.6807,5.5636,14.0791,28.5029,10.1665,22.034,0.8857,38.05,-1014.983,52.658,8639.155871
811,0,20.0301,10.3786,6.9662,14.2053,28.5378,10.1782,22.0604,0.8883,37.84,-1017.662,52.699,10217.028697
812,0,20.8093,10.9287,6.9127,14.4879,28.5731,10.1898,22.087,0.8969,38.05,-1020.947,52.937,9286.150493
813,0,19.2111,10.9611,5.646,14.124,28.6081,10.2017,22.1135,0.8938,37.89,-1022.828,52.853,7728.542575
814,0,18.6085,10.8589,5.2291,14.0406,28.6434,10.2128,22.1398,0.8954,37.82,-1021.701,52.866,8277.99963
815,0,18.1784,10.3378,5.6371,13.7235,28.6786,10.2241,22.1662,0.8949,37.85,-1022.101,52.743,7814.323568
816,0,18.08,10.3577,5.4674,13.7749,28.7137,10.235,22.1923,0.892,37.61,-1019.313,52.668,6997.668012
817,0,18.673,10.6782,5.4259,14.0889,28.749,10.2463,22.2189,0.8925,37.99,-1024.048,52.695,9299.092739
818,0,18.8143,10.7529,5.4375,14.1438,28.784,10.2581,22.2452,0.8884,37.75,-1028.585,52.593,7978.570078
819,0,19.0749,11.071,5.1135,14.4104,28.8193,10.2695,22.2717,0.8956,37.98,-1029.076,52.793,8565.828611
820,0,18.8171,11.2006,4.6897,14.4469,28.8544,10.2804,22.2981,0.8941,37.82,-1029.611,52.769,7318.666757
821,0,18.4429,11.0272,4.5457,14.3901,28.8894,10.2918,22.3249,0.8867,38.18,-1029.568,52.675,7578.357354
822,0,18.498,10.8262,4.9037,14.2881,28.9248,10.3033,22.3515,0.8882,38.1,-1035.239,52.668,9302.878272
823,0,18.3856,11.0118,4.5488,14.3449,28.9602,10.3147,22.3781,0.8931,37.99,-1037.457,52.761,8543.762913
824,0,18.8305,11.0195,4.7892,14.5418,28.9954,10.3261,22.4047,0.8875,37.96,-1036.93,52.673,8211.689843
825,0,17.8693,10.7821,4.304,14.3033,29.0307,10.3374,22.4314,0.8865,38.1,-1039.226,52.643,8970.96797
826,0,18.9939,10.977,4.9559,14.581,29.0656,10.3488,22.4581,0.8894,38.14,-1039.251,52.709,8986.85349
827,0,19.1076,10.8536,5.1361,14.6379,29.1004,10.3602,22.4845,0.8888,37.88,-1034.529,52.709,8987.067494
828,0,19.4216,10.6408,5.9223,14.3786,29.1351,10.3717,22.5111,0.8859,38.02,-1033.705,52.727,8641.516962
829,0,19.7817,10.4918,6.3118,14.4981,29.1705,10.3827,22.5378,0.8861,38.07,-1040.342,52.758,9596.393836
830,0,19.7754,10.5475,6.2503,14.4975,29.2056,10.3938,22.5644,0.8882,37.99,-1043.327,52.833,9714.966938
831,0,18.4079,10.4529,5.3361,14.139,29.2401,10.405,22.591,0.8917,38.03,-1039.098,52.827,9602.95993
832,0,19.5176,10.2003,6.6893,14.148,29.2754,10.4159,22.6174,0.8922,37.87,-1040.853,52.852,9670.899647
833,0,19.5103,10.8641,5.6825,14.4836,29.3105,10.4272,22.644,0.8978,38.02,-1046.581,52.959,8069.643499
834,0,21.0357,10.6676,7.2031,14.685,29.3459,10.4381,22.6705,0.9001,37.93,-1049.048,53.026,8442.847523
835,0,21.029,10.8427,6.8808,14.8255,29.3807,10.4497,22.6971,0.8983,38.04,-1046.854,53.01,9316.376023
836,0,20.3759,10.3762,7.0328,14.4869,29.4155,10.4613,22.7237,0.896,38.02,-1047.535,52.952,8193.723556
837,0,20.5035,10.1377,7.5103,14.3755,29.4507,10.4729,22.7502,0.8978,37.93,-1050.602,52.951,9103.48156
838,0,21.2041,9.9122,8.4311,14.3807,29.4855,10.4844,22.7765,0.9026,37.79,-1050.799,53.1,8400.346531
839,0,21.8099,10.0729,8.6446,14.6123,29.5204,10.4959,22.8029,0.9012,37.84,-1050.403,53.061,8017.891404
840,0,21.8705,10.2874,8.467,14.6361,29.5558,10.5072,22.8294,0.8999,37.93,-1054.627,53.0,8541.679058
841,0,21.9822,10.3572,8.3632,14.7819,29.591,10.5189,22.8563,0.9035,38.3,-1060.661,53.108,11398.686946
842,0,22.7465,10.7925,8.3328,15.1412,29.6259,10.53,22.8827,0.9068,37.88,-1058.319,53.155,9748.249471
843,0,22.3958,10.553,8.3373,15.0255,29.6617,10.5411,22.9095,0.9025,38.12,-1061.263,53.034,8635.993052
844,0,22.5286,10.5903,8.3139,15.1445,29.6972,10.552,22.9358,0.9013,37.81,-1065.128,53.048,9395.898209
845,0,21.905,10.3672,8.0705,14.9873,29.7327,10.5636,22.9626,0.8991,38.15,-1066.27,52.96,8324.570133
846,0,22.5417,10.7304,8.0968,15.2344,29.768,10.5751,22.9893,0.9028,38.13,-1069.018,53.02,8211.537233
847,0,23.1611,10.9388,8.2964,15.4458,29.8037,10.5864,23.016,0.9032,38.1,-1071.956,53.081,9635.687165
848,0,23.4944,11.1464,8.2195,15.6485,29.8394,10.5977,23.0428,0.91,38.19,-1074.37,53.216,7908.283111
849,0,23.1215,11.1667,7.9727,15.5021,29.8747,10.609,23.0695,0.9084,38.11,-1072.266,53.099,8815.6994
850,0,22.7888,10.9611,8.0032,15.3445,29.9105,10.6201,23.0963,0.9035,38.2,-1073.754,53.013,9078.822398
851,0,22.5737,10.8082,8.0172,15.2683,29.9457,10.6312,23.123,0.9032,38.11,-1074.019,52.948,10912.489571
852,0,23.5757,11.198,8.2027,15.6951,29.9816,10.6422,23.1501,0.9098,38.46,-1079.333,53.145,9998.125874
853,0,23.4939,11.0455,8.3858,15.5825,30.0173,10.6534,23.1768,0.908,38.1,-1083.968,53.113,11519.600256
854,0,23.1926,10.9582,8.3173,15.437,30.0524,10.6646,23.2037,0.9059,38.23,-1079.029,53.007,10166.477386
855,0,24.2,11.1225,8.8424,15.7551,30.0886,10.6758,23.2306,0.9048,38.33,-1084.836,53.017,8507.641502
856,0,23.8493,10.9875,8.8137,15.5681,30.1233,10.6878,23.2573,0.9055,38.05,-1083.586,53.054,10903.988519
857,0,23.6863,10.9785,8.5915,15.6363,30.1589,10.6993,23.2843,0.9029,38.34,-1081.192,53.001,8603.028587
858,0,22.8705,10.6994,8.2809,15.4102,30.1944,10.7106,23.311,0.9015,38.13,-1086.641,52.879,9169.574528
859,0,23.5514,10.7803,8.5995,15.6915,30.2298,10.7224,23.3377,0.9045,38.11,-1087.495,52.978,9497.191994
860,0,23.1311,10.7502,8.3994,15.5016,30.2654,10.7337,23.3645,0.9011,38.16,-1088.57,52.938,9610.515514
861,0,23.008,10.3224,8.8311,15.3746,30.3008,10.745,23.3911,0.8988,38.08,-1089.939,52.846,8611.982689
862,0,23.2074,10.6978,8.5951,15.4345,30.3362,10.7564,23.4179,0.9017,38.13,-1087.998,52.886,9970.418881
863,0,23.1951,10.3253,8.9072,15.4826,30.3713,10.768,23.4448,0.9034,38.29,-1089.455,52.886,9302.356288
864,0,23.5576,10.337,9.1307,15.6099,30.4065,10.7796,23.4716,0.9023,38.16,-1091.042,52.855,8616.969378
865,0,22.8858,10.16,8.9578,15.288,30.4408,10.7915,23.4982,0.8964,38.08,-1085.807,52.719,8516.605443
866,0,23.4807,10.6682,8.8164,15.516,30.4758,10.8029,23.525,0.8979,38.14,-1085.834,52.765,8769.719151
867,0,23.799,10.6193,9.0828,15.6169,30.5101,10.8153,23.5516,0.9004,38.05,-1086.527,52.837,9863.393819
868,0,23.9559,10.6854,9.138,15.6525,30.5451,10.8273,23.5784,0.9052,38.19,-1088.776,52.959,9286.540094
869,0,23.4784,10.5004,8.8948,15.6033,30.5794,10.8393,23.605,0.9055,38.05,-1090.261,52.947,9839.217571
870,0,23.5061,10.328,9.1745,15.5236,30.614,10.8514,23.6317,0.904,38.01,-1088.225,52.922,9479.191169
871,0,22.8812,9.9655,9.274,15.1617,30.6489,10.8633,23.6583,0.8972,38.06,-1093.162,52.761,8131.732603
872,0,22.5035,9.612,9.5435,14.868,30.684,10.8753,23.6851,0.8994,38.15,-1097.891,52.788,10866.728548
873,0,21.9843,9.5021,9.4219,14.5804,30.7189,10.8871,23.7118,0.8967,38.09,-1100.403,52.739,8522.221062
874,0,20.8604,9.195,9.0442,14.1412,30.7535,10.8986,23.7383,0.8971,37.91,-1093.089,52.702,10545.849925
875,0,20.4189,8.9983,8.9154,14.0253,30.7875,10.9108,23.7647,0.8928,37.89,-1090.957,52.68,11390.756979
876,0,20.7424,9.0618,8.9829,14.2177,30.8216,10.9227,23.7911,0.8922,37.83,-1087.158,52.568,9582.795785
877,0,21.0283,9.1532,9.0956,14.2995,30.8557,10.9349,23.8175,0.8934,37.87,-1088.755,52.612,9702.489161
878,0,20.8889,8.8524,9.3332,14.2232,30.8898,10.9469,23.8441,0.8923,37.97,-1091.761,52.615,10241.39006
879,0,19.7915,8.4575,8.932,13.9219,30.9238,10.9589,23.8703,0.8905,37.71,-1089.57,52.599,8822.108344
880,0,19.5279,7.9626,9.415,13.6704,30.9572,10.9713,23.8967,0.8854,37.82,-1085.185,52.495,9488.593728
881,0,19.231,7.7464,9.4056,13.5991,30.9913,10.9832,23.9232,0.8805,37.91,-1089.471,52.423,10525.585176
882,0,20.3657,7.8596,10.2842,13.7419,31.0249,10.9954,23.9495,0.8837,37.81,-1092.531,52.475,8563.991146
883,0,20.2047,7.7869,10.25,13.6878,31.0591,11.0075,23.9761,0.8809,37.98,-1095.398,52.47,9688.816653
884,0,20.3326,7.6799,10.4477,13.725,31.0929,11.0194,24.0025,0.8765,37.87,-1097.105,52.4,8540.903115
885,0,20.9723,8.0608,10.5177,13.9138,31.1267,11.0314,24.0289,0.8836,37.85,-1095.496,52.488,9627.691254
886,0,21.0856,7.6628,11.246,13.6968,31.1611,11.0433,24.0554,0.8823,37.93,-1100.201,52.453,7940.606793
887,0,21.2964,7.812,11.1684,13.836,31.1954,11.0551,24.082,0.8804,37.97,-1104.435,52.437,9961.066229
888,0,21.1633,7.7926,11.2029,13.6878,31.2298,11.0669,24.1086,0.8859,38.02,-1106.536,52.545,11148.169557
889,0,20.5217,7.4803,11.0279,13.5335,31.2634,11.079,24.1348,0.8824,37.69,-1103.185,52.509,8884.343671
890,0,20.4336,7.7549,10.4612,13.7375,31.2975,11.091,24.1612,0.8821,37.82,-1099.882,52.518,9614.418939
891,0,19.931,7.5359,10.4264,13.4888,31.3318,11.103,24.1876,0.882,37.85,-1106.198,52.469,9050.027066
892,0,20.895,7.8258,10.8261,13.7632,31.3658,11.115,24.214,0.8858,37.88,-1107.539,52.531,9742.733295
893,0,20.817,7.936,10.7315,13.6695,31.3996,11.1275,24.2405,0.8905,37.91,-1108.236,52.613,8739.648278
894,0,21.4789,8.0423,11.0725,13.8842,31.4336,11.1398,24.2671,0.8918,38.01,-1111.481,52.645,9434.86695
895,0,21.5025,8.0504,11.084,13.8881,31.4685,11.1517,24.2936,0.8963,37.98,-1119.384,52.7,9141.142149
896,0,22.1153,8.3671,11.1905,14.0777,31.5024,11.1638,24.3201,0.8952,37.91,-1118.242,52.718,9445.461034
897,0,22.0993,8.7112,10.8126,14.0955,31.5366,11.176,24.3462,0.8973,37.6,-1113.936,52.819,9191.101516
898,0,21.6715,8.541,10.7046,13.9459,31.5711,11.1878,24.3727,0.8966,37.91,-1117.32,52.769,12000.050265
899,0,21.9457,8.7653,10.5833,14.1171,31.6051,11.1999,24.3992,0.8957,37.95,-1119.436,52.805,10920.36584
900,0,22.1015,8.9697,10.2594,14.3923,31.6397,11.2119,24.4259,0.8964,38.06,-1122.156,52.821,8452.304569
901,0,22.6311,9.2658,10.1345,14.7508,31.674,11.2243,24.4525,0.8969,38.01,-1126.674,52.821,10330.103861
902,0,22.3949,9.3788,9.7748,14.7613,31.7086,11.2362,24.479,0.8952,37.97,-1126.705,52.777,12263.712776
903,0,21.267,8.9255,9.4901,14.3714,31.7421,11.2488,24.5055,0.8944,37.92,-1123.156,52.743,11301.034851
904,0,20.5763,8.7379,9.1988,14.1596,31.7758,11.2606,24.5319,0.8907,37.81,-1117.553,52.73,10821.91207
905,0,20.8766,8.9507,9.023,14.4229,31.8096,11.2727,24.5583,0.8862,37.84,-1118.646,52.646,9323.029851
906,0,19.7768,8.6534,8.5282,14.1153,31.8436,11.2844,24.5848,0.8828,37.97,-1122.235,52.564,9789.675704
907,0,19.4142,8.8575,7.8933,14.1833,31.8772,11.2961,24.6112,0.8832,37.8,-1120.373,52.499,10262.272383
908,0,18.3438,8.8902,6.9739,13.9997,31.911,11.3081,24.6375,0.8784,37.82,-1118.861,52.404,10373.517893
909,0,19.1412,8.3786,8.4359,13.8467,31.9446,11.3198,24.6636,0.8787,37.54,-1119.181,52.462,9531.696059
910,0,18.3154,8.4005,7.7339,13.7011,31.9783,11.3321,24.69,0.8712,37.84,-1121.377,52.37,8655.956013
911,0,18.0148,8.3458,7.5653,13.6238,32.0117,11.3446,24.7161,0.8751,37.6,-1122.655,52.427,10544.068974
912,0,18.2018,8.6801,7.2719,13.7697,32.0453,11.3571,24.7425,0.8752,37.86,-1125.659,52.414,9837.373587
913,0,18.245,8.1633,8.1528,13.4488,32.0794,11.3692,24.769,0.8724,37.88,-1131.412,52.328,9604.185819
914,0,17.9164,8.142,7.8687,13.4256,32.1132,11.3815,24.7951,0.872,37.6,-1132.194,52.314,8434.257659
915,0,18.2217,7.8487,8.552,13.341,32.1472,11.3937,24.8213,0.873,37.69,-1131.853,52.368,9985.545575
916,0,18.1533,7.6684,8.7279,13.2771,32.1809,11.4059,24.8474,0.8677,37.6,-1132.277,52.3,9539.180737
917,0,18.342,7.9785,8.4728,13.4107,32.2151,11.4181,24.8738,0.8687,37.89,-1136.232,52.348,10433.938496
918,0,18.6039,8.1306,8.5027,13.4907,32.2491,11.4302,24.9004,0.875,37.96,-1140.981,52.405,9803.51016
919,0,18.5992,7.9516,8.7524,13.4152,32.2828,11.4429,24.9266,0.8732,37.67,-1139.861,52.407,11089.894038
920,0,18.6959,7.7461,9.0976,13.3722,32.3166,11.4553,24.9527,0.875,37.66,-1137.768,52.483,9447.880731
921,0,18.3006,7.6098,9.0444,13.1664,32.351,11.4671,24.9792,0.8732,37.9,-1142.709,52.487,10629.051751
922,0,17.7718,7.2777,9.0444,12.9697,32.3843,11.4798,25.0055,0.8707,37.79,-1141.208,52.454,11854.850786
923,0,17.652,7.6028,8.4156,13.1536,32.4176,11.4921,25.0317,0.8728,37.63,-1135.031,52.523,11437.669621
924,0,17.8193,7.9968,7.9861,13.3564,32.4518,11.5038,25.058,0.8715,37.75,-1140.347,52.448,8384.646575
925,0,19.1269,7.8151,9.1735,13.6583,32.4856,11.5163,25.0842,0.8724,37.71,-1145.429,52.408,9744.390672
926,0,18.2196,7.6664,8.6793,13.3938,32.5192,11.5288,25.1105,0.8781,37.79,-1145.915,52.593,10751.535233
927,0,17.3764,7.7151,7.9413,13.24,32.5526,11.5413,25.1367,0.882,37.62,-1143.546,52.679,10700.455712
928,0,17.6069,7.6537,8.309,13.1642,32.5861,11.5533,25.163,0.8765,37.76,-1140.656,52.516,7635.692207
929,0,17.3518,7.3823,8.4872,13.0023,32.6202,11.5648,25.1894,0.8706,37.87,-1147.124,52.39,9345.144077
930,0,17.1385,7.3137,8.4195,12.9253,32.6538,11.5774,25.2154,0.8691,37.52,-1147.714,52.404,10996.752489
931,0,18.4783,7.5871,9.1578,13.2535,32.6876,11.5902,25.2417,0.8713,37.72,-1150.149,52.384,11688.476737
932,0,18.1984,7.4052,9.1323,13.1808,32.7214,11.6026,25.2679,0.8772,37.74,-1153.323,52.458,10775.99829
933,0,17.9937,7.1968,9.2383,13.0786,32.7555,11.6147,25.2941,0.8711,37.66,-1154.871,52.412,11565.155449
934,0,19.2395,7.7602,9.4818,13.5175,32.7897,11.6271,25.3205,0.8765,37.83,-1159.03,52.498,9094.780697
935,0,19.6579,7.6587,9.8982,13.621,32.8232,11.6398,25.3468,0.8741,37.77,-1160.624,52.455,10803.761074
936,0,20.1672,8.136,9.6392,13.912,32.8574,11.652,25.3734,0.873,38.0,-1160.846,52.443,11014.563057
937,0,19.4956,8.0836,9.1206,13.8115,32.8911,11.6645,25.3998,0.8728,37.86,-1162.346,52.42,11116.064645
938,0,20.1155,7.6108,10.3032,13.7216,32.9252,11.6765,25.4261,0.8714,37.79,-1161.822,52.392,12768.185941
939,0,20.3917,7.6191,10.5043,13.7882,32.959,11.6895,25.4527,0.8712,38.01,-1167.555,52.363,10209.405443
940,0,20.6475,7.8598,10.3988,13.9089,32.9931,11.702,25.4792,0.8734,37.93,-1169.243,52.457,11766.10013
941,0,20.7538,7.6447,10.7201,13.9089,33.0273,11.7146,25.5058,0.872,37.97,-1172.725,52.46,10054.836995
942,0,21.5912,7.9065,11.0384,14.1664,33.0616,11.7271,25.5321,0.8717,37.73,-1174.36,52.41,10763.668124
943,0,21.5604,8.0076,10.8902,14.1826,33.096,11.7393,25.5584,0.8735,37.78,-1175.268,52.459,10493.967897
944,0,21.9646,8.2923,10.8818,14.3105,33.1302,11.7519,25.5848,0.8781,37.82,-1176.679,52.477,10897.926781
945,0,21.5774,8.4377,10.227,14.4327,33.1641,11.7644,25.611,0.8789,37.74,-1173.607,52.49,9494.697358
946,0,20.4445,8.2846,9.5239,14.156,33.1983,11.7769,25.6374,0.8776,37.82,-1174.979,52.534,7862.989371
947,0,20.5412,8.2103,9.7084,14.1424,33.2329,11.7888,25.6639,0.8758,37.89,-1181.239,52.46,11760.560556
948,0,20.8852,8.2274,9.95,14.2277,33.2668,11.8014,25.6905,0.8749,38.03,-1182.531,52.413,11948.88592
949,0,20.4994,8.0199,9.888,14.1115,33.3009,11.8132,25.7169,0.8778,37.86,-1180.613,52.471,9511.290486
950,0,20.4527,7.9501,9.9481,14.0745,33.3348,11.8257,25.7435,0.8815,37.97,-1180.22,52.518,11881.565432
951,0,20.2804,7.8513,9.9792,13.9699,33.3682,11.8387,25.77,0.8789,37.96,-1179.214,52.476,13125.175119
952,0,20.2471,7.7275,10.1164,13.9232,33.4025,11.8512,25.7965,0.8799,37.91,-1183.611,52.452,10624.030772
953,0,20.053,7.6795,10.015,13.8786,33.4364,11.8634,25.8231,0.8784,37.95,-1186.131,52.423,12691.1934
954,0,19.2757,7.2578,10.0759,13.462,33.4704,11.8757,25.8494,0.8755,37.81,-1185.283,52.431,10314.064242
955,0,19.9567,7.6046,10.1556,13.7165,33.5045,11.8877,25.8756,0.8798,37.67,-1184.307,52.502,10660.977645
956,0,20.2961,7.5449,10.4997,13.7715,33.5383,11.9002,25.9019,0.8778,37.75,-1183.166,52.498,10484.278199
957,0,20.5263,7.292,11.0415,13.7128,33.5725,11.9123,25.9283,0.8796,37.81,-1188.555,52.594,10228.320632
958,0,20.3235,7.3026,10.8793,13.6616,33.6063,11.925,25.9545,0.881,37.71,-1189.53,52.64,11343.707959
959,0,20.5744,7.1994,11.1946,13.7004,33.6406,11.9376,25.9807,0.8764,37.67,-1192.087,52.553,10801.076769
960,0,21.0777,7.3567,11.3802,13.8608,33.6748,11.9499,26.0071,0.8816,37.88,-1196.721,52.586,10318.501132
961,0,20.6844,7.4597,10.8856,13.859,33.7086,11.9623,26.0333,0.8804,37.67,-1192.469,52.566,10738.736534
962,0,20.0633,7.5217,10.2534,13.8083,33.7431,11.9744,26.0596,0.8794,37.76,-1194.418,52.6,10728.469021
963,0,20.4552,7.8091,10.1426,14.0235,33.7773,11.9865,26.086,0.8809,37.79,-1198.043,52.613,10498.52863
964,0,20.7121,7.7563,10.4187,14.057,33.8115,11.9985,26.1123,0.8766,37.8,-1198.547,52.562,11934.691065
965,0,21.5323,8.1159,10.5603,14.3761,33.846,12.0101,26.1389,0.8782,38.04,-1201.932,52.593,8171.988656
966,0,20.347,8.0917,9.6111,14.1642,33.8805,12.0222,26.1656,0.88,38.06,-1208.049,52.68,10553.969347
967,0,20.0732,8.2294,9.1121,14.2517,33.9152,12.0343,26.1922,0.8865,37.96,-1210.749,52.742,10572.31801
968,0,19.6547,8.0307,9.1112,14.0328,33.9492,12.0464,26.2187,0.882,37.99,-1208.308,52.598,12741.71929
969,0,19.4543,8.2192,8.7058,14.0492,33.9838,12.0587,26.2452,0.8777,37.9,-1209.387,52.453,10783.070881
970,0,19.1955,7.9683,8.8448,13.9024,34.0177,12.0707,26.2714,0.8749,37.73,-1206.05,52.417,12040.778187
971,0,19.5641,8.0992,8.9391,14.0459,34.0524,12.0826,26.2981,0.8787,38.08,-1210.355,52.558,10621.310522
972,0,19.3645,8.2262,8.5945,14.0638,34.0864,12.095,26.3245,0.8753,37.85,-1213.667,52.475,12367.966317
973,0,18.7491,8.3379,7.8697,14.0615,34.1212,12.1066,26.3509,0.8763,37.8,-1212.693,52.475,10342.090817
974,0,18.7846,8.1995,8.1891,13.9161,34.1556,12.118,26.3772,0.8785,37.76,-1211.562,52.511,11330.579639
975,0,18.1053,8.3235,7.512,13.7897,34.1896,12.1302,26.4035,0.8803,37.77,-1210.386,52.582,10844.496546
976,0,18.026,8.134,7.6938,13.7183,34.2239,12.1424,26.4299,0.876,37.84,-1214.136,52.487,10907.903265
977,0,17.9027,7.8394,8.0367,13.5465,34.2578,12.1544,26.4561,0.8753,37.66,-1212.24,52.434,10005.976718
978,0,17.737,7.8349,7.9547,13.4673,34.2918,12.167,26.4827,0.8773,38.06,-1214.885,52.458,10738.588931
979,0,17.9972,8.1087,7.6801,13.7284,34.3258,12.1794,26.5094,0.8801,38.04,-1218.844,52.608,11448.803925
980,0,18.4083,8.3792,7.5493,13.9997,34.3598,12.1916,26.5358,0.8757,37.89,-1219.127,52.472,11041.928899
981,0,18.8132,8.4655,7.7877,14.08,34.3944,12.2037,26.5625,0.8782,38.06,-1223.384,52.512,12700.711385
982,0,19.9434,8.8069,8.1756,14.4809,34.4292,12.2157,26.5893,0.8817,38.2,-1234.642,52.541,10306.171218
983,0,20.1633,8.8742,8.2565,14.5526,34.4639,12.2277,26.6161,0.8769,38.18,-1236.708,52.451,12994.61029
984,0,19.943,8.8081,8.1709,14.4841,34.4982,12.2403,26.6427,0.8799,38.02,-1233.546,52.552,12131.300353
985,0,19.817,8.7786,8.2147,14.3437,34.5328,12.2524,26.6695,0.8762,38.16,-1235.504,52.418,11889.235121
986,0,19.734,8.7824,8.1558,14.3158,34.5676,12.2642,26.6962,0.8764,38.15,-1237.356,52.458,12691.448271
987,0,19.4542,8.5037,8.2878,14.1828,34.6024,12.2765,26.7229,0.875,38.07,-1239.821,52.346,11012.515056
988,0,19.3755,8.4158,8.3532,14.1264,34.637,12.2884,26.7495,0.8737,38.08,-1240.808,52.349,11862.032082
989,0,19.8294,8.4169,8.5955,14.337,34.6714,12.3004,26.776,0.8698,37.93,-1234.979,52.281,10578.845084
990,0,19.7469,8.3955,8.5197,14.3518,34.7064,12.3122,26.8027,0.8712,38.05,-1241.412,52.318,10826.062109
991,0,19.8516,8.5662,8.3128,14.4926,34.7414,12.3242,26.8295,0.8713,38.19,-1248.146,52.365,10183.898085
992,0,19.7834,8.6003,8.2703,14.4328,34.7759,12.3369,26.8561,0.8739,38.02,-1248.428,52.342,13620.491676
993,0,20.1646,8.8648,8.2001,14.6197,34.8106,12.3487,26.8828,0.8737,38.1,-1245.272,52.342,11619.055549
994,0,19.4682,8.6084,8.0372,14.3426,34.8452,12.3611,26.9094,0.87,38.02,-1247.345,52.344,11719.27481
995,0,19.817,8.5536,8.3733,14.4101,34.8793,12.3732,26.936,0.8737,38.03,-1244.13,52.381,10305.789758
996,0,20.1428,8.9658,7.9866,14.7104,34.9138,12.3854,26.9628,0.876,38.15,-1245.226,52.396,12114.182696
997,0,19.7586,8.9813,7.5518,14.7455,34.9481,12.3974,26.9894,0.8802,38.05,-1246.466,52.469,10423.266973
998,0,20.0455,8.9505,7.9448,14.6702,34.9831,12.4091,27.0163,0.8806,38.23,-1251.239,52.499,11798.388668
999,0,20.544,8.9755,8.2278,14.8606,35.0182,12.4209,27.0432,0.8818,38.27,-1259.203,52.486,11085.336576
1000,0,20.4782,9.1604,7.969,14.8688,35.0529,12.4329,27.0701,0.882,38.27,-1262.493,52.549,11368.224432
1001,0,19.8976,8.9448,7.8621,14.6108,35.0875,12.4452,27.0969,0.8834,38.23,-1260.478,52.543,11116.363449
1002,0,20.386,9.035,8.1474,14.7236,35.1229,12.457,27.1239,0.8867,38.3,-1265.97,52.682,11429.868135
1003,0,20.5833,9.1025,8.1509,14.8499,35.1573,12.4693,27.1505,0.8822,38.02,-1262.51,52.598,11848.668011
1004,0,20.6014,9.0417,8.26,14.8198,35.1916,12.4812,27.177,0.876,37.99,-1257.44,52.448,11194.027507
1005,0,20.2347,8.9819,8.0379,14.7349,35.2262,12.4936,27.2036,0.8734,38.01,-1257.468,52.382,10125.080194
1006,0,21.2059,9.3392,8.3008,15.086,35.261,12.5058,27.2304,0.8785,38.16,-1263.788,52.478,12900.93808
1007,0,21.2821,9.5386,8.0397,15.2238,35.2964,12.5176,27.2573,0.8867,38.28,-1273.387,52.588,9341.761936
1008,0,20.9995,9.4495,7.9074,15.1626,35.3314,12.5298,27.2842,0.879,38.32,-1276.39,52.502,11966.221858
1009,0,21.3205,9.6318,8.0466,15.1621,35.3675,12.5411,27.3111,0.8862,38.26,-1283.425,52.622,10850.210301
1010,0,22.0194,9.96,8.0746,15.5049,35.4028,12.5536,27.338,0.8865,38.23,-1287.959,52.62,11849.062644
1011,0,21.6398,9.6624,8.2505,15.2469,35.4381,12.5658,27.365,0.8789,38.38,-1286.176,52.524,13995.490517
1012,0,21.5389,9.5638,8.2883,15.2068,35.4734,12.5776,27.3919,0.8839,38.29,-1283.962,52.645,11805.95375
1013,0,21.3169,9.4677,8.2549,15.1143,35.5088,12.5893,27.4188,0.882,38.3,-1285.124,52.601,11761.43691
1014,0,21.2283,9.4815,8.0839,15.1829,35.5448,12.6006,27.4456,0.8797,38.18,-1289.972,52.534,14660.434844
1015,0,21.6189,9.7777,7.9912,15.37,35.5802,12.6126,27.4724,0.877,38.17,-1291.415,52.515,13790.317286
1016,0,21.5646,9.8451,7.9007,15.3388,35.6156,12.6241,27.4994,0.8814,38.33,-1288.916,52.527,13658.519768
1017,0,21.8892,10.0374,7.9013,15.4705,35.6508,12.636,27.5263,0.8873,38.3,-1290.087,52.629,11661.457478
1018,0,21.1517,9.4416,8.0892,15.1409,35.686,12.6481,27.5534,0.8823,38.44,-1291.143,52.549,13094.295326
1019,0,21.3091,9.492,8.0044,15.3327,35.7209,12.6599,27.5801,0.8787,38.12,-1287.059,52.437,14160.069754
1020,0,21.7265,9.693,7.9422,15.6114,35.7557,12.6723,27.607,0.8856,38.23,-1286.453,52.47,11933.65161
1021,0,22.0119,9.8041,7.9745,15.7533,35.7911,12.6843,27.634,0.8861,38.38,-1293.426,52.525,13956.937769
1022,0,21.1073,9.3333,8.0083,15.2857,35.8259,12.696,27.6607,0.8829,38.12,-1293.046,52.57,12248.592221
