tiles/enhancement_freq_max,eval/mean_n_tiles,physical/mean_coverage,eval/violation,eval/J_D,eval/J_P,eval/feasible,rollout/ep_rew_mean,lagrangian/mu_D,lagrangian/avg_J_B,eval/mean_power_mw,tiles/enhancement_freq_std,time/time_elapsed,lagrangian/n_episodes,time/iterations,eval/mean_stall_sec,lagrangian/mu_P,time/fps,physical/mean_n_enhanced_tiles,eval/J_B,eval/mean_coverage,lagrangian/mu_B,physical/mean_stall_seconds,rollout/ep_len_mean,time/total_timesteps,lagrangian/avg_J_P,eval/mean_psnr_db,eval/J_Q,lagrangian/avg_J_D,physical/mean_power_mW,train/explained_variance,train/loss,train/approx_kl,train/learning_rate,train/pds_value_loss,train/entropy_loss,train/value_loss,train/clip_range,train/clip_fraction,train/n_updates,train/policy_gradient_loss
0.8391203703703703,39.4537037037037,0.9265257694033097,29.196336173096157,14.697784194099833,10.584349249508264,0.0,-17.485188458333333,1.0413380670481307,18.48514107796508,34.72222222222222,0.11795318440941768,12,48,1,0.4864843328307806,1.002681460555155,134,38.964699074074076,18.714202729488058,0.9114484763064148,1.0262128526949128,0.5541977422415153,36.0,1728,7.572584222061994,53.15757227177087,27.66772723860667,16.835226819252274,24.920428240740723,,,,,,,,,,,
0.8506944444444444,38.87962962962963,0.9277278638412894,25.528787171573775,14.102219954533277,7.774216175409492,0.0,-18.198241760416668,1.082937526267598,18.429193357112897,25.462962962962962,0.1206531189120362,20,48,2,0.46387423042662235,1.0052943195288706,170,38.8431712962963,18.452351041631008,0.9247575488649362,1.052285836087695,0.5575763244300828,36.0,3456,7.545143589486252,53.333822481324425,28.09959073420899,16.939783687786942,24.891493055555515,-0.0006874799728393555,31.928831100463867,0.022091648,0.0003,0.051549906649247364,-45.95183467158565,113.20324048642759,0.2,0.23859953703703704,10,-0.03967149816625924
0.8350694444444444,38.166666666666664,0.923648727183103,25.68187655106508,14.561684599802375,7.80623814559462,0.0,-19.563593089999998,1.1242116108313502,18.48385457136773,25.694444444444446,0.11874207763596173,27,48,3,0.47881864080413655,1.0079817068678705,188,38.958333333333336,18.113953805668086,0.9201228020449034,1.0784954725161142,0.5536656854459678,36.0,5184,7.574954935599966,53.21429281620566,27.957943213246722,16.809633825500885,24.927662037037006,-0.036330580711364746,1232.5238037109375,0.010457782,0.0003,5.424972543893037,-45.9404665629069,2604.5497346100983,0.2,0.05260416666666667,20,-0.019171446092702726
0.828125,37.96296296296296,0.924015385633379,25.753383553964298,13.924956491971054,8.618163478809569,0.0,-20.961624770000004,1.1655971638997566,18.432080879663875,28.356481481481485,0.11449705701184092,34,48,4,0.4572808226262681,1.0106433055011672,199,38.84722222222222,18.010263583183676,0.9193309934034287,1.104575674715274,0.5538517814877727,36.0,6912,7.564639453318681,53.16835386721805,27.94626889227506,16.85422122736258,24.95659722222222,-0.014637231826782227,2241.23828125,0.01167037,0.0003,8.895538685056898,-45.92702243946217,5307.0414695457175,0.2,0.09027777777777778,30,-0.028076462609762393
0.8368055555555556,38.416666666666664,0.9221113231563183,24.877329262580474,13.19317042323086,8.269497166432975,0.0,-22.526664290000003,1.206548453935531,18.448838088310346,27.199074074074076,0.11375887007110888,41,48,5,0.43496246094144086,1.013911789058081,206,38.88425925925926,18.214661672916638,0.9162577904687205,1.1306977699360499,0.5496726372005785,36.0,8640,7.807393422765561,53.172151630669596,27.821065880687495,16.680516014309664,25.701678240740733,-0.008140206336975098,1221.853759765625,0.017488936,0.0003,2.597193243106206,-45.909469251279475,2420.751727068866,0.2,0.12743055555555555,40,-0.02979988980072516
0.8564814814814815,38.59259259259259,0.9284755620603825,26.56762701520261,16.330257495021762,6.736898164593691,0.0,-23.78101103,1.2481910309879423,18.38624761191738,22.337962962962962,0.12172365868799734,49,48,6,0.5357047177705346,1.0161541640502112,210,38.745949074074076,18.30047135558716,0.9218486109494273,1.1566633889658433,0.5581413720973151,36.0,10368,7.396949996852065,53.482451213368755,27.995062930407983,16.95703082096452,24.370659722222243,-0.008002400398254395,2045.056884765625,0.019575704,0.0003,6.037366896205478,-45.88627262821904,3748.1161431206597,0.2,0.18003472222222222,50,-0.035909994939963025
0.8692129629629629,38.35185185185185,0.9322039670008267,25.89298656665173,13.21311141369677,9.285713055352618,0.0,-24.91606985,1.2893602648610747,18.46096189785898,30.555555555555557,0.12246640042142527,56,48,7,0.4351719592097352,1.018722329488895,214,38.901041666666664,18.19416209760234,0.9120722405736214,1.1828157937104908,0.5527428920366694,36.0,12096,7.527266175473547,53.04795678679165,27.698414707459268,16.767693549252954,24.7612847222222,-0.014356493949890137,692.1419677734375,0.019996008,0.0003,3.2666119465121515,-45.872028534500686,1707.1817025643809,0.2,0.16087962962962962,60,-0.02765022872912663
0.8564814814814815,37.666666666666664,0.9223062387516885,24.902979309805183,13.242820488526439,8.587420497918139,0.0,-26.365523489999998,1.3302063273163163,18.410294230597625,28.35648148148148,0.1167639254498844,63,48,8,0.4359339436327796,1.0214271575195955,217,38.78761574074074,17.872738323360608,0.9166503892442788,1.208841529286985,0.5472541015008948,36.0,13824,7.5819312122802325,53.252684907650355,27.85045796481346,16.638424982096648,25.021701388888896,-0.006556034088134766,1597.6329345703125,0.02367786,0.0003,6.694798687652305,-45.84978114940502,3436.738460286458,0.2,0.22569444444444445,70,-0.03753229110950121
0.8165509259259259,38.69444444444444,0.9259837036703914,27.13184812275313,14.455505097843014,9.126819611172373,0.0,-27.784760549999998,1.3714597566929758,18.42953020759285,30.208333333333332,0.11240028748380136,70,48,9,0.47441668796303743,1.0237996151081383,219,38.8431712962963,18.349523413737746,0.9134107788316252,1.234915354805967,0.5527684867221986,36.0,15552,7.448983035417175,53.286053228365205,27.733453356709106,16.80137175066385,24.580439814814845,-0.04070162773132324,647.4133911132812,0.03211183,0.0003,4.9945181104871965,-45.830778983787255,1387.304572663484,0.2,0.2550925925925926,80,-0.03796617600514933
0.8564814814814815,38.05555555555556,0.9202155754687639,26.879459511548532,16.259411492469383,7.343247312618189,0.0,-29.205304660000003,1.4120955423734574,18.43842043681326,24.189814814814813,0.11699577594108287,78,48,10,0.5357548281101038,1.0268017700516896,221,38.854166666666664,18.07680070646096,0.9186377281364785,1.2610114058980002,0.5441806378394154,36.0,17280,7.700861977420509,53.218907940564755,27.90889198317187,16.554314272192624,25.38339120370374,-0.004425525665283203,1096.5794677734375,0.025405237,0.0003,2.320327983962165,-45.816894940976745,2336.0669320565685,0.2,0.2669560185185185,90,-0.039697287576618015
0.8547453703703703,36.77777777777778,0.9268440105103953,24.993433058839955,13.278421449318918,9.070423055624289,0.0,-30.43728880000001,1.4528043273712508,18.356876741992142,29.97685185185185,0.11946989866210375,85,48,11,0.4375920878160519,1.0294467798756695,222,38.682291666666664,17.44458855389675,0.9216111565683011,1.2869035977529806,0.5460711856820762,36.0,19008,7.558003929591922,53.38030665528651,28.001174679079487,16.58351399911739,24.905960648148103,-0.020791172981262207,317.16162109375,0.035079356,0.0003,2.7907748284163296,-45.795799806382924,674.4111407244646,0.2,0.29542824074074076,100,-0.034911389326400775
0.8292824074074074,38.12962962962963,0.9299802108893345,26.101667592612394,13.426763609730989,9.386627989687844,0.0,-31.605433209999998,1.4941280028002084,18.262925184424024,30.902777777777775,0.1142504316254252,92,48,12,0.4425765559304689,1.0314977384229067,223,38.501157407407405,18.088275993193562,0.9220124336005098,1.3125609107140406,0.5546405278128068,36.0,20736,7.320383418894884,53.318622767984714,27.99932734567345,16.82947017158305,24.103009259259256,-0.010628581047058105,736.70263671875,0.02425101,0.0003,2.427969925050382,-45.78885611074942,1919.9943300600405,0.2,0.24716435185185184,110,-0.03850203858067592
0.8483796296296297,37.03703703703704,0.9181350121875779,24.477429053127857,12.827599077883107,8.908527563512179,0.0,-33.02433602,1.5344593287532524,18.35093179028188,29.398148148148152,0.11520539984406357,99,48,13,0.42350146950607553,1.034148213277322,224,38.68981481481482,17.541302411732573,0.9205721425981853,1.3384382401897452,0.5408083799819466,36.0,22464,7.560189941766182,53.40394220696831,27.95444098338439,16.43253038121762,24.949363425925952,-0.0487523078918457,253.1258544921875,0.03422922,0.0003,5.167631260553995,-45.77212271513762,561.5510282163267,0.2,0.2881944444444444,120,-0.03957405707591938
0.8385416666666666,38.7037037037037,0.9233176951084218,25.828126234578402,13.568779049283634,8.717149399221107,0.0,-34.27147504,1.574578434047124,18.303973550207868,28.819444444444446,0.11457684687997594,107,48,14,0.4474350856290051,1.03684403683581,225,38.57523148148148,18.342197786073662,0.9223537509799153,1.364198174065265,0.5392292623321586,36.0,24192,7.578329423395196,53.419331221129845,28.011400610232077,16.347642117548656,24.90596064814815,-0.004084587097167969,1157.658447265625,0.025325172,0.0003,7.4011273189827245,-45.757617229885525,2477.210218641493,0.2,0.2066550925925926,130,-0.035472131813703865
0.8460648148148148,37.99999999999999,0.920289212937886,26.025302080656836,13.007464217278082,9.787688054961361,0.0,-35.91474013,1.6154120704707047,18.465579862254334,32.175925925925924,0.1180151909863223,114,48,15,0.4289014253316246,1.039522374915218,226,38.91203703703704,18.03014980841739,0.9154155734104575,1.3903621237209007,0.5469754590758458,36.0,25920,7.571335231763179,53.15767724745468,27.797782090937314,16.633454569432207,24.949363425925934,-0.016634225845336914,251.3627471923828,0.03096944,0.0003,2.5787825067838033,-45.76832761411314,534.7289151792173,0.2,0.27326388888888886,140,-0.034773490063984086
0.8559027777777778,36.7962962962963,0.9311706809579521,24.529270735499683,12.595579528086096,9.282520930448824,0.0,-37.08181774,1.6549876683901865,18.379917926437958,30.555555555555554,0.12218353019482943,121,48,16,0.41506385348614333,1.0427783845922605,227,38.74131944444444,17.451170276964763,0.9145374815414246,1.4163119185369957,0.531125104987685,36.0,27648,7.802403870816961,53.11928216659005,27.769526818759037,16.13023916779273,25.69444444444446,-0.003338932991027832,994.0513305664062,0.023559764,0.0003,6.309867079169662,-45.75939523202402,1954.2696216724537,0.2,0.21336805555555555,150,-0.03882613054787119
0.8802083333333334,36.09259259259259,0.9264052517252707,23.869969021972093,12.250055207244339,9.31106676664198,0.0,-38.17604637,1.6952092598714361,18.414817092293273,30.671296296296294,0.12668301163325607,129,48,17,0.4039885390847573,1.0455392064142663,227,38.80902777777778,17.108847048085774,0.9136358673522041,1.442348961267729,0.5394150535647158,36.0,29376,7.604328728802309,53.11389307179753,27.74241670081052,16.388636592499847,25.07957175925929,-0.05440473556518555,173.1220245361328,0.03313315,0.0003,3.38394047110169,-45.75581852948224,427.1143726490162,0.2,0.2800925925925926,160,-0.03678705570184522
0.8310185185185185,35.47222222222222,0.9173385535227815,23.35056256197918,11.949987677362657,9.37509148701544,0.0,-39.72983279,1.7349487894433786,18.345295609787506,30.902777777777782,0.11867600579157803,136,48,18,0.3937939086567042,1.0489931562331178,228,38.68113425925926,16.825483397601086,0.9106971102434568,1.4682122002921978,0.5327564362888757,36.0,31104,7.881579927540596,53.11779388182406,27.648682284645307,16.195811828777014,25.94039351851851,-0.015375256538391113,1074.1263427734375,0.020087266,0.0003,7.864327471344559,-45.74155342667191,2261.3358665183737,0.2,0.18136574074074074,170,-0.035141337588774385
0.8153935185185185,34.56481481481482,0.9225735055918035,22.30511781311425,11.683317152852387,9.021860136987412,0.0,-41.02936359,1.7748181143409607,18.237586596730228,29.745370370370377,0.11110178443241209,143,48,19,0.3846053240875013,1.051864957920919,228,38.42476851851852,16.399940523274452,0.9069794283022348,1.4938061667840234,0.5356092948702001,36.0,32832,7.648720675120468,53.098476514401135,27.543051209610855,16.24772995903285,25.166377314814863,-0.05081582069396973,167.38816833496094,0.049748525,0.0003,3.086732221091235,-45.717355205394604,418.49380459255644,0.2,0.3278935185185185,180,-0.049701487421299574
0.8645833333333334,34.24074074074074,0.9204346754825816,21.7432468321648,11.632740396510115,8.669217793389878,0.0,-41.99288705,1.813893439039237,18.24635749091647,28.47222222222223,0.11674291090336347,150,48,20,0.38363498134408824,1.0553555124475544,229,38.457754629629626,16.24128864226481,0.909853992961765,1.5194220605113147,0.5236427221554931,36.0,34560,7.89622181065419,53.04385087465238,27.625726479362772,15.930129879310504,26.04890046296298,0.011923789978027344,832.8085327148438,0.023845283,0.0003,3.140821373462677,-45.69900867320873,1555.6975124782987,0.2,0.22824074074074074,190,-0.039438485559421005
0.8501157407407407,34.75925925925926,0.9249123396413833,22.66340791944893,11.652825333653668,9.32547531048482,0.0,-43.13520985,1.8535280801740701,18.18290181200217,30.6712962962963,0.11748680089320844,158,48,21,0.38436409082193296,1.058366383491216,229,38.30960648148148,16.48510727531044,0.9060017701161319,1.54487931504132,0.5318563110116359,36.0,36288,7.7043484174646,52.90368126920214,27.505986599785178,16.153856453933265,25.390625000000053,-0.07584595680236816,155.21392822265625,0.042584684,0.0003,4.944846270702503,-45.69112930297852,348.19481172914857,0.2,0.3023148148148148,200,-0.04018348542352517
0.8512731481481481,33.379629629629626,0.919080021063092,21.49630555563664,11.157354590017668,9.30570142452337,0.0,-44.76196623000001,1.8931346452785829,18.293879012289068,30.555555555555557,0.11774072346278257,165,48,22,0.36800899522348546,1.062274088149482,229,38.54108796296296,15.833249541095602,0.9061816789571512,1.5706140125720427,0.5303095914230554,36.0,38016,8.063081863306406,52.86709624707594,27.518135493210874,16.142626041805084,26.548032407407415,-0.0075495243072509766,1221.0316162109375,0.017626127,0.0003,4.771453845942462,-45.70103046275951,2241.1569087275752,0.2,0.15677083333333333,210,-0.03196210291029678
0.8674768518518519,33.75,0.9305210752009432,23.241442792665147,11.40646504242561,10.633668270730054,0.0,-46.07931271,1.932923514172626,18.21821972817303,35.06944444444445,0.12123954810870205,172,48,23,0.37621431080475637,1.0655393123239474,230,38.388888888888886,16.001309479509484,0.9141777851271767,1.5961595618924753,0.5336894540670047,36.0,39744,7.80608966978608,53.02198234545185,27.795775382107664,16.21554755761721,25.658275462963026,-0.05245506763458252,150.6958770751953,0.034110323,0.0003,3.932385335586689,-45.680741514983,333.7841170699508,0.2,0.2956597222222222,220,-0.041884562945752234
0.8721064814814815,34.00925925925926,0.9223451473909371,23.115413882982246,11.553109363510325,10.228479485101902,0.0,-47.167973329999995,1.9719942994916038,18.261280692818637,33.68055555555555,0.12211704426083116,179,48,24,0.38072469895809574,1.0690618059024029,230,38.48206018518518,16.13382503437002,0.9112727604288313,1.6218127636245219,0.5244207467374653,36.0,41472,7.908997431382159,52.88270280835825,27.708538234465646,15.928314127591074,26.041666666666757,-0.004485130310058594,808.4969482421875,0.01957016,0.0003,2.6821163248132778,-45.697517734103734,1826.2230541087963,0.2,0.17025462962962962,230,-0.03337394389047943
0.8721064814814815,34.879629629629626,0.9223904309719068,23.28815989482383,12.127413977021435,9.420109760191098,0.0,-48.07537017,2.0105452985116905,18.125373968366272,30.902777777777782,0.1181653048680911,187,48,25,0.40054074515751675,1.0727065859071303,230,38.192708333333336,16.5406361576113,0.9068536186169349,1.6471261985454375,0.5171918915308206,36.0,43200,7.957912001891001,52.753521397582375,27.542646640591745,15.720399608034624,26.193576388888957,-0.0836784839630127,80.79845428466797,0.037112612,0.0003,3.88027498015651,-45.666308099252205,211.09157658329715,0.2,0.3081597222222222,240,-0.040479176177608746
0.8726851851851852,34.09259259259259,0.9159590186273859,22.40292100884006,12.15255888272293,8.895084677783371,0.0,-49.40723647,2.049778713077234,18.18241995239002,29.28240740740741,0.11900550454357078,194,48,26,0.3998856368168551,1.0761401185548112,231,38.317708333333336,16.15527744833376,0.8969814116573479,1.6725822484264126,0.5266750449687118,36.0,44928,7.87341305907238,52.57521536441008,27.238877702577586,15.99336582621733,25.860821759259288,0.002136826515197754,905.3880004882812,0.01907645,0.0003,2.7460633542802597,-45.656542460123696,1733.5178715458624,0.2,0.1613425925925926,250,-0.03341567162424326
0.8385416666666666,33.56481481481482,0.9203779691626521,21.01169514354524,11.459837919327045,8.428393099025145,0.0,-50.85068382,2.0886364868168634,18.143215695426672,27.777777777777775,0.11913846152570205,201,48,27,0.37761767876408303,1.0795637586764406,231,38.23206018518518,15.92346412519305,0.8980060135626685,1.6979402876649792,0.5219061697033243,36.0,46656,7.869456048651732,52.737047435196864,27.293058125752683,15.843109495851698,25.8752893518519,-0.088531494140625,50.806640625,0.039132997,0.0003,3.0638697575639795,-45.66032543888799,118.13303197224936,0.2,0.33599537037037036,260,-0.03996173113377558
0.8744212962962963,34.194444444444436,0.9233670627534643,21.916042449064,11.620150584122685,8.883028701191781,0.0,-51.84458876000001,2.127174761413846,18.1406594311262,29.28240740740741,0.12280559562209414,208,48,28,0.38319831980461405,1.0831976632212843,231,38.248842592592595,16.212863163749535,0.905092469419373,1.7232919362427948,0.5182667702833332,36.0,48384,7.953561817937441,52.78944186446754,27.486974492317724,15.715309838793035,26.157407407407437,0.005073487758636475,750.8699340820312,0.017144803,0.0003,2.2880325039227802,-45.64948165328414,1653.9727209020543,0.2,0.1632523148148148,270,-0.03624842013059943
0.8668981481481481,32.99074074074074,0.9266442914393415,20.356403916310096,11.00029527101397,8.521715143367471,0.0,-52.725074590000006,2.165499551577439,18.18721093500898,28.009259259259263,0.12183036171892024,216,48,29,0.3631792256474129,1.0864735250692314,231,38.32118055555556,15.634393501928656,0.8971960363382655,1.7487599635803173,0.5145669853685421,36.0,50112,7.81034473917889,52.6170495200738,27.252773602791745,15.629916065437213,25.752314814814802,-0.0827857255935669,63.47261428833008,0.0310406,0.0003,3.080847848344732,-45.658523912783025,154.91901225337276,0.2,0.2640625,280,-0.03673455210885516
0.8929398148148148,32.5,0.9297686005326979,19.858078242663908,10.416691460865563,8.844395316528532,0.0,-53.85236055999999,2.2038264614593275,18.16849237160316,29.050925925925927,0.1256102040478284,223,48,30,0.3443002199401595,1.090373321671542,231,38.28414351851852,15.396991465269815,0.8956890515875161,1.774181194509325,0.513594168234652,36.0,51840,8.059918640924229,52.58916215733249,27.19660848494208,15.63076395275539,26.605902777777846,0.0038954615592956543,1080.8116455078125,0.016305389,0.0003,3.1765437956209537,-45.650428503530996,2103.348399070457,0.2,0.14050925925925925,290,-0.03367903862079537
0.8570601851851852,33.907407407407405,0.9338480931277325,21.233175452415146,10.90767319640465,9.054934156190924,0.0,-55.177230400000006,2.24245118235971,18.23385156131894,29.74537037037037,0.12366345483028571,231,48,31,0.3597081903188663,1.093562934879998,231,38.436342592592595,16.07056809981957,0.8891663895396452,1.7997658234126224,0.5178299201999518,36.0,53568,7.775845283382367,52.572095335043436,27.01400147002623,15.749888360153042,25.6148726851852,-0.06546807289123535,69.70589447021484,0.028660407,0.0003,2.7049570745891995,-45.66373289602774,195.27128796047634,0.2,0.2291087962962963,300,-0.0344130602458285
0.8761574074074074,33.77777777777777,0.9233381630384381,21.224318693621857,10.88562341353373,9.11785601990149,0.0,-56.32651515999999,2.280275529902813,18.150157221265207,29.97685185185186,0.12241227307013611,238,48,32,0.3586747616087438,1.0971216851783758,232,38.25289351851852,16.020839260186637,0.8891356601707473,1.8251412164657854,0.508980574209346,36.0,55296,7.923500119351086,52.52810472573267,27.012381343929246,15.429739017241188,26.01996527777783,0.0047348737716674805,1154.2047119140625,0.013599388,0.0003,3.9082750139413056,-45.65371558577926,2361.6796309859665,0.2,0.11226851851851852,310,-0.02867773163166863
0.8802083333333334,33.48148148148148,0.9278764393722686,20.719578236272945,10.750970260340987,8.900608451187317,0.0,-56.96395097999999,2.3170303795640823,18.20693131738733,29.28240740740741,0.12652403442967886,245,48,33,0.3547262925880211,1.101701770859308,232,38.38194444444444,15.86799952474464,0.8916952983868338,1.8506585447592538,0.4943194962515903,36.0,57024,8.332034272372853,52.54920025510176,27.073840962132607,15.001939864507884,27.437789351851908,-0.07664430141448975,62.776432037353516,0.030090943,0.0003,2.366623435638569,-45.636239468609844,180.47102053606952,0.2,0.26435185185185184,320,-0.03834438354673761
0.8258101851851852,33.27777777777778,0.9225959201846184,19.958977190702207,10.462564207232495,8.52253174435046,0.0,-58.27446616,2.3544524474697504,18.256369395521627,28.009259259259263,0.11515793472671011,252,48,34,0.3452010751150017,1.1059981162966548,232,38.46643518518518,15.773881239119254,0.8844401403613921,1.8762994682480578,0.5024431582932829,36.0,58752,8.21853817493871,52.40457914099367,26.85367104683229,15.268827162267284,27.0471643518519,-0.0049332380294799805,1149.96728515625,0.016399713,0.0003,3.4128699735358907,-45.6323190053304,2206.5908203125,0.2,0.13697916666666668,330,-0.034766108904861745
0.8709490740740741,34.879629629629626,0.9277803535933041,20.982262949130174,11.403459897362758,7.842068179404493,0.0,-59.57628423,2.391225687076605,18.254915216913272,25.810185185185187,0.12176938403652567,260,48,35,0.3762881798806837,1.1104047200926843,232,38.46643518518518,16.536734872362924,0.8971071782610466,1.901936756290341,0.4937564158704661,36.0,60480,8.262641518411817,52.627771929383535,27.22494914166964,15.009295842741759,27.20630787037041,-0.07315981388092041,46.805625915527344,0.0422903,0.0003,2.457670232101723,-45.616534607498735,121.19603101942275,0.2,0.3164351851851852,340,-0.044843638633136396
0.8726851851851852,34.2962962962963,0.9300030946697285,20.77202111401546,11.274667170075999,8.02503863343612,0.0,-60.59926356,2.4285195557955928,18.180732226915765,26.388888888888886,0.12401954754625748,267,48,36,0.371726420532424,1.1144395236557643,232,38.316550925925924,16.27231531050334,0.9012936425861217,1.9273885868576306,0.5007119026939654,36.0,62208,8.113921425231974,52.75096979241615,27.389614167096045,15.217547487595175,26.75781250000007,0.00951319932937622,837.13037109375,0.012625246,0.0003,2.4195354028984353,-45.629950007685906,1977.3942663122107,0.2,0.10729166666666666,350,-0.02808789209359222
0.8628472222222222,33.833333333333336,0.9105155104273978,19.30443182499126,11.369030004777215,6.697030605961966,0.0,-61.75507052999999,2.465314356564833,18.14598145346603,22.10648148148148,0.1183656527337225,275,48,37,0.37525927428201705,1.118357908622472,232,38.2349537037037,16.038371214252077,0.8935776872102762,1.9527535404912957,0.4941177931525231,36.0,63936,8.067353986683058,52.54011539717328,27.148422797541418,15.017920307696066,26.56250000000006,-0.10256731510162354,32.8896598815918,0.036083374,0.0003,2.504655142625173,-45.6273742251926,97.3731869591607,0.2,0.28854166666666664,360,-0.03996023475709889
0.8576388888888888,33.93518518518519,0.9220070050555288,19.38916033781413,11.493395474934092,6.6080195962049375,0.0,-63.28163990999999,2.5026163710439375,18.18978448495577,21.759259259259263,0.11999277483776724,282,48,38,0.37946740211149593,1.1222730661844187,232,38.32465277777778,16.0877452666751,0.8926908354082341,1.978228001703685,0.5006293837499295,36.0,65664,8.066063024778694,52.5569476188173,27.109385642930146,15.2208057916418,26.598668981481502,0.006246030330657959,916.6846923828125,0.01522213,0.0003,2.703209819617095,-45.60137567873354,2097.6225857204863,0.2,0.14056712962962964,370,-0.035911534947377664
0.8547453703703703,33.49074074074074,0.9249309176779538,19.984719044950772,11.440213790226133,7.465222600915401,0.0,-63.69292715,2.5383446455076992,18.069842992413196,24.537037037037038,0.12138562239199441,289,48,39,0.3773584466658564,1.1266733953492511,232,38.08449074074074,15.879282653809236,0.8960332672714882,2.003402609184718,0.4806334169048905,36.0,67392,8.260131665933015,52.6260880262951,27.22297588419799,14.591309785504736,27.206307870370352,-0.019598841667175293,14.114815711975098,0.03493069,0.0003,0.5768029712416508,-45.5911279325132,51.83742323981391,0.2,0.3120949074074074,380,-0.03762986418204727
0.8460648148148148,33.93518518518518,0.9234883451118686,19.942928081200364,11.766851395208823,6.882660456463533,0.0,-64.83728446,2.5753935171231657,18.211517935645638,22.685185185185187,0.12176860615780395,296,48,40,0.38794432312548616,1.13074499861353,232,38.38483796296296,16.09341622952801,0.8993216999329454,2.028931404023832,0.49793069093119935,36.0,69120,8.128641305711566,52.70893872426848,27.311576419624643,15.119548646186571,26.765046296296287,-0.0006870031356811523,1217.6328125,0.011526902,0.0003,4.048785352265393,-45.60392607229727,2622.8205557364004,0.2,0.08385416666666666,390,-0.028432698090802188
0.8414351851851852,34.12037037037037,0.9280355193384531,19.8423067043713,11.903007472012916,6.5517504496642935,0.0,-66.7217352,2.612137178193354,18.195940220725404,21.64351851851852,0.11851252208437009,304,48,41,0.39193074357620367,1.1350531854124604,232,38.3599537037037,16.18754878269409,0.894141907981106,2.0544212545756455,0.49426637497314235,36.0,70848,8.223274719572151,52.60386261972161,27.167450954094914,14.997464428075416,27.11950231481489,-0.07148134708404541,85.88861846923828,0.0254267,0.0003,4.123510133778607,-45.60288112781666,230.72304783573858,0.2,0.2107638888888889,400,-0.03660838529295116
0.8460648148148148,34.24074074074074,0.9214554882141919,20.26599306564593,11.805379922396192,7.030519907031867,0.0,-67.73398652,2.6485695051312383,18.252655722219785,23.148148148148152,0.11954498658068365,311,48,42,0.3892728767231044,1.1398069304997642,232,38.470486111111114,16.230093236217872,0.8957150217929238,2.080052893881195,0.4889320191342592,36.0,72576,8.401498034921568,52.65456835946713,27.210708348159955,14.872930775153824,27.669270833333353,0.002158641815185547,1305.9385986328125,0.011453659,0.0003,3.7488313220165392,-45.62580303615994,2737.8937924985535,0.2,0.08599537037037037,410,-0.02690618404497703
0.8686342592592593,33.53703703703704,0.9284259638759904,19.42719749384026,11.632236365606419,6.684244779762079,0.0,-68.53147598,2.684771811560076,18.175923410040703,21.990740740740744,0.12478046703406612,319,48,43,0.382788461835104,1.144007163899579,232,38.298032407407405,15.91071634847176,0.8958608640245246,2.105492702406297,0.48625769974832733,36.0,74304,8.180093359925907,52.777584394192615,27.23699042983185,14.780922571535044,26.945891203703837,-0.127097487449646,27.557052612304688,0.039272506,0.0003,2.821274639500512,-45.608746973673504,75.98628794352213,0.2,0.30214120370370373,420,-0.04038421532001208
0.8547453703703703,33.12037037037037,0.9217286356914687,19.466061346780933,11.453389830267838,7.110489349110321,0.0,-69.91046053,2.721398415132676,18.160023541146966,23.37962962962963,0.12227194979395929,326,48,44,0.37744052486568275,1.1488913778466265,232,38.2806712962963,15.702182167402773,0.8996968002545104,2.1308927612591644,0.49272342149338677,36.0,76032,8.45368557881897,52.86323399959437,27.33358995942866,14.95064142904002,27.806712962963008,0.00185394287109375,1102.692138671875,0.012054234,0.0003,2.557952960332235,-45.61314758018211,2327.76842312283,0.2,0.08912037037037036,430,-0.02769316759788328
0.8773148148148148,32.02777777777778,0.9293397929308079,18.013943408924952,10.892847682681351,6.734227609855236,0.0,-70.92640469999999,2.7573601305981974,18.069696236798066,22.10648148148148,0.12803269618142984,333,48,45,0.35889758187966714,1.1533960496591935,232,38.08449074074074,15.186868116388363,0.8878482295062397,2.1560670018511594,0.4830059780812944,36.0,77760,8.30186872502682,52.46992803279644,26.9817626512427,14.684686186208522,27.416087962963047,-0.09352266788482666,27.70320701599121,0.037667353,0.0003,2.1986421514440466,-45.576088389643914,87.88061900668674,0.2,0.29930555555555555,440,-0.04696461965536906
0.8524305555555556,32.31481481481482,0.926706884753677,18.636325528165052,10.718202656571693,7.4023688704669794,0.0,-71.98140125,2.7937710215420055,18.1344356704089,24.305555555555554,0.1255737342118135,341,48,46,0.35352539337689787,1.1580164799107355,232,38.213541666666664,15.315754001126379,0.8889171214605437,2.1814030910271818,0.4891267664204676,36.0,79488,8.348172100616823,52.51156052656804,27.015693026020696,14.86435637752321,27.401620370370452,0.005234837532043457,1254.1253662109375,0.010655088,0.0003,3.2696068900602837,-45.5726121407968,2674.5808421947336,0.2,0.07951388888888888,450,-0.02588116448993484
0.8530092592592593,31.98148148148148,0.9176467499201594,18.29409256166128,10.108508482538321,7.804856443808632,0.0,-73.01754505,2.8297536208493494,18.02608059171704,25.694444444444446,0.12074329305426686,348,48,47,0.3324710731472955,1.1623499700137012,232,37.989004629629626,15.180727635314328,0.8817116441408642,2.2064682925064742,0.48346882037922745,36.0,81216,8.233396041186252,52.38369330916914,26.781305233281795,14.693039722937522,27.10503472222227,-0.09960007667541504,16.973960876464844,0.03392054,0.0003,2.542237009163256,-45.565516266999424,87.46534261350278,0.2,0.2503472222222222,460,-0.03673629896128895
0.8616898148148148,32.47222222222222,0.9256351248868044,18.413817417335302,10.646598823533834,7.159146481365295,0.0,-74.08741908,2.8656085360870707,18.143763469184638,23.49537037037037,0.1253052266562063,356,48,48,0.3504366331495961,1.1669921282191356,232,38.226273148148145,15.408072112436173,0.886881414943734,2.231827701179436,0.48103732074038086,36.0,82944,8.356863282173697,52.44180422535351,26.943438088371845,14.641966095088426,27.560763888888943,0.0022908449172973633,1174.3594970703125,0.011424511,0.0003,3.024092525685275,-45.57205429077148,2618.55442437066,0.2,0.08599537037037037,470,-0.026581946105040884
0.8721064814814815,32.13888888888889,0.9212768037859768,17.947511977875145,10.576981194510909,6.9270284112540805,0.0,-75.34015950000001,2.901579467778429,18.11766441060385,22.800925925925924,0.12538506285765363,363,48,49,0.3486346395377224,1.1716716913860932,232,38.1712962962963,15.243502372110157,0.8865664197362193,2.2571218622059455,0.48274857726024323,36.0,84672,8.371825266783016,52.36913464423447,26.922319406274948,14.68837267654324,27.59693287037046,-0.08188259601593018,18.14483642578125,0.041570377,0.0003,1.5972058885627323,-45.56138916015625,50.711999843738695,0.2,0.3146412037037037,480,-0.04359404512646574
0.8755787037037037,31.472222222222225,0.9235252877930796,17.79900243966147,10.122006910507421,7.550130174777749,0.0,-76.38708634999999,2.937363263592429,18.082394464231715,24.884259259259263,0.1283775785410484,370,48,50,0.3335862139568806,1.1759235394891931,232,38.098379629629626,14.926865354376302,0.8836085166129738,2.2823278483665246,0.4798723974198937,36.0,86400,8.200739241240015,52.36654201484154,26.841373800362206,14.613518325600113,27.068865740740748,0.0028021931648254395,1343.7972412109375,0.01093681,0.0003,3.294394649841167,-45.53944815176504,2802.9157543041088,0.2,0.09652777777777778,490,-0.027739233275254568
0.8402777777777778,31.88888888888889,0.9163185207136377,18.705570946371527,10.21512257413444,8.174138790715608,0.0,-77.0993141,2.9724408890564216,18.068333867509367,27.083333333333332,0.12145770170146929,378,48,51,0.33647226869361746,1.180647116660559,232,38.074074074074076,15.11630958152148,0.8822140353990914,2.307498683035298,0.47069026653730667,36.0,88128,8.389430868546375,52.399615167458876,26.78334524826501,14.331050185597007,27.683738425926002,-0.09265720844268799,22.971569061279297,0.034115486,0.0003,1.9666256456463425,-45.53484588905617,65.53609321029099,0.2,0.2533564814814815,500,-0.04020091364746568
0.8564814814814815,32.15740740740741,0.9199528161076037,18.760953273241594,10.407256764482716,7.916070398492874,0.0,-77.60611485999999,3.007174249701374,18.080254796729665,26.15740740740741,0.12111181390028926,385,48,52,0.34327885157504817,1.1854437309607788,232,38.086226851851855,15.237626110266005,0.8880894855581613,2.332699320027122,0.4669649265107256,36.0,89856,8.41864572008793,52.424536735888786,26.972034533230726,14.193344257980973,27.741608796296337,0.0022581815719604492,1303.0369873046875,0.010980153,0.0003,2.4857774052355026,-45.56298515884964,2727.5947799117475,0.2,0.0849537037037037,510,-0.02753566458683323
0.8697916666666666,31.14814814814815,0.925551767607134,16.865976917460447,10.02196229777441,6.874221000719671,0.0,-78.51823682,3.041753828468632,18.048430706559735,22.685185185185187,0.12795286749808119,393,48,53,0.33045092550446115,1.190336667813372,232,38.02546296296296,14.769793618966368,0.8809830206054169,2.3578203967935214,0.46474990818080913,36.0,91584,8.457174741037292,52.304438379786944,26.7572248826886,14.131831506903156,27.86458333333343,-0.08042716979980469,14.021427154541016,0.03806232,0.0003,1.097693016242098,-45.51896356653284,37.51558095437509,0.2,0.31568287037037035,520,-0.04038132443955099
0.8645833333333334,31.12962962962963,0.9218692880272663,16.612865702912707,10.02602490525936,6.625818561988428,0.0,-79.08237998000001,3.0761298921254734,17.92917437715148,21.875,0.12305012825162405,400,48,54,0.33048435839753837,1.195076543131632,232,37.78703703703704,14.761022235664917,0.8819995187535651,2.3826433327364,0.46179738825907074,36.0,93312,8.395950127303925,52.325902511060754,26.794415651303712,14.050425462736703,27.712673611111118,0.00620955228805542,1414.749267578125,0.007550197,0.0003,2.66258553509359,-45.521792546025026,2799.579790581597,0.2,0.05144675925925926,530,-0.01974360155010665
0.8825231481481481,31.333333333333332,0.9279008640670158,17.00346300090427,10.243758466064,6.698967756010368,0.0,-79.71816158,3.110253196597888,17.989517853405484,22.10648148148148,0.13086164397660202,408,48,55,0.3377380018571277,1.2002283382997925,232,37.91608796296296,14.860736778829901,0.8898830316188625,2.407617127369914,0.4593101855744281,36.0,95040,8.56071806726419,52.46116904267449,27.020671911029684,13.949321788965882,28.161168981481556,-0.10476791858673096,7.3989715576171875,0.037968427,0.0003,1.2637956228521134,-45.52940552322953,30.861060930181434,0.2,0.26261574074074073,540,-0.03826776333153248
0.8489583333333334,31.787037037037038,0.9199012442361069,17.57086389738646,10.795348503434447,6.0747962148820775,0.0,-81.72203588,3.145402435638148,18.04919049978361,20.02314814814815,0.12297549677455609,415,48,56,0.35605991005450705,1.2047422774858378,232,38.0306712962963,15.075515393952012,0.8912625135295015,2.432740103619373,0.472270574554912,36.0,96768,8.305575674418156,52.505274923570674,27.059473706277572,14.35969561610405,27.43055555555565,0.005641520023345947,1302.2156982421875,0.0073867287,0.0003,2.6613769284001103,-45.56732984472204,2862.3372820818868,0.2,0.0609375,550,-0.017589465275199875
0.8535879629629629,31.37037037037037,0.9200103437896446,17.393675660410402,10.824280038636246,5.649608558024234,0.0,-83.25852480000002,3.180190054934602,17.997767742412567,18.75,0.12564900070286836,422,48,57,0.35702169546857504,1.2094630014261707,233,37.926504629629626,14.869395621774155,0.893099447201639,2.4577345229754046,0.4678593321932585,36.0,98496,8.388289576133106,52.548653659063284,27.11518623145302,14.215047718581552,27.640335648148177,-0.11044514179229736,4.076759338378906,0.039620634,0.0003,1.280337516742724,-45.53923142044633,24.05410441999082,0.2,0.27980324074074076,560,-0.039256064210914904
0.8732638888888888,31.953703703703706,0.9283710666182294,17.94051808266417,11.082554436911574,5.822088861675106,0.0,-84.45638248000002,3.215179878622256,18.100323569052307,19.328703703703706,0.12885872854154912,430,48,58,0.3650284830243263,1.2141365173152836,233,38.141782407407405,15.157963645752595,0.8956047505203785,2.4829853318980355,0.4708755139233147,36.0,100224,8.369406355645141,52.61724879155565,27.198091599338593,14.29592947506156,27.531828703703688,-0.0017105340957641602,1273.045654296875,0.008230157,0.0003,2.149550050497055,-45.53775151570638,2767.97106391059,0.2,0.08940972222222222,570,-0.018325319492982495
0.8611111111111112,31.34259259259259,0.929060639231755,17.272124162475745,10.705568554752029,5.921191755919498,0.0,-85.34384874,3.2501092420675572,18.04296638507271,19.444444444444446,0.12846274654407328,437,48,59,0.3533264886808592,1.2178701460929326,233,38.023726851851855,14.866555607723717,0.8959968421990142,2.5080927478607173,0.46934130128525275,36.0,101952,7.993451511059622,52.69489611676954,27.210179453986324,14.271745378120626,26.30931712962969,-0.09379231929779053,9.054288864135742,0.03399335,0.0003,1.118517254072207,-45.5307475761131,29.506130257359256,0.2,0.24542824074074074,580,-0.03807453510041038
0.8495370370370371,31.166666666666668,0.9175853217928109,17.18336061681354,10.705602219230608,5.604228029981146,0.0,-86.08238117000002,3.2849388032862517,17.949373112406217,18.402777777777775,0.1205365902611262,444,48,60,0.353510525255265,1.2216936784414771,233,37.8275462962963,14.777758397582934,0.8952667911450035,2.5329661806417327,0.46832665525640776,36.0,103680,8.029412939417817,52.7007109130953,27.194307400291716,14.231824487477802,26.51909722222234,0.005411326885223389,1652.5694580078125,0.0055031725,0.0003,3.1562759302280567,-45.52949307759603,3391.763592303241,0.2,0.03466435185185185,590,-0.014090566871756758
0.8339120370370371,31.120370370370367,0.9180517302026956,17.25013732474494,10.78766542319949,5.506493114460038,0.0,-86.98821692999998,3.3193501499615157,17.982446211700665,18.055555555555557,0.11931084979863173,452,48,61,0.3560991602448778,1.2255775620798812,233,37.88773148148148,14.762471901545453,0.890660507635716,2.557922296170984,0.46249666940939416,36.0,105408,8.0535534553616,52.53592645375192,27.04227348165705,14.064538670105577,26.540798611111157,-0.0920875072479248,17.020320892333984,0.030164933,0.0003,1.3537204329614285,-45.51040286311397,54.429077558164245,0.2,0.23559027777777777,600,-0.043931301007116286
0.8547453703703703,31.0,0.9303950202518293,17.130341994683842,10.728991723794778,5.681123421183472,0.0,-87.51053195,3.3535909757863966,17.913631769127658,18.634259259259256,0.12471771253006624,459,48,62,0.35429498970408346,1.2298231906282209,233,37.754050925925924,14.701350270889066,0.8880918712970235,2.5827063755938036,0.46090142159289904,36.0,107136,8.198251419335833,52.5153168646321,26.964663287917762,13.996330329952443,26.996527777777867,0.004204690456390381,1618.963623046875,0.009844854,0.0003,1.5842286319644363,-45.50218915586118,3011.1093117042824,0.2,0.07008101851851851,610,-0.02710188982007956
0.8443287037037037,28.703703703703706,0.9252150375451812,14.99760107181279,9.686314924861772,5.308315172414492,0.0,-87.43613195000003,3.386849985594063,17.843118556781977,17.47685185185185,0.12562862894152765,467,48,63,0.31976559409593336,1.2338506051968183,233,37.60590277777778,13.611286146951018,0.8824535542936922,2.6073141719857587,0.4476303124124014,36.0,108864,8.11096582743895,52.39833983503855,26.789333068129547,13.60360392306657,26.786747685185205,-0.024895429611206055,-0.22035551071166992,0.05329534,0.0003,0.4349702183019232,-45.47093175252279,4.931626410837526,0.2,0.3881365740740741,620,-0.037737859723468624
0.8657407407407407,28.01851851851852,0.9255156759849782,14.218431536782791,9.220052953012143,5.369174983566466,0.0,-87.37444188,3.4197439328495554,17.802279605041146,17.708333333333332,0.12658203994360184,474,48,64,0.3036844724453099,1.2377290220615391,233,37.50347222222222,13.29837858377065,0.8828079313582021,2.6318198709983616,0.4428970619850047,36.0,110592,8.051366745888355,52.44570522376144,26.781114000575897,13.457578902196898,26.511863425926034,-0.009731054306030273,-0.9449001550674438,0.039429512,0.0003,0.8215400486494656,-45.41530093440303,2.5389391197098625,0.2,0.34936342592592595,630,-0.043818690138006655
0.8275462962962963,27.694444444444443,0.9106551554871136,14.036973325861316,9.19484458150857,5.063635967305709,0.0,-87.78595596,3.4522675953581374,17.699366286398735,16.666666666666668,0.1224988883125488,481,48,65,0.303153758040021,1.241916537533194,233,37.296875,13.142128744352746,0.8829493452809222,2.6560682867143584,0.43784604559612617,36.0,112320,8.175006188661941,52.478235177353696,26.786597760001655,13.30946500343284,26.909722222222285,0.0027306079864501953,165.656982421875,0.003350121,0.0003,0.5704471002298372,-45.40849107812952,454.2610560664424,0.2,0.022569444444444444,640,-0.007589799796955453
0.8651620370370371,27.685185185185187,0.9267415527547899,14.05781263664382,9.221095693706866,4.993390701190382,0.0,-88.94986103,3.4851736792765946,17.785766259793316,16.435185185185187,0.12572935703344373,489,48,66,0.30404139604983893,1.2459385018044447,233,37.495949074074076,13.136716942936955,0.8830678028619406,2.6805327023638417,0.44354778948438967,36.0,114048,8.108785708500259,52.47558785111209,26.788222728701935,13.462433567382908,26.68547453703708,-0.004810690879821777,1256.182373046875,0.00023455928,0.0003,32.77418029220016,-45.4054892928512,2937.4828125,0.2,0.0,650,-0.003182586890438365
0.8275462962962963,27.638888888888886,0.9294624154869412,14.010097031498477,9.19512589658029,5.063635967305709,0.0,-90.31767281,3.518464187543309,17.816205110811936,16.666666666666668,0.1255766293350625,496,48,67,0.3030699483072236,1.2499550253893192,233,37.53125,13.114971134918187,0.8831289695286074,2.7050732151408714,0.4477620048130906,36.0,115776,8.106609433949876,52.4769323163763,26.794781112966593,13.616203306685842,26.68547453703709,-0.010129451751708984,1358.71240234375,0.00025757815,0.0003,7.42815206139176,-45.41557402434172,3219.436355251736,0.2,0.00011574074074074075,660,-0.003843429434561619
0.8379629629629629,27.657407407407405,0.9180880072750568,13.969803152407106,9.141533628749196,5.090391195277153,0.0,-91.71380866000001,3.551320812125894,17.704947647538578,16.78240740740741,0.12537438607839696,504,48,68,0.30114834887693204,1.254441428115723,233,37.307291666666664,13.128269523657911,0.8817365747031095,2.729335584259718,0.44269803633731925,36.0,117504,8.294561090561466,52.43530217649791,26.75115660557941,13.442649833033954,27.271412037037106,-0.009367585182189941,274.18951416015625,0.0009279358,0.0003,12.597388696670532,-45.42478500648781,727.0711824770327,0.2,0.0007523148148148148,670,-0.006426723312189872
0.8142361111111112,27.592592592592595,0.9277769471710003,13.91935989092973,9.121975173774471,5.058306064201938,0.0,-92.59643067999997,3.5842672331795438,17.724361044879362,16.666666666666668,0.1199867460643651,511,48,69,0.3005486769695921,1.2588565520541881,233,37.34722222222222,13.09738471715526,0.8810082975040355,2.7536464868719164,0.4439047775927919,36.0,119232,8.266049575386031,52.43309899990157,26.726472898636587,13.478568421459878,27.15567129629641,-0.003092169761657715,3033.184326171875,0.00015170706,0.0003,23.26469281161273,-45.424458553172926,7001.093802445023,0.2,0.0,680,-0.0026955278521334685
0.8211805555555556,27.175925925925927,0.9178900143161021,13.342885897273794,8.757660153082705,5.438210069120754,0.0,-93.36042918999999,3.616966124678713,17.728706968253412,17.939814814814813,0.12098673758486246,518,48,70,0.2891724326714048,1.2631562158294694,233,37.359375,12.88522574419109,0.8803158642964711,2.77796825429255,0.44020506781504454,36.0,120960,8.21986551011253,52.40287695105493,26.698799890570395,13.379556599667593,27.090567129629697,-0.01747763156890869,9.241816520690918,0.010934588,0.0003,4.978159497457522,-45.41993816517017,60.266532551800765,0.2,0.05364583333333333,690,-0.02537239931213359
0.84375,27.26851851851852,0.9215736597016057,13.417569986187347,8.793502899844455,5.438210069120754,0.0,-94.58655671999999,3.6496970082249924,17.783790034549774,17.939814814814813,0.12381075974486976,526,48,71,0.29055720369482585,1.2676921744537193,233,37.47800925925926,12.924067086342893,0.8793743698230916,2.8024277293789246,0.4407722726792592,36.0,122688,8.314383449700005,52.39404528894431,26.665253247542797,13.392353418511851,27.394386574074158,-0.0003705024719238281,3103.802490234375,0.00049996865,0.0003,16.719775024608328,-45.410120716801394,8136.474385127315,0.2,0.0015046296296296296,700,-0.004855012232265262
0.8506944444444444,27.212962962962962,0.92445125219224,13.30627588607869,8.703854929643617,5.509900719993077,0.0,-96.16427269,3.6830285397898854,17.82212157303273,18.171296296296294,0.12761282801336948,533,48,72,0.28739176702505104,1.2720504923565021,233,37.561342592592595,12.902420956435074,0.8772314398391052,2.8269830333115062,0.4485072036131647,36.0,124416,8.243327161113166,52.36543962510833,26.612585632135893,13.632612625957128,27.155671296296415,-0.00974571704864502,382.7469482421875,0.002176316,0.0003,7.590637033294748,-45.41790973522045,921.0282771357784,0.2,0.005092592592592593,710,-0.010925215970793808
0.8356481481481481,27.35185185185185,0.9248505096812437,13.507171572007264,8.839321901708537,5.339966806237984,0.0,-96.91593824,3.7155472443637043,17.746455705437015,17.592592592592595,0.12407333517197233,541,48,73,0.2920044639485025,1.276482241398186,233,37.388888888888886,12.967849670298728,0.8780054271074413,2.8513491725750986,0.4378614660444839,36.0,126144,8.272699616673554,52.35349690894386,26.63657288771488,13.30748182952756,27.24971064814819,0.0011457204818725586,3803.845703125,0.00045756274,0.0003,15.989345099307872,-45.4212055488869,7724.561747685185,0.2,0.0006944444444444445,720,-0.005107282274575145
0.8796296296296297,26.89814814814815,0.9232223099757624,13.059658066227293,8.611165304376728,5.192891383467931,0.0,-97.39792355,3.748349881668433,17.731877614012593,17.12962962962963,0.13007840176824365,548,48,74,0.2848880992044134,1.2804446132526692,233,37.36574074074074,12.748492761850565,0.8806293155227195,2.87567886661013,0.44185402013962605,36.0,127872,8.084948741793303,52.39100734296736,26.708425751572964,13.421054921891594,26.598668981481605,-0.02623450756072998,92.32672119140625,0.005612127,0.0003,6.15521924495697,-45.411049440171986,301.02549732349536,0.2,0.018865740740740742,730,-0.0169717681594193
0.8483796296296297,27.064814814814813,0.9214218805005372,13.232269129773389,8.703126265126757,5.232515968880431,0.0,-98.50391865000002,3.780917221008293,17.76367369792998,17.24537037037037,0.12455731299986901,555,48,75,0.28786437595134906,1.284987787081629,233,37.4375,12.829142864646633,0.880755998302551,2.900088050854955,0.4380234801031207,36.0,129600,8.317269531583944,52.39179370261048,26.712940725846153,13.326935735943993,27.437789351852008,-0.006665587425231934,4193.048828125,0.0007366944,0.0003,15.996428036248242,-45.400259738498264,8228.491787832754,0.2,0.0015046296296296296,740,-0.0063568728751744385
0.8587962962962963,26.666666666666668,0.9283322744837682,12.610983629523492,8.261532742260853,5.3175918590275915,0.0,-100.09587593999998,3.8138697157849757,17.90289418770018,17.47685185185185,0.12941802252661228,563,48,76,0.272756502788106,1.289629201366611,233,37.72800925925926,12.64945088726264,0.8783859917339911,2.9248452863242056,0.44374281285217176,36.0,131328,8.356565713992785,52.40765441468867,26.634768359706843,13.480997910673045,27.531828703703827,-0.009185194969177246,593.7643432617188,0.004592162,0.0003,6.444302362534735,-45.41387542442039,1348.8385181568287,0.2,0.015625,750,-0.015030147149055092
0.8449074074074074,26.546296296296294,0.9198419020017753,12.503159061180341,8.217651021540087,5.320746772568891,0.0,-101.76093770000001,3.847105153015469,17.747658039752174,17.47685185185185,0.12297815354957134,570,48,77,0.2716784763220185,1.293834161301201,233,37.38831018518518,12.585508039640255,0.8784280233044722,2.949214431423586,0.4467568280252591,36.0,133056,8.181983973835935,52.40211861435438,26.634793293535683,13.594174892197417,26.989293981481538,-0.006878972053527832,3506.82421875,0.0011843866,0.0003,13.891479926639134,-45.43695137589066,7946.1158763744215,0.2,0.0038194444444444443,760,-0.008181588137867275
0.8825231481481481,26.48148148148148,0.9258009927855276,12.169098483278773,7.917758651188852,5.340961290946697,0.0,-102.51808736000002,3.8800862237715004,17.781008486609007,17.592592592592595,0.1338929209242014,578,48,78,0.26171742707268564,1.2981790859365694,233,37.45081018518518,12.551339832089921,0.8759633984628371,2.9736669526401087,0.4442909598943513,36.0,134784,8.237969854147357,52.29798851304372,26.57084964667145,13.49242830241244,27.061631944444436,-0.01241910457611084,269.4127197265625,0.00706489,0.0003,6.774964681598875,-45.43306143018935,835.4532658329716,0.2,0.03142361111111111,770,-0.020725694395325803
0.8362268518518519,26.416666666666668,0.9171516774718291,12.192524467030387,7.966016571244562,5.353155995877189,0.0,-103.60408256999997,3.913476534420605,17.718420005654483,17.59259259259259,0.12425374949048476,585,48,79,0.2633692626167672,1.3018162427420534,233,37.326388888888886,12.526507895785825,0.8757716589124316,2.9979630026542448,0.44909105520124926,36.0,136512,7.954862722193659,52.297574307355,26.565269115021177,13.656124259641755,26.186342592592677,-0.0033875703811645508,4048.406494140625,0.0018135497,0.0003,17.691600396898057,-45.42507551687735,8651.366440610533,0.2,0.008217592592592592,780,-0.011235981287986592
0.8466435185185185,26.574074074074076,0.9221450562419384,12.301049158161725,8.01143400678629,5.1704940338128935,0.0,-105.06085438,3.9464430735766474,17.924442538492176,17.01388888888889,0.12861428919487342,592,48,80,0.26534244064398027,1.3060886117185382,233,37.770833333333336,12.589615151375435,0.8779222037678663,3.0227741090004754,0.44362772065423123,36.0,138240,8.208947590593867,52.345179297656095,26.626703757739218,13.486615662416943,27.090567129629587,-0.021727442741394043,144.9150848388672,0.01325867,0.0003,6.145274986271505,-45.42154882925528,402.83169307002316,0.2,0.08761574074074074,790,-0.03061374031283237
0.84375,26.592592592592595,0.924807384565451,12.332504331812071,8.025195531581657,5.244291779045702,0.0,-105.9681488,3.9795272299896802,17.86032732316391,17.24537037037037,0.1241498534246175,600,48,81,0.26554934719438844,1.3102955973121302,233,37.6244212962963,12.607308800230413,0.8792451425935043,3.047424927308385,0.44509100542156393,36.0,139968,8.182794237436825,52.34486934763677,26.676539493148997,13.533662565213225,26.96035879629639,-0.005026459693908691,3922.429443359375,0.0031133918,0.0003,17.356242835963215,-45.426480766578955,8624.879946108218,0.2,0.010416666666666666,800,-0.013753649335423553
0.8732638888888888,26.75,0.9199499687332127,12.161989185725831,7.781162384211929,5.2732219965796165,0.0,-106.86289175000002,4.0123666725100415,17.77088540113858,17.36111111111111,0.13174840207886823,607,48,82,0.257527708187552,1.314606766620659,233,37.454861111111114,12.680826801513902,0.8772956942869422,3.0718521408112314,0.4423476282635955,36.0,141696,8.224467723411479,52.26025723035669,26.610031325591944,13.43577700814438,27.04716435185185,-0.010065317153930664,363.4014892578125,0.011403436,0.0003,6.823693918629929,-45.43749453226725,826.3350841380932,0.2,0.06944444444444445,810,-0.02755498585153233
0.8356481481481481,26.916666666666668,0.914726803283319,12.499934451609754,8.04646633262094,5.296728930871649,0.0,-107.80991349999998,4.045020739119955,17.81246058505088,17.47685185185185,0.1202975345527442,615,48,83,0.26623431507720347,1.319400069250258,233,37.54340277777778,12.753468118988813,0.875710143863326,3.096383292273859,0.43980595701319514,36.0,143424,8.417321051839641,52.2310855991945,26.56591657896369,13.36162664396526,27.70543981481485,-0.0015184879302978516,3683.12451171875,0.0038876873,0.0003,13.353289794921874,-45.44178099455657,7800.07163990162,0.2,0.01412037037037037,820,-0.015885625482985267
0.8495370370370371,25.85185185185185,0.9265538663209644,11.176484975500196,7.22558742493668,5.7201196211553516,0.0,-108.81997276000001,4.077785972411813,17.814954675741106,18.86574074074074,0.12589804177268588,622,48,84,0.23908698786848356,1.3238914226757938,233,37.542245370370374,12.250897550563517,0.876483935549423,3.1209206789632113,0.4409303247798419,36.0,145152,8.296541370214339,52.2830356735046,26.60775089153424,13.406093316743243,27.34375000000008,-0.013684749603271484,56.16182327270508,0.01973461,0.0003,5.123971120516459,-45.44029601768211,204.21231943766276,0.2,0.17378472222222222,830,-0.03768664585012529
0.8559027777777778,25.675925925925924,0.9256333837117763,11.073344231468564,7.205180935539801,5.522906522481011,0.0,-109.82891168,4.110718950287155,17.787126276425536,18.171296296296294,0.12789216703324477,629,48,85,0.23814123495245718,1.328517130789244,233,37.482638888888886,12.168163295928762,0.8750180691310375,3.1453884946542754,0.4440109360466557,36.0,146880,8.350283245380046,52.28535406438177,26.571436543343662,13.473191150136946,27.481192129629648,-0.0014712810516357422,3787.044677734375,0.0061931717,0.0003,12.352203124099308,-45.45478545294868,7984.320936414931,0.2,0.026331018518518517,840,-0.019001608376425727
0.8657407407407407,26.064814814814813,0.9268867388762234,11.311776110347553,7.240593929932788,5.386467059326921,0.0,-111.25848518000002,4.143653988152707,17.82801349361506,17.708333333333332,0.1304037199564503,637,48,86,0.23852066808520367,1.3331716565452485,233,37.5931712962963,12.371182180414765,0.8703660772142053,3.169958528388313,0.44322002051589027,36.0,148608,8.361810302401802,52.1285829258795,26.418671216628837,13.474015146220772,27.575231481481563,-0.010424137115478516,304.236328125,0.014167476,0.0003,5.706055305511863,-45.44040429857042,724.7642338505498,0.2,0.11765046296296296,850,-0.03149813222181466
0.8379629629629629,27.287037037037038,0.9244715951729764,12.686962000121916,8.056091442300067,5.372404929968918,0.0,-112.00383291999998,4.17601064843497,17.76299233707676,17.708333333333332,0.12179586453621985,644,48,87,0.2663888280926557,1.3380699255926476,233,37.44444444444444,12.93087055782185,0.8786590170780585,3.194366009231005,0.43670866880313414,36.0,150336,8.459307618959626,52.28159969291972,26.67431219729176,13.242664112905578,27.85734953703712,-0.001601576805114746,4095.68701171875,0.007203992,0.0003,12.29695583096257,-45.450026731137875,7934.470314308449,0.2,0.03501157407407408,860,-0.022612737308911703
0.8310185185185185,26.64814814814815,0.9150711374947155,11.858840240786845,7.5228245039477555,5.059005028829462,0.0,-112.68475971999999,4.208502394545301,17.7899239572609,16.666666666666668,0.12336688579911888,652,48,88,0.2486738417700279,1.3427236606811503,233,37.48726851851852,12.63601573683909,0.8701843199857816,3.218840819124157,0.43780023026682885,36.0,152064,8.361494035401122,52.15721282307399,26.42206008905706,13.296698444132124,27.481192129629694,-0.022167682647705078,30.09659194946289,0.030575735,0.0003,4.701874779551117,-45.421108669704864,112.1305911735252,0.2,0.2708333333333333,870,-0.04513757778849039
0.8611111111111112,27.055555555555557,0.9235969181208348,12.399255185515148,7.874364062181613,4.961246744937064,0.0,-113.68873966999999,4.241071165348178,17.780554112433926,16.319444444444443,0.1293989426657904,659,48,89,0.2602471828300383,1.346812655370684,233,37.4681712962963,12.824891123333535,0.870759224823388,3.243292204405242,0.43842657965321447,36.0,153792,8.135597875813456,52.15044807055826,26.438603885982655,13.327508321150953,26.793981481481516,-0.005333662033081055,3503.6357421875,0.007614166,0.0003,14.92658025511989,-45.41723324811017,7946.293145978009,0.2,0.04033564814814815,880,-0.019627191554065105
0.8472222222222222,26.787037037037038,0.9146648806607209,12.108982516364676,7.69637811039258,5.055378662087375,0.0,-115.26792087999998,4.273966460613892,17.768212015189587,16.666666666666668,0.1274700413009433,666,48,90,0.2536006473682958,1.3515131701131409,233,37.43518518518518,12.712604405972096,0.8725260365273845,3.267712734443216,0.4427818522742654,36.0,155520,8.380205896982755,52.24428751876144,26.48597572519291,13.458118106285752,27.55353009259273,-0.006886482238769531,140.31707763671875,0.020934738,0.0003,5.544187282136193,-45.41769688924153,379.9157266687464,0.2,0.2021412037037037,890,-0.039831622714107784
0.8362268518518519,26.73148148148148,0.9098459727719522,12.043738869566614,7.666591504921802,4.911753803415479,0.0,-116.48935820999999,4.306394074492317,17.766033889863255,16.203703703703706,0.12369592312633082,674,48,91,0.25274964563529073,1.3562356455055056,233,37.44675925925926,12.677147364644812,0.8764556686622701,3.2921278191678742,0.43676821105135594,36.0,157248,8.38899015694586,52.260425522828236,26.599601631386133,13.271045551370214,27.618634259259395,-0.0007241964340209961,3680.094482421875,0.0096143745,0.0003,12.004074687427945,-45.39173018844039,7628.001557074653,0.2,0.06556712962962963,900,-0.02720523807392628
0.8622685185185185,26.212962962962962,0.9226864053609148,11.425127236030015,7.294978513189072,4.980998454005893,0.0,-116.04431651000003,4.338003402962286,17.635691727136855,16.435185185185187,0.13449506860285354,681,48,92,0.24060537258097678,1.3612445070467998,233,37.154513888888886,12.430148722840942,0.8760410583385129,3.3162170484857163,0.4254944933879386,36.0,158976,8.503544616517663,52.33384480792858,26.606431003715524,12.943731387987754,27.973090277777846,-0.012058258056640625,4.5047407150268555,0.055326432,0.0003,3.910377731560557,-45.32615872135869,22.777716860947784,0.2,0.40318287037037037,910,-0.044742965070461785
0.8385416666666666,28.166666666666668,0.924199790737181,13.868941054577178,8.81362279517467,4.554897654982888,0.0,-117.03323831999998,4.370826995274204,17.81216623336913,15.046296296296298,0.12745074808555304,688,48,93,0.2904167124412656,1.365261685323185,233,37.5306712962963,13.355318259402509,0.8774347199652265,3.340747464069139,0.44190697074286306,36.0,160704,8.106871310554027,52.33424757752815,26.65349670947775,13.42943692476711,26.736111111111185,-0.0011240243911743164,3105.915771484375,0.019894825,0.0003,12.455034543849804,-45.31096418875235,7248.217583550348,0.2,0.32864583333333336,920,0.013571669113028933
0.8292824074074074,27.555555555555554,0.9166117968762387,13.172009169923474,8.409783601575596,4.27026228027243,0.0,-118.24513610999999,4.40278724528795,17.66659311147486,14.120370370370372,0.1231192710707981,696,48,94,0.2772789326288671,1.369789636729802,233,37.235532407407405,13.062225568347879,0.8758870331200651,3.364913946847826,0.4305637347466259,36.0,162432,8.311180562646788,52.34423799965678,26.589241848239215,13.084100005498662,27.39438657407418,-0.028330326080322266,61.348758697509766,0.017773231,0.0003,4.979969131118722,-45.32328960277416,200.8143266465929,0.2,0.1388888888888889,930,-0.034228112314034394
0.8420138888888888,27.564814814814813,0.917045811890908,13.120231445511175,8.35052835348612,4.2152826592936705,0.0,-119.61307402999999,4.435262477822214,17.824257408401035,13.888888888888891,0.12770950840188589,703,48,95,0.2754283522170754,1.3748184102595644,233,37.5625,13.069703092025057,0.8759374050347324,3.3894745903688284,0.4374563119685617,36.0,164160,8.511509411905006,52.356668715852315,26.597080591598985,13.290093013705606,28.059895833333414,-0.00019276142120361328,3763.29443359375,0.0035798873,0.0003,12.821007569189424,-45.3385989718967,7893.072469979746,0.2,0.009953703703703704,940,-0.013493834135846958
0.8732638888888888,26.925925925925924,0.926643108212087,12.217152996353132,7.7481684733244585,4.211068137212444,0.0,-121.93138885999998,4.468394002061754,17.876555175235822,13.888888888888891,0.13475567203489777,710,48,96,0.25487299958849846,1.3785878735710622,233,37.67418981481482,12.768984523028672,0.8724342628441314,3.414165978306918,0.44617098125240384,36.0,165888,8.007785324599102,52.20854980452893,26.49912760754748,13.552609695816288,26.425057870370434,-0.007094860076904297,15.264780044555664,0.022626337,0.0003,4.301282267907151,-45.346179227475766,88.34295635929814,0.2,0.21226851851851852,950,-0.037681679215489164
0.8472222222222222,27.194444444444443,0.9257812086122613,12.713334940111867,8.116085284595611,4.109171564099941,0.0,-122.50335618000001,4.500909948363479,17.76989049622092,13.541666666666666,0.1269213160117869,718,48,97,0.2671499457718582,1.3827226416446639,233,37.44675925925926,12.897249655516257,0.8764646310443277,3.43859070454747,0.43767154546139886,36.0,167616,8.153907229440675,52.30374563476206,26.625999389650104,13.306378520690195,26.822916666666718,-0.010186195373535156,5620.1669921875,0.0043861456,0.0003,26.126337484077172,-45.36130903738516,10766.610550491898,0.2,0.013831018518518519,960,-0.013844317728998485
0.8287037037037037,27.453703703703706,0.9208530241313498,13.299690443571222,8.586121362363153,3.958952028678111,0.0,-122.95305583000001,4.53324548677112,17.739439307854276,13.078703703703702,0.12354044831890368,725,48,98,0.28256056002646485,1.387301560943907,233,37.38773148148148,13.01356908120807,0.8783356500746664,3.462939302817106,0.435698736402382,36.0,169344,8.331567719697222,52.25812029516379,26.67668665413099,13.234215363056242,27.48842592592594,-0.01746499538421631,98.96466827392578,0.02239679,0.0003,5.033508828006409,-45.37485060515227,236.8014684041341,0.2,0.20104166666666667,970,-0.04102598910599395
0.8148148148148148,28.240740740740744,0.9206031895978255,14.170809365247278,9.09154510493995,4.130418715324719,0.0,-123.87859150000003,4.565548514159152,17.742378707388998,13.657407407407407,0.11979703947458652,732,48,99,0.29945445192869385,1.391802387043474,233,37.388888888888886,13.379264260307329,0.8783524719612235,3.4872952495855785,0.4350609206341255,36.0,171072,8.30033043982673,52.20383305926154,26.670412610488587,13.221210955212717,27.36545138888896,-0.006737709045410156,3497.3828125,0.0062787356,0.0003,11.59180159303877,-45.37663723980939,7453.9949634693285,0.2,0.02621527777777778,980,-0.02024283611767546
0.8559027777777778,26.527777777777775,0.9298983011480634,11.980983833030063,7.696048634849395,4.55544976847117,0.0,-123.62838214000001,4.597125921875217,17.590737910385478,15.046296296296296,0.13133859097102496,740,48,100,0.2528041552980766,1.3960670070324446,233,37.07465277777778,12.584935198180668,0.8636047294325362,3.511272094361542,0.4258741191107997,36.0,172800,8.20584799558826,52.03088886543873,26.238692739638566,12.930963086426003,26.989293981481588,-0.017493844032287598,1.0260343551635742,0.059933275,0.0003,3.527036874492963,-45.284421624077694,4.091356880576522,0.2,0.441087962962963,990,-0.036633323653842566
0.8622685185185185,26.62037037037037,0.9255785866042532,12.058467407197776,7.724446315230963,4.806391839016002,0.0,-124.2758457,4.629313988111084,17.71949239174535,15.856481481481481,0.13288839150065207,747,48,101,0.2537412172048017,1.4005595692830988,233,37.342013888888886,12.634021091966813,0.8630142367486049,3.5355708253409053,0.4337367737045379,36.0,174528,8.297024900261674,52.02022056579375,26.23236143001914,13.175226494346695,27.30034722222234,-2.5272369384765625e-05,1191.33544921875,0.004808258,0.0003,3.9611690801602824,-45.28740353054471,3096.2667860243055,0.2,0.03871527777777778,1000,-0.005699449272274419
0.8518518518518519,26.111111111111114,0.9203710193558643,11.481326123601244,7.390907545161158,4.876284787236982,0.0,-125.92800726,4.661306138450966,17.62673794831991,16.087962962962962,0.1298397870360495,754,48,102,0.2429435313303029,1.4047161339214775,233,37.161458333333336,12.390418578440086,0.8646811085000349,3.559637670211705,0.4312105193910811,36.0,176256,8.162625855351534,52.02467547951807,26.279949465461044,13.096860135952694,26.9314236111112,-0.00597071647644043,243.52294921875,0.0024557204,0.0003,12.119982699111656,-45.28394803647642,631.228128390842,0.2,0.005381944444444444,1010,-0.010568947019055485
0.8379629629629629,26.13888888888889,0.9244903211295298,11.507961208296305,7.409870032159852,4.844199656161767,0.0,-126.36047135999999,4.6930387859005105,17.583352523074414,15.972222222222221,0.12648550584912108,762,48,103,0.24392801532293729,1.4093356942598456,233,37.07233796296296,12.398091176136452,0.8633790251667016,3.5835960515193914,0.4281360618872735,36.0,177984,8.347824135347242,52.022321384396946,26.234921527492293,12.993058979817848,27.47395833333344,-0.001553654670715332,3300.908447265625,0.00043579447,0.0003,17.639443150273078,-45.27706262094003,7079.052891710069,0.2,0.0006944444444444445,1020,-0.0052461943485670615
0.8466435185185185,25.574074074074076,0.9268387027179879,10.819485140932088,6.990009898209903,5.043272379195316,0.0,-127.76569686,4.7252768243537755,17.67090425153676,16.666666666666668,0.1316404937735909,769,48,104,0.22993786475937802,1.4138495415428147,233,37.23726851851852,12.129475242722185,0.863445408441735,3.6077733121482334,0.434467825946581,36.0,179712,8.30553891318763,52.07650880586692,26.23015744249369,13.195215381306111,27.34375000000002,0.007282137870788574,5.887026786804199,0.03738725,0.0003,5.799248437141931,-45.263196521335175,25.03336757377342,0.2,0.13877314814814815,1030,-0.029966027965700186
0.8258101851851852,25.657407407407405,0.9248298546992154,10.905725558503436,7.035636282925142,4.955184392700685,0.0,-128.98752606,4.757022964820458,17.6505621428285,16.319444444444443,0.1253574477664205,776,48,105,0.23157561402238588,1.4186996498307687,233,37.210648148148145,12.170089275578293,0.860750682990098,3.6318997175053047,0.42759522848519715,36.0,181440,8.440043315181581,52.03791527585082,26.157029814392583,12.998456186673051,27.821180555555653,-0.006601929664611816,407.5046081542969,0.0051508136,0.0003,25.781666195834124,-45.2686115971318,1007.2220104076245,0.2,0.04282407407407408,1040,-0.009071298888712017
0.8368055555555556,25.75,0.9201773855216793,11.010300792476642,7.095923399928974,4.917348349893655,0.0,-129.56261643999997,4.788824466023249,17.562503225405397,16.203703703703706,0.12785085705280938,784,48,106,0.23356367466502462,1.4235185256311695,233,37.0005787037037,12.214377392547666,0.8622021037076905,3.655805975568818,0.4282208602374385,36.0,183168,8.427550320160341,52.07507045825155,26.198830168540265,13.020600481116345,27.74884259259263,0.0024202466011047363,2333.037841796875,0.0008128542,0.0003,14.608182704007184,-45.26285168683087,5042.69326171875,0.2,0.0009837962962962962,1050,-0.0063882329656432075
0.8726851851851852,26.009259259259256,0.9238893626869839,11.366820286409741,7.329632302092727,5.356352070843667,0.0,-129.62478918,4.820189095429034,17.504422071123415,17.708333333333332,0.13541748660069697,791,48,107,0.2411964671836726,1.4283984422251141,233,36.894675925925924,12.337187984317014,0.8647961148652522,3.6795670307466266,0.422676362220243,36.0,184896,8.451966637577856,52.12445959556329,26.279641425116612,12.845851762313764,27.857349537037155,0.015067100524902344,1.2523243427276611,0.03141461,0.0003,10.832157966936077,-45.204962793986006,17.688974747834383,0.2,0.2041087962962963,1060,-0.03885933487952031
0.8258101851851852,25.65740740740741,0.9130658841744599,10.894263918088445,7.023614319576474,5.419183495731055,0.0,-130.88919426,4.851934359034503,17.57072751487058,17.939814814814813,0.12897857655238923,798,48,108,0.23087136890178508,1.4328781175359864,233,37.03125,12.17064959851197,0.8661970107616535,3.7034938495338032,0.4277416991584739,36.0,186624,8.291870124348899,52.1607639703584,26.322421505543144,12.99810544218788,27.32204861111116,0.012552142143249512,3335.763671875,0.0053881262,0.0003,14.516324422536073,-45.205999572188766,7040.686966507523,0.2,0.054050925925925926,1070,0.0030512714517061355
0.8657407407407407,24.73148148148148,0.9259870553901531,10.128994389672664,6.702128666749522,5.205182950272928,0.0,-131.61063605,4.88321267400646,17.47025984387039,17.24537037037037,0.13800520756255105,805,48,109,0.22034526169898982,1.4377697690460842,233,36.817129629629626,11.726865722923142,0.863828273663891,3.7271694991434794,0.42136811887162823,36.0,188352,8.456660604039158,52.1341385234835,26.253420599633,12.811325988782558,27.886284722222314,-0.009137868881225586,71.82382202148438,0.009021382,0.0003,11.609509438938565,-45.18466100339536,207.8579748083044,0.2,0.04780092592592593,1080,-0.02319400750566274
0.8449074074074074,24.592592592592595,0.9276986624807378,10.014811151097193,6.65670608062864,5.272663680570273,0.0,-131.75244783999997,4.914567514267248,17.43339999631193,17.47685185185185,0.13172562308718877,813,48,110,0.21905995212367602,1.4427526791475977,233,36.73148148148148,11.658105070468553,0.8665490907935206,3.750752999134259,0.42244453897420436,36.0,190080,8.49316404060542,52.157861480582426,26.32886182084089,12.841936104315264,27.987557870370466,0.004569053649902344,3777.01123046875,0.0010768856,0.0003,18.20997756852044,-45.200178654988605,7804.2366066261575,0.2,0.0009837962962962962,1090,-0.006904970494926803
0.8576388888888888,24.537037037037038,0.9239067634858681,9.693328452771127,6.3651952353965555,6.294718961829517,0.0,-133.01304528,4.945910781439652,17.50487042552278,20.833333333333332,0.13246864531957317,820,48,111,0.20914475403309152,1.447694152419385,233,36.88773148148148,11.62813321737457,0.870707391512747,3.7745151751980663,0.4225206331816255,36.0,191808,8.476589308714892,52.25431887686495,26.43703205770503,12.837306868961535,27.871817129629758,-0.00731050968170166,2.23482346534729,0.03588045,0.0003,11.871275178370652,-45.166403494940866,19.924916738933987,0.2,0.234375,1100,-0.03927567588786284
0.8466435185185185,24.138888888888886,0.9177495777756723,9.340378464454759,6.186971008164342,6.149228448507555,0.0,-133.82835114,4.976903430019338,17.383134541480814,20.37037037037037,0.13228906184098296,827,48,112,0.202877408205998,1.4535520609655377,233,36.63483796296296,11.453407456290416,0.8692087120071424,3.7979730115517683,0.4176611066148759,36.0,193536,8.843163418461094,52.244933771184115,26.39258236600058,12.69705943187441,29.072627314814937,0.001988530158996582,3415.5498046875,0.0064561698,0.0003,17.43814225152687,-45.19130417152687,7586.775466579861,0.2,0.0798611111111111,1110,-0.003340407650641821
0.8402777777777778,23.65740740740741,0.9196154142445344,8.644633530419139,5.736274123400865,6.056946262004371,0.0,-134.30483698,5.007790871691344,17.38297775977795,20.02314814814815,0.12872830523499748,835,48,113,0.18857196565365697,1.4589505378498764,233,36.62152777777778,11.208359407018273,0.866197693934121,3.821430455951213,0.41628783772764677,36.0,195264,8.659390753735442,52.196217755595114,26.305889790282787,12.65497666880212,28.52285879629641,0.0235750675201416,3.198554039001465,0.044443455,0.0003,10.644386564802241,-45.125739683928316,18.50113712063542,0.2,0.25711805555555556,1120,-0.04244046305582203
0.8379629629629629,23.48148148148148,0.919823559224114,8.455495043068026,5.623672253075557,5.846916967438403,0.0,-135.29428737,5.038995654567792,17.373895243428546,19.328703703703706,0.13141769350317378,842,48,114,0.1845467136497658,1.4641640713774544,233,36.60648148148148,11.13182278999247,0.8672730942388717,3.8448651940597847,0.4199638041592596,36.0,196992,8.585413411031253,52.216968994153376,26.33575417638279,12.781913150579129,28.276909722222353,0.003661513328552246,3292.016845703125,0.004914505,0.0003,15.86656289630466,-45.10905480561433,6791.0244104456015,0.2,0.04780092592592593,1130,-0.0022415550994790263
0.8420138888888888,23.324074074074076,0.9132917242652313,8.286692238416336,5.5394390166051695,5.529161338213414,0.0,-136.77651018,5.070139842914839,17.37612667535458,18.287037037037038,0.13227692171430455,849,48,115,0.18233221111410125,1.4694583500747016,233,36.63078703703704,11.047253221811166,0.8667360251245778,3.868305510748171,0.42005319381150863,36.0,198720,8.61771147889892,52.21132110486391,26.32886032501148,12.757675338819112,28.38541666666685,0.0023652315139770508,9.709367752075195,0.020167843,0.0003,12.297133829858568,-45.08059433831109,48.55021680196126,0.2,0.16712962962962963,1140,-0.03914291571687769
0.8622685185185185,23.39814814814815,0.9313589388096898,8.484152120148593,5.686845742481116,5.491371230516235,0.0,-136.95337658,5.100850440517563,17.276634739859194,18.171296296296294,0.13990246194186537,857,48,116,0.18643412874145557,1.4746478580241102,233,36.4212962962963,11.097306377667477,0.8655771639662739,3.8914970975978194,0.41441038851531514,36.0,200448,8.575803179763492,52.18084500471641,26.298894769974595,12.58423904108957,28.190104166666735,0.007534027099609375,4016.3359375,0.0015171682,0.0003,18.669568764721905,-45.074546559651694,7746.858600983796,0.2,0.005439814814814815,1150,-0.007492278566308044
0.8489583333333334,23.435185185185187,0.923152702401651,8.43316726686249,5.6205154906530295,6.2625049274727695,0.0,-136.63808390999998,5.131517501096806,17.237393061898747,20.71759259259259,0.13809615031455547,864,48,117,0.18478715975882967,1.4800505115084195,233,36.33738425925926,11.11265177620946,0.872536289721353,3.9145905802525665,0.4133670196355124,36.0,202176,8.661061393723706,52.28514546035174,26.484986985883832,12.566824231697096,28.58072916666673,-0.04933297634124756,17.65223503112793,0.03831366,0.0003,11.968773151106305,-45.07691168608489,45.64959062646936,0.2,0.2683449074074074,1160,-0.04165019410386406
0.8344907407407407,23.416666666666668,0.9235503744584466,8.390405669174873,5.587489257840846,6.302455281196476,0.0,-138.15361304,5.162284049188977,17.303148946767895,20.833333333333332,0.13218963501475936,871,48,118,0.1836451563334367,1.4855496886531427,233,36.46875,11.102916411334027,0.8721033014858155,3.937848452619486,0.41520841116132384,36.0,203904,8.699670857889343,52.2640836201939,26.476973337013565,12.606619236868239,28.587962962962955,0.0049304962158203125,4042.107177734375,0.0062514315,0.0003,23.838583068494444,-45.066812147917574,7956.2305284288195,0.2,0.07945601851851852,1170,-0.007181359023821575
0.8478009259259259,22.84259259259259,0.9152601356044981,7.863630641332317,5.332983319217664,6.363386667273079,0.0,-137.96008731999999,5.192046666422346,17.047498700321928,21.064814814814813,0.13564115014877398,878,48,119,0.1751567002995884,1.4912497898353054,233,35.921875,10.830647322114652,0.8674701481086292,3.960467199370291,0.4015512431906991,36.0,205632,8.780040472865062,52.093957403926744,26.32876992278135,12.205046893347491,28.927951388888985,0.1432444453239441,0.7896847724914551,0.053464815,0.0003,12.703164312298652,-44.964258886266634,5.122063671218024,0.2,0.45850694444444445,1180,-0.04639318369122015
0.8541666666666666,22.87037037037037,0.9298106957216565,7.835555489074788,5.288745141972168,6.3922722311672375,0.0,-137.72012288999997,5.2221736179346925,17.13960086733724,21.180555555555557,0.1392963810062952,886,48,120,0.1734785591764901,1.4970990689090102,233,36.117476851851855,10.84681034710262,0.8662948247944922,3.983316201538634,0.40660176819986094,36.0,207360,8.839711629481924,52.08965289009112,26.297684333298278,12.350780604938416,29.065393518518594,0.030868470668792725,307.831787109375,0.0033314468,0.0003,12.884165516826842,-44.963105321813515,837.3038436324508,0.2,0.01105324074074074,1190,-0.009598874295544292
0.8420138888888888,22.935185185185187,0.920070435542465,7.818306089491969,5.247571012135029,6.398429306423751,0.0,-139.72050351,5.252659411786851,17.176833328654006,21.180555555555557,0.13169610421463526,893,48,121,0.17262560701154558,1.5024400136260594,233,36.21296296296296,10.87073507735694,0.8624307329488774,4.0062582848602695,0.41134637152807113,36.0,209088,8.636377886819629,52.03585641452929,26.19101784924951,12.494317540863422,28.457754629629694,-0.017660856246948242,314.6344909667969,0.0021060205,0.0003,36.27542760637071,-44.99483481513129,826.4488575122974,0.2,0.002662037037037037,1200,-0.009888523930890692
0.8478009259259259,23.203703703703706,0.9186459461509514,8.116212841041456,5.384620902425039,6.531241380176447,0.0,-141.29033018,5.283324269916075,17.198194188168127,21.64351851851852,0.13193980302386782,900,48,122,0.17713176691234436,1.5075028878845316,234,36.223379629629626,11.000350558439969,0.8665020650470422,4.02925377033069,0.413456645184661,36.0,210816,8.52514970338886,52.16145916411409,26.306630428846272,12.565943251689495,28.038194444444482,0.013671576976776123,1604.94580078125,0.0013685579,0.0003,18.90564596299772,-44.992402451126665,3589.154210973669,0.2,0.0017939814814814815,1210,-0.008075959281995893
0.8483796296296297,22.166666666666668,0.9214827091695783,6.658728602716268,4.44430175292077,6.4942013661521,0.0,-142.37694621,5.313843569935745,17.24142894518907,21.527777777777775,0.13509114310976542,908,48,123,0.14555014558315446,1.5127742935317303,234,36.32118055555556,10.514426849795498,0.8653618662356238,4.0523573426936625,0.4113827971740605,36.0,212544,8.608562258879454,52.221842940326646,26.3272209795412,12.507720007868178,28.334780092592627,0.09705829620361328,15.489449501037598,0.025681626,0.0003,21.309820302327473,-44.984884403370046,18.854273124977393,0.2,0.17372685185185185,1220,-0.034831103956740765
0.8200231481481481,22.13888888888889,0.9130423678462555,6.646171328675682,4.444415643637003,6.470185127390198,0.0,-143.1240339,5.344257310239437,17.254007353082088,21.412037037037038,0.1254039824402949,915,48,124,0.14566754635971335,1.5182412878472815,234,36.3587962962963,10.50175568503868,0.8632363484885784,4.075492361076368,0.40990190287962697,36.0,214272,8.686797726220519,52.21942128718206,26.236874360676314,12.465496121476491,28.62413194444446,0.0057181715965271,3187.28125,0.002416222,0.0003,25.827591002428974,-44.99180186236346,6333.258329716436,0.2,0.013368055555555555,1230,-0.004664540690956292
0.8512731481481481,22.5,0.9155383549727281,6.865344132583915,4.503296001856638,6.268947552905186,0.0,-144.05646126,5.374560550568403,17.15542619522148,20.717592592592595,0.13737764537507152,922,48,125,0.14814573191393246,1.5237998551803695,234,36.15914351851852,10.662048130727277,0.8611338520738553,4.098380926564421,0.408840446252123,36.0,216000,8.723426933235247,52.13261157464657,26.17299440377181,12.421296131586608,28.696469907407472,0.06122016906738281,32.660362243652344,0.020580197,0.0003,21.067473317296418,-44.97015889485677,50.1474027633667,0.2,0.15868055555555555,1240,-0.03755301585145019
0.8605324074074074,22.287037037037038,0.9206821827472363,6.569955855557522,4.305377708155377,6.274716347249492,0.0,-144.67955063000002,5.404805311589952,17.173607469471346,20.71759259259259,0.13528288904820854,929,48,126,0.14155162010993227,1.5292363467100067,234,36.19386574074074,10.564578147402145,0.8606601630825783,4.121314945238099,0.407924351907999,36.0,217728,8.674596611854893,52.12950177264462,26.15978883155476,12.39790440861943,28.559027777777768,0.01979076862335205,3062.534912109375,0.001534041,0.0003,25.51060215808727,-44.98245270340531,7375.897600188078,0.2,0.003125,1250,-0.007910808417256231
0.8778935185185185,22.425925925925924,0.9209468400157929,6.781127204897036,4.445631824684937,6.3755301810630485,0.0,-145.60097462,5.435249916614745,17.14725781351157,21.064814814814813,0.1454179421833499,937,48,127,0.1458712855652784,1.534869426236833,234,36.136574074074076,10.635495380212099,0.8589975124522858,4.144183089771878,0.4104214562826425,36.0,219456,8.753231810730481,52.10447548185547,26.103331715564966,12.477842009917223,28.86284722222222,-0.022737860679626465,43.85685729980469,0.013502472,0.0003,21.781467371516758,-44.97649489508735,123.79255200138799,0.2,0.10028935185185185,1260,-0.03127185188026892
0.8553240740740741,22.5,0.9237052420906553,6.826747826932537,4.424007470716704,6.545382761692874,0.0,-146.1825564,5.465266763568023,17.074009068788154,21.64351851851852,0.13720989483617985,944,48,128,0.14568122667343017,1.5406734072653505,234,35.98668981481482,10.657357594522958,0.8615860171418563,4.166868112443848,0.4049913285785441,36.0,221184,8.821592411407016,52.129208538467886,26.193455063216707,12.306738781311326,29.07262731481489,0.012615680694580078,3762.2138671875,0.0019366876,0.0003,23.116671287571943,-44.97037702489782,7648.5678747106485,0.2,0.005902777777777778,1270,-0.010718595412456327
0.8200231481481481,22.583333333333332,0.9138860440890101,6.896433286896446,4.486292475599712,6.420350365867527,0.0,-145.92068313,5.4950344483836675,16.998344419701443,21.180555555555557,0.12891935063194343,951,48,129,0.14726756230567983,1.5465982974516794,234,35.80613425925926,10.710140811296734,0.8666153021222578,4.189363973493101,0.4016883107113551,36.0,222912,8.869956074531586,52.18017975707562,26.371056123928202,12.207073926258053,29.188368055555593,-0.007100224494934082,125.52523803710938,0.011783646,0.0003,22.32457401112274,-44.955787927133066,313.8000700208876,0.2,0.0869212962962963,1280,-0.030282669235020876
0.8454861111111112,22.86111111111111,0.9165948510383148,7.149620367878077,4.6090019857461195,6.460375199617527,0.0,-147.10640188999997,5.52506619564871,17.11667761620745,21.296296296296294,0.13516843401438428,958,48,130,0.15163413864106437,1.5524256082254415,234,36.054976851851855,10.840618382131957,0.8665671252988268,4.2121556675336205,0.4047497976254898,36.0,224640,8.830924309504864,52.196679361499434,26.367389229392675,12.312698906017154,29.065393518518583,0.01265484094619751,3504.427001953125,0.0023059826,0.0003,23.01341584214458,-44.960521895797164,7475.376951316551,0.2,0.0060185185185185185,1290,-0.01086882080330893
0.8483796296296297,22.972222222222225,0.9263785626785692,7.416292755392434,4.449379769756454,6.873990821070254,0.0,-148.91637379,5.55531815556277,17.185494967553737,22.68518518518518,0.13512815586687252,966,48,131,0.14610211008638377,1.5582572357721811,234,36.21875,10.892922164565727,0.8633868170900055,4.2351194049525045,0.4083664253348486,36.0,226368,8.832651018695815,52.1392209265004,26.25070020846014,12.400783965623864,29.036458333333286,-0.01578044891357422,74.05895233154297,0.014910861,0.0003,22.22826560581172,-44.97249618812844,206.57921945077402,0.2,0.12922453703703704,1300,-0.03386270320387902
0.8269675925925926,23.157407407407405,0.9210451943701905,7.633245369011509,4.601214095909097,6.865730267084715,0.0,-150.42850372,5.585648803004496,17.19266063707753,22.685185185185187,0.13088540323143338,973,48,132,0.15187737550075897,1.5639562499924435,234,36.230324074074076,10.966301006017696,0.8661652684555019,4.258101056545199,0.4091965214542653,36.0,228096,8.779605688104965,52.18601916469714,26.337748660471977,12.43225897669022,28.93518518518521,0.0033941268920898438,3512.7734375,0.0028358297,0.0003,22.497033103748603,-44.98342803672508,7611.148909505208,0.2,0.005439814814814815,1310,-0.010352814294121883
0.8466435185185185,23.277777777777782,0.9169776306149477,7.5818554074685,4.687969042719284,6.655465610086087,0.0,-151.0814826,5.615726771567137,17.14522607460398,21.990740740740744,0.13364059220317437,980,48,133,0.15370553755891803,1.5696343278090648,234,36.123842592592595,11.038420754663129,0.8644104168977774,4.280964121731708,0.40546347366045615,36.0,229824,8.771231126648502,52.13623494126142,26.280230693299035,12.331187425056385,28.89178240740743,0.0012028813362121582,80.50689697265625,0.017351838,0.0003,22.008843547326546,-44.96709680910464,241.63321182816117,0.2,0.16527777777777777,1320,-0.03884315163035084
0.8530092592592593,23.13888888888889,0.9263330341251097,7.256930439555792,4.5843328817620534,6.524791750048745,0.0,-151.63589804,5.6457522292074875,17.229998257872705,21.527777777777782,0.1349041130276337,987,48,134,0.15171442372047364,1.5750297146823224,234,36.313657407407405,10.947805807744993,0.8557514002376309,4.30403911737639,0.4052849332628153,36.0,231552,8.658154749303085,52.05864562409835,26.007580472830792,12.310183056140433,28.479456018518544,0.011061549186706543,2964.1728515625,0.0052184123,0.0003,21.415852676276806,-44.99124582078722,7729.067876519097,0.2,0.019675925925925927,1330,-0.016423397431908935
0.8466435185185185,22.805555555555557,0.9249024442823012,6.9340870981047225,4.319918134339279,6.588133648700752,0.0,-152.65773857,5.675903716153461,17.186904017423092,21.759259259259256,0.13245019010348558,995,48,135,0.1411201407953098,1.5808463260895917,234,36.20659722222222,10.826035315064692,0.8601476284294399,4.327006377419948,0.406608232578903,36.0,233280,8.826644562907696,52.13540981773709,26.145832211731754,12.360594778389292,29.036458333333375,-0.005518317222595215,83.74149322509766,0.019071437,0.0003,22.54759207588655,-44.98219182049787,205.73914184570313,0.2,0.18709490740740742,1340,-0.03750666838346256
0.8478009259259259,22.555555555555554,0.9178703796656519,6.63540234891569,4.234845623019095,6.482219148315714,0.0,-153.33142542999997,5.705814416804466,17.015090194492434,21.412037037037038,0.13283710995089734,1002,48,136,0.13850809414724333,1.586755590478881,234,35.86284722222222,10.700556725896595,0.8595954362751131,4.3495441029061785,0.40335099346273157,36.0,235008,8.86370575571573,52.1225170469826,26.128647350459996,12.264280260401842,29.195601851851908,0.007148325443267822,3185.398681640625,0.006047387,0.0003,20.41212840521777,-44.977921365808555,7768.987075014467,0.2,0.02644675925925926,1350,-0.018467806170142636
0.8767361111111112,22.925925925925924,0.9243445231125031,7.283731209076315,4.536010017322295,6.66900467963114,0.0,-154.18007158999998,5.736054812614487,17.198152819651348,21.990740740740744,0.14026544103078084,1009,48,137,0.14862513649581113,1.5920297680809021,234,36.244791666666664,10.87871651212288,0.863096719917201,4.372539484955307,0.40801963400308366,36.0,236736,8.609671040808438,52.151636376510226,26.259626937490612,12.396158324008516,28.32754629629642,-0.012876510620117188,102.85906219482422,0.023052447,0.0003,21.159263136431022,-44.95763999091254,257.5153669004087,0.2,0.20173611111111112,1360,-0.04060596465305598
0.8356481481481481,23.083333333333332,0.9177603657609211,7.5209600266624435,4.570684982698129,6.788632476566986,0.0,-156.58782097,5.766559812287921,17.21715638894874,22.453703703703706,0.131744883266759,1016,48,138,0.14926039309384284,1.5979512152515918,234,36.30324074074074,10.961642567397329,0.8635987100183709,4.395582375927678,0.4116847972049107,36.0,238464,8.868578868275867,52.16591813326779,26.27318732897926,12.501999869373734,29.224537037037088,0.014578461647033691,3975.52880859375,0.0074862223,0.0003,19.476025631913434,-44.99419322543674,7663.828099681713,0.2,0.03871527777777778,1370,-0.021077525555328637
0.8553240740740741,22.648148148148152,0.9165165356387052,7.004368342691182,4.557203033186274,6.422002673508257,0.0,-158.15889271,5.796866387372649,17.224376566804946,21.296296296296294,0.13281787795862338,1024,48,139,0.14918836835723287,1.6037683163425556,234,36.291666666666664,10.747165309504908,0.8626465609838986,4.41864331734469,0.40878957790088866,36.0,240192,8.82684043638555,52.17775582310497,26.22273208968308,12.422630033890982,29.05815972222227,-0.0021338462829589844,54.48409652709961,0.025127418,0.0003,22.13918986938618,-44.98345271922924,168.0065791659885,0.2,0.2482060185185185,1380,-0.042102628904912204
0.8368055555555556,22.564814814814813,0.9192677800718321,6.897013288854309,4.503284536860918,6.360317455895011,0.0,-158.42673989,5.827075029181195,17.16340598464521,21.064814814814813,0.13023979152362045,1031,48,140,0.14850001151849354,1.6092359937057026,234,36.155092592592595,10.69372875199339,0.862037376400916,4.4415518323063035,0.4071631345313313,36.0,241920,8.68707094525883,52.25162563580387,26.176454080510894,12.38345672341824,28.580729166666682,0.011447727680206299,3837.03173828125,0.0076886467,0.0003,22.36417049544829,-45.01070830733688,8346.579092520255,0.2,0.04027777777777778,1390,-0.022955649684148805
0.8420138888888888,23.15740740740741,0.9237506165330683,7.574728179028675,4.6965708278914065,6.7018620827366275,0.0,-158.83705571,5.857376449821148,17.17480278949552,22.10648148148148,0.13327067751506116,1038,48,141,0.1546296785658944,1.6149408807742005,234,36.2037037037037,10.97629526840064,0.8650290026014263,4.464488839280042,0.4088683527769097,36.0,243648,8.781954827399133,52.22781569067964,26.282410687866072,12.42056825598109,28.906250000000085,-0.0012826919555664062,62.796024322509766,0.02519711,0.0003,22.628647462306198,-44.98055541427047,171.98283869425455,0.2,0.2447337962962963,1400,-0.04070284289342386
0.8645833333333334,23.462962962962962,0.9223139549197631,7.937485277382311,4.9025953617295555,6.717621260912561,0.0,-160.79127731999998,5.887980893747109,17.222361781713328,22.10648148148148,0.13398723766365403,1046,48,142,0.16152747169146073,1.6207441480299574,234,36.292824074074076,11.117268654740194,0.8641732155682794,4.487544743734325,0.4128980302165931,36.0,245376,8.821306902302771,52.21995367416833,26.262746184766584,12.541777570384587,29.021990740740748,0.007581889629364014,4057.37353515625,0.008830206,0.0003,20.2576216770543,-45.020454519766346,8252.91134620949,0.2,0.052314814814814814,1410,-0.022484193500821238
0.8344907407407407,23.222222222222218,0.9111233109205347,8.07882784366566,4.956532556417521,6.904579134957498,0.0,-162.03098912,5.918249784978336,17.240172058079395,22.800925925925924,0.12757732640579422,1053,48,143,0.16278033575366072,1.6266630641253974,234,36.339699074074076,11.01771615229064,0.8637130629414701,4.510645173879524,0.40828273653257413,36.0,247104,8.867566438176048,52.26624634423558,26.237391758396882,12.407556492490913,29.202835648148152,0.0040552616119384766,50.027400970458984,0.02775989,0.0003,21.89813252819909,-45.006962218108,133.9499892340766,0.2,0.25306712962962963,1420,-0.040739632263365716
0.8188657407407407,23.35185185185185,0.9177939022096697,8.19920497096417,4.875250290037569,7.035588338036138,0.0,-162.5413592,5.948478987083438,17.184432949674584,23.26388888888889,0.12576664509116806,1060,48,144,0.15955282740705454,1.6327308248293628,234,36.19618055555556,11.088366342890462,0.8610559655134642,4.5336062562537105,0.40742432768390974,36.0,248832,8.927104281586201,52.207360257478655,26.157428836217463,12.391680842040754,29.376446759259327,0.029256701469421387,3844.02685546875,0.010009752,0.0003,17.947263797565743,-45.01946528399432,8063.282137948496,0.2,0.0685763888888889,1430,-0.027437080042781652
0.8298611111111112,23.11111111111111,0.9147442842093544,7.3190403950173,4.6623978894739055,6.340715982253944,0.0,-163.80693528,5.978989979321998,17.28264541061533,20.949074074074076,0.12712985870625937,1067,48,145,0.15369347122271204,1.638589792538236,234,36.417245370370374,10.956642505543394,0.8561039963584477,4.556812869780249,0.41138903908942837,36.0,250560,8.843587083549258,52.113825994718134,26.00313474990227,12.504396895424238,29.116030092592613,0.009919285774230957,44.49848937988281,0.03194856,0.0003,21.57745416274777,-44.96960563659668,131.05332011470088,0.2,0.3025462962962963,1440,-0.045881471879504344
0.8333333333333334,22.98148148148148,0.9170142410256277,7.211016238877921,4.62348856678062,6.475962635143247,0.0,-165.34140726,6.009373160285802,17.293981327451608,21.412037037037038,0.12647723307522504,1075,48,146,0.15243087583387097,1.6444449142222195,234,36.43402777777778,10.8875276720973,0.8573431527855392,4.5800478230988775,0.4095379838792673,36.0,252288,8.842048673593439,52.114737849410965,26.032242173701007,12.45327238552135,29.11603009259268,0.017149746417999268,2995.10302734375,0.009990104,0.0003,18.66073068689417,-45.010596946433736,7772.892370153357,0.2,0.06747685185185186,1450,-0.02601690817003449
0.8431712962962963,23.666666666666668,0.9206538287872386,8.161996707582924,4.766474965859257,6.985920946473733,0.0,-166.55859372999998,6.039946870224945,17.32173592524683,23.14814814814815,0.1294985261477829,1082,48,147,0.15688188679771845,1.6502564312969559,234,36.51331018518518,11.209600795249933,0.8537015820601986,4.603352162911994,0.41230883345476244,36.0,254016,8.824606829894579,52.15130605780317,25.91939448448861,12.529483975657433,29.087094907407536,0.012453317642211914,39.23548889160156,0.036386605,0.0003,20.577951550483704,-45.00044901812518,107.61879768371583,0.2,0.3038194444444444,1460,-0.043420930446504996
0.8315972222222222,23.916666666666668,0.9179547396379097,8.612994926158144,4.990602789746852,7.092133157187817,0.0,-167.62945767000002,6.070531137467039,17.31152716488089,23.49537037037037,0.12598995121732373,1089,48,148,0.16429904615454544,1.656107605751416,234,36.473379629629626,11.330258979223474,0.8554709764051198,4.6266309808241965,0.41224652528491756,36.0,255744,8.840469781783979,52.17884954115275,25.974210934406667,12.533706896837927,29.094328703703777,0.010872423648834229,4365.306640625,0.008702502,0.0003,21.590670037269593,-45.03389407970287,8534.005013020833,0.2,0.055324074074074074,1470,-0.021220739154766004
0.8547453703703703,23.88888888888889,0.9171374511442719,8.791440682739832,5.160562165202957,7.118637386815607,0.0,-169.16140127999998,6.101194433726864,17.32943559065102,23.49537037037037,0.13194350718809184,1096,48,149,0.17039019960673282,1.662160657215813,234,36.5318287037037,11.312241130721269,0.8556995008650695,4.6499545698008244,0.41369814143624456,36.0,257472,8.921220585758855,52.07549263708301,25.975636005057638,12.565318503929701,29.325810185185258,0.018171966075897217,33.928462982177734,0.03147796,0.0003,20.644672594909316,-45.00677891484013,89.94770476729782,0.2,0.3056712962962963,1480,-0.04546883121408798
0.8836805555555556,24.37962962962963,0.931194470799503,9.481459098918247,5.590936298112542,7.13568559184917,0.0,-169.68272931999996,6.131593977754501,17.306765355805343,23.611111111111114,0.13826163134439168,1104,48,150,0.1841406790702871,1.6681349048051053,234,36.469907407407405,11.554837208956535,0.858514440948808,4.673221483190337,0.4096562866592848,36.0,259200,8.889699035716966,52.12128615053913,26.049478843700147,12.459817611055001,29.32581018518526,0.013760149478912354,3840.193359375,0.009274765,0.0003,21.74927416200991,-45.02979405721029,8399.819014033565,0.2,0.0609375,1490,-0.0216102447602208
0.8460648148148148,23.527777777777775,0.9177188624967736,8.483034903546194,5.194947010558624,6.941474076467284,0.0,-170.26058357999997,6.162223054299204,17.28500039054019,23.03240740740741,0.1304197098020317,1111,48,151,0.17083173816598562,1.6738308097088022,234,36.426504629629626,11.146613816520286,0.8593692707394244,4.696433984166688,0.41270722583878033,36.0,260928,8.778361961478787,52.12942153301996,26.093482151988354,12.551630617881322,28.935185185185286,0.0443081259727478,8.814085960388184,0.041117687,0.0003,20.053746207334378,-44.994404799849896,36.862312426390474,0.2,0.3527199074074074,1500,-0.04173888572043291
0.8148148148148148,23.90740740740741,0.9201236987240752,8.814186736855827,5.443665253828887,6.833988140611289,0.0,-170.91788644,6.192762277203855,17.258120216802492,22.685185185185187,0.1249144867331819,1118,48,152,0.17882424084319157,1.6787387180954032,234,36.37152777777778,11.33653334241565,0.8636882737395587,4.7195792847086935,0.4120599806343153,36.0,262656,8.463163354640438,52.199735748688454,26.21239485830632,12.515689161860314,27.792245370370527,0.01222902536392212,4087.85009765625,0.00764944,0.0003,23.988308937461287,-45.00035704153555,8464.47496202257,0.2,0.08975694444444444,1510,-0.011996545359768249
0.8576388888888888,24.490740740740744,0.9223323121905486,9.008322462587607,5.707569549367254,5.95073365942046,0.0,-171.30006944999997,6.223153859612775,17.25183321903801,19.791666666666668,0.1305158035044687,1125,48,153,0.18787726583451228,1.6841396408060427,234,36.36805555555556,11.600752913220353,0.863585379980088,4.7427088677562885,0.4099353076001504,36.0,264384,8.660369084255803,52.14587319339694,26.203078814623442,12.456632963567879,28.493923611111207,0.02612471580505371,52.6650505065918,0.048239205,0.0003,20.518830617931155,-44.935083304511174,65.11302441491021,0.2,0.38663194444444443,1520,-0.035432126686942796
0.8582175925925926,24.416666666666668,0.9229750743349011,8.910845396253437,5.641335266664835,5.919873055956798,0.0,-172.73973880000003,6.253752033775262,17.34057822777561,19.675925925925924,0.13320792696740907,1133,48,154,0.18574314419341312,1.6888977145703565,234,36.53125,11.569510129588602,0.864251084344878,4.7660603133257275,0.4122433562488545,36.0,266112,8.403229505725482,52.19289784866941,26.224210010803812,12.539269664995016,27.676504629629704,0.011918485164642334,3567.265869140625,0.0049302094,0.0003,26.108855012611105,-44.893758886831776,6976.718256293403,0.2,0.04311342592592592,1530,-0.009941055094478306
0.8333333333333334,24.62037037037037,0.9169628941848174,8.975589967908459,5.499048518772668,6.6144527676478555,0.0,-173.61066703999998,6.284142436993425,17.227756705392522,21.990740740740744,0.13291029083659486,1140,48,155,0.18128806778417558,1.6941664574190713,234,36.3130787037037,11.662088681487935,0.8626541158342337,4.789129705089209,0.4098660358481489,36.0,267840,8.607497139485906,52.181567992853296,26.18059230227793,12.45616128726485,28.349247685185237,0.0547756552696228,18.369604110717773,0.05681629,0.0003,21.981963234477572,-44.86989912810149,37.76742460462782,0.2,0.4054976851851852,1540,-0.041463153798960976
0.8304398148148148,24.62962962962963,0.9215966683597865,8.898845477423517,5.535203198248845,6.49091354926361,0.0,-174.54234586000007,6.3148084556201995,17.286537344234272,21.527777777777782,0.13238176265688908,1147,48,156,0.18287402479867643,1.699335072798201,234,36.43460648148148,11.663642279174672,0.8666035002825206,4.812346048449795,0.41324272182598004,36.0,269568,8.567446151651845,52.216031380854325,26.283584319349405,12.566407450709809,28.197337962963022,0.015854597091674805,508.159423828125,0.005040291,0.0003,26.237936906019847,-44.84231308831109,1081.5948468243635,0.2,0.02060185185185185,1550,-0.014639832324313897
0.8657407407407407,24.277777777777782,0.9255524004549346,8.508187936437587,5.322683517781992,6.410916536784044,0.0,-175.52142103000003,6.345294579115269,17.23570573934631,21.296296296296294,0.14194112876644666,1154,48,157,0.17616094386618594,1.704262764792085,234,36.332175925925924,11.485504418655594,0.8638065782822801,4.835435312798161,0.4109198095295353,36.0,271296,8.47107679755352,52.2053957314621,26.19980876270796,12.494449398027742,27.907986111111214,-0.03304147720336914,204.4220733642578,0.00767197,0.0003,47.33725038104587,-44.79513801292137,506.2584513346354,0.2,0.04259259259259259,1560,-0.023381410740936796
0.8518518518518519,24.287037037037038,0.9188848660926444,8.561146521632445,5.305385911921916,6.562760978845648,0.0,-175.74563729000005,6.375481930919977,17.187118869379937,21.759259259259256,0.13910138128772473,1162,48,158,0.1755839571469253,1.7097180635220859,234,36.22511574074074,11.49299963086488,0.8617180498653139,4.8584031099716105,0.4071539181492877,36.0,273024,8.68211949200039,52.183589180794435,26.147206219627222,12.374940721883297,28.602430555555582,0.02644038200378418,2516.047119140625,0.0020959873,0.0003,34.75647700097826,-44.79144809864186,5832.059398509838,0.2,0.003472222222222222,1570,-0.010687462647479993
0.8188657407407407,24.212962962962962,0.9134134615350145,8.536318116551588,5.365682494715981,6.167449580133404,0.0,-175.26430188999998,6.405183455095921,17.092185321194112,20.37037037037037,0.12783343586938123,1169,48,159,0.17702118838149206,1.7147358321846975,234,36.0162037037037,11.470635621835607,0.8621668194939849,4.881133573274596,0.40069043987423786,36.0,274752,8.507107465044685,52.171673095723555,26.168322858470074,12.180609670377345,28.016493055555586,0.15099191665649414,37.835968017578125,0.021084126,0.0003,33.38560458554162,-44.777201899775754,53.47986386617025,0.2,0.1886574074074074,1580,-0.035961994972011004
0.8078703703703703,23.75,0.9119375366520326,7.941727261448974,4.995365991312504,6.293928201469865,0.0,-175.81236735,6.43505812830558,17.10697248402194,20.833333333333332,0.12785716920358633,1176,48,160,0.16509903761371011,1.7202764311142331,234,36.052083333333336,11.24636127013647,0.8591419682719227,4.903901004484651,0.4031340546106971,36.0,276480,8.716239571814276,52.09367084375251,26.077449715036213,12.249869283863724,28.70370370370369,-0.010706305503845215,147.42640686035156,0.013508155,0.0003,52.601146650314334,-44.739391242133244,299.9519014146593,0.2,0.11354166666666667,1590,-0.03187886794373669
0.8674768518518519,24.111111111111114,0.9283906015168633,8.277146168448139,5.152795393962768,6.3581468271986985,0.0,-176.65861145,6.464826483046378,17.123877160711775,21.064814814814813,0.14123268935900327,1183,48,161,0.16986349567407602,1.725643814724712,235,36.08391203703704,11.42435077448537,0.8605638275822164,4.92671069738643,0.40146809650335935,36.0,278208,8.646953444191501,52.08844550036952,26.11778380299377,12.207341896319152,28.472222222222282,0.027135014533996582,3308.2265625,0.003202121,0.0003,44.25729963426237,-44.728945866337526,6861.763548900463,0.2,0.008796296296296297,1600,-0.014299667961205598
0.8512731481481481,23.305555555555554,0.9188284144878595,7.604572189789687,4.863051489000532,5.723606586248913,0.0,-176.16467941,6.493891411035707,16.957322063419735,18.865740740740737,0.1345541335734452,1191,48,162,0.16069841239744842,1.7313575487301704,235,35.74074074074074,11.041520700789155,0.8554689398360266,4.9491040025449795,0.39235280649511,36.0,279936,8.785493602183355,52.05690865681421,25.96079893390136,11.925971195731504,28.956886574074083,0.07139545679092407,68.70527648925781,0.042187836,0.0003,41.15649505301758,-44.69849262943974,54.501165015609175,0.2,0.3758680555555556,1610,-0.03847658119543835
0.8113425925925926,23.564814814814813,0.9141310357659783,7.769305606016793,4.896183550943827,5.904127228836707,0.0,-178.39440937,6.524232913313435,17.252371070005967,19.444444444444446,0.1285927480509343,1198,48,163,0.1614626020928354,1.7366451096376312,235,36.34143518518518,11.173122055072966,0.8549757926910267,4.972234930219995,0.4091537904484155,36.0,281664,8.615024362984336,52.03870074497462,25.94622429260981,12.436600911090947,28.363715277777832,0.017586708068847656,1175.42626953125,0.004489349,0.0003,42.71980460517936,-44.716761087488244,2370.52561577691,0.2,0.027430555555555555,1620,-0.010995567068716305
0.8333333333333334,23.65740740740741,0.9202572573699618,8.046487044652244,5.131206855356427,5.477381004630949,0.0,-179.23716461,6.553410939760325,17.012697749205408,18.055555555555557,0.1322408544881238,1205,48,164,0.16905957543799943,1.7419675558189236,235,35.838541666666664,11.215280189295816,0.8563262485199888,4.994766674593008,0.3935505417919678,36.0,283392,8.628978472516932,52.044750882773236,25.99027965735594,11.971210578756066,28.42158564814819,0.003223717212677002,149.26687622070312,0.012372671,0.0003,65.09798395368787,-44.71653751797146,331.10611521402996,0.2,0.09166666666666666,1630,-0.031124488212582138
0.8101851851851852,23.51851851851852,0.9173700599003117,7.793767268354498,4.94668675587797,5.792218917048025,0.0,-179.23635452000002,6.5834168440538186,17.072254353313884,19.097222222222225,0.12724180729212575,1212,48,165,0.16314320457188464,1.7468933810249456,235,35.96875,11.147080512476528,0.8555636251106473,5.017447310476293,0.4046336888805531,36.0,285120,8.470330082408816,52.04375732502543,25.96587234599319,12.302361717397405,27.886284722222257,0.009015142917633057,2945.29541015625,0.0028760475,0.0003,55.05472420056661,-44.75271983676487,6434.623918547453,0.2,0.003298611111111111,1640,-0.012270701969801276
0.828125,23.824074074074076,0.9204176252537628,7.601444937884182,4.590803905985801,6.523281538795023,0.0,-180.77655121,6.612868488974216,17.028539868136537,21.527777777777775,0.12703923638549683,1219,48,166,0.15138882624703418,1.7527235809917974,235,35.8755787037037,11.287359493103358,0.8571844036536668,5.040018660146635,0.3974794020521827,36.0,286848,8.832079986740663,52.09401863675213,26.022809912287006,12.080657968159073,29.050925925926062,0.058366358280181885,38.56410598754883,0.0394811,0.0003,51.97263915362181,-44.729919857449005,60.56818768536603,0.2,0.31961805555555556,1650,-0.04063071653039919
0.8541666666666666,23.685185185185187,0.9190945196698962,8.494185493348066,4.065855399729367,8.018195793013382,0.0,-181.10073767999998,6.642287953504,17.043512276171928,26.388888888888886,0.13733674915417746,1227,48,167,0.13522379405932938,1.7583167778103275,235,35.933449074074076,11.210134300605318,0.8624505716066472,5.062627440837065,0.3973131702157096,36.0,288576,8.737278727412015,52.147090454036466,26.168941333391007,12.067785811913184,28.797743055555582,0.03675729036331177,56.72731399536133,0.037008997,0.0003,62.42302194480543,-44.64777902673792,58.89034923977322,0.2,0.32002314814814814,1660,-0.03698632661080747
0.8379629629629629,23.90740740740741,0.9167519614414369,8.166466509828838,4.529524225392386,7.116437481887973,0.0,-182.16673692999996,6.671895048035877,17.024238024947376,23.49537037037037,0.12955150287209405,1234,48,168,0.14976875841256812,1.7642405118754965,235,35.859375,11.320504802548479,0.8650561343381287,5.085188035899433,0.39905020194269525,36.0,290304,8.869493626067571,52.1431258244482,26.268339193485573,12.142837812750757,29.173900462962987,0.06056410074234009,1418.5693359375,0.004766192,0.0003,56.96131802620711,-44.70088171782317,2997.0215322989006,0.2,0.019618055555555555,1670,-0.011029540269670112
0.8177083333333334,24.09259259259259,0.9119955402527092,8.354556018596984,4.790998625194138,6.95132129437226,0.0,-184.12673343999998,6.7017385089623875,17.133041467074044,22.916666666666668,0.1260480649930466,1241,48,169,0.15861812200257694,1.7699758938059997,235,36.101851851851855,11.412236099030585,0.8647363621311693,5.108020639567118,0.4025657415452447,36.0,292032,8.794152772201285,52.16481949355596,26.252782739538116,12.237384370604348,28.899016203703777,0.01682901382446289,205.9352569580078,0.011396191,0.0003,80.68789796652618,-44.71647573400427,371.2764265837493,0.2,0.07627314814814815,1680,-0.027158313075563423
0.8223379629629629,24.10185185185185,0.9158891926670706,8.283321129637224,4.800767290288485,6.86171059418085,0.0,-185.92116381,6.731613108899194,17.16001226927862,22.685185185185187,0.12749035482790744,1248,48,170,0.15845378945215127,1.7756398846561694,235,36.155092592592595,11.42084324516789,0.8647704658730676,5.1309206702403145,0.40310641276734366,36.0,293760,8.765596340067853,52.156561455314176,26.257835600816662,12.249839974722514,28.826678240740716,0.046095192432403564,2730.950439453125,0.0032216778,0.0003,66.97731521571124,-44.73278685675727,6294.596480758102,0.2,0.010590277777777778,1690,-0.01292639974401229
0.8304398148148148,23.14814814814815,0.9124532787191612,7.136615298503934,4.017837892527896,6.945620179216195,0.0,-185.6067978,6.760855936576229,16.998954025881,22.916666666666668,0.13015301192445736,1256,48,171,0.13228666654227514,1.7812292201685462,235,35.81828703703704,10.973157226759843,0.860521866058368,5.153418055305017,0.3946070683332941,36.0,295488,8.735734204950747,52.12595518871765,26.123504668288202,11.997131070814175,28.732638888888843,0.10607606172561646,32.905853271484375,0.037934184,0.0003,69.4563938083472,-44.73886830365216,58.96344473097059,0.2,0.31221064814814814,1700,-0.040153411401573705
0.8188657407407407,24.40740740740741,0.9155193634032921,8.51756600419194,4.736214191468299,7.005622998099262,0.0,-185.03443661,6.790121684683738,16.98009671894832,23.14814814814815,0.12378577899579195,1263,48,172,0.15557631512623182,1.7872323419821485,235,35.78125,11.575728814624378,0.8625005030751284,5.1758682971023875,0.39495649380396425,36.0,297216,8.90124872544091,52.108457278370786,26.191936582809728,12.00629924300361,29.3041087962963,0.10629522800445557,62.217063903808594,0.020839373,0.0003,76.2208448515998,-44.71333879541468,126.96137031272606,0.2,0.18883101851851852,1710,-0.03646424405138802
0.8263888888888888,24.212962962962962,0.9141857600823742,8.127932410684764,4.645389067434457,6.815693716342536,0.0,-186.70439765,6.81974516416553,17.097434588544363,22.453703703703706,0.12676508704676498,1270,48,173,0.15343352940334187,1.7925033429335568,235,36.0318287037037,11.466849626907772,0.8587994701467637,5.198611883573748,0.39968888801111585,36.0,298944,8.608400380563358,52.119095022710475,26.0659740685483,12.149391792716633,28.32754629629632,0.0011427998542785645,202.94862365722656,0.013096664,0.0003,103.26989416546292,-44.72675877323857,477.0784385398582,0.2,0.0927662037037037,1720,-0.027160225027344293
0.7986111111111112,24.37037037037037,0.9092221298059309,8.138357004547938,4.717006651682308,6.660575288438403,0.0,-187.96394875000004,6.849173776855836,17.02362465460831,21.990740740740744,0.12307477867186765,1277,48,174,0.15476542046201464,1.798311414456794,235,35.873842592592595,11.560775064427228,0.8601797489031385,5.221170945210269,0.39666576871586046,36.0,300672,8.823228609294832,52.08171210674704,26.132215001570515,12.071445076122492,29.09432870370374,0.03120589256286621,2935.628173828125,0.004066728,0.0003,86.6184186440927,-44.74393074600785,5534.439553493924,0.2,0.0140625,1730,-0.015017156816881013
0.8449074074074074,25.194444444444443,0.9181701537022781,9.405429416375858,5.2343635601021345,7.040844213138186,0.0,-189.98167614,6.879085591772349,17.202983607317012,23.263888888888886,0.13205247308519133,1285,48,175,0.1730347818564458,1.803803994228657,235,36.24710648148148,11.930221643135537,0.8510119726048678,5.2441784042285615,0.40325133655329615,36.0,302400,8.69703190874519,52.05103526488492,25.81785049043981,12.26472596660522,28.653067129629658,0.11967766284942627,33.76780700683594,0.02806845,0.0003,85.57346355826766,-44.73607463130244,86.76864574573658,0.2,0.27569444444444446,1740,-0.03863451362553018
0.8310185185185185,25.324074074074076,0.9101576099731091,9.59137978943754,5.3690817999649285,7.019889834572673,0.0,-191.52040065000006,6.908779246165217,17.15950539715082,23.14814814814815,0.12393601644693718,1292,48,176,0.17690675044064422,1.8094663721265818,235,36.15335648148148,12.002408154899937,0.8534048628423189,5.267077167721439,0.400220197374556,36.0,304128,8.764951159169888,52.08562695431408,25.90628054858787,12.177461757147023,28.862847222222268,0.041142284870147705,2373.158935546875,0.0064821835,0.0003,91.6327385964217,-44.73954412672255,4597.424230504919,0.2,0.05289351851851852,1750,-0.015579140270818715
0.8240740740740741,25.222222222222225,0.9118581750354472,9.8366852408237,5.305633455800981,7.384450238671026,0.0,-192.67038507,6.938644997772762,17.230540180426427,24.305555555555557,0.12424700289546506,1299,48,177,0.17537839665429197,1.8147927163817261,235,36.307291666666664,11.946601546351692,0.8570000020003964,5.290153518172505,0.40278435762697884,36.0,305856,8.630537702057765,52.15656574464373,26.005151013675263,12.246300643018108,28.421585648148216,0.12382662296295166,163.1262664794922,0.020351656,0.0003,93.24090351351985,-44.72246894836426,130.02800927338777,0.2,0.19421296296296298,1760,-0.03910706538741511
0.8373842592592593,25.564814814814813,0.9127115525956574,10.242863494748457,5.575841559918462,7.357612973605948,0.0,-192.95592625000006,6.967893499161111,17.091257864703284,24.305555555555557,0.1291758754925997,1306,48,178,0.18410230478797077,1.8208754864908665,235,36.00925925925926,12.109408961224046,0.8565475523975987,5.312881662834263,0.39447890232493027,36.0,307584,8.933108043656137,52.11342390476204,25.995592953567776,11.999400555339392,29.37644675925926,0.057607948780059814,3249.32568359375,0.007063721,0.0003,92.15464535465946,-44.759287911874274,6399.545562065972,0.2,0.038599537037037036,1770,-0.017975618509161802
0.8541666666666666,26.37962962962963,0.9173648524166088,10.841141716549146,6.176509090272531,6.966134152768956,0.0,-193.35255850000001,6.997654934400633,17.160409886928363,23.03240740740741,0.13332058506870031,1314,48,179,0.2038275726955583,1.8267389662248157,235,36.145254629629626,12.49849847350766,0.851432318365732,5.335782687551584,0.4012133782830989,36.0,309312,8.845391893579693,52.01275127136606,25.84720202956055,12.204574095808908,29.12326388888892,0.034526824951171875,157.50189208984375,0.028653348,0.0003,101.18295195809117,-44.74120065194589,179.42496572423863,0.2,0.27569444444444446,1780,-0.03960735654734351
0.8420138888888888,26.462962962962962,0.9117808770872117,11.03514542660816,6.1443027642027515,7.140082401488059,0.0,-194.90428946000003,7.0270415733732285,17.18297445273014,23.61111111111111,0.12710589565211902,1321,48,180,0.20214273172618044,1.8329684475923518,235,36.2181712962963,12.55076026091735,0.8501156659579497,5.358740123683409,0.39656779110961576,36.0,311040,8.99179254701445,51.96285705079533,25.82437926640334,12.054655589038148,29.57175925925926,0.018135488033294678,2520.947265625,0.005819871,0.0003,92.60044495882812,-44.748075527615015,5646.116256148727,0.2,0.02922453703703704,1790,-0.014861873475213845
0.8402777777777778,25.824074074074076,0.91874146859786,10.34585234617716,5.896794833270113,7.008914895049817,0.0,-195.77331231999997,7.056572150805286,17.174579124691874,23.148148148148152,0.13031044774540212,1328,48,181,0.19442982564376132,1.8396196535062954,235,36.20543981481482,12.24014261785723,0.8565998379488612,5.381676571495139,0.3988522809363741,36.0,312768,9.160482365577439,52.124394279984564,26.002498197681778,12.112230972822681,30.164930555555642,0.08375447988510132,112.06543731689453,0.025406694,0.0003,105.17128784038403,-44.7282406700982,171.31949765240705,0.2,0.2361689814814815,1800,-0.04013922302121366
0.8368055555555556,25.777777777777782,0.9178636236696289,10.279043498567756,5.941244015230772,6.919470061327835,0.0,-197.99229232,7.086549851898028,17.303601356964588,22.916666666666668,0.12711222260487814,1335,48,182,0.19571564590642962,1.8457290000458377,235,36.46006944444444,12.218329422009148,0.8576101527878475,5.40493557488755,0.4044069070495624,36.0,314496,8.943738615816896,52.06931936427883,26.0385043327491,12.291080437097063,29.463252314814937,0.03412717580795288,2994.9365234375,0.0076436764,0.0003,107.11617219889605,-44.813441311871564,7106.038181785301,0.2,0.040046296296296295,1810,-0.018862639045066857
0.8298611111111112,25.527777777777775,0.9219982609906504,9.724539888557368,5.939653546666604,6.319601502285259,0.0,-200.35072891,7.117117516551241,17.327873656561717,20.949074074074073,0.12729918387176825,1343,48,183,0.19617300297293375,1.8510167509840374,235,36.50347222222222,12.084886341890764,0.8541229697610359,5.428255259028955,0.411705762759599,36.0,316224,8.615100375279896,52.04852920423278,25.92035083189042,12.52706586128514,28.378182870370413,0.042487382888793945,120.40911102294922,0.031080417,0.0003,108.90925740489253,-44.82143419053819,180.80095757378473,0.2,0.2734375,1820,-0.04004186955108135
0.8333333333333334,25.972222222222225,0.9253241140372618,10.108470060644136,6.108488810372914,6.46812245190857,0.0,-201.75480868,7.147329606718264,17.325853322869534,21.412037037037038,0.12685525810441184,1350,48,184,0.20156949107559763,1.8571583874156157,235,36.49363425925926,12.299981250271221,0.8508786415373638,5.451569892336129,0.4070752161319518,36.0,317952,8.956654572631296,51.97317346196993,25.83859520968285,12.384836066809138,29.50665509259265,0.03427213430404663,2845.30224609375,0.0065308106,0.0003,113.13188385257014,-44.83839805037887,6331.801374421297,0.2,0.03090277777777778,1830,-0.017121948413895787
0.8188657407407407,26.055555555555554,0.9140281395129805,10.360787583865307,6.299670158868906,5.868627550981645,0.0,-202.65520050000003,7.177625881778894,17.30659698280273,19.444444444444446,0.12508715690161917,1357,48,185,0.20717777693800013,1.8628822912935037,235,36.46643518518518,12.3611174249964,0.8523298740057056,5.474836384793136,0.40839176626428175,36.0,319680,8.789561551155218,51.95979647767532,25.879120132108024,12.418510024251937,28.978587962963008,0.08041584491729736,55.73367691040039,0.038998738,0.0003,110.033543087818,-44.801695096051255,109.49128881383825,0.2,0.3271412037037037,1840,-0.04474707163732361
0.8443287037037037,26.222222222222225,0.9217875327684634,10.47714523928363,6.3499093914300895,6.021801676885523,0.0,-203.26029554000002,7.207581246680953,17.326820982374223,19.90740740740741,0.13149867284942587,1364,48,186,0.20956771184369902,1.8690391674542366,235,36.523726851851855,12.42723584785354,0.8517220991793165,5.498153437249071,0.40447053474864875,36.0,321408,8.962750464293181,51.94977436489798,25.85961571007256,12.282145960823598,29.499421296296376,0.06783723831176758,2901.690185546875,0.007122088,0.0003,111.50978069482026,-44.805548618457934,5433.720534939236,0.2,0.04537037037037037,1850,-0.020899799341956776
0.8373842592592593,26.194444444444443,0.9168863891871747,10.602244096430226,6.483069489822705,5.520934728640667,0.0,-204.88534513000002,7.237980914240576,17.35540236871619,18.287037037037038,0.12663641591688996,1371,48,187,0.21337121444728827,1.8749674021411737,235,36.579282407407405,12.419174606607521,0.8562762715293651,5.521541943170861,0.4100950997736817,36.0,323136,8.87129387477485,52.07346991684387,26.000880312820318,12.459867023849085,29.253472222222328,0.050911903381347656,203.56321716308594,0.021485735,0.0003,121.79534895420075,-44.76338865492079,240.1221874660916,0.2,0.21099537037037036,1860,-0.039983273006941156
0.8206018518518519,26.15740740740741,0.9238666063109876,10.48512996593168,6.398914257704978,5.725681848498507,0.0,-206.46302062000004,7.268347271266695,17.33609513855252,18.98148148148148,0.12269891805982369,1379,48,188,0.21143004957925085,1.8810973895969134,235,36.53761574074074,12.386215708226702,0.8593914374563049,5.544882181017242,0.40941010382042325,36.0,324864,8.95199498229585,52.06977575682517,26.082317056357976,12.446542810447369,29.412615740740836,0.042433857917785645,3657.50341796875,0.006954774,0.0003,120.52684535627012,-44.790246370103624,7259.257029441551,0.2,0.03726851851851852,1870,-0.01859225634726937
0.8570601851851852,26.759259259259256,0.9203063718919277,10.890291092865192,6.480711492812904,6.5074633474748325,0.0,-206.58597580000003,7.298296495228257,17.29697311514024,21.412037037037038,0.1301811987464151,1386,48,189,0.21318931536530994,1.8874077565147913,235,36.460648148148145,12.702116252577456,0.855679247300066,5.568124613805093,0.4042012175887024,36.0,326592,9.024146767151153,51.98627840225413,25.983964271801256,12.279689584625087,29.781539351851805,0.03824895620346069,62.67911911010742,0.033745352,0.0003,120.57216843808139,-44.76080877516005,121.29749436555085,0.2,0.3169560185185185,1880,-0.042025761775396485
0.8478009259259259,27.157407407407405,0.9166209683786606,11.404539935504797,6.651671146073194,6.672833564830516,0.0,-207.60024356999998,7.328574592644577,17.376715373863643,21.990740740740744,0.12731349668237887,1393,48,190,0.21924997692288703,1.8934056535314006,235,36.61284722222222,12.880035224601086,0.8546114713647445,5.591566402239752,0.4080280300665622,36.0,328320,8.899158806643717,51.97912612494499,25.949557230161492,12.4112389665277,29.3258101851852,0.042656779289245605,2572.349853515625,0.0082867965,0.0003,118.88747395586084,-44.78665231775354,5153.934295428241,0.2,0.047280092592592596,1890,-0.017538511090808444
0.8344907407407407,27.37962962962963,0.9168453435599495,12.093663504669284,6.651768298121894,7.251630423860818,0.0,-209.03495721000002,7.3585763164496,17.35574090523952,23.842592592592595,0.12397332947511756,1401,48,191,0.2191751804032321,1.899973521286202,235,36.564236111111114,12.990264782686571,0.8515775077013625,5.614955754502851,0.404680629992841,36.0,330048,9.127147101920533,51.934255671478844,25.852484149674087,12.300689522009316,30.070891203703695,0.039141058921813965,171.8983612060547,0.022136366,0.0003,119.0522810988956,-44.801540219342264,341.68059884530527,0.2,0.20798611111111112,1900,-0.04185403954858581
0.8206018518518519,26.981481481481485,0.912741965132937,11.825316151898669,6.553634946551596,7.261876344645709,0.0,-211.53923176000004,7.389264987329777,17.540667591510907,23.842592592592595,0.12125096323299282,1408,48,192,0.2156221322777833,1.9062587047411876,235,36.963541666666664,12.809804860701362,0.8560339479468925,5.6388074234816274,0.4137773945362548,36.0,331776,9.014073381994335,51.99830616904095,25.99734074864349,12.575468352070615,29.701967592592585,0.026153922080993652,3396.72314453125,0.008745608,0.0003,120.61841126901132,-44.8240513836896,6844.2137134693285,0.2,0.04832175925925926,1910,-0.02317196957387582
0.8304398148148148,27.990740740740737,0.9095819700854869,13.437686563618286,6.678732841128583,8.283264241759518,0.0,-213.10836312000004,7.419601985592457,17.405544332486347,27.314814814814813,0.12172798471718616,1415,48,193,0.21983421909333556,1.9125528799356357,235,36.65277777777778,13.275689480730184,0.8522394197256054,5.662321284312843,0.40879439189240874,36.0,333504,9.01767007777922,51.94255717808446,25.88671140486925,12.434799305072074,29.651331018518643,0.060476601123809814,56.051109313964844,0.040011957,0.0003,122.41029701983487,-44.830966525607636,124.2894019515426,0.2,0.35474537037037035,1920,-0.033472652419435756
0.8483796296296297,28.13888888888889,0.9124892285498476,13.27001644104779,6.824251450764933,7.900699290944201,0.0,-212.79377379999997,7.449615424198651,17.383463522520113,26.041666666666668,0.12500127123224228,1422,48,194,0.2247112046151868,1.9191354572659969,235,36.64293981481482,13.345065699338656,0.8516295785616675,5.685779943119143,0.40516194825441226,36.0,335232,9.133030932144457,51.95434694847893,25.870891938227118,12.305375442477784,30.121527777777754,0.06068998575210571,1299.7144775390625,0.008636175,0.0003,123.23497723473443,-44.80154478285048,2875.559096498843,0.2,0.06660879629629629,1930,-0.024184549006598968
0.8096064814814815,27.64814814814815,0.9120142908786365,13.019320409907486,6.607690365157346,8.085632669896436,0.0,-213.43629552000004,7.479783592511454,17.367651767902974,26.62037037037037,0.11753169385465036,1430,48,195,0.21701698934604904,1.925526218386017,235,36.59722222222222,13.125997374853704,0.8513094260632497,5.7091990725389,0.40708148162439844,36.0,336960,9.056304448007966,51.94649709557061,25.862314305385635,12.367267325121452,29.788773148148177,0.04633533954620361,279.23443603515625,0.016167374,0.0003,139.6053371394122,-44.772384827225295,475.0955923009802,0.2,0.1537037037037037,1940,-0.03628967894172227
0.8460648148148148,27.555555555555557,0.9152818919366174,12.694640850120795,6.741729410048631,7.67580255691838,0.0,-214.69322808999996,7.510061228431304,17.376947784225973,25.23148148148148,0.12829882477833476,1437,48,196,0.2219453232419275,1.9321864267598297,235,36.59606481481482,13.077108883153784,0.8512121316308386,5.732641441999465,0.4081058817436189,36.0,338688,9.164083349525109,51.93878466330214,25.854792054421395,12.41105436793991,30.17939814814819,0.0326957106590271,2487.798095703125,0.008351471,0.0003,140.8165944090596,-44.79154972500271,5955.934626374421,0.2,0.04675925925925926,1950,-0.021009587910440233
0.8402777777777778,27.796296296296294,0.9181941032946865,12.56308887264549,6.798227457864165,7.382466414236013,0.0,-215.98412440999996,7.540412589736577,17.379033113063027,24.305555555555557,0.12661775184252005,1444,48,197,0.2241300388461395,1.938203968228777,235,36.626157407407405,13.182395000545313,0.8485184675821623,5.756089024782122,0.4095684610515162,36.0,340416,8.907016587578923,51.924639002558195,25.76542329214665,12.44054452210888,29.33304398148153,0.10760551691055298,151.2061004638672,0.03136285,0.0003,118.94894189128169,-44.758810198748556,236.30953083744757,0.2,0.2775462962962963,1960,-0.0394968474732229
0.8229166666666666,28.12037037037037,0.916370779348191,12.914068363997544,7.0239526492912985,7.347119458832165,0.0,-217.54477437000003,7.571088622902249,17.51017509872332,24.189814814814813,0.12158955579810184,1451,48,198,0.23140356110059104,1.9441345361335205,235,36.89293981481482,13.342996255874079,0.8493394629525327,5.779864462528931,0.41336329814371636,36.0,342144,8.87222716189739,51.92397416411223,25.784722198343143,12.570413266269027,29.22453703703709,0.05034923553466797,2956.27685546875,0.007556987,0.0003,127.45555084723013,-44.75546493530273,5810.328589771412,0.2,0.045543981481481484,1970,-0.020269452882240767
0.8408564814814815,28.351851851851848,0.9173524575628923,13.193571257005086,7.138357788269469,7.40897915091445,0.0,-218.81851454,7.6014600822755245,17.43044004035831,24.537037037037038,0.12570307586011265,1459,48,199,0.2350120206260117,1.9505121863182044,235,36.72800925925926,13.446234317821165,0.8502160624284699,5.803440562629826,0.4095054032440644,36.0,343872,9.05106007387358,51.91921447847963,25.80749315096237,12.448583749309897,29.80324074074065,0.03567415475845337,221.7467498779297,0.025771512,0.0003,155.48761762159842,-44.748839653862845,189.0491338659216,0.2,0.25381944444444443,1980,-0.03894276235735527
0.8472222222222222,28.36111111111111,0.92061596576892,13.08955072729297,7.166455954658992,7.274630647028707,0.0,-219.57157459,7.631897917471553,17.434710943328046,24.074074074074076,0.1282434316450488,1466,48,200,0.23612137422533808,1.9572023628360853,235,36.735532407407405,13.44846412560527,0.8494314483419307,5.827027339988146,0.4102860456866202,36.0,345600,9.17607060715231,51.91225392040398,25.7935517879617,12.475134078411424,30.244502314814852,0.05149269104003906,3041.790283203125,0.008046361,0.0003,133.95522581736248,-44.81264459115488,5850.439559823495,0.2,0.05329861111111111,1990,-0.019745059204460295
0.8605324074074074,29.12962962962963,0.925097740592324,14.095280569422988,7.69504160158725,7.392143313142651,0.0,-221.62790063,7.662658616973624,17.526178330577384,24.421296296296294,0.13521952557023342,1473,48,201,0.25374952440978743,1.9632286019462686,235,36.94386574074074,13.808095654693085,0.8487499303489837,5.8508427858145895,0.41486997288462224,36.0,347328,8.910495644073313,51.915381506542644,25.769037605826572,12.604279800828031,29.33304398148151,0.052322328090667725,221.99644470214844,0.021248773,0.0003,144.81110331217448,-44.83342360037344,383.5905546400282,0.2,0.19502314814814814,2000,-0.03814702334261879
0.8466435185185185,29.23148148148148,0.9168802041932158,14.199942420516374,7.709311824043907,7.439183586458977,0.0,-223.18161085,7.693352849341255,17.558985066905368,24.537037037037038,0.12657657273658252,1481,48,202,0.2544500800483244,1.9697691467985894,235,37.010416666666664,13.851447010013489,0.8502070910993998,5.874740248481853,0.41409840391457553,36.0,349056,9.11621794092832,51.919049551012726,25.819154704102512,12.577692947052592,30.034722222222225,0.06321227550506592,3515.945556640625,0.007848925,0.0003,149.9088289508113,-44.870854766280566,7377.518023003472,0.2,0.044444444444444446,2010,-0.02146983582319485
0.8524305555555556,28.222222222222225,0.920144625141102,12.49363228867739,7.101466281387108,6.813951341082518,0.0,-223.80827295000003,7.724138249826771,17.441945055388654,22.453703703703706,0.12667973388744036,1488,48,203,0.23423142272192035,1.9755681649007226,235,36.745949074074076,13.378214666207763,0.847329794925343,5.8983451111203244,0.4147074803222832,36.0,350784,8.81960724085331,51.916857595012004,25.729006264193895,12.614160194206418,29.05092592592591,0.09702408313751221,220.70082092285156,0.034454457,0.0003,144.34615354008145,-44.85247044033474,225.13347614429614,0.2,0.3108796296296296,2020,-0.04254640682979866
0.8483796296296297,28.13888888888889,0.9113669553240465,12.580909958699566,7.084161209192317,6.95679724858872,0.0,-224.40504897000002,7.754799994773605,17.482378952067634,22.916666666666668,0.1235933151986729,1495,48,204,0.2337344186015495,1.9817296681647905,235,36.838541666666664,13.339951500918529,0.8457069064798919,5.922051058500494,0.4134674195162763,36.0,352512,8.964601305627133,51.88387196725677,25.683553470527382,12.564697978733541,29.55005787037043,0.02483820915222168,2525.99072265625,0.009581389,0.0003,148.25543994903563,-44.92405111524794,5428.082800745081,0.2,0.07042824074074074,2030,-0.020093345483420073
0.8408564814814815,28.09259259259259,0.915968662462223,12.35722052742565,7.08446241841236,6.7644637230506115,0.0,-224.99876692,7.785327336024634,17.43132960267056,22.337962962962962,0.12206183225377037,1502,48,205,0.23418857004865493,1.9875442453443457,235,36.70659722222222,13.308294385962677,0.8502091051512851,5.94562938250717,0.4117018942043221,36.0,354240,8.825830871822093,51.94686262907686,25.814754247523187,12.510936500411558,29.06539351851853,0.08713912963867188,351.33807373046875,0.026156776,0.0003,142.17930297851564,-44.914489082053855,342.88964968080876,0.2,0.23912037037037037,2040,-0.043698061702566016
0.8396990740740741,27.425925925925927,0.9134490640897819,11.935315724941027,6.7282670834770615,7.005518754032253,0.0,-226.21049226000005,7.815995851670138,17.45955907163149,23.14814814814815,0.12204531181528844,1510,48,206,0.22205964678912968,1.9934863116465593,235,36.795138888888886,13.001529887431714,0.8496208268553915,5.9692782801862485,0.41382757898298206,36.0,355968,8.876826520885471,51.92751185646561,25.79860773720736,12.56740625820165,29.224537037037035,0.0399056077003479,3010.383056640625,0.010153074,0.0003,140.63838977107295,-44.93539473922164,5678.53812391493,0.2,0.0603587962962963,2050,-0.02494855913575049
0.8350694444444444,28.0,0.9159152433929483,12.852334045137468,6.828929200541086,7.550231011488769,0.0,-227.30048117,7.846555932131055,17.455796521070926,25.0,0.12299384869302418,1517,48,207,0.22491638100818992,1.9995999565235174,235,36.770833333333336,13.273173833107611,0.8508471620669825,5.9929177714889255,0.4120003699554458,36.0,357696,8.945457950783274,51.94271879659552,25.841613089922664,12.524032184366858,29.49942129629628,0.048925578594207764,217.28567504882812,0.026399992,0.0003,162.4050637598391,-44.910627690068,344.1716399581344,0.2,0.24079861111111112,2060,-0.04285580420487181
0.8310185185185185,27.88888888888889,0.9234131350488535,12.800312111695415,6.8705313669285255,7.508996625365058,0.0,-227.12652820000002,7.876910247356636,17.343706481979286,24.884259259259256,0.12513654156077555,1524,48,208,0.22604341174990764,2.0059359745643417,235,36.52893518518518,13.220784119401833,0.8505853440811263,6.0162770376938735,0.40902567627340497,36.0,359424,9.034407216329646,51.9417292639684,25.832776068054,12.441726090232232,29.687500000000075,0.06291157007217407,3292.469970703125,0.010071949,0.0003,134.2502799210725,-44.91346048425745,6649.674310980903,0.2,0.06325231481481482,2070,-0.026532648255427678
0.8460648148148148,27.12037037037037,0.9217978479235958,11.859887284723024,6.861822015703704,6.945061757548135,0.0,-227.45465725000003,7.9072606971037445,17.32060615997373,22.916666666666668,0.12751280420583114,1531,48,209,0.22605599404307453,2.0125226034338293,235,36.50231481481482,12.853003511471185,0.8515238354627678,6.039578553093808,0.40919570682601114,36.0,361152,9.134651547795066,51.98154953051366,25.864716237449233,12.440179898843395,30.09982638888887,0.03210711479187012,192.80003356933594,0.03156689,0.0003,171.15579723693708,-44.85568117212366,344.8879871509693,0.2,0.2898148148148148,2080,-0.04147656866590734
0.8327546296296297,27.62962962962963,0.9098115381047087,12.67850660146755,6.917143850436897,7.461570252408716,0.0,-228.89862012999998,7.937703761314685,17.33453192963799,24.537037037037038,0.1262578609666555,1538,48,210,0.22802183218221697,2.018961496897063,235,36.53993055555556,13.099792498621937,0.8529938420280766,6.0629148829179025,0.41076437480722733,36.0,362880,9.075557385293562,51.98807498409639,25.913748331009504,12.477225684376146,29.890046296296298,0.07621431350708008,3033.001220703125,0.010805858,0.0003,159.5312791471128,-44.85823122660319,6390.649412254051,0.2,0.07181712962962963,2090,-0.026435609503338734
0.8362268518518519,27.407407407407405,0.9190854937665436,13.075426970079347,6.484042939274292,8.398792132039963,0.0,-230.79219627999998,7.968422537478671,17.4039473771308,27.662037037037038,0.12600198070410726,1546,48,211,0.21361398893453698,2.0254004749534564,235,36.66261574074074,12.992591898765092,0.8533518049067997,6.086424751360729,0.41384348268816235,36.0,364608,9.075591222557309,51.981838683686014,25.925584781150945,12.587510465594347,29.911747685185148,0.10093152523040771,216.2543182373047,0.036005165,0.0003,153.5007208470945,-44.82937054104275,321.64559006867586,0.2,0.3209490740740741,2100,-0.04026837396883854
0.8420138888888888,26.861111111111114,0.9181462457461811,12.739015726401634,6.065845507330117,8.739334369630761,0.0,-232.64116842000004,7.999108351494238,17.46003631018084,28.7037037037037,0.12582287779442952,1553,48,212,0.20015270913473668,2.03203877150763,235,36.782407407407405,12.733835849440757,0.8528834165078015,6.110074842136181,0.41369388593193285,36.0,366336,9.155318621669412,51.98425787508242,25.910300584620828,12.574325606226706,30.11429398148148,0.05233132839202881,2828.81494140625,0.010075481,0.0003,177.13319550266974,-44.80788156014901,6677.869947193287,0.2,0.07447916666666667,2110,-0.026637400046887773
0.8263888888888888,27.453703703703706,0.9153694536128932,13.614269372218716,6.218386390381546,9.18157422049763,0.0,-231.88792581000004,8.029023812584073,17.335925918260077,30.208333333333332,0.12248840118214321,1560,48,213,0.20556472305743786,2.038731306942131,235,36.52777777777778,13.01430876133954,0.857110116253728,6.133414656931832,0.40365996268121185,36.0,368064,9.17701417380057,52.02999887334619,26.028244494845755,12.266184435934536,30.222800925925974,0.1444593071937561,104.36356353759766,0.033714887,0.0003,165.98154434892865,-44.77188546922472,226.64234200936775,0.2,0.28952546296296294,2120,-0.04195565257255954
0.8061342592592593,27.40740740740741,0.9076795555209826,13.487073376990073,6.114102908304797,9.187893373779115,0.0,-231.54366915,8.05880117250218,17.34951794361856,30.208333333333332,0.1184436842201026,1567,48,214,0.20229215431521821,2.04585479858423,235,36.5625,12.985077094906162,0.8565051223660788,6.156788451790878,0.40190719027361654,36.0,369792,9.34939665683956,52.016706925553144,26.00943348648242,12.210943967242956,30.794270833333325,0.04302632808685303,3376.44091796875,0.010217916,0.0003,175.11934925008703,-44.80406556306062,5915.8004466869215,0.2,0.07488425925925926,2130,-0.026732879532156167
0.8315972222222222,27.75,0.9139082091257842,13.482987801442235,6.311116844214834,8.816437341353364,0.0,-231.57421904999998,8.088520875134229,17.25702232496406,29.050925925925924,0.12789523662310034,1574,48,215,0.20816699827574722,2.052411688967807,235,36.35243055555556,13.155433615874037,0.854137285907635,6.1799310076032885,0.40092750384449055,36.0,371520,9.122756153430826,51.99884124519017,25.937204175961444,12.187881052819648,30.034722222222193,0.04952365159988403,278.4350891113281,0.030967176,0.0003,170.82272658701297,-44.79429141857006,348.42182588930484,0.2,0.280150462962963,2140,-0.03936571819121363
0.8587962962962963,27.222222222222225,0.9234623821237915,12.939493769531607,6.021114562772337,8.801711564350644,0.0,-232.40123820000005,8.118529893767183,17.290475061240258,29.050925925925924,0.1301479997293896,1582,48,216,0.19790045734644482,2.0585475034873126,235,36.432291666666664,12.916667642408626,0.8590451087573983,6.203157195256389,0.4047562436670549,36.0,373248,8.954325807802267,52.04621408259058,26.085592338818987,12.303607453181998,29.506655092592638,0.03984636068344116,2493.609375,0.012064993,0.0003,160.30005292539244,-44.81865610193323,5335.844045681423,0.2,0.0806712962962963,2150,-0.02924396714747504
0.8240740740740741,28.222222222222225,0.9128849639734689,15.086591292899548,6.522341252524878,9.980795582588554,0.0,-235.22837342,8.149027491560304,17.392142784896617,32.870370370370374,0.123139747228446,1589,48,217,0.21506744829601243,2.0649801298643107,235,36.67418981481482,13.383454457786115,0.8558159198581405,6.22663755221863,0.41192393879929484,36.0,374976,9.073050550799254,52.00861753817326,25.987840819695787,12.499039117248246,29.810474537037106,0.077583909034729,119.03205871582031,0.031203771,0.0003,196.5392315034513,-44.80154082686813,257.15842146696866,0.2,0.2710648148148148,2160,-0.04000698267999622
0.8148148148148148,28.240740740740737,0.911296364060579,14.937110781119825,6.577726912911803,9.761242749564794,0.0,-236.90198615,8.179206636060297,17.350215061832703,32.175925925925924,0.12297044668272264,1596,48,218,0.21660354755502575,2.0714959604521908,235,36.54398148148148,13.39814111864323,0.8576374476081523,6.250013089873212,0.4067416689634055,36.0,376704,9.106332235152003,52.0147560824087,26.0546801514203,12.371657799997001,30.027488425925988,0.04301810264587402,3318.9501953125,0.010352732,0.0003,177.10491269252918,-44.83059019865813,6795.595354094328,0.2,0.07042824074074074,2170,-0.02546622030850914
0.8344907407407407,28.222222222222218,0.9223914756437557,15.02269699339059,6.494510395710652,9.943328300064769,0.0,-238.3437953,8.209810326549073,17.440259735004293,32.870370370370374,0.1265633181071161,1603,48,219,0.21369158849265033,2.078387937883035,235,36.745949074074076,13.384858297615168,0.8559977468045933,6.273613739210723,0.41243800154481797,36.0,378432,9.256790972337617,51.99102254671197,25.998181011902602,12.541476195510747,30.47598379629629,0.046557724475860596,327.9058837890625,0.027001498,0.0003,179.168465229317,-44.842433788158274,481.6594216805917,0.2,0.24947916666666667,2180,-0.039040095704021276
0.8449074074074074,28.537037037037038,0.9096448254164875,14.9129694036133,6.847672916520857,9.33738176660084,0.0,-239.99472720999998,8.240281309167761,17.420016537480173,30.902777777777782,0.12645689775493874,1611,48,220,0.22527920558750444,2.0848341564127635,235,36.72222222222222,13.527914720491601,0.853665875148896,6.297163780554423,0.4112526661961883,36.0,380160,9.078487411891425,51.98714810169011,25.935359783368096,12.488393047474917,29.890046296296305,0.020619213581085205,2691.378662109375,0.011190778,0.0003,205.78628195303457,-44.84257293983742,6218.576264105903,0.2,0.07355324074074074,2190,-0.02771989383596789
0.8009259259259259,28.61111111111111,0.9236985952647314,15.552690698544685,6.739307752109038,10.05469641878375,0.0,-240.69832289,8.270512082040122,17.43070196674182,33.217592592592595,0.12008737515770827,1618,48,221,0.22249336178891177,2.091799600720262,235,36.719907407407405,13.558686527651895,0.8567991275496635,6.320740535471278,0.4077720799925245,36.0,381888,9.286177722999316,51.99005143501781,26.03482553039184,12.392309148944571,30.54832175925928,0.05325382947921753,313.97760009765625,0.02857299,0.0003,175.14602530620715,-44.89066792240849,446.4321825380679,0.2,0.2554398148148148,2200,-0.038641576401682365
0.8506944444444444,28.435185185185187,0.9214982044678193,15.745042462919113,6.69983360515806,10.359175061645622,0.0,-241.12877461999997,8.300790548354287,17.390417141051653,34.25925925925926,0.12783917166899356,1625,48,222,0.22063644340224334,2.098573328637052,235,36.638888888888886,13.48603379611543,0.859058106950498,6.344216578323907,0.40809458724879955,36.0,383616,9.209491166715873,52.01261775432872,26.10344870083125,12.411386525665932,30.360243055555657,0.017995595932006836,3214.18310546875,0.012350885,0.0003,209.9997617094605,-44.8728938208686,6252.791554542824,0.2,0.103125,2210,-0.03105452196603572
0.8420138888888888,28.546296296296294,0.912677833653378,15.969830106931544,6.579167768465052,10.656189829614565,0.0,-242.97196790999996,8.331350200663802,17.4116905642103,35.18518518518518,0.12691333159568818,1632,48,223,0.21728325078336444,2.10511991241498,235,36.697916666666664,13.534472508851929,0.856857987577821,6.367745804734433,0.41179704025048536,36.0,385344,9.11863351117136,52.048990780028156,26.040923022179978,12.523860923806295,30.121527777777775,0.14712786674499512,188.71182250976562,0.02921145,0.0003,206.76487706678884,-44.80264471548575,229.68388324313693,0.2,0.27077546296296295,2220,-0.03949477991296185
0.8379629629629629,28.59259259259259,0.9189737941770567,16.319351414788382,6.523438561911171,11.035633291058687,0.0,-245.35602450000002,8.362215877618816,17.450146628918812,36.458333333333336,0.12419604036690345,1640,48,224,0.21472529878636437,2.1121002209846753,235,36.7662037037037,13.560279561818524,0.8560420789462123,6.39137117130673,0.41587312751320415,36.0,387072,9.292123427878119,52.06196333825062,26.015025558766297,12.646270782005251,30.613425925925988,0.06772631406784058,3028.950439453125,0.010798605,0.0003,179.51164203043336,-44.80436730561433,6236.712532552084,0.2,0.07980324074074074,2230,-0.027297079218206583
0.8466435185185185,28.62037037037037,0.9237106911860408,16.330853987007856,6.5236228130899265,11.03970447576092,0.0,-245.23409523,8.39242490764869,17.33541273282751,36.574074074074076,0.12969517154685015,1647,48,225,0.2145169075877599,2.1190369417270567,236,36.54340277777778,13.56752669815701,0.8589182300394452,6.414709703138799,0.40763726287393465,36.0,388800,9.274688296952467,52.087145902319236,26.10946247290418,12.383612011949714,30.54832175925928,0.1324412226676941,171.4914093017578,0.032754526,0.0003,201.29014205226193,-44.775525637026185,309.2871978194625,0.2,0.2911458333333333,2240,-0.044848548341542484
0.8287037037037037,29.074074074074076,0.912673537909332,16.781647714643363,6.726456905568824,11.069513804934912,0.0,-244.08137965000003,8.42227210109315,17.303047608076394,36.68981481481482,0.1229331471719578,1654,48,226,0.2207748681198135,2.125607666852458,236,36.473379629629626,13.785677004139623,0.8556697686749094,6.43796732215899,0.40291851742327217,36.0,390528,9.128290050160603,52.05829506613188,26.022694322423973,12.238877377783377,30.070891203703784,0.056805312633514404,2765.37451171875,0.010277564,0.0003,198.43575220991065,-44.80307597407588,6405.983897569445,0.2,0.0724537037037037,2250,-0.024370422041802495
0.8506944444444444,28.37962962962963,0.91115496256677,16.08818746659161,6.2361940238870615,11.201902085687534,0.0,-244.34882976999998,8.452367561284007,17.369117500488116,37.03703703703704,0.13100596820743554,1661,48,227,0.20522269747624367,2.1322781931633825,236,36.59722222222222,13.450091357017014,0.8563736299878695,6.46139011591021,0.40538508947458785,36.0,392256,9.168210524369746,52.133385047944074,26.03020785242207,12.33818407634289,30.237268518518526,0.12586241960525513,165.262451171875,0.037628308,0.0003,183.86912583598385,-44.8183260317202,278.5427025406449,0.2,0.30752314814814813,2260,-0.041401433999891636
0.8333333333333334,28.083333333333332,0.9212534005336286,15.641990447167528,5.995597775278854,11.127348511561005,0.0,-246.14560208,8.482580549948997,17.375396480081058,36.80555555555556,0.12648010460843825,1669,48,228,0.19703554428657125,2.139154168789799,236,36.604166666666664,13.31904416032767,0.8540832726466153,6.484828607110413,0.4068389323831732,36.0,393984,9.250390250566571,52.041987206809246,25.961538301492435,12.385195465996317,30.50491898148155,0.050272345542907715,2196.896240234375,0.012083703,0.0003,182.6362120575375,-44.82774888497812,5037.486461046007,0.2,0.0916087962962963,2270,-0.028649165722782966
0.8449074074074074,27.944444444444443,0.9132884664379911,15.959033666400334,5.9807974626546425,11.539636880432942,0.0,-247.45271906,8.51269415849835,17.345929926021537,38.0787037037037,0.12827305188427707,1676,48,229,0.19731413601102132,2.146101641588771,236,36.54398148148148,13.238599323312748,0.8604269996665632,6.508193431925466,0.40633893656351056,36.0,395712,9.278989119588637,52.09966980391047,26.137687897215745,12.345443419741315,30.519386574074066,0.07695925235748291,182.2537841796875,0.0266137,0.0003,239.0254511585942,-44.78748767994068,413.3231895164207,0.2,0.25127314814814816,2280,-0.0414332724072867
0.8570601851851852,28.037037037037038,0.9249146519813629,15.545990463809023,6.225866946326632,10.829261550229743,0.0,-249.03346949,8.543070885741379,17.422240309752535,35.763888888888886,0.1336881611862152,1683,48,230,0.20512472010611726,2.1534218723829013,236,36.70659722222222,13.290861967252647,0.8574100878421741,6.531749032699848,0.40958730909642926,36.0,397440,9.428092317652213,52.082902031203844,26.053124472100777,12.45069089721128,31.047453703703724,0.024072766304016113,3111.045166015625,0.01194913,0.0003,187.95105352401734,-44.84904724403664,6853.208997034143,0.2,0.08310185185185186,2290,-0.025878261616108594
0.7957175925925926,27.527777777777782,0.9107455812008247,15.061773383711833,6.118284087587884,10.680112958910122,0.0,-251.36194881,8.57357781886102,17.41434499940413,35.300925925925924,0.1164312178858081,1690,48,231,0.20077515133762638,2.1603928781710113,236,36.6880787037037,13.063376337213827,0.8598463756808798,6.555284895198358,0.41099854350624176,36.0,399168,9.288402315243959,52.175547659224115,26.129462446099268,12.502773247856169,30.57725694444448,0.10270756483078003,225.03091430664062,0.040171307,0.0003,226.33432152889392,-44.809567571569374,332.7031699286567,0.2,0.3411458333333333,2300,-0.04099055744569611
0.8165509259259259,27.62962962962963,0.9114413422428432,14.730465748866731,6.085337569627069,10.350980007001574,0.0,-251.00588927,8.603662669332595,17.259459958913062,34.14351851851852,0.12474347933239889,1697,48,232,0.20042761615226326,2.167302204127658,236,36.364004629629626,13.094148172238087,0.8558672211496045,6.578433545095641,0.4055688360277012,36.0,400896,9.263730382658796,52.102291677608456,26.01217194967461,12.333940188629875,30.519386574074087,0.05135577917098999,3511.74462890625,0.009728963,0.0003,220.66580422895927,-44.80732348406757,6558.312830946181,0.2,0.06394675925925926,2310,-0.025520839193766867
0.8472222222222222,27.75,0.9142019567490132,15.37992688504802,6.012538502208993,11.010715607377364,0.0,-251.54564622,8.633934050511733,17.28324638708887,36.34259259259259,0.1304075210452662,1705,48,233,0.19803214458697802,2.1748274868753805,236,36.420138888888886,13.156672775461663,0.8554690177792484,6.601641661063363,0.4079876448554496,36.0,402624,9.510113099088862,52.07857544259989,25.991833275987698,12.408552471655474,31.300636574074094,0.05424755811691284,547.7640991210938,0.026623841,0.0003,223.91820219181201,-44.761857703880025,725.5207278781467,0.2,0.22824074074074074,2320,-0.04237437544528533
0.8414351851851852,28.009259259259256,0.9184851464467262,15.618810045100327,6.122943457570462,11.006892715699026,0.0,-253.85869761,8.664411971248263,17.41652837807322,36.34259259259259,0.1306435314407834,1712,48,234,0.20095814614448318,2.1818480381884604,236,36.697916666666664,13.288973871830839,0.856854212973824,6.625182982008546,0.41077083725506497,36.0,404352,9.308220525231958,52.11902891865386,26.027162555051675,12.491168294612221,30.64236111111111,0.05359184741973877,3137.6923828125,0.0118627185,0.0003,208.63826757183782,-44.788737247608324,6987.076121238426,0.2,0.08182870370370371,2330,-0.028606756776571273
0.8373842592592593,27.722222222222218,0.9145310694128367,15.983817004145736,6.2341581220943425,11.41901907961767,0.0,-255.91723132000004,8.695241277833151,17.41542202395136,37.61574074074074,0.12327068099875066,1719,48,235,0.206632638434765,2.1888114925582975,236,36.675925925925924,13.130639802433725,0.8570032025727228,6.6487215370684245,0.4149374288444829,36.0,406080,9.285381747934878,52.11804438535595,26.022781510710548,12.631722633955468,30.620659722222193,0.1161884069442749,150.0529327392578,0.03366123,0.0003,224.17843837384825,-44.79513004444264,361.8922179045501,0.2,0.3023726851851852,2340,-0.03493389747864394
0.8425925925925926,27.84259259259259,0.909454447987246,15.967125497744522,6.39410325572702,11.192538727322892,0.0,-256.88794536999995,8.725706723756248,17.326643989834356,36.805555555555564,0.1281427069026174,1726,48,236,0.21206908279863154,2.1958935990250086,236,36.515625,13.18048351469461,0.8581594506153846,6.67203814704301,0.4106789665979651,36.0,407808,9.332842586684434,52.1335418508904,26.069254594722977,12.486178369238834,30.78703703703702,0.038416147232055664,3164.41845703125,0.010398983,0.0003,218.3350534580372,-44.82392893190737,6606.499889684606,0.2,0.07546296296296297,2350,-0.025084734735665498
0.8796296296296297,26.86111111111111,0.9147800157620631,15.54089547057317,5.943064346125364,11.6641107079844,0.0,-255.79956180000002,8.75602264347856,17.218738241952785,38.425925925925924,0.13435666404614457,1734,48,237,0.19608771830442964,2.2024784889443323,236,36.28414351851852,12.733720416463406,0.8564832038209141,6.695084992647892,0.408896840059629,36.0,409536,9.133955967729415,52.041084737023105,26.016153938501265,12.426367888924652,30.107060185185144,0.06574583053588867,447.6336364746094,0.026881108,0.0003,192.7067685921987,-44.84789016158493,656.4805686102973,0.2,0.23315972222222223,2360,-0.0367671157233417
0.8200231481481481,27.462962962962965,0.9134987484809685,15.935827486031167,6.188988305269365,11.53041247811715,0.0,-257.58450563,8.786564312291778,17.43150733158858,37.96296296296296,0.12282671352534347,1741,48,238,0.20456284690308876,2.2099573109305144,236,36.73668981481482,13.016426702644653,0.8550635665068618,6.718663760976864,0.41156720281721537,36.0,411264,9.491528794472897,52.04069004868629,25.971885621936632,12.51666752528675,31.286168981481485,0.030412375926971436,3608.19921875,0.01107322,0.0003,193.45434262840837,-44.86529673823604,7415.391389973958,0.2,0.07065972222222222,2370,-0.027128322474244567
0.8240740740740741,27.453703703703706,0.9148084690992832,16.256076522055125,6.421098158384436,11.620518750887276,0.0,-259.46458108,8.817106476599914,17.37546284434429,38.31018518518518,0.12459896751889309,1748,48,239,0.2116604077258862,2.2167685617317683,236,36.586226851851855,13.014459612783412,0.8603477613569245,6.7421024180877245,0.4110251191569631,36.0,412992,9.224500320501617,52.13058797603177,26.13878009321294,12.516865723254073,30.389178240740737,0.08532649278640747,447.29296875,0.034073416,0.0003,231.482696529671,-44.847893241599756,400.22329378481265,0.2,0.309375,2380,-0.03972512047254929
0.8379629629629629,27.777777777777782,0.916413877557818,15.887893240338746,6.53696623500113,10.980308287554152,0.0,-258.8204702,8.847102684065934,17.25831412995197,36.34259259259259,0.12940843951056258,1755,48,240,0.21502595224296425,2.2240665499875485,236,36.357638888888886,13.170618717783464,0.8591163600452315,6.765248203412605,0.4038449393375912,36.0,414720,9.41919530231209,52.157903008624025,26.088909358046923,12.298482986407949,31.061921296296372,0.04141026735305786,2748.219482421875,0.0140041625,0.0003,210.38743737715262,-44.8684647736726,5558.597328920718,0.2,0.12083333333333333,2390,-0.03411763635705466
0.8518518518518519,27.35185185185185,0.91779219861429,16.004351224089188,5.990520431425466,11.830477350152492,0.0,-259.4340368,8.877446691273414,17.38516032992961,39.004629629629626,0.13339881847655033,1763,48,241,0.1962589543089799,2.2312202643419927,236,36.6255787037037,12.98335344251123,0.8565491429692003,6.788711104237429,0.40900198098640944,36.0,416448,9.36148574177762,52.01638593950071,26.018720344969307,12.437602882991811,30.794270833333396,0.03986102342605591,472.30364990234375,0.021127133,0.0003,249.21717402493513,-44.85794492650915,679.8639305962456,0.2,0.20943287037037037,2400,-0.03595215917254488
0.8547453703703703,27.12962962962963,0.9265493040398256,15.69758792201949,5.773427375949962,11.858934672274602,0.0,-260.96155698999996,8.907750664078625,17.30822953982568,39.120370370370374,0.1304018091817102,1770,48,242,0.18959652950151398,2.2382873119614866,236,36.469907407407405,12.865225873794927,0.853647738135835,6.811981678086993,0.40887283335279406,36.0,418176,9.326819047797544,52.03273727049302,25.94061129459958,12.421589122084084,30.72916666666667,0.05968230962753296,3976.406005859375,0.0109744705,0.0003,277.3281159206673,-44.90188691880968,7335.702676504629,0.2,0.08506944444444445,2410,-0.02751828974492296
0.8431712962962963,28.12037037037037,0.9131379159679853,16.606709860358734,6.477531906442025,11.60355130236483,0.0,-261.76834132,8.937993111810622,17.32163683038073,38.31018518518518,0.12918239220779887,1777,48,243,0.21353754565992222,2.2454698888113294,236,36.488425925925924,13.325626651551877,0.8530452608149264,6.835285770162945,0.40758733188643986,36.0,419904,9.373030739937112,52.00227156056915,25.91092959439099,12.396979092798766,30.881076388888847,0.08436638116836548,208.1389617919922,0.02741203,0.0003,251.89125059975518,-44.88037909048575,443.1507360952872,0.2,0.24010416666666667,2420,-0.0370147979275013
0.8177083333333334,27.962962962962962,0.9098467625659318,16.392098394916793,6.672011843419752,11.26010866021142,0.0,-264.26358313000003,8.968606174760799,17.379461972039397,37.38425925925926,0.12530677601812834,1784,48,244,0.21860211308454644,2.2526126880502377,236,36.616898148148145,13.259977891285622,0.8569006610897145,6.8587344250930435,0.41275887436874154,36.0,421632,9.357119695563297,52.10295854717822,26.027876942922244,12.545225180070767,30.77980324074078,0.07847756147384644,3680.56005859375,0.010456373,0.0003,250.578240525281,-44.91675961812337,7338.015001085069,0.2,0.08263888888888889,2430,-0.02696763856715902
0.8310185185185185,27.925925925925924,0.9086443774627193,16.11911212680281,6.611921658116525,11.072135342790775,0.0,-265.95022583,8.999087450891938,17.3709550371999,36.574074074074076,0.12352348457032422,1791,48,245,0.21756313808430514,2.259689363027579,236,36.60648148148148,13.235055125895508,0.8587107296278947,6.882161812686043,0.4110207703395327,36.0,423360,9.330669990936448,52.057297627802406,26.084229769521215,12.492510452455717,30.765335648148227,0.105083167552948,207.55499267578125,0.03131215,0.0003,261.2893553680844,-44.876453964798536,403.52464297259297,0.2,0.2788773148148148,2440,-0.03800081225388028
0.8339120370370371,28.416666666666668,0.9153216205203302,16.986771269029525,6.783912758745404,11.54443941202576,0.0,-266.49791419,9.029497756616207,17.384613382596694,38.0787037037037,0.12389253637203794,1799,48,246,0.2235726139434996,2.267214229436463,236,36.60243055555556,13.458419098258362,0.8629404856542813,6.9056233461425345,0.4091892562626334,36.0,425088,9.509946563553518,52.11633823216821,26.20617899745548,12.464122289707703,31.365740740740765,0.037692487239837646,2822.975341796875,0.012447978,0.0003,227.35787084190935,-44.91870676676432,6613.323169849537,0.2,0.10173611111111111,2450,-0.03000636714062205
0.8211805555555556,28.11111111111111,0.9161028956420934,16.669468214177734,6.548901278359712,11.589372501592768,0.0,-266.6729686,9.059694844492824,17.294765570950748,38.31018518518519,0.12785318229854908,1806,48,247,0.2155064204737226,2.2745151092660842,236,36.441550925925924,13.331194434225253,0.8604531127166894,6.928860260069912,0.4070911314813478,36.0,426816,9.420351931848536,52.10384743867505,26.13899426217873,12.378835150646907,31.00405092592595,0.0416102409362793,358.99884033203125,0.024912668,0.0003,270.3610334908521,-44.85281376308865,651.1761470088252,0.2,0.24172453703703703,2460,-0.03984089115358613
0.8269675925925926,28.11111111111111,0.9136855370786754,16.569386170606453,6.701576448834217,11.335925499744945,0.0,-267.52171272,9.090231405522724,17.367691770075854,37.5,0.12406415882579275,1813,48,248,0.22022866109339137,2.2813388967022585,236,36.5943287037037,13.331884222027291,0.8618875419658824,6.952279489495101,0.4115482399578731,36.0,428544,9.229514974469788,52.04724895385137,26.182622793330992,12.514624411960057,30.432581018518604,0.07185971736907959,2859.747314453125,0.013017316,0.0003,263.80461916923525,-44.87311628836173,5648.709389467593,0.2,0.1021412037037037,2470,-0.029636351676243875
0.8379629629629629,27.666666666666668,0.9117420976682398,15.255689269660314,6.899932419170656,10.059936312368286,0.0,-268.31054056,9.120523139407016,17.316056185442424,33.333333333333336,0.12526312032942807,1820,48,249,0.22787585155712578,2.2881156897447354,236,36.46296296296296,13.095820538121371,0.8586621210315943,6.9755696299587076,0.40776505100647653,36.0,430272,9.210717216990743,52.04064806515,26.065384644494703,12.416693553717145,30.360243055555518,0.16830486059188843,178.62644958496094,0.029630302,0.0003,279.3902912563748,-44.875858575326426,331.3417186030635,0.2,0.258912037037037,2480,-0.04077282429638284
0.8003472222222222,27.287037037037038,0.9168177647489445,14.886696009753203,6.5547185125237135,10.21031999298063,0.0,-269.21332265999996,9.150964892746774,17.36243481511244,33.7962962962963,0.11910225241419502,1828,48,250,0.2163259169464583,2.294829584844819,236,36.59375,12.921657504248861,0.8581896713205444,6.998975716996489,0.4102178942362618,36.0,432000,9.18555804003332,52.07936923798206,26.057427273133825,12.4767013359033,30.36747685185182,0.04294997453689575,2835.491943359375,0.01369744,0.0003,232.90452470956026,-44.86057054025156,5459.869108072917,0.2,0.11944444444444445,2490,-0.03622597979761108
0.8535879629629629,26.953703703703706,0.9169937154243959,15.491860667172924,6.240597956269237,11.281545412876858,0.0,-270.15645685999993,9.181101446332155,17.273172965592327,37.26851851851852,0.131094171513731,1835,48,251,0.20589698889553718,2.3023590570892147,236,36.39930555555556,12.769717298026828,0.8601300921399683,7.0221586494104695,0.40633282268834314,36.0,433728,9.511788897758326,52.09319167615632,26.105992017117455,12.354621434152333,31.365740740740744,0.09950274229049683,376.3225402832031,0.028927961,0.0003,307.06660081368904,-44.82086637991446,469.1509572347005,0.2,0.27413194444444444,2500,-0.04138406651715438
0.8616898148148148,27.06481481481482,0.9138419167453228,15.934201465272197,6.219296087855277,11.705256589729006,0.0,-271.29318113000005,9.211285109263331,17.386068998406085,38.773148148148145,0.12966954629651684,1842,48,252,0.2052992150546424,2.310274621839129,236,36.61168981481482,12.809648787687914,0.8616695023079158,7.045623821906485,0.40648523109955653,36.0,435456,9.666225899965626,52.12369782274459,26.15463252977128,12.373465172470326,31.828703703703667,0.049492597579956055,2903.19287109375,0.013879768,0.0003,241.77209317419263,-44.887127219306095,6728.42939453125,0.2,0.11006944444444444,2510,-0.03005142662053307
0.8125,26.833333333333332,0.9146013630396506,15.541774080456813,6.218494056320935,11.39865530861612,0.0,-273.66678713,9.241891258307016,17.418328124965253,37.731481481481474,0.12191755702928823,1849,48,253,0.20417754494484283,2.3175940464149787,236,36.692129629629626,12.724624715519758,0.8694914115158808,7.069169642218898,0.4125720899360573,36.0,437184,9.42776983033995,52.13971932036006,26.41129915166861,12.54245961747385,31.0619212962963,0.1251932978630066,321.5878601074219,0.035293873,0.0003,253.81468876556113,-44.9153450012207,526.7113621464482,0.2,0.29010416666666666,2520,-0.04066923626319126
0.8634259259259259,27.51851851851852,0.9162207946355774,16.10120506328049,6.546299327084722,11.305845806163516,0.0,-275.08294492,9.272108878774317,17.40010063681707,37.26851851851852,0.13160876901886653,1856,48,254,0.2151726612385064,2.3251038791708676,236,36.651620370370374,13.049059930032248,0.8657709055703617,7.092669893810941,0.40706750656291785,36.0,438912,9.503933102355637,52.1035315384728,26.283468442024148,12.387048186920453,31.257233796296244,0.06662625074386597,3562.056640625,0.011856594,0.0003,274.9850859889278,-44.931769067269784,7226.181689453125,0.2,0.08287037037037037,2530,-0.0297002976320477
0.8744212962962963,28.740740740740737,0.9194963776815241,16.627955800140697,7.3314233203496535,10.468948087609219,0.0,-275.77107508,9.302598949266956,17.484841308413944,34.72222222222222,0.1339143485729418,1864,48,255,0.24112113297399876,2.332448598905179,236,36.8587962962963,13.627584392181824,0.872080097518967,7.116381997081976,0.41154220803885927,36.0,440640,9.437887893724575,52.193699408673474,26.507047046396536,12.496028197056084,31.076388888888843,0.1463305950164795,156.86907958984375,0.029433625,0.0003,265.0934745611968,-44.906625224925854,504.9544437549732,0.2,0.2579282407407407,2540,-0.03737046051666969
0.8368055555555556,28.75,0.9151309281714348,17.513808049081877,6.976918491595497,11.684434764003727,0.0,-278.88154668000004,9.333416734729008,17.523477640646774,38.541666666666664,0.12561939470281996,1871,48,256,0.22871211486810072,2.340037223133127,236,36.91493055555556,13.652454793482653,0.8655363518180804,7.140190691183593,0.4149969911025475,36.0,442368,9.535449691179165,52.13796383536377,26.305842019234763,12.627114184820563,31.372974537037052,0.08037549257278442,3037.305419921875,0.014668464,0.0003,257.2621988685043,-44.974190323441114,6299.721947337963,0.2,0.12725694444444444,2550,-0.030664160217296472
0.8292824074074074,28.916666666666668,0.9196315202205757,17.641375802013776,7.014820544169573,11.698623853746222,0.0,-280.89449423,9.364319252969663,17.491812958153293,38.65740740740741,0.12500198713274654,1878,48,257,0.22993068878817838,2.347629767560918,236,36.8599537037037,13.727931404097982,0.8695754996104398,7.163920223578976,0.4166160669414757,36.0,444096,9.53701777111653,52.211261227268956,26.444806706847334,12.661007296262008,31.459780092592514,0.1733074188232422,358.9331970214844,0.033235434,0.0003,287.28251357961585,-44.96496036670826,409.2548143740054,0.2,0.2839699074074074,2560,-0.042105345598732434
0.8298611111111112,29.14814814814815,0.9164234542551931,17.400941868762853,7.096650977924969,11.272113996308699,0.0,-280.96653498,9.39494249799713,17.434323075343926,37.26851851851852,0.12179254522225974,1885,48,258,0.23299577042507003,2.3552867714226484,236,36.73206018518518,13.832176894529185,0.8646548748068215,7.187506031267335,0.4129899926478958,36.0,445824,9.562801544692286,52.18895745367303,26.273845080836775,12.549298010986512,31.474247685185148,0.06851530075073242,3509.76953125,0.011413722,0.0003,284.649231229005,-44.98126253198694,7081.579701967593,0.2,0.08466435185185185,2570,-0.028285067578501723
0.8315972222222222,28.509259259259256,0.9150698854330104,17.15803737930617,6.807360969449749,11.612858431138568,0.0,-281.86966526,9.425490178398599,17.537752240258783,38.19444444444444,0.1208717576329206,1892,48,259,0.22361467022242767,2.36344454716035,236,36.958333333333336,13.537817978717852,0.8679293103116237,7.211350411867982,0.4116749580467217,36.0,447552,9.763110295080615,52.224877534020266,26.382950989076296,12.51907216058724,32.183159722222236,0.02930694818496704,668.0399169921875,0.023423703,0.0003,329.2023246659173,-44.98096433568884,763.3112362331814,0.2,0.2115162037037037,2580,-0.035409880443303676
0.8478009259259259,28.62037037037037,0.9157410376429543,17.53738264541791,6.796065411690854,11.951111784510786,0.0,-283.09213010999997,9.456205365287602,17.52667787940927,39.236111111111114,0.12227276592908974,1900,48,260,0.22332506006541483,2.3711264035813753,236,36.923611111111114,13.59020544921627,0.8687936445303716,7.235167106566505,0.4138813544790247,36.0,449280,9.572742568410236,52.25933003070683,26.411104035476395,12.586074755600954,31.495949074073966,0.05283987522125244,3533.887451171875,0.012500135,0.0003,304.9194213831866,-45.046875409726745,7742.871280020255,0.2,0.09508101851851852,2590,-0.028947539913847492
0.8327546296296297,28.925925925925924,0.9150322204696392,17.376692343253936,6.984072166058435,11.47239953400989,0.0,-285.02805885000004,9.487098003426025,17.55895665896759,37.84722222222222,0.12010789712530327,1907,48,261,0.22975046916819764,2.3789836259370323,236,36.99305555555556,13.720220643185613,0.86919533555937,7.259064498213924,0.4164618484967698,36.0,451008,9.642888942262728,52.27197338367417,26.41580997957494,12.657055255369551,31.734664351851794,0.0646480917930603,246.65919494628906,0.027365778,0.0003,315.2511139763726,-45.03427578961408,697.3172627766927,0.2,0.24421296296296297,2600,-0.04165870258067217
0.8692129629629629,28.777777777777782,0.9246372092234145,17.27030994939183,7.0711041969831,11.341737299324338,0.0,-285.81847015,9.517699993772146,17.531597595446524,37.38425925925926,0.12811481987126455,1914,48,262,0.23242678577325407,2.3869488072908696,236,36.93402777777778,13.657468453084391,0.8652342212531831,7.282893492202541,0.41205382185883593,36.0,452736,9.686072541534989,52.15401842231993,26.294853307968342,12.540796138447915,31.92997685185174,0.04990130662918091,5089.6083984375,0.011250722,0.0003,328.67239239304155,-45.07967539186831,10442.877038122106,0.2,0.08287037037037037,2610,-0.02537228839851364
0.8304398148148148,28.37962962962963,0.9192205517453532,16.912601197345992,6.889964669309125,11.349253112422732,0.0,-285.9186018,9.548546985076577,17.412068886799826,37.38425925925926,0.12140091425327162,1921,48,263,0.22670396080527522,2.3942130668835486,236,36.679398148148145,13.473383415614137,0.8646176116813157,7.30642366441954,0.4157918981163192,36.0,454464,9.405703837071709,52.13680831724077,26.26913041418024,12.638796521772468,30.938946759259256,0.028271138668060303,381.7884521484375,0.024525603,0.0003,333.21025790108575,-45.083131592362015,1008.2654181586372,0.2,0.22870370370370371,2620,-0.03921685938343958
0.8136574074074074,28.277777777777775,0.9066153348544018,16.998040947569418,6.922802665217706,11.443503938680822,0.0,-288.16964555999994,9.579621123304413,17.51309932658407,37.73148148148148,0.1171773409876971,1928,48,264,0.22742195075899518,2.4016858979222,236,36.90277777777778,13.43173434367089,0.8671471815517878,7.3302064127360005,0.4192585599280282,36.0,456192,9.489132415460643,52.15122765636399,26.337838846802185,12.729655291134714,31.2210648148148,0.05993252992630005,3709.2294921875,0.012592205,0.0003,288.54304340857044,-45.09121062667282,7766.0829861111115,0.2,0.09114583333333333,2630,-0.027291953322236186
0.8530092592592593,28.787037037037038,0.9165663171470306,17.780937797051678,7.1295749045669154,11.798909547230155,0.0,-289.36120928,9.610296067050971,17.443057254543387,38.773148148148145,0.12679028558779754,1936,48,265,0.23532024501532853,2.4096199711598514,236,36.764467592592595,13.652453345254605,0.8663017345597313,7.353814055872359,0.4135679397337197,36.0,457920,9.673629295060552,52.17788924727111,26.321979103073247,12.569977498623006,31.835937499999936,0.06890648603439331,215.2255096435547,0.032476854,0.0003,271.2660604159037,-45.09865943060981,666.0546451144749,0.2,0.29050925925925924,2640,-0.03724202209290255
0.8501157407407407,29.018518518518515,0.9217144708730702,18.24084950057935,7.084606461691069,12.180108782404398,0.0,-289.22161251,9.641196436377928,17.469021969768402,40.16203703703703,0.12948634507804901,1943,48,266,0.2329286605544716,2.4170420362136467,236,36.8130787037037,13.776134256483884,0.8678613616174421,7.3774866107967805,0.41614499976523905,36.0,459648,9.468826021518153,52.199583763163425,26.38037470861636,12.660147730783272,31.163194444444404,0.014561951160430908,2908.55712890625,0.014121078,0.0003,292.80516446431477,-45.143770670007775,5476.407013165509,0.2,0.11498842592592592,2650,-0.02986945890373102
0.8622685185185185,28.537037037037038,0.9214208696497044,16.880692837542014,7.33734412890779,10.804369035116073,0.0,-291.43785604,9.672416715623731,17.516486267644073,35.53240740740741,0.12493009895599023,1950,48,267,0.24253046970500383,2.424089312054383,236,36.91493055555556,13.53897967351815,0.8681022288293394,7.401277826465891,0.42096431194256895,36.0,461376,9.318910336294605,52.19173334634565,26.38671432143452,12.788111698321416,30.700231481481417,0.0715973973274231,444.3601989746094,0.032461397,0.0003,315.7593477708322,-45.168329055220994,701.8947140728986,0.2,0.2683449074074074,2660,-0.034192018029797405
0.8587962962962963,28.60185185185185,0.919665828012991,17.42703375255753,7.281426828920883,11.379606226610854,0.0,-294.88629614999996,9.704098673964092,17.625990252727558,37.38425925925926,0.12663398342502086,1957,48,268,0.2408341371966165,2.431194033926483,236,37.14351851851852,13.566000697025794,0.8646659306280947,7.42534280209771,0.4264935856196338,36.0,463104,9.341888748839866,52.15616771556588,26.272165506066557,12.972783336144621,30.736400462962965,0.031536996364593506,5376.060546875,0.009161373,0.0003,326.6670760507937,-45.199994504010235,12166.296274594908,0.2,0.06533564814814814,2670,-0.025285940034383978
0.8362268518518519,28.25,0.9228861065150313,16.361395341316957,7.293429600291346,10.487011614293701,0.0,-297.9534536,9.735927803654937,17.671386909837754,34.72222222222222,0.12589522840236866,1965,48,269,0.24079946961567278,2.4383789299860545,236,37.248263888888886,13.380954126731908,0.8638692831151689,7.449521269372304,0.428521208825233,36.0,464832,9.373958423828551,52.23410542526863,26.242602193154028,13.031651876337795,30.881076388888815,0.05980175733566284,463.12408447265625,0.020280607,0.0003,361.44324858983356,-45.17726180465133,1140.7837259928385,0.2,0.18460648148148148,2680,-0.038388034823799023
0.8530092592592593,28.12037037037037,0.9232696997880522,15.978538492172268,7.097817804742431,10.353225222507065,0.0,-298.56845083,9.767389604141862,17.62582664416209,34.25925925925926,0.12346447520413888,1972,48,270,0.23413372104379113,2.4452321502969876,236,37.12731481481482,13.327495464922771,0.8647255666829454,7.473585835982709,0.42420431013174076,36.0,466560,9.241288124373186,52.20367096232706,26.29317689446791,12.884720194769857,30.36747685185181,0.05341923236846924,3500.943359375,0.01232964,0.0003,337.3741355189571,-45.21434286612052,8068.131615306713,0.2,0.10630787037037037,2690,-0.02937362336864074
0.8015046296296297,27.48148148148148,0.917241809930782,15.68388524950116,6.857327910287704,10.58667216642493,0.0,-298.13373191999995,9.798727581119207,17.587745986849754,34.9537037037037,0.11607901377856908,1979,48,271,0.22599714033401444,2.4523382623456884,236,37.054976851851855,13.039885172788525,0.8688824965436716,7.497555200949833,0.42198551422107067,36.0,468288,9.34244481948033,52.20506884303598,26.40825269599171,12.835190790938375,30.721932870370303,0.053593575954437256,656.9856567382812,0.02289331,0.0003,347.8131566012347,-45.220718737001775,840.2963986997252,0.2,0.2125,2700,-0.03476439201169544
0.8443287037037037,27.509259259259256,0.9213562355530277,15.375160086305439,6.666736761837686,10.466851939546219,0.0,-297.86084446,9.829734522240456,17.519876581276133,34.60648148148148,0.12557377588278915,1987,48,272,0.22022541809986926,2.4595945543694078,236,36.917245370370374,13.041571384921534,0.8615337398378204,7.521354892403023,0.4179673296338074,36.0,470016,9.402516809487823,52.06506627543964,26.168516318193117,12.702776448499101,30.960648148148138,0.036741554737091064,3733.308349609375,0.011171515,0.0003,335.5498895291929,-45.22792369701244,7551.137398726852,0.2,0.08993055555555556,2710,-0.02731143886361409
0.8385416666666666,28.12037037037037,0.9239470453469335,16.42742372209052,7.441460420879753,10.464980175069273,0.0,-300.2683093,9.86169212663762,17.654425641034823,34.606481481481474,0.12305752449415482,1994,48,273,0.2460621148779296,2.466127381425112,236,37.201967592592595,13.320983126141494,0.8687579116791083,7.54549095650561,0.4300885900720659,36.0,471744,9.113130822281656,52.223911934165216,26.385756015830097,13.083041758865804,30.005787037036974,0.047314226627349854,401.1164245605469,0.026130203,0.0003,350.54982044078685,-45.169011448047776,920.0050089518229,0.2,0.2563078703703704,2720,-0.0423857631403263
0.8327546296296297,28.87962962962963,0.9190468854827366,17.117915041176083,7.787812226484804,10.452708690642057,0.0,-303.32786848,9.893390868570272,17.716155938148315,34.60648148148149,0.11807026906461303,2001,48,274,0.2578047871785795,2.4732764080821643,236,37.31597222222222,13.677394124049222,0.8670876866921061,7.569781346350981,0.42689529946175403,36.0,473472,9.359610662820854,52.16226918831103,26.32998496973791,12.979496773060816,30.81597222222211,0.09583830833435059,3911.4677734375,0.011789608,0.0003,356.80831534774217,-45.168715992680305,7132.480365668403,0.2,0.09016203703703704,2730,-0.029150866454950086
0.8385416666666666,29.12037037037037,0.9221372393508434,17.675770165011244,7.892752702448431,10.775982895938085,0.0,-304.20704135,9.924923663022144,17.71519232083618,35.64814814814815,0.12391633993429708,2008,48,275,0.2611435311598664,2.4806346340779695,236,37.33101851851852,13.807034566624727,0.871815389335599,7.594069327153071,0.4243876959052719,36.0,475200,9.4432903983221,52.243057549851834,26.4659215364582,12.913117780748456,31.155960648148085,0.18631815910339355,337.829345703125,0.034201093,0.0003,381.52671957369205,-45.13389550668222,394.6965471055773,0.2,0.3031828703703704,2740,-0.041068760757507
0.7939814814814815,29.12037037037037,0.9087975040809206,17.826361369294737,8.12270345253047,10.696522431311456,0.0,-306.82419311999996,9.957183777630021,17.71230544321657,35.30092592592593,0.11731208141059332,2016,48,276,0.2687227071042051,2.4875194097386277,236,37.322916666666664,13.80713548545281,0.8712340096759887,7.618350090761113,0.4347086046869127,36.0,476928,9.253910264263256,52.26260788250033,26.461513415633224,13.204045843151363,30.40364583333325,0.07769232988357544,3569.41259765625,0.010912884,0.0003,321.5120780097114,-45.12885801527235,7543.265503833912,0.2,0.07581018518518519,2750,-0.027582537976128085
0.8402777777777778,28.796296296296294,0.9190346080206387,17.11231291211522,7.604054773955383,10.666235465282956,0.0,-307.24497149,9.98888306975807,17.583304167737996,35.18518518518519,0.12249818247939223,2023,48,277,0.25249990022893753,2.4938858367244747,236,37.035879629629626,13.642022672876882,0.870853958487936,7.642308351180458,0.42648602516739104,36.0,478656,9.046570794338763,52.242570930670446,26.436944131857484,12.9797168512195,29.81047453703711,0.15084725618362427,684.4415893554688,0.0311223,0.0003,355.4991795893069,-45.12527423434787,564.7094056306062,0.2,0.2733217592592593,2760,-0.039720119284120975
0.8535879629629629,28.675925925925924,0.9234437728300057,16.978210885247258,7.301604740651499,10.883426562501887,0.0,-306.54774412,10.020672905816307,17.699272235898594,35.995370370370374,0.1268678313227847,2030,48,278,0.24130027421929592,2.5006950141403856,236,37.317129629629626,13.59317958209387,0.8732399968899847,7.666556531770205,0.4287012958365632,36.0,480384,9.223670966364306,52.25488792179445,26.50198181191958,13.015934423294498,30.381944444444418,0.04607439041137695,2902.09375,0.01217342,0.0003,337.4968074657299,-45.13063470345956,5422.5053114149305,0.2,0.09149305555555555,2770,-0.02506786303560215
0.7847222222222222,29.037037037037038,0.9168310112176402,17.17683778816687,7.4250884744123296,10.782504830453725,0.0,-306.2995877,10.051542436815426,17.5765197273164,35.763888888888886,0.11236411471151429,2037,48,279,0.24502372404274295,2.507861642847785,236,37.030092592592595,13.769244483300817,0.869836854165806,7.6904978310884955,0.41634183579274514,36.0,482112,9.366651482959636,52.26157143782623,26.395908940882013,12.647812399647627,30.794270833333304,0.07928293943405151,676.6708984375,0.03213093,0.0003,413.0747445848253,-45.14078537269875,507.67596249050564,0.2,0.27818287037037037,2780,-0.03785956859830077
0.8130787037037037,28.731481481481485,0.9256590378386031,17.0038473901077,7.291745867191655,10.893577094901767,0.0,-305.55593547,10.082666449265828,17.56732492552758,36.11111111111111,0.11757878309771636,2045,48,280,0.24083718227434317,2.515147871944654,236,37.01331018518518,13.618524428014277,0.8730217446345129,7.714416143402315,0.41915640378050584,36.0,483840,9.414491638747657,52.30448500420123,26.497045956500173,12.749604980160775,30.975115740740712,0.041087567806243896,3009.01416015625,0.011640901,0.0003,418.36730966567995,-45.16446434303566,5945.521997974537,0.2,0.08969907407407407,2790,-0.026794086000019753
0.828125,29.675925925925924,0.9222532593218917,18.169557793392975,7.837172264645244,11.081282361624714,0.0,-308.407695,10.11404932978866,17.65129113715269,36.68981481481482,0.12355603464650174,2052,48,281,0.2591710348899645,2.522568446583002,236,37.2025462962963,14.051103167123019,0.8774363801392872,7.7385443712451965,0.4232183629824467,36.0,485568,9.46822985533918,52.38484315116241,26.63980498704244,12.85315220913298,31.192129629629587,0.0798291563987732,563.4602661132812,0.025122344,0.0003,436.7221181940149,-45.179802096331564,826.7417196768301,0.2,0.21834490740740742,2800,-0.04166137261523141
0.8229166666666666,29.962962962962962,0.9161766976739216,18.37280453647051,8.076120072580766,10.906963211068708,0.0,-311.57300319,10.14599673408656,17.727797934042805,36.11111111111111,0.12220484826036997,2059,48,282,0.2668452847608181,2.5293212525801945,236,37.336226851851855,14.18972125282104,0.8754823257781191,7.762863866080304,0.42956863716832355,36.0,487296,9.201122398876986,52.35606054619015,26.597824521337852,13.07896171916005,30.360243055555568,0.07124066352844238,4524.251953125,0.01023119,0.0003,393.93339242228757,-45.19813724093967,8350.594500506366,0.2,0.06909722222222223,2810,-0.02541290236361049
0.8038194444444444,29.25,0.9187261170627581,17.34661881225245,7.781247495519668,10.509919977274661,0.0,-314.38578716,10.177936658736252,17.749550110397077,34.72222222222222,0.11757500467743086,2066,48,283,0.2574068307343327,2.5364953686316203,236,37.37847222222222,13.855451339458119,0.8730990801195787,7.7872377413562965,0.430162098745816,36.0,489024,9.369646420570383,52.34334740998393,26.51174057475049,13.075969859876608,30.82320601851848,0.0837520956993103,473.1636657714844,0.022928143,0.0003,356.4774608082241,-45.19071382593226,1000.8708060935692,0.2,0.2101851851851852,2820,-0.03814322532637528
0.8015046296296297,28.89814814814815,0.9130609258188308,16.94427860331109,7.646091865679978,10.411765976559138,0.0,-314.11272069,10.209466930716559,17.58969690348626,34.375,0.11850662843735134,2073,48,284,0.2530267244177775,2.5433107253369043,236,37.05613425925926,13.686420761071973,0.8736011152045108,7.811211983615012,0.4245959646615606,36.0,490752,9.226142682113592,52.37309905834669,26.54303926772975,12.912108792122488,30.38917824074064,0.09181833267211914,3459.774169921875,0.012354524,0.0003,393.28208587081343,-45.165887634842484,7850.2431604456015,0.2,0.09635416666666667,2830,-0.03204616082970191
0.8350694444444444,28.435185185185187,0.9216405558493802,16.43041135427857,7.225525517154601,10.536398640389299,0.0,-314.21197238,10.241136494608435,17.71814210369639,34.72222222222222,0.1232782550201458,2081,48,285,0.23922533216110398,2.550688764928954,236,37.33159722222222,13.468487196734669,0.8694913509829482,7.835507338874253,0.42651677740416266,36.0,492480,9.451215836819832,52.37348365879682,26.401309877552563,12.96782555675018,31.148726851851777,0.08062297105789185,552.81982421875,0.028214242,0.0003,362.88694275750055,-45.14772338867188,953.5181519684968,0.2,0.26394675925925926,2840,-0.04059764298230961
0.8119212962962963,28.787037037037038,0.9182459727250335,16.62516939602009,7.587248733069496,10.192437867174666,0.0,-314.96591219,10.272534491105851,17.570739678983696,33.56481481481482,0.12167188889805022,2088,48,286,0.25035788863045216,2.557442648841758,236,37.0318287037037,13.645482795775928,0.8707639015436167,7.859434188071712,0.42327394401962987,36.0,494208,9.201553565121623,52.36455145937682,26.440334065514207,12.859198598966548,30.331307870370356,0.09985339641571045,6851.95458984375,0.010212551,0.0003,380.32546198103165,-45.14593536942093,12441.336548755788,0.2,0.07332175925925925,2850,-0.025548185777195073
0.8495370370370371,28.537037037037038,0.9264103891691234,16.592758083994646,7.449640191256314,10.421364282915091,0.0,-313.88452952999995,10.30368453985222,17.503734970929845,34.25925925925926,0.12852230629544226,2095,48,287,0.24685418030946046,2.564582819582678,236,36.8912037037037,13.521753609823238,0.8673885910913777,7.883193525499037,0.4196995727454,36.0,495936,9.35606829636797,52.32519735734038,26.316510544214832,12.760019498547235,30.844907407407437,0.04668527841567993,727.5205688476562,0.021513306,0.0003,410.1924133936564,-45.13248196354619,1722.1156109845197,0.2,0.18518518518518517,2860,-0.03826269134275477
0.8622685185185185,28.712962962962962,0.9253128920570903,16.94699882796813,7.741810827168731,10.398273174442467,0.0,-315.87379748,10.335618796832481,17.62268187796953,34.25925925925926,0.1323242122621239,2102,48,288,0.2556845093477466,2.570994218640625,236,37.13368055555556,13.606914826356933,0.8695222580756798,7.90725023019396,0.43004755480457146,36.0,497664,9.064559623178894,52.38445228129506,26.39998384061381,13.073702792104074,29.904513888888886,0.04157346487045288,3375.233642578125,0.014566939,0.0003,406.05731360117596,-45.13467583832917,8416.00206886574,0.2,0.11979166666666667,2870,-0.03372140928275055
0.8443287037037037,28.435185185185187,0.9249868510727568,16.72724176733337,7.283149280376954,10.764736545775605,0.0,-317.83755224,10.367153556408725,17.57151703249499,35.416666666666664,0.12497585852348221,2110,48,289,0.2409013531608296,2.577643143611586,236,37.023726851851855,13.479355941180811,0.8669018043867304,7.931179022775198,0.4252090894016826,36.0,499392,9.15956998838435,52.32580092497734,26.31034104268049,12.91390383049802,30.128761574074048,0.05798226594924927,583.6388549804688,0.027345814,0.0003,407.7986941055015,-45.12840957641602,1044.949555799696,0.2,0.27054398148148145,2880,-0.037930420741300895
0.8269675925925926,28.166666666666668,0.9188205519659748,16.409343219937263,7.5353079764657815,10.336077062839607,0.0,-318.33165973,10.39854811622437,17.628876703539163,34.02777777777778,0.12364883424023917,2117,48,290,0.2503662829612528,2.584974801764193,236,37.16550925925926,13.337958180631873,0.866659531001004,7.955251214534046,0.42260743011270785,36.0,501120,9.432663261042872,52.292539348553476,26.31011539067674,12.857823926257728,31.07638888888887,0.08233106136322021,4481.39990234375,0.013289275,0.0003,405.81604172741925,-45.15659874810113,8250.339089626736,0.2,0.09994212962962963,2890,-0.030413217988313625
0.8263888888888888,28.314814814814813,0.9160087516129259,15.875549418459551,7.829636749876318,9.427817432106007,0.0,-320.49274249999996,10.430436594755596,17.60897029775963,31.134259259259256,0.11976929921791682,2124,48,291,0.2590470491936585,2.591905080518,236,37.101851851851855,13.418095236477226,0.8694521523610611,7.979273640278445,0.4289333261521995,36.0,502848,9.272111501522774,52.39604871007639,26.403190470021414,13.055391412490417,30.526620370370445,0.07802480459213257,582.9461669921875,0.026325561,0.0003,434.68897857666013,-45.12925910949707,764.4115972448278,0.2,0.23327546296296298,2900,-0.03894896756650673
0.8078703703703703,28.23148148148148,0.9102272309529501,15.708077111522947,7.587424802766436,9.545699242125721,0.0,-321.7819497,10.461947095902262,17.59673848715123,31.481481481481485,0.11572202990430426,2131,48,292,0.2512007969404948,2.598839051335132,236,37.08159722222222,13.37495306663079,0.8656034971961765,8.003265486496323,0.4243948660381546,36.0,504576,9.27358832685283,52.33926420886113,26.279149635540104,12.904200458666518,30.52662037037042,0.04483538866043091,2787.728271484375,0.016374841,0.0003,409.3244446825098,-45.15699813277633,5114.570395688657,0.2,0.13900462962962962,2910,-0.03401458175438973
0.8310185185185185,29.712962962962962,0.9156501197519318,17.157459603197474,8.155454713763644,9.738669125824492,0.0,-322.95642363,10.494078152448942,17.629701403238787,32.291666666666664,0.12017993010929354,2138,48,293,0.2702387770511471,2.604781788937016,236,37.139467592592595,14.06333576360934,0.8684360904790241,8.02733974000442,0.43202730729679534,36.0,506304,8.877095040753607,52.35454995229651,26.35993339412722,13.152422618671956,29.25347222222229,0.021303117275238037,564.3077392578125,0.030529212,0.0003,486.7528051270379,-45.183707625777636,741.2731161612052,0.2,0.2659722222222222,2920,-0.03765842673127298
0.8495370370370371,29.564814814814813,0.918976876642997,16.304106531839018,8.38384334709196,8.720055305613764,0.0,-327.21673271,10.526810939338791,17.763805955553845,28.935185185185187,0.12399526463373536,2146,48,294,0.2777874133864692,2.6108637398533454,236,37.436342592592595,14.000207879133297,0.8692698917076583,8.051749254893304,0.4405143041955545,36.0,508032,8.932780366531775,52.41999504594954,26.393491793869426,13.393114755939115,29.434317129629637,0.05853164196014404,3133.356201171875,0.013170847,0.0003,389.5670470096447,-45.202899636162655,6467.12078088831,0.2,0.10335648148148148,2930,-0.028857974232070975
0.8211805555555556,28.5,0.9173491478838945,15.653449629636208,7.565675747949104,9.394679551288732,0.0,-328.10283819000006,10.558687066204032,17.65536053477742,31.134259259259256,0.12012379814969616,2153,48,295,0.25051354411576965,2.6168778839974025,236,37.192129629629626,13.493094330398373,0.8679291873389462,8.075887656230247,0.4287742050855872,36.0,509760,8.905657657622763,52.36221286720531,26.349159567466142,13.050450746096331,29.340277777777835,0.0969129204750061,572.7797241210938,0.026708754,0.0003,485.597248589551,-45.18795609650788,911.6113006591797,0.2,0.27141203703703703,2940,-0.0385937195547201
0.8396990740740741,28.175925925925924,0.9204922704211573,15.251724818358301,7.39547590376819,9.311836367979938,0.0,-325.78832308999995,10.590420573071357,17.64514978146085,30.902777777777782,0.1220949049301973,2160,48,296,0.24427147372082667,2.623256706489112,236,37.17824074074074,13.344412546610172,0.8618743755793429,8.100000530683898,0.42699442134361043,36.0,511488,9.051528996683881,52.28542175680989,26.16200833722185,12.993402746930341,29.83217592592588,0.04676687717437744,4122.51904296875,0.012870268,0.0003,471.0234263985245,-45.17788676509151,7821.215623191551,0.2,0.09768518518518518,2950,-0.03034287818569552
0.8321759259259259,28.203703703703706,0.9172426827897061,14.245402074301165,7.9754830512713335,7.702651435649646,0.0,-326.70367868,10.62227158446899,17.617444390721456,25.578703703703706,0.1237796793318618,2167,48,297,0.2628694918100723,2.629645508245809,236,37.11284722222222,13.367267587380185,0.8654769551387603,8.124044141660702,0.4288445230222184,36.0,513216,9.0555207026787,52.31146873097728,26.272357798337783,13.040404559053053,29.80324074074086,0.04593002796173096,1170.028076171875,0.023622453,0.0003,486.02491598835695,-45.18674008404767,1331.564581072772,0.2,0.22621527777777778,2960,-0.03571081496947617
0.8142361111111112,28.324074074074076,0.9166441064634493,14.442032620752256,8.163717451212722,7.657646861500493,0.0,-330.60878857999995,10.654888273729055,17.71578383469718,25.462962962962965,0.12102503016474246,2175,48,298,0.268896779674957,2.6356529807726594,236,37.32581018518518,13.42066830803904,0.8706527646778679,8.148333601247446,0.4389024546396993,36.0,514944,8.902989010740113,52.38976367024475,26.441975132650494,13.346675704026197,29.35474537037037,0.04475760459899902,5041.16552734375,0.012772505,0.0003,480.58146940867107,-45.21917191964609,10772.513668258101,0.2,0.08686342592592593,2970,-0.027857273827410406
0.8298611111111112,28.37037037037037,0.9205298739426182,15.135662018267325,7.963872902130735,8.528561930858906,0.0,-330.59358179000003,10.686607284976482,17.590455458181324,28.35648148148148,0.11856855763042035,2182,48,299,0.26255193442249364,2.6415008765232386,236,37.079282407407405,13.443227185277685,0.8673996304894387,8.1723097398929,0.42764991689890597,36.0,516672,8.839158300231663,52.33505827797466,26.349480795752356,12.987604498970908,29.065393518518615,0.033371031284332275,1185.10595703125,0.021291869,0.0003,470.5929724022194,-45.20866436428494,1793.4709045410157,0.2,0.20052083333333334,2980,-0.04006607464204232
0.8107638888888888,29.0,0.9261255318225878,15.456881794237416,8.486153872331224,8.026481375993205,0.0,-330.82926883,10.718847260802534,17.72402583411895,26.62037037037037,0.11720173090452113,2189,48,300,0.279537265323861,2.6471767755094517,236,37.33680555555556,13.744246545912988,0.8715578915187597,8.196619804478196,0.433828850780429,36.0,518400,8.770359594485303,52.41933673070113,26.475976148800303,13.195990330421012,28.88454861111124,0.04379856586456299,6281.53271484375,0.011486579,0.0003,478.81919694123445,-45.21342362297906,11358.573556857638,0.2,0.08564814814814815,2990,-0.02694681130901531
0.8414351851851852,29.685185185185187,0.9183749753533653,16.494657490157582,9.057681859365152,8.175029371782685,0.0,-334.08193609,10.751405493960993,17.733581695421496,27.199074074074076,0.12447895058109136,2197,48,301,0.298487581748969,2.652902702551406,236,37.37789351851852,14.061946259009746,0.8733140092121845,8.22095375871675,0.43817109319630726,36.0,520128,8.790370816781742,52.42910309458515,26.52856209640216,13.323293263383633,29.007523148148135,0.022198379039764404,1227.442626953125,0.024232866,0.0003,502.56757296809445,-45.19726532830133,1601.5437820999712,0.2,0.2342013888888889,3000,-0.038292958525319894
0.8587962962962963,29.916666666666668,0.9261138154255373,16.954539335690313,9.02750255561677,8.547174990660288,0.0,-335.76591876000003,10.783673214244683,17.701442458489677,28.35648148148148,0.13074117636035185,2204,48,302,0.29737677587779804,2.6594099752243308,236,37.313657407407405,14.179861789413257,0.8746109775865736,8.245207364862974,0.43439058386371115,36.0,521856,9.10290906916993,52.47584475154898,26.57298639172136,13.207088113475592,29.969618055555635,0.07126063108444214,4089.497802734375,0.013914507,0.0003,450.51235002588345,-45.19283544752333,8897.01339699074,0.2,0.12164351851851851,3010,-0.033211894378204036
0.8495370370370371,29.888888888888886,0.9250321071096792,17.37251060100884,8.842413946497974,9.15238512891294,0.0,-335.80946269,10.81605118977209,17.649595272062218,30.324074074074076,0.1271052720095393,2211,48,303,0.2911013317128755,2.6652751913912245,236,37.186342592592595,14.17771152559793,0.8746582267339319,8.26933135304313,0.4360193648767196,36.0,523584,8.846086466757532,52.35371680290504,26.571391343588147,13.251190210962639,29.224537037037038,0.06407678127288818,844.1001586914062,0.027048394,0.0003,538.5840532161571,-45.17842007389775,974.5416255244502,0.2,0.25353009259259257,3020,-0.03550143665806563
0.8402777777777778,29.657407407407405,0.9100277985526205,17.85213153204937,8.605297979171928,9.985444463328907,0.0,-338.4688540200001,10.848800477398383,17.730823337275506,32.986111111111114,0.1208344635951854,2218,48,304,0.2838167175787955,2.671492856500758,236,37.36284722222222,14.061389089548534,0.877272366615335,8.29365841138632,0.44107326187723284,36.0,525312,8.987066043813448,52.37241911751849,26.655024488595956,13.399715050517225,29.564525462963054,0.06200927495956421,3005.54345703125,0.014401664,0.0003,526.7646236560963,-45.195753238819265,6880.694549334491,0.2,0.11967592592592592,3030,-0.03193587575935655
0.8304398148148148,29.15740740740741,0.9177991374134415,16.922712142804063,8.512248566590253,9.378610982988363,0.0,-340.9579624599999,10.881407784301183,17.72893819219655,31.01851851851852,0.12026368239919905,2225,48,305,0.2802506426969975,2.678015047874134,236,37.35011574074074,13.831852593225447,0.8759062533067934,8.317980756866811,0.4388134294939662,36.0,527040,9.108876549350288,52.436280251021536,26.6026339844979,13.342922761120322,29.99855324074074,0.045604407787323,901.0938720703125,0.025748016,0.0003,432.4630370987786,-45.21688572918927,1689.8924861201533,0.2,0.23049768518518518,3040,-0.03460914353426132
0.8668981481481481,28.824074074074076,0.9184085771459775,17.499074527647018,8.123182240650271,10.489298523205951,0.0,-341.62125312000006,10.9137959165212,17.70697193565709,34.72222222222222,0.12783158741346942,2233,48,306,0.26697622175849683,2.684646246147018,236,37.311342592592595,13.686593763790794,0.8764729134829817,8.342248186705953,0.436334601428607,36.0,528768,9.152479309153824,52.48724913485126,26.6231736773739,13.255252888006714,30.09259259259264,0.09985530376434326,6066.009765625,0.013604717,0.0003,470.81175661087036,-45.24845951221607,10170.558655237268,0.2,0.11521990740740741,3050,-0.031557066842085785
0.8778935185185185,28.56481481481482,0.9334754585552042,17.214177200431934,7.630187535079859,10.828198637029336,0.0,-342.580157,10.94632123631039,17.788066714996262,35.76388888888889,0.13292119609332015,2240,48,307,0.25102552404601425,2.6914121638680024,236,37.501736111111114,13.555791028322739,0.8724253915338994,8.366718353493445,0.4380849064720942,36.0,530496,9.206367088393668,52.43107178826634,26.49218552495432,13.310127915675173,30.34577546296304,0.07383078336715698,925.6121215820312,0.029884694,0.0003,505.45958729143496,-45.26850960342972,813.2998841462312,0.2,0.26458333333333334,3060,-0.03772403023516138
0.8350694444444444,28.611111111111114,0.9240529420258292,17.151686131566343,7.557445706676455,10.810190311289722,0.0,-344.1741235,10.979082457707706,17.743290611235974,35.763888888888886,0.12322922970365734,2247,48,308,0.2480158608901828,2.697500103217418,236,37.38136574074074,13.584050113600165,0.8749196455234763,8.391076580021535,0.4414827125765973,36.0,532224,8.935175739766215,52.441609596111824,26.573020275449732,13.404488558926888,29.369212962963008,0.056019365787506104,4034.322265625,0.014380465,0.0003,593.4503164891844,-45.27432113930031,7785.503481264467,0.2,0.12407407407407407,3070,-0.03387985019082272
0.8234953703703703,28.509259259259256,0.9171372135101742,17.541067161200445,7.0594634781226615,11.758890699197186,0.0,-346.52586792999995,11.011906102132837,17.784684782572807,38.773148148148145,0.11944767904871517,2254,48,309,0.23287932441323547,2.704146619826205,236,37.48784722222222,13.522712983880597,0.8727039057670308,8.415538291977967,0.4419334299610873,36.0,533952,9.158606643514949,52.35623673788708,26.497570956870508,13.429457770052595,30.20833333333347,0.015706181526184082,434.8893127441406,0.024039188,0.0003,568.0264674433955,-45.271591624507195,1236.4553010163484,0.2,0.21915509259259258,3080,-0.037077106069773436
0.8420138888888888,28.509259259259256,0.9278064374244397,17.101210772876094,7.057423127419619,11.327950507795927,0.0,-348.81405898,11.044878354925002,17.842567803973814,37.38425925925926,0.1256673522434625,2262,48,310,0.23288091722535423,2.710807300518183,236,37.58506944444444,13.515837137660549,0.8700061262950932,8.440144711487902,0.4434652390338705,36.0,535680,9.164272276791117,52.30951751704379,26.41786209857919,13.488901116865998,30.24450231481484,0.06071096658706665,4609.10791015625,0.014131899,0.0003,522.9557021600228,-45.27297520107693,8678.662720630788,0.2,0.10619212962962964,3090,-0.031139271294146224
0.8744212962962963,29.296296296296294,0.9251448177674966,18.073113326135683,7.427902050402249,11.550478093091812,0.0,-349.57158465,11.077487107358252,17.81015116794509,38.0787037037037,0.13033071002536586,2269,48,311,0.24510291053047314,2.7175803202826496,236,37.54918981481482,13.894733182641623,0.8697629496288509,8.464670089407765,0.43944006822833237,36.0,537408,9.209207905786517,52.343105043508395,26.421300792834113,13.343500973299706,30.302372685185233,0.05582338571548462,926.1334228515625,0.020440133,0.0003,557.3747106269553,-45.23802642822265,1804.4526977539062,0.2,0.19166666666666668,3100,-0.03672508851935466
0.8483796296296297,29.675925925925924,0.9203996602144011,18.084383991880213,7.987797072916547,10.826474514643238,0.0,-350.54884208,11.110628624928063,17.803724766481526,35.76388888888889,0.12406614117701403,2276,48,312,0.2633528339989123,2.723806284666736,236,37.516782407407405,14.070112404320428,0.8715195013594733,8.489179401323968,0.44572273757381387,36.0,539136,8.990385753634557,52.468261466503485,26.462373822765397,13.556607027924663,29.644097222222292,0.14261603355407715,4166.955078125,0.014392893,0.0003,545.2877671277082,-45.24038937886556,8014.96363389757,0.2,0.121875,3110,-0.029549232351214247
0.8217592592592593,28.722222222222225,0.9205416930155929,16.989677491924397,7.609562840028905,10.561113195481148,0.0,-351.4830729700001,11.143081411385529,17.775972755418923,34.83796296296296,0.12010304471544492,2283,48,313,0.2509720125312852,2.730519865618199,236,37.467592592592595,13.619001456414345,0.870717786819159,8.513619333212516,0.43754015352606007,36.0,540864,9.185432380585247,52.40734425322001,26.450707971810676,13.281114582985948,30.30237268518521,0.16032308340072632,885.80078125,0.028034177,0.0003,513.8303607587461,-45.25051975956669,901.2331318042897,0.2,0.25925925925925924,3120,-0.03597951314101617
0.8553240740740741,29.129629629629633,0.9234686901165939,17.54257039390781,7.771978719108041,10.76491840879848,0.0,-352.78214339,11.176182647114622,17.83146759627083,35.53240740740741,0.1297387151050709,2290,48,314,0.25698328848002094,2.7372879079665164,236,37.563657407407405,13.805673266001287,0.8709597600617448,8.538198002203194,0.44506250931008207,36.0,542592,9.207216939326926,52.396265869867015,26.455990154438144,13.540494291637216,30.353009259259338,0.0747983455657959,3925.509521484375,0.018223835,0.0003,544.9961766419588,-45.276965346159756,7225.753405309607,0.2,0.15127314814814816,3130,-0.03676618234323407
0.8333333333333334,29.009259259259256,0.9183003099520983,17.174989186249732,8.073576166612773,10.139116272385113,0.0,-353.95142803000005,11.208925453818281,17.70683171938138,33.449074074074076,0.12346007260326892,2298,48,315,0.2656005631572403,2.7438825509813696,236,37.31481481481482,13.762296747251844,0.8743305280544108,8.562465081501648,0.4407465582108994,36.0,544320,9.137857205941216,52.37014600265004,26.56115383248431,13.39712268146337,30.085358796296426,0.048648834228515625,1197.848388671875,0.025787933,0.0003,538.239941349736,-45.25650186891909,1497.0042588975693,0.2,0.22262731481481482,3140,-0.038480086876424374
0.8489583333333334,29.509259259259256,0.9203274579225725,17.51095563046401,8.197317506034958,10.118939856201907,0.0,-353.5207034499999,11.2416714517635,17.7305772838167,33.333333333333336,0.12651456309341205,2305,48,316,0.27057937216074607,2.750030276678389,236,37.354166666666664,13.994698268227149,0.8722676139912525,8.58679152471119,0.4407783820634644,36.0,546048,8.959090278807782,52.31081696411864,26.487061676526736,13.398399178087312,29.45601851851851,0.026208996772766113,4068.768310546875,0.015179851,0.0003,531.5548803612038,-45.2521339557789,7958.953155743634,0.2,0.12407407407407407,3150,-0.03263064936079361
0.8344907407407407,29.185185185185187,0.9194488928395744,17.35931409359239,8.103258755584895,10.224870718411216,0.0,-354.22190637,11.274110043833945,17.777460788125165,33.680555555555564,0.12507740026278108,2312,48,317,0.2677253739491459,2.756552280031399,236,37.476851851851855,13.83118461959628,0.8682596717601365,8.611235176681502,0.43665322982857585,36.0,547776,9.10880134120415,52.285969939961774,26.373474956024037,13.275436828178277,30.020254629629758,0.04797238111495972,888.6495971679688,0.022520917,0.0003,503.69005219141644,-45.26053414521394,1495.7854130497685,0.2,0.19577546296296297,3160,-0.034948391693264795
0.8275462962962963,29.4537037037037,0.9228778645364694,18.122563009452808,8.02949477438134,10.940517242909616,0.0,-355.78437711000004,11.306768510245213,17.77304608673772,36.111111111111114,0.1210701802738779,2319,48,318,0.2654549308529116,2.763156515876514,236,37.45891203703704,13.952550992161854,0.8730292304910497,8.635667791898346,0.43993892847125404,36.0,549504,9.141694338045935,52.39822622698714,26.517702863371237,13.363386564507358,30.07812500000008,0.06663984060287476,3674.423095703125,0.014148598,0.0003,601.899740992652,-45.26798999927662,7686.064127604167,0.2,0.11388888888888889,3170,-0.02908507249214583
0.8530092592592593,28.972222222222225,0.918651975677138,18.263115279120516,8.00739916353242,11.314263955992926,0.0,-358.42527205,11.339939998967544,17.81110148293521,37.268518518518526,0.12825232681837254,2326,48,319,0.26389957783770346,2.7699847883404303,236,37.539351851851855,13.74145215959517,0.8807722483816397,8.660195545605683,0.44632181312577685,36.0,551232,9.231308985566477,52.53488565685899,26.75960351763698,13.568595488932722,30.43258101851861,0.06319725513458252,755.90673828125,0.022355393,0.0003,587.2377097518356,-45.24522941024215,1556.7039157443576,0.2,0.21805555555555556,3180,-0.037053986249008665
0.8466435185185185,29.074074074074076,0.9298218676154308,18.517943946072677,8.119794101253197,11.413720605884853,0.0,-360.89066665999997,11.373132844922852,17.861364900244286,37.61574074074075,0.13119906922980884,2334,48,320,0.26801267658005934,2.7764899284092084,236,37.63773148148148,13.784429238934626,0.885952132023001,8.684848957856294,0.4464057584852869,36.0,552960,9.102056027511297,52.60339045592928,26.921536686579937,13.577138382123252,30.02025462962976,0.11829251050949097,6581.55810546875,0.014119677,0.0003,602.7770123093217,-45.262371388188114,13489.864760561342,0.2,0.11076388888888888,3190,-0.03363308185125115
0.8304398148148148,28.87962962962963,0.9114847380223734,18.28137895501144,7.942614225789407,11.452948945443227,0.0,-360.63888874,11.405455065099197,17.792572337096534,37.73148148148149,0.12288802018575082,2341,48,321,0.26237744134616575,2.783940480062071,236,37.486111111111114,13.685815783778807,0.8859744572381771,8.709330388699035,0.43506798800116586,36.0,554688,9.480220661144987,52.62680707297338,26.921451304390217,13.228888070537922,31.235532407407437,0.11243933439254761,1279.5830078125,0.021310734,0.0003,658.6977420453672,-45.263215185094765,2061.6613832826965,0.2,0.21006944444444445,3200,-0.0424491922095142
0.8443287037037037,28.89814814814815,0.9174852207348436,18.1131361210337,7.944384059166513,11.277700580034635,0.0,-361.8551913,11.438648657906866,17.82173250606726,37.15277777777778,0.1228979942116885,2348,48,322,0.2628210117756685,2.7900313179370175,236,37.546875,13.691051481832552,0.8808156573281604,8.733884719964204,0.4467542941480187,36.0,556416,8.93633514997861,52.498841654706744,26.764481926524073,13.577437123067277,29.398148148148216,0.031360924243927,4432.552734375,0.014778322,0.0003,477.21410309473674,-45.26373603255661,9416.715695529514,0.2,0.12060185185185185,3210,-0.030386355453757223
0.8443287037037037,29.027777777777782,0.9234808740580341,18.388786276255626,7.917062305487415,11.516107774094243,0.0,-364.61766643000004,11.471810621962714,17.85913097174332,37.96296296296296,0.12834223241472914,2355,48,323,0.2615419573660787,2.7971308383610625,236,37.62210648148148,13.755616196673968,0.8766157182259916,8.758532547393562,0.44626453727218024,36.0,558144,9.339808169617895,52.51199219031338,26.638635448595128,13.564785622339336,30.765335648148234,0.034637272357940674,688.7005004882812,0.03394456,0.0003,560.0719844500223,-45.27532063236943,1571.3129573115596,0.2,0.30538194444444444,3220,-0.0393537771784597
0.8344907407407407,28.62962962962963,0.9158701712087061,18.150344434236608,7.792750567190797,11.58331553822712,0.0,-367.0767496600001,11.50516415107782,17.86094157665927,38.19444444444445,0.12158508429763959,2363,48,324,0.25708608537651567,2.8041331770661797,236,37.623842592592595,13.574278328818687,0.8747544300338288,8.783184901335211,0.4482894834262229,36.0,559872,9.30093548204691,52.430918841047664,26.58619898904188,13.64141164604204,30.685763888888918,0.0691826343536377,2884.04638671875,0.01556313,0.0003,575.9630364206103,-45.306801124855326,5373.543257197627,0.2,0.13275462962962964,3230,-0.03082189989724645
0.8368055555555556,28.62037037037037,0.922393656084501,18.234918960601675,7.635993271924311,11.834409733714887,0.0,-367.46553842999987,11.53797318703593,17.789244506122227,39.00462962962963,0.12502417278334899,2370,48,325,0.25197633579370754,2.8116377219209627,236,37.48206018518518,13.564515954962479,0.8768029796048223,8.807658012600516,0.44142010173770124,36.0,561600,9.501817941913297,52.33220636416821,26.63898084440595,13.42361438324429,31.300636574074083,0.08395320177078247,1302.4437255859375,0.023884991,0.0003,606.0800435878613,-45.294911787245006,1510.2423479998554,0.2,0.20989583333333334,3240,-0.03623644389488079
0.8524305555555556,27.925925925925924,0.9198736563250471,17.347294133662622,7.108369846983145,11.795962038113723,0.0,-365.39079093999993,11.570555972229268,17.667424998516914,38.88888888888889,0.12821517625258066,2377,48,326,0.23443381603486602,2.8187304786484058,236,37.232638888888886,13.242962248565753,0.8725857744405302,8.831826575096809,0.43892372112326083,36.0,563328,9.33710269097718,52.29257601034714,26.51223924782492,13.333114077334839,30.72193287037042,0.05868566036224365,3956.70166015625,0.014363013,0.0003,635.6883095140811,-45.31638084694191,6670.742323133681,0.2,0.11585648148148148,3250,-0.03125885753650908
0.8234953703703703,29.425925925925924,0.9153943334739276,18.624819189111513,7.882295921658032,11.588257148021192,0.0,-365.21654103000003,11.602877192117965,17.76408708140772,38.19444444444445,0.12356954766914371,2384,48,327,0.25990445293053793,2.8263201073720503,236,37.41956018518518,13.95426611943229,0.877915581771577,8.856236792800328,0.43476736602985744,36.0,565056,9.53585148945785,52.43492826149075,26.66110786867908,13.228487955478707,31.401909722222243,0.04366272687911987,1064.49072265625,0.026691679,0.0003,661.5727524510137,-45.31149720085992,1691.549119737413,0.2,0.25202546296296297,3260,-0.03672142258362362
0.8362268518518519,29.56481481481482,0.9149372494002411,18.990019752072428,7.968238443094724,11.801764691146367,0.0,-366.62456816000014,11.63567663967928,17.66159842233322,38.88888888888889,0.12517307966120822,2391,48,328,0.2624014422472994,2.8327604984594466,236,37.20891203703704,14.020016617831336,0.8840495779786232,8.880390788856161,0.44139271983121975,36.0,566784,9.076156434958484,52.61363080770414,26.862793580526382,13.419779024526216,29.969618055555557,0.10802042484283447,4774.31396484375,0.014558454,0.0003,624.0852758831448,-45.288918883712206,9091.345739293982,0.2,0.12349537037037037,3270,-0.034572147479694754
0.8362268518518519,29.388888888888886,0.9196128176763166,18.82082647824365,7.796447776071294,11.886867258945253,0.0,-369.17706086000004,11.66830084498352,17.803841791378623,39.120370370370374,0.12497330179008549,2399,48,329,0.2569828222733806,2.840346136417946,236,37.52141203703704,13.937511443227102,0.8785232374238507,8.904900393334607,0.4391340951151837,36.0,568512,9.53425518339974,52.46416571280033,26.68895012562389,13.34968212169611,31.401909722222236,0.04618269205093384,1323.24755859375,0.017733075,0.0003,510.59522791968453,-45.30515963236491,2273.1128793221933,0.2,0.15949074074074074,3280,-0.03004520379041356
0.8657407407407407,29.064814814814813,0.9299886306638404,18.631531991744815,7.6399379523772994,12.002180925022587,0.0,-370.2153489,11.700849436654824,17.779059072928977,39.46759259259259,0.13389067369989816,2406,48,330,0.25178717063111905,2.8479337338084068,236,37.4693287037037,13.789413114344926,0.8765369511630325,8.92934804101693,0.438003273143964,36.0,570240,9.53503895618423,52.43253759025098,26.622445989789252,13.319436668521417,31.409143518518544,0.07271641492843628,6340.3916015625,0.012480242,0.0003,579.3988164124665,-45.33322519373011,14266.392541956018,0.2,0.09091435185185186,3290,-0.028994104154063043
0.859375,28.685185185185187,0.9198974590169873,18.702869376241694,7.519169377851502,12.373639425452707,0.0,-370.27015048,11.733409435549273,17.663011483750285,40.74074074074074,0.13056377076168343,2413,48,331,0.24752568146203577,2.8553501582430223,236,37.22164351851852,13.610060572937483,0.8784908278504396,8.953505569726305,0.43848209995195153,36.0,571968,9.466569773846294,52.39478890865913,26.689401965369143,13.323999557779523,31.206597222222204,0.06194174289703369,1091.05810546875,0.02125195,0.0003,630.0551890196624,-45.3418512556288,1939.123245804398,0.2,0.20798611111111112,3300,-0.03831913394646512
0.8217592592592593,29.10185185185185,0.9251417904494112,19.303757161062045,7.85128269383715,12.448345172140032,0.0,-373.02080213999994,11.766443030839733,17.761391356954412,40.97222222222223,0.12132669595841226,2420,48,332,0.25851071990939883,2.862478285886157,236,37.414351851851855,13.804129295084863,0.8826285910094231,8.977909048118692,0.4446858077299706,36.0,573696,9.351251057253872,52.52937351115472,26.832801049908927,13.513438116183906,30.779803240740776,0.05622673034667969,3926.583251953125,0.016245862,0.0003,634.4220679918925,-45.34224274246781,7367.864420572917,0.2,0.13912037037037037,3310,-0.03326224711102744
0.8420138888888888,28.435185185185187,0.9238615964762414,17.663157291184778,7.174490725541289,11.811650307607257,0.0,-373.15519148000016,11.798701978360006,17.70862489430669,39.004629629629626,0.12837660027661013,2428,48,333,0.236619316083391,2.869866360424819,236,37.3275462962963,13.477016258036231,0.8786643941827412,9.002180610354458,0.4347505660062889,36.0,575424,9.455229815464818,52.52633787496367,26.680336590119293,13.203579008108896,31.148726851851947,0.09323221445083618,1206.7850341796875,0.027196385,0.0003,698.8256887223986,-45.33743842796043,1127.6509862829137,0.2,0.25300925925925927,3320,-0.04070634364012491
0.8402777777777778,28.84259259259259,0.9234199764730472,18.20611923346012,7.5181562656168,11.805276053034433,0.0,-374.1600528999999,11.831891224234873,17.725236748212374,38.88888888888889,0.12347344912318715,2435,48,334,0.24773441348293365,2.87648628816837,236,37.347800925925924,13.682686914808889,0.8787979552535911,9.026493702224988,0.44638138517214904,36.0,577152,9.147971097420344,52.53847690571077,26.698312488967122,13.575698349947187,30.107060185185293,0.07676804065704346,3503.874755859375,0.015076513,0.0003,695.4239800099973,-45.365222718980576,7419.188751446759,0.2,0.13119212962962962,3330,-0.03204558889416081
0.8680555555555556,28.407407407407405,0.9188185852229643,17.793526695108064,7.16235204688627,11.953095219137621,0.0,-376.90603974,11.864810749750095,17.797079795776185,39.351851851851855,0.1317849161534536,2442,48,335,0.23604498637133733,2.883777704438241,236,37.501736111111114,13.47807942908417,0.873726952740341,9.050986401714429,0.4437044951463885,36.0,578880,9.416566507948465,52.441304943284415,26.5361388433556,13.467810206088641,30.953414351851897,0.09565508365631104,549.922119140625,0.022676073,0.0003,664.0579514715407,-45.36925842850297,1254.5954966227214,0.2,0.2101273148148148,3340,-0.03249313287712909
0.8715277777777778,28.175925925925924,0.9271590687831172,17.44516415162986,6.961181131539019,11.915448948073452,0.0,-380.0121454,11.898725456442193,17.74703986545241,39.23611111111111,0.13347088522590667,2450,48,336,0.22931571929496422,2.889809603926909,236,37.391782407407405,13.368534072017392,0.873919977444106,9.07535400137806,0.4561711986150254,36.0,580608,8.912759795467293,52.401388685822354,26.538079208636105,13.865882676839519,29.38368055555559,0.06818127632141113,2853.556640625,0.0152016245,0.0003,565.2398572250648,-45.37340816921658,6391.880908203125,0.2,0.12094907407407407,3350,-0.030567402891055855
0.8443287037037037,27.814814814814813,0.917464716228953,17.078598306025455,7.096387621741584,11.583599918064706,0.0,-380.43901146999997,11.931729938522782,17.723947680283214,38.194444444444436,0.1258786144675263,2457,48,337,0.23394813652334154,2.896565036911214,236,37.35243055555556,13.198610766219167,0.8708602415230061,9.099663870578768,0.44407347038215006,36.0,582336,9.202173193722023,52.28782144420352,26.438723361763735,13.501792832235495,30.338541666666693,0.0883098840713501,1294.3494873046875,0.029049573,0.0003,791.8158827887642,-45.34994153623228,1237.694199625651,0.2,0.2559606481481482,3360,-0.036309888043130435
0.8368055555555556,28.027777777777782,0.9254305111820245,17.43971376041099,7.2280206158185285,11.721428730109503,0.0,-379.21854570000005,11.964609512522605,17.68239860019569,38.65740740740741,0.12762924791068936,2465,48,338,0.23852494787526904,2.9033820757593363,236,37.270254629629626,13.290264414482957,0.8743468426747681,9.123869867079257,0.44319837530609163,36.0,584064,9.22681553924894,52.384398965920376,26.537479777236992,13.451829599929392,30.381944444444443,0.0737345814704895,5438.72607421875,0.013402015,0.0003,631.185752579018,-45.346652617277925,12135.380580873843,0.2,0.10486111111111111,3370,-0.030764108068413204
0.8391203703703703,27.537037037037038,0.9227155949592268,16.664942824899523,6.820853543430462,11.587206707388665,0.0,-379.1180642300001,11.99733352361029,17.67413381932391,38.19444444444444,0.12725216129870323,2472,48,339,0.2246980585177155,2.910097080275727,236,37.24074074074074,13.056882574080396,0.873997164523549,9.148055201627567,0.43995669280980865,36.0,585792,9.186001806556256,52.42585124840526,26.52218307751399,13.389604435074341,30.280671296296273,0.02263808250427246,1742.4132080078125,0.01895914,0.0003,818.6108205936573,-45.35770033377188,1987.1586097999855,0.2,0.1605902777777778,3380,-0.03286946968313444
0.8541666666666666,27.14814814814815,0.9248604886476319,15.950941087928808,6.333254201732287,11.550378404549207,0.0,-378.69996885,12.02956789606309,17.685206926971897,38.0787037037037,0.13025278219717648,2479,48,340,0.20904819969165933,2.9174603156949543,236,37.24652777777778,12.867308481647314,0.8669543771850723,9.172268218944996,0.4336198414427752,36.0,587520,9.44529416769102,52.31489048408178,26.31656548975666,13.193748981120352,31.184895833333307,0.09000933170318604,3789.897216796875,0.012938964,0.0003,604.537879286872,-45.35618985493978,8875.531656901041,0.2,0.08408564814814815,3390,-0.029134569237767548
0.8396990740740741,26.990740740740744,0.923428910531887,16.348317687595824,6.351749932319343,11.991618004882142,0.0,-378.8319127500001,12.061922379531838,17.671410644403835,39.46759259259259,0.12579914413574608,2487,48,341,0.20890560481370035,2.9244179991850334,236,37.229166666666664,12.804949750394337,0.8743670165297562,9.196446745556006,0.4360633679687319,36.0,589248,9.283073396031588,52.478731365988985,26.555219256361323,13.241793387498886,30.57002314814817,0.08905047178268433,381.6290283203125,0.02718078,0.0003,705.350399130362,-45.33098189742477,1614.3015491626882,0.2,0.23130787037037037,3400,-0.03581961490627792
0.7962962962962963,27.194444444444443,0.9173981182159864,16.46010398188251,6.477006929546131,11.874761905505892,0.0,-378.7685768,12.093560550039927,17.624589387844935,39.120370370370374,0.11863303765389048,2494,48,342,0.21288790342039246,2.932340243161044,236,37.151041666666664,12.90833514683049,0.8732670118489388,9.220508219025618,0.4264902161352837,36.0,590976,9.668897590404304,52.426429009015806,26.51241887801173,12.955268203235116,31.835937500000018,0.06241166591644287,3903.9638671875,0.01454536,0.0003,768.3554207837141,-45.32478753549081,6955.120043041088,0.2,0.12540509259259258,3410,-0.032658084864831634
0.7586805555555556,27.40740740740741,0.9095021119563603,16.569366174314503,6.797905072784272,11.57228036162581,0.0,-379.8340637399999,12.125648699485499,17.673680954059645,38.0787037037037,0.1144603750258198,2501,48,343,0.22387075622821814,2.939955261510567,236,37.23148148148148,12.99918073990442,0.8764387382751161,9.244692421410766,0.4319372474131754,36.0,592704,9.54600733980914,52.47774670364178,26.60842060854644,13.135259778229189,31.459780092592656,0.14030200242996216,1437.6441650390625,0.022951042,0.0003,730.0270281827009,-45.30573474742748,1729.7129184299044,0.2,0.20960648148148148,3420,-0.03868407258005054
0.8420138888888888,27.40740740740741,0.9213505182259721,16.339172752795697,6.794311805251218,11.341162748944718,0.0,-382.0016226,12.158031426867586,17.615331613582455,37.38425925925926,0.12462607887233211,2509,48,344,0.22352224131707854,2.9469737946840455,236,37.11863425925926,13.003698198599759,0.871512257394294,9.268730750444723,0.43555329637377926,36.0,594432,9.307413269391443,52.386769968667984,26.470093391206472,13.253090952834805,30.692997685185237,0.09814828634262085,4517.4326171875,0.013138725,0.0003,751.6332666185167,-45.301546322857895,7697.512246817129,0.2,0.09849537037037037,3430,-0.028830055047378497
0.8321759259259259,27.675925925925924,0.9244768341514875,16.99442457170641,6.857589920301831,11.816628660110366,0.0,-384.4520665999999,12.190687734875405,17.70386960953849,38.888888888888886,0.12231261284343185,2516,48,345,0.22635518582897565,2.95397520290425,236,37.292245370370374,13.120205991294213,0.8731845042440084,9.292990424468568,0.4396916729470506,36.0,596160,9.300563288081856,52.40326897853627,26.495276243672077,13.362523203127813,30.642361111111192,0.10546725988388062,1428.0526123046875,0.019449499,0.0003,763.9651811246518,-45.311263430560075,1881.4245121708623,0.2,0.18246527777777777,3440,-0.0343112956284097
0.8379629629629629,27.73148148148148,0.9205249269367178,17.17288580543962,6.913728114827957,11.916912535428139,0.0,-385.69761771,12.222978985895683,17.77095504037915,39.236111111111114,0.1254475799843774,2524,48,346,0.22809074729531906,2.9611892463535163,236,37.442129629629626,13.142245155183526,0.8788043703514502,9.317417812069516,0.4341311788350766,36.0,597888,9.38561737970649,52.4774544566255,26.663941214735416,13.216500408111179,30.917245370370345,0.08067131042480469,5329.0439453125,0.013339094,0.0003,800.3186381516633,-45.29828402201335,7692.546885850695,0.2,0.10480324074074074,3450,-0.029103447488267663
0.8425925925925926,26.89814814814815,0.9271663171527244,16.121227215132645,6.363017926515664,11.808620726803255,0.0,-385.58624132000006,12.254850910201073,17.680429181333203,38.888888888888886,0.12812545941181236,2531,48,347,0.20984097120300205,2.9687019822553826,236,37.258101851851855,12.749588561813725,0.8699511908866304,9.34161888502285,0.42953503334928494,36.0,599616,9.505094360746522,52.36930958761453,26.404196645856175,13.048769722156246,31.264467592592567,0.03848153352737427,1760.828125,0.02143079,0.0003,758.8985245669329,-45.28884261802391,2441.8402723524305,0.2,0.19635416666666666,3460,-0.035234051325392944
0.8524305555555556,26.86111111111111,0.9158198506486018,16.04074891217583,6.250544213244495,11.858249498022536,0.0,-386.28814358999995,12.287163299350656,17.72540028527038,39.004629629629626,0.12877915667541065,2539,48,348,0.2062780605609055,2.9757499036141324,236,37.3443287037037,12.731955200908798,0.8684261165823998,9.365932385736025,0.4350586099908188,36.0,601344,9.319168543499911,52.37719405824377,26.35800120060439,13.224955659833304,30.707465277777814,0.07858580350875854,6695.47900390625,0.0138629135,0.0003,716.6344621375755,-45.28434807106301,13704.990035445602,0.2,0.10752314814814815,3470,-0.032476641065268604
0.8582175925925926,26.416666666666668,0.9207345785486271,15.484616747368332,5.9458223846057665,11.814237032773756,0.0,-385.78950843999996,12.318837157734746,17.58582049640461,38.888888888888886,0.13016561898599585,2546,48,349,0.1958857191144114,2.982677225727358,236,37.07118055555556,12.52455732998881,0.862255500884079,9.389896936977037,0.42718565972013417,36.0,603072,9.270928845290237,52.23991035567483,26.17166135281617,12.969543353636189,30.483217592592588,0.08341175317764282,2686.701416015625,0.017979886,0.0003,682.0063154785721,-45.26723644115307,3127.0812640154804,0.2,0.1785300925925926,3480,-0.04008878539747524
0.8668981481481481,26.675925925925924,0.918767666899941,15.007290180310049,6.334476706072901,10.830174629245938,0.0,-387.00506545,12.35134794769151,17.725940380554736,35.648148148148145,0.1343023391219264,2553,48,350,0.2089438913236249,2.988991911644039,236,37.33391203703704,12.64263884499121,0.8665456656482,9.414211787928423,0.4373045973236363,36.0,604800,9.02587436667237,52.30658134203023,26.303462566567777,13.304315982705065,29.745370370370352,0.06290417909622192,4845.97119140625,0.015772406,0.0003,706.3086293467769,-45.290950012207034,8609.391283275463,0.2,0.13090277777777778,3490,-0.031608685775211566
0.8107638888888888,26.546296296296294,0.9206075006128454,15.496109902285822,6.063949723761104,11.638578626489952,0.0,-390.1191792099999,12.383899406313224,17.625408208039428,38.19444444444445,0.12234273202353642,2560,48,351,0.20000657428877974,2.9956197452365725,236,37.135416666666664,12.593581552034765,0.8695169977393497,9.438275308448521,0.43854038954609037,36.0,606528,9.151133437013366,52.293267734246704,26.394951466778735,13.320583448686103,30.12876157407408,0.058849871158599854,609.2879638671875,0.02647725,0.0003,734.0995181472214,-45.28721264026783,2078.5916397659867,0.2,0.26753472222222224,3500,-0.03829920434875897
0.8420138888888888,26.314814814814813,0.9207644693093386,14.861136103450876,5.977108759306122,11.192402015495228,0.0,-391.2045360300001,12.416142499295765,17.643744189898715,36.80555555555555,0.12508648593645497,2568,48,352,0.1963722666040395,3.0022855589708044,236,37.17418981481482,12.491625328649526,0.8684355949392866,9.462384668923267,0.4344726274500726,36.0,608256,9.166325493692794,52.313626126673995,26.363797308037487,13.197237193016152,30.208333333333332,0.09771448373794556,4518.74267578125,0.015651882,0.0003,821.259453674599,-45.29605703000669,7226.335385923033,0.2,0.11956018518518519,3510,-0.03246242189952345
0.8582175925925926,27.027777777777775,0.9170875658413868,14.820931360653084,6.826241941242636,9.976810289974239,0.0,-392.6572346500001,12.448673243045793,17.777866642148613,32.986111111111114,0.13292973027206442,2575,48,353,0.22452711345367082,3.008608033769492,236,37.45949074074074,12.817879129436209,0.8678375829986017,9.486829335528638,0.43816864366202857,36.0,609984,9.028989919474958,52.39318936121677,26.348026235123502,13.312297500011127,29.716435185185283,0.0747460126876831,1149.8111572265625,0.022365736,0.0003,728.271453723201,-45.302080917358396,1758.7206938566985,0.2,0.1995949074074074,3520,-0.03276376747353761
0.8327546296296297,27.064814814814813,0.9184224016379157,14.82164405860443,6.894261347035836,9.903366969058945,0.0,-393.80417050999995,12.481164882475719,17.688610547138467,32.754629629629626,0.12712093580080716,2582,48,354,0.22726979546334783,3.014889600201865,236,37.285879629629626,12.82401574250965,0.8729672595818688,9.511050861896484,0.43757198864588315,36.0,611712,9.012626572949229,52.437032283074736,26.505590736316027,13.296655771970535,29.6296296296296,0.12940484285354614,3430.019775390625,0.0154529875,0.0003,791.455531388742,-45.29513299730089,5915.936971932871,0.2,0.1328125,3530,-0.03249283819631846
0.8165509259259259,27.194444444444443,0.9177279007215271,14.578319556085887,7.101675767636126,9.368934598379743,0.0,-395.51396145,12.513818693064291,17.71164670036841,30.902777777777775,0.1272751071930209,2589,48,355,0.23350648771312368,3.021465046417037,236,37.32118055555556,12.907709190070017,0.8752816099090288,9.535329978647406,0.43988685937335925,36.0,613440,9.13017848606892,52.412398339077974,26.581270382780332,13.36152423542893,30.114293981481456,0.08828550577163696,1852.30029296875,0.026466668,0.0003,909.3774710478606,-45.28669723228172,1604.104628725405,0.2,0.24774305555555556,3540,-0.03863158205662061
0.8391203703703703,27.37962962962963,0.9190783167313727,14.91961183234131,7.420232738234677,9.293456739666174,0.0,-395.9111609000001,12.545972564335639,17.70370189010171,30.555555555555557,0.12638048597676965,2596,48,356,0.24376735259972115,3.0283432934591956,236,37.295138888888886,13.005922354440457,0.8769251533248609,9.55958923337266,0.433098805813972,36.0,615168,9.251298816863445,52.464291206444585,26.644527972248042,13.161548508539312,30.454282407407437,0.09491455554962158,3241.350830078125,0.014024514,0.0003,899.5471543983177,-45.29263944272642,5972.382761863426,0.2,0.12094907407407407,3550,-0.03077843849443727
0.8559027777777778,26.555555555555554,0.9210835278314223,13.610707121799516,6.900301459561713,8.903580621114727,0.0,-395.33663444000007,12.578391586242489,17.595632595258735,29.398148148148152,0.13464595717192715,2604,48,357,0.22641965673728037,3.034696046483445,236,37.09085648148148,12.606825041123075,0.8691472552936873,9.583578314860807,0.43634256241825525,36.0,616896,9.041101209699757,52.366412584823486,26.397677159808154,13.26760876273994,29.832175925925906,0.09443873167037964,942.3609008789062,0.023723746,0.0003,836.1610716219302,-45.26331428245262,1952.296142804181,0.2,0.21157407407407408,3560,-0.03801202451534293
0.8113425925925926,26.51851851851852,0.922487215232857,13.950609424797802,6.679814793677765,9.489526033356485,0.0,-395.3859263,12.610601271703507,17.58771774183958,31.365740740740744,0.13047847150548647,2611,48,358,0.219415774613445,3.0408658452321125,236,37.05324074074074,12.581268597763552,0.8678138782999537,9.607547609215406,0.4336675169475529,36.0,618624,8.967919499466968,52.31022445503737,26.358458539769398,13.183874184407125,29.52112268518521,0.15709775686264038,3699.707275390625,0.015443671,0.0003,823.3442724581118,-45.2240500414813,6283.96705005787,0.2,0.13414351851851852,3570,-0.03331246373105656
0.8200231481481481,26.472222222222218,0.9198095340086467,14.346329903071041,6.496392283723118,10.09315080338358,0.0,-392.88980291000007,12.641977441508576,17.455706037983983,33.217592592592595,0.12763755011166145,2618,48,359,0.21357881396241174,3.047876456510325,236,36.770254629629626,12.556786815964344,0.8672440076935367,9.631186874310366,0.4226961972581089,36.0,620352,9.304244511285008,52.26743584505241,26.352494303142787,12.85046792202791,30.60619212962974,0.12779700756072998,831.3442993164062,0.023492614,0.0003,1023.0387959515607,-45.20293012548376,1269.7098843044705,0.2,0.22465277777777778,3580,-0.03805062459022911
0.8686342592592593,25.685185185185187,0.91514302445646,13.358366714124609,5.95972453870673,10.006178913659284,0.0,-390.97218239,12.67317400567701,17.391110050091786,32.986111111111114,0.13263925953363828,2626,48,360,0.1956038573626556,3.0546059542084456,236,36.655092592592595,12.192463261758595,0.866380394518735,9.654664649435595,0.42075262295997656,36.0,622080,9.191799079248161,52.26632066908235,26.31378192308026,12.77862566737391,30.295138888888957,0.08703196048736572,3231.578125,0.017039096,0.0003,831.0052783471567,-45.209711654097944,6014.3088975694445,0.2,0.1443287037037037,3590,-0.03713253311364463
0.8315972222222222,26.89814814814815,0.9260279912676199,14.792914286729575,6.499716111201763,10.34155434046535,0.0,-392.93060538,12.704852008490663,17.498503451278662,34.02777777777778,0.13046463846093845,2633,48,361,0.21403498302811222,3.0616943595748176,236,36.88773148148148,12.751643835062461,0.8683392863746978,9.678410908063793,0.42679834886479545,36.0,623808,9.335362146548881,52.35260207538024,26.38818519571382,12.971201125461057,30.74363425925926,0.06850719451904297,1927.2105712890625,0.023434566,0.0003,715.1691334194608,-45.23948547928421,2885.027488425926,0.2,0.2029513888888889,3600,-0.03856685305083239
0.8339120370370371,26.944444444444446,0.9264442961646332,14.754582540814008,6.576023348820335,10.198537494869163,0.0,-395.8358005899999,12.736311212310493,17.52800715636589,33.56481481481482,0.1319137841877857,2641,48,362,0.21638085651284164,3.0689009049474145,236,36.945023148148145,12.78002169712451,0.8657418475640567,9.702230925954707,0.424379841415957,36.0,625536,9.382618149038683,52.32958231560457,26.301120754721136,12.883681527931794,30.873842592592606,0.037294626235961914,7282.68212890625,0.011899143,0.0003,952.91037268462,-45.211799918280704,13221.694679542825,0.2,0.09004629629629629,3610,-0.0280628082997821
0.8182870370370371,26.93518518518518,0.9187361182660653,14.26265996240683,6.691313817519888,9.61114066841255,0.0,-396.09141409000006,12.76767149284404,17.48446484493527,31.712962962962962,0.12472725475988637,2648,48,363,0.22066276276723198,3.0761788250245004,236,36.836226851851855,12.760205476474392,0.8676060872393104,9.725942088067045,0.4227456805813472,36.0,627264,9.411168030834347,52.33164146155206,26.350839322128795,12.844112213418635,30.996817129629587,0.027094125747680664,1789.2633056640625,0.0187733,0.0003,1018.7017524012813,-45.19043037979691,3111.373728660301,0.2,0.18055555555555555,3620,-0.04012616137387576
0.8287037037037037,27.11111111111111,0.9139667278177809,14.7566307467505,6.698371060330281,9.997581111777606,0.0,-397.9249480200001,12.799426103114167,17.52363763212293,32.986111111111114,0.1302103414498411,2655,48,364,0.22003074880312687,3.0829911118982527,236,36.92476851851852,12.860678574642613,0.8638910277580764,9.749751182147353,0.4279884507197967,36.0,628992,9.224914749500966,52.223567794966165,26.240879264151257,13.001844108050518,30.34577546296306,0.08726221323013306,3907.063720703125,0.017229743,0.0003,771.740129244769,-45.189474515561706,7090.093885633681,0.2,0.13993055555555556,3630,-0.03518902507990047
0.8449074074074074,27.06481481481482,0.926270611410734,14.226348629054806,7.144439317660503,9.04389248586523,0.0,-399.43956922999996,12.830980876752717,17.530103831584814,29.97685185185185,0.13026588423959803,2662,48,365,0.2343811906179397,3.0900585631677306,236,36.976273148148145,12.838016825529072,0.8680446779819769,9.773576441726314,0.4255533467556241,36.0,630720,9.326980507791228,52.35324976174767,26.367022459727604,12.921909455420314,30.75810185185185,0.055889904499053955,1319.2957763671875,0.02620614,0.0003,857.2014263647574,-45.18553952817564,2025.8781697591146,0.2,0.2561921296296296,3640,-0.0353105833115815
0.8206018518518519,27.546296296296294,0.9255846230156365,15.489160530881259,7.194262129689991,10.024132584496812,0.0,-401.7778822599999,12.863073209100339,17.62079746283811,33.10185185185185,0.12368693857636694,2670,48,366,0.23612610847636495,3.096895531418944,236,37.13425925925926,13.070765816694456,0.8653317509118102,9.797628435383409,0.4318828564547542,36.0,632448,9.23478730048527,52.33061882373665,26.303913580793406,13.136932939049077,30.425347222222243,0.0707903504371643,1815.74560546875,0.017145572,0.0003,947.0421987604212,-45.201517769142434,4967.318171296296,0.2,0.1529513888888889,3650,-0.03513610734845753
0.8310185185185185,28.287037037037038,0.923616396238346,16.397604885960405,7.49909129481867,10.274049521875233,0.0,-405.83221105000007,12.895458215363586,17.656114313162373,33.91203703703704,0.13066356811155833,2677,48,367,0.24645747552989092,3.103827853269247,236,37.199074074074076,13.424464069266504,0.8727957898246164,9.821768721166315,0.43621123571130793,36.0,634176,9.272928740121314,52.428259809025214,26.519121597089736,13.254002505298898,30.541087962963047,0.06173473596572876,1919.2904052734375,0.023034988,0.0003,1006.5955773388898,-45.21061347678856,1449.738798240379,0.2,0.20966435185185187,3660,-0.03709159458090586
0.8096064814814815,28.490740740740744,0.9135559081080539,17.536250844141833,7.299190779223547,11.515525664204167,0.0,-409.15436269,12.927853683990282,17.715830765718447,37.96296296296296,0.12149084966525703,2685,48,368,0.2400277957821811,3.11095889535838,236,37.3287037037037,13.521534400714117,0.8717262904466493,9.84605829808061,0.4362753683393445,36.0,635904,9.352416835653093,52.438780250830426,26.493390821927846,13.258187450678456,30.772569444444375,0.0824425220489502,2449.244140625,0.018213917,0.0003,996.5002244596128,-45.24373742562753,5256.20369285301,0.2,0.16417824074074075,3670,-0.03595253033391028
0.8206018518518519,28.296296296296294,0.9186944351713131,18.597370616915647,6.582237648918503,13.39318506206689,0.0,-410.78339002000007,12.960251561037007,17.71841307737379,44.09722222222222,0.12496419087581179,2692,48,369,0.21686406555612944,3.118127728689138,236,37.33680555555556,13.421947905930255,0.8718607108756616,9.870354330774045,0.435762510446895,36.0,637632,9.367533332303195,52.382461130035246,26.48876187318881,13.259150818689719,30.902777777777708,0.0815742015838623,1751.829833984375,0.026984086,0.0003,979.1293332982947,-45.27010026154695,1633.7396936487269,0.2,0.22025462962962963,3680,-0.0374768393907558
0.8015046296296297,27.694444444444443,0.9135884201492099,18.02792006343079,6.326925811846352,13.357819723119663,0.0,-410.40533023000006,12.992320204048328,17.699338803460886,43.981481481481474,0.12080253790842123,2700,48,370,0.20825387202820997,3.125629904809288,236,37.308449074074076,13.143174528464778,0.8707907087127444,9.894602677782698,0.4320032314349127,36.0,639360,9.500870448059976,52.33244502820086,26.474795412087257,13.127457204528334,31.351273148148092,0.04649507999420166,3205.7861328125,0.016968904,0.0003,1006.6560852262709,-45.26647054884169,5687.396832501447,0.2,0.16342592592592592,3690,-0.034935235702950096
0.84375,27.592592592592595,0.9218673105612469,18.077938302048835,6.3980731927899965,13.378223688219409,0.0,-410.44823196,13.024106967774678,17.639600848271908,44.09722222222222,0.12610590658352436,2707,48,371,0.21002778249045886,3.1331511979995152,236,37.170717592592595,13.101641421039432,0.8741563067402041,9.918701679903378,0.4283603232956285,36.0,641088,9.508517276090851,52.42734643654641,26.569479614764973,13.014705490539681,31.329571759259288,0.10064560174942017,1202.975830078125,0.020942442,0.0003,1022.553551695082,-45.26126663773148,1759.3187410707826,0.2,0.19780092592592594,3700,-0.034058677501700545
0.8182870370370371,27.14814814814815,0.9164388727994708,17.712913690986028,6.438097048553463,13.173750746302886,0.0,-409.05440926000006,13.055840233107121,17.533701176886773,43.40277777777777,0.1220227101972871,2714,48,372,0.21109654142503687,3.1406563988334364,236,36.94675925925926,12.90106589612968,0.8763091385282383,9.942535932845596,0.4277648159737862,36.0,642816,9.502080333568449,52.49735066795458,26.635121207911926,12.993306132977148,31.27893518518519,0.10552424192428589,2903.22900390625,0.01836622,0.0003,884.2077487380417,-45.27242300245497,4177.330353913484,0.2,0.15914351851851852,3710,-0.03358601683198854
0.8142361111111112,26.990740740740744,0.9176883999624649,17.959941910327828,6.211883435652838,13.730096324745668,0.0,-411.03146554000006,13.087808833570877,17.633525664729955,45.254629629629626,0.12415181893123352,2721,48,373,0.20397464982481503,3.148244740667495,236,37.15277777777778,12.81796214992932,0.8789598064467316,9.966619747007421,0.43091960613120334,36.0,644544,9.535336733623437,52.487525152956344,26.708031821329232,13.087440185502599,31.38744212962961,0.05928611755371094,832.8272705078125,0.027710808,0.0003,1023.0802354600694,-45.279412474455654,2246.466683846933,0.2,0.2480324074074074,3720,-0.03823625409665207
0.8501157407407407,27.157407407407405,0.9292849701637659,17.975066148535785,6.2633569681725305,13.618154742190113,0.0,-412.86181032,13.11973098102396,17.625019428245214,44.90740740740741,0.1286260872306003,2728,48,374,0.20599525887455264,3.15601569741373,236,37.14293981481482,12.89355443817314,0.876907279541614,9.990682295578035,0.4302365366591133,36.0,646272,9.608382698493953,52.48752398191366,26.6462310351413,13.06885898123326,31.589988425925874,0.10196709632873535,2222.894287109375,0.019649925,0.0003,1045.4730009290906,-45.25842990168819,4277.102917028356,0.2,0.17100694444444445,3730,-0.03796308353819229
0.8443287037037037,27.824074074074073,0.9229467245070659,18.64686155364498,6.6086347159736825,13.627747065557246,0.0,-413.85851945,13.151506459201725,17.663923633710183,44.90740740740741,0.12863944457208307,2736,48,375,0.21740560412716917,3.1640541392800214,236,37.2349537037037,13.21047977211405,0.8752166129256134,10.01484210466231,0.42807039188761115,36.0,648000,9.715376746516652,52.46192705555227,26.585901676315103,13.010191271106265,31.98061342592584,0.04334437847137451,1334.3282470703125,0.01909741,0.0003,1163.1117336131908,-45.221169860274706,2912.2276240596066,0.2,0.1630787037037037,3740,-0.034048170344559134
0.8188657407407407,27.444444444444443,0.9238226563487879,18.232407572475772,6.4208591880655215,13.588508426885843,0.0,-413.98882187,13.183063742567734,17.595389508125155,44.791666666666664,0.12418769737709368,2743,48,376,0.21138902747668956,3.171915170254805,236,37.079282407407405,13.023039957524409,0.8744554511972801,10.038830578432623,0.4255034981362257,36.0,649728,9.64441238991356,52.433359047118394,26.55227382487601,12.922913346404007,31.763599537037003,0.09286630153656006,3613.513427734375,0.013062132,0.0003,1081.1012054796572,-45.23032295792191,7444.9557201244215,0.2,0.11672453703703704,3750,-0.031259281581474674
0.8697916666666666,27.89814814814815,0.9239536289315572,18.137995166686014,6.774843928934076,12.931256276691315,0.0,-414.5455093,13.214876555078677,17.668909149985197,42.708333333333336,0.13265352747191758,2750,48,377,0.22307331826869095,3.1795219081951487,236,37.22858796296296,13.231894961060624,0.8700735061042083,10.063002851307587,0.42849798777899095,36.0,651456,9.542695176137418,52.312404114259714,26.426866160295912,13.025125004376832,31.423611111111004,0.05726277828216553,2698.950439453125,0.020088725,0.0003,1051.392864170781,-45.2231854474103,3634.8349446614584,0.2,0.18015046296296297,3760,-0.03650524588646712
0.8454861111111112,28.055555555555557,0.9242375059373551,18.506456735383033,6.917638048941757,13.086218011950452,0.0,-417.44820982,13.246638325181094,17.734832850136126,43.055555555555564,0.1318125074439767,2757,48,378,0.22809794621423785,3.1877852303593146,236,37.38194444444444,13.302600674490826,0.8745899841992886,10.087339933432927,0.4278551375466648,36.0,653184,9.805328865666313,52.43459074005303,26.56002992245546,13.00470804096679,32.32783564814805,0.07938879728317261,3762.556640625,0.016205223,0.0003,1034.5368598655418,-45.213901887116606,7928.253381799768,0.2,0.13773148148148148,3770,-0.03388270389081703
0.8466435185185185,27.06481481481482,0.9166129383537331,17.33833564063643,6.440517168365429,12.880513359868049,0.0,-419.98498834,13.278717811248798,17.697904971989054,42.476851851851855,0.12704317031750073,2765,48,379,0.21270788286804113,3.195420687945791,236,37.298611111111114,12.81730511240295,0.868627083416399,10.1115846958629,0.4321373394243859,36.0,654912,9.554183034590485,52.35987768051725,26.388628320436453,13.13179442708168,31.452546296296276,0.21329110860824585,1593.0284423828125,0.03153977,0.0003,1123.5252368785716,-45.2314256032308,1441.9219039351851,0.2,0.28217592592592594,3780,-0.03878504089079797
0.8495370370370371,27.84259259259259,0.9289573134194468,17.726300113362587,7.010763473263371,12.324530802890957,0.0,-419.31353002,13.310262553393867,17.712045466601317,40.625,0.12594182178007904,2772,48,380,0.23134967145932403,3.203451430527279,236,37.317129629629626,13.191005837208259,0.8726142116868497,10.135864809529403,0.4250204467948136,36.0,656640,9.712297032595243,52.39841828507489,26.507958501414937,12.917896858027829,32.00954861111112,0.14258170127868652,3146.084716796875,0.015945666,0.0003,981.0751075956557,-45.23460970278139,5958.310838939526,0.2,0.14351851851851852,3790,-0.03363365719129366
0.8472222222222222,27.666666666666668,0.9184312724753794,17.694002927275505,6.991383278511904,12.38786049711623,0.0,-418.75118435,13.341735207204481,17.636313480595465,40.856481481481474,0.12914353389754712,2779,48,381,0.2302797814980394,3.211242972752145,236,37.170138888888886,13.11475915164737,0.8717318651467935,10.159955593230892,0.424234608976322,36.0,658368,9.616616889946357,52.421009982561024,26.48691608972015,12.889061524245141,31.65509259259257,0.025157690048217773,1523.9822998046875,0.018664038,0.0003,1085.3558164243345,-45.21219887910066,3173.530546061198,0.2,0.17297453703703702,3800,-0.03642385775671789
0.8356481481481481,27.712962962962962,0.9183298488034766,17.232111912079446,6.909452628597407,11.975378614429383,0.0,-419.70891126000004,13.373552728674461,17.631086571089323,39.46759259259259,0.12131747124862594,2786,48,382,0.22751208777855622,3.2183205210246384,236,37.166666666666664,13.147280669052655,0.865959071715117,10.184033309658615,0.4284899872032941,36.0,660096,9.331019308997334,52.302862323806664,26.317349840210344,13.02700858799224,30.787037037037003,0.01997661590576172,4464.6953125,0.016383288,0.0003,980.7333121900206,-45.20721141673901,7720.726294849537,0.2,0.13408564814814813,3810,-0.03044906957419934
0.8472222222222222,27.694444444444443,0.9180605110797891,17.146602825141123,6.938026939465715,11.873018450121336,0.0,-421.93896924999996,13.405368652883826,17.69594196274809,39.120370370370374,0.12698396761124608,2793,48,383,0.22875295688262007,3.225954418754896,236,37.301504629629626,13.135557435554071,0.869526515525823,10.208273164565485,0.4285908169276005,36.0,661824,9.553559092103017,52.41715701016375,26.423795989638318,13.026369683745875,31.452546296296262,0.1031026840209961,1469.59765625,0.024867523,0.0003,1129.058166306107,-45.222520686961985,2027.557411702474,0.2,0.21359953703703705,3820,-0.03490575253273602
0.8356481481481481,28.240740740740744,0.9163250344562295,16.80247917296541,7.555855692102046,10.65388533931672,0.0,-424.26976912000003,13.437443622594133,17.693940771464778,35.06944444444444,0.12427494533312797,2801,48,384,0.24913451256536598,3.233183177681367,236,37.29050925925926,13.392738141546644,0.8748416712777513,10.232508016494148,0.4322311141770409,36.0,663552,9.391503570588334,52.45466276224115,26.589417004178106,13.129987884122459,30.895543981481474,0.1512998342514038,2851.056884765625,0.01751702,0.0003,1007.2038670221965,-45.25082018816913,5439.265438729745,0.2,0.16215277777777778,3830,-0.033631716453021876
0.8570601851851852,28.518518518518515,0.9196489125979144,16.875130028719393,7.638146566633385,10.52041624334609,0.0,-425.1194020199999,13.469185136526635,17.727370308632782,34.72222222222222,0.12408760495472035,2808,48,385,0.25215096086197625,3.240290831064432,236,37.34664351851852,13.516567218739917,0.8731762604057415,10.25682644226573,0.4274350036655289,36.0,665280,9.343061353226014,52.429186640205366,26.535693536934204,12.996605573001013,30.779803240740808,0.10308349132537842,1649.93359375,0.024079692,0.0003,1003.4565546954119,-45.22955224778917,3125.3874755859374,0.2,0.1951388888888889,3840,-0.038418007229834246
0.8651620370370371,28.648148148148152,0.9278978523445759,16.989141060546203,7.747423027697361,10.451580352205431,0.0,-425.61116024999995,13.501361584653354,17.69701211747584,34.49074074074074,0.12666159906592575,2815,48,386,0.2552162408668326,3.2468559625312654,236,37.298611111111114,13.590137680643409,0.8783424362744525,10.281068972559419,0.433495975004829,36.0,667008,9.12605258673341,52.482637484392,26.700360322573545,13.170579250687828,30.01302083333335,0.0956452488899231,3886.855712890625,0.01567169,0.0003,1084.5861224633677,-45.23504341973199,7249.838049768518,0.2,0.14230324074074074,3850,-0.03597278715956404
0.8310185185185185,28.36111111111111,0.9155462883296154,17.38383606208297,7.607932476585941,11.11255221312767,0.0,-427.78497817999994,13.533247684180298,17.766451620102202,36.68981481481482,0.11821485055731604,2822,48,387,0.25033577832564663,3.2540069322406273,236,37.43460648148148,13.46335137236936,0.8776048641908881,10.305485101609674,0.4295509787221065,36.0,668736,9.36038788374477,52.44585267884137,26.68249966141485,13.054439810777339,30.837673611111125,0.0715639591217041,2188.682373046875,0.022645678,0.0003,1159.0934584299723,-45.23909484015571,2684.4193987811054,0.2,0.21134259259259258,3860,-0.0350141115659089
0.8177083333333334,28.361111111111114,0.9193430866364628,16.791669584432206,7.676361973492193,10.45190765779383,0.0,-427.18454649,13.564993966697271,17.66771571877125,34.49074074074074,0.11880814955432312,2829,48,388,0.25267123337218694,3.2608577262693896,236,37.20949074074074,13.463399953146185,0.8771497611152901,10.329654390906603,0.42754039609699884,36.0,670464,9.240317611504915,52.41205665294615,26.644413069747827,12.998513006789587,30.41087962962961,0.12544715404510498,3767.182861328125,0.01712478,0.0003,1066.3403318475794,-45.25504386336715,6362.486454716435,0.2,0.15677083333333333,3870,-0.03568888182441394
0.8269675925925926,27.76851851851852,0.9148820066281476,15.899056368395557,7.200519624360761,10.325225261006263,0.0,-428.47438128,13.597304884231194,17.646181851358648,34.02777777777778,0.12036139164011674,2837,48,389,0.237493228167638,3.2673299701248952,236,37.17476851851852,13.173311483028533,0.8770811192746285,10.353769845535,0.43512674443612775,36.0,672192,9.088897542202242,52.43561390256201,26.643277357616082,13.224367013569157,29.947916666666682,0.016029953956604004,1825.707763671875,0.025915917,0.0003,1215.900090712088,-45.25534721657082,2772.482297544126,0.2,0.234375,3880,-0.03764842518225864
0.8373842592592593,27.666666666666668,0.926614477264061,15.787737705412844,7.324799450821419,10.120875781669879,0.0,-427.85341571,13.628732643843884,17.589577818689047,33.449074074074076,0.12598535780804637,2844,48,390,0.24074691113302094,3.2745648641082994,236,37.039351851851855,13.142062472921547,0.8777505143664439,10.377743790081723,0.42252607451082835,36.0,673920,9.393957593361705,52.4439234045405,26.663604569900723,12.87110384507623,30.953414351851826,0.04234892129898071,3639.624755859375,0.018668989,0.0003,1107.5967648046988,-45.27199574223271,7497.935414858218,0.2,0.16724537037037038,3890,-0.03799700714923717
0.8576388888888888,27.379629629629633,0.9198213484429028,15.124518234573477,7.486273862284617,9.431971105087277,0.0,-427.29978848999997,13.660493861959962,17.62228576215212,31.134259259259263,0.13056888315648899,2851,48,391,0.24567846623229306,3.2812781520706253,236,37.135995370370374,13.006273267201584,0.8778855561493374,10.401799504487103,0.42784844634105884,36.0,675648,9.185315184930294,52.48328504225821,26.682806276712352,13.004487246431152,30.324074074074126,0.04231780767440796,3958.7802734375,0.018408492,0.0003,1127.0597294489542,-45.26950779667607,3475.9704097041376,0.2,0.17644675925925926,3900,-0.03660612631485694
0.8194444444444444,27.62962962962963,0.9148974540921481,15.792202144805767,7.364734928939561,10.128923113166946,0.0,-430.62354860000005,13.69258043500633,17.626165569951983,33.56481481481482,0.12487049713738897,2859,48,392,0.242211432499749,3.288150561477445,236,37.123263888888886,13.09854410269926,0.8772191234574634,10.425864918411984,0.43193018147688883,36.0,677376,9.248963762727797,52.47913710763285,26.64717495883725,13.134629218546955,30.46874999999993,0.07936400175094604,6097.23486328125,0.017747749,0.0003,1084.3526193371526,-45.29636238945855,9545.78939706308,0.2,0.1525462962962963,3910,-0.03396517843077028
0.8333333333333334,26.88888888888889,0.9190142193972106,15.198219688929177,7.2284536166253055,10.015261740216525,0.0,-433.08927572,13.724791922864243,17.661957515281937,33.10185185185185,0.12839659812514959,2866,48,393,0.23746573860963058,3.294835190988803,236,37.217013888888886,12.754504332087345,0.8827373686757044,10.450019812200189,0.43416595965317034,36.0,679104,9.173851804543178,52.565555879178675,26.82139878373836,13.184595143166042,30.157696759259313,0.09402787685394287,2432.0625,0.019545328,0.0003,1095.972210071705,-45.275141341597944,2438.916713008174,0.2,0.20243055555555556,3920,-0.033955438831752095
0.8350694444444444,26.916666666666668,0.9160738950128804,15.460188602633805,7.080052684816505,10.411296248572649,0.0,-434.64966171,13.756828495540379,17.61039699959887,34.37499999999999,0.12844927057400268,2873,48,394,0.2329890784656021,3.301762067024742,236,37.104745370370374,12.76883966924465,0.8826755533538967,10.474045804699186,0.4316437597388702,36.0,680832,9.270750414375483,52.47192067191801,26.80659445759491,13.114629070453994,30.533854166666643,0.08413994312286377,2767.03076171875,0.018388657,0.0003,1214.8454720320526,-45.27950726261845,5683.418321397569,0.2,0.16898148148148148,3930,-0.03604786987243979
0.8489583333333334,26.111111111111114,0.9199046436448164,14.369935972405171,6.656451695268729,10.143755766919908,0.0,-433.38752423,13.78862883607707,17.50775248071535,33.56481481481482,0.12886095184675467,2880,48,395,0.21928338642846512,3.308700075252454,236,36.891782407407405,12.369728510216534,0.8751490969044146,10.497815185900974,0.4282278040695639,36.0,682560,9.275203291084912,52.440083957390435,26.595766149435075,13.020136214676135,30.5266203703704,0.08495420217514038,1469.0657958984375,0.022756934,0.0003,1140.8666789937902,-45.26829374807852,3393.3163393373843,0.2,0.20885416666666667,3940,-0.036835209192294216
0.8287037037037037,26.462962962962962,0.9170427004085923,15.12698878625927,6.738308122277984,10.634118639642786,0.0,-434.31326717,13.82054998664443,17.663119362351804,35.18518518518518,0.12480567320462405,2888,48,396,0.2212404703383575,3.3153509884526757,236,37.22858796296296,12.5545620243385,0.8861373159849891,10.521972984306853,0.43001602081168666,36.0,684288,9.16036528008861,52.57322144470246,26.916165994836394,13.068460226943914,30.208333333333332,0.05147087574005127,3811.404541015625,0.017229367,0.0003,1198.4023843341404,-45.262670333297166,6287.458100043403,0.2,0.15457175925925926,3950,-0.032723138817689484
0.8246527777777778,26.833333333333332,0.9193410321812875,15.874715632589975,6.587893344006592,11.360011722619381,0.0,-436.47064738999984,13.852520548016846,17.60474133196872,37.5,0.12499738848800929,2895,48,397,0.21645383965289297,3.322517759591905,236,37.088541666666664,12.726810565964001,0.8810135541441876,10.545984837636775,0.43023312637631217,36.0,686016,9.366708455691597,52.494339613481024,26.75524006239716,13.088224548966776,30.873842592592577,0.08673614263534546,2367.19580078125,0.0239417,0.0003,1070.0272541611282,-45.281437683105466,3195.3461064091434,0.2,0.1990162037037037,3960,-0.033917035393554854
0.8506944444444444,27.277777777777775,0.9222848965051499,15.97421057030123,7.00379481050129,10.828430189012652,0.0,-438.11865696,13.88453537613038,17.68715944955333,35.879629629629626,0.12518498027514297,2902,48,398,0.22972113551146922,3.3294015159186188,236,37.27141203703704,12.941985570787287,0.87626288283289,10.570202736260658,0.430951216632778,36.0,687744,9.253502530685642,52.39196968458133,26.61547336476355,13.105931245413332,30.475983796296337,0.12099415063858032,4171.1708984375,0.017341223,0.0003,1260.7165351867675,-45.285787681297016,6451.865436921296,0.2,0.16614583333333333,3970,-0.0358766743965033
0.8501157407407407,27.537037037037035,0.9249129378791544,15.362042048904375,7.414501577577391,9.68972517222952,0.0,-439.59617345000004,13.916715657800008,17.665016315258097,32.06018518518518,0.12840232659744774,2910,48,399,0.24359167225847211,3.335822626463469,236,37.223958333333336,13.057815299097463,0.8783281180697893,10.594365277048803,0.4332716251726286,36.0,689472,9.068444217940145,52.42621454620839,26.68585793428984,13.172112667851655,29.88281250000005,0.08322650194168091,1951.8970947265625,0.024322925,0.0003,1226.245352215237,-45.313025580512154,2392.354212782118,0.2,0.21203703703703702,3980,-0.03979123448090697
0.8142361111111112,27.01851851851852,0.9188605300705653,15.00211441568531,6.856169466753229,10.128778267606398,0.0,-440.67268855,13.948632445905547,17.651244830779607,33.44907407407407,0.12349260761359569,2917,48,400,0.22556177184125092,3.342517769357028,236,37.20023148148148,12.817166681325682,0.878818909054259,10.618493389125753,0.42992144088197864,36.0,691200,9.178057157423538,52.497236390397404,26.708194890098767,13.066715242215365,30.237268518518494,0.12247639894485474,3855.02685546875,0.01681628,0.0003,1104.206273043597,-45.313927982471604,5408.120466218172,0.2,0.153125,3990,-0.03369454832626852
0.8292824074074074,27.12962962962963,0.921373127578824,15.302087435850689,6.990412528676475,10.261291866338789,0.0,-441.27579976,13.980874106457016,17.613933655726406,34.02777777777778,0.12688117883269676,2924,48,401,0.23033399501190135,3.348919544682113,236,37.11574074074074,12.850383040835425,0.883961189243219,10.642528223265069,0.4343788669231742,36.0,692928,9.060710130034193,52.53614636077435,26.860874974608574,13.19666422058772,29.824942129629584,0.092953622341156,2157.198486328125,0.019200377,0.0003,1356.9596112145318,-45.29520420498318,2593.890939896195,0.2,0.17783564814814815,4000,-0.03490005426660732
0.8240740740740741,27.444444444444443,0.9189587108943191,15.199300240393027,6.999967685365605,10.002510139178833,0.0,-442.30287851,14.012954565728313,17.596592620851506,33.21759259259259,0.12316017782614201,2931,48,402,0.23048386545122448,3.355746088764681,236,37.074074074074076,12.99682241584859,0.8772236445744263,10.666519704817198,0.4320522228732032,36.0,694656,9.23061763302699,52.432693814840384,26.650147147566955,13.13218370851852,30.396412037037003,0.0696684718132019,3435.549560546875,0.016665915,0.0003,1346.686074652495,-45.29515154803241,5546.262455692998,0.2,0.15028935185185185,4010,-0.031167573411086644
0.8153935185185185,27.555555555555557,0.9167772940704874,14.20267103303114,7.42776343992691,8.518242059080912,0.0,-443.73512493000004,14.045027834983122,17.66708843059507,28.240740740740744,0.12397425015386135,2939,48,403,0.2441933795312022,3.3625077509598635,236,37.21585648148148,13.056665534023319,0.8730495855132029,10.690687425893685,0.4318621674993021,36.0,696384,9.20466487807309,52.44051991303369,26.538327832826287,13.12930770192346,30.287905092592464,0.007563292980194092,2635.315673828125,0.017864326,0.0003,1288.697189783167,-45.30359567712854,3755.5696949146413,0.2,0.16469907407407408,4020,-0.03584994834037153
0.8339120370370371,27.88888888888889,0.9181924994739213,14.724863766615686,7.492699107864993,8.802086069447041,0.0,-445.94605458,14.07720049470284,17.685359880627974,29.166666666666668,0.12708904014465863,2946,48,404,0.24564523257338536,3.369079813969353,236,37.26273148148148,13.23007858930365,0.8747191510822461,10.714900825595254,0.4332757024307,36.0,698112,9.128825203795719,52.40026374125108,26.618637840840332,13.169063887887122,30.063657407407423,0.07022804021835327,4088.8359375,0.018301258,0.0003,1162.47512839282,-45.306325912475586,6775.347046802662,0.2,0.1552662037037037,4030,-0.03373881467893996
0.8466435185185185,27.75,0.9230275801062,14.647837871107985,7.499973272007314,8.783588059423657,0.0,-447.03142646,14.10949793241704,17.684846840643576,29.050925925925924,0.12888651963754574,2953,48,405,0.24581891504257355,3.3752177323180255,236,37.27835648148148,13.164276539677013,0.86969426736576,10.739112942696863,0.434777983979635,36.0,699840,8.955167339469003,52.30526018703065,26.433549253870524,13.218975085680569,29.542824074074034,0.07434260845184326,2325.12109375,0.026794862,0.0003,1232.7837769119828,-45.33024862783927,2969.17111364294,0.2,0.22679398148148147,4040,-0.03653529569230698
0.859375,27.925925925925927,0.9247227873874919,14.38672172912651,7.631012337966161,8.300653767598748,0.0,-449.1128258,14.142220562284484,17.692669192809696,27.314814814814813,0.1304517613319337,2960,48,406,0.2506357846208727,3.3814333067100115,236,37.276041666666664,13.255055623561601,0.8649409675817559,10.763344615678887,0.4405054676776561,36.0,701568,8.986229756794378,52.17326485796186,26.276585055473305,13.389051946977345,29.557291666666625,0.05223417282104492,3544.983642578125,0.018487884,0.0003,1373.1280075214527,-45.32137752109104,4751.0728823061345,0.2,0.16747685185185185,4050,-0.03249539290209887
0.8200231481481481,26.962962962962962,0.9166196305394634,13.689346679904355,7.2595224681567,8.439808239647308,0.0,-450.6084615600001,14.17441542993226,17.720505916382688,27.893518518518515,0.11803288127756971,2968,48,407,0.23835898136789155,3.387971138607724,236,37.3287037037037,12.790015972100347,0.8710066057993888,10.787645880469844,0.4339182070078831,36.0,703296,9.115132759084887,52.272587550351595,26.484198276665353,13.177947059110869,30.01302083333329,0.11583131551742554,2558.633544921875,0.025218824,0.0003,1429.675870732908,-45.32317616498029,2112.8346926088684,0.2,0.20185185185185187,4060,-0.034451205621438996
0.8553240740740741,27.555555555555554,0.9261608962476741,14.565954438231788,7.603370610256401,8.692215995413056,0.0,-451.31606583000007,14.20679540418775,17.7214678013537,28.703703703703706,0.13006120791902717,2975,48,408,0.2496493230337952,3.394546856082587,236,37.33738425925926,13.070367832562331,0.8763659893028652,10.811949549973228,0.43552774176583614,36.0,705024,9.130286989945356,52.39161930814944,26.635335473641174,13.251989702195614,30.107060185185205,0.09580862522125244,3177.87060546875,0.016334834,0.0003,1325.4009137612802,-45.35932749995479,5412.468175817419,0.2,0.14027777777777778,4070,-0.03179088894760719
0.84375,27.796296296296294,0.9229043640757708,14.386959943412824,7.831102214849202,8.18259898966774,0.0,-454.50562282999994,14.239668571832022,17.75313291365514,27.083333333333332,0.1266418640771981,2982,48,409,0.25768237191801074,3.4008214752803263,236,37.41319444444444,13.173258738895882,0.878554428922221,10.836332382257366,0.44263133591964643,36.0,706752,9.009847679095659,52.41759340009534,26.68894144933198,13.44926705770901,29.745370370370278,0.06688076257705688,1286.80078125,0.018662337,0.0003,1501.0006041491474,-45.34250934742115,3039.0663058810765,0.2,0.17390046296296297,4080,-0.03284217426553369
0.8506944444444444,27.89814814814815,0.9167969851648005,15.089677928399912,7.528927540570173,9.129820531143743,0.0,-458.2636253699999,14.272706673222688,17.720264865797446,30.09259259259259,0.12800318512120734,2989,48,410,0.24783345476110633,3.4074924633127357,236,37.33391203703704,13.230929856685997,0.8777423243326004,10.86063304442186,0.444836501705612,36.0,708480,9.168395212963803,52.42863354044919,26.66568365714328,13.515240556266532,30.172164351851848,0.13326293230056763,5296.89208984375,0.014852787,0.0003,1634.8453201859086,-45.34617993390118,6980.9130642361115,0.2,0.12714120370370371,4090,-0.031753201244605914
0.8263888888888888,27.35185185185185,0.9262145917852976,14.227568444783277,7.55730612792527,8.497274951075873,0.0,-457.62964738999995,14.305095743167332,17.695587803892014,28.009259259259256,0.1249828444588113,2996,48,411,0.24881281137239297,3.414019777452402,236,37.29050925925926,12.972987365782133,0.8777755584359505,10.88487201393159,0.43615016826635544,36.0,710208,9.110925655866547,52.42561918591189,26.67404842585276,13.255627977857626,29.976851851851787,0.04006385803222656,2445.032470703125,0.019238131,0.0003,1268.8964491243717,-45.34983760692455,4429.300114384404,0.2,0.15364583333333334,4100,-0.03277339442046704
0.8368055555555556,27.40740740740741,0.9200077101710136,14.22981458458752,7.4708986171056635,8.549696224153491,0.0,-459.34428007,14.338488802689904,17.784981050328536,28.125,0.12609962769547362,3004,48,412,0.2457148307055774,3.4200476869089815,236,37.484375,13.009219743328366,0.8805086283321574,10.90933446655741,0.4493912012370596,36.0,711936,8.911163782631773,52.48406821082046,26.752266826348826,13.65722380902879,29.36921296296296,0.11923527717590332,4601.25048828125,0.013332627,0.0003,1387.9881126333166,-45.35418138857241,10249.070750144676,0.2,0.10966435185185185,4110,-0.02931168721643863
0.8570601851851852,28.36111111111111,0.9254719099026991,15.174634453861412,8.292805803017353,8.229965362962721,0.0,-461.34038649000007,14.371261163686773,17.72888226649651,27.083333333333332,0.13184185513847355,3011,48,413,0.2730487519534207,3.4262373074346666,237,37.34606481481482,13.451863287881338,0.8877917741913639,10.933656672223652,0.4408519334504793,36.0,713664,8.975848210273941,52.630218063200225,26.982325514358717,13.408944398748034,29.600694444444464,0.10915517807006836,3169.768310546875,0.01999669,0.0003,1347.6862257215712,-45.363074465151186,3823.419129548249,0.2,0.1839699074074074,4120,-0.032008178254451465
0.8582175925925926,28.138888888888886,0.9301137127878844,15.071618731946929,8.04681368116106,8.4972178948245,0.0,-459.01129674000003,14.403718547083116,17.644531119899394,28.009259259259256,0.13561876364731643,3018,48,414,0.26542456591405555,3.4322867093694525,237,37.1875,13.32758715596137,0.8851854123893439,10.9577680000234,0.43684341083835493,36.0,715392,8.919760773914394,52.67250334299035,26.88734153743168,13.282953358537078,29.470486111111136,0.117703378200531,2934.527587890625,0.015522566,0.0003,1397.7302011701795,-45.345276797259295,6858.133024088542,0.2,0.13177083333333334,4130,-0.03141155523523964
0.8587962962962963,28.194444444444446,0.9163612161361877,16.343771673077093,8.137577143998692,9.646074618240025,0.0,-457.99306322000007,14.435848328362118,17.624379350486052,31.828703703703706,0.1337940443202145,3025,48,415,0.2681802282735784,3.4394994410428246,237,37.15277777777778,13.360119910838373,0.891329717554509,10.981828948399615,0.4326952462598519,36.0,717120,9.385092669348891,52.74708408911591,27.078746605319637,13.1519125116009,30.90277777777771,0.11041468381881714,1838.0966796875,0.024705848,0.0003,1683.6050026010585,-45.33807974921332,1953.655010986328,0.2,0.24774305555555556,4140,-0.03626962735110687
0.8715277777777778,28.157407407407405,0.9308134337334922,16.450512267562715,7.829408658834585,10.063787074142502,0.0,-460.90512048,14.468414466912888,17.76236723886269,33.21759259259259,0.1358927117579536,3032,48,416,0.25766497735929034,3.4466630840631027,237,37.43518518518518,13.357316534585626,0.8868891687898778,11.006234866496772,0.43873763916109215,36.0,718848,9.365457208111254,52.67943233021938,26.94253424853804,13.326455420308355,30.83767361111106,0.0945892333984375,3940.12060546875,0.020403024,0.0003,1356.7114364624024,-45.356102229930734,5244.836244936342,0.2,0.19577546296296297,4150,-0.03537488369340146
0.8674768518518519,29.333333333333332,0.9198581319046345,17.496246119104782,8.622854719253997,9.770157078238674,0.0,-464.91591956999997,14.501128136518242,17.814923147026654,32.291666666666664,0.13190560980837476,3040,48,417,0.2841270750879263,3.4536989637875153,237,37.538773148148145,13.903234321612112,0.890307942794653,11.030772174364339,0.4404768851007504,36.0,720576,9.314351889764984,52.76786593496371,27.019966088169678,13.385467842141187,30.678530092592545,0.15008366107940674,1484.5120849609375,0.022394888,0.0003,1418.5024714575873,-45.35532705518934,2028.3859370478876,0.2,0.18993055555555555,4160,-0.03839468648657203
0.8431712962962963,28.98148148148148,0.9275307445086093,17.204919053257306,8.396475226043409,9.872910687655706,0.0,-467.00361365000003,14.53401478069217,17.79647658949247,32.638888888888886,0.1271364545712492,3047,48,418,0.2765820758211899,3.4605294016662036,237,37.48090277777778,13.735533139558191,0.8813066541703667,11.05526336583807,0.44248013583772505,36.0,722304,9.23217515147527,52.63499952980763,26.762134342080305,13.45465766957153,30.36747685185185,0.13086187839508057,3110.69287109375,0.020375814,0.0003,1320.4519250163326,-45.34815306486907,3764.373844401042,0.2,0.1728587962962963,4170,-0.032904253920747174
0.8269675925925926,28.84259259259259,0.9116056633989221,16.110611551653026,8.535518990347532,8.727378923863192,0.0,-466.86398003999994,14.56652047107219,17.69103744703689,28.935185185185187,0.12458651479076295,3054,48,419,0.28147555003470354,3.46731800777373,237,37.28414351851852,13.647713637442303,0.8876056037129954,11.079490959455661,0.4381764660744582,36.0,724032,9.215442443010438,52.72092784349886,26.929155105412175,13.302276152008353,30.324074074074062,0.05474191904067993,1673.9786376953125,0.025323356,0.0003,1622.0203134748672,-45.31639895968967,3000.724410219546,0.2,0.2195023148148148,4180,-0.03435680265365927
0.828125,28.62037037037037,0.9284549451081096,15.411701645343763,8.585521562797863,8.057951761312635,0.0,-466.59266940000003,14.599218061250333,17.71594213551046,26.73611111111111,0.12526023754224785,3061,48,420,0.2821888896408839,3.473598022806185,237,37.31539351851852,13.568228321233265,0.8837208461394206,11.103780814794437,0.4396474116896129,36.0,725760,9.012006012982136,52.59056134667833,26.83956388100101,13.379036071257543,29.75983796296298,0.13157182931900024,2985.0693359375,0.017412502,0.0003,1553.135061786793,-45.30844867847584,3477.799724211516,0.2,0.15266203703703704,4190,-0.03332351567223668
0.859375,28.5,0.9304029060897842,15.87043526945243,8.160336639125378,9.004505016438207,0.0,-469.06707656,14.632300254104285,17.700779609477877,29.74537037037037,0.13085586477226152,3069,48,421,0.2688150990886132,3.479894096801297,237,37.292824074074076,13.505593613888847,0.8804315942023893,11.128032763818132,0.4449959987480369,36.0,727488,9.018429598044808,52.547560319901436,26.7425153237054,13.532877141580608,29.745370370370285,0.05854552984237671,1433.1204833984375,0.019315861,0.0003,1647.2463887391266,-45.307394875420464,3077.4065217194734,0.2,0.1631365740740741,4200,-0.03299156911671162
0.8483796296296297,29.009259259259256,0.9242040016205064,16.307266357087975,8.455242061542164,8.899843325575468,0.0,-469.63838495999994,14.664900878202644,17.688009660036403,29.398148148148152,0.12825496225958397,3076,48,422,0.2784232908153875,3.4867771541187738,237,37.269675925925924,13.752180969970347,0.8814462916214486,11.152252787968223,0.43893698369369794,36.0,729216,9.253222926990741,52.576967716036386,26.775138856479526,13.340249639343327,30.4615162037036,0.11572897434234619,4133.09033203125,0.016190404,0.0003,1611.3661130693224,-45.307995845653394,7852.886011646412,0.2,0.140625,4210,-0.03472920752182189
0.8697916666666666,29.01851851851852,0.9220765055703437,15.977052935065059,8.666495353371872,8.35106434383654,0.0,-469.64821769,14.697294023364497,17.70606609104016,27.662037037037038,0.13278687013652066,3083,48,423,0.2848595592197616,3.493403386562648,237,37.30266203703704,13.759493237856647,0.8800245430700545,11.176517953195823,0.4364687840347019,36.0,730944,9.15049297754967,52.56310018530621,26.729326009204772,13.257258064741022,30.13599537037037,0.06698638200759888,3176.293212890625,0.016220804,0.0003,1447.7104049682616,-45.304889862625686,4885.52418891059,0.2,0.13171296296296298,4220,-0.029603110129634538
0.8616898148148148,28.703703703703706,0.9207910362162572,16.16379699243128,8.20888078369869,9.1394471993187,0.0,-469.04314347,14.729504992074547,17.6844941066849,30.208333333333332,0.13246626869543193,3090,48,424,0.2697516276552911,3.500101323345248,237,37.27488425925926,13.615469009413891,0.8760013058812947,11.200729188462535,0.433709196985665,36.0,732672,9.179174713040009,52.40901065667858,26.602894055794696,13.184387484019972,30.24450231481484,0.06042677164077759,5734.4306640625,0.018734278,0.0003,1282.8783513952185,-45.29925213566533,9903.958854166667,0.2,0.1472800925925926,4230,-0.03298714183339918
0.8495370370370371,29.259259259259256,0.9262717134517575,16.975712409569134,8.365560451203201,9.526271510344783,0.0,-469.9958220699999,14.76170125373878,17.790354656111752,31.365740740740744,0.12706327281953778,3097,48,425,0.275359591890927,3.507104286233207,237,37.501157407407405,13.883880448021152,0.8765729533785364,11.225205075102815,0.4335287771546437,36.0,734400,9.301185155183626,52.412290816523836,26.62326228427692,13.178504665692698,30.61342592592592,0.148351788520813,1653.9149169921875,0.019030979,0.0003,1304.106299435651,-45.2846056761565,2921.4941806369357,0.2,0.1605902777777778,4240,-0.032213585042498175
0.8362268518518519,29.48148148148148,0.9277068159462614,16.451611184129487,8.75833600449606,8.502402855873447,0.0,-471.54473111,14.794097340518032,17.72503963051137,28.009259259259263,0.1244749861869341,3105,48,426,0.28831908331509254,3.513862647878428,237,37.363425925925924,13.99087232375998,0.8793846334292993,11.249517674179094,0.43626703286765484,36.0,736128,9.203344658088392,52.49742625676409,26.70767419656723,13.25843471170115,30.287905092592617,0.095406174659729,4799.83544921875,0.01764605,0.0003,1633.5020958229347,-45.291690826416016,6555.933342375579,0.2,0.15069444444444444,4250,-0.03319452235268222
0.8564814814814815,29.76851851851852,0.9242965625407602,16.337671001570445,8.922338018336747,8.085981168387377,0.0,-472.13407764,14.826395717896597,17.71912775334785,26.73611111111111,0.12672603624549975,3112,48,427,0.2933097322273462,3.5202336520490376,237,37.333333333333336,14.129351814846322,0.8710066349738893,11.273815493562463,0.43490807178753715,36.0,737856,9.04840166824385,52.363169814180445,26.44430899639158,13.219350951425854,29.803240740740712,0.03390556573867798,3292.458251953125,0.021185812,0.0003,1759.9985869089762,-45.29624647917571,3617.462562391493,0.2,0.1837962962962963,4260,-0.03726207378182422
0.8339120370370371,29.546296296296294,0.9193740535639793,16.386479061158646,8.86571346827916,8.29537566092185,0.0,-474.64375586999995,14.858911942846195,17.85712713872452,27.430555555555557,0.12312521851170469,3119,48,428,0.29111691540044055,3.5270280822910665,237,37.632523148148145,14.025389931957633,0.8722256696286244,11.298458311409274,0.43777051210512063,36.0,739584,9.217772096811515,52.372298543958834,26.492684385897302,13.30648997983886,30.33854166666668,0.006078839302062988,5238.6171875,0.016127713,0.0003,1417.0942032566777,-45.28993321171513,8550.51892541956,0.2,0.11568287037037037,4270,-0.03164840048972379
0.8414351851851852,29.101851851851848,0.9185870204800203,16.3615767549084,8.516765659732803,8.83933642178541,0.0,-477.89775158,14.891460994681323,17.786555166066552,29.166666666666668,0.12676851866910152,3126,48,429,0.28022147338780606,3.5338669507708635,237,37.48148148148148,13.805474673390185,0.8762266406696083,11.32292469932444,0.4382405601712853,36.0,741312,9.235547391918805,52.503257193355864,26.60138209717738,13.319620734051263,30.43981481481482,0.086642324924469,1439.2518310546875,0.02229902,0.0003,1689.7930622877898,-45.28523115935149,3007.627843786169,0.2,0.19947916666666668,4280,-0.03382589410455829
0.8130787037037037,28.65740740740741,0.9177555492310968,15.275567380995117,8.595167612942886,7.8885482994334835,0.0,-477.92828558,14.923932252199762,17.74337899663252,26.041666666666668,0.12028023443763225,3133,48,430,0.2830384387877035,3.5402546487116586,237,37.39409722222222,13.59185146861875,0.8773128620430007,11.347283146816022,0.43691723718852626,36.0,743040,9.055079176317971,52.5121048734242,26.631744015957498,13.288503007375828,29.83217592592592,0.15461599826812744,2971.166015625,0.017043095,0.0003,1474.122352246885,-45.28268410011574,4973.070983434606,0.2,0.14085648148148147,4290,-0.03220300623215735
0.8402777777777778,28.009259259259256,0.9208321243109047,14.868932473464277,8.218368242779013,8.171232895856184,0.0,-477.96293142,14.956383198064804,17.701436631511474,26.96759259259259,0.1302190981838068,3141,48,431,0.27073079239789116,3.5468905404503097,237,37.298611111111114,13.279331334829081,0.8758989644601174,11.3715367383948,0.43681193917448913,36.0,744768,9.15435669546038,52.58923537902757,26.59185102149858,13.280378346016875,30.230034722222154,0.054955363273620605,1660.0687255859375,0.020548487,0.0003,1657.924164863869,-45.27028379087095,3687.6656674985534,0.2,0.17864583333333334,4300,-0.034442055715179
0.8234953703703703,28.333333333333332,0.911327230446255,15.112298470095649,8.462768286728894,8.028359439123713,0.0,-478.41433923000005,14.988438488006596,17.74435867766857,26.50462962962963,0.12212090108299811,3148,48,432,0.27932621344299474,3.554141372027681,237,37.375,13.421170744243042,0.8813457048207476,11.395897635088971,0.431280328134089,36.0,746496,9.40033263094862,52.65302456697568,26.749675051303345,13.122115976716728,30.982349537037017,0.06650668382644653,3122.255126953125,0.01641447,0.0003,1561.9025405813147,-45.254743081552014,6349.754478624132,0.2,0.14554398148148148,4310,-0.03476793641500451
0.8640046296296297,29.055555555555557,0.9213154251875232,15.834358322930902,8.957160418202086,7.896024070634535,0.0,-479.72059949000004,15.020941980378367,17.76165729822949,26.041666666666668,0.13027285856956886,3155,48,433,0.29475771742896056,3.560924452324823,237,37.426504629629626,13.78117383409428,0.880990920436204,11.420301778334546,0.4375652882923647,36.0,748224,9.213232118856734,52.610771782162125,26.745575596234982,13.301396948708662,30.295138888888843,0.06259036064147949,2388.536865234375,0.022080656,0.0003,1545.7991787804497,-45.26027299386484,4321.903646737558,0.2,0.19479166666666667,4320,-0.03728380164959365
0.8391203703703703,29.34259259259259,0.9230361134310693,16.047889910126848,9.034229229132713,7.897998496771055,0.0,-481.9838625900001,15.053468611360557,17.767528071403934,26.041666666666668,0.12401656399003363,3162,48,434,0.29749865573528567,3.5673416803787106,237,37.45023148148148,13.915662184223082,0.8735213454044012,11.444720598513056,0.438204888412502,36.0,749952,9.066891221555043,52.41040007162291,26.522649426801916,13.31065239287627,29.83217592592588,0.10534566640853882,5537.9912109375,0.019767122,0.0003,1302.7469174985533,-45.27976897910789,8106.326614945023,0.2,0.16903935185185184,4330,-0.03424224892148265
0.8223379629629629,29.833333333333332,0.9226940292892502,16.412976860938407,9.212377587603735,7.851895489307485,0.0,-483.73091425000007,15.086188375630753,17.78135110926687,25.925925925925924,0.122742623785981,3169,48,435,0.3031742281168608,3.574221117798078,237,37.463541666666664,14.148703784027186,0.8709741376895636,11.469173976286223,0.43989348642066955,36.0,751680,9.251774967746968,52.3594349466012,26.44911657398117,13.387905708078534,30.51215277777773,0.11980694532394409,1658.3504638671875,0.020087875,0.0003,1811.8715033637152,-45.301922466136794,3163.2674070005064,0.2,0.1728009259259259,4340,-0.03223584100121149
0.8408564814814815,29.064814814814813,0.9227066202530386,15.635053992067055,8.696230120116368,7.937051559137579,0.0,-486.08294992000003,15.118979999009596,17.771034156137862,26.15740740740741,0.12539361666740478,3177,48,436,0.2859564608313212,3.580759263409316,237,37.4525462962963,13.801772312813108,0.8693236514487327,11.493601561676568,0.4411672395521892,36.0,753408,9.115258244495296,52.32241233562386,26.380045317981473,13.416649351537075,30.05642361111114,0.05040377378463745,3717.877197265625,0.016073033,0.0003,1868.6350112773755,-45.31712536282009,5684.088797562211,0.2,0.1337962962962963,4350,-0.03331470486225077
0.8512731481481481,28.86111111111111,0.9213919583578856,15.830224765326847,8.542861090241521,8.396853003054296,0.0,-487.62390567,15.151567952155208,17.914752440007476,27.662037037037038,0.12893888319947008,3184,48,437,0.2813642399572909,3.5876177584635167,237,37.74074074074074,13.69051067203103,0.8669971493362684,11.518388442776587,0.43840795006116695,36.0,755136,9.243398021680289,52.18288719619799,26.32136453652551,13.335181258244765,30.46151620370368,0.08887612819671631,2117.3544921875,0.018536676,0.0003,1723.7693531177663,-45.32730438797562,3902.979995388455,0.2,0.1759837962962963,4360,-0.03372274362137196
0.8310185185185185,28.759259259259263,0.9222841546287307,15.877691469530768,8.402854217823068,8.630779786217552,0.0,-487.92746139999997,15.184119222624561,17.744040327210282,28.472222222222218,0.12243523317197125,3191,48,438,0.27619011993434567,3.594512804269053,237,37.385416666666664,13.64405746549015,0.8705317145639575,11.542748543594612,0.43878379404628837,36.0,756864,9.258018322214513,52.28098083279389,26.4249903305098,13.320508187741238,30.403645833333304,0.10342943668365479,3693.382080078125,0.018093197,0.0003,1536.6337552388509,-45.33606686062283,6908.265588831018,0.2,0.1517939814814815,4370,-0.032775644459589214
0.8223379629629629,28.26851851851852,0.9258391824033642,15.092989417692639,8.238375199433731,8.260656233972066,0.0,-489.12321954000004,15.216942944628558,17.755196310627294,27.199074074074076,0.1223160567477134,3198,48,439,0.2718083556359105,3.600761061937248,237,37.421875,13.393957984286843,0.8722984791381924,11.56713653437118,0.44191772011169916,36.0,758592,8.99930306727797,52.30237953980339,26.481068974531322,13.429488801598966,29.658564814814806,0.06285130977630615,2181.222900390625,0.020686211,0.0003,1638.5796177334255,-45.35835644757306,3270.7551242404516,0.2,0.1778935185185185,4380,-0.03630347397626826
0.8055555555555556,28.814814814814813,0.910883435164461,15.700718732143898,8.508775942286544,8.328956420230277,0.0,-489.54241609999997,15.249795111344081,17.679874999226957,27.430555555555554,0.1145085505678865,3205,48,440,0.28026552408812117,3.6069051108941363,237,37.25,13.662986369627077,0.8707329062100898,11.591336221869247,0.44195718187056215,36.0,760320,8.957619582755333,52.248491072455316,26.43290296364512,13.440866686209269,29.528356481481463,0.08897483348846436,3695.775390625,0.019387273,0.0003,1824.036448429249,-45.37258557920103,5643.129600694445,0.2,0.14629629629629629,4390,-0.03445588235777837
0.8344907407407407,28.63888888888889,0.9224966582213545,15.383584601087637,8.41495256326349,8.187060788264839,0.0,-492.23440937999993,15.282780633997673,17.892633260656083,26.96759259259259,0.12493352568036299,3213,48,441,0.27702386711276694,3.613249378335446,237,37.704282407407405,13.581571249559309,0.8760540217629318,11.616067805020887,0.44406513846280793,36.0,762048,9.037706976523795,52.428311104854565,26.589179641075642,13.494209061436479,29.767071759259284,0.05890190601348877,3411.745361328125,0.01903124,0.0003,1549.2720809653954,-45.378639941745334,3526.6150621202255,0.2,0.1675925925925926,4400,-0.02924979065061995
0.8483796296296297,29.277777777777782,0.9256069592123451,16.072031126822026,8.453265443496493,8.52228965575882,0.0,-494.2105629299999,15.31572612192975,17.83389879166719,28.125,0.12745603698728813,3220,48,442,0.2780988602500169,3.6196760558945824,237,37.55324074074074,13.896476027566711,0.8700052527185512,11.640652552000054,0.4423678908676137,36.0,763776,9.070671023654606,52.26689400510677,26.43667070422251,13.478195172830539,29.940682870370384,0.06878852844238281,3485.618896484375,0.023638215,0.0003,1892.8919826648853,-45.36831186082628,4856.820990668402,0.2,0.20856481481481481,4410,-0.038825076766726044
0.8125,28.546296296296294,0.9154303383314409,15.267850174274159,8.110876521421554,8.411678843862433,0.0,-493.29976805,15.348438456492797,17.68349209211896,27.777777777777782,0.1190464210337843,3227,48,443,0.26675114230628794,3.6259008010012512,237,37.263888888888886,13.545294808990171,0.8665869751293368,11.664861282230351,0.44056604515642817,36.0,765504,8.989898042667464,52.2328954251799,26.318762712665233,13.384933825218793,29.607928240740804,0.1216115951538086,3373.208251953125,0.020117704,0.0003,1765.172333879824,-45.35966819480613,3425.8297516999423,0.2,0.16863425925925926,4420,-0.03421662520203325
0.8327546296296297,27.972222222222225,0.9203246978008424,15.160363495909815,7.809447734258541,8.87556079022851,0.0,-494.24718611000003,15.381258650826776,17.821697514489713,29.28240740740741,0.1252189244469558,3234,48,444,0.256685368899641,3.632320264626285,237,37.54976851851852,13.275354971422763,0.8672255459747952,11.689415526016575,0.44149975579168765,36.0,767232,9.06778545001341,52.20715631299567,26.339982291938785,13.428077733591657,29.918981481481413,0.06910490989685059,3329.78564453125,0.015092133,0.0003,1623.4603902816773,-45.33687208670157,6544.392258933738,0.2,0.13391203703703702,4430,-0.030417284531587804
0.8472222222222222,28.166666666666668,0.9164447041799483,15.016166400241708,7.794553788208414,8.648896713746453,0.0,-497.04384009999995,15.414014852765996,17.783613149135277,28.587962962962962,0.12545575544407653,3241,48,445,0.2557589535943349,3.638818575572793,237,37.479166666666664,13.372715898286842,0.8679781288793992,11.713874558889414,0.44099520356506605,36.0,768960,9.0993243786032,52.22184769808866,26.361391759619448,13.402480775688248,29.976851851851844,0.10503208637237549,3499.4267578125,0.017946078,0.0003,1722.5758995197436,-45.34316694471571,3471.541421169705,0.2,0.15619212962962964,4440,-0.03685367035300091
0.8466435185185185,28.490740740740737,0.9288658726499153,15.851076383234696,7.739155790315675,9.382346300326878,0.0,-498.07668742999994,15.446870296011701,17.775680575906957,30.902777777777782,0.12639115765856018,3249,48,446,0.25423579327222723,3.6454275978603077,237,37.46643518518518,13.529574292592143,0.8671084663573124,11.73831376032918,0.4420961557298054,36.0,770688,9.143608915005808,52.19392412276261,26.329372302748226,13.44217729828221,30.12876157407412,0.1526505947113037,4378.775390625,0.01509438,0.0003,1641.1702628241644,-45.32276457327384,8083.2005551938655,0.2,0.11186342592592592,4450,-0.0284108711441082
0.8292824074074074,28.388888888888886,0.9184421251628694,15.661753623586065,7.634203874830873,9.355533472923883,0.0,-497.48703032000003,15.479382194822847,17.741589749235093,30.787037037037038,0.12016653227308002,3256,48,447,0.25126572411231923,3.6517614176950066,237,37.382523148148145,13.47201627583131,0.8643624513801488,11.76266773470227,0.43806646448157144,36.0,772416,9.033527933879514,52.14420008074685,26.24089460348506,13.304759524458253,29.74537037037042,0.061362385749816895,2553.158935546875,0.018561507,0.0003,2228.984891298082,-45.3316453439218,3248.9743372034145,0.2,0.1528935185185185,4460,-0.033851931908133404
0.8472222222222222,28.40740740740741,0.9195703069909745,15.355118941858413,7.734580619553636,8.939239232461041,0.0,-495.51749473,15.511820234674891,17.671334736300434,29.39814814814815,0.12712933647611982,3263,48,448,0.2546670115826611,3.658068980917696,237,37.22858796296296,13.481299089843736,0.8632660684871741,11.786846071543021,0.4363496904231583,36.0,774144,9.023025289075688,52.11920157681561,26.207989213855033,13.275215940817638,29.709201388888946,0.08159106969833374,4220.7861328125,0.018690765,0.0003,1710.5928638882108,-45.354274085715964,6675.683557581018,0.2,0.16064814814814815,4470,-0.03316181510065993
0.8350694444444444,28.11111111111111,0.919165729642971,15.317916783341941,7.344279422827181,9.440022738838046,0.0,-494.72533412999996,15.54365106566759,17.66498115101771,31.134259259259263,0.12093714199396571,3270,48,449,0.2416773451888016,3.665064304963536,237,37.2349537037037,13.333614621676714,0.8650289933448229,11.811008524420565,0.42885273551697944,36.0,775872,9.298129618335865,52.18318657977348,26.260248771187662,13.032332397078946,30.64959490740742,0.05450719594955444,1285.8232421875,0.020580193,0.0003,1874.635426655522,-45.3500607808431,4805.228421133535,0.2,0.18333333333333332,4480,-0.03540489615320608
0.8396990740740741,28.84259259259259,0.9232475728420589,16.37881706177022,7.577069627358166,9.916017745127798,0.0,-497.5514213300001,15.57640276381806,17.808340331990767,32.638888888888886,0.12241761635246366,3277,48,450,0.2495076268723647,3.67184233148568,237,37.51215277777778,13.685729689284257,0.871323555197142,11.835529375250541,0.44060045576723206,36.0,777600,9.211210608857614,52.30604223509874,26.441561349791076,13.400679260187848,30.360243055555568,0.0897374153137207,3778.9951171875,0.017375853,0.0003,1943.1406722316035,-45.35263578626844,8956.593880208333,0.2,0.14166666666666666,4490,-0.03619415581364323
0.8142361111111112,28.962962962962962,0.9183452322656537,16.250618106436804,7.703795057585914,9.614694928389115,0.0,-501.06514222000004,15.608801179689692,17.727016603282177,31.712962962962962,0.11927031913952364,3285,48,451,0.25373653414976677,3.6786846457343807,237,37.333333333333336,13.732128120461772,0.8716613929935039,11.859846916758746,0.43621888865201575,36.0,779328,9.236925699480262,52.234984139015296,26.45675858649201,13.259366348653343,30.374710648148223,0.04166775941848755,2648.209228515625,0.014975122,0.0003,2067.149687449137,-45.33883832295736,3886.6621577510127,0.2,0.13125,4500,-0.03342497466063058
0.8524305555555556,28.703703703703706,0.9213690019201178,15.521255158055103,7.770297998133381,8.939192155711623,0.0,-502.44641487,15.641534321326425,17.800844913388964,29.51388888888889,0.12895584088110068,3292,48,452,0.25576296871605625,3.685552349070076,237,37.5162037037037,13.611765004210099,0.867870855301477,11.88434902904222,0.4405932573242059,36.0,781056,9.24708133427802,52.244311949217284,26.339782224815526,13.393256654693515,30.475983796296344,0.06477272510528564,4795.86767578125,0.017815482,0.0003,1655.1796477141204,-45.32298292937102,6339.367460575811,0.2,0.13697916666666668,4510,-0.030725338570428667
0.8211805555555556,29.444444444444443,0.9247517160311136,15.768162401456284,8.205384381086287,8.405894460537256,0.0,-506.01359843,15.674501432540909,17.82934259167997,27.662037037037038,0.12208323050593095,3299,48,453,0.2707186887254896,3.691766767530134,237,37.554976851851855,13.95688355983274,0.8697307180784989,11.90892238552142,0.4433788887825157,36.0,782784,8.985767384023315,52.266964647677945,26.400035221463156,13.486844485793585,29.60792824074078,0.10748052597045898,3873.418701171875,0.01760815,0.0003,1962.9658951088234,-45.33551365887677,3992.3625293872974,0.2,0.1390625,4520,-0.03219050574461343
0.8425925925925926,29.287037037037038,0.9110624985277388,15.399224582177524,8.01628718935397,8.280024602821086,0.0,-504.28159224,15.7067057101793,17.78114705451816,27.314814814814813,0.11778180859668266,3306,48,454,0.2632752918213584,3.698295222511561,237,37.457175925925924,13.902912790002468,0.859380937194283,11.933375253157715,0.43347645017066844,36.0,784512,9.111381992570909,52.08356889573369,26.086146681610675,13.181711055356109,30.013020833333332,0.09223538637161255,2318.7783203125,0.022767564,0.0003,2204.66534704279,-45.332048430266205,3304.5968668619794,0.2,0.1902199074074074,4530,-0.03389046670851746
0.8298611111111112,29.009259259259256,0.920148930741552,15.036748464996913,7.326692101809983,8.759469325100282,0.0,-504.2545749000001,15.739042123602205,17.79711391421826,28.819444444444446,0.1194834074591203,3313,48,455,0.2417053764907906,3.7051298189459643,237,37.50868055555556,13.750587038086648,0.8610435179433873,11.95786803794326,0.4349874955399567,36.0,786240,9.233838573761217,52.165288702013875,26.12435588153666,13.234565369162384,30.46875000000004,0.05484127998352051,3958.021240234375,0.02474113,0.0003,1780.7262443189268,-45.317138558846935,5147.973192455151,0.2,0.20561342592592594,4540,-0.035354855158193796
0.8721064814814815,29.666666666666668,0.9176557946508059,15.877138015364551,7.613257365795065,9.00673910901956,0.0,-503.08316988,15.770984737454144,17.685710177148387,29.62962962962963,0.12498493784094139,3321,48,456,0.25126650226528874,3.711970051764101,237,37.24652777777778,14.057141540549926,0.8627029770815909,11.982082313386131,0.42951450296849314,36.0,787968,9.236093127254621,52.18756787137374,26.17699259617633,13.077045540775726,30.40364583333339,0.03701436519622803,2119.625244140625,0.026809089,0.0003,1942.351041815016,-45.30566150523998,4932.925353099682,0.2,0.25127314814814816,4550,-0.033299957031246136
0.8466435185185185,29.083333333333332,0.9206478366014962,15.12547702948725,7.317210124607249,8.821703769810844,0.0,-502.62095465000004,15.803097976959142,17.69104698480714,28.935185185185187,0.1208751042616044,3328,48,457,0.24153440246789717,3.7180468824121866,237,37.27488425925926,13.786563135069157,0.8598003025127778,12.006309930848149,0.43276903190298177,36.0,789696,8.930732259234208,52.114258555662396,26.090511315466927,13.145295801999401,29.41261574074072,0.08625167608261108,2119.66748046875,0.01835855,0.0003,1615.4919761869642,-45.2897477750425,7340.42555609809,0.2,0.1629050925925926,4560,-0.03403963541474055
0.8692129629629629,29.38888888888889,0.9168578118504298,16.091996157351666,7.372768618334722,9.585634517779143,0.0,-501.1034972199999,15.83453167237384,17.60409273162606,31.48148148148148,0.12475407771814956,3335,48,458,0.2433969622514831,3.7252260934751207,237,37.098379629629626,13.9335930212378,0.862901511694111,12.030320162677214,0.4236328836428008,36.0,791424,9.37168442517356,52.13936991616432,26.176622861071298,12.87347816587892,30.84490740740742,0.08349090814590454,2998.480224609375,0.020638296,0.0003,2143.202766799927,-45.255210904721864,4519.762361201533,0.2,0.1795138888888889,4570,-0.03751200590524133
0.8559027777777778,29.694444444444443,0.9241971337769364,16.41154597956954,7.65833948322378,9.463567961901203,0.0,-502.1994259000001,15.866289916654717,17.72303008360504,31.134259259259256,0.1295922287846262,3342,48,459,0.2521880252749908,3.7323084732522265,237,37.347800925925924,14.089638534444555,0.8571209655184191,12.054627737886227,0.42784891591954954,36.0,793152,9.332951910842286,52.06156116047424,26.020345342723914,13.0032977123509,30.77980324074078,0.08298623561859131,4435.33203125,0.024428094,0.0003,1578.0420267528957,-45.25153194003635,8221.94208984375,0.2,0.2074074074074074,4580,-0.03887904996259345
0.8391203703703703,29.685185185185187,0.9164034108428208,16.68224725610468,7.527171741476994,9.867562646116829,0.0,-504.61935517,15.898115777447824,17.64168155965997,32.523148148148145,0.12091038923678209,3349,48,460,0.24741429683581437,3.7392330618323104,237,37.16608796296296,14.087512868510856,0.8590066820921377,12.078731941785376,0.42870557071951515,36.0,794880,9.269835432033563,52.11787110972113,26.088007992964663,13.030344317243076,30.533854166666607,0.13333165645599365,2105.07568359375,0.015938083,0.0003,2284.2596877204046,-45.28405312432183,3368.8700208875866,0.2,0.13721064814814815,4590,-0.02969317897222936
0.8339120370370371,29.425925925925924,0.9217355740658495,15.771731864239745,7.672921246613733,8.938970080967385,0.0,-508.78724023,15.930479094230234,17.801143434019004,29.39814814814815,0.12199320803056089,3357,48,461,0.2528188135059687,3.7463325080885834,237,37.50925925925926,13.959840536658627,0.8600299816426356,12.103234800370423,0.43610075360242173,36.0,796608,9.339778502509189,52.19129874836859,26.119940199267266,13.245326712963744,30.743634259259224,0.06797289848327637,4841.8154296875,0.015597953,0.0003,1851.1369192194056,-45.31743104722765,8578.462863498264,0.2,0.12922453703703704,4600,-0.030589616186571893
0.8564814814814815,29.055555555555557,0.9274797641292418,15.150334400272023,7.807444223507897,8.360524928418002,0.0,-514.1854714100001,15.963378121625357,17.848502839231376,27.430555555555554,0.13166146051441618,3364,48,462,0.25722707139102124,3.753029194741664,237,37.623842592592595,13.782365248346125,0.8646866919637967,12.1278560574685,0.442815446784781,36.0,798336,9.178674661232145,52.22070180182837,26.24562786095613,13.459610958049284,30.266203703703688,0.06346428394317627,2239.405029296875,0.016615383,0.0003,2071.4005180076315,-45.31378559536404,3572.165808105469,0.2,0.14502314814814815,4610,-0.03424133175501117
0.8645833333333334,29.759259259259256,0.9245972164195899,16.1453216287753,7.962362152419243,8.872226444878232,0.0,-515.26572166,15.995579105235826,17.83639113525432,29.166666666666668,0.12471701499301446,3371,48,463,0.2625377880283597,3.7597754688618896,237,37.58391203703704,14.110733031477826,0.8661048157292605,12.152447035306636,0.43336700491032093,36.0,800064,9.198509648090315,52.269664697897134,26.284105257144475,13.18039344418753,30.331307870370406,0.0827796459197998,2425.6611328125,0.019548357,0.0003,2069.8478512092875,-45.341288771452724,4749.791642252604,0.2,0.1724537037037037,4620,-0.03223696219286433
0.8628472222222222,29.740740740740737,0.9177828587338994,16.062715213430096,7.949052594985813,8.813459312635585,0.0,-515.65502238,16.02814643969403,17.79884752360577,28.935185185185187,0.12356840065973479,3378,48,464,0.26183629899486416,3.7663664364481098,237,37.519675925925924,14.1002033058087,0.8640662063192514,12.17694415411565,0.4388225615671573,36.0,801792,9.136387034488108,52.27274933961968,26.209654107766443,13.326933783281115,30.085358796296312,0.12135767936706543,4556.50390625,0.0231596,0.0003,1914.1790444126837,-45.342522303263344,4075.45950656467,0.2,0.1894675925925926,4630,-0.036230059509614
0.8460648148148148,29.60185185185185,0.9233799302873835,15.95956754548494,7.737016189258352,8.983211576026145,0.0,-520.63132279,16.061527695897677,17.90265871236453,29.51388888888889,0.12050506874788582,3385,48,465,0.2548191502758061,3.7729141674021878,237,37.71643518518518,14.039339780200443,0.8596339047635801,12.201700800896562,0.4491516536471382,36.0,803520,9.119092381631281,52.17452533993705,26.108926263034657,13.652502481458763,30.034722222222218,0.10710465908050537,2863.2685546875,0.02005067,0.0003,1981.7143641295256,-45.35631273057726,4936.976159215857,0.2,0.16921296296296295,4640,-0.034988607369639255
0.8501157407407407,29.935185185185187,0.926953444878275,16.0680836095492,8.112974013721528,8.56270642685829,0.0,-523.0419343499999,16.094423382002926,17.788426866627436,28.125,0.12021421393067272,3393,48,466,0.2673616687827808,3.7789828794389417,237,37.47164351851852,14.19240316896938,0.8627932603615825,12.226171868063131,0.4426605084319633,36.0,805248,8.927484814701554,52.19547932925064,26.211823401801155,13.458274442098988,29.412615740740744,0.11113947629928589,3593.87890625,0.017590476,0.0003,2193.799391576979,-45.35824172408493,3710.32825656467,0.2,0.13310185185185186,4650,-0.026822109032353318
0.8396990740740741,29.388888888888886,0.9190014439318887,15.991633525429956,7.613749668553136,9.226352591783298,0.0,-519.0155829500001,16.126934789006206,17.746054993815065,30.439814814814813,0.12122133158601255,3400,48,467,0.2498448782910856,3.7849337959731812,237,37.38773148148148,13.951531265093521,0.8592802575118513,12.250537005547669,0.4375061002127361,36.0,806976,8.880366613695871,52.1110110521881,26.108078665352362,13.304562801312812,29.21006944444446,0.04375135898590088,6177.6318359375,0.016702471,0.0003,2121.644200840703,-45.3325873904758,7242.964259620949,0.2,0.1424189814814815,4660,-0.035257487230140855
0.8246527777777778,29.10185185185185,0.9121717665341357,16.075201525434444,7.519532697172969,9.555955945912912,0.0,-520.0266599400001,16.159510777054095,17.8477477890468,31.48148148148148,0.11358064002840787,3407,48,468,0.24753820123567713,3.7918606870789744,237,37.585648148148145,13.799712882348565,0.8585060719349212,12.275156375020286,0.4381323573845774,36.0,808704,9.270756442317266,52.10053497875888,26.08047423297593,13.330395219155804,30.504918981481477,0.07596254348754883,3044.699951171875,0.017602472,0.0003,2014.4048784326624,-45.32943010683413,5163.664801703559,0.2,0.14131944444444444,4670,-0.030034324248252368
0.8368055555555556,28.240740740740744,0.9248311762313425,14.9570546038637,7.276909623946675,9.089870693968654,0.0,-522.08929901,16.192099969009416,17.804581648864957,29.861111111111114,0.12456972106131298,3414,48,469,0.2397386039070479,3.79886900803538,237,37.52835648148148,13.39027428594837,0.8596134278126905,12.299667829142448,0.4385777846569343,36.0,810432,9.303328382562354,52.134811979858995,26.093019171128162,13.335676782128303,30.700231481481406,0.10270202159881592,5790.38671875,0.014834992,0.0003,1950.4662195700187,-45.319399445145216,9080.106023943867,0.2,0.12361111111111112,4680,-0.03337545198974786
0.8478009259259259,27.611111111111114,0.9291303096405484,14.102347891449723,7.064280000492555,8.750732550600508,0.0,-522.38817422,16.224690668616642,17.69754809487097,28.819444444444443,0.12661066496585832,3421,48,470,0.23297473498843257,3.8054370007625837,237,37.30613425925926,13.08733534035666,0.8566808639534793,12.323911699379625,0.43893537866823595,36.0,812160,9.127197090881479,52.0355756561842,26.00370984604115,13.336279842890187,30.01302083333333,0.11271244287490845,2185.73291015625,0.016912587,0.0003,2275.8648598847567,-45.33199697423864,3776.249149576823,0.2,0.14554398148148148,4690,-0.03350990532586972
0.8356481481481481,28.12037037037037,0.911142126952774,13.983585741510806,7.745485971949942,7.714890409381179,0.0,-523.6964588300001,16.25772625457653,17.74527382457948,25.462962962962962,0.11882263913221736,3429,48,471,0.2550475364357441,3.81163462616095,237,37.383101851851855,13.323209360179684,0.8614585709283283,12.348274883941073,0.44438105392700117,36.0,813888,8.979050159346494,52.17137771515761,26.151317286662472,13.514234383954367,29.564525462962987,0.06425333023071289,4953.81787109375,0.015513762,0.0003,2350.73993411594,-45.32489034864638,7525.427510127315,0.2,0.13142361111111112,4700,-0.03392998721898982
0.8402777777777778,28.462962962962965,0.9199184152519067,13.931079314573834,8.02446976687221,7.211242217558851,0.0,-525.46893089,16.290324493173028,17.747106751911165,23.72685185185185,0.12055187689540106,3436,48,472,0.2641415371627037,3.8179402028424523,237,37.38368055555556,13.495367330142772,0.8612987148063614,12.37264265082085,0.4387008915587278,36.0,815616,9.022230672600935,52.1220323040786,26.151378097052362,13.33929543860021,29.72366898148138,0.08047783374786377,4773.73779296875,0.017827203,0.0003,1999.682159339057,-45.316014522976346,5023.64637089482,0.2,0.15075231481481483,4710,-0.03133651432408779
0.8420138888888888,28.277777777777775,0.9214451177418185,13.551142342863976,8.151591563921313,6.797326606251363,0.0,-526.88370698,16.323361994167083,17.814622842936426,22.337962962962962,0.12650601527582453,3443,48,473,0.26871570037449444,3.8237464778894545,237,37.542824074074076,13.4022241726913,0.8631826916209281,12.397179207928192,0.44435995889389124,36.0,817344,8.822510018800864,52.14585183543279,26.21303782991913,13.515000397622202,29.06539351851855,0.05222350358963013,5599.89697265625,0.014581628,0.0003,2142.829037645128,-45.315739991929796,8677.014208984376,0.2,0.12407407407407407,4720,-0.03037500531171207
0.8518518518518519,28.453703703703706,0.921545682201504,13.961550976976019,8.451066123436602,6.822357056433783,0.0,-528.41707303,16.35635673392828,17.762710176072023,22.453703703703706,0.12287014388601981,3450,48,474,0.2783908071551194,3.8295515391498895,237,37.4224537037037,13.488127797105635,0.8673495177701391,12.421585983368372,0.44402118945411206,36.0,819072,8.82202450417397,52.22678957195249,26.3383017263544,13.497895904478868,29.072627314814806,0.12339472770690918,3146.813720703125,0.018855432,0.0003,1927.1000240608498,-45.34806418242278,4479.438024450232,0.2,0.1681712962962963,4730,-0.031597687431645614
0.8495370370370371,28.861111111111114,0.9216650291860773,14.654925768650083,8.412350201739642,7.3599333207613595,0.0,-527.4899285,16.389003053507718,17.71040518156163,24.189814814814813,0.12436254857467494,3458,48,475,0.2772620836638946,3.8352839550140616,237,37.32523148148148,13.682642246149081,0.8651079071104538,12.445861996322275,0.43931998957822493,36.0,820800,8.792966345668818,52.23377610379104,26.26506837999368,13.358527831775092,28.993055555555575,0.08851522207260132,4200.42236328125,0.01746004,0.0003,2131.562334611681,-45.342803178010165,7654.357751012732,0.2,0.15381944444444445,4740,-0.03443794510223799
0.8680555555555556,28.509259259259256,0.920824910243776,14.236593351089546,8.284153108608445,7.232025282498252,0.0,-528.6049481700002,16.421806254566494,17.811011514226635,23.72685185185185,0.13052208011355665,3465,48,476,0.2731300464876593,3.841387253653422,237,37.520254629629626,13.52041495998285,0.8652137737986357,12.470389525107842,0.4419375814917111,36.0,822528,8.941319455744209,52.22940253348488,26.25448914201316,13.421280423510687,29.441550925925952,0.05169641971588135,2892.180908203125,0.018177524,0.0003,2295.710645746302,-45.34744860331217,5166.090549949364,0.2,0.15081018518518519,4750,-0.030136969106064903
0.8472222222222222,28.87037037037037,0.9231794439408046,15.165335460261213,8.25857631266209,8.01661176987054,0.0,-530.7949764299999,16.454642858043194,17.763432281760284,26.388888888888886,0.12490342017134853,3472,48,477,0.27216257607629296,3.847206413372408,237,37.42881944444444,13.690147377728584,0.8649586972154543,12.494798105812244,0.44229828266810595,36.0,824256,8.827663887594504,52.211819663075744,26.257253430664917,13.434641390679964,29.050925925925974,0.1057860255241394,3707.130615234375,0.016268458,0.0003,2121.2617386146826,-45.34744004143609,6400.158996129919,0.2,0.12633101851851852,4760,-0.03167538709110684
0.8356481481481481,28.435185185185187,0.9208359052067162,15.219202162858553,8.050405270674572,8.48267128492405,0.0,-533.82939361,16.488198549848775,17.828948053845284,28.009259259259256,0.12249164757276342,3480,48,478,0.26518110187183047,3.8527609306132207,237,37.57465277777778,13.48612560725993,0.8654414739923854,12.519370475946857,0.45063379864941416,36.0,825984,8.721806896325017,52.2380518909676,26.272004911877087,13.72227672223312,28.833912037037038,0.045363426208496094,2156.517333984375,0.018207565,0.0003,2535.311895667182,-45.35311874107078,4390.12971146195,0.2,0.15619212962962964,4770,-0.03222743694980939
0.8819444444444444,29.046296296296294,0.9216921500244277,15.818384415881814,8.372792103286164,8.479145353145297,0.0,-535.8581900899999,16.520878074066733,17.84639328467055,28.009259259259263,0.13088534669739188,3487,48,479,0.27605294563893273,3.859000751576122,237,37.604745370370374,13.766446959450354,0.8650291994901419,12.543986459158534,0.4398064460974741,36.0,827712,8.995928385160616,52.19240123800074,26.25639034771646,13.371809687183637,29.651331018518515,0.097353994846344,4093.599609375,0.0137431845,0.0003,2523.443147051776,-45.319494063765916,7337.314195421007,0.2,0.10925925925925926,4780,-0.026631002569640124
0.8391203703703703,28.296296296296294,0.9208837902848379,15.953073911863557,7.982782970322237,9.350901379731006,0.0,-533.67431616,16.55340342130216,17.786888485704058,30.902777777777782,0.12030499434068584,3494,48,480,0.2625744823089214,3.8651001296683716,237,37.47511574074074,13.419389561810315,0.8696684290605475,12.568453680372794,0.43781794324083045,36.0,829440,8.939751236899772,52.281762975405194,26.404950720001164,13.310138894171686,29.492187500000075,0.12350493669509888,2533.064208984375,0.018336713,0.0003,2245.37684902615,-45.27989684210883,4086.0605197482637,0.2,0.16892361111111112,4790,-0.034056196623930224
0.8321759259259259,28.027777777777775,0.9108877549824532,15.058153771650522,7.853020619846036,8.719282289511398,0.0,-534.07807496,16.586002327648618,17.803176136336656,28.819444444444443,0.11981428652535586,3502,48,481,0.2586142484122178,3.8715271157331266,237,37.52546296296296,13.285850862293088,0.8675391535931065,12.592961620713636,0.4389165843777346,36.0,831168,9.070794425902005,52.35490912576282,26.341083892405052,13.339562538583136,29.918981481481573,0.06456989049911499,4660.6923828125,0.014668494,0.0003,2395.306680255466,-45.28639693083586,8841.40658456308,0.2,0.12962962962962962,4800,-0.029669192774842184
0.8692129629629629,28.333333333333332,0.9180923803821189,16.033019933887758,7.925059576818897,9.469968486114794,0.0,-536.19933896,16.618853579086895,17.76946054955582,31.134259259259263,0.1297453308458306,3509,48,482,0.261025222696835,3.8775586813202705,237,37.43055555555556,13.437991870954066,0.8715761966489716,12.617385272087525,0.4418727295609247,36.0,832896,8.912626234857486,52.37345595381961,26.451855200662123,13.440500575310457,29.3547453703704,0.05146503448486328,3679.077392578125,0.015788253,0.0003,2220.3428310535573,-45.29467742354782,4615.430095757379,0.2,0.13431712962962963,4810,-0.0334625169393365
0.8854166666666666,27.88888888888889,0.9180526205083973,15.062260121532761,7.679949682857689,8.962025139586794,0.0,-537.54555319,16.651570586135893,17.761015754541102,29.513888888888886,0.13025789769616544,3516,48,483,0.2531715316416578,3.883826440495317,237,37.4380787037037,13.220285299088276,0.868928372311721,12.641787811473877,0.44046828890790046,36.0,834624,9.007103670018685,52.32642618163616,26.365744791401756,13.386802819599014,29.709201388888875,0.08109110593795776,5250.34326171875,0.023155527,0.0003,2228.1087124859846,-45.31277681986491,6243.890614149305,0.2,0.2019675925925926,4820,-0.03333980574065613
0.8668981481481481,27.59259259259259,0.921983483102506,15.076773537499516,7.447482146133104,9.349058098976455,0.0,-538.00666032,16.684156297032953,17.797257249808677,30.787037037037038,0.12849782377426594,3524,48,484,0.24524353621698372,3.8900077780417295,237,37.495949074074076,13.080233292389957,0.8674203550927224,12.666280954598399,0.4387040694720408,36.0,836352,8.972535018564928,52.32793953528314,26.33381390375747,13.334284358824155,29.50665509259256,0.11398923397064209,3746.288330078125,0.02046409,0.0003,2007.5373450031987,-45.33637650101273,7187.09535228588,0.2,0.18009259259259258,4830,-0.034695370107268295
0.8807870370370371,27.416666666666668,0.9248677156239502,14.887089746220802,7.394788361654576,9.283606652951773,0.0,-534.73646127,16.71607887539885,17.62274390773263,30.555555555555554,0.13129252470555974,3531,48,485,0.2432576817401193,3.896469137367776,237,37.15625,13.008694731614453,0.8627023407334203,12.69033781436773,0.43021336674189725,36.0,838080,9.084543730418632,52.298456729433475,26.19735735195495,13.06903134635935,29.89004629629628,0.11602580547332764,3548.598388671875,0.017320463,0.0003,2067.3942542747213,-45.32960715117278,4804.024185745804,0.2,0.14027777777777778,4840,-0.03074119633615569
0.8599537037037037,27.85185185185185,0.928261723210836,15.011840175168512,7.730118018645668,8.868724110762997,0.0,-534.59245696,16.748350246883703,17.7984122454386,29.166666666666668,0.1282517833395441,3538,48,486,0.25444155577718286,3.9025550349443088,237,37.51215277777778,13.212998045759846,0.8637931240694029,12.714833844981326,0.43481797182431314,36.0,839808,8.934359030613097,52.322725652648124,26.226100592017186,13.208548593941439,29.354745370370406,0.06343001127243042,3773.635009765625,0.016854567,0.0003,2262.297470629657,-45.328651640150284,6687.637062355324,0.2,0.14809027777777778,4850,-0.031321699543062735
0.8269675925925926,28.296296296296294,0.9194213272204544,15.123830420975093,8.032830905925854,8.475329458814826,0.0,-540.28364697,16.78102814589878,17.821174190312046,27.89351851851852,0.12327104414056941,3546,48,487,0.26487604287341204,3.9087940178285994,237,37.54918981481482,13.415670056234411,0.869521432402879,12.739386780457107,0.4397327297698037,36.0,841536,8.995593153716273,52.37000556548241,26.39299101848397,13.371159606030474,29.673032407407458,0.11544948816299438,2176.875732421875,0.016731128,0.0003,2575.9054753621417,-45.34123204549154,3748.9693752712674,0.2,0.14126157407407408,4860,-0.028898408055236493
0.8616898148148148,28.833333333333332,0.9157487605914822,15.186140999177573,8.345295728249933,7.9731670095731415,0.0,-542.06777514,16.813691164908935,17.733597064005917,26.27314814814815,0.1294188978386025,3553,48,488,0.2752533772513857,3.9146953612541413,237,37.3755787037037,13.667678261354498,0.8714479761193142,12.763720773117122,0.4393629895587092,36.0,843264,8.860537370216724,52.34258988597613,26.456799481758555,13.365207604062247,29.17390046296302,0.10413318872451782,5142.009765625,0.015471141,0.0003,2522.310305263378,-45.35510140878183,7502.9280381944445,0.2,0.12563657407407408,4870,-0.029450611909851432
0.8425925925925926,29.324074074074076,0.920271977473944,15.918049285339828,8.516434536074632,8.291212568273103,0.0,-544.6067309,16.84655885296561,17.966778249009387,27.314814814814813,0.12377012746473132,3560,48,489,0.2802362339977639,3.920770333147927,237,37.85243055555556,13.910402180992094,0.8702395416276875,12.788637718739645,0.44243367520633675,36.0,844992,8.929988757514316,52.35561247224076,26.412753658180545,13.44707522267052,29.412615740740755,0.043942272663116455,2262.08837890625,0.016596701,0.0003,1866.2545669273095,-45.36560168796115,8840.900148292823,0.2,0.13072916666666667,4880,-0.03281768487973346
0.8501157407407407,29.34259259259259,0.9177561329672563,15.598536796976557,8.783610755574768,7.691279791266093,0.0,-547.23313114,16.879246853838715,17.851425703446193,25.347222222222225,0.1261278970846313,3568,48,490,0.28880139488511264,3.9268571191271646,237,37.61516203703704,13.923646250135697,0.8692094228002897,12.81326628299826,0.4399134543711799,36.0,846720,8.934714391694998,52.37244787382651,26.3885606205075,13.375200349242343,29.456018518518547,0.11740690469741821,7743.31640625,0.013127292,0.0003,2478.842861733613,-45.36480086997703,12773.985438368056,0.2,0.11105324074074074,4890,-0.03223085780110624
0.8709490740740741,28.953703703703706,0.9221111719246828,15.423553473618417,8.445684884755403,8.048626887205169,0.0,-548.68230236,16.912259791811486,17.90067680819869,26.50462962962963,0.12971356616175186,3575,48,491,0.2782047463631134,3.9327768765995548,237,37.71296296296296,13.729241701657847,0.8731772153364985,12.838017975018756,0.4444817246243902,36.0,848448,8.867902988956056,52.468887547631425,26.503802485962808,13.50517518910799,29.210069444444414,0.11002641916275024,2202.682861328125,0.015797526,0.0003,2202.336882965653,-45.36531780384205,5978.637622974537,0.2,0.13275462962962964,4900,-0.02968087123396496
0.8327546296296297,28.703703703703706,0.9159073454321679,15.771706894922819,8.556562259914028,8.40444755353258,0.0,-549.7278693700001,16.945253169962978,17.83314580581389,27.662037037037038,0.12430301271375732,3582,48,492,0.28212923571293186,3.938710216564071,237,37.5625,13.61069708147621,0.8786538539374945,12.862600839533291,0.44375296480536935,36.0,850176,8.87333598580656,52.59123170411987,26.670667414404335,13.497351260596808,29.224537037037084,0.0989115834236145,3885.8525390625,0.014008772,0.0003,2258.1577783231382,-45.370674528899016,8803.408421947339,0.2,0.11770833333333333,4910,-0.026149740244296414
0.8599537037037037,27.88888888888889,0.9257514799929913,14.985040159829827,8.252152103396547,8.296956339411237,0.0,-547.70057891,16.977754753036447,17.698901201611633,27.314814814814813,0.13069958828088366,3589,48,493,0.2717508157276896,3.9447292814611523,237,37.28414351851852,13.235931717022043,0.8773261485086629,12.88684809253732,0.43742292806755134,36.0,851904,8.90762595883242,52.61132387620675,26.638494233732914,13.30063322938691,29.275173611111168,0.08186900615692139,6596.455078125,0.017399915,0.0003,2290.2971703988533,-45.367208056979706,5919.182502350984,0.2,0.13680555555555557,4920,-0.029836351283032584
0.8611111111111112,27.722222222222225,0.9194290877827496,14.653512599607724,8.042424776174764,8.263248194754706,0.0,-544.78284498,17.0099503687342,17.695006783553684,27.199074074074073,0.12784909742248451,3597,48,494,0.26503001800800435,3.9511372031146186,237,37.273148148148145,13.147839628678254,0.8763708527732623,12.911085609496205,0.43324800502451494,36.0,853632,9.063168661386447,52.640347213926226,26.61082402919298,13.178246279100714,29.875578703703667,0.0397799015045166,3899.805908203125,0.018222898,0.0003,2248.695818286472,-45.36036983066135,8352.11281105324,0.2,0.146875,4930,-0.03538076151852255
0.8454861111111112,27.90740740740741,0.925222088979335,13.590393575051085,8.241468332723702,6.915324563864512,0.0,-548.0580495099999,17.042851435055912,17.82549833276632,22.800925925925924,0.12703911538901094,3604,48,495,0.2714821450406089,3.957281886965353,237,37.55381944444444,13.23360067846287,0.8758496075490263,12.93564935532812,0.44276735755807217,36.0,855360,8.957873540293914,52.5607128720055,26.594332886436906,13.460426528685517,29.419849537037067,0.08573246002197266,2575.947998046875,0.018040814,0.0003,1880.5530990318016,-45.3555591724537,7507.467103407118,0.2,0.16811342592592593,4940,-0.029787375193296207
0.8200231481481481,28.555555555555557,0.9200658363663264,14.834283836831222,8.984983649644912,7.0961650481304135,0.0,-550.58595784,17.07531314909993,17.759823316111547,23.37962962962963,0.12034183793022918,3611,48,496,0.2948066733151932,3.963237214951055,237,37.41608796296296,13.553135139055897,0.8800039518072066,12.9600489136184,0.4370657682172261,36.0,857088,8.882131194280783,52.54015478361276,26.725254085569464,13.284685617607279,29.2462384259259,0.11824357509613037,8089.59033203125,0.015728582,0.0003,2503.8208403975877,-45.36765997144911,11590.669118923612,0.2,0.1440972222222222,4950,-0.03371339582113756
0.8246527777777778,28.06481481481482,0.9151815124808648,14.50160545679451,8.850584139992362,7.145697403545728,0.0,-549.05642059,17.107926380868335,17.697434534246025,23.49537037037037,0.12459184357677161,3619,48,497,0.2914768508579377,3.969128255773436,237,37.276041666666664,13.305323913256421,0.8794720827630161,12.984292499954014,0.43900389146396673,36.0,858816,8.85641632895241,52.57857049481249,26.707334426790155,13.345292707361734,29.16666666666672,0.11164629459381104,3510.435302734375,0.01775532,0.0003,2605.0547332339816,-45.342520254629626,3555.252207664207,0.2,0.15069444444444444,4960,-0.030624739394557697
0.8125,27.14814814814815,0.9207410835354009,13.327601598045195,8.414530147619203,6.830708567821667,0.0,-550.61809951,17.14063196024324,17.637024576393415,22.453703703703706,0.12126482919934042,3626,48,498,0.27692796085588184,3.9747875476237584,237,37.16956018518518,12.882362882604326,0.8753352983362342,13.008385061394998,0.44003542203761536,36.0,860544,8.76371674012894,52.52702520127812,26.575074740046535,13.382231749962278,28.884548611111114,0.07907617092132568,6010.20654296875,0.015844962,0.0003,2385.207360967,-45.32768051712601,5239.6322744864,0.2,0.12899305555555557,4970,-0.02780772720774015
0.8559027777777778,27.90740740740741,0.9233576858628391,13.977280658980694,8.878083877892843,6.663618296802338,0.0,-551.9939563899999,17.173423416484464,17.745787607219793,21.990740740740744,0.1319995477536794,3633,48,499,0.29221948689660815,3.980704540935575,237,37.410879629629626,13.235578484285513,0.8755793451259958,13.032749530413048,0.4416795276955692,36.0,862272,8.866797324726585,52.467067201402834,26.577222352940396,13.41658249648915,29.15219907407414,0.0664207935333252,4087.51513671875,0.019044945,0.0003,2650.3527115998445,-45.330118560791014,5699.567534722222,0.2,0.16255787037037037,4980,-0.033147216220903726
0.8506944444444444,28.490740740740737,0.922983942435923,14.589057355149093,9.256626498938756,6.608014671452526,0.0,-556.1024090399999,17.206741301808197,17.76903957752052,21.759259259259256,0.13258147278844526,3640,48,500,0.3045062186933772,3.985729071643009,237,37.44618055555556,13.524416184757811,0.8811482489301675,13.057172129356848,0.4481330250291687,36.0,864000,8.509812282973604,52.5330858227449,26.751873893839505,13.62715412949285,28.038194444444517,0.07833224534988403,5664.2109375,0.020886898,0.0003,2254.7055650781704,-45.36096379315411,6247.2396927445025,0.2,0.1788773148148148,4990,-0.03008156054204813
0.8344907407407407,28.518518518518515,0.9183453996644166,14.622540904098587,8.959190332957885,6.935552496130299,0.0,-558.0188395600001,17.239599631161138,17.786071342335088,22.916666666666668,0.12531358365282155,3648,48,501,0.29481005370409324,3.991413503608297,237,37.49131944444444,13.527798075010404,0.8775342214402428,13.081637307712686,0.4425509993506877,36.0,865728,8.773772786115256,52.48102716992989,26.643004760345224,13.443331741176884,28.87008101851853,0.1067814826965332,5495.32421875,0.015289241,0.0003,2233.018572164465,-45.368978401466656,8085.242286964699,0.2,0.1259259259259259,5000,-0.02925453741206891
0.8495370370370371,28.60185185185185,0.9266320836904457,15.009155086527553,8.969892299288514,7.273541735079566,0.0,-560.8826891799998,17.272914472909218,17.875616661446664,24.074074074074073,0.12918272132610834,3655,48,502,0.29494795606662794,3.9970655133983266,237,37.666666666666664,13.565721052159475,0.8813225134881137,13.106326349366302,0.4482992635935703,36.0,867456,8.760803916011836,52.582642616761085,26.76652777083012,13.625936699231765,28.87731481481485,0.08793812990188599,4267.013671875,0.017364481,0.0003,2096.695259334423,-45.35491385283294,6894.907574688947,0.2,0.1407986111111111,5010,-0.029511566634324415
0.8686342592592593,29.083333333333332,0.924129919465362,15.484686542286035,9.117746972845152,7.379806903036962,0.0,-561.16494216,17.30582558798687,17.751249999326948,24.421296296296294,0.13017784735061852,3663,48,503,0.3003748895803606,4.003008169509429,237,37.4212962962963,13.78713266640392,0.882947502134264,13.13070447436462,0.44347258560947866,36.0,869184,8.877062444440833,52.629554290699815,26.808950819587654,13.464446031061746,29.246238425925966,0.17324769496917725,6122.52978515625,0.012779101,0.0003,2590.229649762754,-45.37710615087438,11307.050913266783,0.2,0.10266203703703704,5020,-0.02878557788380594
0.8692129629629629,29.166666666666668,0.9287070196665174,15.63272404121883,8.742861051066305,7.848653299435789,0.0,-560.6491503699999,17.338653752910528,17.7766962319276,25.925925925925924,0.13230619574799662,3670,48,504,0.28751936350750595,4.008605552858302,237,37.45659722222222,13.841209690716738,0.8793538526338199,13.15514621494444,0.44181834685405474,36.0,870912,8.73895333954892,52.487507964385856,26.71162931245477,13.431265969463562,28.826678240740762,0.10416972637176514,3589.879150390625,0.015398294,0.0003,2445.479110293918,-45.3837555638066,4975.019740125868,0.2,0.13310185185185186,5030,-0.033262494549638144
0.8605324074074074,29.009259259259256,0.9211126377287466,15.425468176936738,8.611667751545662,7.851031131464431,0.0,-562.52313083,17.372027989919342,17.806297791348243,25.925925925925924,0.12828500112423746,3678,48,505,0.28332100874675414,4.0139162832092525,237,37.50289351851852,13.762769293926645,0.8754111621583003,13.17966195942281,0.4490096435945939,36.0,872640,8.624292140380428,52.408233664002665,26.578664542369083,13.649694803525767,28.428819444444414,0.06837797164916992,7770.39013671875,0.015597626,0.0003,2667.9776914737845,-45.387473904645,8500.569352213543,0.2,0.13425925925925927,5040,-0.030261763407745296
0.8489583333333334,28.361111111111114,0.919522673009962,14.623181741172214,8.397656305715255,7.569812423726906,0.0,-568.36338124,17.405559190452472,17.95638613601252,25.0,0.12536005014707644,3685,48,506,0.2763838816818835,4.019944977376575,237,37.8275462962963,13.455713011730055,0.875781030520979,13.204552924762842,0.4513242342383837,36.0,874368,8.911477666928958,52.42237712368063,26.585688947489498,13.712480213251341,29.361979166666625,0.0855797529220581,8055.0341796875,0.020567378,0.0003,2134.9872875213623,-45.38948836149993,6661.805922218606,0.2,0.17065972222222223,5050,-0.034358881915816
0.8547453703703703,28.12962962962963,0.9205216953191445,14.342244518703401,8.448518601539002,7.341721396479731,0.0,-571.37852233,17.439148703021136,17.864478689768962,24.189814814814813,0.13107555271555962,3693,48,507,0.2778274107548697,4.025245062168736,237,37.654513888888886,13.352004520684668,0.8760111919765734,13.229214121487264,0.45232440262439805,36.0,876096,8.620033916864399,52.47276480129917,26.594174513576963,13.735805027466249,28.34924768518521,0.10025030374526978,6953.6416015625,0.016909566,0.0003,2179.663440902145,-45.38389780962909,11913.631130642361,0.2,0.13096064814814815,5060,-0.03259123734853886
0.8310185185185185,28.5,0.9158455350055674,14.608463381108178,8.800945867706519,7.0812091399685615,0.0,-571.61035577,17.472800790250943,17.845919277966946,23.37962962962963,0.12302649736223399,3700,48,508,0.28930434736169036,4.030498280818127,237,37.60590277777778,13.526308373433098,0.8870302384894494,13.253828919682181,0.4529275729177949,36.0,877824,8.601287459756305,52.682069894285085,26.93229761523723,13.760834891923416,28.378182870370388,0.13550662994384766,1914.4669189453125,0.019973593,0.0003,2659.862371910943,-45.41071086459689,5007.286305067274,0.2,0.17743055555555556,5070,-0.033928822315539474
0.8472222222222222,28.842592592592595,0.9222790471155453,15.428281985694202,9.02295288749989,7.5206676181559535,0.0,-572.5786343100001,17.506354106808107,17.85950962309415,24.76851851851852,0.12471832647744817,3708,48,509,0.2970125697207246,4.036483573619397,237,37.638888888888886,13.684661480038358,0.8925525697029891,13.278477693739918,0.4516548295496947,36.0,879552,8.894117120508236,52.697232965192434,27.10183801566224,13.721326622865524,29.224537037037006,0.10037976503372192,6973.111328125,0.012747158,0.0003,2663.749788128888,-45.42110218471951,9354.826253255209,0.2,0.10920138888888889,5080,-0.030489883497271136
0.8715277777777778,29.48148148148148,0.9234841341690682,15.785751978679757,9.479025039260073,7.11716583112995,0.0,-574.37339724,17.53999605739976,17.88599789781158,23.49537037037037,0.13069461362559062,3715,48,510,0.31206660802403835,4.0417991319836295,237,37.682291666666664,13.989561108289736,0.8911185558277346,13.303192688484447,0.45302427652638794,36.0,881280,8.62622334569305,52.572131512482514,27.056573405644002,13.756780236661513,28.34924768518513,0.07359158992767334,3632.398193359375,0.017156921,0.0003,2349.723695641977,-45.41995564213506,6200.658540400752,0.2,0.1396990740740741,5090,-0.03339366817984868
0.8501157407407407,29.10185185185185,0.9199122606522572,15.285603490620753,9.43075122380914,6.836416317774197,0.0,-574.73162462,17.57346700357583,17.88169161178614,22.569444444444443,0.12680221786997486,3723,48,511,0.3097332103241187,4.04722432034841,237,37.68981481481482,13.818435949037417,0.8918822217552672,13.327896917513913,0.45032243975663705,36.0,883008,8.670075345912018,52.55789058619964,27.088889395732753,13.688378470426402,28.551793981481456,0.0393751859664917,4914.44775390625,0.018838312,0.0003,2587.8339616563585,-45.41934000651042,8522.612349898727,0.2,0.14791666666666667,5100,-0.0321901118417305
0.8524305555555556,29.175925925925924,0.9229385699836384,15.314084186721894,9.610781897700068,6.640957062387982,0.0,-576.08828172,17.607345609177923,17.846757052550963,21.875,0.12797243705042302,3730,48,512,0.3157074887365894,4.052083555496773,237,37.59085648148148,13.862345226633844,0.8925837783910193,13.35251381014529,0.45591277097023497,36.0,884736,8.44369405934509,52.6326466832231,27.109291999356046,13.851442240837969,27.835648148148127,0.09576046466827393,3063.459228515625,0.0178544,0.0003,2133.250819679543,-45.42575117040563,6023.420102719908,0.2,0.14855324074074075,5110,-0.0315178750651992
0.8755787037037037,29.546296296296294,0.9230524230666786,15.655554627334876,9.81213193671339,6.611646741763,0.0,-581.72996311,17.6418329572743,17.955581384337552,21.759259259259256,0.12892957784636436,3737,48,513,0.3224300190840299,4.057198634996888,237,37.83680555555556,14.031775948858487,0.894498540246567,13.377402763606133,0.46373569218957233,36.0,886464,8.54603180004581,52.603166293923586,27.176691061244796,14.094939238550829,28.15393518518526,0.052784621715545654,4919.29443359375,0.018433299,0.0003,2127.3759294439246,-45.44837927641692,9333.480998625579,0.2,0.15758101851851852,5120,-0.025828732658798495
0.8634259259259259,29.685185185185187,0.9219938074397062,15.905076459448665,9.603663330500957,7.013971212482285,0.0,-583.6034505299999,17.675512128550253,17.904139861692055,23.14814814814815,0.1290075925975833,3745,48,514,0.315642694487219,4.06303690607132,237,37.74131944444444,14.087441916465423,0.8917854352833837,13.402163113260363,0.45330102094146385,36.0,888192,8.835308429772825,52.563216073343604,27.09642756844167,13.771668510380993,29.08709490740739,0.09892189502716064,5730.240234375,0.01914605,0.0003,2243.5034450813578,-45.448447488855436,8823.505729166667,0.2,0.16377314814814814,5130,-0.02923092806056418
0.8692129629629629,29.972222222222218,0.9246882772811154,16.006683955582396,9.615752280198329,6.948256225551152,0.0,-582.3654777099999,17.709375703198788,17.95849169216656,22.916666666666668,0.1299043600125206,3752,48,515,0.3152257087666777,4.068187821430097,237,37.842592592592595,14.242675449832918,0.8860888012835172,13.427059342490779,0.45564052674991734,36.0,889920,8.560366143511159,52.49596646051683,26.93175234094986,13.845429859413498,28.21903935185185,0.09344297647476196,2738.05224609375,0.019641466,0.0003,2483.1158606211343,-45.44841516282823,6064.8987349898725,0.2,0.1425925925925926,5140,-0.02920255342463928
0.8721064814814815,29.657407407407405,0.9206632811792862,15.565254950729765,9.481071817035946,6.80590367737193,0.0,-583.5526853399999,17.74306159889778,17.951348561135067,22.453703703703706,0.12579572669203415,3759,48,516,0.3116943743090683,4.0738071535578335,237,37.83680555555556,14.078279456321889,0.8876972605312203,13.451937713893617,0.45328704577797213,36.0,891648,8.747732851094588,52.57718378434879,26.976044938759117,13.774358279596806,28.77604166666666,0.07748323678970337,5012.6357421875,0.017217621,0.0003,2415.3477497948543,-45.44269321582936,9307.941836660879,0.2,0.14467592592592593,5150,-0.035263537229211245
0.8385416666666666,30.25,0.9229892016140789,15.973771362860207,9.679936468081175,6.735634526432396,0.0,-585.17853207,17.776826910810527,17.981308860525917,22.222222222222225,0.12341072200221286,3767,48,517,0.318273813169686,4.079517092985568,237,37.90046296296296,14.358200368346637,0.886476869256502,13.476890986044932,0.4541564947375243,36.0,893376,8.783975771093795,52.54800423654152,26.9363070218546,13.806124765099819,28.97135416666658,0.10132604837417603,2650.31201171875,0.014126413,0.0003,2751.7790080317745,-45.445263629489475,4999.12476490162,0.2,0.1099537037037037,5160,-0.031202705318315163
0.8472222222222222,30.12962962962963,0.9186476106400342,16.040858287091538,9.658333241686377,6.878082984440862,0.0,-587.28114784,17.81079633074676,17.935279496182396,22.685185185185187,0.12589170348275158,3774,48,518,0.3172438637553403,4.084875469770111,237,37.79398148148148,14.3044420609643,0.8878937272605242,13.501729184785388,0.4575850974830602,36.0,895104,8.643350713817396,52.59351661598502,26.979062748335082,13.887767974493846,28.486689814814735,0.06858742237091064,3277.762451171875,0.016806843,0.0003,2908.9325605604386,-45.47349371733489,8384.904067201967,0.2,0.13327546296296297,5170,-0.029806399253990364
0.8616898148148148,30.185185185185187,0.9232782148772373,16.041051380198816,9.559128178896986,6.95410439116795,0.0,-587.2808678,17.84431137740222,17.943687750004653,22.916666666666668,0.1280942590976526,3781,48,519,0.314271250361543,4.090920996222937,237,37.810763888888886,14.327818810133882,0.8853246409910674,13.5265884041604,0.4508536252729189,36.0,896832,8.918210581130186,52.542908386167824,26.905337329686663,13.706018662184176,29.38368055555553,0.08985108137130737,4977.625,0.01327552,0.0003,2518.6342478999386,-45.47197730452926,7460.825,0.2,0.09311342592592593,5180,-0.029196203498307753
0.8564814814814815,29.953703703703706,0.9283414929963518,15.73680459076911,9.511612357564394,6.816141449279509,0.0,-585.2775397099999,17.877431613845914,17.903094150618053,22.453703703703706,0.12669723045951498,3788,48,520,0.31334425122997345,4.096963714417601,237,37.730324074074076,14.209050783925209,0.88055474407826,13.551346139536944,0.44609973182579515,36.0,898560,8.917087277865699,52.51044471065523,26.73165705464722,13.548094577477931,29.36197916666666,0.0847061276435852,6486.6396484375,0.019198997,0.0003,2603.58989494465,-45.469976269757304,9855.620534939237,0.2,0.1450810185185185,5190,-0.03538347544941913
0.8535879629629629,30.51851851851852,0.9195012299259351,16.08806271994787,9.82640381845375,6.580069060099633,0.0,-586.1477916599999,17.911265118259937,17.95269473801878,21.64351851851852,0.12266362132025535,3796,48,521,0.32348477921824625,4.102369960375512,237,37.82523148148148,14.48158984139449,0.8817371483972883,13.576227876381992,0.45445847283696106,36.0,900288,8.662498383164136,52.52571633710866,26.77780066145682,13.833401765609317,28.595196759259334,0.07339060306549072,3705.46630859375,0.015808709,0.0003,3053.799978129069,-45.47197209110966,4472.468555591725,0.2,0.12685185185185185,5200,-0.030367182656536224
0.8605324074074074,30.564814814814813,0.9244030149946147,16.024683198428953,9.821225214557822,6.40747429927752,0.0,-589.9241486000001,17.94515698611776,17.960379715256863,21.064814814814813,0.12305667170478275,3803,48,522,0.32321887245377595,4.107648231719376,237,37.854166666666664,14.50345798387113,0.8810041541673829,13.601128825670134,0.4557531900807425,36.0,902016,8.61130853754568,52.49515553736426,26.76363145511333,13.856747143128686,28.378182870370342,0.072398841381073,3875.923583984375,0.016908575,0.0003,2946.6558077494306,-45.45059716966417,6028.303795934607,0.2,0.13506944444444444,5210,-0.030109562193629917
0.8547453703703703,30.5,0.9227162179964308,16.14252983402727,9.9770400864004,6.400436071001131,0.0,-590.88042605,17.97868254566584,17.917545886173396,21.064814814814813,0.12658342479409757,3810,48,523,0.32868841918463065,4.113108565340907,237,37.74652777777778,14.465489747626869,0.8841658628598545,13.625922690385568,0.45098687208288235,36.0,903744,8.684133448612211,52.53429450650742,26.859366107624027,13.710223819232587,28.624131944444432,0.055511415004730225,5443.4072265625,0.018205918,0.0003,2464.9932736573396,-45.472893778483076,7180.226624891493,0.2,0.16475694444444444,5220,-0.03219957471376768
0.8396990740740741,29.61111111111111,0.924515303670504,15.34809052424155,9.59589102282131,6.260572554296566,0.0,-593.2189037900001,18.013135808430256,17.97595770494486,20.60185185185185,0.12344682544359782,3818,48,524,0.31565075935547265,4.118137180493735,237,37.89930555555556,14.052199501420242,0.8858612337855347,13.65086258464793,0.463627031725408,36.0,905472,8.51144606113098,52.61588945404305,26.921907436890127,14.081305105765695,28.023726851851805,0.09904778003692627,6755.66943359375,0.016818669,0.0003,2669.1136185822666,-45.46840899432147,9992.664735243055,0.2,0.14907407407407408,5230,-0.03366333328842841
0.8796296296296297,29.527777777777775,0.9287509391894612,14.96811731704508,9.249233708938561,6.260572554296566,0.0,-595.40113742,18.047044408094003,17.89043739474975,20.60185185185185,0.12823169500125095,3825,48,525,0.3039761819567644,4.123390014379075,237,37.713541666666664,14.018883608106519,0.88518529209001,13.675588678134805,0.45541518332251807,36.0,907200,8.601133554136489,52.59093157583135,26.89463971186326,13.863439865498549,28.407118055555582,0.10892105102539062,3567.446533203125,0.018545363,0.0003,3089.6515968322756,-45.450154890837496,5337.956318268953,0.2,0.1476273148148148,5240,-0.03040948213354029
0.8680555555555556,30.046296296296294,0.9186793771874525,15.418227241969646,9.46048869442104,6.36286487390456,0.0,-590.8681002499999,18.080347710726258,17.77876943138468,20.949074074074076,0.12847437966552366,3833,48,526,0.31121793188287006,4.128984864079027,237,37.46180555555556,14.257738547548607,0.8868672419443101,13.700035601713266,0.44854551728876324,36.0,908928,8.7379398799805,52.557295291186854,26.93897778755736,13.621321052902035,28.82667824074073,0.08806860446929932,9693.6611328125,0.014692112,0.0003,2764.4479463153416,-45.45564886022497,10337.82568359375,0.2,0.11990740740740741,5250,-0.02756955823343661
0.8524305555555556,29.212962962962962,0.9299488013656598,14.632314722354556,9.076972622769725,6.291393403187743,0.0,-591.2847972200001,18.113870580409248,17.937546021076574,20.717592592592595,0.12694842829101552,3840,48,527,0.2986695041891673,4.1344307439416506,237,37.82118055555556,13.855342099584831,0.8840500458441533,13.724879466765957,0.45108273178921754,36.0,910656,8.678351945049572,52.57541157726385,26.861184469270455,13.709147873195723,28.67476851851856,0.047982215881347656,2852.58154296875,0.018248329,0.0003,2558.9133007755986,-45.450722701461224,8076.461169885706,0.2,0.15480324074074073,5260,-0.03352997119503993
0.8657407407407407,30.055555555555557,0.9236534416770146,15.64388006169245,9.684108955659138,6.256621996460656,0.0,-594.31701902,18.147381222561645,17.90807834750223,20.60185185185185,0.12444982834038122,3848,48,528,0.31852638715444676,4.1399989881977985,237,37.74131944444444,14.259771106033313,0.8889033673231347,13.749649662634713,0.451225936929224,36.0,912384,8.727297702459312,52.63296412719322,26.999315188510625,13.704256860959008,28.73987268518524,0.12816393375396729,7956.71533203125,0.012811489,0.0003,3149.086568676984,-45.453872482864945,10232.189250578704,0.2,0.08900462962962963,5270,-0.02773735828835655
0.8587962962962963,29.833333333333332,0.9232768960605808,15.45009885944645,9.527057579810098,6.571309672109929,0.0,-595.86733277,18.181169155837733,17.92551603984162,21.64351851851852,0.13000560630017688,3855,48,529,0.3133617984592247,4.14544319984237,237,37.779513888888886,14.151731607526424,0.8889399948826417,13.774463452734317,0.4541801000569896,36.0,914112,8.677684657828811,52.60529940623394,26.998759519810125,13.815173310435362,28.61689814814813,0.06750684976577759,3983.462890625,0.014526359,0.0003,2790.5645380232068,-45.455294390077945,6719.961333098235,0.2,0.10179398148148149,5280,-0.026821717719926877
0.8738425925925926,30.555555555555557,0.930981898218833,16.29345322474258,9.743552022626183,6.834903125592874,0.0,-600.3072933,18.215042230604144,17.944327192888565,22.569444444444446,0.13378240348692108,3862,48,530,0.31956666820069696,4.151261056450835,237,37.826388888888886,14.514998076523526,0.8862260094772559,13.799324270716538,0.4560630134454619,36.0,915840,8.827142643385798,52.58546383841508,26.919931949856238,13.849229906564013,29.05092592592591,0.049267709255218506,11472.064453125,0.01766287,0.0003,2957.511388757494,-45.450321593108,9696.391241681134,0.2,0.15625,5290,-0.03235645022381235
0.875,30.490740740740744,0.9189938288252171,16.43322301385177,9.82361979271902,6.939308015556552,0.0,-600.14106355,18.248654776770906,17.95594625556196,22.916666666666668,0.12611789194687104,3870,48,531,0.3228398633967908,4.156847872785142,237,37.822916666666664,14.470295205576198,0.8843964857852743,13.824214136355442,0.45159299525048485,36.0,917568,8.73472653372277,52.576415563948586,26.870590418808437,13.74501846670442,28.870081018518505,0.0567743182182312,3051.728515625,0.013980961,0.0003,3289.368910429213,-45.46042299623843,4967.3966127748845,0.2,0.11273148148148149,5300,-0.029950665477318346
0.8813657407407407,29.564814814814813,0.9243465781457063,15.51179145617794,9.124639054249903,7.160501169580766,0.0,-599.5918175,18.281979408468203,17.921855470134208,23.611111111111114,0.13230537167294545,3877,48,532,0.30003427814614914,4.163114708682547,237,37.77199074074074,14.026651232347271,0.8816972802880345,13.849018775030778,0.4483003854659,36.0,919296,9.006734358961813,52.486093587760394,26.764003133606433,13.629852678919256,29.73813657407399,0.05578070878982544,6207.3017578125,0.018272035,0.0003,2147.7101014031305,-45.436744110672564,10404.453923430267,0.2,0.16197916666666667,5310,-0.033651412930339575
0.8217592592592593,29.37037037037037,0.9213930787202074,15.572457709713587,9.12897057691668,7.315825891928076,0.0,-599.09258173,18.315013009842637,17.85551931646218,24.189814814814813,0.1209173081369178,3885,48,533,0.3003484279652941,4.168798519035998,237,37.63483796296296,13.927661240868831,0.8824724811897616,13.873657573321934,0.44495344505446255,36.0,921024,8.77352414138049,52.54345891635097,26.78956312767698,13.51344054977397,28.90624999999995,0.05594450235366821,9227.177734375,0.0142635545,0.0003,2863.2142320138437,-45.429756786205154,14122.52369068287,0.2,0.11452546296296297,5320,-0.02897374862632542
0.8663194444444444,29.324074074074076,0.917538192631214,15.85232752429664,9.096213245946593,7.6466181286115456,0.0,-597.8721542,18.34834195642523,17.820316517060075,25.23148148148148,0.1287567467961354,3892,48,534,0.299216715498122,4.174562271604606,237,37.561342592592595,13.909496149738501,0.8805797910451353,13.898208364614584,0.44837675785934333,36.0,922752,8.80550102744345,52.502504026310454,26.73212630949098,13.631578633036602,29.07262731481479,0.07408350706100464,3500.428466796875,0.01990464,0.0003,2823.2958397900616,-45.41444786919488,6822.569036639178,0.2,0.16099537037037037,5330,-0.03514790427008713
0.8425925925925926,29.574074074074073,0.9236009706276082,16.459340705926607,9.476449343268738,7.74537009998251,0.0,-599.25438784,18.381514166249627,17.87434458372943,25.578703703703706,0.12245107068496965,3899,48,535,0.3115396822442034,4.18051029245549,237,37.663773148148145,14.037521262675357,0.8785154559481793,13.922894226073907,0.44636121558133296,36.0,924480,8.879208340353616,52.514289211701595,26.66612165364822,13.568883929758911,29.260706018518515,0.0750037431716919,5188.60205078125,0.016186485,0.0003,2241.0563171245435,-45.42172522368254,10160.857118055555,0.2,0.12818287037037038,5340,-0.02712351363669667
0.8344907407407407,29.277777777777782,0.9235254206884025,15.807668110622084,9.54609474143633,7.183622063473515,0.0,-604.0093088499999,18.41516539063509,17.988484429963155,23.72685185185185,0.12629901224702425,3907,48,536,0.31461067580673013,4.186338518921879,237,37.914351851851855,13.877951305712239,0.8837745567647972,13.947865437148815,0.45290739098037713,36.0,926208,8.831290586555438,52.5118049069016,26.825341979500255,13.760489754185024,29.06539351851854,0.10672891139984131,5579.044921875,0.014809222,0.0003,2648.1982480084453,-45.441234786422164,8161.379061776621,0.2,0.12164351851851851,5350,-0.028706782347419194
0.8697916666666666,29.203703703703706,0.9299586804744443,16.064599546290886,9.300514846288651,7.713484377980141,0.0,-606.00480885,18.448670135037162,17.904836849415247,25.462962962962962,0.1297865830738526,3914,48,537,0.3063806880498779,4.192479134215265,237,37.736111111111114,13.850600322022094,0.8828841998860565,13.972627529272353,0.45076297533922505,36.0,927936,8.956246117354473,52.56796386162066,26.807793443936095,13.701897760828595,29.492187499999986,0.06219738721847534,3629.813720703125,0.014747845,0.0003,3102.504877330639,-45.42371713143808,7010.266880967882,0.2,0.12222222222222222,5360,-0.030768444577094028
0.8599537037037037,30.074074074074076,0.9210267442366066,16.740313858128197,9.612037804356383,7.663300055216443,0.0,-604.4007637999999,18.48186458689998,17.85542499605764,25.347222222222225,0.12827752608797469,3921,48,538,0.3164199527645942,4.198545946534925,237,37.623263888888886,14.264975998555371,0.8843537145262959,13.997266091762498,0.44629913450757214,36.0,929664,8.926724927864077,52.60498103068851,26.846205773392693,13.577780745127898,29.470486111111054,0.07015210390090942,6857.80126953125,0.015981875,0.0003,3118.1224084077057,-45.41050796508789,7962.160074869792,0.2,0.14612268518518517,5370,-0.03454137307471009
0.8512731481481481,29.63888888888889,0.9223847428758847,16.111315929208402,9.648441065147209,7.211992876156553,0.0,-602.2505821899999,18.514602816256954,17.769872731764718,23.84259259259259,0.12563951448747882,3929,48,539,0.3180977486565691,4.204871982763952,237,37.44097222222222,14.05088198790464,0.8876020047203671,14.02169077359191,0.44053239451416176,36.0,931392,9.030414491610626,52.60918857487064,26.92691437501756,13.395291742789409,29.767071759259224,0.10160773992538452,5417.92578125,0.022318833,0.0003,2583.8592767786095,-45.389381083735714,7725.746089228877,0.2,0.18802083333333333,5380,-0.03498734916491365
0.8478009259259259,30.083333333333332,0.9234995099920339,16.32526374845248,9.785282734562088,7.08321824404215,0.0,-603.0008280100001,18.547874377639257,17.894609357949516,23.379629629629633,0.1219347602901486,3936,48,540,0.32278478089243173,4.210657523952199,237,37.707175925925924,14.256762769848242,0.8863157367284381,14.046427296986783,0.4481832535511374,36.0,933120,8.814216475298837,52.562737049042546,26.888376061485133,13.608624552921237,28.978587962963,0.04909294843673706,4803.2578125,0.016016157,0.0003,2807.687653266059,-45.408589935302736,8540.202657515914,0.2,0.16400462962962964,5390,-0.030619781169419488
0.8466435185185185,30.15740740740741,0.9191362493736299,16.21324627140107,9.819109718624551,6.908674206945553,0.0,-608.30887099,18.58136451578851,17.91374896818748,22.800925925925924,0.12622356851065739,3944,48,541,0.3240830584427758,4.21666103092483,237,37.745370370370374,14.285462345830966,0.8836717518004997,14.071211669407251,0.45030849434310133,36.0,934848,8.901402789052382,52.49239083735264,26.818540192427008,13.696055259701888,29.36921296296294,0.08344012498855591,5019.2490234375,0.013739989,0.0003,3036.7902466668024,-45.4308353000217,7577.531949869792,0.2,0.10561342592592593,5400,-0.028034924927891957
0.8657407407407407,29.472222222222218,0.9294792748454255,15.57113847607777,9.319235773720784,7.09076227521039,0.0,-610.25243894,18.61467731263058,17.898340740023645,23.37962962962963,0.12936139201097638,3951,48,542,0.3078423964681839,4.2228373307760405,236,37.720486111111114,13.961140427146596,0.8874292064276993,14.09595752125731,0.44888249198663704,36.0,936576,8.970519940484078,52.58800881272293,26.929213103652057,13.625118736826794,29.550057870370345,0.0851978063583374,5495.23388671875,0.015195706,0.0003,2514.413287325259,-45.44276185212312,9161.724363425927,0.2,0.11435185185185186,5410,-0.028411788188128007
0.8211805555555556,29.416666666666668,0.918081393423662,15.705329338540205,9.250731125590539,7.322096250862866,0.0,-609.4039434599999,18.64763479700748,17.83785533571754,24.18981481481482,0.1183128154518679,3959,48,543,0.3053156666457341,4.229547290524869,236,37.589699074074076,13.932501962086802,0.8827356393369629,14.120552159596603,0.44378321060059706,36.0,938304,9.183983899531377,52.462346905435936,26.78483198200331,13.482993750759979,30.21556712962967,0.15193331241607666,7382.7685546875,0.011436755,0.0003,3069.521942131608,-45.452154272573964,14043.7634765625,0.2,0.08038194444444445,5420,-0.02626111849590584
0.8547453703703703,29.62037037037037,0.9206892274972424,17.58598733225653,9.240392854029695,9.099346404208275,0.0,-610.6116615000001,18.68102616198397,17.927816981002287,30.09259259259259,0.1292937227596633,3966,48,544,0.30389205556931337,4.235693674723576,236,37.77835648148148,14.046248074018559,0.8895497180980233,14.145371702049108,0.44916041491359127,36.0,940032,8.958553679482868,52.65407747339267,26.996135843725515,13.656545990595367,29.542824074074083,0.08179318904876709,1372.08349609375,0.013773475,0.0003,2846.332921882912,-45.44507741574888,6607.024775752315,0.2,0.1103587962962963,5430,-0.027827937569883134
0.8622685185185185,29.89814814814815,0.9200679205337581,17.07942878920679,9.488664041039625,8.224292557750207,0.0,-617.06354714,18.714879408416987,18.025391224216136,27.199074074074076,0.1289268772404456,3974,48,545,0.3125901557914867,4.241738416076217,236,37.992476851851855,14.16647219041696,0.8862473854383947,14.170435180109648,0.45549924927693336,36.0,941760,8.917896541056153,52.66725480035578,26.901037768166862,13.841298573207688,29.390914351851784,0.10710185766220093,7106.68115234375,0.012317921,0.0003,2979.2697881062827,-45.45250971758807,9399.243209273727,0.2,0.0894675925925926,5440,-0.023437838877240817
0.8449074074074074,30.35185185185185,0.9227038195563076,17.522788441620076,9.782970236707957,8.161711074072917,0.0,-619.6180447400001,18.748611716706133,17.93343807676284,26.85185185185185,0.12293691554154024,3981,48,546,0.32278270932142344,4.247695961014498,236,37.7962962962963,14.378107130839203,0.884424502553706,14.195268775301555,0.45406284009038067,36.0,943488,8.883017975312695,52.62571050823194,26.838041648514807,13.792923315658305,29.28240740740739,0.18288469314575195,2244.930908203125,0.016041651,0.0003,2947.7239972149882,-45.45071615996184,5885.062297905816,0.2,0.15121527777777777,5450,-0.03196261273352084
0.8466435185185185,29.759259259259256,0.9250801150568887,17.505333358264025,9.205815384150016,8.998340384296394,0.0,-617.9813184999999,18.782113909081758,17.935413656595365,29.74537037037037,0.12497849894350085,3989,48,547,0.303360887327167,4.253497630270936,236,37.776041666666664,14.101177589817615,0.8848239404083218,14.220107309443044,0.4500249350793607,36.0,945216,8.82066770257512,52.62808068483829,26.85152060298873,13.700876950250546,29.079861111111057,0.08537900447845459,5585.5947265625,0.017502122,0.0003,3092.656196975708,-45.46028929816352,8003.028982204861,0.2,0.13559027777777777,5460,-0.029086316632175886
0.8315972222222222,30.092592592592595,0.9184819294759806,18.362625664906922,9.22885617295839,9.670208825224057,0.0,-618.05921132,18.81560911618158,17.958859860748174,31.828703703703706,0.12331628423795767,3996,48,548,0.30427858477595043,4.259697810376304,236,37.85243055555556,14.263560666724478,0.8836868474024873,14.245004459094915,0.4506673261932637,36.0,946944,8.98007204214706,52.61492405932387,26.8101532352873,13.698082839928631,29.59346064814811,0.08559167385101318,4683.7705078125,0.016480964,0.0003,3279.009955738209,-45.451692256221065,7619.084212239583,0.2,0.13211805555555556,5470,-0.03389245187518773
0.8449074074074074,30.37037037037037,0.9241600544784673,17.748082739095175,9.723112987060668,8.425885763838565,0.0,-619.81942488,18.848912751527674,17.948423090268225,27.777777777777782,0.12460433940797039,4003,48,549,0.32021275060769366,4.265957326354887,236,37.82523148148148,14.399083988195942,0.8874757491074017,14.269875516820585,0.4486189190901193,36.0,948672,9.003806391433224,52.705406820461526,26.924192226397327,13.621454138437429,29.658564814814763,0.10315978527069092,3479.941162109375,0.016573425,0.0003,2855.294191007261,-45.438560768410014,8275.760570384839,0.2,0.1458912037037037,5480,-0.03019071120975746
0.8298611111111112,29.86111111111111,0.9266308194801448,16.1294927098321,10.278214268169362,6.114909783726946,0.0,-620.3117769199999,18.88253737659254,17.968769668393296,20.25462962962963,0.12169442297882764,4010,48,550,0.3385079652894089,4.271639081682532,236,37.87731481481482,14.15127844166274,0.8852801239032403,14.294797440991568,0.45216229912081535,36.0,950400,8.772702131058082,52.577588553156595,26.861670355742316,13.749850025946214,28.906249999999982,0.06565546989440918,2802.605224609375,0.016506402,0.0003,3297.9512844085693,-45.44539656462493,6303.597486255787,0.2,0.13344907407407408,5490,-0.02802602024403987
0.8501157407407407,29.36111111111111,0.9214230710068548,15.87774870978468,9.509691107533994,7.2664497644857775,0.0,-618.5742319799999,18.915401555488796,17.794620917098744,23.958333333333332,0.12902599620416708,4018,48,551,0.3140075982052883,4.277649069672032,236,37.50868055555556,13.901607837764908,0.8832742559388612,14.319283993284314,0.4424232359132494,36.0,952128,8.903995195799956,52.619741482837696,26.799618286737644,13.445671558502118,29.33304398148152,0.1062350869178772,6694.29345703125,0.013284201,0.0003,3120.963462886104,-45.46490320276331,8676.84828016493,0.2,0.09293981481481481,5500,-0.02825198332020254
0.8524305555555556,30.15740740740741,0.923413230881205,16.90932565583598,9.660648509498472,7.75928478558136,0.0,-620.85936014,18.94920879004324,18.00334015963168,25.694444444444443,0.12555947183365007,4025,48,552,0.31818732501103275,4.283343832969243,236,37.958333333333336,14.289392360756148,0.8814463343218769,14.344292343683392,0.45520875815321876,36.0,953856,8.777905318884608,52.56222323120047,26.747601710090475,13.822893821778274,28.90625000000002,0.058502018451690674,6277.115234375,0.017223133,0.0003,2721.630679872301,-45.46647025214301,10278.228217230902,0.2,0.1375,5510,-0.03224922119191399
0.8252314814814815,30.444444444444446,0.9174546174902846,16.30244584930555,10.177051343867932,6.430145895032063,0.0,-625.18255529,18.982740716468577,17.930454794890256,21.296296296296294,0.12199031767563016,4033,48,553,0.33504469171615564,4.288868256583283,236,37.80034722222222,14.425394505437616,0.8807083125377276,14.369118480670618,0.45137228592421574,36.0,955584,8.709769445616216,52.59186270724834,26.716062392405863,13.71277057013481,28.660300925925927,0.09926378726959229,8683.5341796875,0.013705885,0.0003,3057.988331886574,-45.471202553643124,16319.970348668981,0.2,0.10920138888888889,5520,-0.02922947347785036
0.8275462962962963,30.84259259259259,0.9226409634765832,17.03459889777147,10.723160399040802,5.770591742805422,0.0,-625.8284776600001,19.016655995136883,17.98043909400523,18.98148148148148,0.12383578431299441,4040,48,554,0.3535308635240621,4.293756668752104,236,37.90046296296296,14.611438498730669,0.8835820841183738,14.394069578405631,0.45599338047867083,36.0,957312,8.455364867528248,52.605110926642254,26.828547583989916,13.866111467322746,27.871817129629648,0.08987390995025635,5096.970703125,0.015813382,0.0003,2837.129225766217,-45.439408761483655,7812.698763020833,0.2,0.13541666666666666,5530,-0.02880821578480579
0.8304398148148148,30.89814814814815,0.911877546110488,16.98904044111707,10.640041392702026,5.823696381962407,0.0,-626.2897156399999,19.0500112243005,17.936380539007022,19.212962962962965,0.12251465953594183,4047,48,555,0.3503195064051449,4.2992673043238625,236,37.792824074074076,14.648999048415044,0.879851226621421,14.418910529753148,0.4488020877337541,36.0,959040,8.704254228703578,52.43067564775702,26.709696666725733,13.642091665447218,28.73263888888887,0.05916404724121094,7258.609375,0.015380076,0.0003,3164.412599139743,-45.43791583025897,10864.271180555555,0.2,0.12644675925925927,5540,-0.029848044988250843
0.8333333333333334,30.916666666666668,0.925406266386756,17.074921533853434,10.712249038811633,5.5778390195890895,0.0,-625.8081068,19.083417819877006,17.946022474424478,18.402777777777775,0.12052016840777581,4055,48,556,0.35262785433187166,4.3049814044381485,236,37.813657407407405,14.662672495041804,0.883816170649926,14.443775585939209,0.44952386092650376,36.0,960768,8.785640045714379,52.52899220473333,26.835213370808873,13.662638230602502,28.92795138888891,0.09544330835342407,5669.4248046875,0.01440768,0.0003,2682.2748633631954,-45.43604460822211,8449.546352358218,0.2,0.10590277777777778,5550,-0.024140846656842366
0.8275462962962963,30.787037037037038,0.922298103042552,16.883890875357736,10.57569085954518,5.981128624003851,0.0,-628.0297588,19.11691785533157,17.911359150405307,19.675925925925924,0.12365907518220726,4062,48,557,0.3480729578913809,4.31097018229287,236,37.739583333333336,14.608200015812557,0.8830476671896849,14.468553983815221,0.4505868667822022,36.0,962496,8.895511141888429,52.56298189389785,26.80257868729719,13.700014181826182,29.311342592592535,0.08638370037078857,7609.97802734375,0.013834153,0.0003,3017.690061357286,-45.41806314256456,8689.066237160012,0.2,0.11811342592592593,5560,-0.0299496922193578
0.8599537037037037,30.759259259259263,0.9196937647743889,16.970982597498285,10.681268660598738,5.619783366742553,0.0,-629.3469082199999,19.150479344287906,17.96299719036289,18.518518518518515,0.12821560095687462,4070,48,558,0.3515236425975498,4.316840918868208,236,37.863425925925924,14.589713936899548,0.8871655114114146,14.49346147679113,0.4519576736855977,36.0,964224,8.848294630135287,52.6276420772169,26.95334408284749,13.724595582533594,29.173900462963005,0.059955716133117676,5722.56640625,0.016848454,0.0003,3382.1155163870917,-45.42589878506131,8778.246248372396,0.2,0.13420138888888888,5570,-0.031220600762645954
0.8275462962962963,31.09259259259259,0.9169625810057596,17.252108797536636,10.8123727215005,5.728323674769737,0.0,-631.15478013,19.183551167680022,18.012484381012843,18.86574074074074,0.12322866971107366,4077,48,559,0.3562602650542927,4.3234800772036674,236,37.96238425925926,14.739736076036138,0.8828782189743407,14.518492687743661,0.444956887501245,36.0,965952,9.155663334183664,52.52975154435356,26.80577172231989,13.528729356847139,30.17216435185182,0.09764236211776733,7493.70166015625,0.014195583,0.0003,3203.510692003038,-45.41150807981138,7697.41303620515,0.2,0.10885416666666667,5580,-0.029809032770356646
0.8616898148148148,31.185185185185187,0.9298239808486896,17.525555881670858,11.0365544110683,5.5108924125073,0.0,-632.4669261,19.217078968019663,17.98841196819942,18.171296296296294,0.12971697966265583,4084,48,560,0.36354371881418274,4.329682863617399,236,37.911458333333336,14.789001470602559,0.8812621087517444,14.54346371766416,0.45114890362782145,36.0,967680,8.981114565492584,52.512175817665366,26.756596341929605,13.711120135855893,29.622395833333385,0.09236758947372437,4963.30908203125,0.017541464,0.0003,3218.155346806844,-45.413321784690574,8659.128407118056,0.2,0.15376157407407406,5590,-0.03131829136120225
0.7945601851851852,31.740740740740744,0.9144828791848298,18.049440262792142,11.308540894582926,5.483543601845877,0.0,-633.9704077800001,19.25079091478156,17.9115641142786,18.055555555555557,0.11884533885448868,4092,48,561,0.37298203120902396,4.334989193080012,236,37.73726851851852,15.040899368209217,0.8803658309192816,14.568242627949857,0.45332832826169267,36.0,969408,8.622531785045064,52.5219674084129,26.7202952240432,13.784778704758592,28.363715277777867,0.17567437887191772,5165.73779296875,0.012346322,0.0003,3524.1677591394496,-45.42843377855089,6301.308930121528,0.2,0.0954861111111111,5600,-0.027954622578841667
0.8287037037037037,31.35185185185185,0.9228025033401411,17.861892641973075,11.293883963628785,5.33435946830022,0.0,-633.37421912,19.28422557420591,17.95842406169081,17.59259259259259,0.12396485079726209,4099,48,562,0.37176051070800725,4.341080859485571,236,37.83101851851852,14.86800867834429,0.8789676906011342,14.593138688104084,0.4495320229499821,36.0,971136,8.93666656222373,52.49685706681868,26.687124542163115,13.67386376973893,29.4632523148148,0.07997870445251465,6837.57958984375,0.012285085,0.0003,3029.770784137867,-45.42368007236057,9263.74203378183,0.2,0.08506944444444445,5610,-0.026252194080087873
0.8414351851851852,30.75,0.9130914544910511,16.96100374190003,10.51535270759125,6.661790480165074,0.0,-632.0404611199999,19.317151944007573,17.896045111632585,21.990740740740744,0.12425867011169622,4106,48,563,0.34620622515737226,4.347071941476277,236,37.707175925925924,14.583860554143707,0.8810888089867345,14.617878800883165,0.44296204992885757,36.0,972864,8.896432796282147,52.462058529485795,26.746919614225007,13.470547920665597,29.318576388888886,0.06211048364639282,6682.0341796875,0.013042917,0.0003,3395.159771428285,-45.39377156010381,11285.8448260272,0.2,0.10324074074074074,5620,-0.029432869609445335
0.8368055555555556,30.35185185185185,0.9178006087007887,17.086307554210755,10.04140423108552,7.45101342425471,0.0,-633.76947178,19.350556959922862,17.88699534466396,24.421296296296294,0.12193033564804512,4113,48,564,0.33122939377462707,4.352885984932555,236,37.689236111111114,14.393889898870524,0.8771373742893459,14.642596289244825,0.44916733443848367,36.0,974592,8.825617382511103,52.322437254441375,26.629619006672034,13.662006366115692,29.058159722222225,0.07608336210250854,10979.986328125,0.015177242,0.0003,3033.7223928946037,-45.370654833758316,9426.260830801504,0.2,0.12349537037037037,5630,-0.02705936693344955
0.8506944444444444,31.203703703703706,0.9193765630909516,17.988036274780445,10.51737589397848,7.479706629924294,0.0,-633.9611205900001,19.38348680776792,17.858947146877835,24.537037037037038,0.12349267117342701,4121,48,565,0.346892045652738,4.359056573890545,236,37.635416666666664,14.790953750877671,0.8819041098928723,14.667243657112019,0.4434407880602656,36.0,976320,8.968235583195925,52.45762102861173,26.772234099402734,13.471939138023226,29.499421296296312,0.10427898168563843,8949.9365234375,0.012638198,0.0003,2936.8196585478604,-45.38498675028483,14445.505971498842,0.2,0.09259259259259259,5640,-0.030143816149966033
0.8587962962962963,31.73148148148148,0.926786029774621,18.189438714936188,10.860903968862091,7.079635027750832,0.0,-635.8871681599999,19.417036166925516,17.934173000329597,23.26388888888889,0.12647035296032552,4128,48,566,0.35788136066601134,4.364724031903067,236,37.807291666666664,15.048899718323264,0.8793365717847724,14.692079089612843,0.451497616825052,36.0,978048,8.766983205008623,52.40755786045872,26.690021714417327,13.71974366303916,28.870081018518494,0.10897290706634521,5454.2216796875,0.015095134,0.0003,3070.211608505249,-45.39241554825394,8440.309728551794,0.2,0.10949074074074074,5650,-0.02787795834139817
0.8420138888888888,32.5462962962963,0.9190217962651671,18.41063255630063,11.278542952162105,6.444771938702946,0.0,-638.7375281,19.450109362945625,17.9985679232125,21.296296296296294,0.12413033167626149,4135,48,567,0.3713563874099388,4.371277721272915,236,37.93460648148148,15.432089604138525,0.8819510840503009,14.717075509420875,0.44592402133949105,36.0,979776,9.12147574793951,52.45382049140664,26.767273973472253,13.52927840804373,29.991319444444443,0.08642762899398804,6198.29052734375,0.01552371,0.0003,3315.850446234809,-45.397174778691046,8048.955613425926,0.2,0.13148148148148148,5660,-0.030250431531695304
0.8541666666666666,32.31481481481482,0.9237464710641343,18.16531002313736,11.15898115667512,6.028994639700034,0.0,-641.06527487,19.483764150824246,17.97951458154318,19.90740740740741,0.1252979079540549,4142,48,568,0.3681951144824029,4.376888293235003,236,37.89409722222222,15.30632886646224,0.8868298338278239,14.742024295874733,0.4534006631239953,36.0,981504,8.74422878483481,52.548980468742116,26.913750482579868,13.76191515144904,28.739872685185205,0.09380793571472168,7355.73046875,0.020350257,0.0003,3177.5519073768896,-45.428093973795576,8687.731603551794,0.2,0.1884837962962963,5670,-0.03353440985773449
0.8564814814814815,32.59259259259259,0.9275719430724954,18.44724930052649,11.299948456334873,6.3473940436269904,0.0,-642.87898767,19.516954190554927,18.031757889085743,20.949074074074073,0.12481678347854024,4150,48,569,0.37264475383488915,4.3832439291087715,236,37.99363425925926,15.447300844191618,0.8855896774227004,14.767103690597448,0.44624401249193685,36.0,983232,9.042254349507667,52.524494182129104,26.872825147494666,13.576015892272386,29.803240740740698,0.121462881565094,6489.52294921875,0.019635698,0.0003,3052.1369561160054,-45.434608657271774,8925.136273871527,0.2,0.15729166666666666,5680,-0.03041848150185413
0.8541666666666666,31.935185185185187,0.9236341895806744,18.000748770704234,10.666593247435285,6.995496669781898,0.0,-641.57130956,19.54988876015873,18.061028413902772,23.03240740740741,0.1285001703995733,4157,48,570,0.35186843591218847,4.389438279009138,236,38.046875,15.138658853487051,0.881407140236918,14.792256261632206,0.4433126625633485,36.0,984960,8.9777399601464,52.44679624498435,26.757339928970847,13.473827841520702,29.622395833333297,0.06320744752883911,6855.2890625,0.012745633,0.0003,3633.135317541052,-45.431395297580295,6821.814855504919,0.2,0.09988425925925926,5690,-0.029293480750035357
0.8026620370370371,31.26851851851852,0.9249173247946983,17.369680235920203,10.415492588642723,6.931388076762592,0.0,-645.06389328,19.583821559593687,18.021402459577057,22.800925925925924,0.11662735049491411,4165,48,571,0.3435395682118673,4.395072140848699,236,37.986111111111114,14.822799570514889,0.8818671259623424,14.817309767781149,0.45683085788432043,36.0,986688,8.753544735824287,52.50167300068316,26.761732072483294,13.873119773983497,28.812210648148152,0.02890598773956299,5500.6103515625,0.01631537,0.0003,3660.8254395802815,-45.43206570943197,9358.546786385996,0.2,0.14820601851851853,5700,-0.03195429996380376
0.8547453703703703,31.490740740740744,0.923550094222277,17.47381174375644,10.844595482508035,6.105699130242091,0.0,-646.9776722500001,19.617324967380746,17.956734037433183,20.138888888888886,0.12642493675171984,4172,48,572,0.3574166621537209,4.400682402748676,236,37.83680555555556,14.929216261248405,0.8873292974933017,14.842201602874733,0.45051286151128406,36.0,988416,8.744104759990867,52.55257314163483,26.93333565340015,13.701363114823359,28.783275462963086,0.0239332914352417,5388.666015625,0.011354501,0.0003,3996.107548155608,-45.43713272942437,9264.401775896991,0.2,0.07899305555555555,5710,-0.02579189671755389
0.8645833333333334,30.814814814814813,0.9300281618060631,16.68938970426327,10.351934050835558,6.5292940839012585,0.0,-646.3722142099999,19.65077122779077,18.021518443904778,21.527777777777782,0.1371164844683476,4179,48,573,0.3411815420824916,4.406689472665355,236,37.9681712962963,14.608161569526454,0.8816836425931626,14.867255398984495,0.4497611700667661,36.0,990144,8.902827966671598,52.49862072893247,26.78389353501367,13.678504164009075,29.289641203703717,0.03842860460281372,8731.1728515625,0.015800701,0.0003,3406.0389926486546,-45.41580574600785,11322.836225947627,0.2,0.13877314814814815,5720,-0.03162046456709504
0.8315972222222222,30.37037037037037,0.9203554054939721,16.258073184191275,10.158301056039283,6.290251414436891,0.0,-644.2306600599999,19.683445639717714,17.93747367770653,20.71759259259259,0.1232183296276645,4187,48,574,0.33487618622527143,4.4127793942805065,236,37.77777777777778,14.399772128151994,0.8796768472411373,14.892099083178762,0.43978656917836406,36.0,991872,8.93596864606069,52.44995073472908,26.727146565685548,13.369764770778303,29.47048611111113,0.12198340892791748,12297.298828125,0.012297099,0.0003,3740.1517173060665,-45.4214619813142,15856.922732204861,0.2,0.09994212962962963,5730,-0.0287450792423139
0.8431712962962963,29.638888888888886,0.9238297871743691,15.582216401836028,9.816437188158554,5.985585636053583,0.0,-644.4579065000001,19.716925651860773,17.953754958487377,19.675925925925927,0.12839946525875492,4194,48,575,0.32315012571861085,4.418250758107215,236,37.84606481481482,14.065779213677475,0.8804341642722502,14.91698347057498,0.4503249633197076,36.0,993600,8.688545530683367,52.45985294981949,26.758387120393987,13.692004857224092,28.68200231481489,0.11883378028869629,7195.17578125,0.0135320015,0.0003,3538.8411359151205,-45.40260467529297,5446.2236829969615,0.2,0.11533564814814815,5740,-0.0300309166415698
0.8368055555555556,29.944444444444443,0.9214852012709214,15.9362349993657,10.041928272977055,6.359422632674004,0.0,-647.68816221,19.750349699392803,17.915114784464688,20.949074074074073,0.12404338968350713,4201,48,576,0.33081742237762407,4.42362059711079,236,37.75289351851852,14.194306726388646,0.8888607483352405,14.941771257536141,0.44963041443439056,36.0,995328,8.647935601430168,52.56454233743085,27.001052528980434,13.669619012811891,28.544560185185286,0.1253916621208191,4582.177734375,0.015370638,0.0003,3524.8889914336028,-45.41704563564724,7479.263231517651,0.2,0.11446759259259259,5750,-0.029392737113974162
0.8333333333333334,30.333333333333332,0.9328282056608086,16.399883381251605,10.33143079724963,5.706533055255277,0.0,-646.87376786,19.783284750175437,17.904902436460745,18.86574074074074,0.1233742991702128,4209,48,577,0.3409333378550862,4.429335328894141,236,37.73148148148148,14.368452584001977,0.878603220081508,14.966533513627294,0.4436093507934925,36.0,997056,8.785892713340553,52.40738078081517,26.668540711331314,13.47402031305292,28.927951388888918,0.13000571727752686,4050.167236328125,0.016695274,0.0003,3313.655824074922,-45.43102816828975,7498.743666811342,0.2,0.11875,5760,-0.02877412580936733
0.8101851851851852,30.435185185185187,0.9137413221659316,16.724267205224283,10.59603456111278,5.421573957635022,0.0,-648.39380407,19.816827668419133,17.92430383129128,17.824074074074073,0.12018845334121578,4216,48,578,0.3492376690296734,4.434815067306849,236,37.773148148148145,14.428232644111503,0.876213826956428,14.991344273205522,0.45151860222054424,36.0,998784,8.69189536508312,52.382681714240526,26.61024137333619,13.7171672974791,28.616898148148177,0.06681519746780396,7513.34521484375,0.013913334,0.0003,3678.8150733382613,-45.41962760642723,9558.050264033565,0.2,0.10202546296296296,5770,-0.026662716814489278
0.8373842592592593,30.62962962962963,0.9167025498997375,17.048785459882424,10.830543626130963,5.270537792065511,0.0,-652.08013818,19.850276994887658,17.906019972518745,17.36111111111111,0.12432555064098938,4223,48,579,0.35688059250659593,4.440157454187617,236,37.74363425925926,14.518241833751462,0.882601669859476,15.016109323136819,0.449924032842359,36.0,1000512,8.63695475230724,52.55156517633694,26.819925451063614,13.679730587410349,28.51562500000002,0.14184898138046265,5231.4833984375,0.017795816,0.0003,3411.054039227521,-45.406163688942236,7407.114172815393,0.2,0.14357638888888888,5780,-0.03136636008922425
0.8188657407407407,30.435185185185187,0.9129908564012977,16.85402086937565,10.72160329571031,5.673518039400691,0.0,-652.10614769,19.883777599364574,17.855968471926605,18.634259259259256,0.1206600037756221,4230,48,580,0.3531867025470338,4.445741031855182,236,37.629050925925924,14.43241757366534,0.8804504813074739,15.040749244316636,0.4506454278182876,36.0,1002240,8.733431067025993,52.51961256229143,26.758575421015767,13.700241790766391,28.797743055555575,0.07521647214889526,3347.64404296875,0.014869035,0.0003,3311.1834868537053,-45.41896304377803,9157.429886429398,0.2,0.11429398148148148,5790,-0.02455084437366437
0.8287037037037037,30.296296296296294,0.9191054129247774,16.593750126984663,10.521155945920166,5.705282319165153,0.0,-656.8659017200001,19.91776732023688,17.926260313055177,18.75,0.12365142993112876,4238,48,581,0.3463807530873974,4.451265966976395,236,37.77488425925926,14.372594181064498,0.8810264835891045,15.065564895099275,0.45732058868419856,36.0,1003968,8.709974048485027,52.54360608236788,26.76679496198148,13.89588834892192,28.703703703703802,0.12274879217147827,4537.0810546875,0.013458134,0.0003,3126.115446443911,-45.42362973248517,9407.365588831019,0.2,0.10526620370370371,5800,-0.027065713463903025
0.8657407407407407,31.277777777777782,0.9234401835407141,17.531391385067405,11.010193477648421,5.422258989118952,0.0,-660.3866720699999,19.951825583210518,17.979588738345132,17.824074074074076,0.127726392452177,4245,48,582,0.36311857533718284,4.456628942667348,236,37.8900462962963,14.821197907418984,0.8821852635819329,15.090513866945138,0.4581134198358769,36.0,1005696,8.64519027638104,52.530022761352065,26.79259157737467,13.923305189454384,28.515625000000064,0.11673963069915771,4720.78076171875,0.014848038,0.0003,3552.9715705023873,-45.4290650261773,7761.898995406539,0.2,0.1129050925925926,5810,-0.02648783094353146
0.8541666666666666,30.166666666666668,0.9240041658565217,16.421763954166394,10.413192345306529,5.546770461777065,0.0,-658.8947101599999,19.985259660422223,17.899183752114986,18.287037037037038,0.12935675271860322,4252,48,583,0.3429216761111881,4.462588362683761,236,37.73090277777778,14.308571608859864,0.8783757765217882,15.115261826325424,0.44962897500071797,36.0,1007424,8.883768006565067,52.37393670036126,26.679408447875815,13.673630884682504,29.304108796296262,0.062400102615356445,8041.86767578125,0.016257698,0.0003,3563.19827074828,-45.424859025743274,11618.34884801794,0.2,0.13836805555555556,5820,-0.031865539472481164
0.8425925925925926,30.046296296296294,0.9177620732424361,16.261902402776343,10.308491155500855,5.546770461777065,0.0,-657.8037573,20.018789013772,17.903557247886827,18.287037037037038,0.1258596873028896,4259,48,584,0.33942941740008487,4.468010173838454,236,37.72569444444444,14.253411247275489,0.8755752581259141,15.140020719445141,0.4516298699006369,36.0,1009152,8.668724461877352,52.34585739268019,26.59584284225798,13.71174133991167,28.51562500000007,0.15793484449386597,4242.92724609375,0.015133093,0.0003,3460.5765316150805,-45.41227894535771,6325.611580855758,0.2,0.12604166666666666,5830,-0.030654896471511435
0.8431712962962963,30.490740740740737,0.9201349251233113,16.78297028609821,10.618698509616424,5.420666271112148,0.0,-658.3762961,20.052014208834233,17.926579906709417,17.824074074074073,0.12127878425592002,4266,48,585,0.3498512803028892,4.4739514812294345,236,37.7650462962963,14.464271776481786,0.8783227047722403,15.164837169211914,0.4473139876370897,36.0,1010880,8.876522956391916,52.42153659986559,26.683385731473084,13.590078024892998,29.21730324074077,0.13401198387145996,5963.2060546875,0.011632381,0.0003,3301.1244617886014,-45.430507264313874,10786.35128761574,0.2,0.07806712962962963,5840,-0.02488467979106914
0.8211805555555556,30.759259259259256,0.9212591783800745,16.893539095878957,10.596347808890117,5.346632558139919,0.0,-659.41866335,20.085430487110422,17.9378660498398,17.59259259259259,0.12180656198664447,4274,48,586,0.3488699470324475,4.479231668629184,236,37.7962962962963,14.59719128698884,0.881057139971241,15.189681834336513,0.44962256101753806,36.0,1012608,8.612074959899827,52.38492924916485,26.779487360023797,13.666511310474846,28.385416666666693,0.03422057628631592,7318.14404296875,0.016929964,0.0003,3680.9727046966555,-45.427266142103406,9546.774496346932,0.2,0.13506944444444444,5850,-0.03333046936636998
0.8668981481481481,31.15740740740741,0.9195808545039365,17.494418843264476,11.00373828395976,5.152977642092428,0.0,-663.4469125300001,20.11926225084802,18.013402082304605,16.89814814814815,0.1308168497930925,4281,48,587,0.3621045412788517,4.484661960422371,236,37.97569444444444,14.790680559304716,0.8852944709171636,15.214715339542275,0.4554076349635934,36.0,1014336,8.672116717274545,52.446900062742394,26.90339776444699,13.832705495039344,28.580729166666682,0.06925863027572632,6220.16552734375,0.016519995,0.0003,4259.358649995592,-45.41920944496437,9514.473880570024,0.2,0.13130787037037037,5860,-0.032141807037233204
0.8431712962962963,30.833333333333332,0.9236230144594513,17.13843044433456,10.811633729981835,5.418304087693358,0.0,-663.7287475600001,20.15253271997936,17.938956727906692,17.824074074074073,0.1211301643422506,4288,48,588,0.3558605982114284,4.49026945387775,236,37.79918981481482,14.626796714352727,0.8857897762417766,15.239562731362042,0.44751545498444173,36.0,1016064,8.742997382151808,52.42645668587701,26.91068001433408,13.60818765253591,28.797743055555635,0.19701188802719116,3864.1728515625,0.015213393,0.0003,3846.886068895128,-45.421900247644494,4938.639737503617,0.2,0.1125,5870,-0.028989707416406385
0.8350694444444444,30.48148148148148,0.913939825478709,16.792639631170054,10.628041685369618,5.023323100009109,0.0,-662.03072467,20.185918972940645,17.93206614968683,16.550925925925924,0.12087036923677781,4296,48,589,0.34967212468285797,4.496244265336827,236,37.779513888888886,14.464597945800437,0.8778760800936368,15.26439289673626,0.4488772092022679,36.0,1017792,8.889924583630828,52.30445902406978,26.680745624625228,13.654501184514912,29.333043981481527,0.05858945846557617,5270.7177734375,0.0133122485,0.0003,3719.6313950432673,-45.41495046262388,8118.984679723669,0.2,0.09988425925925926,5880,-0.031073141030760275
0.8327546296296297,30.388888888888886,0.9218820874856118,16.577743862201935,10.447814895580214,5.092865913463284,0.0,-662.31974724,20.219080404004533,17.832830613427436,16.78240740740741,0.11918591786154047,4303,48,590,0.34341541949326215,4.501816370218202,236,37.57581018518518,14.429928966621722,0.8837261742889974,15.288974973269829,0.44570404194918795,36.0,1019520,8.72884195254976,52.41510839871683,26.863076405241742,13.56457242555551,28.804976851851897,0.0670810341835022,6649.03662109375,0.018154461,0.0003,3415.5868423249985,-45.394870376586915,11795.982561125578,0.2,0.1443287037037037,5890,-0.031017188459669276
0.8466435185185185,30.62962962962963,0.9161698250783218,16.713737716973416,10.470521823181686,5.768669946917567,0.0,-661.2956906100001,20.25200655567885,17.907259323019804,18.98148148148148,0.12187619563089806,4310,48,591,0.3439352011781433,4.507578441575695,236,37.72743055555556,14.54321589379173,0.8874984311101605,15.313743121577378,0.44296041000383996,36.0,1021248,8.804828542997338,52.44657835571548,26.978780822265247,13.470460669727517,29.043692129629697,0.07798725366592407,8549.8193359375,0.014612485,0.0003,3415.2423848046196,-45.39279167740433,8890.90280219184,0.2,0.09918981481481481,5900,-0.02625034092925489
0.8287037037037037,30.546296296296294,0.9119272720506882,16.830266682771132,10.630815654903175,5.645297119423255,0.0,-666.59806017,20.285886543796853,17.983941141440628,18.51851851851852,0.1194946868873084,4317,48,592,0.3498755777318315,4.5133309372835475,236,37.910300925925924,14.499451027867957,0.8830607105247238,15.33870297443098,0.4559487172826345,36.0,1022976,8.800998283141274,52.33132351711513,26.836418341615452,13.851995247201137,28.993055555555564,0.03641247749328613,10258.2978515625,0.020681715,0.0003,2743.249939332185,-45.39028316073947,16703.675725188077,0.2,0.19108796296296296,5910,-0.03386773618145122
0.8391203703703703,30.25,0.9220138861348401,16.645836683007957,10.570270989742877,5.241294454459779,0.0,-669.48362278,20.319122039369827,17.891610995852997,17.36111111111111,0.11926770556549923,4325,48,593,0.3466764578674535,4.5190103680631575,236,37.70543981481482,14.37556569326508,0.885641413146861,15.363432001920613,0.44709497913771523,36.0,1024704,8.771772311844133,52.43004168534204,26.916277713132704,13.594198229189871,28.956886574074105,0.14810150861740112,7405.7841796875,0.018424574,0.0003,3084.6203632284096,-45.39464234246148,9582.624658203125,0.2,0.1396412037037037,5920,-0.029044930402327467
0.8049768518518519,30.39814814814815,0.9170906048339246,16.63538895929117,10.495432534882708,5.320122264417174,0.0,-668.8594839900001,20.352702705724017,17.910469866387405,17.47685185185185,0.11456986871593197,4332,48,594,0.34483571617286773,4.524961719656588,236,37.733217592592595,14.439956424408464,0.8808721249868042,15.38820817658658,0.4516260142056818,36.0,1026432,8.880540637372098,52.33791652744943,26.761535953435896,13.73226654167552,29.253472222222232,0.07593989372253418,2706.55322265625,0.015579246,0.0003,3686.8303223503963,-45.37077495433666,8812.73935546875,0.2,0.11354166666666667,5930,-0.029341305190421364
0.8454861111111112,29.76851851851852,0.9242519211676954,16.100473995070608,10.27778440875029,4.9244809632446955,0.0,-669.45095044,20.38587265510743,17.886676040286286,16.203703703703706,0.12041759243945965,4339,48,595,0.3383110270644139,4.530928594694461,236,37.71180555555556,14.122689586320318,0.8804380798125039,15.412924866687296,0.447067042652821,36.0,1028160,8.88675001514923,52.38319386010829,26.74183033487222,13.567979753365556,29.23177083333338,0.059243202209472656,5235.07421875,0.015817087,0.0003,3537.566816464177,-45.35074187384711,12282.654828559027,0.2,0.13130787037037037,5940,-0.030024313823216492
0.8634259259259259,30.222222222222218,0.9206151343913535,16.322815785835353,10.27536220765724,5.352830909292758,0.0,-669.6927154499999,20.41927516130016,17.913550571063535,17.59259259259259,0.12361752262862594,4346,48,596,0.33792302419700126,4.536580454797506,236,37.748263888888886,14.347453578178113,0.8805853442626096,15.437708743114955,0.44980050006837297,36.0,1029888,8.760744041218201,52.36302812949225,26.746508495198402,13.661002477092323,28.833912037037088,0.11669838428497314,6777.7646484375,0.0139888935,0.0003,3835.581623783818,-45.35247096308955,7000.46390516493,0.2,0.10798611111111112,5950,-0.028103416821815903
0.8310185185185185,29.65740740740741,0.9261218137860815,15.923299580538233,10.144390128524813,4.995464332087358,0.0,-668.74805277,20.452170303359555,17.84508416611868,16.435185185185187,0.1212471546020865,4354,48,597,0.33349964715344144,4.542464300222783,236,37.60243055555556,14.07890945201342,0.8829198273747295,15.462321453530253,0.4424658476201762,36.0,1031616,8.853538170110971,52.39944041333598,26.828879753590986,13.458056823757621,29.166666666666714,0.11145848035812378,5915.146484375,0.014567316,0.0003,3493.8238807254365,-45.365701802571614,8695.08058449074,0.2,0.11006944444444444,5960,-0.02537962577857629
0.8223379629629629,30.09259259259259,0.9231149346660077,16.18077444846017,10.194399785898666,5.488082609817485,0.0,-666.7446944999999,20.485102039467904,17.83586109056212,18.055555555555557,0.12003141176038741,4361,48,598,0.3353111540433516,4.5484235975008085,236,37.560763888888886,14.286374662561505,0.882474103852545,15.486911106256658,0.4430414773035891,36.0,1033344,8.883718911210071,52.362437155455815,26.814668203624834,13.472694443339094,29.217303240740765,0.05289489030838013,6770.8310546875,0.011292915,0.0003,3758.1046665332938,-45.369122921978985,13687.195184100116,0.2,0.07592592592592592,5970,-0.024721271622305117
0.8512731481481481,28.62037037037037,0.910494078643587,15.10040669702769,9.800743362857078,4.838536022074794,0.0,-668.24403637,20.51807350724759,17.850118596079593,15.856481481481483,0.11845132702430063,4368,48,599,0.3218358044878433,4.554205565192877,236,37.61805555555556,13.599663334170613,0.8801886346438663,15.511536402746858,0.4437419029968694,36.0,1035072,8.812787076827435,52.36670734672722,26.76328472852317,13.488587111874523,29.101562500000004,0.032923996448516846,5083.0751953125,0.012658065,0.0003,3463.0963405467846,-45.36816483956796,11720.62888816551,0.2,0.09247685185185185,5980,-0.026621128270333565
0.8611111111111112,29.694444444444443,0.9217044516566296,16.127025662647704,10.330687941952597,4.8260490693414315,0.0,-671.11396873,20.55128869163812,17.87350458171853,15.740740740740742,0.12990864869415888,4376,48,600,0.33998373314020275,4.560289168730286,236,37.677083333333336,14.096337720695109,0.8815070610740475,15.536220164201154,0.4464676742945684,36.0,1036800,8.933441414963372,52.28729201022227,26.789912373894264,13.586073756212508,29.463252314814962,0.1294403076171875,6611.0615234375,0.014925181,0.0003,3487.4292801291854,-45.364511518125184,14473.863946759258,0.2,0.12239583333333333,5990,-0.02761928220796916
0.8559027777777778,29.537037037037038,0.918620190192877,15.797244778185352,10.08338126229913,5.099198789163606,0.0,-670.83790076,20.583933698736114,17.85009166709683,16.78240740740741,0.12798469480987335,4383,48,601,0.331598114377615,4.566458292857718,236,37.616898148148145,14.013863515886223,0.8833378279625151,15.560845393368897,0.43977214286821004,36.0,1038528,8.967649650972907,52.36050726251691,26.85988177101342,13.358002839196937,29.484953703703745,0.12539029121398926,4081.968505859375,0.016538063,0.0003,4260.268297633418,-45.35390223750362,6614.387848126446,0.2,0.11701388888888889,6000,-0.03036646977308448
0.8368055555555556,29.39814814814815,0.920495229032719,15.518514750486322,9.861070823639464,5.1180413679469625,0.0,-673.4968209499999,20.61712177815478,17.879148390498564,16.78240740740741,0.12094427028582397,4390,48,602,0.32386100114201244,4.572367638902055,236,37.66550925925926,13.957443926846858,0.878701604310734,15.585543264345143,0.4466560430739327,36.0,1040256,8.863738417734444,52.30598262108567,26.73198941118734,13.575231767466198,29.152199074074062,0.07964766025543213,7720.412109375,0.012629805,0.0003,3833.5784838499844,-45.345722890783236,8018.93898473669,0.2,0.10353009259259259,6010,-0.029619581471369776
0.8182870370370371,28.824074074074076,0.9172809138506552,14.876555078346966,9.484802018852848,5.010115245176849,0.0,-669.2778552499999,20.649171192189172,17.685343401988344,16.435185185185187,0.12097304960171408,4397,48,603,0.311210430710072,4.578629606355948,236,37.2650462962963,13.691753059494118,0.8782749276514529,15.609756622850114,0.4318951497421443,36.0,1041984,9.004786981557144,52.30381997182329,26.708057619909923,13.119765613757338,29.67303240740742,0.13979941606521606,7140.2099609375,0.011728239,0.0003,4004.92087826199,-45.32846395704481,9978.45222620081,0.2,0.08987268518518518,6020,-0.031817582146161136
0.8304398148148148,28.37962962962963,0.9177369583255174,14.586442877699016,9.403251836821374,4.765662233464222,0.0,-667.6494426599999,20.68195538318166,17.73020815760626,15.625,0.11884156423912871,4404,48,604,0.30832236525154294,4.584390698906883,236,37.35243055555556,13.483191040877642,0.8758701722499943,15.634082143244129,0.44131170222366906,36.0,1043712,8.804437020374177,52.3122219119922,26.63729325491606,13.413676396995415,29.00752314814822,0.05160123109817505,6242.20849609375,0.019922901,0.0003,4066.6826891722503,-45.34190314964012,9597.730778899017,0.2,0.14947916666666666,6030,-0.02969287353809233
0.8327546296296297,28.40740740740741,0.9175388409372226,14.31289686329234,9.129720785606835,5.728430303613862,0.0,-672.3511733500001,20.715119963601325,17.761642533894236,18.865740740740744,0.12139334938718575,4412,48,605,0.2997813485526855,4.589942191153879,236,37.4224537037037,13.483176077685505,0.8832112841166095,15.658486249578864,0.44637406825337955,36.0,1045440,8.720596898798188,52.35401176927282,26.847885824099848,13.565832167865466,28.732638888888918,0.013931035995483398,6854.30810546875,0.013047415,0.0003,4200.07076004876,-45.36538546526874,12946.622560402198,0.2,0.09253472222222223,6040,-0.024209147764162886
0.8362268518518519,28.64814814814815,0.9334606576582063,14.219018345155686,8.919131955508957,5.80010024656887,0.0,-675.1508983000001,20.747932919553474,17.814663843741915,19.09722222222222,0.12384242060759298,4419,48,606,0.29261721839744953,4.596047265807909,236,37.538773148148145,13.599886389646729,0.8807475090803685,15.68302290918822,0.44166603840981306,36.0,1047168,8.94202986161177,52.25622819209218,26.783613252780412,13.42518238085992,29.44155092592604,0.05834907293319702,8314.5751953125,0.011400775,0.0003,3817.672183227539,-45.398018490826644,11633.908235677083,0.2,0.07766203703703704,6050,-0.025693663333853086
0.8622685185185185,29.305555555555554,0.9203317285545451,14.743878206135934,9.133524209669252,6.073412526017162,0.0,-673.99300525,20.78046232882376,17.801642609842073,19.90740740740741,0.12482818391050624,4427,48,607,0.30019238189863595,4.601980125073531,236,37.513888888888886,13.910353996466682,0.8801466442640722,15.707527015712824,0.43796612463937995,36.0,1048896,8.873143706249072,52.30487514128648,26.759787607845112,13.31176370811439,29.173900462962987,0.08343505859375,8134.67138671875,0.014677443,0.0003,4313.672436989678,-45.400641194096316,11910.809512442129,0.2,0.09895833333333333,6060,-0.029144748196833662
0.7928240740740741,28.833333333333332,0.9203767132343219,14.223086006583996,8.853902538040408,6.171665575678205,0.0,-675.2210726200001,20.81330231200497,17.7297275950548,20.25462962962963,0.11628576135073883,4434,48,608,0.2917600478700275,4.608102245238298,236,37.34664351851852,13.669183468543588,0.8841255065416304,15.73185133470046,0.4425030665277347,36.0,1050624,8.948848065906745,52.368910710297094,26.86390471846545,13.435993272484751,29.448784722222268,0.07061433792114258,8208.8828125,0.014042072,0.0003,4109.552606681541,-45.40268799110695,7382.134593822338,0.2,0.09502314814814815,6070,-0.025118606171950147
0.8258101851851852,28.953703703703706,0.9222515410978167,14.343559657474545,8.91493597804347,6.109550865148155,0.0,-677.66074403,20.846118370422985,17.815695428015385,20.02314814814815,0.12186816010725643,4441,48,609,0.2937772764412681,4.613823432522238,236,37.542824074074076,13.728623679431076,0.8852910013224347,15.7563905732705,0.44199492310475114,36.0,1052352,8.788474913576074,52.392339754466065,26.897684492455202,13.426423367205915,28.964120370370395,0.07033509016036987,10847.814453125,0.013090279,0.0003,4152.931833846481,-45.39777216028284,11005.46433557581,0.2,0.09513888888888888,6080,-0.025649038843672586
0.8802083333333334,28.083333333333332,0.9300857540194882,13.57247534062336,8.559618240632586,6.455407839021011,0.0,-678.8609887700001,20.87885835830759,17.79737086242653,21.180555555555557,0.13097323076910056,4448,48,610,0.2820715210227207,4.619945746155413,236,37.50925925925926,13.312857099990774,0.8863280070342476,15.780884000426566,0.4408625230493698,36.0,1054080,8.948925453270226,52.42494160358493,26.912191975165502,13.395995153841618,29.47048611111117,0.02976977825164795,6127.76708984375,0.014665595,0.0003,3874.080072318183,-45.378382421422884,9577.38540943287,0.2,0.13321759259259258,6090,-0.030784379414938116
0.8616898148148148,28.10185185185185,0.9180092015760047,13.540922886947941,8.502597422769332,6.519146039659584,0.0,-679.7714611800001,20.911813403219252,17.80827998466493,21.412037037037038,0.12562880856898698,4456,48,611,0.28050415932346295,4.625793584723689,236,37.529513888888886,13.319179424519026,0.8846494448121002,15.805404700388229,0.4440960118163646,36.0,1055808,8.839135427310056,52.44330317590957,26.86922060789964,13.48201796466464,28.96412037037042,0.1010124683380127,5205.140625,0.012537581,0.0003,4038.837587483724,-45.38441724424009,8963.516223596644,0.2,0.08385416666666666,6100,-0.024833298030447353
0.8512731481481481,28.712962962962962,0.9264460206961156,14.123325000126943,8.814785650580164,5.818195591539221,0.0,-681.16657859,20.94451035600094,17.77670404606938,19.097222222222218,0.12801366564291244,4463,48,612,0.29072087139685826,4.631259378177527,236,37.469907407407405,13.60853934954678,0.8854531820381873,15.829846460503402,0.4401390726843035,36.0,1057536,8.686317381535131,52.384537783841886,26.879586594438738,13.378781112675826,28.63859953703711,0.15060079097747803,7784.07470703125,0.015185671,0.0003,3689.734561891909,-45.37997867442943,10582.412154586227,0.2,0.11614583333333334,6110,-0.029905612111367563
0.8582175925925926,28.39814814814815,0.9257503291107613,13.9642641740122,8.79714931250844,5.815744811141413,0.0,-682.4113168700001,20.97755121311852,17.84041383471019,19.09722222222222,0.12485983954883456,4470,48,613,0.289748523740531,4.636804807918031,236,37.601273148148145,13.467114861503761,0.8860444852667748,15.854447495090177,0.44475116831291267,36.0,1059264,8.71817189620175,52.4303880616497,26.929419556501326,13.516342847032098,28.74710648148151,0.08497995138168335,9305.7216796875,0.0149242645,0.0003,4524.891142612033,-45.37999387670446,7644.197622793692,0.2,0.12916666666666668,6120,-0.027839358025058
0.859375,28.444444444444443,0.9161514540493433,13.971625889600855,8.780311046341014,6.229390320742378,0.0,-685.03974711,21.010564969737455,17.88736387420793,20.48611111111111,0.12508926259113334,4477,48,614,0.2890293497106842,4.64261593875311,236,37.691550925925924,13.491314843259842,0.8793187439582751,15.879165904775697,0.44431488106034295,36.0,1060992,8.824452334031598,52.36240691561505,26.717225139621288,13.505502647574282,29.065393518518537,0.09691625833511353,7467.66064453125,0.010920268,0.0003,3772.4507882436114,-45.377325510095666,11071.447996238427,0.2,0.0894675925925926,6130,-0.02619888030027074
0.8755787037037037,28.73148148148148,0.9228747261373379,14.437777713797582,9.098101051858713,6.200981632137712,0.0,-687.3448624599998,21.04352813812454,17.90950833739467,20.37037037037037,0.13087474441501865,4485,48,615,0.29879729567970964,4.648335881719787,236,37.738425925925924,13.63967666193887,0.8854773901264764,15.903939675619183,0.44356805324539245,36.0,1062720,8.787977186670814,52.409065551805185,26.913170598521948,13.485267354833448,28.935185185185198,0.11135345697402954,5013.431640625,0.015459912,0.0003,3421.233437319155,-45.37253391124584,12541.253243453415,0.2,0.12320601851851852,6140,-0.029499085264763348
0.8570601851851852,28.111111111111114,0.9242755919816497,13.6076800813434,8.576971408748156,6.2639554330728116,0.0,-688.09752899,21.076413145287216,17.923914733607862,20.60185185185185,0.125721667938618,4492,48,616,0.2821345119030053,4.654246877552809,236,37.770833333333336,13.330708672595245,0.8774201883089155,15.928749462453203,0.44268756144558447,36.0,1064448,8.864398333208587,52.30803651996755,26.664166192479428,13.454002865069832,29.159432870370413,0.09988689422607422,14082.8701171875,0.014294407,0.0003,4131.3011046091715,-45.37847161469636,18069.299989149305,0.2,0.11469907407407408,6150,-0.029179445897332495
0.8182870370370371,28.212962962962962,0.9224786961231273,13.978396883382928,8.897781669858924,5.468849817839973,0.0,-687.5838385,21.109096114156635,17.858734871897838,17.939814814814813,0.12065542735028402,4499,48,617,0.29279414201113013,4.659930663183428,236,37.63078703703704,13.380615213524004,0.8806407477123711,15.953396299632947,0.43982653296496027,36.0,1066176,8.773514252247871,52.341149641676054,26.759043371210527,13.373187547767566,28.971354166666714,0.07733750343322754,8140.6796875,0.016837358,0.0003,3803.298755617495,-45.40449077464916,11984.388415979456,0.2,0.14189814814814813,6160,-0.034169136468941964
0.8194444444444444,27.787037037037038,0.9241291596400247,13.559364409972176,8.675654997187403,5.598954291225984,0.0,-687.5333772000001,21.142056133090865,17.77373924627093,18.402777777777775,0.12011113978459526,4507,48,618,0.2851514100228496,4.665825509617013,236,37.441550925925924,13.183709412784774,0.8812582748900143,15.977830647748625,0.4436962946102098,36.0,1067904,8.857938573434096,52.392834750801,26.766445521282364,13.484007573691747,29.144965277777814,0.02457183599472046,10731.333984375,0.012555958,0.0003,4078.076936509874,-45.410955598619246,13024.727133969907,0.2,0.0958912037037037,6170,-0.026343103658614888
0.8287037037037037,28.203703703703706,0.9118323083303514,14.149306135432061,9.078310839951024,5.392357008262851,0.0,-687.76526417,21.174764266145957,17.83765435651566,17.708333333333332,0.12475236419705761,4514,48,619,0.29896468886655003,4.6716708616883205,236,37.579282407407405,13.370995295481038,0.8820457992323124,16.002424783639913,0.44010049138024077,36.0,1069632,8.838140828522759,52.451002807734,26.79918399318741,13.38325322203721,29.173900462963,0.046393752098083496,4341.36376953125,0.012701378,0.0003,4330.16421395761,-45.40226441842538,8718.731605360243,0.2,0.09178240740740741,6180,-0.025865431709422005
0.8344907407407407,28.12962962962963,0.920398010802495,13.845048143896118,8.794108406807025,5.9158618933631315,0.0,-689.8419966,21.207475241710526,17.82076632270721,19.444444444444446,0.12085884374932772,4521,48,620,0.2892555794492122,4.677253572482223,236,37.561342592592595,13.350939737089094,0.8761042167918242,16.02697669944668,0.4407445075957655,36.0,1071360,8.733084317560916,52.360474948834444,26.640772139924554,13.384390225827788,28.76880787037042,0.11365419626235962,5926.255859375,0.016539808,0.0003,3882.6415529463025,-45.3929047619855,11045.434463614005,0.2,0.14681712962962962,6190,-0.028831956449344203
0.8530092592592593,28.916666666666668,0.919146204944863,14.606276136142087,9.1861993472855,6.176504810386622,0.0,-688.5395988699998,21.23992184215469,17.806694963990974,20.37037037037037,0.12164871146124887,4528,48,621,0.3022124105055171,4.683449267347391,236,37.52777777777778,13.720076788856588,0.8827234374086261,16.05149343685666,0.4367068280477197,36.0,1073088,8.978277946067214,52.440833989862504,26.83585045713851,13.278640177665473,29.629629629629694,0.08927583694458008,8969.513671875,0.013536988,0.0003,3799.984910498725,-45.40656228242097,11924.424151837384,0.2,0.08321759259259259,6200,-0.024407270214416913
0.8564814814814815,28.15740740740741,0.9266544487015298,13.792745268166625,8.729504042860889,6.143594192710406,0.0,-691.8101970600001,21.272902080644464,17.87716296761383,20.370370370370367,0.12690808611365362,4535,48,622,0.2866908109030119,4.68926523817289,236,37.675925925925924,13.363241225305737,0.8813269098173196,16.076186344275694,0.44408025883861035,36.0,1074816,8.826388330199668,52.43191521705777,26.793292251371238,13.492095395909807,29.087094907407486,0.06904840469360352,8552.462890625,0.019310836,0.0003,4080.542035420736,-45.40734367370605,12474.889205367477,0.2,0.1759837962962963,6210,-0.031228539896094136
0.8622685185185185,28.435185185185187,0.9238240495062635,14.211193601919021,8.713229293301895,6.804211727959963,0.0,-692.85623718,21.305668782289004,17.799870856170664,22.453703703703706,0.129377361534483,4543,48,623,0.2867368289829695,4.694706660470998,236,37.50983796296296,13.493752580657164,0.880990893395215,16.10068602141612,0.4410281514979512,36.0,1076544,8.67656891924315,52.39388699813398,26.786695728542128,13.406680657816421,28.587962962963022,0.11487102508544922,6778.97900390625,0.013195665,0.0003,4467.226379239118,-45.40790872927065,10709.609270109953,0.2,0.1015625,6220,-0.028846621739298656
0.8651620370370371,28.814814814814813,0.9274684943158745,14.467299020310895,9.09522757383318,6.397122839700749,0.0,-692.2240286699999,21.338377952664757,17.78534796349797,21.180555555555554,0.12677807389823442,4550,48,624,0.29908090436790674,4.700431952368927,236,37.48090277777778,13.672071446477716,0.8851972710141078,16.125149391324864,0.4406096948133663,36.0,1078272,8.79011675917163,52.46290083913666,26.912174753399086,13.38366815030151,28.927951388888932,0.07412278652191162,11123.3408203125,0.014351326,0.0003,4305.110336529767,-45.393407609727646,8533.160899522569,0.2,0.10827546296296296,6230,-0.025013051430384316
0.8495370370370371,28.84259259259259,0.9225354059214909,14.35183507672737,8.969264783684187,5.9909556846441845,0.0,-695.2189778899999,21.37129236605848,17.828722941166188,19.791666666666668,0.12659861161815827,4557,48,625,0.29572375517015964,4.706680565514163,236,37.570023148148145,13.682570293043185,0.8852682973157407,16.14972119867778,0.44290830380191765,36.0,1080000,8.999445258094548,52.4487967212082,26.89353626815576,13.465765357489055,29.578993055555635,0.07015377283096313,6488.8955078125,0.014320416,0.0003,3660.9893137048794,-45.37416157192654,16936.494212962964,0.2,0.10949074074074074,6240,-0.030881590014151125
0.8425925925925926,29.12037037037037,0.9192262383712096,14.5180812547942,9.015432550814412,5.684935122251673,0.0,-695.59909197,21.403909227619515,17.805401121361857,18.75,0.12162956805478663,4565,48,626,0.2974958687547374,4.7123643265469015,236,37.52777777777778,13.80264870397979,0.8840371264579175,16.174234701481186,0.43939310887509947,36.0,1081728,8.773504413095361,52.40949365830232,26.85551149948158,13.346744624414269,28.877314814814916,0.07494711875915527,8091.4736328125,0.013059155,0.0003,4129.868522587529,-45.35885090298123,11239.698744936342,0.2,0.11197916666666667,6250,-0.02946307046028475
0.8825231481481481,29.703703703703706,0.9303295579407435,15.040194887510548,9.259299394233077,5.681017516947087,0.0,-695.89357477,21.436619251784595,17.865312478995126,18.750000000000004,0.13018802657156037,4572,48,627,0.3052379320861793,4.718143094311577,236,37.657986111111114,14.080895493277472,0.887144511836366,16.198897982678673,0.441073910002546,36.0,1083456,8.811507105870126,52.479553333578565,26.954457527209026,13.384009666032286,28.97135416666669,0.13633233308792114,6353.5244140625,0.012219703,0.0003,4259.186741186071,-45.36816012064616,10762.217574508102,0.2,0.07309027777777778,6260,-0.0232080300597267
0.8582175925925926,29.564814814814813,0.9241386213996331,14.873436952101978,9.141824167053995,6.203536247000582,0.0,-701.22821547,21.469987804743234,17.947741059745113,20.37037037037037,0.12761984834739515,4580,48,628,0.3010761920671467,4.723549299622088,236,37.8130787037037,14.031612785047983,0.8822853490125232,16.223767335328034,0.4487587457351758,36.0,1085184,8.662482124204699,52.408995517873734,26.83772243405508,13.647421183455037,28.57349537037035,0.06429898738861084,7901.72705078125,0.015816076,0.0003,4324.222761507387,-45.389822981092664,10049.552936017071,0.2,0.11209490740740741,6270,-0.028116720393989925
0.8391203703703703,29.15740740740741,0.9229213465586521,14.84013695983742,9.312418886602648,5.845105772852339,0.0,-705.7655676100002,21.503270164012292,17.838070551043053,19.328703703703706,0.12572764282256196,4587,48,629,0.3069463265325105,4.72932346657929,236,37.59085648148148,13.827718073234772,0.880827429667279,16.248362511705643,0.4481567670279892,36.0,1086912,8.809666782880592,52.40719871633494,26.769165518000406,13.612943707623145,28.993055555555678,0.22469991445541382,5720.5888671875,0.015710903,0.0003,4289.315772600527,-45.38395337705259,8803.778615089699,0.2,0.12841435185185185,6280,-0.028820318613132393
0.8113425925925926,29.175925925925927,0.9166430850369177,14.629057881871919,9.078296426867569,6.430788721805407,0.0,-703.2415516099999,21.536106425571045,17.770279326550853,21.180555555555557,0.12133271475734608,4594,48,630,0.29861672864516375,4.735201125885949,236,37.44618055555556,13.850761455004351,0.8796282388330519,16.27278821002202,0.4414890580408862,36.0,1088640,8.85106372266364,52.3812243231395,26.736220181859796,13.434504623501846,29.188368055555603,0.13293886184692383,9841.033203125,0.012650997,0.0003,4674.994770615189,-45.36265756112558,8652.763865379051,0.2,0.09600694444444445,6290,-0.023725286652161566
0.8385416666666666,28.527777777777775,0.9228585819533579,14.034898526794281,8.795098209645763,6.298025902528603,0.0,-700.2912557000002,21.56868950315769,17.75002794061931,20.717592592592595,0.1245021547471309,4601,48,631,0.2896902513123656,4.74162275951447,236,37.420138888888886,13.539800317148519,0.8765193166547496,16.29716327987357,0.43850642054318495,36.0,1090368,9.068653451408611,52.25757722656247,26.630314327987872,13.333231034658136,29.9189814814815,0.11786472797393799,4751.6767578125,0.016852863,0.0003,3981.4378586521857,-45.32627717477304,11073.447072120949,0.2,0.12175925925925926,6300,-0.029170818437166787
0.8188657407407407,28.416666666666668,0.9141190989533459,13.864925993902924,8.689824498405251,6.222620574686051,0.0,-699.48568103,21.60097650700889,17.755268951662483,20.48611111111111,0.1198316044420577,4609,48,632,0.28673497444494406,4.7475515907080155,236,37.4056712962963,13.475101495497674,0.8774213500981453,16.321551452252724,0.43440057375046676,36.0,1092096,8.87153247741803,52.298021465375975,26.654401305855533,13.21480154048061,29.31134259259264,0.11655420064926147,8956.8759765625,0.012186674,0.0003,4136.589317929303,-45.3424341554995,9874.193585431134,0.2,0.09386574074074074,6310,-0.025444411324268137
0.8368055555555556,28.833333333333332,0.9204194507837377,14.358136087760561,8.738033008845209,6.744432463855079,0.0,-700.3036497600001,21.63352860646657,17.854297102932122,22.10648148148148,0.122146985081037,4616,48,633,0.28836568376555866,4.753659963163727,236,37.626736111111114,13.675670615060275,0.8820728259327447,16.346187195010053,0.4384458921034198,36.0,1093824,8.943348982284663,52.321656710250785,26.78892450787785,13.320839783071092,29.41984953703708,0.0706033706665039,8182.138671875,0.017123967,0.0003,3237.6745441719336,-45.333825711850764,13818.318970630788,0.2,0.12876157407407407,6320,-0.02694999995055022
0.8414351851851852,29.138888888888886,0.9201700226506565,14.502737709457536,8.958189112631056,6.524068632218938,0.0,-704.1688539499999,21.666037454487366,17.83460770835491,21.412037037037038,0.1229991919708062,4623,48,634,0.29534632431379754,4.760118199527896,236,37.582175925925924,13.820479964607543,0.8756060105831769,16.37077371428094,0.43774765025511847,36.0,1095552,9.083294545667526,52.2779089910897,26.594752075105788,13.303539208318819,29.911747685185205,0.08299505710601807,8380.6748046875,0.01004628,0.0003,4153.074867672391,-45.33839100025318,19066.210210503472,0.2,0.07077546296296296,6330,-0.024216998949715938
0.8483796296296297,29.305555555555554,0.9247393920484723,15.030509239346946,8.881713096680606,7.062025043303649,0.0,-704.04134142,21.698438237750487,17.84535648863974,23.26388888888889,0.12404077945393524,4630,48,635,0.29291065921690784,4.7665487885246955,236,37.60011574074074,13.886771099362692,0.8754754340321454,16.39538710550254,0.4363330345782375,36.0,1097280,9.072235598719951,52.30745699327932,26.569069115262135,13.260313305248781,29.890046296296347,0.14943820238113403,5303.80712890625,0.011501358,0.0003,4293.239377339681,-45.34861056009928,9421.143731915508,0.2,0.06736111111111111,6340,-0.023731801710608933
0.8379629629629629,29.296296296296294,0.9134716402451741,14.905573631994463,8.870056527335821,6.950601029133595,0.0,-706.3206107799998,21.73121044947762,17.8968586368803,22.916666666666668,0.1253944913818715,4637,48,636,0.29271450939119376,4.772669855886092,236,37.70543981481482,13.884916075525046,0.8749423863921305,16.42012925209474,0.4415053087771823,36.0,1099008,8.948426944558838,52.26275891233205,26.567656911349108,13.408884690852782,29.484953703703777,0.0772363543510437,9184.3232421875,0.01594331,0.0003,4343.805092105159,-45.370656161838106,12049.728640407986,0.2,0.13344907407407408,6350,-0.028426639045830124
0.8292824074074074,28.824074074074076,0.9278296058282818,14.298316949202816,8.743757068781939,6.692752278803815,0.0,-707.6482634000001,21.763806770019325,17.72655582964926,21.990740740740744,0.12391858296445762,4645,48,637,0.288856743746648,4.778708069954096,236,37.35243055555556,13.661807601617062,0.8790541378976697,16.444445641668864,0.4387932208517498,36.0,1100736,8.915285627201273,52.30637058737246,26.691395885244876,13.338528216682233,29.412615740740833,0.1342928409576416,6857.140625,0.018551895,0.0003,3566.2451215673377,-45.35288420783149,14146.659058521413,0.2,0.14305555555555555,6360,-0.026126322588296953
0.8188657407407407,29.009259259259263,0.9224842762482404,14.344627454074251,8.825953679926933,6.554658331861485,0.0,-703.40212416,21.795977358871976,17.720118374091122,21.527777777777782,0.11961235260133077,4652,48,638,0.2906018789864538,4.784533701509801,236,37.329282407407405,13.764015442285833,0.8724777240191653,16.46874593760409,0.43317090536524644,36.0,1102464,8.830252622282186,52.19340449797585,26.49837172465193,13.168235541060753,29.072627314814795,0.042115867137908936,8570.5732421875,0.013977367,0.0003,4973.279369862875,-45.3435179816352,17830.569827835647,0.2,0.11070601851851852,6370,-0.03087627751821721
0.8570601851851852,28.694444444444446,0.9194538839319767,13.980532668798233,8.6672461268189,6.325374973910957,0.0,-701.00608199,21.827732808621093,17.670138335321834,20.71759259259259,0.12902353271927697,4659,48,639,0.28529528121238196,4.7909592571113295,236,37.226851851851855,13.613286541979333,0.8744353248560032,16.492921283442396,0.42788451861118737,36.0,1104192,9.070222240611558,52.206543541719505,26.560028659465956,13.002179899646208,29.83217592592603,0.057634711265563965,6794.94189453125,0.012092566,0.0003,4428.7331308718085,-45.35217345908836,10362.32328197338,0.2,0.08246527777777778,6380,-0.025596997096996615
0.8310185185185185,27.425925925925924,0.9195300740105845,12.691455595290462,7.993564834793532,6.28090382429529,0.0,-702.2506593899999,21.85995190482988,17.735979143455396,20.60185185185185,0.1223659654291792,4666,48,640,0.26361502992357655,4.797151147057669,236,37.38078703703704,12.99789076049693,0.8778686879378674,16.517261231301035,0.4340118958439325,36.0,1105920,8.976755978535635,52.27602808407412,26.646307613114676,13.187638483515029,29.5934606481482,0.07155871391296387,9192.3857421875,0.017377362,0.0003,3721.158344523112,-45.320525331850405,13152.133850549768,0.2,0.1400462962962963,6390,-0.030071097448537195
0.8512731481481481,27.657407407407405,0.924883393190733,13.055016378867847,8.012556694093464,6.740236251408046,0.0,-707.8909820799998,21.89232825590813,17.807765745795905,22.222222222222225,0.12794246890747019,4674,48,641,0.264364311712785,4.803138366917407,236,37.532986111111114,13.102223433366339,0.8753934651816947,16.541780645665526,0.4361736924496707,36.0,1107648,8.894887943895377,52.22409720491536,26.580844905944897,13.250540431299465,29.29687500000009,0.10477340221405029,8889.109375,0.01275111,0.0003,4218.309520770886,-45.34605892322681,17019.542126012733,0.2,0.10289351851851852,6400,-0.024763370376011288
0.8304398148148148,27.12037037037037,0.9216520339492029,12.887338676787886,7.59125512135105,7.247120798080174,0.0,-708.35836823,21.924438306827504,17.728497527101737,23.842592592592595,0.12400233416542349,4681,48,642,0.2508346114221892,4.809993825999816,236,37.35243055555556,12.848962757356661,0.8702756765778918,16.56610188948328,0.4326063552295732,36.0,1109376,9.242183632963414,52.19832736028612,26.413415025769932,13.144020367750343,30.490451388888967,0.07344931364059448,6287.59765625,0.012709056,0.0003,5033.209168865063,-45.341443068892865,8891.661036060474,0.2,0.09398148148148149,6410,-0.022264750162139534
0.8715277777777778,27.324074074074076,0.9251482991615774,13.476601935754195,7.452657771942085,7.868689500456576,0.0,-708.82455958,21.956730846346478,17.742183759242447,25.81018518518519,0.1290042791625411,4688,48,643,0.24601683891658574,4.81635266533971,236,37.385995370370374,12.955254663355534,0.8695367488956488,16.590457348881387,0.43494430301752174,36.0,1111104,9.04353573595771,52.218712144182184,26.39841478680982,13.217015807589386,29.71643518518525,0.06490916013717651,11478.58203125,0.0099379085,0.0003,4330.303608802513,-45.36477323461462,12140.65206886574,0.2,0.07233796296296297,6420,-0.02172994167647428
0.8275462962962963,26.787037037037038,0.9223680917161232,12.719386989974995,7.346245061719472,7.46336591598473,0.0,-706.75759421,21.988812361859495,17.623808545358923,24.421296296296294,0.12525547409120222,4696,48,644,0.24212332840340056,4.822577332743922,236,37.12847222222222,12.709776012270792,0.8728248550249331,16.614516870244785,0.4317003070449399,36.0,1112832,8.989866961685104,52.22723924037508,26.501990957293373,13.132606205206478,29.622395833333467,0.13502568006515503,7272.271484375,0.010887481,0.0003,4664.708301544189,-45.35390568485966,8379.943080873843,0.2,0.06684027777777778,6430,-0.024317988210047284
0.8489583333333334,26.76851851851852,0.9201244338167832,13.119590841615455,7.218364007304989,7.9943676041840535,0.0,-706.29014293,22.020600160941797,17.714991112846253,26.15740740740741,0.12557433323075876,4703,48,645,0.23780448612058722,4.82936271409159,236,37.329282407407405,12.706859230126412,0.8698130898683067,16.638804348026902,0.4279596745861145,36.0,1114560,9.214152539067126,52.18761745246036,26.417604164355357,13.015119632920891,30.381944444444464,0.06489717960357666,6620.4462890625,0.017974244,0.0003,4022.025517936989,-45.36473226194028,11900.184496166088,0.2,0.13327546296296297,6440,-0.02663745133516689
0.8483796296296297,26.861111111111114,0.9156716647817087,13.152698394489144,7.1535622855381265,8.046460921748753,0.0,-707.6335112600001,22.05246936462096,17.673284214975574,26.388888888888896,0.12503932830000777,4710,48,646,0.23528994470448608,4.835734535919786,236,37.23668981481482,12.752675187202264,0.8671163970139643,16.662987558564343,0.42958878422361846,36.0,1116288,9.048728731278556,52.147065635467634,26.34729963450758,13.04768147166618,29.81770833333344,0.09106194972991943,8772.671875,0.012794101,0.0003,4368.273752593994,-45.36719033983019,13731.850620298032,0.2,0.10133101851851851,6450,-0.02504637621826044
0.8356481481481481,27.23148148148148,0.9224156633778476,13.914183837114601,7.4653659594379675,8.318743599338006,0.0,-709.21366502,22.08465416694642,17.650682445201955,27.31481481481482,0.12575236005464163,4718,48,647,0.24526363817769606,4.841925342486096,236,37.171875,12.930074278338628,0.8666609436021377,16.687114264677348,0.43329955785982466,36.0,1118016,8.976322626523993,52.12995067172337,26.320514635481032,13.173920930184265,29.535590277777832,0.0897667407989502,7348.45849609375,0.014800577,0.0003,4340.921359097516,-45.380833590472186,11428.544621672454,0.2,0.09739583333333333,6460,-0.02475581248463304
0.8327546296296297,27.074074074074076,0.9124522546992957,13.87132119491308,7.322375473191086,8.515755019072573,0.0,-709.7139924900001,22.116389709056055,17.6784729909207,28.009259259259267,0.12091193540729081,4725,48,648,0.24144441646151205,4.848295834910889,236,37.25578703703704,12.83319070264942,0.8672113807444181,16.71131044715465,0.42775208291481637,36.0,1119744,9.04819696991707,52.13364209930152,26.343723680433428,12.994216843853645,29.77430555555556,0.0673488974571228,6613.35595703125,0.009578324,0.0003,4735.763839001126,-45.38334634568956,10974.357385706018,0.2,0.05543981481481482,6470,-0.021632386016211026
0.8483796296296297,26.833333333333332,0.9150765343324899,13.118011472899505,7.494191141660001,7.692896567165453,0.0,-710.3801745500001,22.14841277770704,17.639074255504188,25.231481481481485,0.12502624193092732,4732,48,649,0.24669032928265588,4.854630996245436,236,37.16840277777778,12.730923764074051,0.8662360280668978,16.73540813279341,0.43146887160440234,36.0,1121472,9.034064533818693,52.137440285448804,26.317265924394594,13.109227460393695,29.796006944444525,0.08618468046188354,18480.990234375,0.011447491,0.0003,4360.640622146041,-45.396554452401624,11776.15871129919,0.2,0.07829861111111111,6480,-0.024565474795936435
0.8460648148148148,27.194444444444446,0.9170618092798176,13.819955996253979,7.956452085352361,7.757340533864979,0.0,-716.4145300499999,22.18109175310511,17.779202227502697,25.462962962962965,0.1262165816101726,4740,48,650,0.26189893057233915,4.860811525603056,236,37.464120370370374,12.90616337703664,0.8653153477309274,16.759856138362167,0.4397481309780787,36.0,1123200,8.972211743048138,52.18250076985143,26.294261046808433,13.371590159228788,29.55729166666675,0.06741857528686523,8449.123046875,0.014961724,0.0003,3799.4389170116847,-45.40543974417227,15914.159525101273,0.2,0.11539351851851852,6490,-0.02579641070958503
0.8182870370370371,27.26851851851852,0.9136282325517063,13.985593366127372,7.897269321871168,7.950210128975544,0.0,-720.36051314,22.213485833863455,17.711441611449334,26.04166666666667,0.11732669999942982,4747,48,651,0.2605871706611003,4.866749996994424,236,37.320601851851855,12.93811391528066,0.8670044598377354,16.78413474239079,0.4356203741583134,36.0,1124928,8.875388556547138,52.190607209179916,26.3351330086134,13.257632303337102,29.246238425926,0.14978575706481934,6440.509765625,0.011845403,0.0003,4974.791438915111,-45.40234760708279,9367.794458912036,0.2,0.0863425925925926,6500,-0.025869053495289
0.8611111111111112,27.092592592592595,0.9213303762244348,13.514291209986553,7.766253662090779,7.703062470965634,0.0,-717.6219050499999,22.245883729290355,17.658574178742505,25.231481481481485,0.1265638610842112,4754,48,652,0.25634221510120864,4.8723148789354624,236,37.22222222222222,12.84497507693014,0.8674115990771814,16.808281177837646,0.4367440157552715,36.0,1126656,8.725952776415184,52.24767428864852,26.34570501023306,13.25915817076053,28.674768518518576,0.0678221583366394,7146.12744140625,0.010352627,0.0003,4493.853879038493,-45.390993994253655,10250.876058846932,0.2,0.06226851851851852,6510,-0.024005308457546764
0.8651620370370371,27.055555555555557,0.916807223035165,13.641456873244861,7.849763493780702,7.7636016018884275,0.0,-719.98068563,22.278110724839827,17.825983626343575,25.462962962962965,0.12901802163029188,4762,48,653,0.2587133648333893,4.87872311803879,236,37.570023148148145,12.82809177757573,0.8697973985874593,16.832846136903505,0.43410077968785654,36.0,1128384,9.06329564133125,52.259537931066774,26.425859979657037,13.190798219788155,29.83940972222228,0.035083889961242676,10914.4541015625,0.014952243,0.0003,4186.268644128022,-45.3843766812925,14389.360754846644,0.2,0.10746527777777778,6520,-0.025207206699997188
0.8501157407407407,27.14814814814815,0.9184778278350512,13.787916221754328,7.919144912867122,7.784737470965634,0.0,-721.80308137,22.31036309046358,17.735836738396305,25.462962962962965,0.12904216722062686,4769,48,654,0.2609676102237904,4.884993764291778,236,37.379629629629626,12.884033837921573,0.8727763603365947,16.857185728749496,0.4344347177030497,36.0,1130112,9.008258501195135,52.28072673902466,26.509340604658107,13.200946249500324,29.586226851851936,0.10612374544143677,9359.203125,0.014836053,0.0003,4308.1540833649815,-45.386478141502096,12562.98751808449,0.2,0.09699074074074074,6530,-0.024534718630214534
0.8344907407407407,26.925925925925924,0.9140815633929483,13.330009480127314,7.647836708172602,7.719919024349038,0.0,-720.5606142500002,22.34268067499166,17.63308785692328,25.231481481481485,0.12124078054206089,4776,48,655,0.2532220777463428,4.8907975129569135,236,37.154513888888886,12.762253747605675,0.874520318917253,16.881268448391804,0.4349495627300556,36.0,1131840,8.821499466054044,52.32325324296235,26.55006908043283,13.2270338112314,29.079861111111267,0.09117710590362549,10357.443359375,0.013118869,0.0003,4353.52952486674,-45.37836873089826,13125.12562572338,0.2,0.08773148148148148,6540,-0.023395757535817446
0.8802083333333334,26.546296296296294,0.9229494366788626,12.968196158857827,7.463689848612404,7.715890085646002,0.0,-720.40689073,22.374869359199252,17.707129468992502,25.231481481481485,0.1326745313252924,4784,48,656,0.24669945702356086,4.897212221149041,236,37.32118055555556,12.588616224599422,0.8761300325519271,16.905536272064285,0.433596023618735,36.0,1133568,9.06588327685101,52.342868939681956,26.61115674216735,13.175473683036813,29.868344907407472,0.04543071985244751,12967.26171875,0.0126954755,0.0003,4342.349735514323,-45.374400753445094,20274.595417390046,0.2,0.09710648148148149,6550,-0.025997170790409047
0.8616898148148148,27.259259259259256,0.9227965089766118,13.641342011043697,7.869756688830094,7.634215085646001,0.0,-723.5801235099997,22.407199228709047,17.70203768071437,25.0,0.12919470572476272,4791,48,657,0.25933151684520017,4.903243218637264,236,37.289351851851855,12.937370236567602,0.8773059026872717,16.92979136626607,0.4351583422784446,36.0,1135296,8.912398995289044,52.425220793407256,26.650996058912455,13.231947803917274,29.361979166666718,0.07683616876602173,8162.9052734375,0.01599714,0.0003,4413.761005147298,-45.36786715189616,12152.771632667824,0.2,0.12621527777777777,6560,-0.027362350452070434
0.8206018518518519,26.84259259259259,0.9233157439786341,13.233003469141082,7.424914295332379,7.865912228764908,0.0,-725.5420985999999,22.439781079772043,17.744388604681376,25.694444444444446,0.12400237141926805,4798,48,658,0.24495592048219894,4.909273867196118,236,37.3912037037037,12.742176945043795,0.8745143599323678,16.954152337777774,0.43871153309399774,36.0,1137024,8.91225942354188,52.41857920461104,26.574983377143074,13.332740425198573,29.36197916666668,0.11857998371124268,10246.3876953125,0.013185261,0.0003,4496.121415625678,-45.3822846589265,17896.627669270834,0.2,0.09612268518518519,6570,-0.030219622480648536
0.84375,26.564814814814813,0.9156361480014867,12.898735279962311,7.428357684760809,7.670050850422721,0.0,-729.34239035,22.472282045188095,17.777868070767855,25.115740740740744,0.12542214525346848,4806,48,659,0.24515545040972028,4.915285249070845,236,37.451967592592595,12.600326744778782,0.8751822103948292,16.978597007954694,0.4374995233673759,36.0,1138752,8.904552749890641,52.37489901904814,26.57828996511543,13.30038616642124,29.36197916666679,0.08806312084197998,7962.9580078125,0.012531085,0.0003,5095.330402656838,-45.37283780133283,9194.937575050637,0.2,0.0855324074074074,6580,-0.026503408817505396
0.8472222222222222,26.324074074074076,0.9117985108909702,12.84276887911645,7.362578867988596,7.77683740734838,0.0,-725.5828294600001,22.504257704950792,17.65805195524062,25.462962962962965,0.12388523717054888,4813,48,660,0.2425508536415182,4.921527831189597,236,37.1869212962963,12.503352603779474,0.8712211764365345,17.002742137842795,0.43073561702162694,36.0,1140480,8.997032847500943,52.24075084763208,26.456317696259436,13.0902639050784,29.578993055555685,0.07596856355667114,4548.48095703125,0.012139089,0.0003,4684.067859381216,-45.37371290701407,10984.093869357639,0.2,0.08177083333333333,6590,-0.026157540765901408
0.8582175925925926,25.333333333333332,0.9225107092455894,11.80494865515847,7.0159196453040105,7.579111183341271,0.0,-722.3872811400001,22.536091512293304,17.59257812465287,24.884259259259267,0.1302573227264857,4820,48,661,0.23182932766854605,4.927790879003986,236,37.064236111111114,12.009917826513188,0.8702996601022984,17.02672358315443,0.4284756679967782,36.0,1142208,9.005219125755456,52.221486113806975,26.429130547846682,13.033522937005037,29.658564814814895,0.08394265174865723,9716.751953125,0.018476067,0.0003,3941.145643375538,-45.35415816130462,13135.20388816551,0.2,0.13773148148148148,6600,-0.027793182256735032
0.8350694444444444,25.805555555555557,0.9200565534037695,12.458829849106317,7.2892423096004135,7.729367685646381,0.0,-721.1987614800001,22.567906846857735,17.622552790829545,25.347222222222225,0.12451867130055089,4828,48,662,0.24095263458953553,4.9338050498657475,236,37.142361111111114,12.240219853859523,0.870220454112426,17.050779965131504,0.4286233382454776,36.0,1143936,8.905668344704507,52.236183627916326,26.41460995704683,13.026133825772595,29.318576388888932,0.08756744861602783,11160.091796875,0.014140474,0.0003,4278.307058178937,-45.34883866486726,17579.403153935185,0.2,0.11001157407407407,6610,-0.02689536298383717
0.8379629629629629,26.203703703703706,0.9190731031654527,12.943912638927584,7.821974159664472,7.481757124793371,0.0,-724.6421671,22.60003220268642,17.65016560439766,24.537037037037038,0.12554393852882878,4835,48,663,0.25770259021463526,4.940038496760915,236,37.20659722222222,12.440181354469741,0.8749871567776072,17.0749053791425,0.43301070575330586,36.0,1145664,8.993378758067108,52.436732257401786,26.57668534525833,13.150142331474706,29.6223958333334,0.08437895774841309,4191.48876953125,0.015531109,0.0003,4456.588657873648,-45.373077110007955,11964.234481698495,0.2,0.1162037037037037,6620,-0.02780301555025357
0.8599537037037037,26.083333333333332,0.9236794782845399,13.400322647352546,7.738099441864795,8.093822589933463,0.0,-725.6615068100001,22.631740774660486,17.583605158004293,26.620370370370377,0.13193634880864533,4842,48,664,0.255243899950887,4.946629099477675,236,37.04398148148148,12.368400615554288,0.8755772824725271,17.09886439203751,0.42685330886132594,36.0,1147392,9.13624108670387,52.47629770098849,26.605456425962245,12.983428789625407,30.107060185185336,0.0842929482460022,14200.0869140625,0.013595144,0.0003,4566.783647410075,-45.383303818879305,15416.209624565972,0.2,0.09131944444444444,6630,-0.026437929069140442
0.8790509259259259,26.138888888888886,0.9239473574734035,13.11486059328004,7.921005293260269,7.592315796488568,0.0,-731.14518991,22.66451315787813,17.8039140113959,25.000000000000004,0.13105524868998322,4850,48,665,0.26087491556174247,4.9526976050627205,236,37.523148148148145,12.401539503531204,0.8743570256526564,17.123374177065998,0.4408999300873257,36.0,1149120,8.927402234018215,52.37688994252627,26.56302969615939,13.408953287057287,29.448784722222335,0.05366414785385132,7431.775390625,0.013715605,0.0003,4396.99642735234,-45.40169089988426,13695.893093532986,0.2,0.1058449074074074,6640,-0.028554607900204483
0.8518518518518519,26.10185185185185,0.9207398324347578,13.27954395889565,7.605400749450226,8.087474376224465,0.0,-735.28271437,22.696538486587574,17.74519571822787,26.620370370370377,0.12770397389882757,4857,48,666,0.25042340238514155,4.959241153709019,236,37.385995370370374,12.386668833220957,0.8737354730187405,17.147737166361566,0.43121121615025476,36.0,1150848,9.117419458519468,52.382710377842756,26.537563740096363,13.110131483777698,30.020254629629708,0.12691175937652588,12774.05078125,0.011338057,0.0003,4963.63232951694,-45.40379077770092,12939.341263382523,0.2,0.0707175925925926,6650,-0.02521324446769776
0.8391203703703703,26.527777777777775,0.9234424298981734,13.340630286869958,8.111597925011049,7.442226540536556,0.0,-733.65931127,22.728761945721054,17.680275776187404,24.537037037037038,0.12628028373682637,4865,48,667,0.26683632895412307,4.965839192752677,236,37.25694444444444,12.586805821322352,0.8792915592136602,17.171937855802035,0.43393597925183336,36.0,1152576,9.139215617462979,52.46934038605844,26.717711985045025,13.189383653391305,30.12152777777787,0.08472323417663574,10608.5009765625,0.014942367,0.0003,4613.177832568133,-45.4062489968759,11785.079371021411,0.2,0.1167824074074074,6660,-0.02901894158028342
0.8663194444444444,26.37037037037037,0.9234705038966085,13.078406365068163,8.186376668064215,7.174952177358999,0.0,-733.54028812,22.7608580024025,17.67429635239532,23.611111111111114,0.13174255347595293,4872,48,668,0.2693298593015786,4.9721813126246825,236,37.24652777777778,12.51707751964495,0.8799301052270558,17.196123596683023,0.43235280142383836,36.0,1154304,9.036847948802167,52.527511209118266,26.73149571699956,13.138422672578292,29.774305555555618,0.07226866483688354,8874.2275390625,0.015712053,0.0003,4684.459983472471,-45.391841874299224,16322.816919849536,0.2,0.12528935185185186,6670,-0.031950696707806654
0.8206018518518519,25.89814814814815,0.930153359167138,12.307942156123195,8.239976681067642,6.570214495912913,0.0,-734.46594856,22.792956214238835,17.686682648637003,21.527777777777775,0.1263716363239096,4880,48,669,0.27145294181693047,4.978714878918389,236,37.26909722222222,12.29775097914264,0.8848655185014329,17.220340303304617,0.4323271887286007,36.0,1156032,9.113426517482363,52.59297070628915,26.877142625827783,13.13928473453386,30.013020833333425,0.11745059490203857,7165.21044921875,0.017276283,0.0003,4678.324655264395,-45.3950149818703,10904.774351671007,0.2,0.10526620370370371,6680,-0.024770159917642122
0.8229166666666666,26.037037037037038,0.9197268520625878,12.583833595249077,8.057242646513073,6.970870041653844,0.0,-736.67986023,22.825244169382007,17.6937356615814,22.91666666666667,0.12493206494915206,4887,48,670,0.2654099687474652,4.985365995840837,236,37.273726851851855,12.35572090708216,0.8819701266123104,17.24457464245857,0.4346570165817071,36.0,1157760,9.160446768979169,52.55193745710837,26.780558688613525,13.215182057269038,30.150462962963033,0.09551048278808594,5592.478515625,0.009184558,0.0003,4937.6725345329005,-45.38708604883264,13467.151828342014,0.2,0.05040509259259259,6690,-0.01870186971500516
0.8460648148148148,25.722222222222218,0.9229898717126153,11.81780713733223,7.9152258673314515,6.382023936947294,0.0,-739.24311522,22.857665111712066,17.632018284588145,21.064814814814813,0.12918815134071593,4894,48,671,0.26025583489112153,4.991422487646348,236,37.160300925925924,12.202581270000778,0.8811543682728075,17.26865468817004,0.4369397604899518,36.0,1159488,8.922596722204533,52.478615992976614,26.75435555650397,13.268376932023736,29.289641203703777,0.06386309862136841,6837.57080078125,0.009622339,0.0003,5277.573599808305,-45.3806458791097,9638.144769965278,0.2,0.061516203703703705,6700,-0.025491574146198452
0.8495370370370371,25.935185185185187,0.9295002533381721,11.98543318658778,7.989142485543963,6.070403380821827,0.0,-741.0172672499998,22.89035412517008,17.771584936001194,20.13888888888889,0.1290440702494294,4902,48,672,0.26290868282688734,4.997244862780286,236,37.464699074074076,12.296290701043818,0.8827189723574475,17.293083650510045,0.44044402389454096,36.0,1161216,8.828950053574895,52.52986618905444,26.811269822256904,13.37560538320526,29.058159722222314,0.13701015710830688,6279.5791015625,0.01135335,0.0003,4918.522129200123,-45.37921668158637,9401.805864800348,0.2,0.07447916666666667,6710,-0.023504994345690918
0.8564814814814815,25.43518518518518,0.9287069893308681,11.264667180837977,7.514284078679949,6.345520845418991,0.0,-741.7780997799999,22.922489007803197,17.683803262911855,20.949074074074073,0.13041825440844296,4909,48,673,0.24807102807274264,5.003859986687139,236,37.25578703703704,12.050383102158028,0.8792772201849323,17.317293158667326,0.432669525811383,36.0,1162944,9.14604956274153,52.440315722259975,26.698766065464792,13.153953053245855,30.09982638888894,0.04241299629211426,11339.83984375,0.012756904,0.0003,5361.729635704888,-45.39351358766909,13483.662055121527,0.2,0.09380787037037037,6720,-0.0270346080729117
0.8344907407407407,25.277777777777775,0.9163359599044854,11.189325988449488,7.492747368515119,5.726048100325536,0.0,-743.01508882,22.955078150084457,17.7114592944697,18.86574074074074,0.12805304144862076,4917,48,674,0.24623857823175288,5.010182869950041,236,37.33043981481482,11.996578619934368,0.8782762118722474,17.3415718069035,0.43936500327475053,36.0,1164672,9.029153305160714,52.38187364081087,26.671756809758474,13.335656912503568,29.709201388888957,0.07924610376358032,4060.34326171875,0.014059507,0.0003,5006.889556799994,-45.36734621966327,12741.67227376302,0.2,0.11261574074074074,6730,-0.027656875126477746
0.8686342592592593,26.203703703703706,0.9282671767316913,12.181987098319183,7.800863014297704,6.759219763258795,0.0,-747.66338127,22.98775453916303,17.75859638819499,22.222222222222225,0.13297091937937944,4924,48,675,0.2572271195471806,5.016628471118907,236,37.41319444444444,12.421904320762684,0.8792334860416751,17.365968297873987,0.43945082775860933,36.0,1166400,9.078240467546273,52.43194915343893,26.702023349215647,13.370555631429594,29.984085648148124,0.10242170095443726,11502.306640625,0.015170378,0.0003,4299.035135297422,-45.38744196008753,16420.82356047454,0.2,0.10966435185185185,6740,-0.02859763369585077
0.8553240740740741,26.444444444444446,0.9278543643951828,12.304508805539273,7.572717941076184,7.012757202693798,0.0,-746.1180141499999,23.0198426416323,17.700086563446984,23.14814814814815,0.13129967490725764,4931,48,676,0.2501327593227742,5.02331307529701,236,37.289351851851855,12.51903366176929,0.8811749902706373,17.390218514282605,0.43215235516728234,36.0,1168128,9.173841671241059,52.39029556677648,26.74802924853022,13.135240987708604,30.208333333333368,0.1555127501487732,4411.6162109375,0.014370331,0.0003,5005.404386901855,-45.39204952098705,9460.73934733073,0.2,0.11087962962962963,6750,-0.02834033537828536
0.8414351851851852,26.574074074074073,0.9223011685958746,12.696076071065345,7.5073735919714935,7.398411328031513,0.0,-743.3364691900001,23.051776338279332,17.728607292362536,24.421296296296294,0.1269538759420883,4939,48,677,0.24751423715718848,5.029933438392456,236,37.373842592592595,12.590291151062338,0.8845789412797519,17.41454003251351,0.43056222995284327,36.0,1169856,9.148145238178335,52.45650613823804,26.850281837554117,13.073478658812734,30.11429398148152,0.07970166206359863,11164.9287109375,0.01097038,0.0003,4850.124494340685,-45.391112603081595,12693.398969184027,0.2,0.08200231481481482,6760,-0.027074163155285297
0.8501157407407407,26.416666666666668,0.9308282383367279,12.39565808248624,7.551036349767794,7.1171863989892215,0.0,-746.8058958700001,23.084188803843713,17.741171969575543,23.37962962962963,0.13268650751824693,4946,48,678,0.24902748805480002,5.036081660495085,236,37.392361111111114,12.527435333729223,0.8806357303389712,17.43889296243745,0.4365192131463459,36.0,1171584,8.959288841051235,52.3401639333106,26.73512534463337,13.264986225752851,29.542824074074133,0.07793134450912476,11009.310546875,0.017016558,0.0003,4786.594103424637,-45.39761462741428,11283.025602213542,0.2,0.1371527777777778,6770,-0.031308257683283755
0.8535879629629629,26.462962962962962,0.9197475838762822,12.671335219919937,7.357382849337326,7.557711446211251,0.0,-748.19951052,23.11642594789211,17.77037620370282,24.884259259259256,0.128427343959406,4954,48,679,0.24200292297001044,5.042383817514078,236,37.43113425925926,12.55624092437136,0.8832701957497363,17.463318902946707,0.4339793999902263,36.0,1173312,9.020862807597132,52.420763594429424,26.806088027361668,13.19485761935921,29.64409722222234,0.056178390979766846,11057.5185546875,0.010652058,0.0003,5841.55015145761,-45.39492577446832,11626.992502170138,0.2,0.07239583333333334,6780,-0.023619506427052395
0.8454861111111112,26.009259259259256,0.9150688843230744,11.812884633239094,6.888980292662809,7.388067742280287,0.0,-748.5135386599999,23.148633503999083,17.714460157240097,24.305555555555557,0.12562282247573317,4961,48,680,0.2266285903453533,5.048387327575557,236,37.332175925925924,12.335836598295998,0.8739799058225078,17.487605053339806,0.4336534317024659,36.0,1175040,8.901404024591683,52.23407341398387,26.54111794860505,13.18302244278866,29.289641203703763,0.12146633863449097,3210.9951171875,0.012184366,0.0003,5313.72289352417,-45.39567313017668,9564.592518446181,0.2,0.09519675925925926,6790,-0.027563176536070252
0.8541666666666666,26.40740740740741,0.9221263864038525,12.419034908958551,7.473827138984123,7.213650527411417,0.0,-746.9534230299998,23.180541873237583,17.708386941982933,23.72685185185185,0.12468833654915261,4968,48,681,0.24605000202879868,5.0552948501940085,236,37.29340277777778,12.53155724256301,0.8787628177985498,17.511876020694764,0.4292582258418865,36.0,1176768,9.263009047380544,52.451464783474556,26.687252811258276,13.06334769539963,30.475983796296358,0.1499018669128418,10059.3994140625,0.01476834,0.0003,4605.750442476626,-45.375956754331234,15054.080582682293,0.2,0.11770833333333333,6800,-0.02943522664890797
0.8559027777777778,27.305555555555557,0.9252556889219059,13.166319153973935,7.816819772352441,7.195357925668724,0.0,-751.9776281200002,23.21321669430604,17.794110999223264,23.61111111111111,0.13106101816661314,4976,48,682,0.25758221426620664,5.061308429869636,236,37.49074074074074,12.95414145595277,0.8899793161930077,17.536361298192823,0.43939269760840965,36.0,1178496,8.905431870251123,52.590569537505836,26.9915096245857,13.369928427382943,29.33304398148149,0.07203567028045654,7742.89111328125,0.011567031,0.0003,4936.251835491039,-45.389207938865376,12671.92931676794,0.2,0.07378472222222222,6810,-0.02262358849833685
0.8616898148148148,27.166666666666668,0.9236517601495026,13.217356207982876,7.703094008400607,7.411363061999952,0.0,-756.5122096700002,23.245793491499175,17.814764585972505,24.305555555555554,0.12799082085382482,4983,48,683,0.2530611329189942,5.067700086673423,236,37.54340277777778,12.902899137582315,0.8884206496480774,17.560898209657754,0.43892169520497465,36.0,1180224,9.056662721514808,52.529703103542296,26.954584540722,13.330718877253993,29.810474537037074,0.09861284494400024,7097.775390625,0.01097882,0.0003,5223.906358238502,-45.40121019151476,13072.961771195023,0.2,0.0796875,6820,-0.02411033018250708
0.8535879629629629,27.296296296296294,0.9184646458153849,13.282678694960474,7.881667367388082,7.246280975320166,0.0,-756.78477209,23.278138058114887,17.793124981049946,23.842592592592595,0.1279155685981677,4991,48,684,0.25919959800803083,5.073974377759194,236,37.498842592592595,12.954730352252227,0.8827832616119577,17.58538102211038,0.4354227676612024,36.0,1181952,9.009716434308265,52.40539839728685,26.796866612596023,13.237826646285525,29.65133101851856,0.040319204330444336,7697.25341796875,0.013032964,0.0003,5610.148122321235,-45.40104964927391,13098.79716796875,0.2,0.09450231481481482,6830,-0.027449029435714086
0.8339120370370371,27.527777777777782,0.9194831878026247,13.697327131271924,7.781976897320877,7.6464996530088145,0.0,-759.8136557500001,23.310916323648943,17.823676035548626,25.115740740740744,0.12301650716940774,4998,48,685,0.25589429555557425,5.080223047271896,236,37.56018518518518,13.068850580942232,0.8877898197959221,17.609940212199252,0.4410145321591025,36.0,1183680,8.999467805080462,52.44021197045185,26.938469782887196,13.411306213622405,29.694733796296234,0.07295292615890503,12100.0546875,0.012228082,0.0003,4007.956174355966,-45.41558285465947,11826.04574110243,0.2,0.0791087962962963,6840,-0.023588834939248585
0.8396990740740741,27.64814814814815,0.9171034896733927,13.864041473457505,7.647510493364321,7.903251506991007,0.0,-757.1868451500002,23.342571714683803,17.75604268220004,26.041666666666668,0.12567764729668687,5006,48,686,0.25185090221813,5.087288205847364,236,37.4056712962963,13.113279473102175,0.8856389471991911,17.634330318904752,0.42632900680205627,36.0,1185408,9.326063430187443,52.32885283028014,26.871878263714933,12.962156413943474,30.736400462963022,0.11170786619186401,11881.8125,0.012010549,0.0003,4567.055014433684,-45.4172550201416,20700.422826244212,0.2,0.07673611111111112,6850,-0.027260424726194252
0.8564814814814815,28.074074074074076,0.9198491826911341,14.423438400845559,7.92302496019704,7.990872290518845,0.0,-752.92839635,23.37455374658533,17.775421093929513,26.27314814814815,0.12344274113479904,5013,48,687,0.26108605185494116,5.093644148210211,236,37.44039351851852,13.309541150129673,0.8834630551231958,17.658768871639577,0.43052712832651774,36.0,1187136,9.042376945138452,52.419770153966425,26.80810160698522,13.092812760610641,29.781539351851894,0.085091233253479,10501.826171875,0.015584477,0.0003,4454.539248614841,-45.425261631718385,16061.074104817708,0.2,0.1111111111111111,6860,-0.02811034874542168
0.8188657407407407,27.425925925925927,0.9200563228063523,14.750119077736613,7.118719236851813,9.423819313044481,0.0,-758.07570887,23.407229084828742,17.76592146039391,30.787037037037038,0.12131612872800981,5020,48,688,0.23499118622346607,5.099772518253579,236,37.4375,13.007580527840318,0.8799894661567155,17.68318367529056,0.4399349990512035,36.0,1188864,8.951348017347636,52.32840093665309,26.692304853926675,13.370135297364541,29.470486111111118,0.07297873497009277,12585.1171875,0.012623682,0.0003,4570.456816729793,-45.422438614456745,21044.317411747685,0.2,0.08958333333333333,6870,-0.029528567846864463
0.8483796296296297,28.268518518518515,0.9174989482718167,15.19707800764562,7.815286049944564,8.781239546830818,0.0,-764.9205913400002,23.440046655442988,17.8885595296965,28.703703703703706,0.1247720825214728,5028,48,689,0.2581747404747218,5.1058438625136136,236,37.699074074074076,13.400552410870239,0.8850678884665019,17.7079050741148,0.4420616090433036,36.0,1190592,8.928537704013705,52.41082751409095,26.854514676468966,13.427028245697912,29.39091435185191,0.09439104795455933,10736.796875,0.011920091,0.0003,4603.896703409266,-45.429403785423,13190.408810763889,0.2,0.07824074074074074,6880,-0.023012604936957358
0.8559027777777778,27.842592592592595,0.9199856062596301,14.645212641678928,7.322377205078133,8.946248644532242,0.0,-768.3358827000001,23.473028466980978,17.875447951066928,29.28240740740741,0.1286357530008018,5035,48,690,0.2425818620808973,5.111753661814911,236,37.65856481481482,13.176586792068553,0.8855416367775238,17.73259369399247,0.44387794827417215,36.0,1192320,8.86391972051886,52.35322702892828,26.85081516670688,13.492724615195876,29.202835648148195,0.13978374004364014,7455.94482421875,0.011919763,0.0003,4764.313830481635,-45.43172266924823,14465.912802010995,0.2,0.07991898148148148,6890,-0.023618100297257857
0.828125,27.5,0.921916784480287,13.632719449833592,8.086976713528202,7.305418503054355,0.0,-767.4152627200002,23.505530582433792,17.799884538658343,24.074074074074076,0.12279232180232427,5043,48,691,0.26600293969083677,5.1182344437513425,236,37.498842592592595,13.040324233251036,0.8865561412955868,17.757093405339116,0.4371882596503451,36.0,1194048,9.092312774572784,52.442884350475964,26.897893898689457,13.300846181125257,29.94791666666672,0.10387641191482544,8086.60595703125,0.0165673,0.0003,4691.174154041431,-45.433498537981954,12430.097564019097,0.2,0.14212962962962963,6900,-0.02759028873923752
0.8587962962962963,27.694444444444443,0.9216037068868864,13.473764331172081,8.650719472804623,5.73972074379131,0.0,-764.7927339700003,23.53779096904647,17.75828702003689,18.98148148148148,0.12740588767961084,5050,48,692,0.2850486161089087,5.124387453710455,236,37.421875,13.123044858367459,0.8843618452979439,17.78148912288921,0.434939965306683,36.0,1195776,8.961203983644706,52.382085329892504,26.849691408573417,13.204154645070963,29.477719907407415,0.052649497985839844,7002.4541015625,0.011479371,0.0003,5387.985954623752,-45.43190573233145,17807.54670138889,0.2,0.07563657407407408,6910,-0.02515136297205808
0.8524305555555556,28.0,0.9156381317608675,14.025789479925857,8.302183099933417,7.258048807199811,0.0,-769.8859420300001,23.5708301620058,17.91049734978097,23.958333333333332,0.12359765483972611,5057,48,693,0.27376363877390525,5.1304506542512485,236,37.735532407407405,13.265557572792629,0.882986079823354,17.806265366263663,0.445065554763583,36.0,1197504,8.92528021631773,52.31673601646968,26.79875252943152,13.515677183733118,29.441550925925895,0.07238095998764038,6872.1064453125,0.013088034,0.0003,4464.650043798376,-45.43917209483959,13180.40747974537,0.2,0.07505787037037037,6920,-0.02056425836765104
0.7991898148148148,27.824074074074076,0.9189248081516368,13.840237408306873,7.902169159373169,7.565823183643222,0.0,-772.6395246799999,23.603579482849497,17.753671080821153,24.76851851851852,0.12196650591748745,5065,48,694,0.2614044826586702,5.1361508733116565,236,37.413773148148145,13.172245065290483,0.8789754989805383,17.830649543965716,0.44098593292738975,36.0,1199232,8.780087624163093,52.32889378968883,26.686825882939715,13.399728337478669,28.942418981481477,0.09143579006195068,9097.5244140625,0.0118938945,0.0003,4711.239030343515,-45.427253807915584,16896.52513744213,0.2,0.07505787037037037,6930,-0.025283985376289047
0.8478009259259259,27.35185185185185,0.9258281701148517,12.77488341804791,8.11951799572813,6.019790169692822,0.0,-771.8840556199998,23.636313532802557,17.819769148155352,19.90740740740741,0.12912297229514277,5072,48,695,0.2675988264212698,5.142227446322584,236,37.558449074074076,12.955365422319781,0.8813148013353668,17.855198966836106,0.4404920382925581,36.0,1200960,8.930629204371117,52.31614400631715,26.748668661118085,13.393619981223504,29.456018518518526,0.03611743450164795,11732.724609375,0.010348318,0.0003,5259.823632671215,-45.42687906335901,14356.328269675925,0.2,0.06643518518518518,6940,-0.02057641147704864
0.8315972222222222,27.046296296296294,0.9272602395754761,12.5633759548179,8.058374680863098,5.782100730738134,0.0,-770.0690296900002,23.668575631446778,17.773566556380803,19.09722222222222,0.1240462397805414,5080,48,696,0.26635085585507157,5.14844533473069,236,37.45891203703704,12.805001273954801,0.8845900416748319,17.879632883227057,0.43439372930099723,36.0,1202688,8.9871553632424,52.44306869167125,26.8318352034285,13.204839457688253,29.644097222222214,0.10421854257583618,6707.98193359375,0.009896902,0.0003,5148.670789803399,-45.427673975626625,13347.152032696758,0.2,0.06429398148148148,6950,-0.02450280175199387
0.84375,27.472222222222225,0.9162284918702187,12.8004610275472,8.101733074675177,6.218553729257355,0.0,-771.3281889099999,23.701362789863317,17.806721110417225,20.60185185185185,0.1280974700112544,5087,48,697,0.2677956463466728,5.155021378427127,236,37.52199074074074,12.998727952872024,0.88252295658118,17.904149686003098,0.44131509768879923,36.0,1204416,9.13041747857479,52.41521680770965,26.77419794920336,13.414863366615101,29.99855324074078,0.06605470180511475,9255.724609375,0.008959894,0.0003,5954.958191539623,-45.42905361034252,12767.916988570601,0.2,0.049247685185185186,6960,-0.020246385423363083
0.8559027777777778,27.666666666666668,0.9331618782037068,13.285653090550143,8.482230479918348,5.043567662116534,0.0,-773.87725538,23.734012884399796,17.77929594975856,16.666666666666668,0.13172169244064613,5095,48,698,0.27997414869821685,5.161052036616256,236,37.4693287037037,13.103422610631796,0.8766111139786329,17.928597925877494,0.43982023921139685,36.0,1206144,8.912263275651656,52.260717255564344,26.598909766903716,13.360037814592063,29.32581018518515,0.16230499744415283,6302.60888671875,0.013539088,0.0003,4744.96138458252,-45.42793741579409,11752.33201135706,0.2,0.12476851851851851,6970,-0.029390185000374915
0.8634259259259259,27.73148148148148,0.9266025826224696,13.52186229674301,8.685454519365228,4.739668548542061,0.0,-773.7887897200001,23.76659194127247,17.781851517472514,15.625,0.12837259542883953,5102,48,699,0.2863996614491781,5.167034993184577,236,37.46180555555556,13.136407777377782,0.8806433976182619,17.953052554671174,0.4383092376312516,36.0,1207872,8.893182627328605,52.27619642988623,26.71569324603863,13.331622749068941,29.333043981481524,0.06623035669326782,7582.900390625,0.008976196,0.0003,5952.236023768673,-45.43238949245877,11017.567688440393,0.2,0.046412037037037036,6980,-0.02138795952692076
0.8165509259259259,27.73148148148148,0.9174751853404683,14.093112129529104,8.058368340551453,7.688747072567236,0.0,-774.11228838,23.799121376099038,17.725525473304874,25.347222222222218,0.11822691215569842,5109,48,700,0.26548036130624325,5.1732535368628305,236,37.342013888888886,13.145996716410414,0.8762655197992121,17.977366368354435,0.4380892844080237,36.0,1209600,8.987417471301086,52.24412774640566,26.584268935968623,13.311773930627753,29.58622685185188,0.08958441019058228,5425.8916015625,0.010039045,0.0003,6008.495473197654,-45.42436173050492,10283.076853660301,0.2,0.06313657407407407,6990,-0.025305097813166127
0.8680555555555556,27.85185185185185,0.9283286351261296,15.705861890453473,7.647350392339025,9.66523269525324,0.0,-772.9210960699999,23.831414467524553,17.66346768716687,31.828703703703706,0.13227212351828516,5117,48,701,0.25252770619367576,5.179760814405357,236,37.233217592592595,13.193278802861208,0.8822525183180882,18.001525037572353,0.4351905960352283,36.0,1211328,9.102911017010785,52.3042005469718,26.775246049992138,13.217236570206332,29.962384259259302,0.09240096807479858,10123.248046875,0.013661747,0.0003,5174.001706497757,-45.413082645557544,14059.93552879051,0.2,0.09074074074074075,7000,-0.024857540266519342
0.8194444444444444,27.935185185185187,0.9162447851284615,14.726025568175066,7.904509335185516,8.388381486861599,0.0,-772.4299528800001,23.863698268001546,17.705054190755465,27.546296296296294,0.12157019055048102,5124,48,702,0.26119525132753446,5.185948039882425,236,37.30381944444444,13.23313474612795,0.8848711924731024,18.02578767304924,0.43501921078010275,36.0,1213056,8.974890190827146,52.4063321646476,26.85585588584137,13.21352019079697,29.53559027777778,0.11431050300598145,9321.853515625,0.01140957,0.0003,4782.518876174644,-45.39054641723633,17925.75054615162,0.2,0.0745949074074074,7010,-0.025530535286223448
0.8524305555555556,28.509259259259263,0.9191742278005965,14.41524163910095,8.544736213916604,7.1634370453429055,0.0,-774.8574390899998,23.89603090474523,17.7775551449539,23.49537037037037,0.12487947772170482,5132,48,703,0.28209131293030587,5.192366724827957,236,37.457754629629626,13.50706837984144,0.884888809320321,18.050231560911627,0.4353652735107502,36.0,1214784,9.067473978212472,52.43684036849132,26.857624533337923,13.233054697474104,29.861111111111125,0.03200674057006836,12158.0322265625,0.012286334,0.0003,5061.6943659747085,-45.39325406109845,18182.594656032987,0.2,0.0875,7020,-0.023125683417095356
0.8506944444444444,28.12962962962963,0.9222392603276437,14.223835267128605,8.419429387481939,7.274609739275914,0.0,-777.9141697599999,23.92846885139261,17.766533886768517,23.84259259259259,0.1227766345267996,5139,48,704,0.2777951645843691,5.19878661585859,236,37.4375,13.329796140370751,0.8861092429002584,18.074647895628548,0.4373053792209767,36.0,1216512,9.067956412253297,52.54639874368319,26.890799315980768,13.275178658950717,29.810474537037084,0.06980109214782715,12505.4853515625,0.01710665,0.0003,4630.064185693529,-45.389505796079284,20192.08185763889,0.2,0.12604166666666666,7030,-0.024156945091844708
0.8414351851851852,27.75,0.915727497061689,14.650002065314888,7.84559255862179,8.454257753337867,0.0,-778.4943047200001,23.96097236980708,17.736836616343453,27.777777777777775,0.1235518311906454,5146,48,705,0.25858078878306273,5.2049610671384485,236,37.373842592592595,13.150151753355232,0.8837009509455562,18.098989987169407,0.438133497799528,36.0,1218240,8.969780511943563,52.6461246029524,26.818839473793773,13.3014073657883,29.4777199074075,0.1397022008895874,12952.5625,0.010253589,0.0003,5448.612664766665,-45.389523075245044,10747.515057146991,0.2,0.06741898148148148,7040,-0.02092415383947944
0.8489583333333334,27.62962962962963,0.9154997938495817,13.266773261585556,8.47099197083669,5.850648805011957,0.0,-784.4515102199999,23.99415617592713,17.812435213269357,19.328703703703706,0.12327688775782746,5154,48,706,0.27850190401073377,5.210770109554091,236,37.53125,13.095781290748866,0.8855651712355077,18.123521075202582,0.44677020430151254,36.0,1219968,8.823616966257228,52.563983665328,26.871326330337993,13.573522448019872,29.02922453703713,0.09172183275222778,5375.54443359375,0.010856811,0.0003,4697.413637825295,-45.38739481325503,14637.879155815972,0.2,0.0685763888888889,7050,-0.022148466550883043
0.8431712962962963,27.324074074074073,0.9186341546546011,12.967589408807562,8.104041709150176,6.72149379883508,0.0,-782.5872667599998,24.02646222986736,17.642712626543794,22.337962962962962,0.11998809766709005,5161,48,707,0.2665320017593498,5.217186545725545,236,37.18460648148148,12.942053900822307,0.8818149597669267,18.147627856768942,0.4344970089285085,36.0,1221696,9.066574468581306,52.481586662060245,26.755301799309084,13.222421576090754,29.89728009259257,0.06649535894393921,13389.60546875,0.010486595,0.0003,4656.5886930677625,-45.38254017300076,19527.114391637733,0.2,0.07233796296296297,7060,-0.022924343248208363
0.8859953703703703,27.89814814814815,0.927417141187492,14.055446895125952,8.254418609908843,7.379142692917685,0.0,-784.4238954699997,24.05950694559789,17.87554475326473,24.305555555555557,0.13302080294419047,5169,48,708,0.2718339206736311,5.223230501705551,236,37.654513888888886,13.221885592299424,0.8905357777190902,18.172316718652105,0.4445903420511012,36.0,1223424,8.917582392002522,52.626180885851284,27.030866898588783,13.517886292212134,29.390914351851862,0.03592848777770996,12415.2822265625,0.012148471,0.0003,5055.882589184796,-45.38568844265408,17756.802394386574,0.2,0.07002314814814815,7070,-0.02422712347642691
0.8443287037037037,27.86111111111111,0.9238760833683132,13.749077866227287,8.433106898747715,6.920959574393147,0.0,-789.26091235,24.092315250763132,17.785612817472465,22.800925925925924,0.12295370586210227,5176,48,709,0.27821916897599247,5.22948163208777,236,37.48090277777778,13.195011393086427,0.8868373860653423,18.196780750695787,0.4420592377129619,36.0,1225152,9.000452152887846,52.51240999960415,26.898210618891557,13.423322066097853,29.6006944444445,0.0752173662185669,14049.5390625,0.010054734,0.0003,5333.300050848502,-45.38094117906358,14127.491872829862,0.2,0.06527777777777778,7080,-0.023892800421971415
0.8333333333333334,27.740740740740744,0.9164371254325852,13.947013660187743,9.098145456527325,5.059851720310664,0.0,-789.96930204,24.12509482571169,17.892366427521374,16.550925925925927,0.1212307416621384,5184,48,710,0.30045522876151914,5.235691189778134,236,37.7025462962963,13.148868203660419,0.882327815422313,18.22151166676459,0.441248725712541,36.0,1226880,8.983823076145475,52.47364435764759,26.784181370226037,13.411829979423352,29.557291666666693,0.049150049686431885,15952.5703125,0.017893357,0.0003,4630.988158388491,-45.37826937922725,20004.644231047452,0.2,0.12256944444444444,7090,-0.02563705115613562
0.8258101851851852,28.074074074074073,0.9146686984189097,14.344897540659547,9.332083858790972,4.659214503144331,0.0,-790.9327924500001,24.15796101639941,17.784005024190705,15.393518518518519,0.11667642524538238,5191,48,711,0.30709079354168317,5.241482467112922,236,37.467592592592595,13.312813681868576,0.8814221165306901,18.24597167932507,0.44262002902193004,36.0,1228608,8.816510933915305,52.37676776010402,26.7568623605797,13.44647627508615,29.036458333333307,0.06778556108474731,14491.263671875,0.010824358,0.0003,5074.522258221662,-45.393960373489946,18431.24333767361,0.2,0.07731481481481481,7100,-0.024552874311942745
0.8721064814814815,27.98148148148148,0.9208920400596149,14.588307642209799,9.623749476719533,4.103112369292133,0.0,-796.76187157,24.19145827186219,17.91537184998854,13.541666666666666,0.13317039309818895,5199,48,712,0.31688068317177365,5.247035060084455,236,37.75694444444444,13.264558165490266,0.8873626261690338,18.270760108950043,0.4512562865093822,36.0,1230336,8.72103718861316,52.49716864716854,26.9413496524659,13.698902185111807,28.638599537037067,0.0634356141090393,16351.5322265625,0.013078356,0.0003,4645.70720231798,-45.37161314222548,15828.119281684028,0.2,0.11637731481481481,7110,-0.02498301130167588
0.8634259259259259,27.564814814814813,0.9241560013449579,13.906596219205799,9.139850009191713,4.532102744464843,0.0,-796.0361341400001,24.22427315616108,17.789902119679088,14.930555555555555,0.1241529134635633,5206,48,713,0.30102569863055617,5.252857227698529,236,37.489583333333336,13.066746210014086,0.8851984566505157,18.29523486424924,0.442055534007142,36.0,1232064,8.828867045629512,52.476707135916826,26.876252088217697,13.425953719555473,29.043692129629715,0.09888654947280884,5047.17041015625,0.011764339,0.0003,5775.284294891358,-45.36550407409668,14074.426638454861,0.2,0.08489583333333334,7120,-0.026616199635383156
0.8535879629629629,27.537037037037038,0.9231428555048746,13.820909498112144,9.067632928181963,4.5760066730515465,0.0,-796.00511765,24.257414081569117,17.830870534045676,15.046296296296296,0.12872937324075567,5213,48,714,0.2985528129600578,5.258863786782322,236,37.58391203703704,13.053276569930182,0.8848627304472295,18.319812040584356,0.44628682680743303,36.0,1233792,8.902623633517196,52.452075448870055,26.876215138384925,13.556370163215034,29.3258101851852,0.06289160251617432,13959.134765625,0.009739733,0.0003,5868.112400394016,-45.38002534089265,13600.335966435185,0.2,0.05769675925925926,7130,-0.021773600510183583
0.8506944444444444,28.26851851851852,0.9256610584882766,14.560484836658834,9.463767162087821,4.980850433359113,0.0,-797.59035345,24.290405011050655,17.81572857606882,16.319444444444443,0.12802233121776407,5221,48,715,0.31265436961375914,5.26516699348953,236,37.548611111111114,13.396717674571013,0.8842266785130944,18.34435136202453,0.44378479279999,36.0,1235520,9.021282682883546,52.40093612024227,26.856927785480924,13.496371792615504,29.701967592592545,0.1574079394340515,12272.048828125,0.010221994,0.0003,6147.660809326172,-45.37183796917951,8920.259705041955,0.2,0.06342592592592593,7140,-0.021180297287732915
0.8703703703703703,28.416666666666668,0.9272432754177503,14.704057927960491,9.539876433997472,4.616590765809561,0.0,-801.9124854099999,24.32415383225837,17.889788854761253,15.162037037037038,0.128635390384651,5228,48,716,0.3148118699081546,5.270406762728283,236,37.71006944444444,13.46418149396302,0.8878190429987812,18.369075834161432,0.4536468517122189,36.0,1237248,8.59590769550073,52.452383684475556,26.966321304777367,13.799528483085957,28.39988425925929,0.07738113403320312,5497.97998046875,0.01223517,0.0003,5795.706944472701,-45.393893022890445,14514.173716001158,0.2,0.08229166666666667,7150,-0.024283420994739843
0.8570601851851852,29.509259259259263,0.9169490850331916,15.539291221919889,9.86090134047795,5.01359269121753,0.0,-805.2173800700001,24.35755280492029,17.834011269595948,16.435185185185187,0.1249118894700759,5235,48,717,0.32545361225055186,5.276328418957109,236,37.59143518518518,13.97838988144194,0.8834918498753371,18.393660862335423,0.44921579560994973,36.0,1238976,8.868662491530596,52.378671023924255,26.839118306286526,13.659589064766527,29.21006944444444,0.15762239694595337,11255.3359375,0.014034574,0.0003,5385.880980597602,-45.41510115729438,13322.920771846066,0.2,0.10787037037037037,7160,-0.029374408190725027
0.8408564814814815,30.472222222222218,0.9308805740423898,16.464988375162772,10.330346231644358,5.045227922490645,0.0,-800.3161255099999,24.390432030456726,17.78629925239832,16.666666666666668,0.12311842634619911,5243,48,718,0.34025096090205603,5.282142476942103,236,37.48090277777778,14.434642143518415,0.889262557107103,18.41812661046642,0.44245400334596663,36.0,1240704,8.82562319399741,52.44778247048674,27.00803030305973,13.451690214574349,29.058159722222232,0.10820949077606201,8992.28515625,0.015639672,0.0003,4883.236796626338,-45.42233770864981,14617.05456995081,0.2,0.13032407407407406,7170,-0.02958800365148043
0.8697916666666666,31.37962962962963,0.930365744453836,17.26682507564222,10.693021784758633,5.4963714171864,0.0,-803.63587361,24.424130154209518,17.915672210399666,18.055555555555554,0.1329176643472225,5250,48,719,0.3521599267317905,5.287584919602435,236,37.7650462962963,14.873803290883588,0.8949839401642853,18.44291579099242,0.45361548048543754,36.0,1242432,8.67697706413276,52.53091024273841,27.19057219156632,13.779249501117361,28.5590277777778,0.05869448184967041,10077.009765625,0.008966879,0.0003,5609.770062934028,-45.43495570995189,17027.63683629919,0.2,0.04542824074074074,7180,-0.021153959538787605
0.8506944444444444,31.916666666666668,0.9194546833871172,17.751407050308167,10.933323308748944,5.073062421405514,0.0,-812.3986207400001,24.457978385173547,17.95378995958617,16.78240740740741,0.12480216468123011,5257,48,720,0.3603117385464107,5.29299459015285,236,37.83101851851852,15.118083741559225,0.8920723475916894,18.467800265891384,0.4555636287974489,36.0,1244160,8.663868220166004,52.45846724018791,27.085643743184917,13.839292385611609,28.479456018518572,0.1048957109451294,5790.302734375,0.009406072,0.0003,6553.240896380389,-45.43804954246239,11980.53632993345,0.2,0.05642361111111111,7190,-0.023155197478761828
0.8553240740740741,30.76851851851852,0.916761273956711,16.672945469347233,10.394504951816998,5.263660312616717,0.0,-815.27226119,24.4919872288294,17.99267694326372,17.24537037037037,0.12344696155178085,5265,48,721,0.3426077119380468,5.298380211732189,236,37.91493055555556,14.578440517530234,0.8915601232393952,18.492781958249545,0.4568793078266953,36.0,1245888,8.654248631735365,52.52437974986284,27.05733531279063,13.903537462342342,28.551793981481545,0.07024520635604858,9082.0263671875,0.012951504,0.0003,5873.915874368173,-45.43566700970685,14114.971818033855,0.2,0.10231481481481482,7200,-0.02690724492142046
0.8506944444444444,30.13888888888889,0.9260447539699067,16.200895453045703,10.22553051323635,4.861658065514936,0.0,-815.2938185200001,24.52578184398461,17.878221269369025,15.972222222222221,0.12425568670401213,5272,48,722,0.33688846400766,5.303491847023719,236,37.65972222222222,14.275364939809355,0.8906986419605559,18.517477511422967,0.45412815966783804,36.0,1247616,8.544654116611852,52.57363131644104,27.04329955584169,13.81784606208352,28.15393518518521,0.08003515005111694,8884.017578125,0.010880665,0.0003,4372.924125689047,-45.44579818160446,25559.861769386574,0.2,0.08888888888888889,7210,-0.02290641441596327
0.8339120370370371,29.018518518518515,0.9153922592267185,15.204375564136722,9.748460887958009,4.769394654715236,0.0,-809.95965858,24.558853611312397,17.798701551994547,15.74074074074074,0.12106020120161438,5279,48,723,0.3207004415891739,5.309316873631823,236,37.50983796296296,13.755914676178714,0.8916986639462299,18.541974265302954,0.4454265666059719,36.0,1249344,8.8300106432417,52.56728885230003,27.079009099962175,13.528706931114243,29.0870949074075,0.11010777950286865,12474.5263671875,0.010211207,0.0003,6350.918360363996,-45.429376672815394,11759.14839952257,0.2,0.05804398148148148,7220,-0.021001795858696656
0.8379629629629629,29.444444444444446,0.9253260833527328,15.688320180699801,10.023767149706915,4.77417236080743,0.0,-807.9135035300001,24.592065904652863,17.82851571596258,15.74074074074074,0.12418036811901473,5287,48,724,0.32960985129167414,5.315243524024183,236,37.57581018518518,13.964553030992887,0.8911924183082175,18.56654555459286,0.44662024076092177,36.0,1251072,8.870660156943908,52.656769693803085,27.075140898595475,13.584917336185917,29.29687500000009,0.06376069784164429,16024.4765625,0.009825237,0.0003,4876.249313538163,-45.43840594821506,16135.952086950232,0.2,0.05978009259259259,7230,-0.024203104122231405
0.8263888888888888,29.490740740740744,0.9232149808546838,15.603129679988342,9.92274496118991,4.947104875490772,0.0,-809.1567777399998,24.625074343847313,17.834033630806424,16.319444444444443,0.1220845327794036,5294,48,725,0.32631662812234613,5.3212672200005855,236,37.58101851851852,13.980384718798433,0.8868219285165249,18.591130638669878,0.44445972866633005,36.0,1252800,8.909478390560988,52.50858136883713,26.93002551073766,13.503375677780056,29.289641203703702,0.05838823318481445,12752.341796875,0.010731208,0.0003,6114.908991891367,-45.45150867038303,18495.746357783566,0.2,0.05862268518518519,7240,-0.02183052333140815
0.84375,29.09259259259259,0.9196650880704865,15.071576239446415,9.572898073979335,4.879627553139,0.0,-809.0756350000001,24.658052797592074,17.821822291221807,16.087962962962962,0.12458451742166621,5302,48,726,0.31459093500667884,5.327416681145294,236,37.541666666666664,13.79867816546708,0.8812986157008228,18.615685194397933,0.44393680301176563,36.0,1254528,8.959784457883552,52.4538083133023,26.75484147458361,13.491381497904584,29.412615740740783,0.07294571399688721,4939.01220703125,0.0080339825,0.0003,5198.533242034912,-45.448347063417785,14401.94941587095,0.2,0.04137731481481482,7250,-0.020719479258965563
0.8761574074074074,29.694444444444443,0.932844878090207,15.575645560324258,9.801439838781855,5.7222745506676915,0.0,-809.5277308100001,24.69114578078845,17.77662963775872,18.865740740740744,0.1306818836639531,5309,48,727,0.3224269563847057,5.333264641272452,236,37.469907407407405,14.074205721542404,0.8860561606871292,18.64012676849233,0.4458789460095592,36.0,1256256,8.839184050862924,52.50450340344681,26.879756207226993,13.537193278549765,29.036458333333375,0.11207044124603271,9373.6513671875,0.020375993,0.0003,4562.954826008832,-45.43153655440719,19415.688422309027,0.2,0.15283564814814815,7260,-0.025661563289489736
0.8067129629629629,29.509259259259256,0.9155706757575992,15.450288426803253,9.754899323791848,5.7480333749196815,0.0,-812.8651964400001,24.724268201212396,17.923387865337563,18.865740740740737,0.1190772836214284,5316,48,728,0.321239936797618,5.339400114563083,236,37.75578703703704,13.995389103011405,0.8874963120360632,18.664935238155675,0.4454699004799906,36.0,1257984,8.954189316252466,52.55082616457914,26.930722093179927,13.548968169578812,29.47771990740736,0.0809052586555481,6990.29345703125,0.010459514,0.0003,6601.82026276765,-45.425498764603226,16033.910980902778,0.2,0.062094907407407404,7270,-0.023092474199452057
0.8628472222222222,29.490740740740744,0.9237104517953154,15.509295072891668,9.680707969950747,6.650583122829846,0.0,-815.8136216999998,24.75759455185318,17.882038506699445,21.990740740740737,0.1290031513203157,5324,48,729,0.31832332865166185,5.345504670397074,236,37.69444444444444,13.978003980111076,0.8845966057234383,18.689640334422425,0.44858485946127474,36.0,1259712,8.941822333596216,52.53015334586453,26.83470764424942,13.630540256313779,29.427083333333304,0.08902871608734131,8683.9052734375,0.012348312,0.0003,5129.510995455142,-45.425022012216075,17643.549782986112,0.2,0.07928240740740741,7280,-0.02212840063083503
0.8611111111111112,29.185185185185187,0.9194370428895368,15.245462620310965,9.476329783764731,6.737102805394943,0.0,-816.0492751299998,24.790495840670758,17.827565916794956,22.222222222222225,0.12627771165159646,5331,48,730,0.3120334323514044,5.352054626142359,236,37.57118055555556,13.832030031151293,0.8778964403190653,18.714209249214413,0.4431644330529637,36.0,1261440,9.119982298114229,52.45298949428551,26.648207557516827,13.460515527030706,30.00578703703707,0.12587302923202515,15308.43359375,0.011343123,0.0003,5378.536987544872,-45.42677396138509,21679.28361183449,0.2,0.06076388888888889,7290,-0.023658950813114643
0.8709490740740741,29.564814814814813,0.9293777514240432,15.477743432177236,9.759657569575168,6.466507821972154,0.0,-816.93614818,24.82370205461355,17.86616479786469,21.296296296296294,0.1293588261994706,5338,48,731,0.3212576027785967,5.357841388989512,236,37.66203703703704,14.018085862602069,0.8846868612234505,18.738874661209074,0.44705975250538416,36.0,1263168,8.8147051388614,52.501623334443956,26.85045393655237,13.582485577115648,29.065393518518587,0.08711326122283936,10088.486328125,0.012195344,0.0003,4895.550503653067,-45.431708102756076,17491.50889937789,0.2,0.0849537037037037,7300,-0.024654723945315236
0.8501157407407407,29.314814814814813,0.9185605545638681,15.240129281901055,9.546374504014759,6.595230446523481,0.0,-820.4911112699999,24.857400462261296,17.87791979251384,21.759259259259256,0.12266745362545108,5345,48,732,0.31391821853976115,5.363362837161956,236,37.66956018518518,13.898524331362815,0.8834936374917955,18.76356946069036,0.4533683871794118,36.0,1264896,8.708579268977411,52.5530771491164,26.80472596248408,13.779363059099573,28.696469907407373,0.10138887166976929,11912.3740234375,0.010056691,0.0003,5535.692021942139,-45.440850490993924,17538.666435185187,0.2,0.05619212962962963,7310,-0.022729734315847357
0.8431712962962963,29.564814814814813,0.9147294668327123,15.325732407935222,9.478867290615831,6.628455741236929,0.0,-823.86145244,24.891067699168524,17.82338971335805,21.875,0.12025303433503418,5353,48,733,0.31150507393476823,5.368951743889092,236,37.56828703703704,14.018409376082461,0.8792568207184752,18.788127934973755,0.4533099210558974,36.0,1266624,8.735562690854124,52.465028951941264,26.693064889329843,13.766894762890685,28.76157407407411,0.0685623288154602,14296.099609375,0.014435353,0.0003,5309.476062181261,-45.45344267951118,16564.236868851272,0.2,0.09027777777777778,7320,-0.025682508802317358
0.8090277777777778,29.37037037037037,0.9190939079815992,16.144251126783978,9.128368525522577,7.879937699931584,0.0,-819.51418012,24.92386810998735,17.792483435981975,25.810185185185187,0.1150539280530335,5360,48,734,0.3002922410990861,5.374961168425184,236,37.488425925925924,13.935944901329819,0.8813236550247767,18.81260914356371,0.4411695052568878,36.0,1268352,8.903769814436894,52.592652223631625,26.74233241161166,13.420164327529761,29.34027777777785,0.08614301681518555,12403.427734375,0.013590854,0.0003,5059.331323002003,-45.442085619325994,19636.003284143517,0.2,0.11851851851851852,7330,-0.023440975837271522
0.8564814814814815,29.833333333333332,0.9279328757584383,17.094498630549424,9.048240531953478,8.707557402772165,0.0,-817.3038162000001,24.956779779910914,17.81096745204671,28.472222222222218,0.12463454438471253,5367,48,735,0.29851204512262686,5.381251680622774,236,37.53414351851852,14.13870069582378,0.8816771987521673,18.837136562193827,0.442374839322063,36.0,1270080,9.016204879036078,52.49250757494347,26.752899731721243,13.4646679694255,29.77430555555564,0.13315844535827637,9612.998046875,0.014342506,0.0003,5483.521464072333,-45.43978688275372,16860.650886140047,0.2,0.10787037037037037,7340,-0.0292641028986071
0.8368055555555556,30.277777777777775,0.9204464852112324,16.843323550155304,9.192832429499463,8.096366329483386,0.0,-820.3137454499999,24.989789816595785,17.872462334293814,26.50462962962963,0.11848193747624695,5374,48,736,0.3031773934846007,5.387001923218412,236,37.664351851851855,14.354124791172458,0.8799630058899658,18.86181771802956,0.44482386900230364,36.0,1271808,8.800097038255048,52.44409679609337,26.705366541930278,13.504014673947742,28.993055555555596,0.09316927194595337,11146.525390625,0.009849882,0.0003,6158.006320868598,-45.44083099365234,12827.104759837963,0.2,0.06805555555555555,7350,-0.023545218424664602
0.8339120370370371,30.333333333333332,0.9148683293493531,17.572629115853758,9.1703417777618,8.817560384333495,0.0,-824.8116724500001,25.023130962176797,17.93463626429557,28.819444444444443,0.11875630504440368,5381,48,737,0.30200199980901,5.393368477643311,236,37.79108796296296,14.384726953758465,0.876642536760964,18.8866543086903,0.4487922322623639,36.0,1273536,9.046621769959925,52.450810613884094,26.62022624739686,13.63645823240555,29.767071759259252,0.027095556259155273,11654.5283203125,0.010345631,0.0003,5979.342925092909,-45.454123998571326,18456.36926179109,0.2,0.05260416666666667,7360,-0.02186542528991898
0.8489583333333334,30.722222222222218,0.927614996649732,17.825740686182108,9.293256311965003,8.758372545671081,0.0,-833.3201790400001,25.057161677018044,17.994828932311073,28.703703703703706,0.12105327459620295,5389,48,738,0.30579685558676517,5.3993611580055845,236,37.9212962962963,14.574111828546023,0.87717889369236,18.911641381021077,0.4575983199482623,36.0,1275264,8.897072144909439,52.411777793789135,26.625166774070397,13.91228593649865,29.296875000000007,0.06760215759277344,5835.8603515625,0.0111570675,0.0003,4711.743331711381,-45.47512533399794,18440.185658998842,0.2,0.0630787037037037,7370,-0.022199529319725655
0.8373842592592593,30.666666666666668,0.9208245974683251,17.494880141120795,9.165848642960459,8.580735872941917,0.0,-837.5405815199997,25.090798985044284,17.955921319055374,28.125,0.11878126421512308,5396,48,739,0.30164078598447114,5.405592002938705,236,37.84664351851852,14.54829562521842,0.8738628988454611,18.936531184318717,0.4532022152706107,36.0,1276992,8.992337973248114,52.424638671768555,26.520278846661643,13.754923210495624,29.578993055555557,0.09025412797927856,9894.482421875,0.0118006095,0.0003,6773.8311428211355,-45.47424844812464,13042.066109664353,0.2,0.08362268518518519,7380,-0.02111048409025426
0.8344907407407407,31.194444444444443,0.9175913594380007,17.364975857010485,9.647956142510363,7.725286914467745,0.0,-836.98469973,25.12458842111436,18.002931438270334,25.347222222222218,0.11895832539288591,5403,48,740,0.3181228617381469,5.411447121941289,236,37.9380787037037,14.791732800032376,0.8753266834218548,18.961538512914395,0.45481293025918246,36.0,1278720,8.842047601033807,52.36413021901211,26.564434848315816,13.815774428029968,29.087094907407412,0.07752227783203125,13039.59765625,0.010550261,0.0003,5630.130227406819,-45.47918251885308,17758.55639286748,0.2,0.06527777777777778,7390,-0.025779453009642937
0.8391203703703703,31.34259259259259,0.9147310799592218,18.091155141915806,9.101523614706585,8.920354359480106,0.0,-837.89128936,25.15805893752971,17.972021795705906,29.166666666666668,0.11825727682981602,5411,48,741,0.2996337708160113,5.417566327162569,236,37.88194444444444,14.869277167729114,0.8724061696603508,18.98646856740366,0.45022193759337853,36.0,1280448,8.947682088512094,52.30239440222032,26.47921706235501,13.688206566140268,29.47771990740745,0.06930643320083618,12196.9443359375,0.010546232,0.0003,5548.765501290781,-45.48319384256999,18580.288742404515,0.2,0.06707175925925926,7400,-0.020796429124419338
0.8165509259259259,31.111111111111114,0.9185933839053319,17.54608654483779,9.183366978941239,8.39882088861573,0.0,-835.29934654,25.19138155755222,17.98532474240237,27.430555555555557,0.11587814898805202,5418,48,742,0.30231867965291015,5.423877798994052,236,37.876736111111114,14.763898677280826,0.8751619531909101,19.011431879259664,0.4483439975569265,36.0,1282176,9.024588732593188,52.350602255692344,26.56005656737734,13.629048009003291,29.709201388888797,0.07416737079620361,15283.9541015625,0.011152902,0.0003,4871.139994402285,-45.477799309624565,25243.67788990162,0.2,0.05561342592592593,7410,-0.024572246573451494
0.8512731481481481,30.703703703703706,0.923026686539444,15.868955653149271,9.23486796088097,6.869457157203307,0.0,-837.1268623200001,25.22502354292036,17.94292932961304,22.569444444444443,0.12145080820117951,5425,48,743,0.30370802011606085,5.429529733366861,236,37.80555555555556,14.564630535064994,0.8724070126104856,19.036289202583696,0.4524297973773667,36.0,1283904,8.760773749123453,52.304707645061264,26.48857826659614,13.756794147256521,28.942418981481516,0.08463436365127563,13187.1181640625,0.010758891,0.0003,6227.590692364728,-45.46725848162616,17003.316966869214,0.2,0.05503472222222222,7420,-0.019461636355629672
0.8460648148148148,30.361111111111114,0.9205950675083081,17.269963429554394,9.022980408636881,8.638980790319218,0.0,-841.21469307,25.258911385727608,17.99020643102622,28.35648148148148,0.12233673451172886,5432,48,744,0.2968299434941926,5.43529948323018,236,37.907407407407405,14.408002230598294,0.8780904348312824,19.06126471866126,0.45553652681985385,36.0,1285632,8.807899945327508,52.41961005971449,26.645482436973694,13.855137122898755,29.050925925926002,0.058016419410705566,5264.53076171875,0.013688657,0.0003,5791.264936206959,-45.4734795888265,16798.373032407406,0.2,0.11267361111111111,7430,-0.025636766537058132
0.84375,30.509259259259256,0.9189566853961247,17.056140090243176,9.00936701896278,8.364564041714326,0.0,-845.0585679399999,25.29273303497644,18.03055296270392,27.314814814814813,0.12199380720513521,5439,48,745,0.29624997525340263,5.44185433750208,236,37.998842592592595,14.48220902956607,0.8770348651129458,19.08634110106802,0.4548823215862885,36.0,1287360,9.121941708759932,52.388653675946536,26.61992937792094,13.828659699532196,30.06365740740745,0.06078910827636719,6371.63671875,0.014934678,0.0003,5765.692017731843,-45.480283666540075,17404.718787977432,0.2,0.11927083333333334,7440,-0.02627043885661772
0.8547453703703703,30.314814814814813,0.9278283443602576,16.272932292708422,8.89470109069721,7.805211969956595,0.0,-847.52348621,25.326718396722143,17.99031902930693,25.694444444444443,0.1212337964749684,5446,48,746,0.29302555415353776,5.448350492789298,236,37.917245370370374,14.373019232054618,0.8763173113667536,19.111316898641284,0.4574326057193249,36.0,1289088,9.098462114887207,52.348218485259395,26.6052630645034,13.894144698281812,29.911747685185198,0.10872966051101685,12259.1591796875,0.017692767,0.0003,5210.84159360815,-45.47743290088795,21235.799931278936,0.2,0.14519675925925926,7450,-0.030920481807724744
0.8263888888888888,30.935185185185187,0.9228685579052921,15.841177518935119,9.454119658616163,6.515621557093979,0.0,-846.4060152099999,25.360319040038174,18.03749254601698,21.527777777777775,0.11833511307864414,5454,48,747,0.31111997545359277,5.454325330983432,236,38.004629629629626,14.671436303224977,0.8774684282204593,19.136410630006328,0.45170613322833786,36.0,1290816,8.889935277653496,52.33412064099418,26.63349047844251,13.74025732641203,29.3258101851852,0.08117610216140747,11348.0791015625,0.013963342,0.0003,5992.491580058911,-45.463318535133645,16590.144735604747,0.2,0.12291666666666666,7460,-0.027416808772142285
0.8506944444444444,30.694444444444443,0.9311710346391572,15.85899835251185,9.394345007031854,6.699437771961219,0.0,-844.27747042,25.393634097248633,18.0063808922888,22.10648148148148,0.11918831885678745,5461,48,748,0.30894731188710584,5.460402279618907,236,37.94039351851852,14.565215573518778,0.8768692751752282,19.16142658223705,0.44818700835941666,36.0,1292544,8.930779454190146,52.282262736000725,26.62856436770983,13.626022884182754,29.39814814814816,0.14381557703018188,10991.6787109375,0.010191313,0.0003,6122.11896899188,-45.4576279534234,12402.749952980324,0.2,0.06371527777777777,7470,-0.02283627694921085
0.8425925925925926,30.305555555555557,0.9271110204175321,15.485450415275041,9.286040074623063,6.619250119438104,0.0,-841.4639545700002,25.426919359989437,17.953435433530746,21.875,0.1234445930492822,5468,48,749,0.3051561704159395,5.46612991646198,236,37.836226851851855,14.380160221213876,0.8754136195224452,19.186310170820875,0.448100520739825,36.0,1294272,8.791054737229187,52.28234122530791,26.584720570331555,13.614105096322314,28.971354166666767,0.054315030574798584,10806.580078125,0.009234018,0.0003,5871.791582602042,-45.467314331619825,15004.969986979168,0.2,0.052835648148148145,7480,-0.023124776305458335
0.8344907407407407,31.0,0.9240820983004724,15.967307755905319,9.558340387118916,6.380625625492333,0.0,-841.2052747700001,25.460133647921378,17.925983571806707,21.064814814814813,0.12004789400255975,5475,48,750,0.31432884608455275,5.471681256725121,236,37.795138888888886,14.708967368786404,0.8747859429482837,19.211125129750393,0.44685507785065864,36.0,1296000,8.72053610525674,52.26249451751365,26.568596200588065,13.585715172776142,28.71817129629632,0.09231150150299072,10355.4169921875,0.010163857,0.0003,6261.5459336457425,-45.46397514343262,15327.376473885995,0.2,0.06163194444444445,7490,-0.02321594081715577
0.8541666666666666,31.37037037037037,0.929370858103544,16.495276424221352,9.697816314831977,6.7166336090660534,0.0,-844.2692039499999,25.49371112953153,18.012301478643394,22.222222222222225,0.1237088937827562,5482,48,751,0.31869810653019864,5.477646302776422,236,37.967592592592595,14.880826500323325,0.8767939166985513,19.236155883447,0.4520865423555393,36.0,1297728,8.886018420520275,52.289273791914376,26.63166771481133,13.730992644061212,29.2534722222223,0.11239248514175415,12691.0,0.009605973,0.0003,5659.660432349311,-45.45401506777163,16299.016060836228,0.2,0.05804398148148148,7500,-0.019957843233175853
0.8651620370370371,31.712962962962962,0.9242797816373582,16.826933395541264,9.951367474825563,6.63205751266145,0.0,-846.74730281,25.526955217493526,17.92931945252666,21.990740740740737,0.12448520119977255,5489,48,752,0.3270515825416865,5.48386980838522,236,37.798611111111114,15.043508408054251,0.8778346918784142,19.26097918207832,0.4474954209842674,36.0,1299456,8.989402243519583,52.31866644446137,26.651320032742717,13.597635184798236,29.636863425925938,0.11332821846008301,8345.830078125,0.0104768565,0.0003,6717.7184013084125,-45.460716501871744,17471.83952546296,0.2,0.06915509259259259,7510,-0.02461123126214025
0.8391203703703703,32.24074074074074,0.9183188706267648,17.353785285919407,10.359629696455954,6.269892747628297,0.0,-844.31063657,25.560090852767058,17.97668716892733,20.717592592592595,0.11824431112575676,5497,48,753,0.34060847294486285,5.489640491278879,236,37.88194444444444,15.294155589463456,0.8785086549674475,19.285920900000637,0.44530442057814396,36.0,1301184,8.808273157463754,52.33513218453036,26.666432396612407,13.554254109412396,29.10156250000007,0.07661765813827515,19877.4765625,0.01258495,0.0003,6161.247842039886,-45.471829901801215,19955.606070963542,0.2,0.0697337962962963,7520,-0.021859304094687105
0.8379629629629629,32.31481481481481,0.9233044872459308,17.15992778876996,10.142290710590466,6.482037592610205,0.0,-845.35610064,25.593289057348507,17.939795703014777,21.412037037037038,0.11945031298421267,5504,48,754,0.33406521664442984,5.4958039247451,236,37.80381944444444,15.317637078179494,0.87999027185055,19.310770389258174,0.4467897455963442,36.0,1302912,8.96537338648809,52.3028778885301,26.715168923659046,13.579281832578978,29.5572916666667,0.06626808643341064,15516.7978515625,0.009664052,0.0003,6409.486356042932,-45.46119387591327,23626.780873842592,0.2,0.06070601851851852,7530,-0.024495771649742017
0.8599537037037037,31.527777777777775,0.923758337716865,16.546540079567755,9.881433067965906,6.31251614956549,0.0,-845.48430364,25.62617347222182,17.823989140190754,20.833333333333332,0.12200263229020157,5511,48,755,0.3247541529103345,5.5021568889255175,236,37.5775462962963,14.96510701160185,0.8799535749809865,19.33533036210865,0.44361067261678955,36.0,1304640,9.04118567216726,52.329547212780675,26.709561009145897,13.453765949324547,29.694733796296262,0.0721784234046936,9932.322265625,0.012674745,0.0003,6107.414084427445,-45.43742243448893,16458.321527777778,0.2,0.08171296296296296,7540,-0.026844408069909724
0.8420138888888888,31.583333333333332,0.9213695036146434,16.6742049771957,9.98761586553241,6.257313390821143,0.0,-846.78636334,25.65974974666018,17.873878583155474,20.71759259259259,0.11845647590613005,5518,48,756,0.3281618302640872,5.507814316152421,236,37.66840277777778,14.986589111663292,0.8769121607640088,19.36001505856654,0.4514757780043162,36.0,1306368,8.762970890761627,52.305999084481186,26.616203718652443,13.730509775344117,28.89901620370369,0.10865098237991333,12509.9677734375,0.014225268,0.0003,5315.4392778467245,-45.450682166770655,19088.886335358795,0.2,0.0998263888888889,7550,-0.023521904002323193
0.8420138888888888,31.037037037037038,0.9262985159115892,16.464288973874993,10.03210505500672,5.826391961786286,0.0,-851.5676754499999,25.693201471274968,17.96698761327494,19.212962962962962,0.11875338857662009,5526,48,757,0.32963451085179724,5.513753846312716,236,37.859375,14.732183918868271,0.8749806380942099,19.384932527599727,0.4503986497659875,36.0,1308096,8.875812064118003,52.26813804023001,26.55625845487053,13.680689845915886,29.260706018518484,0.0998886227607727,19411.837890625,0.011829215,0.0003,6363.16019869204,-45.45843459235297,18653.01286892361,0.2,0.07650462962962963,7560,-0.027369030459818464
0.8217592592592593,30.777777777777782,0.9122740339637637,16.09370246230392,9.772949708099915,5.925931100114841,0.0,-853.8439302599999,25.726581707301513,17.991973556475006,19.560185185185187,0.11551260611001049,5533,48,758,0.32067780026127185,5.51948637560967,236,37.907407407407405,14.620752754204005,0.8750058590560785,19.409912461490915,0.44914691582165045,36.0,1309824,8.793011718781585,52.26497941904074,26.55554544081758,13.65209441061745,28.97858796296293,0.09212017059326172,12087.599609375,0.010764895,0.0003,5927.474936930338,-45.44766633775499,14246.251801215278,0.2,0.06620370370370371,7570,-0.0208008317604523
0.8414351851851852,30.37962962962963,0.9215334621251704,15.72270972060996,9.591840347386308,6.087817901920392,0.0,-853.6538717899999,25.75985354109272,17.948628015977643,20.13888888888889,0.12214324354927832,5540,48,759,0.3144652553969988,5.525937883180611,236,37.832175925925924,14.430869373223652,0.8760292284149083,19.43478403153086,0.44812050868643544,36.0,1311552,9.080603028376563,52.25949591186316,26.596552352886153,13.608733516483547,29.904513888888854,0.15413939952850342,13752.001953125,0.014484022,0.0003,4937.342809394554,-45.44309802585178,19437.131105324075,0.2,0.10075231481481481,7580,-0.026617415965086332
0.8663194444444444,30.407407407407405,0.9217932024305566,15.598529253538288,9.458469413637015,6.189665325008036,0.0,-849.43993562,25.79245723582034,17.88778195780947,20.48611111111111,0.12400414376623264,5548,48,760,0.3104400934096129,5.532302056094818,236,37.692129629629626,14.440059839901274,0.8752898838229263,19.459503486425383,0.4384529131745217,36.0,1313280,9.045669165682899,52.26635864649413,26.57350670325199,13.341477891047072,29.788773148148106,0.10404658317565918,13630.787109375,0.011568681,0.0003,6738.186578708225,-45.453349855211044,15585.026244212962,0.2,0.07210648148148148,7590,-0.022190855522812518
0.8489583333333334,30.574074074074076,0.9240433471211039,15.65962932169921,9.462015216522124,5.929925062891474,0.0,-851.5557973400001,25.825703764882924,17.989081425157256,19.560185185185187,0.12476373512725536,5555,48,761,0.31170360478271775,5.538368222517414,236,37.917824074074076,14.497614105177087,0.8746064181115165,19.484476189988275,0.44773817951082895,36.0,1315008,8.926466569037986,52.262906872500196,26.551775947235257,13.598611625033689,29.347511574074115,0.07469189167022705,15907.96484375,0.016256848,0.0003,4656.773487006293,-45.46022891291866,21102.001426866318,0.2,0.12418981481481481,7600,-0.027199689301455186
0.8391203703703703,31.009259259259263,0.9268589203452288,16.015550656990364,9.61640956661299,6.0727352489220365,0.0,-855.9042131099999,25.859046497891292,17.969244572157326,20.02314814814815,0.12221150956049635,5562,48,762,0.3170292881306174,5.544057109565646,236,37.86805555555556,14.699141090377372,0.8742863791020663,19.509399301418668,0.4484420929086304,36.0,1316736,8.77555481929294,52.25770833837756,26.53194631897165,13.637093203346803,28.94965277777774,0.12447482347488403,13726.05078125,0.008854766,0.0003,6500.730364481608,-45.4513143186216,23182.09851345486,0.2,0.052314814814814814,7610,-0.02186228663108691
0.8582175925925926,30.675925925925924,0.9260604472853573,15.867345237084656,9.620076355789012,6.0002949591392545,0.0,-853.9200097,25.891735971261177,17.893401628595697,19.791666666666668,0.12312995447735255,5569,48,763,0.3169378448714844,5.5505288207863055,236,37.71238425925926,14.547268881295645,0.8787509573147497,19.534132805490156,0.4398948645255674,36.0,1318464,9.08868448826392,52.35291477396592,26.66877575087513,13.375789347954148,29.94791666666665,0.07002633810043335,9638.76953125,0.009385293,0.0003,7305.659156855831,-45.44686094213415,12980.727682834202,0.2,0.05358796296296296,7620,-0.021788530355250395
0.8466435185185185,30.712962962962962,0.9221163133272644,15.689706525444775,9.418719635204818,6.325305498560392,0.0,-853.87079589,25.925016623699513,17.93039055938971,20.949074074074073,0.11824213574624716,5577,48,764,0.3100250250241247,5.556456538890721,236,37.792824074074076,14.570986890239958,0.8742825642675426,19.55895878188863,0.4485462706083925,36.0,1320192,8.871087241766157,52.27591161763223,26.52648288939193,13.612260975333804,29.181134259259224,0.11099487543106079,13708.9111328125,0.009144359,0.0003,6545.004177898831,-45.45827874077691,15259.970795355903,0.2,0.04953703703703704,7630,-0.01966609024891147
0.8570601851851852,31.212962962962962,0.9251744016946091,16.138703444089323,9.542412660302764,6.598947766106309,0.0,-855.96767081,25.9579163020694,17.924914967215532,21.875,0.12580775817778206,5584,48,765,0.31434064316992205,5.562651897943333,236,37.760416666666664,14.797343017680253,0.8750257096578458,19.58377106930667,0.442741325045074,36.0,1321920,8.97814362104449,52.30941124320673,26.548427114911615,13.459871347955234,29.60069444444448,0.0975145697593689,7623.703125,0.011200474,0.0003,5840.134158621894,-45.47580471745244,18096.88289026331,0.2,0.0609375,7640,-0.020187587663531303
0.8165509259259259,31.259259259259256,0.9160179729323382,17.274394422459068,9.304288238443144,7.951784005274514,0.0,-856.3993050699999,25.990862976352446,17.98002879563604,26.38888888888889,0.1138048136770362,5591,48,766,0.3064851453259661,5.5690850478208445,236,37.90277777777778,14.818322178741413,0.8810332744698298,19.60872114129576,0.4438431583743679,36.0,1323648,9.073259951004635,52.344256855788444,26.739991839827923,13.478669713218695,29.926215277777754,0.041443705558776855,6646.634765625,0.012025633,0.0003,6761.082579323098,-45.47725917674877,18200.385521556713,0.2,0.08090277777777778,7650,-0.026185404733513242
0.8165509259259259,31.962962962962962,0.9240542306193213,18.065730095250842,9.631525629988262,8.08110109358301,0.0,-860.49003608,26.024161790928886,17.949697748063176,26.85185185185185,0.11803170644067605,5599,48,767,0.3171935368531494,5.575195254728933,236,37.833333333333336,15.153103371679572,0.8819085821647,19.633595385665917,0.4480999086234867,36.0,1325376,8.944082763235308,52.34548547502124,26.75939815052975,13.61952583057601,29.441550925925952,0.11156666278839111,7428.947265625,0.008941944,0.0003,6476.76194239016,-45.50861049228244,13881.66927625868,0.2,0.05480324074074074,7660,-0.02129013853803001
0.8408564814814815,31.537037037037038,0.9268322291197192,16.609366461453707,9.67803112454795,6.779872823856358,0.0,-862.74765667,26.057281502245683,17.9806124710004,22.337962962962962,0.1203477432714615,5606,48,768,0.319283481410579,5.581949376429204,236,37.882523148148145,14.9514625130494,0.8773874761837446,19.658546916843417,0.44558548254077196,36.0,1327104,9.201648680108493,52.263133254285435,26.631583924837102,13.547884526719168,30.338541666666675,0.07828491926193237,15685.3310546875,0.012315039,0.0003,6393.597312870732,-45.51371616787381,16793.3100567853,0.2,0.078125,7670,-0.018673533027025836
0.8559027777777778,31.064814814814813,0.9275254111116491,15.972295157946528,9.535716283657733,6.5088549804825915,0.0,-862.0973827600001,26.090305574429483,17.931789069463488,21.527777777777782,0.12450321730446189,5613,48,769,0.31439888853924786,5.588361493547524,236,37.791666666666664,14.727723893806205,0.876180896454183,19.683376389517075,0.44443589139012857,36.0,1328832,9.064846847327852,52.22153534144567,26.595413981729347,13.5096288735196,29.890046296296205,0.06501317024230957,14335.1416015625,0.009949189,0.0003,6318.881163279216,-45.51506132902922,20718.192397280094,0.2,0.05329861111111111,7680,-0.022190820160149425
0.8501157407407407,31.787037037037035,0.9260007055656362,16.74464613393784,9.904205228255455,6.56604676522315,0.0,-865.9155029299999,26.123826436676676,18.009725754664057,21.64351851851852,0.1245503885364703,5621,48,770,0.3263845729361455,5.594603551443622,236,37.95081018518518,15.074394140459235,0.8788906045810152,19.708400703903735,0.4512673772987776,36.0,1330560,8.996823158439062,52.30573049570402,26.671565675850598,13.708344898877,29.65133101851848,0.05809754133224487,20241.755859375,0.015212164,0.0003,5851.301105442753,-45.514715562043364,20678.030826822916,0.2,0.09189814814814815,7690,-0.025011277802426506
0.8692129629629629,31.324074074074076,0.9277318382750063,16.44208499474515,9.3920460070026,7.007175575343465,0.0,-870.2541124700001,26.157266203230105,18.040918690392783,23.263888888888886,0.1273519233928088,5628,48,771,0.30965091122584193,5.601078303937256,236,38.01793981481482,14.842863412399089,0.8792332818537903,19.733503000629717,0.44947358021430284,36.0,1332288,9.08990099745372,52.31123446780001,26.680536756765804,13.67590662137092,30.013020833333385,0.13947314023971558,13894.5478515625,0.010928887,0.0003,6299.521400819001,-45.523634592692055,19952.183644386572,0.2,0.06579861111111111,7700,-0.0248227323185549
0.875,31.324074074074073,0.9307548798285966,17.288156660008788,9.252027617595914,7.9796247922514665,0.0,-870.1369240300003,26.190625958715238,17.96112249678232,26.50462962962963,0.12371748252501838,5635,48,772,0.30442770308519107,5.607663623585493,236,37.845486111111114,14.856504250161406,0.875851837538578,19.75840580687167,0.4485762047868344,36.0,1334016,9.134127859294775,52.327997138043344,26.58787633946535,13.643902194052849,30.135995370370356,0.06602519750595093,7100.5556640625,0.011018519,0.0003,6274.602602132161,-45.539914222999855,18820.580454282408,0.2,0.06487268518518519,7710,-0.023404423725204886
0.8287037037037037,31.435185185185187,0.9305094014579907,18.040054339542614,9.378701191318406,8.554908977196694,0.0,-871.57757599,26.224035260373828,17.99542097070617,28.472222222222225,0.12196276957523633,5642,48,773,0.3086468378213571,5.614486985762968,236,37.917824074074076,14.906444171027516,0.8808427224608636,19.783394359298438,0.44983196320496915,36.0,1335744,9.2293448709897,52.31060875352514,26.732703063101756,13.663720663435742,30.41811342592587,0.053459107875823975,17905.560546875,0.011430027,0.0003,6390.162388116342,-45.52202330695258,28754.29376446759,0.2,0.07048611111111111,7720,-0.023696005975620615
0.8217592592592593,31.324074074074076,0.920690159810878,17.95583515437867,9.408583602620487,8.484027501931124,0.0,-870.5368728400001,26.25676822703036,17.962827148876308,28.125,0.11906498953828784,5650,48,774,0.3095071272751116,5.621774406256403,236,37.85069444444444,14.863224049827059,0.8809923233646693,19.80830142717063,0.44107869335242333,36.0,1337472,9.414968197374213,52.34145004600433,26.743019560080032,13.393186662612207,30.967881944444418,0.06667262315750122,9109.91015625,0.007840882,0.0003,6814.90838792589,-45.51646485505281,16680.522667100693,0.2,0.03917824074074074,7730,-0.018214390166448775
0.8391203703703703,31.824074074074076,0.926147744388046,17.819703626073967,10.055613400826452,7.4649175334291975,0.0,-873.4481810700001,26.290577417492464,18.078785076226104,24.76851851851852,0.12173503949919683,5657,48,775,0.33088540895643326,5.62771076816071,236,38.088541666666664,15.09917269181832,0.8854679871074999,19.833498389861195,0.45475031725475207,36.0,1339200,8.874544761722674,52.49661391397638,26.86495263280739,13.823676184841299,29.260706018518547,0.06825941801071167,8171.3759765625,0.008974432,0.0003,7249.374185661033,-45.53233977423774,15338.911281105324,0.2,0.060300925925925924,7740,-0.021164706278661335
0.8489583333333334,32.02777777777778,0.9277522878810267,17.288739524986582,10.038858814081776,6.853506303361788,0.0,-878.75985867,26.324018641347276,18.023850434305157,22.800925925925924,0.12271601344929921,5664,48,776,0.33042759726999166,5.6345665262594276,236,37.988425925925924,15.196374407543017,0.8829509884393452,19.858558015946958,0.4501372632749303,36.0,1340928,9.242303239487029,52.455413644676106,26.800719547684295,13.67648954192491,30.4759837962963,0.11698025465011597,5594.0615234375,0.0089067025,0.0003,6855.310489061144,-45.53285600167734,13266.03044885706,0.2,0.04878472222222222,7750,-0.01955559363036796
0.8680555555555556,32.01851851851852,0.9178553852600191,17.781995265586197,9.80147961669715,7.588141439282448,0.0,-878.46212075,26.357515334203036,18.041552976390026,25.23148148148148,0.1255213314583448,5672,48,777,0.3224348577797105,5.641157487981932,236,38.010416666666664,15.192374209606596,0.8808966561451753,19.883661898387935,0.45024420301092766,36.0,1342656,9.136384689001735,52.4816466077996,26.725715087354292,13.698677142303344,30.11429398148157,0.09991830587387085,20389.888671875,0.011541307,0.0003,7006.797132590965,-45.55493357623065,17010.255183015048,0.2,0.07569444444444444,7760,-0.0244853961729893
0.8524305555555556,30.472222222222218,0.9306620474603517,15.616208961819147,9.462544523006278,6.202640861716506,0.0,-879.14299672,26.391159668605912,17.9859253859445,20.48611111111111,0.12392691471216477,5679,48,778,0.3117467233462317,5.647479174501785,236,37.885995370370374,14.45366443881287,0.8762833338137154,19.908626711852797,0.4524569928730632,36.0,1344384,9.028674607941149,52.38956660717304,26.587864572793098,13.757733761149808,29.709201388888896,0.09640973806381226,18802.12890625,0.023393227,0.0003,6582.74643218429,-45.54203222769278,19924.111964699074,0.2,0.17083333333333334,7770,-0.03353779167281808
0.8668981481481481,29.11111111111111,0.9210534184186658,14.152273743050765,8.64365772041016,6.471474455739052,0.0,-875.5411834399998,26.42432004097961,17.882077547435085,21.296296296296298,0.1264286100978871,5686,48,779,0.2849379951238325,5.653475121289835,236,37.67476851851852,13.808616022640607,0.8707552279559309,19.933331905721385,0.44688331041763285,36.0,1346112,8.898378715220046,52.352986976675815,26.4166259810726,13.56414894947907,29.282407407407383,0.0574951171875,8503.5966796875,0.008316364,0.0003,8127.84211324056,-45.51005325317383,16176.989134837962,0.2,0.055497685185185185,7780,-0.022901187107587855
0.8431712962962963,28.805555555555554,0.9188783463917174,14.281650407264634,8.542868158934759,6.885593969265705,0.0,-872.67234284,26.45730627216122,17.86275490878413,22.800925925925927,0.12232231896377828,5694,48,780,0.2817097677309861,5.660115323028134,236,37.638888888888886,13.65318827906417,0.875544055989498,19.957988792993344,0.4439324287113143,36.0,1347840,9.156080695319663,52.37367735129132,26.571322877502862,13.494492472644696,30.164930555555536,0.07543915510177612,14453.83984375,0.0150413085,0.0003,6590.175148801451,-45.49779938591851,19798.74845739294,0.2,0.10665509259259259,7790,-0.028725912432289787
0.8616898148148148,28.31481481481482,0.9246705362205492,13.598059023053448,8.387419953483175,6.575700842833476,0.0,-871.1436881100001,26.490077365821886,17.792108003233363,21.64351851851852,0.1287914189148697,5701,48,781,0.2762354237468,5.666610345175269,236,37.491898148148145,13.434938226736797,0.8769765508956584,19.982469063001428,0.4416516558220697,36.0,1349568,9.098008858854062,52.32504485780782,26.626690454770067,13.408437464266301,29.955150462963015,0.04593533277511597,15448.966796875,0.0073051024,0.0003,6459.6594141924825,-45.48869326556171,25707.54564525463,0.2,0.0431712962962963,7800,-0.01975918666942528
0.8506944444444444,28.472222222222225,0.9153780704674853,13.79448275599466,8.593741637924536,6.072113726100572,0.0,-877.29903923,26.5237691670235,17.94046148273932,20.02314814814815,0.12499715202655917,5708,48,782,0.2833411401629741,5.67302570056125,236,37.81597222222222,13.500741118070124,0.8771681835448422,20.007320216708276,0.45344203597406463,36.0,1351296,9.066142154392454,52.43351147478726,26.623594707169364,13.776720480645247,29.839409722222243,0.04931199550628662,6672.294921875,0.0095576355,0.0003,6838.7803023444285,-45.50364208927861,18288.757318793403,0.2,0.05734953703703704,7810,-0.023765774826622673
0.8298611111111112,27.990740740740744,0.9155032707656381,13.126173738199768,8.133044308463708,6.165846811210254,0.0,-880.4490775800001,26.557015184349623,17.848901753361755,20.25462962962963,0.1224476055380739,5716,48,783,0.2673523762650163,5.678554706381407,236,37.623842592592595,13.29312942973606,0.8679541126384479,20.031942471091682,0.4472626687215261,36.0,1353024,8.71160232806278,52.23605679273245,26.348237135502362,13.598406930449686,28.667534722222285,0.11314928531646729,6788.79296875,0.0067286473,0.0003,6408.854630166513,-45.49346552248354,20937.051616753473,0.2,0.02795138888888889,7820,-0.01748414907294015
0.8547453703703703,28.34259259259259,0.9255115217780058,13.594161776729473,8.426290570037876,6.520516106646473,0.0,-876.3510208800002,26.59030997742672,17.832112465783897,21.412037037037038,0.12819161348207164,5723,48,784,0.2779727090051759,5.684691677599217,236,37.60011574074074,13.447355100045124,0.8759554260536193,20.056522752256143,0.44806900636587627,36.0,1354752,8.954788487124048,52.34584111077948,26.58899021308584,13.617917230839412,29.506655092592663,0.09850865602493286,18056.123046875,0.009720029,0.0003,5681.553545097068,-45.488508747242115,21563.156061921298,0.2,0.05925925925925926,7830,-0.021095376213391623
0.8292824074074074,28.546296296296294,0.9220449792937461,14.003014814495591,8.763826885669232,6.0213003056278325,0.0,-882.1090616999999,26.62382345063635,17.87446006063328,19.791666666666668,0.12393405741369776,5730,48,785,0.28900372441070427,5.690505995441118,236,37.65856481481482,13.53918792882636,0.8804764625204494,20.081208902407727,0.4511434456652939,36.0,1356480,8.825727136760362,52.39836722469202,26.709565250177633,13.70538928385158,29.05092592592588,0.11819112300872803,10964.3876953125,0.011161401,0.0003,6685.173220768681,-45.5081058078342,20283.622840711807,0.2,0.07424768518518518,7840,-0.025211952978538142
0.859375,27.953703703703706,0.9260043776840929,13.120406469097542,8.16869427384905,6.389395088276362,0.0,-884.4210626399998,26.657522429758167,17.882857410790326,20.949074074074073,0.13041118252543824,5738,48,786,0.2698215947056996,5.696441465317199,236,37.69328703703704,13.251712195248492,0.8770521756160136,20.105916045934702,0.4535195530503271,36.0,1358208,8.874187950432438,52.409901298664316,26.606025763984547,13.779591648726194,29.246238425925938,0.12324702739715576,6023.40087890625,0.00788305,0.0003,7348.046419412119,-45.492646860193325,12795.145571108218,0.2,0.04103009259259259,7850,-0.019926415201000594
0.8559027777777778,28.138888888888886,0.9243042992650485,13.766871156609945,8.725320124139591,6.134287526857946,0.0,-881.34213249,26.690208446250693,17.858897665358693,20.25462962962963,0.1265440006900487,5745,48,787,0.2872652520004199,5.70300329930521,236,37.640625,13.341551032470354,0.8842366942585103,20.1305632900981,0.4405164604045704,36.0,1359936,9.124733595204344,52.561335503203225,26.834813422676756,13.374406597009903,30.056423611111114,0.07108849287033081,12276.5009765625,0.01037084,0.0003,6953.81339292173,-45.467929938987446,19510.853839337386,0.2,0.06145833333333333,7860,-0.024469613913377677
0.8466435185185185,27.93518518518518,0.9241136653344774,14.144553177222793,8.210987481462405,7.481587998772706,0.0,-877.35503456,26.72326613436056,17.787798784107352,24.652777777777775,0.12400960537630165,5752,48,788,0.27012631878272025,5.708987336447899,236,37.47858796296296,13.251977696987682,0.8811093227298609,20.155032787058367,0.44468187771115064,36.0,1361664,8.893614857075805,52.507156861446646,26.742581633416233,13.523075243947263,29.26070601851857,0.07656800746917725,11858.103515625,0.011165267,0.0003,6685.056783690276,-45.45284512837728,22531.882190393517,0.2,0.07471064814814815,7870,-0.02756502281839925
0.8483796296296297,27.824074074074076,0.9256650448092444,13.36345965819397,8.444212716600985,6.336034997170102,0.0,-879.11202242,26.756195233656893,17.881055558365144,20.833333333333332,0.12371361004792783,5759,48,789,0.27717129024077797,5.715176982872817,236,37.675925925925924,13.219246941592985,0.8777584982006706,20.17973542595428,0.4434707858171008,36.0,1363392,8.975858569967237,52.416530059451304,26.653336360471787,13.471639718533043,29.535590277777768,0.08052718639373779,8905.1767578125,0.010388957,0.0003,6458.0153680589465,-45.443974346584746,19250.474584056712,0.2,0.06174768518518518,7880,-0.024234229729821286
0.8200231481481481,27.453703703703706,0.914541646841226,13.060087724169096,8.186896826869011,6.634858828569061,0.0,-879.0171718400001,26.788926353828092,17.762009165415964,21.759259259259256,0.12096982531514133,5767,48,790,0.2686576242642828,5.721240255164004,236,37.41840277777778,13.038332068731023,0.8774825625843334,20.204140448867822,0.4405987370703987,36.0,1365120,8.925308916474599,52.3791751842451,26.638761446315936,13.392448068479709,29.383680555555607,0.10681682825088501,11246.1962890625,0.010591972,0.0003,7066.584790886773,-45.45396875452112,20378.60630787037,0.2,0.06869212962962963,7890,-0.023993354563221887
0.8483796296296297,27.564814814814813,0.9199372861165279,13.236749619768158,8.259521110004853,6.702705717816566,0.0,-880.6617916499998,26.82218941455936,17.74085161370653,21.990740740740737,0.12581054100993105,5774,48,791,0.2724076418144817,5.727299674283155,236,37.37731481481482,13.07452279194674,0.876814695615538,20.228492577902088,0.4478484960628685,36.0,1366848,8.923767647660574,52.36929246137004,26.61832087313933,13.605224292507968,29.361979166666703,0.12132161855697632,16850.080078125,0.012672001,0.0003,5847.7682017008465,-45.46242230733235,20013.696166087964,0.2,0.09467592592592593,7900,-0.020897474574546018
0.8541666666666666,27.583333333333332,0.9232768424076275,13.129920907879043,8.35777137543735,6.380083575282076,0.0,-881.87302818,26.855094216083767,17.693415744603247,20.949074074074073,0.12839751924456966,5781,48,792,0.2758987506875615,5.73319453845369,236,37.30671296296296,13.072149532441694,0.8759581839986038,20.252726117263595,0.44345301851193736,36.0,1368576,8.85794566821387,52.374913036891805,26.590365746349548,13.461920609761897,29.13049768518525,0.0726812481880188,7495.2919921875,0.008475639,0.0003,7400.105315709997,-45.46164583276819,18757.443460648148,0.2,0.04832175925925926,7910,-0.020677534473577033
0.8408564814814815,28.166666666666668,0.9182516307097766,13.655428315010164,8.59791971535909,6.106425997888146,0.0,-881.67562363,26.88832411511176,17.769775883509187,20.13888888888889,0.12205281081668926,5788,48,793,0.2832062449344846,5.739179054536007,236,37.432870370370374,13.357508599651075,0.8751951714070882,20.27715055697237,0.4476077397541754,36.0,1370304,8.893806432927006,52.38814039915574,26.55783133094984,13.59195961119712,29.260706018518523,0.03716665506362915,13417.4072265625,0.010402106,0.0003,7059.284552962692,-45.46916204381872,20685.56531937211,0.2,0.06724537037037037,7920,-0.023437628344874138
0.8466435185185185,27.694444444444446,0.9224052048573786,13.133614677680939,8.294463586368709,6.352522760953296,0.0,-889.3017420000002,26.922073144715405,17.796264446107056,20.949074074074073,0.12796361986075397,5796,48,794,0.2731295947457058,5.744909989910292,236,37.50289351851852,13.139151091312229,0.8720273671071719,20.30164121808764,0.4539802416915163,36.0,1372032,8.792374149714293,52.32195613111514,26.46956518523112,13.79961184145742,28.99305555555553,0.10322588682174683,14075.060546875,0.007409855,0.0003,6894.876655493842,-45.46153315791377,21331.38484157986,0.2,0.035416666666666666,7930,-0.020238812940402164
0.8489583333333334,27.925925925925927,0.912089306548996,13.441958757014971,8.259883967686747,6.731497837060484,0.0,-894.63027207,26.955771126806503,17.80698919948613,22.10648148148148,0.12643088648420125,5803,48,795,0.2719789970359692,5.7505701796371556,236,37.52893518518518,13.25057695226774,0.8725534621530727,20.326158691086356,0.4531700325119349,36.0,1373760,8.76407589074538,52.35906139185204,26.48630196676082,13.779192836438677,28.899016203703702,0.07872390747070312,4923.95361328125,0.008120383,0.0003,8031.549223271123,-45.46145461753563,15413.810639105903,0.2,0.04334490740740741,7940,-0.020880953288050712
0.8559027777777778,27.87037037037037,0.9343500228702469,14.058159178175258,8.156245627693067,7.489613261084567,0.0,-894.52119661,26.98912547306997,17.847790495423343,24.652777777777775,0.12949668756917074,5810,48,796,0.2689303542215709,5.756829752749002,236,37.61631944444444,13.212300289397623,0.8794681160935581,20.350778167324915,0.44858450607988787,36.0,1375488,9.003829244738741,52.50515898542383,26.69866678848565,13.641738505386037,29.67303240740746,0.09322589635848999,18566.978515625,0.013874731,0.0003,5009.0394672393795,-45.46431460910373,23047.04010054977,0.2,0.11388888888888889,7950,-0.020381849954180697
0.8420138888888888,27.990740740740744,0.9194587347540355,14.45887538536292,8.153096397212778,7.835484463419999,0.0,-894.2248408899999,27.022642300747417,17.819445285862948,25.810185185185187,0.11985819244498423,5817,48,797,0.2686962052651776,5.762799152189529,236,37.56886574074074,13.270294524730142,0.8773671214557965,20.375326780539574,0.4511317525095527,36.0,1377216,8.887759776210405,52.41743064994426,26.637905039737444,13.70673107097945,29.28964120370375,0.08047497272491455,13576.888671875,0.008780586,0.0003,8604.916665811892,-45.49369710286458,23867.976812065972,0.2,0.055497685185185185,7960,-0.020559102274408495
0.8339120370370371,28.0,0.9234342407387582,15.331091540463268,8.02581282924304,8.825835937670917,0.0,-900.5095991000001,27.05665832347716,17.9489526217732,29.050925925925924,0.12260813129382686,5825,48,798,0.2642407385904061,5.769075319198607,236,37.81481481481482,13.279442773549311,0.8788517771186766,20.400199162094008,0.4576636709143052,36.0,1378944,9.010466803631369,52.4885282950255,26.675392591728777,13.906409091897006,29.665798611111125,0.07892918586730957,7535.61083984375,0.008256677,0.0003,7036.20749963831,-45.505331406769926,14832.035908564814,0.2,0.04363425925925926,7970,-0.019438940002065565
0.8576388888888888,27.953703703703706,0.9262446751856493,16.081928069795424,7.9110311448916635,9.710566944431914,0.0,-903.9064823199998,27.090347283575518,17.87953924353305,31.944444444444446,0.1297171485862289,5832,48,799,0.26047011467561076,5.775420196302037,236,37.6880787037037,13.260329980471846,0.879473943880298,20.424898010202842,0.45346255508131594,36.0,1380672,9.037950841371941,52.46638025193067,26.69860200137911,13.77558403934374,29.781539351851894,0.10306131839752197,13378.0537109375,0.0058165407,0.0003,7499.589864377623,-45.53250406053331,13124.565055338542,0.2,0.01875,7980,-0.016229836101195327
0.8460648148148148,28.083333333333332,0.929490837894816,16.097913347429966,8.277544300028339,9.297464521614097,0.0,-905.7576728299999,27.124270933724034,17.94694232533548,30.555555555555557,0.1275650849439589,5839,48,800,0.27267840056421816,5.782096292888864,236,37.81886574074074,13.322904525787527,0.886943227885857,20.44976536601618,0.45710198177215355,36.0,1382400,9.170438634730822,52.68688463770093,26.933722266273417,13.869460059406393,30.128761574074126,0.10433012247085571,14193.6552734375,0.00871272,0.0003,7254.586640506321,-45.52840013857241,17974.148253038195,0.2,0.04560185185185185,7990,-0.020325339194042263
0.8472222222222222,28.87037037037037,0.9214078512826278,15.431958798253353,9.131700115630276,7.389484981094676,0.0,-908.67216252,27.158368475011674,17.85464620104481,24.421296296296294,0.12294028309988857,5846,48,801,0.29981837764121894,5.7878800911933315,236,37.63368055555556,13.710773701528401,0.8796595429434059,20.474401981518792,0.4587220380813065,36.0,1384128,8.813519321786972,52.47557921708184,26.69211120528222,13.939016515056068,29.043692129629626,0.10185062885284424,9612.7373046875,0.009140927,0.0003,8205.321063797563,-45.54399333530002,12618.932250072337,0.2,0.046875,8000,-0.01790362327463097
0.8339120370370371,29.185185185185187,0.9173198696430804,16.855373394316928,8.725620471467314,9.058098068826505,0.0,-912.27882679,27.192714360704507,17.98389879696954,29.97685185185185,0.11894031801597228,5853,48,802,0.2860463214071845,5.79363784723716,236,37.892361111111114,13.871654854023108,0.8782117533921069,20.499361728511214,0.461473372667029,36.0,1385856,8.803102417531335,52.474553274431116,26.6482472033037,14.038354277132676,28.99305555555563,0.06400585174560547,14128.9482421875,0.011929252,0.0003,6846.449546474881,-45.5266852484809,20302.118487774886,0.2,0.09010416666666667,8010,-0.027666576733571237
0.8304398148148148,28.787037037037038,0.9193210999085955,17.318881595195815,8.341699920553348,10.10391746270106,0.0,-909.4101778899999,27.226428016369223,17.801202137588213,33.333333333333336,0.12059506443118458,5860,48,803,0.27376527293559755,5.800002935898922,236,37.51793981481482,13.673264211941408,0.8817711378663696,20.523864733855184,0.4538421171924243,36.0,1387584,9.046035464704733,52.492695892382336,26.765268885797493,13.785462265885782,29.774305555555635,0.0833025574684143,14244.1044921875,0.009854274,0.0003,6847.014683165374,-45.530667029486764,22339.13796657986,0.2,0.06574074074074074,8020,-0.023732822701438432
0.8773148148148148,29.453703703703706,0.9231635000100554,18.702262647835887,8.414412852428773,11.104465353246146,0.0,-909.4421300500003,27.26060952548102,17.890439966073853,36.68981481481481,0.12851856555382085,5868,48,804,0.2763290789639185,5.805712259130757,236,37.7037037037037,13.983384442160968,0.8832367229441469,20.54859083377037,0.45907734394749183,36.0,1389312,8.783729292733755,52.55104904794689,26.81552414744725,13.972603644718989,28.942418981481527,0.04364144802093506,13809.4072265625,0.0074325036,0.0003,6878.670189977575,-45.540511491563585,16335.089359085649,0.2,0.034837962962962966,8030,-0.018285294970566475
0.8431712962962963,29.10185185185185,0.9207155531073415,17.562106928205985,8.579960332731568,9.968436829286157,0.0,-913.9546023400002,27.29468426007649,17.93002686598025,32.754629629629626,0.12310515172081049,5875,48,805,0.2827201318675839,5.811875467314595,236,37.785300925925924,13.81370976618826,0.8810734776759116,20.57341590093532,0.45866037723899433,36.0,1391040,8.965283273535084,52.483295606597885,26.745307165656964,13.929893838188333,29.52835648148149,0.09748351573944092,8666.4404296875,0.00971003,0.0003,6843.855871977629,-45.53234497352883,20595.23316695602,0.2,0.06145833333333333,8040,-0.026113032223656775
0.8813657407407407,29.39814814814815,0.9166858804116986,16.21407682515602,9.589110180223424,7.47842002798081,0.0,-912.0418198599999,27.328519707748047,17.798957391145347,24.537037037037038,0.1331080191100265,5882,48,806,0.31646179411432146,5.817965773332683,236,37.50694444444444,13.946546616951787,0.8897527756543305,20.597913294413182,0.45420127751473155,36.0,1392768,8.936122407235503,52.62869276653762,27.010424661096767,13.834179068622296,29.477719907407455,0.09519714117050171,13703.14453125,0.008545915,0.0003,7355.882042298494,-45.521026851512765,16523.35171983507,0.2,0.04241898148148148,8050,-0.01997547175873209
0.8738425925925926,28.84259259259259,0.9203718146715842,16.005073834757855,8.87663380340002,8.243980274971483,0.0,-907.7871604500001,27.361914042024623,17.83706989294084,26.96759259259259,0.12572638381212645,5889,48,807,0.29299625940534524,5.824113640351642,236,37.58506944444444,13.684459756386353,0.8808608411170686,20.622505969145536,0.4495256858795938,36.0,1394496,8.959146807583362,52.49694419797214,26.74649084128862,13.657733710630518,29.535590277777775,0.10573548078536987,11816.3232421875,0.015171696,0.0003,5876.844640406855,-45.514239968193905,22656.396788194445,0.2,0.10972222222222222,8060,-0.02525890253967157
0.8767361111111112,29.462962962962962,0.9216127269384965,17.245026887190114,8.89529302147356,9.170932855655876,0.0,-908.7424726900001,27.395453698238175,17.903946499706034,30.324074074074076,0.13175934734199063,5896,48,808,0.292760590159323,5.830404666400607,236,37.72858796296296,13.978801010060678,0.8840621625389217,20.6472658353948,0.45079526749216753,36.0,1396224,9.01641041958632,52.50982683182449,26.83085578208137,13.715862485420791,29.796006944444496,0.058141112327575684,22135.677734375,0.009428785,0.0003,6233.469575684159,-45.53252700523094,30256.8912109375,0.2,0.059953703703703703,8070,-0.022686248888365096
0.8703703703703703,29.287037037037038,0.9270189121309043,18.358465069453498,8.438614110767366,10.819118657757116,0.0,-912.3112727700001,27.429082687075386,17.94605586289584,35.53240740740741,0.12846454423039133,5904,48,809,0.2779700749713483,5.836805703608444,236,37.8287037037037,13.900732300929016,0.881970610534684,20.672130975052042,0.4530229971294237,36.0,1397952,9.060414883134849,52.55319261220117,26.775143400448428,13.751595534885162,29.85387731481481,0.11359858512878418,7273.58642578125,0.013490714,0.0003,6692.088967952021,-45.53684337757252,19846.526441333914,0.2,0.10439814814814814,8080,-0.026698319317290078
0.8611111111111112,29.435185185185187,0.92292105985477,18.41219138884012,8.47237191747184,10.765455851574847,0.0,-918.2185451800001,27.4631393537282,17.988768326917327,35.416666666666664,0.12659480273091978,5911,48,810,0.2787876380860454,5.842882388915115,236,37.917824074074076,13.974363619793435,0.8810755266036994,20.697102895869335,0.4588472473750007,36.0,1399680,8.930674122668071,52.544194090981385,26.760110716892797,13.922666661125142,29.37644675925926,0.07166880369186401,14698.462890625,0.010407756,0.0003,7511.97421514723,-45.533754165084275,26762.851927806714,0.2,0.05677083333333333,8090,-0.023199999016813105
0.8663194444444444,29.175925925925927,0.9299219037687071,18.332096771881744,7.848301045458366,11.443895487585193,0.0,-918.70927492,27.496751478042267,17.873152474919422,37.61574074074074,0.1298437944873197,5918,48,811,0.2586833760578255,5.849372952555819,236,37.651041666666664,13.839900238838185,0.87656843580395,20.721785777056635,0.45203661043724647,36.0,1401408,9.096225456281635,52.41067494573981,26.609512087549604,13.744849725627185,30.00578703703715,0.11227494478225708,9617.046875,0.007945039,0.0003,8604.41927693685,-45.53539650528519,11319.338160083911,0.2,0.037905092592592594,8100,-0.019151540393768637
0.8651620370370371,29.166666666666668,0.9228475452526003,18.04975174665143,8.335373820598038,10.686010884361329,0.0,-918.0643254399998,27.530470514881326,17.937928802340966,35.18518518518519,0.12768985437153818,5925,48,812,0.27498256022461826,5.855838111811833,236,37.804976851851855,13.828367041692063,0.8822673571952798,20.746630599062488,0.45441698064648856,36.0,1403136,9.086063702405704,52.50356345065222,26.78503835605379,13.787614735624139,29.89728009259267,0.16323769092559814,11603.91796875,0.007500296,0.0003,8022.517591179741,-45.545900938245985,12263.146493417245,0.2,0.02795138888888889,8110,-0.01789001714507187
0.8657407407407407,28.462962962962962,0.9229858400982262,17.987009071529798,7.811007142111161,11.484780143375517,0.0,-917.9021801000001,27.56395107728499,17.859056410169508,37.84722222222222,0.12763390130960206,5932,48,813,0.25767494622372145,5.862418636155803,236,37.63715277777778,13.491221786043122,0.8817003361549101,20.771278240087913,0.4505339177716579,36.0,1404864,9.132209737587912,52.58477518149552,26.753589038663808,13.692224961465925,30.034722222222253,0.09849119186401367,9649.552734375,0.012351591,0.0003,6873.199446996053,-45.53655394094962,21433.966670283564,0.2,0.06828703703703703,8120,-0.021821963528378143
0.8651620370370371,28.296296296296294,0.9243139826862353,15.90014942480523,8.447853792956227,8.83759115010271,0.0,-917.68825173,27.597793401847778,17.81962024251757,29.166666666666668,0.12892416960188538,5940,48,814,0.2785298758829491,5.8681866076998555,236,37.563657407407405,13.414704481746293,0.8796164480694614,20.795827290694206,0.45556790739183367,36.0,1406592,8.807188617620989,52.47515834121888,26.691601404748003,13.83692982511517,29.03645833333335,0.09834796190261841,9208.6201171875,0.012238711,0.0003,7172.5252081977,-45.516263481422705,19804.952119502315,0.2,0.0738425925925926,8130,-0.023423786825258974
0.8674768518518519,28.287037037037038,0.9135262848264091,15.765188000206374,8.491638917762648,8.65548747837815,0.0,-920.8938513299998,27.631714323612094,17.868055693520038,28.472222222222218,0.12646494557704652,5947,48,815,0.279812136215749,5.874221436173913,236,37.66608796296296,13.418061604065576,0.875685196987421,20.820497429928007,0.4568479904207432,36.0,1408320,8.9139313896232,52.46477505454794,26.580585754897708,13.868368705726432,29.318576388888875,0.06241452693939209,11905.32421875,0.010220139,0.0003,6950.371331532796,-45.502419266877354,21373.430870225693,0.2,0.062094907407407404,8140,-0.024678556269241703
0.8315972222222222,28.62037037037037,0.9180974057785912,15.612758576331416,8.655912123131168,8.188920033179144,0.0,-920.1877924400001,27.665573888956132,17.747013063283955,26.96759259259259,0.12169439845575933,5954,48,816,0.28526585656936987,5.879974214052563,236,37.404513888888886,13.567926420021104,0.879135228756649,20.844864962586218,0.45526196360818,36.0,1410048,8.801111151459818,52.50408363939432,26.686404664095857,13.843826137615622,29.029224537037045,0.08554643392562866,22376.37109375,0.014447319,0.0003,6145.669648742676,-45.505587584884076,25647.424775752315,0.2,0.08755787037037037,8150,-0.022392691352784082
0.8408564814814815,28.833333333333332,0.9193079561214312,15.11611994751251,9.023225568079765,7.214157161578889,0.0,-926.8323632999999,27.7000659765363,17.92839759627555,23.72685185185185,0.12233378543790109,5961,48,817,0.2972134828137563,5.885844153137288,236,37.78993055555556,13.678737217853858,0.8722533468031689,20.869685956576905,0.46456495108993345,36.0,1411776,8.847975633890007,52.326000621081654,26.478135339136987,14.096835032067196,29.152199074074087,0.07787525653839111,16703.033203125,0.007396936,0.0003,7691.33891313341,-45.502837060998985,32679.264409722222,0.2,0.03512731481481481,8160,-0.01722194799394519
0.8506944444444444,28.62962962962963,0.9127756082010838,15.579391632570022,8.792139453453684,8.011632652227226,0.0,-930.8021869499999,27.73397829303122,17.810785027027595,26.38888888888889,0.12576003752075313,5968,48,818,0.2899483418936042,5.892208878774357,236,37.539351851851855,13.575619526889113,0.8755734918098748,20.894212919144476,0.45685165140880707,36.0,1413504,9.045890254827563,52.42334840220045,26.56863500066098,13.864926597968237,29.730902777777835,0.10902822017669678,9758.048828125,0.011234825,0.0003,6801.054309110288,-45.50792119061505,19211.834519675926,0.2,0.06533564814814814,8170,-0.02319933201738254
0.8495370370370371,28.824074074074076,0.9168294702416339,15.01370666810538,9.146273675990814,6.992805898107169,0.0,-928.2265303700001,27.76806609370461,17.88999646619347,23.03240740740741,0.12346512650819039,5975,48,819,0.30119077165163705,5.898218999531982,236,37.713541666666664,13.674627094007397,0.8738811260530953,20.91893791030996,0.4583125967494347,36.0,1415232,8.904048303049743,52.387567753870265,26.536327370172273,13.935120269356295,29.33304398148151,0.04066300392150879,17428.998046875,0.011284899,0.0003,6979.561764738295,-45.503594970703126,27698.458608217592,0.2,0.07013888888888889,8180,-0.024406481915395017
0.8466435185185185,28.64814814814815,0.9233344933558741,15.123423280384154,8.846331970173331,7.487487460163698,0.0,-928.1829200700001,27.801789113257392,17.784051309966667,24.537037037037038,0.12629955053409656,5983,48,820,0.2920033730228963,5.903843886710147,236,37.48668981481482,13.589603850047125,0.8760298845047422,20.943398038584878,0.4545904957194629,36.0,1416960,8.749954871266402,52.38384290021691,26.587979019557952,13.78920782111244,28.826678240740822,0.12592214345932007,8493.8955078125,0.01385716,0.0003,6445.323443773058,-45.496641879611545,23836.256101707175,0.2,0.0912037037037037,8190,-0.021888154160438312
0.8587962962962963,29.37037037037037,0.9189232115373618,16.896958314127676,8.958533538410778,8.80141185166532,0.0,-927.6971144299999,27.835624310457007,17.972069610257105,28.935185185185187,0.12768172974941822,5990,48,821,0.29503363762751517,5.910026934847266,236,37.869791666666664,13.93701292405158,0.8773039393516551,20.96832821261052,0.4553874267397697,36.0,1418688,8.97321925484749,52.38649503392637,26.65337409315278,13.834078879845341,29.53559027777787,0.07414895296096802,21474.431640625,0.016536912,0.0003,6666.685260970504,-45.49657800462511,28890.709483506944,0.2,0.10445601851851852,8200,-0.024640242687288535
0.8541666666666666,29.185185185185187,0.9197030460935218,16.83639303712323,8.797048820346633,8.990202675232974,0.0,-931.85464741,27.869483719652813,17.941679907892752,29.513888888888886,0.12697742564079179,5997,48,822,0.2899849793004542,5.9165376298844174,236,37.81886574074074,13.849141541543625,0.8773904400950077,20.99318241238025,0.45599071425609655,36.0,1420416,9.104278014860588,52.35079075259468,26.642539396544596,13.843763678322636,29.933449074074137,0.07073569297790527,15745.43359375,0.009605133,0.0003,8038.626911417643,-45.497005971272785,17668.432090928818,0.2,0.05144675925925926,8210,-0.023625628443227874
0.8489583333333334,29.333333333333332,0.9244029122314801,17.055122560984106,8.909053511893422,9.022772889000885,0.0,-933.59282366,27.903606146552278,17.8930010103559,29.513888888888886,0.1246831141857302,6004,48,823,0.29375639057991215,5.922611646314953,236,37.698495370370374,13.9232961600898,0.8757102321654496,21.01791491490614,0.4590307108075988,36.0,1422144,8.92960657221422,52.34039105577738,26.588473087396498,13.948970759785938,29.37644675925929,0.12155687808990479,11993.5546875,0.009528743,0.0003,7448.831927377207,-45.495477478592484,17257.928092447917,0.2,0.04936342592592593,8220,-0.02157929974987551
0.8501157407407407,28.833333333333332,0.9223337701657477,16.200585574814948,8.798487555709755,8.515279391932308,0.0,-935.55775956,27.937732814146457,17.88751774545379,27.89351851851852,0.12885466539024543,6011,48,824,0.2899719756767401,5.928958347826746,236,37.68981481481482,13.686818627172885,0.8827885569515715,21.042633709269776,0.45917606669125494,36.0,1423872,9.038680604717117,52.53855882794997,26.808599561105865,13.950667037672451,29.709201388888943,0.05579078197479248,11245.3642578125,0.015681641,0.0003,6973.742555363973,-45.49666670340079,23686.03236400463,0.2,0.10324074074074074,8230,-0.028580684899524957
0.8489583333333334,28.65740740740741,0.9258296025864257,16.133522194946863,8.596067972157357,8.737437912903113,0.0,-941.0621993700001,27.972237665289825,17.948439863379587,28.703703703703706,0.1235292669353174,6019,48,825,0.28301275570935147,5.934908357984274,236,37.833333333333336,13.600016309886392,0.8790903969693903,21.067504808928224,0.46437551586646547,36.0,1425600,8.880004063011274,52.42620204020307,26.694245830005826,14.101940457347494,29.239004629629637,0.1299893856048584,18219.423828125,0.008961154,0.0003,7761.241860665215,-45.48964973732277,28193.417107928242,0.2,0.05758101851851852,8240,-0.024694200443034924
0.8512731481481481,28.777777777777782,0.9185295483921107,17.040562448929954,8.376714339109503,9.791938509013404,0.0,-941.9900653100001,28.006186493159532,17.97914177505099,32.175925925925924,0.12414693984708833,6026,48,826,0.27544629237897017,5.941143887619356,236,37.880208333333336,13.67190960080705,0.880340339466971,21.09245266336585,0.45592586437031946,36.0,1427328,8.994211854032727,52.49127228278146,26.736079167447453,13.879531147883121,29.636863425925952,0.09066367149353027,12747.3759765625,0.009967743,0.0003,7244.660483240198,-45.508420096503365,18830.235543258103,0.2,0.056712962962962965,8250,-0.021828954032173862
0.8767361111111112,29.09259259259259,0.9255346190411197,17.826324057289927,8.350282663844595,10.456102079554954,0.0,-934.9279670499999,28.039778384185276,17.845042307526434,34.375,0.1314252773562329,6033,48,827,0.2741202448063671,5.94729889493684,236,37.59375,13.819939313890378,0.8792605946915729,21.117065269134667,0.4524369759906208,36.0,1429056,8.96200292699362,52.47014277774334,26.706544844094083,13.736756410298028,29.49218749999996,0.11144834756851196,16865.912109375,0.009484766,0.0003,7348.5158635174785,-45.48668489809389,23790.52523509838,0.2,0.06863425925925926,8260,-0.02539525874890387
0.8512731481481481,28.84259259259259,0.9212890373546045,17.37622463152767,8.496981075309764,9.992166180901489,0.0,-932.87912622,28.073347552371764,17.90959684980287,32.754629629629626,0.12700357605005416,6040,48,828,0.2798595663230001,5.953562469346033,236,37.7494212962963,13.68707737531642,0.8779222381080577,21.141839261259175,0.4514262470836908,36.0,1430784,9.005429763677258,52.5045707570745,26.64529029975068,13.727667274595653,29.7092013888889,0.06034725904464722,21130.716796875,0.010941435,0.0003,7478.730955759685,-45.48358294169108,22228.39701425058,0.2,0.07181712962962963,8270,-0.021667112617029083
0.8622685185185185,29.037037037037038,0.9252787997815571,17.695864517012595,8.224996375820124,10.483497861138092,0.0,-938.9744224599999,28.10754580136957,17.938194686736814,34.49074074074074,0.12965404442049366,6047,48,829,0.2704405685982622,5.959256633320283,236,37.80324074074074,13.78737028005438,0.8819050615141651,21.166684747976017,0.459854714880716,36.0,1432512,8.777665589700002,52.60320864656856,26.763453185853468,13.979299599122983,28.85561342592593,0.10335958003997803,11401.5595703125,0.0086214,0.0003,7955.744729331687,-45.48565306486907,19905.840053530093,0.2,0.041840277777777775,8280,-0.020689481241559542
0.8645833333333334,28.51851851851852,0.924413290395017,16.534466744411052,8.221217113498895,9.570118265255196,0.0,-941.48819596,28.14143469434129,17.871626550954414,31.481481481481485,0.12571694863637167,6055,48,830,0.27032077570006424,5.96533264273121,236,37.66608796296296,13.543131365656961,0.874799649691521,21.1913638143534,0.4560765407271314,36.0,1434240,8.93040376437044,52.44731267522616,26.56643058910753,13.85555718868651,29.361979166666735,0.09180748462677002,19640.14453125,0.009225337,0.0003,8194.098116839374,-45.48367710819951,16453.69498155382,0.2,0.05752314814814815,8290,-0.02405518899085345
0.859375,27.84259259259259,0.9296675168858366,15.208351664171436,8.233609058740287,8.554462422872675,0.0,-935.76578092,28.17454590026615,17.88769881351251,28.125,0.12620561659180493,6062,48,831,0.2709189254703017,5.971313092089033,236,37.708333333333336,13.220280182558474,0.8771048801244726,21.216083061387184,0.44627459300592237,36.0,1435968,8.892179743129303,52.58034716985187,26.638639896665655,13.544482369944824,29.318576388888935,0.08054417371749878,12813.025390625,0.007904106,0.0003,7889.968599531386,-45.47655287848578,20646.645160590277,0.2,0.03854166666666667,8300,-0.019211437018519198
0.8396990740740741,28.39814814814815,0.913910598350011,17.11689662976049,8.11937364026902,10.329315670084748,0.0,-937.6354063900002,28.208577816479572,17.84302227704831,33.91203703703704,0.12250849825184472,6069,48,832,0.267821383774785,5.977087056311295,236,37.60300925925926,13.468207319406725,0.8773305783384471,21.240690617079807,0.4579913759460814,36.0,1437696,8.809585688905175,52.55320940801693,26.64019938749991,13.912766485368875,28.98582175925928,0.0820624828338623,19530.8828125,0.009562122,0.0003,7971.108233133952,-45.49140715422454,19879.50939850984,0.2,0.05590277777777778,8310,-0.021632454546030473
0.8443287037037037,28.85185185185185,0.9139211728674376,17.851401610817,8.173626559771629,10.781703642282688,0.0,-944.1312099299997,28.242558522902875,17.903763458271253,35.532407407407405,0.12537491300994907,6076,48,833,0.2687015861681325,5.983107277276011,236,37.73784722222222,13.696071408762684,0.8807180727489543,21.265450025725485,0.45791938845451097,36.0,1439424,8.908088385886344,52.62006756439839,26.73663640879597,13.892282569321702,29.34027777777785,0.11346495151519775,16907.43359375,0.014577057,0.0003,6886.876000157109,-45.501373319272645,18328.480107060186,0.2,0.07696759259259259,8320,-0.023823229076892688
0.875,29.212962962962962,0.9306089619652723,17.451130470684397,8.440956554955758,9.950532869761657,0.0,-944.4563457299998,28.27630503927918,17.88165642560689,32.870370370370374,0.13036160180627956,6083,48,834,0.2777633342047949,5.989172461094894,236,37.67881944444444,13.859641045966981,0.8816312004756136,21.290154166789502,0.4538599664870031,36.0,1441152,8.926073527552997,52.582795109067355,26.773090978529268,13.798606550521507,29.37644675925928,0.06781148910522461,15605.3515625,0.014288395,0.0003,7359.233351050483,-45.50929219281232,22233.092513020834,0.2,0.09704861111111111,8330,-0.02556474217282677
0.8674768518518519,28.37037037037037,0.9175444144306665,17.87921487404244,7.761058125827894,11.45728191887329,0.0,-938.6549187400001,28.309328590462457,17.872248850945947,37.731481481481474,0.1303014439604987,6090,48,835,0.2554635525774544,5.995748650618103,236,37.670138888888886,13.460874829341252,0.882550074549263,21.31483478891687,0.44496028539660526,36.0,1442880,9.13047580928363,52.616339038911114,26.80349973106874,13.509420473310202,30.099826388888975,0.061341822147369385,15033.693359375,0.009803735,0.0003,7876.342767602426,-45.50948055408619,24879.340317563656,0.2,0.05619212962962963,8340,-0.022198704264506146
0.8350694444444444,28.48148148148148,0.9214895324217942,17.357061371343598,7.954315296676616,10.689939197466183,0.0,-939.0123398000001,28.342786339237243,17.91647106810488,35.30092592592593,0.11960041978543375,6098,48,836,0.261955982133362,6.00218245965048,236,37.72743055555556,13.512806877200797,0.8746773410508172,21.339625966587132,0.4497920312390106,36.0,1444608,9.073523612950495,52.46261592826022,26.56562081357121,13.683099509913975,29.911747685185233,0.07387429475784302,13210.4072265625,0.00895493,0.0003,7053.915287159108,-45.511465510615594,21857.51704644097,0.2,0.0509837962962963,8350,-0.021236559541689026
0.8582175925925926,28.23148148148148,0.9201158112704683,16.814286109029972,8.038869346237936,10.171878745244845,0.0,-943.7392514999999,28.376472649249045,17.851944655734986,33.56481481481482,0.1284188944912604,6105,48,837,0.26415910451017527,6.0085606074716935,236,37.629629629629626,13.403538017547193,0.8808318025932795,21.36425582822647,0.45307451772451446,36.0,1446336,9.051259128485446,52.56204749694775,26.7496142530447,13.774524004720966,29.875578703703717,0.07255274057388306,9794.857421875,0.007277391,0.0003,7373.315769082528,-45.51279613353588,22073.641974103008,0.2,0.030381944444444444,8360,-0.017487427412911698
0.8252314814814815,28.64814814814815,0.9191425225028526,16.585804276435102,8.16477577448972,9.621885969989888,0.0,-944.7245752299999,28.40996201013903,17.829075479160906,31.712962962962962,0.11922095010358852,6112,48,838,0.26862636746249624,6.014754961785856,236,37.572916666666664,13.599142531955493,0.8770153074344891,21.38882851692437,0.450795749762058,36.0,1448064,8.977741725665078,52.512554635395155,26.625659306330448,13.69574435599416,29.578993055555625,0.0846591591835022,16152.375,0.011039288,0.0003,7045.939533600984,-45.503073953699186,24272.763017216435,0.2,0.07395833333333333,8370,-0.022168000224391343
0.8217592592592593,28.916666666666668,0.916335640409933,16.80085157419188,8.422034161183062,9.448750355833608,0.0,-943.2116569899999,28.44323736299113,17.815130530808435,31.134259259259263,0.1185821580756426,6119,48,839,0.27706573485340386,6.020989112235654,236,37.54340277777778,13.730067057175214,0.8799430500797003,21.41336634325139,0.44821795449898816,36.0,1449792,8.993660179918857,52.6099676019611,26.73313473383533,13.610141140840168,29.60792824074074,0.04548460245132446,16505.201171875,0.01246102,0.0003,6892.550213510019,-45.49391273215965,25893.483684172454,0.2,0.10260416666666666,8380,-0.023337170821442096
0.8344907407407407,28.962962962962962,0.9279503987337869,16.766404357911863,8.399984909570971,9.418844916975347,0.0,-945.2604818699999,28.476976883426104,17.86566602054621,31.01851851851852,0.12148397419860918,6127,48,840,0.27647131594995755,6.027167688359024,236,37.645833333333336,13.747574531365546,0.8779392862485085,21.438030508302756,0.45432012872684485,36.0,1451520,8.971430449348059,52.58185005534195,26.673182287756756,13.795808173989442,29.550057870370406,0.07033485174179077,16404.4453125,0.01071204,0.0003,7497.92300424929,-45.49618075335467,23152.158850549768,0.2,0.07037037037037037,8390,-0.02269687356289338
0.8466435185185185,29.277777777777782,0.9238749659154949,16.8309398526127,8.475862782678783,9.259244478104137,0.0,-950.7703453800001,28.51049618087511,18.029524228367027,30.43981481481482,0.12290399759758007,6134,48,841,0.27921787342165305,6.0335782963428715,236,38.00868055555556,13.895832591829782,0.8799014761062667,21.463104318873672,0.45199752288552386,36.0,1453248,9.064243193538816,52.554319218338726,26.734975264691716,13.707718979601443,29.781539351851848,0.047919631004333496,10855.609375,0.0060742465,0.0003,9045.735571741176,-45.49946506641529,14468.05794632523,0.2,0.025,8400,-0.0167077639243669
0.8622685185185185,30.12037037037037,0.9211487903495651,17.840673059827274,9.032709073118147,9.30590590938201,0.0,-949.27092128,28.543998456862443,17.815572788207557,30.671296296296294,0.1283766614183559,6141,48,842,0.29699169828622596,6.039260352755786,236,37.54050925925926,14.302058077327116,0.8825248818282838,21.48764325084419,0.4509019289706262,36.0,1454976,8.772822565165873,52.65120256172245,26.80034248096223,13.700910394933866,28.899016203703724,0.06344342231750488,15070.0712890625,0.011029627,0.0003,8153.421594407823,-45.51237839592828,18009.47435257523,0.2,0.07152777777777777,8410,-0.023518007664285877
0.8501157407407407,30.583333333333332,0.9191228176960203,17.89187365260813,9.268208394317595,8.910252059793395,0.0,-952.72701531,28.578247936596266,17.9362643261152,29.398148148148152,0.12025906777591558,6148,48,843,0.3052672471998381,6.045112536282596,236,37.80324074074074,14.51341319849714,0.8790404965228144,21.512483911659476,0.46030435446487983,36.0,1456704,8.840873410723868,52.591191697274944,26.684045667065458,13.999791893529663,29.15943287037035,0.035354435443878174,16710.51953125,0.012518863,0.0003,7357.179931584111,-45.512414338853624,27772.33429542824,0.2,0.09675925925925925,8420,-0.02570482420010699
0.8038194444444444,30.314814814814813,0.91423513749925,17.32017324889351,8.941967812954205,8.798134323861921,0.0,-954.7543358999999,28.612012695668145,17.777555653092136,29.050925925925924,0.12017138518107907,6155,48,844,0.29425831339785985,6.050755202467267,236,37.458333333333336,14.380071112077383,0.8806318344102797,21.536927800792206,0.4539708491804643,36.0,1458432,8.757066473868296,52.55676735401323,26.74385417315553,13.805903628751977,28.86284722222218,0.07787978649139404,14075.455078125,0.012590515,0.0003,8408.676195865208,-45.49528534500687,23712.436281105325,0.2,0.08055555555555556,8430,-0.022299677005934493
0.8599537037037037,30.824074074074076,0.9249584557337224,17.7815403665657,9.217422115297312,8.73683698464446,0.0,-955.85445439,28.646063249951617,17.959358248409604,28.819444444444446,0.12666893708935487,6162,48,845,0.3034675248100763,6.056963282593177,236,37.85648148148148,14.62728126662393,0.8852458651747424,21.56182619641323,0.45832906175332133,36.0,1460160,8.983232050363972,52.68787624287401,26.88462897330525,13.920221713388214,29.58622685185188,0.12130290269851685,8678.931640625,0.009601668,0.0003,7071.576068595604,-45.48838390774197,17074.074488208913,0.2,0.0509837962962963,8440,-0.01915350796275393
0.8611111111111112,31.416666666666668,0.9268714135600301,18.202367295830904,9.613168888206262,8.48063005820216,0.0,-959.3471358400001,28.679783269838797,17.953981108069332,28.009259259259263,0.12640001564746367,6170,48,846,0.3161870098843786,6.0631006249993575,236,37.84085648148148,14.908568349422483,0.8879094969585744,21.5867111491834,0.4542805983699478,36.0,1461888,8.95493696247236,52.70519671773881,26.97231132547509,13.788007954872015,29.441550925925892,0.07273173332214355,18645.388671875,0.011566264,0.0003,7346.214164762144,-45.48344934251573,23413.35252097801,0.2,0.06944444444444445,8450,-0.02490656640622075
0.8524305555555556,31.37962962962963,0.9224676573469003,18.224857001050623,9.565442950123469,8.557690060035204,0.0,-958.48468439,28.7134302243862,17.91356954124754,28.240740740740744,0.12457339562146366,6177,48,847,0.31444093071424134,6.069146857720176,236,37.75578703703704,14.90172399089195,0.892606830644536,21.61149507303652,0.45268103740257426,36.0,1463616,8.918493088327143,52.805813473259526,27.132332630164626,13.758781818962122,29.369212962962997,0.049070894718170166,19600.83984375,0.010645709,0.0003,8166.5610562924985,-45.49377815811722,32169.757971643518,0.2,0.0603587962962963,8460,-0.02456369394591699
0.8547453703703703,31.777777777777775,0.9228847873217988,18.69985586629979,9.899677958092342,8.521877778895703,0.0,-960.3751678300001,28.74748384196172,17.961637249408827,28.125,0.12381516176248408,6184,48,848,0.3258720965498958,6.075164360331352,236,37.854166666666664,15.078300129311744,0.8904531297831167,21.63639916616004,0.4577508055284451,36.0,1465344,8.907001044470611,52.71829386614087,27.06424751282452,13.921447030207782,29.354745370370384,0.10672342777252197,15790.7509765625,0.009041869,0.0003,6567.836429115578,-45.5047470940484,22691.90925925926,0.2,0.04994212962962963,8470,-0.02143733121489209
0.8153935185185185,31.48148148148148,0.9120686157674848,17.990253024761678,9.79205220057215,8.061437539070711,0.0,-960.1073636699999,28.781086979806215,17.92421882366211,26.62037037037037,0.11706990855669451,6191,48,849,0.3222022575211871,6.081006222628766,236,37.75694444444444,14.936763285118817,0.8873456264235143,21.661209713219193,0.45176658070892484,36.0,1467072,8.836744918965145,52.63755797790196,26.95666921844541,13.7412551377981,29.1449652777778,0.0961000919342041,12395.390625,0.007327477,0.0003,7775.9487358093265,-45.50119236133717,24429.304524739582,0.2,0.040219907407407406,8480,-0.020045057147810304
0.8744212962962963,31.537037037037038,0.9292455495317617,18.511417011278592,9.893574222552914,8.455720011858071,0.0,-962.9065600800001,28.81543988807317,18.01387908126946,27.89351851851852,0.12761846449280903,6198,48,850,0.32548885132625466,6.086627162440399,236,37.951967592592595,14.962122776867607,0.891618672894781,21.686244410922367,0.46233466662493145,36.0,1468800,8.748375924653484,52.72411488387533,27.101275470778322,14.041163306781344,28.797743055555518,0.0823940634727478,19879.10546875,0.009403694,0.0003,7552.885550845111,-45.50781440734863,17706.02361653646,0.2,0.03657407407407407,8490,-0.018573752959707267
0.8553240740740741,31.259259259259256,0.9292117439047282,18.1777110452167,9.626228222668878,8.518704082261989,0.0,-964.67369149,28.849195246973498,17.92221684799546,28.009259259259263,0.1258716798717692,6205,48,851,0.31692514668102706,6.092397572423196,236,37.770254629629626,14.832778740285834,0.8893639963623796,21.711049953042355,0.4539228066243684,36.0,1470528,8.808163993118903,52.65615790498946,27.028955495846287,13.802143560132324,29.036458333333325,0.06333118677139282,19208.830078125,0.005457455,0.0003,8636.681887421784,-45.52986777976707,20712.39822048611,0.2,0.022222222222222223,8500,-0.016314192412904015
0.8668981481481481,31.62037037037037,0.9282905448971186,19.31060364073644,9.659608034282575,9.448345646263201,0.0,-970.51781408,28.883730802349795,18.10847615089228,31.134259259259256,0.12651742182368475,6212,48,852,0.31772770453056937,6.09812311635793,236,38.167245370370374,15.002649960190665,0.8936988810411739,21.736321143419588,0.46405133905213664,36.0,1472256,8.790217573893399,52.82597430907045,27.164494169302767,14.114222150518598,28.94241898148149,0.03542405366897583,21005.751953125,0.0072131096,0.0003,8238.780140120894,-45.52002913863571,21652.025580512152,0.2,0.03315972222222222,8510,-0.01911367223494583
0.8373842592592593,31.740740740740744,0.9251434939664013,18.74676266257771,9.938824455404449,8.55573351673125,0.0,-976.22393924,28.918225404992732,17.932326175166416,28.240740740740737,0.12701127541032683,6220,48,853,0.32742287615357896,6.103616366365982,236,37.792245370370374,15.052204690442009,0.8945283331259475,21.761151958857504,0.46391615988842083,36.0,1473984,8.697300003220791,52.82620354601405,27.181157164314527,14.097841057175108,28.631365740740723,0.04553121328353882,13684.8388671875,0.006916197,0.0003,9696.357907047977,-45.51429365652579,19352.337152777778,0.2,0.025752314814814815,8520,-0.017812430779277175
0.8767361111111112,31.23148148148148,0.9261520256632481,18.316336290527637,9.57876708032971,8.720238438672311,0.0,-969.9130202,28.95172293425229,17.985307776539088,28.819444444444443,0.1297396440263511,6227,48,854,0.3150902931277686,6.1095185366733356,236,37.90277777777778,14.817330771525617,0.8931905383421821,21.78611522829885,0.4509113006358895,36.0,1475712,8.860868122941413,52.74890267225348,27.14148730077187,13.699011703824091,29.159432870370445,0.08274394273757935,15385.66015625,0.010708193,0.0003,8839.579865462692,-45.52881050109863,16874.780573640048,0.2,0.05914351851851852,8530,-0.02234870402176899
0.859375,31.824074074074076,0.9256019847928855,19.384587240623596,9.677896396050564,9.406586084323735,0.0,-973.7617519099999,28.98630689764274,18.074536361061433,31.134259259259256,0.1260664077325874,6234,48,855,0.3183736467496559,6.115401180081665,236,38.09027777777778,15.1001047602493,0.8904119453639798,21.811301569201504,0.46512633162201716,36.0,1477440,8.85305736333143,52.73472814810683,27.058905256467266,14.133585356180523,29.15219907407405,0.12072360515594482,10507.205078125,0.010967137,0.0003,7463.407721738462,-45.53681103741681,19893.407752821182,0.2,0.06446759259259259,8540,-0.021504080474928574
0.8697916666666666,31.305555555555557,0.9243575931350589,18.973006662534857,9.590041935956355,9.323047553366303,0.0,-974.79207514,29.019817641430055,17.950633296519808,30.902777777777775,0.1243218861834613,6241,48,856,0.3150874796035636,6.122073932170407,236,37.82465277777778,14.859917173212198,0.8883762524315261,21.836178152442802,0.45082146382272986,36.0,1479168,9.169100835496979,52.7162577054894,26.987164324898078,13.70429751492562,30.19386574074078,0.05602830648422241,19840.02734375,0.00885021,0.0003,9521.417551648176,-45.53843543441207,19366.19549334491,0.2,0.05243055555555556,8550,-0.02274487477692741
0.8535879629629629,31.61111111111111,0.9224543655538354,19.798148256602367,9.487488546933973,10.112004427055135,0.0,-973.3818783100002,29.054110027504215,18.083995183928767,33.333333333333336,0.12422580787966453,6248,48,857,0.3123422497794072,6.12819619788363,236,38.10069444444444,14.998655282613262,0.8880637971358637,21.861388140402624,0.46071796699408624,36.0,1480896,8.948906285289405,52.710556711260104,26.985786712952887,14.016954429663777,29.484953703703738,0.034464359283447266,18968.798828125,0.009618549,0.0003,7552.73549355401,-45.550193037810146,25864.097876880787,0.2,0.05306712962962963,8560,-0.020987897800902527
0.8587962962962963,31.333333333333332,0.9227586632884074,18.686626160018207,9.369037562046797,9.247732118849195,0.0,-980.44099559,29.0885840195572,17.987118600670875,30.555555555555554,0.12387589145294275,6255,48,858,0.30832646951248693,6.1337744958126565,236,37.91840277777778,14.869856479122218,0.8904746542071171,21.8863559369043,0.464152320084307,36.0,1482624,8.731319171610469,52.70734929612794,27.055999362646194,14.089596821193787,28.72540509259264,0.14435726404190063,16344.869140625,0.009193566,0.0003,7869.490116882324,-45.54568444711191,27986.903530092593,0.2,0.05040509259259259,8570,-0.0237676363973016
0.8611111111111112,31.277777777777775,0.9287030709152814,18.493882592653527,9.13720392153827,9.31799382104387,0.0,-980.95263657,29.122683266068368,17.952718570933268,30.787037037037038,0.12381306940384049,6262,48,859,0.3007869464962953,6.140149818012285,237,37.828125,14.838684850071388,0.8893095093517419,21.911237733331635,0.4593942050467393,36.0,1484352,9.05012887985132,52.67863318547836,27.018937691730883,13.939698604466969,29.730902777777825,0.07923948764801025,4827.81494140625,0.009579945,0.0003,8267.284911431207,-45.54873717979149,15998.294563802083,0.2,0.05480324074074074,8580,-0.022340663265505874
0.8645833333333334,31.916666666666668,0.9245285350913043,19.21324054991568,9.59555313127445,9.285584597735573,0.0,-981.94252137,29.157330449058644,17.981538138747236,30.671296296296294,0.12530027176671052,6270,48,860,0.31625771079140236,6.145651269258011,237,37.89699074074074,15.132102820905658,0.8915440434071917,21.936191578678503,0.46612222897781275,36.0,1486080,8.700580498290872,52.764504586650055,27.085534059205997,14.158873196110953,28.638599537037095,0.12087363004684448,11059.4033203125,0.008650147,0.0003,8210.62779433639,-45.55490596912525,19871.197072120947,0.2,0.05740740740740741,8590,-0.022784984730942932
0.8414351851851852,31.85185185185185,0.9212246754666867,19.156878995851997,9.587062452351129,9.250205989464481,0.0,-984.09645936,29.19158905287425,17.955543011347416,30.555555555555557,0.1203744156068069,6277,48,861,0.3154845916013538,6.1513388448152915,237,37.839699074074076,15.11961055403639,0.8935312407557835,21.96108043620687,0.46045654097281385,36.0,1487808,8.775030222911928,52.746132743522274,27.157102854375,14.003441526241334,28.913483796296298,0.0747022032737732,15769.564453125,0.009829152,0.0003,7383.408658938938,-45.552052109329786,28308.576674623844,0.2,0.07251157407407408,8600,-0.02383343908004463
0.8564814814814815,32.02777777777778,0.9222842408889278,19.53162592065067,9.825521140794667,9.30115880060622,0.0,-980.5857925199998,29.225682072547784,17.975376230823176,30.671296296296294,0.1227571701430703,6284,48,862,0.323330022733862,6.15710231881879,237,37.876157407407405,15.20494597924978,0.8962444508010403,21.986018876783927,0.45841418625711255,36.0,1489536,8.805389601399305,52.796189695550424,27.235368450715317,13.9372078694143,29.01475694444444,0.08707201480865479,14181.150390625,0.00891364,0.0003,8727.412861972385,-45.527693289297595,20889.07120949074,0.2,0.05393518518518518,8610,-0.020725134861034653
0.8680555555555556,31.648148148148152,0.9212581526191569,19.22762574877155,9.538610526304865,9.481040933570108,0.0,-980.7845252600001,29.259520036198673,18.048580118766896,31.25,0.12983578449897115,6291,48,863,0.3144990470151943,6.163214371660778,237,38.02488425925926,15.007974288896577,0.8979941425023498,22.011140327080845,0.45453901256290313,36.0,1491264,8.944821136795074,52.83433701948734,27.288599565313955,13.835185460356065,29.499421296296283,0.07602810859680176,19197.15234375,0.005743996,0.0003,8206.23247804995,-45.53142960159867,21717.148099320024,0.2,0.030844907407407408,8620,-0.0178601115571197
0.8408564814814815,31.342592592592595,0.916484417220311,19.089098822253895,9.294444083944155,9.729018217117588,0.0,-980.52594885,29.293316595149992,17.96414499107477,32.06018518518519,0.11634681538487425,6298,48,864,0.30663805158877977,6.169388203126989,237,37.85648148148148,14.865636521192153,0.8926992236721505,22.036050689558532,0.4543974918032277,36.0,1492992,8.969532586484293,52.721362787985946,27.116226373860428,13.818623580527353,29.57175925925921,0.10270845890045166,11330.6708984375,0.009508008,0.0003,7838.909296897606,-45.52324111373336,23338.525868055556,0.2,0.04918981481481482,8630,-0.022239244832760758
0.8616898148148148,30.537037037037038,0.9214227396566189,18.602928987037732,9.115278051664234,9.797177128584027,0.0,-976.0016011399998,29.326582883383,17.904243766452236,32.291666666666664,0.12344681583985173,6306,48,865,0.2999428962853475,6.175714510506373,237,37.73090277777778,14.490473806789472,0.8921581709788389,22.060811298974663,0.447195644839879,36.0,1494720,9.030522951753744,52.71311702564432,27.09813082103783,13.60651529320302,29.767071759259252,0.048991382122039795,19653.83984375,0.010392849,0.0003,7214.9604671902125,-45.51436503375018,30092.078331163193,0.2,0.06325231481481482,8640,-0.023281562742259766
0.8512731481481481,31.037037037037038,0.9295829087144022,18.913801919377583,9.359635653622844,9.629100017240537,0.0,-976.7815980800001,29.36017308721707,17.938762158445538,31.712962962962965,0.1236338028919887,6313,48,866,0.3084447301413691,6.1817250235133985,237,37.79918981481482,14.725066248514201,0.8927683188235968,22.085658204370777,0.4517973758501843,36.0,1496448,8.904205202809978,52.728300019517036,27.12008136564341,13.736081533627724,29.311342592592588,0.03440648317337036,15790.3720703125,0.0064406106,0.0003,7031.105279173675,-45.488894907633465,30906.515277777777,0.2,0.027256944444444445,8650,-0.018452909859587197
0.8443287037037037,31.62037037037037,0.9245696212321373,19.2153458727987,9.518111417379012,9.494577400787081,0.0,-975.11704094,29.393061464147234,17.907826249715495,31.25,0.12362923866897364,6320,48,867,0.31367945847661344,6.188561769279648,237,37.741898148148145,15.002657054632607,0.8948010248910302,22.110427769995066,0.44240992843334925,36.0,1498176,9.234698306499949,52.76320284510454,27.18288538726321,13.455350772065911,30.46874999999997,0.10261803865432739,16563.18359375,0.0087712575,0.0003,8305.858322553282,-45.49589778758861,22807.82741970486,0.2,0.048032407407407406,8660,-0.021746618943116455
0.8570601851851852,31.685185185185187,0.9279789840791111,19.388733805079106,9.394017301548478,9.763899781848037,0.0,-976.8241037700001,29.426812442323637,17.9837886462448,32.17592592592593,0.12580508576911936,6327,48,868,0.3094745670019126,6.194883573033099,237,37.90393518518518,15.030816721682593,0.8979180968420629,22.13538724161068,0.45382222221894736,36.0,1499904,9.02872150138041,52.825072769700775,27.28196122808684,13.800391270561816,29.767071759259313,0.08249300718307495,16177.7392578125,0.00859602,0.0003,7951.113463309959,-45.50694127965856,24432.627332899305,0.2,0.0453125,8670,-0.01943116111215204
0.8315972222222222,31.51851851851852,0.9224665860515603,19.248509907832258,9.295242083859081,9.805566448514703,0.0,-978.9547719199998,29.459857475699238,17.91170847956238,32.29166666666667,0.12171728036078716,6335,48,869,0.3061842999463395,6.201153298173728,237,37.754629629629626,14.947701375458472,0.8945139152233228,22.160166512809585,0.44464998556823504,36.0,1501632,9.00789005625171,52.765595236771865,27.195601512569283,13.518013350239736,29.66579861111111,0.12915706634521484,12276.94140625,0.009492506,0.0003,8337.549836759214,-45.49713031627514,24874.976533564815,0.2,0.05659722222222222,8680,-0.022477967439529796
0.8333333333333334,30.824074074074076,0.9174856148437633,18.68125144090017,8.880802951027375,9.968530976898299,0.0,-977.66436438,29.493340071330735,17.917178387284306,32.870370370370374,0.11878875349041336,6342,48,870,0.2920372605264597,6.207587272564961,237,37.7337962962963,14.631917512974496,0.8934007064141137,22.184959458777797,0.4503480816570384,36.0,1503360,9.07358975649316,52.718511753957124,27.15022525605141,13.693038252598365,29.9189814814815,0.062485575675964355,19991.365234375,0.008256171,0.0003,7819.055076090494,-45.503988944159616,21684.792502170138,0.2,0.046412037037037036,8690,-0.020034441855494623
0.8327546296296297,30.638888888888886,0.9254116896546002,18.715625745238654,8.765040447871865,10.217109372142403,0.0,-982.7100483000002,29.526921726133494,17.903518436753632,33.68055555555556,0.1231883966524903,6349,48,871,0.2885869724002194,6.213885994843272,237,37.73090277777778,14.533475925224389,0.888079003858567,22.20971825486968,0.4515643524264191,36.0,1505088,9.019488911324604,52.68897142523957,26.991535899619937,13.732661921103713,29.7453703703703,0.07841181755065918,22371.76953125,0.0090758065,0.0003,7030.792631615533,-45.487737570868596,29271.390556278937,0.2,0.059722222222222225,8700,-0.021583013641820463
0.8634259259259259,30.277777777777775,0.9119061456530679,18.976537998485668,8.504182803355377,10.913489351075475,0.0,-983.65899454,29.56028720679568,17.962052648460517,35.99537037037038,0.1259725329508873,6356,48,872,0.2801105956542889,6.2206103842506755,237,37.847800925925924,14.358865844054817,0.8894721239296849,22.23462338649083,0.44849717907086123,36.0,1506816,9.189755762961267,52.7504254857213,27.03570110541693,13.646192264874967,30.266203703703688,0.029728710651397705,15686.0322265625,0.008133713,0.0003,9590.418072085911,-45.48835511384187,29521.694798900462,0.2,0.042881944444444445,8710,-0.021677176676759564
0.8402777777777778,30.25,0.9172374772668751,18.725067544385496,8.534537267443287,10.63046961128065,0.0,-985.2997586500001,29.59378745591564,17.94818087777708,35.06944444444445,0.12259686854683398,6364,48,873,0.28069495804951655,6.226996225686685,237,37.810763888888886,14.360060665661557,0.8874779114419118,22.259493838685273,0.45009983669516285,36.0,1508544,9.05433657440374,52.7334555282859,26.979705324842598,13.700099647982109,29.817708333333368,0.08577591180801392,24551.447265625,0.009889466,0.0003,7171.681871541341,-45.487662845187714,26219.30085720486,0.2,0.05677083333333333,8720,-0.022417786234506853
0.8101851851851852,29.472222222222218,0.9227420912162229,17.789050594644543,8.030860873235133,10.565323525878947,0.0,-980.08463684,29.626863235609047,17.85200839550568,34.83796296296296,0.11755605859060599,6371,48,874,0.2639067789225173,6.233069351396275,237,37.614004629629626,13.992866195530462,0.887782467328551,22.284123859674036,0.44454180434371077,36.0,1510272,8.929250283836184,52.70391775935476,26.985528577958647,13.53031187736412,29.4270833333334,0.11644726991653442,20998.81640625,0.007107562,0.0003,9172.183590387414,-45.48670987729673,29982.081257233796,0.2,0.03425925925925926,8730,-0.0212835934151102
0.8472222222222222,29.14814814814815,0.9224153750018954,17.70948817733855,7.808968178584131,10.871486499794784,0.0,-978.8303284300001,29.659704861216774,17.84881824658631,35.87962962962964,0.12454805939879197,6378,48,875,0.2570656245787617,6.239885012394727,237,37.60706018518518,13.829033498959637,0.8850412359202527,22.3087459052905,0.44225326590180825,36.0,1512000,9.226264399380623,52.61079637502589,26.890761571870517,13.436650243091073,30.35300925925928,0.10027796030044556,20089.642578125,0.005763191,0.0003,9776.919330173068,-45.46924090915256,16175.588988353587,0.2,0.02158564814814815,8740,-0.016880162948466563
0.8506944444444444,28.824074074074076,0.9267808396824572,17.237542871032133,7.530760310198264,10.831861914382282,0.0,-976.4772944000001,29.692377748324155,17.839752229857993,35.76388888888889,0.1250802647120179,6385,48,876,0.24762306035827228,6.246416140012405,237,37.59143518518518,13.674920646451588,0.8855906092221169,22.333345285865146,0.43938912220705656,36.0,1513728,9.11245104707118,52.655683658894525,26.9127496582998,13.369154842952469,30.056423611111114,0.04706078767776489,20684.123046875,0.008029957,0.0003,8104.66687028673,-45.457314766777884,25302.507396556714,0.2,0.039641203703703706,8750,-0.021375958806041765
0.8315972222222222,28.98148148148148,0.9255448554441836,17.317539528406,7.616952802819228,10.747864510122445,0.0,-975.9616310199996,29.72488172093826,17.83672811013161,35.41666666666668,0.12177237967929101,6392,48,877,0.25044103052398986,6.253467182669794,237,37.59085648148148,13.752722215464326,0.8898745452374226,22.357937106140476,0.43821872245716725,36.0,1515456,9.320417062955292,52.67004334598334,27.03484190696997,13.301589045642542,30.613425925925956,0.07885086536407471,16583.19921875,0.011436841,0.0003,8279.876702937374,-45.47315573515716,25277.21515118634,0.2,0.06660879629629629,8760,-0.025019965946881308
0.8408564814814815,29.11111111111111,0.9138095314974528,17.447733317815864,7.673209713687835,10.762963650433639,0.0,-979.3740841700002,29.757737169098917,17.906489904820617,35.53240740740741,0.1257125667098444,6400,48,878,0.2523741027019934,6.259975010655562,237,37.71643518518518,13.81155995369439,0.8913854943174103,22.382703330902526,0.4425653902429711,36.0,1517184,9.10313119430703,52.720169410359595,27.085294490873313,13.442179264262556,29.947916666666703,0.06858140230178833,14656.224609375,0.0103845345,0.0003,8589.11078813341,-45.47299476906105,25333.640436921298,0.2,0.0703125,8770,-0.023535348133494456
0.8495370370370371,29.027777777777775,0.9228214893058363,17.197978828476444,7.38089728364118,10.842176179169803,0.0,-980.5815982500001,29.79069515859558,17.80721905873312,35.76388888888889,0.1243900989385503,6407,48,879,0.2427304545510225,6.2665129761349325,237,37.515625,13.77490536566546,0.8878707239347112,22.40722137854936,0.44306645529909305,36.0,1518912,9.115186191748455,52.61951132554339,26.97256226798456,13.483195798664525,29.99131944444447,0.08248794078826904,18131.86328125,0.010518385,0.0003,7865.176347520616,-45.46684214274089,28960.478005642362,0.2,0.07002314814814815,8780,-0.02220630466731058
0.8564814814814815,28.611111111111114,0.9306613191045179,16.619300447157848,6.993902535267299,10.842176179169803,0.0,-977.00660417,29.822889129844455,17.834813430763887,35.76388888888889,0.12733014942386697,6414,48,880,0.22964148627818534,6.273692223623891,237,37.588541666666664,13.583221732720743,0.8834586773429368,22.43180841212627,0.4337045426558633,36.0,1520640,9.371698995583248,52.57256769487901,26.81942473794064,13.177588499550566,30.852141203703727,0.0925896167755127,17420.017578125,0.0066759298,0.0003,8562.0362419411,-45.46381705955223,18584.122294560184,0.2,0.029513888888888888,8790,-0.01861963253468275
0.8298611111111112,28.490740740740744,0.9174891243567574,16.245864238042422,6.9304786768386775,10.59463384650393,0.0,-980.1890277599999,29.855791784166488,17.882331311848763,34.9537037037037,0.12364083688184976,6421,48,881,0.22784810753665144,6.2802130762797335,237,37.68518518518518,13.520751714699813,0.8747057442650683,22.45651424040589,0.44218769881163866,36.0,1522368,9.108341062337093,52.4431194149829,26.56886017905168,13.461061728813831,30.02748842592591,0.0304221510887146,14105.9560546875,0.008097006,0.0003,8944.28558324178,-45.46650822957357,22655.787818287037,0.2,0.04293981481481481,8800,-0.02315335959299571
0.8130787037037037,28.59259259259259,0.9174149322381807,16.46972886927722,6.832819982688559,10.868059656580991,0.0,-983.20979204,29.88823247568132,17.817733358369242,35.87962962962963,0.12162341033561533,6429,48,882,0.2245279379866788,6.287147605161457,237,37.54398148148148,13.568849230007666,0.8780852655067949,22.481058573801814,0.43699359322160575,36.0,1524096,9.273811552689422,52.41043753545191,26.67975409011539,13.27627660593258,30.526620370370406,0.13863921165466309,21266.689453125,0.009892057,0.0003,7243.789903683132,-45.46313639040346,23087.818782552084,0.2,0.0583912037037037,8810,-0.02107200438881086
0.8269675925925926,28.34259259259259,0.9143993138031372,16.2858550015361,6.718396443321325,10.916989776731848,0.0,-985.1354526099999,29.92125271813514,17.912153434331614,35.99537037037038,0.12145033425865986,6436,48,883,0.22100030895227776,6.293703750786492,237,37.74074074074074,13.450468781482924,0.8759723193018599,22.505838957387642,0.4442901093497486,36.0,1525824,9.12245825001399,52.45802041565753,26.623802663313963,13.50809698152735,30.063657407407433,0.05064922571182251,15505.55859375,0.011401627,0.0003,8854.533628576773,-45.47235459221734,33942.56877893519,0.2,0.07731481481481481,8820,-0.022798863203368252
0.8512731481481481,28.916666666666668,0.9221260825379388,16.696344404179996,6.97382870282783,10.802404879224042,0.0,-985.92184909,29.953678315081774,17.856526728050287,35.64814814814815,0.12869114435890583,6443,48,884,0.2294733489576363,6.300263914444797,237,37.63136574074074,13.720110822128126,0.8754200765515749,22.53048027420777,0.43671346840506076,36.0,1527552,9.124065463322106,52.370592058331795,26.597728101400765,13.270238778654358,30.056423611111104,0.1162945032119751,20095.4453125,0.008434554,0.0003,7916.979943960684,-45.468467429832174,21977.0240198206,0.2,0.04826388888888889,8830,-0.022081139390529306
0.8379629629629629,28.89814814814815,0.9198053536628263,17.210148003930097,7.011071203482317,11.27398931912379,0.0,-985.9081897199999,29.986517849066047,17.853679629929935,37.15277777777778,0.12170870027649332,6450,48,885,0.23032373519155427,6.306493469029869,237,37.609375,13.725087481323989,0.8765628637406658,22.555114473282593,0.44257384757236273,36.0,1529280,8.991821834028547,52.38975503971017,26.62099665724068,13.435813593708971,29.607928240740815,0.07105386257171631,17711.984375,0.0106673455,0.0003,8792.979607052273,-45.47749849955241,26666.575661892362,0.2,0.05758101851851852,8840,-0.020790079163594377
0.8587962962962963,28.833333333333332,0.9201940634882896,17.20548117895137,6.9687005449275565,11.3514370613225,0.0,-993.3163841500001,30.02006574750501,17.90700772312962,37.38425925925927,0.128427705571377,6457,48,886,0.22928218232060016,6.312628610545007,237,37.73090277777778,13.685343572701314,0.8766472501005257,22.579881992590416,0.45080116191552616,36.0,1531008,8.954056606055152,52.48789914680393,26.620604329692032,13.719159375586392,29.506655092592638,0.10434979200363159,18636.546875,0.012844097,0.0003,6934.385313316628,-45.50652184662996,30454.6322265625,0.2,0.0980324074074074,8850,-0.02051305271581643
0.8200231481481481,28.333333333333332,0.9195037189602706,16.572078011738768,6.574108280462142,11.3514370613225,0.0,-995.9438158199998,30.05315639402496,17.89829271624831,37.38425925925927,0.11858087043049857,6465,48,887,0.21619823574136074,6.31897367675216,237,37.71527777777778,13.446532669954125,0.872354204157578,22.604627724381036,0.44542852982146236,36.0,1532736,9.038026482861133,52.44936772238154,26.499519803529395,13.536258607979823,29.752604166666675,0.16361892223358154,14857.998046875,0.0060707694,0.0003,8408.9723136478,-45.507783056188515,25821.716333912038,0.2,0.025868055555555554,8860,-0.0167539988014916
0.8402777777777778,28.65740740740741,0.9187265224490416,17.025002627740175,6.8373346820670085,11.384504323140982,0.0,-997.8359171799999,30.08654142943472,17.926616216264577,37.50000000000001,0.12102176740270364,6472,48,888,0.22475204455835843,6.3252293422605215,237,37.77430555555556,13.603163622532184,0.8755810313125311,22.6294442649217,0.44866749614217266,36.0,1534464,9.002266203344487,52.510387446830286,26.596753478317357,13.654014163905066,29.644097222222253,0.05664181709289551,11939.54296875,0.0061218534,0.0003,9776.479206848144,-45.50963220949526,21744.984403935185,0.2,0.027083333333333334,8870,-0.018380932587509353
0.8402777777777778,28.48148148148148,0.9181924606028603,16.816036057246972,6.713688493510474,11.384504323140982,0.0,-992.9449307199998,30.11897326282365,17.755547309349957,37.50000000000001,0.12401293094945043,6479,48,889,0.220371489833064,6.332018156731168,237,37.411458333333336,13.517843240595516,0.8720074037126043,22.65383313319507,0.43692692940729905,36.0,1536192,9.215525788258734,52.41965571181185,26.476979149826946,13.272733355572685,30.316840277777825,0.1614912748336792,17721.56640625,0.008230814,0.0003,7524.614021046957,-45.49946239612721,21410.11353443287,0.2,0.03975694444444444,8880,-0.01818627179082897
0.8599537037037037,28.712962962962962,0.9192433174412471,17.209635533093664,6.996624694126704,11.384504323140982,0.0,-987.41565424,30.151510066696357,17.811045428365205,37.50000000000001,0.12502967648335983,6486,48,890,0.22966391033070596,6.338841615309749,237,37.536458333333336,13.628506515825977,0.8722612908105543,22.678360746765986,0.4380223984440623,36.0,1537920,9.22938343143239,52.423826406234106,26.493710106885903,13.314721549082186,30.432581018518558,0.07138222455978394,24363.75,0.00794396,0.0003,7864.131094784207,-45.494712857846864,29543.1470666956,0.2,0.035069444444444445,8890,-0.01840231782860226
0.8333333333333334,28.60185185185185,0.9155942490755427,16.97996920616802,6.8168047039589466,11.384504323140982,0.0,-992.7837462,30.184429446151807,17.836190881896687,37.50000000000001,0.12351036171461192,6494,48,891,0.22351648260317714,6.345747038821193,237,37.58391203703704,13.57866017906809,0.8652561716057025,22.70295122397073,0.4425743022690549,36.0,1539648,9.262169404577302,52.25411499283134,26.29512872369033,13.467751782179542,30.58449074074069,0.07146793603897095,15767.3828125,0.010786732,0.0003,7929.3640374077695,-45.49708374871148,32993.842180266205,0.2,0.05144675925925926,8900,-0.020448939657459655
0.8564814814814815,28.703703703703706,0.9175484106376467,17.15125423275213,6.977662727776244,11.343254323140982,0.0,-996.0077878400001,30.217258968074532,17.874138751624116,37.38425925925927,0.12240376374552246,6501,48,892,0.22883201037968134,6.352615256781332,237,37.66203703703704,13.630337181834902,0.874205829316531,22.72763657084979,0.44161054939646943,36.0,1541376,9.247287184055901,52.46102278851733,26.55894995719987,13.4318087690898,30.51215277777785,0.16331809759140015,25295.669921875,0.008991416,0.0003,8798.717752329509,-45.50692530031557,24371.199638310187,0.2,0.04438657407407407,8910,-0.01922949015300859
0.8570601851851852,28.76851851851852,0.9209683647195093,17.30572803424073,7.066327342000758,11.384504323140982,0.0,-997.0568454099998,30.249891758465324,17.864835464318595,37.50000000000001,0.12616913352441078,6508,48,893,0.23204356154553696,6.359850900103705,237,37.66319444444444,13.654896369098987,0.8795246997290181,22.752298659510586,0.4398797598176106,36.0,1543104,9.394257328948989,52.504301462657565,26.709607094154133,13.353116156316455,30.91724537037041,0.07173752784729004,17586.419921875,0.0064262073,0.0003,7613.251362214265,-45.51582830923575,31973.80997902199,0.2,0.028703703703703703,8920,-0.015985326608642936
0.8622685185185185,29.240740740740737,0.9248409167029782,17.7232257934304,7.264138643278316,11.384504323140982,0.0,-1000.0744937200002,30.282884060631755,17.913639208638575,37.50000000000001,0.12796142856708256,6515,48,894,0.23815661070621974,6.366718930659606,237,37.74652777777778,13.874582827011102,0.8798238712312335,22.77708275753218,0.44415876087441564,36.0,1544832,9.247212222360309,52.53133348936277,26.73964248839538,13.496920866572763,30.47598379629631,0.0789334774017334,25121.01953125,0.010744951,0.0003,8684.315539451882,-45.532321520204896,29833.98782913773,0.2,0.06510416666666667,8930,-0.025169195396894658
0.8310185185185185,29.833333333333332,0.9177012831110914,18.371844789069996,7.651583646572553,11.374700960107802,0.0,-1010.6215878900001,30.316733506530053,17.959596477779694,37.50000000000001,0.12311100454062729,6522,48,895,0.25189834457311366,6.373320735541647,237,37.854166666666664,14.145560182389639,0.885053416793232,22.80198174872663,0.45545475599922747,36.0,1546560,9.140721952816437,52.62326884324859,26.886394283301446,13.839778359318442,30.056423611111093,0.08075904846191406,20652.712890625,0.008456661,0.0003,7584.086008368598,-45.53546800966616,25921.317755353008,0.2,0.04618055555555556,8940,-0.017711671157222657
0.8524305555555556,29.90740740740741,0.9200142799813626,18.620066010631945,7.893355544271646,11.341633698289316,0.0,-1016.2471876100001,30.35049099967197,17.92270859332726,37.38425925925927,0.12599400194876387,6529,48,896,0.25965072314786236,6.379707540182604,237,37.75925925925926,14.18507676807098,0.8826532030024493,22.82678852020995,0.45401123075537275,36.0,1548288,9.054721856382843,52.6359206500791,26.82835201145822,13.802997256765908,29.832175925925906,0.11814522743225098,25722.3671875,0.012531822,0.0003,8065.637399659334,-45.54618386162652,28361.20281032986,0.2,0.07829861111111111,8950,-0.024450392162220346
0.8304398148148148,29.694444444444443,0.9299250399988089,18.401690072677454,7.834719050934503,11.27398931912379,0.0,-1012.4909552199999,30.38377744767305,17.81840788159641,37.15277777777778,0.12141244754426228,6537,48,897,0.25740406492106926,6.386512589614077,237,37.53414351851852,14.092981702619158,0.8824525899350575,22.85133453991394,0.44769109362265724,36.0,1550016,9.222019772589144,52.656203498635456,26.8134614166049,13.614579200433282,30.360243055555607,0.10631996393203735,12955.3740234375,0.017737003,0.0003,7939.90926067211,-45.5455623626709,29634.68569878472,0.2,0.12106481481481482,8960,-0.027135574822831486
0.8339120370370371,29.324074074074076,0.925627546143376,18.179248684445223,7.75473255106735,11.3101870613225,0.0,-1014.48578815,30.417813872818947,17.94033545547604,37.268518518518526,0.12435934905137916,6544,48,898,0.25494534791868323,6.392552007186574,237,37.8130787037037,13.914329072055374,0.8803178180552932,22.87618537855263,0.45783596120398534,36.0,1551744,8.91576702899888,52.662252786966384,26.75881430476835,13.914570058357716,29.39814814814815,0.016443490982055664,16500.408203125,0.006741399,0.0003,10508.53621882686,-45.53317280522099,18350.749504484953,0.2,0.03113425925925926,8970,-0.0179553539181749
0.8865740740740741,29.75,0.9228054487071043,18.563127963518383,7.905890078725423,11.343254323140982,0.0,-1015.7760704699999,30.450983312805977,17.94876615922055,37.38425925925927,0.12858503274560767,6551,48,899,0.25990859352297135,6.3991739792255835,237,37.817129629629626,14.113983561651978,0.8784406662505603,22.901057293950682,0.44587801712880765,36.0,1553472,9.14878881560365,52.54585119455165,26.689488850948816,13.567775994812635,30.099826388888918,0.06657707691192627,5701.203125,0.0070700613,0.0003,9455.013002692329,-45.53591887862594,22304.68503870081,0.2,0.027199074074074073,8980,-0.019355011536498313
0.8420138888888888,29.35185185185185,0.9242628878988802,17.975139637302952,7.4640720919215395,11.384504323140982,0.0,-1014.35336174,30.484474630882804,17.976867074250872,37.50000000000001,0.1260486536496393,6558,48,900,0.24519500050212986,6.4058270599209255,237,37.88136574074074,13.926563222240432,0.8799678260145164,22.92599946163631,0.449912467044175,36.0,1555200,9.161232278136842,52.58122816081622,26.733388549391368,13.696527230730316,30.143229166666654,0.1071508526802063,17522.271484375,0.00946184,0.0003,7300.862455156114,-45.53388914885344,28860.63865379051,0.2,0.05318287037037037,8990,-0.020712583474125024
0.8396990740740741,29.361111111111114,0.9251754632321266,17.875168688892565,7.32688256917987,11.415950960107802,0.0,-1016.0023814299999,30.517663572980208,17.915156234333505,37.61574074074074,0.12536526355091474,6566,48,901,0.2406104861517412,6.412870221504474,237,37.744791666666664,13.932335159604895,0.8760125577961425,22.950787352222143,0.44700196575545353,36.0,1556928,9.3172646334194,52.547400162945884,26.620999850642804,13.575576838961547,30.606192129629644,0.0845797061920166,21066.607421875,0.008366068,0.0003,9384.923668020743,-45.53919861404984,36352.45295138889,0.2,0.041840277777777775,9000,-0.02080415952778249
0.8420138888888888,28.76851851851852,0.9218555229250128,17.19049258957849,7.139090924209188,11.197228766827905,0.0,-1015.67524352,30.551184556553082,17.925109770256075,36.921296296296305,0.1218078883620677,6573,48,902,0.2341723174653528,6.4194297261308995,237,37.74768518518518,13.654172898541399,0.8729557721199582,22.975600126647784,0.4502414029153869,36.0,1558656,9.123801850570086,52.52080639282753,26.530072892342602,13.708393429150037,30.06365740740745,0.05979102849960327,12476.2080078125,0.0076269833,0.0003,10257.245324028863,-45.54009554827655,15599.246037688079,0.2,0.039872685185185185,9010,-0.022467438517897217
0.8368055555555556,28.40740740740741,0.927569691739856,16.847367496852108,6.7489392192719615,11.415950960107802,0.0,-1013.45002403,30.583885933475905,17.874263497070448,37.61574074074074,0.12402927269627398,6580,48,903,0.22143586499406112,6.426370979500915,237,37.66493055555556,13.482477317472345,0.8724502306611411,23.00028578539046,0.44070313763805435,36.0,1560384,9.276501348006377,52.46547808204036,26.51013860302345,13.380550769128646,30.497685185185176,0.10140860080718994,15327.625,0.00804033,0.0003,9657.76250519929,-45.53286908467611,18985.512467447916,0.2,0.04456018518518518,9020,-0.021775584956803533
0.8564814814814815,28.490740740740744,0.9270098668806076,16.89083378960506,6.795058676737878,11.384504323140982,0.0,-1008.6538660800001,30.616682340402434,17.805983067929763,37.50000000000001,0.12781370909880005,6587,48,904,0.2233677494967923,6.432748793766547,237,37.52777777777778,13.511270789726199,0.8731324268634921,23.024800743060286,0.4414113258955875,36.0,1562112,9.051125706252646,52.44736963916389,26.54226449094114,13.418562770612253,29.846643518518526,0.09760713577270508,15911.193359375,0.006565177,0.0003,9254.136783967195,-45.54044924135561,20124.440011935763,0.2,0.022858796296296297,9030,-0.017078514281591333
0.8553240740740741,28.472222222222225,0.9198522004804244,16.582364869007463,6.751675535987256,11.124844955101366,0.0,-1010.4950869199998,30.64956383189004,17.853318684823503,36.68981481481482,0.125873238825048,6594,48,905,0.22161926124104092,6.439330734565774,237,37.61863425925926,13.505844377918839,0.8725912296664524,23.049434039772343,0.44273974012802464,36.0,1563840,9.132776319691114,52.44464157096147,26.524883818129272,13.45259659504159,30.10706018518525,0.0775650143623352,12004.2099609375,0.009072461,0.0003,8324.093240158647,-45.531601686830875,28636.71413845486,0.2,0.04675925925925926,9040,-0.020600095122224753
0.8107638888888888,27.712962962962962,0.9175223326960332,15.52835157162565,6.280433825858162,10.905174382836181,0.0,-1012.1886125700001,30.682457413209452,17.879768772789276,35.995370370370374,0.1188141211452857,6602,48,906,0.20598967524987036,6.4458824962551695,237,37.682291666666664,13.142743362931308,0.8639372320564732,23.074133461704317,0.4430390772543201,36.0,1565568,9.120704675757935,52.3273422378646,26.226974104982144,13.457432527765889,30.04918981481487,0.08567678928375244,22792.517578125,0.008556786,0.0003,8865.977234423603,-45.51867114879467,29342.312221498843,0.2,0.04398148148148148,9050,-0.020253292952353754
0.8304398148148148,27.685185185185187,0.922869748669197,14.284400352878999,6.846477993516136,9.103889734592192,0.0,-1010.9252394300003,30.715099139880376,17.830959445513177,30.09259259259259,0.12148419461530878,6609,48,907,0.2244297443502595,6.452107276679338,237,37.573495370370374,13.13403262477067,0.8680703681220132,23.0987108603181,0.43914585528073347,36.0,1567296,8.989912169667369,52.342314662842234,26.36002721495379,13.35669066836927,29.600694444444485,0.05863821506500244,17590.2890625,0.006127906,0.0003,9304.592469278972,-45.507060778582535,24442.564203559028,0.2,0.02181712962962963,9060,-0.015749878576025368
0.8668981481481481,27.73148148148148,0.9256420234814909,14.378509441350372,6.903313799155892,9.125228671499633,0.0,-1009.3419187299999,30.747794830915616,17.85074350039228,30.092592592592595,0.1314106925153087,6616,48,908,0.2267564706032528,6.458802075164129,237,37.60358796296296,13.149966970694846,0.8668920067193305,23.12333771906908,0.4394035528718701,36.0,1569024,9.177919393916197,52.36750645269546,26.326409150338616,13.378276414096385,30.302372685185222,0.04598033428192139,12326.931640625,0.0056925076,0.0003,8991.283788158276,-45.506714714898,23408.58777126736,0.2,0.025636574074074076,9070,-0.018772968848201413
0.8165509259259259,27.259259259259256,0.9145140302771475,14.250639142330394,6.6814176934236365,9.446580015200256,0.0,-1006.9968698900001,30.780074925903904,17.70282876945969,31.25000000000001,0.11734367607269765,6623,48,909,0.21923012938442463,6.465065101667683,237,37.298611111111114,12.9226414337065,0.8676837296497659,23.14759479099273,0.4348845450287283,36.0,1570752,9.005210601421945,52.309857420682285,26.3510424469834,13.21203799531471,29.673032407407437,0.07749003171920776,16204.4462890625,0.009661389,0.0003,8473.571148243656,-45.489767385412144,29043.65982349537,0.2,0.04565972222222222,9080,-0.018956961420675118
0.8327546296296297,27.555555555555557,0.9260795477006581,14.697250792823434,6.625831348558912,9.815756836125646,0.0,-1008.26448324,30.812607657143968,17.84966337176095,32.52314814814816,0.1214416652947791,6630,48,910,0.2176122512803684,6.472200604703699,237,37.608217592592595,13.055662608138876,0.8653696703410413,23.172218949422135,0.43846681847821395,36.0,1572480,9.354201214406045,52.2820914428763,26.2707944914569,13.313092496025357,30.78703703703711,0.0490187406539917,28607.65625,0.011622228,0.0003,7261.500784895155,-45.4698599073622,41921.09952256944,0.2,0.07627314814814815,9090,-0.024208744087566934
0.8223379629629629,27.333333333333332,0.9176593784352876,14.628473930465034,6.528859201746665,9.952148818991548,0.0,-1007.7844938200001,30.84454852912923,17.707568180578104,32.870370370370374,0.12113331787576011,6638,48,911,0.21517161931817286,6.479652492116093,237,37.3119212962963,12.947465909726821,0.8650647083196743,23.19648786987358,0.4302145595942084,36.0,1574208,9.48075496495804,52.25102920294315,26.268245545387913,13.076348794105492,31.192129629629676,0.12698853015899658,17639.662109375,0.0072485525,0.0003,9435.508577191387,-45.46918408429181,22332.40339626736,0.2,0.03466435185185185,9100,-0.014853144554352318
0.8379629629629629,27.490740740740744,0.9162083577876883,14.918356409409549,6.668046865658828,10.015837821266585,0.0,-1010.4032185400001,30.877008801381013,17.86200622838415,33.101851851851855,0.11923343759706365,6645,48,912,0.21919115738078443,6.486900817585233,237,37.630208333333336,13.034471722484136,0.8650861712572206,23.22114288544454,0.4367770796391344,36.0,1575936,9.399330187655579,52.27633915546037,26.274574058955817,13.284108900712818,30.996817129629623,0.058708369731903076,12450.986328125,0.010419513,0.0003,8721.476767179702,-45.471220072993525,32443.014138454862,0.2,0.06851851851851852,9110,-0.02473469643543164
0.8263888888888888,27.046296296296294,0.9070693860077758,14.819816911135003,6.286901681997399,10.510119499816007,0.0,-1018.7220937799998,30.909974402028695,17.899673617762897,34.72222222222222,0.12080889719057569,6652,48,913,0.2068041559899344,6.493716949569354,237,37.70891203703704,12.822795729321598,0.859770118737794,23.245892069488946,0.4434110933095268,36.0,1577664,9.226452793648546,52.19670669130943,26.11474391134571,13.486240259073341,30.381944444444365,0.05858290195465088,19615.5078125,0.008522522,0.0003,8009.829169435854,-45.49345727143464,32951.01144386574,0.2,0.046296296296296294,9120,-0.021342341751895016
0.8408564814814815,27.37037037037037,0.9185857450464774,15.374374399372872,6.459195520822953,10.730129361871908,0.0,-1021.56283264,30.94276265829467,17.78360649780187,35.41666666666667,0.12316485635275504,6659,48,914,0.21220766952818346,6.5004524876359016,237,37.47743055555556,12.98504951667801,0.8600177787501524,23.270351085733452,0.44198980452482955,36.0,1579392,9.194215226619255,52.236417940379056,26.128483620534112,13.415302506389606,30.230034722222214,0.12147706747055054,21048.02734375,0.0071455743,0.0003,7680.439212318703,-45.50663319340459,27886.15138527199,0.2,0.032060185185185185,9130,-0.018393053190299758
0.84375,27.39814814814815,0.9155652738808105,15.447942267150998,6.746373144431462,10.495831474036725,0.0,-1022.1690584100002,30.975890700012002,17.82068658534159,34.72222222222223,0.12247622519923143,6666,48,915,0.2211063011055396,6.507013283768275,237,37.55555555555556,13.00573764868281,0.8633975184931771,23.294902802196805,0.44618344534993,36.0,1581120,9.12431845294933,52.2450384556962,26.242966623286065,13.551216686933051,30.034722222222204,0.05906921625137329,12881.3671875,0.005095956,0.0003,8358.351235453289,-45.50789178918909,31817.868619791665,0.2,0.01747685185185185,9140,-0.015278406352391121
0.8333333333333334,27.611111111111114,0.9270612468426348,15.532409130846938,6.818276209860447,10.408638315184085,0.0,-1024.22479959,31.008852971637513,17.798480369283993,34.49074074074074,0.12190120551204696,6674,48,916,0.22326390315698888,6.513507495438702,237,37.498263888888886,13.105494605802406,0.8648814497779901,23.319399003120015,0.44331265636624695,36.0,1582848,9.097684668170734,52.25551661713365,26.278423116603776,13.484908650204984,29.984085648148113,0.1052161455154419,13443.951171875,0.0067206468,0.0003,8232.194313077573,-45.51238807395652,27991.94837962963,0.2,0.026504629629629628,9150,-0.016475439254470446
0.8518518518518519,27.287037037037038,0.9235427198802945,15.021439339829948,6.791046534511204,10.083176037646878,0.0,-1026.3403213,31.041866523585274,17.914518975740254,33.449074074074076,0.12556113885122266,6681,48,917,0.22230433037259045,6.520237279110327,237,37.745370370370374,12.947216767671867,0.8655417840378655,23.344185300559367,0.4446045252945399,36.0,1584576,9.191913468649785,52.26542453040805,26.29943153642395,13.505420779104405,30.222800925925895,0.10032981634140015,10972.4267578125,0.007548523,0.0003,9606.646572084781,-45.52310898392289,26747.70339626736,0.2,0.03315972222222222,9160,-0.017431596085360206
0.8240740740740741,26.86111111111111,0.9162142632953539,14.40830573930032,6.708669076838704,9.757063557984806,0.0,-1030.11455932,31.075080578649654,17.908611986827797,32.291666666666664,0.12366023721898843,6688,48,918,0.21979024501349861,6.526551528764561,237,37.739004629629626,12.742573104476811,0.8654916794838621,23.368956830526436,0.4468851247788599,36.0,1586304,9.025699861693381,52.279352421641306,26.293645429879216,13.585622025752897,29.745370370370377,0.13431262969970703,19461.634765625,0.008969437,0.0003,8727.89558368259,-45.51518226906105,25134.570551215278,0.2,0.04959490740740741,9170,-0.022407611419826196
0.8373842592592593,26.935185185185187,0.9195604477322983,14.575876370975084,6.842554073405657,9.759442173116527,0.0,-1029.55975506,31.108023281097815,17.786403110718624,32.291666666666664,0.12176642558651657,6695,48,919,0.2246751566734004,6.533517747398468,237,37.479166666666664,12.7738801244529,0.8673447269844289,23.393422838303234,0.443132481576625,36.0,1588032,9.2864874535629,52.26407393993165,26.353895108317044,13.477080979264171,30.570023148148152,0.08879280090332031,20287.6484375,0.0054236795,0.0003,9828.628425033005,-45.50747697618272,23884.331007667824,0.2,0.023032407407407408,9180,-0.016123467616529927
0.828125,27.212962962962962,0.9179927429122116,14.862469369694624,6.946282514083692,9.811320695907542,0.0,-1027.59375407,31.140872238677396,17.7820168758106,32.523148148148145,0.11868192960690802,6703,48,920,0.22794337552200486,6.540315788944533,237,37.480324074074076,12.90486615970339,0.8669020156616494,23.41787788049276,0.4422821622589416,36.0,1589760,9.21921661842613,52.291538139748305,26.331780756854567,13.439583031832505,30.36747685185188,0.1294260025024414,10296.126953125,0.007487723,0.0003,8318.456245761448,-45.511647923787436,24111.298990885418,0.2,0.03373842592592593,9190,-0.0186582844376702
0.8425925925925926,27.09259259259259,0.9314919172749527,14.24374270365711,6.987250462030602,9.219430050558266,0.0,-1033.52107219,31.174504419142114,17.916451181516354,30.55555555555556,0.12747615648002297,6710,48,921,0.22982168891877852,6.546470148906927,237,37.739583333333336,12.837062191068243,0.8660085727985343,23.44266900844655,0.4522426445607644,36.0,1591488,8.961743984957385,52.2855673330781,26.29908755847694,13.752872185886714,29.51388888888894,0.02016580104827881,17922.857421875,0.0060733734,0.0003,9072.50991841069,-45.50684714140716,34604.89390190972,0.2,0.02210648148148148,9200,-0.015334007480285234
0.8582175925925926,26.703703703703706,0.9326587006531152,13.686120319340219,6.900381197561817,8.929277645223387,0.0,-1031.98624562,31.206859177767186,17.861109133717495,29.629629629629633,0.12726449710631227,6717,48,922,0.22657476930875778,6.553776492265305,237,37.648148148148145,12.656461476555016,0.8651282453327126,23.467321781280845,0.4353988947671071,36.0,1593216,9.422537343351353,52.30744068918568,26.280433490227267,13.241903450028905,31.076388888888896,0.09925436973571777,15505.4853515625,0.004666194,0.0003,10481.187018387405,-45.50804978829843,19813.25642722801,0.2,0.011863425925925927,9210,-0.014877860599059474
0.8130787037037037,27.166666666666668,0.9114861656606993,13.65105846571228,7.332077603578213,8.23141945683199,0.0,-1023.9030988899999,31.239144159087125,17.788701142814777,27.199074074074076,0.11834415434515097,6725,48,923,0.24082114772505223,6.560737668801861,237,37.480324074074076,12.887561405302078,0.8632439237441348,23.49179353413788,0.43484184515739555,36.0,1594944,9.284470614622183,52.28210775877912,26.225390075291816,13.21399252797542,30.555555555555504,0.022067725658416748,17062.359375,0.008013736,0.0003,10388.259426088687,-45.50677100287543,23297.84125072338,0.2,0.04207175925925926,9220,-0.02281145426030788
0.8200231481481481,27.805555555555557,0.9181815553114195,14.32299429566521,7.8400934393390616,8.091307165939336,0.0,-1030.17115196,31.272411946023812,17.841484503422585,26.736111111111114,0.11865221006637021,6732,48,924,0.2578767075800741,6.566808526589947,237,37.592592592592595,13.191593690386812,0.8701649080601181,23.516397245396437,0.4474182541167763,36.0,1596672,8.928343115234615,52.34258857375889,26.427216581913484,13.607114774674757,29.477719907407458,0.06685304641723633,27475.751953125,0.010600321,0.0003,7269.776342971237,-45.51353204515245,31907.512485532407,0.2,0.062094907407407404,9230,-0.02169011571203117
0.8350694444444444,27.990740740740744,0.9226143929214501,15.357266426046735,7.232373475298176,9.650302277997437,0.0,-1034.3055078099999,31.305271705875473,17.827610532349592,31.82870370370371,0.123488350023531,6739,48,925,0.238013455762445,6.573551670294399,237,37.56539351851852,13.274590672751122,0.8680767183266557,23.54096627172731,0.4422387764970293,36.0,1598400,9.197257481780722,52.31824028823269,26.378481206743903,13.44390394066374,30.26620370370371,0.09518808126449585,23895.056640625,0.0067706252,0.0003,8069.791921036332,-45.52411003112793,38668.668561921295,0.2,0.025520833333333333,9240,-0.01628129263580949
0.8651620370370371,27.64814814814815,0.9208904287578572,14.922073036916153,6.9740229207829465,9.625588383580144,0.0,-1034.76436323,31.338094017512965,17.875390071708413,31.712962962962962,0.12449867510391807,6746,48,926,0.22925356554578036,6.580257419093362,237,37.66493055555556,13.122461732553063,0.8656205700882174,23.56565474690658,0.44237572993887675,36.0,1600128,9.182299519585424,52.25606249931388,26.294026844263584,13.428924654997482,30.186631944444425,0.07800370454788208,13876.29296875,0.005973878,0.0003,8932.837640550402,-45.523492078427914,25495.536592158565,0.2,0.022858796296296297,9250,-0.018836421752348544
0.8599537037037037,28.222222222222225,0.9155673312969502,14.07977122452546,7.994534966445015,7.49119317003554,0.0,-1033.1811547799998,31.37055318632757,17.835111389653125,24.884259259259256,0.12358240191569336,6753,48,927,0.2623301447838961,6.5871550570244235,237,37.578125,13.394043088044905,0.8718381293556088,23.590242525380713,0.4370802721104819,36.0,1601856,9.259055172424342,52.36304490098316,26.491516537363207,13.283667525841116,30.49768518518518,0.07705408334732056,17738.29296875,0.0073316516,0.0003,9264.102583284732,-45.50944865191424,29081.91925274884,0.2,0.0375,9260,-0.019088924979722057
0.8304398148148148,28.055555555555554,0.9223288627020075,14.317669665435789,7.722140890546329,8.08163278811048,0.0,-1033.0538125699998,31.40327703282777,17.909583778021926,26.85185185185185,0.1217396552620731,6761,48,928,0.2531989053866475,6.5935463795706735,237,37.73148148148148,13.313895986778979,0.8672050143410078,23.61501648482577,0.4405018543465432,36.0,1603584,9.056529018499953,52.30628590571473,26.35274959773342,13.389538600080153,29.774305555555635,0.049908220767974854,30802.708984375,0.017346933,0.0003,6876.132191198843,-45.50393129984538,38820.192766203705,0.2,0.11782407407407407,9270,-0.02812775405537751
0.84375,27.796296296296294,0.9301486171699668,13.348185763914012,7.8722696533014265,7.082751485227398,0.0,-1039.40638199,31.436569070000004,17.930511642711952,23.49537037037037,0.12420553446506681,6768,48,929,0.2584040854841491,6.599239313165253,237,37.79050925925926,13.193164625385188,0.8707968559679221,23.63984276393255,0.4477244416909277,36.0,1605312,8.777173437831694,52.268368746711076,26.458975238191098,13.616814868893707,28.935185185185198,0.09541970491409302,27331.53515625,0.0093092425,0.0003,7975.530975094548,-45.494839915522824,48540.28118489583,0.2,0.058159722222222224,9280,-0.0232841943718355
0.8663194444444444,27.472222222222225,0.9221959665613718,13.77839042226468,7.44518325771704,8.098270651496339,0.0,-1038.0034988,31.469139907673604,17.788265363304262,26.736111111111114,0.1281240309236038,6775,48,930,0.24480148218584238,6.606138171555892,237,37.4994212962963,13.034936513051301,0.8719553054351215,23.664313427340808,0.4392397743796738,36.0,1607040,9.25954335625553,52.32799653380308,26.466054376675288,13.328335069439612,30.4398148148148,0.0810009241104126,13020.2822265625,0.008306825,0.0003,10020.076817321777,-45.491321916933416,26522.796137152778,0.2,0.04097222222222222,9290,-0.01923950535279733
0.8570601851851852,28.083333333333332,0.9232729136566609,14.610344720431868,7.9153998408860815,8.163914717937512,0.0,-1039.11499906,31.502107934049462,17.885742091878452,26.96759259259259,0.12625227254209098,6782,48,931,0.2599872739824211,6.612871142164393,237,37.68402777777778,13.331030161608275,0.8742898517606773,23.689027782570506,0.4438767486044623,36.0,1608768,9.193188243400453,52.37224983694798,26.556389926104078,13.487210550343363,30.33854166666668,0.10022670030593872,10223.1025390625,0.007210067,0.0003,10060.139610714383,-45.504575913040725,22923.402647569445,0.2,0.028877314814814814,9300,-0.017972093887834086
0.8396990740740741,28.59259259259259,0.9201455743532845,15.544653255630676,7.742717018357382,9.03796648477302,0.0,-1043.68275469,31.535209926255924,17.913589478190897,29.74537037037037,0.1227293168406034,6790,48,932,0.2549311254698525,6.619305046286991,237,37.74768518518518,13.563969752500272,0.8726213528099752,23.713811756265983,0.44512763084148255,36.0,1610496,9.073561649038973,52.295153666623236,26.514059554282067,13.540796882584411,29.890046296296283,0.06523174047470093,12874.01953125,0.0075989836,0.0003,9355.635718903719,-45.518548004715534,29470.422884114585,0.2,0.03993055555555555,9310,-0.020431365193454204
0.8402777777777778,28.416666666666668,0.914140132052704,15.06725765433332,7.80612688558723,8.56939616695597,0.0,-1046.54393145,31.568515293764367,17.872634592079557,28.240740740740744,0.12442619452088173,6797,48,933,0.25638913473315883,6.625554654580769,237,37.65856481481482,13.49173460179012,0.870383082172009,23.73849334274618,0.44811478434526963,36.0,1612224,8.999843317511237,52.320170542222506,26.44515909360976,13.622147003377622,29.651331018518572,0.09965991973876953,18288.51171875,0.0057050698,0.0003,10107.17207562482,-45.5193753419099,26387.464742476852,0.2,0.0234375,9320,-0.017864600041260323
0.8310185185185185,29.314814814814813,0.9171535564989822,16.30601309941749,8.277031100344901,8.906943854291436,0.0,-1049.62858863,31.60197139662736,17.900521224061997,29.398148148148152,0.12016096368965123,6804,48,934,0.27186765202360863,6.631938111396255,237,37.711226851851855,13.922038144781153,0.8715818904755436,23.76324464580634,0.4493879089975193,36.0,1613952,9.053382726194029,52.32636611944159,26.48021983392323,13.682441145196409,29.846643518518498,0.07890564203262329,19149.94140625,0.008209664,0.0003,7615.100064185814,-45.52354367574056,30049.18941695602,0.2,0.042881944444444445,9330,-0.013682070017481843
0.8512731481481481,29.166666666666668,0.9254195595950568,16.248693048238742,7.79237267310564,9.397959973965284,0.0,-1050.22095057,31.634741535362895,17.897947597544086,31.018518518518523,0.121102729456672,6811,48,935,0.2551577400589801,6.638677187634367,237,37.7193287037037,13.858360401167817,0.8668237787677291,23.7879895148002,0.44159492350233187,36.0,1615680,9.195630495244925,52.271017100359934,26.34601443694577,13.408055494214713,30.29513888888889,0.09342962503433228,20924.05078125,0.0049002985,0.0003,9577.333234829373,-45.519607614587855,31505.27627314815,0.2,0.01747685185185185,9340,-0.013549525970248161
0.8408564814814815,30.009259259259263,0.9222878545145597,17.428860713287705,8.255794478078455,9.726119480554805,0.0,-1050.8576233299998,31.668229728485258,18.003268911254004,32.06018518518518,0.12071103438890872,6819,48,936,0.2710315251181311,6.644884693158321,237,37.92766203703704,14.246946754654445,0.8671016064418019,23.812997687078333,0.45087015560504756,36.0,1617408,8.983002209581537,52.25882648849093,26.358532959266977,13.69527724894572,29.506655092592656,0.06963211297988892,16210.0615234375,0.010010376,0.0003,9037.8736713692,-45.523185673466436,32621.471166087962,0.2,0.05005787037037037,9350,-0.019583179532653757
0.8628472222222222,30.305555555555557,0.930607390220072,17.38367183187271,8.512147893594438,9.274870498634472,0.0,-1053.5120447800002,31.70127617470504,17.96532517485034,30.555555555555557,0.1235746741781208,6826,48,937,0.2791380019312148,6.651337489450194,237,37.85590277777778,14.3966534396438,0.8709187692744762,23.83791100001546,0.44490092873877357,36.0,1619136,9.08111851674902,52.33258769520063,26.473714666667075,13.518578487912167,29.890046296296312,0.10025465488433838,19198.259765625,0.0071565993,0.0003,9963.785126636647,-45.52841641461408,28425.92462745949,0.2,0.030613425925925926,9360,-0.01839221954104249
0.8587962962962963,29.824074074074076,0.9228139981991552,17.214668354435673,7.880037242792054,9.96609987877732,0.0,-1054.3895547600002,31.734716550855303,17.9162083415741,32.870370370370374,0.12005957122969457,6833,48,938,0.25816639773938016,6.6573162042016225,237,37.75231481481482,14.168531232866298,0.86630701743093,23.862701520869393,0.4503903306297947,36.0,1620864,8.891485900571366,52.28692482354973,26.336351716614292,13.67615046010535,29.267939814814806,0.011671304702758789,9796.6923828125,0.0050105136,0.0003,10520.558663488317,-45.52709782918294,19886.302643952546,0.2,0.016724537037037038,9370,-0.013702440258391478
0.8674768518518519,29.36111111111111,0.9283722441732045,16.317363199006422,7.750148429347175,9.426662973529025,0.0,-1057.8451773000002,31.76792477912862,17.97857997760624,31.134259259259263,0.12735477905595433,6840,48,939,0.25408217038194647,6.664123826786107,237,37.889467592592595,13.94055179613022,0.8669981356660972,23.887647970813408,0.4470914827265966,36.0,1622592,9.223049033793819,52.27472247940839,26.341455118328412,13.583291309327379,30.41087962962954,0.07492250204086304,20161.462890625,0.010129855,0.0003,9375.260308498806,-45.526082102457686,28275.154897280092,0.2,0.05520833333333333,9380,-0.023934551795806596
0.8761574074074074,29.472222222222225,0.9272259612272847,16.854704774970237,7.810832537812878,9.845685556753441,0.0,-1057.58999744,31.801232678434676,17.95462337257979,32.523148148148145,0.12613419271549697,6847,48,940,0.25587553856330075,6.670493779902103,237,37.828125,13.998186680403919,0.8661276159702497,23.91253452924486,0.44766256945815724,36.0,1624320,9.047981246398406,52.2486379236364,26.330892847206893,13.623159722422754,29.8394097222222,0.08637386560440063,16382.9853515625,0.0066340626,0.0003,10058.432888765688,-45.52759960315846,31599.951150173612,0.2,0.03113425925925926,9390,-0.020647451790325618
0.8240740740740741,28.861111111111114,0.9229100511552356,16.03481902229681,7.494580008068734,9.624892817527481,0.0,-1060.59866371,31.83474235852544,17.9723858028347,31.8287037037037,0.11705679422197574,6855,48,941,0.24505066626462993,6.677075203905192,237,37.85243055555556,13.715346196700594,0.8613401965934391,23.937465493751944,0.45044540917037257,36.0,1626048,9.132569601235359,52.20702780025118,26.187104113012698,13.703872036305699,30.063657407407405,0.07107299566268921,24655.0859375,0.00737242,0.0003,8840.193423235858,-45.543430709838866,31831.661317274305,0.2,0.032060185185185185,9400,-0.017044510409511902
0.8576388888888888,29.35185185185185,0.9233864879211718,16.172215356438922,7.856197652833443,9.197334507779479,0.0,-1060.05300327,31.868202240365754,17.819479691099705,30.324074074074076,0.12698661038158618,6862,48,942,0.2585940213499431,6.683240390674525,237,37.5462962962963,13.918683195826,0.8682216565342219,23.962014192979694,0.449277425224603,36.0,1627776,8.966074707733481,52.3086857509694,26.382390333977725,13.683952736126235,29.571759259259306,0.1527295708656311,20436.2265625,0.007595902,0.0003,9682.999611918132,-45.54999068931297,28423.344856770833,0.2,0.0328125,9410,-0.018728480907157063
0.8460648148148148,29.083333333333332,0.9216017859575686,16.107772303974215,7.847507954026452,9.256058393277128,0.0,-1062.64499624,31.902022963413486,17.915983861225826,30.555555555555557,0.12295694063240667,6869,48,943,0.2576414796244482,6.689199352279197,237,37.736111111111114,13.804205956670634,0.8668837257498737,23.986804152632757,0.454512901972555,36.0,1629504,8.883584641868783,52.2759222903618,26.34344276713631,13.828289219092701,29.304108796296333,0.07857245206832886,16927.833984375,0.006073572,0.0003,9803.043926719383,-45.56555931656449,31670.07587890625,0.2,0.027141203703703702,9420,-0.018982862829472178
0.8674768518518519,29.39814814814815,0.9181464816529487,16.370696542170954,8.117849863251932,9.091329576369509,0.0,-1065.47885851,31.93538427037765,17.880183572810797,29.97685185185185,0.1286291526547769,6876,48,944,0.2662117119547502,6.695782665528939,237,37.69097222222222,13.961517102549513,0.8698882594936159,24.011504611564785,0.44818306133357944,36.0,1631232,9.13332529989684,52.30595571866735,26.441195040455028,13.644522785665641,30.078124999999996,0.07394808530807495,18855.970703125,0.00766901,0.0003,9948.200942032425,-45.56182232609502,32067.814677372684,0.2,0.03998842592592593,9430,-0.01920344373556199
0.8651620370370371,29.166666666666668,0.9171647850568687,15.65029056516517,8.003296745097172,8.603090832567643,0.0,-1059.0934652,31.968257041714725,17.840469618235296,28.356481481481485,0.12701539785251484,6883,48,945,0.2630131607516612,6.702384722233282,237,37.58159722222222,13.843902987500355,0.8682135705036416,24.036105785610374,0.44245999600275226,36.0,1632960,9.140822681737276,52.29326335357654,26.397769341957783,13.449108534829763,30.02748842592596,0.09461569786071777,28899.025390625,0.008970554,0.0003,8449.712049498381,-45.559877692328556,36592.087839988424,0.2,0.04670138888888889,9440,-0.021529663395550517
0.8530092592592593,28.777777777777782,0.9232351306420541,14.660883591205161,7.825661386174519,7.981296472554367,0.0,-1059.6538990699999,32.00162221485919,17.909426519993968,26.273148148148152,0.12448682349157464,6891,48,946,0.25726919686035155,6.708956123262841,237,37.730324074074076,13.653925732476276,0.8618428016553787,24.06087935191036,0.44873007498354794,36.0,1634688,9.128560411823543,52.113710104434084,26.209115856363002,13.646069257786031,30.034722222222236,0.14054125547409058,21953.310546875,0.0069670933,0.0003,7218.49379385489,-45.5433699855098,40425.83553240741,0.2,0.03142361111111111,9450,-0.01770829175495439
0.8506944444444444,29.14814814814815,0.932593468757088,15.225828623236856,8.087350547784114,8.108886607285974,0.0,-1067.30345602,32.03527043955121,17.920366350207804,26.736111111111114,0.12234286033793781,6898,48,947,0.2659715031241411,6.715043207395728,237,37.75347222222222,13.829591468166766,0.8630746830205882,24.08568026778588,0.45206948031108113,36.0,1636416,8.93483365315447,52.21375433461822,26.240475609744323,13.759289876808454,29.434317129629587,0.09425550699234009,23522.39453125,0.006417039,0.0003,10222.37211586281,-45.5510134379069,31036.461447482638,0.2,0.02355324074074074,9460,-0.017022569127449833
0.8611111111111112,29.203703703703706,0.9212607819061897,15.226885143073577,8.13500694459888,8.035720893085673,0.0,-1067.63986131,32.06828300178694,17.97270745814167,26.50462962962963,0.12363515992471319,6905,48,948,0.26766059948975207,6.721636998338974,237,37.85706018518518,13.856157305389026,0.8650070074815591,24.110612036431235,0.4440185668907998,36.0,1638144,9.137516377298669,52.329164237442704,26.278248029090623,13.505024894289988,30.08535879629638,0.12407898902893066,12291.28515625,0.0066058906,0.0003,10152.404773005734,-45.54546513027615,25228.72037037037,0.2,0.03194444444444444,9470,-0.01952936395795809
0.8327546296296297,29.240740740740737,0.9212905742325994,15.435667770020702,8.179628264571619,8.178643317564477,0.0,-1067.1428423299997,32.10162127195302,17.9078628928047,26.96759259259259,0.11969790643172387,6912,48,949,0.2688305910528184,6.727617137080305,237,37.739004629629626,13.877396187884605,0.8619959642661182,24.135381693663245,0.44886444498474487,36.0,1639872,8.892055496532112,52.21063324161068,26.195540626694605,13.635308066432868,29.275173611111054,0.1075371503829956,17940.849609375,0.010136108,0.0003,8357.784340031942,-45.53521095558449,36125.67757523148,0.2,0.057060185185185186,9480,-0.0210660537670332
0.8715277777777778,28.76851851851852,0.9277399710196169,15.631606376234958,7.712919648443453,9.052533481441179,0.0,-1067.7521774400002,32.13473595915086,17.95937527559381,29.74537037037037,0.12450847052558821,6919,48,950,0.25343816915236306,6.734175424332426,237,37.851273148148145,13.666153246350325,0.8610504609869526,24.16028013185223,0.4451493963609862,36.0,1641600,9.123314900848298,52.177132356976564,26.153212341563705,13.545874879134963,30.07812499999995,0.09071117639541626,28468.267578125,0.00888049,0.0003,9810.74065719887,-45.54309642933033,32154.196393952545,0.2,0.038425925925925926,9490,-0.01800359855061052
0.8825231481481481,28.35185185185185,0.9225551832443485,15.569678367120924,7.391772808162426,9.51084851182499,0.0,-1064.5897519300001,32.167194699726345,17.958293818431688,31.365740740740744,0.12869224507495539,6926,48,951,0.2426852145263888,6.741307710620887,237,37.83796296296296,13.467057047133506,0.8645407319102847,24.185175866398307,0.43731888477208114,36.0,1643328,9.352914515384871,52.255877900843025,26.25653885427234,13.283496230194134,30.77980324074073,0.0847284197807312,18534.296875,0.005249942,0.0003,11054.265924439607,-45.53920829207809,26671.768359375,0.2,0.01545138888888889,9500,-0.017070403155284346
0.8489583333333334,28.194444444444443,0.9216318840566653,15.717774488928477,7.274884801301913,9.855018943821438,0.0,-1067.41610573,32.20059777492736,17.915180630510566,32.40740740740741,0.1244758371415959,6934,48,952,0.23927931676765848,6.747885367481814,237,37.744791666666664,13.387870743805125,0.8573651444038486,24.209963817974582,0.44947216476529805,36.0,1645056,9.13106274437071,52.127595491107456,26.04222060594365,13.661230080404906,30.063657407407412,0.06635737419128418,32160.40234375,0.0061922516,0.0003,9306.322555711535,-45.538542895846895,30488.30545066551,0.2,0.024537037037037038,9510,-0.01846441474087812
0.8512731481481481,27.703703703703706,0.9180574789032294,15.083287505943817,6.771936897087912,9.950521506994614,0.0,-1071.0011909700002,32.23358664921088,17.94618691744318,32.75462962962964,0.1232181053456986,6941,48,953,0.22217406269374929,6.754239262894416,237,37.79976851851852,13.16082910186129,0.8601586481212106,24.23482928526819,0.44385508777414073,36.0,1646784,9.041558165040694,52.233848183892206,26.117332375290232,13.495549713407511,29.796006944444482,0.119509756565094,25471.23046875,0.004358806,0.0003,11102.637612067329,-45.547858019228336,29164.435492621527,0.2,0.014699074074074074,9520,-0.01479580451010002
0.8587962962962963,27.564814814814813,0.9247530105174688,15.449279984498238,6.473238419683624,10.685455332238476,0.0,-1068.79222451,32.26654417276573,17.85918055767861,35.18518518518518,0.1267647671313689,6948,48,954,0.21253472888812705,6.760760735708671,237,37.6255787037037,13.090586232576138,0.8596396890210949,24.259477236662388,0.4438610667101483,36.0,1648512,9.108589125702144,52.22616179808093,26.107958029994744,13.48300942194002,29.969618055555593,0.0629759430885315,29824.482421875,0.00828145,0.0003,9060.549324176929,-45.544442014341,38931.67612485532,0.2,0.036631944444444446,9530,-0.01720939835757707
0.8611111111111112,27.37037037037037,0.9213474429383136,15.046510908576062,6.447516046691551,10.398987964695587,0.0,-1067.24243521,32.299560868887056,17.80884982215849,34.25925925925926,0.12729199009013994,6955,48,955,0.21128452294901368,6.76716849169881,237,37.52199074074074,13.000006897188923,0.8575935878944821,24.283999361217784,0.44372523630394456,36.0,1650240,9.063102396055546,52.20404532683552,26.065092964356733,13.5066784485309,29.846643518518505,0.08195370435714722,43533.3515625,0.0057116295,0.0003,9168.660414151793,-45.53296537046079,39268.484143518515,0.2,0.023900462962962964,9540,-0.0172987242281023
0.8182870370370371,27.712962962962962,0.9160029864896628,15.001898996945974,6.883117318825923,9.760138467271283,0.0,-1068.3360113500003,32.33252979903084,17.873390380932495,32.06018518518519,0.11813127669843719,6963,48,956,0.2262713202340462,6.773698010259299,237,37.65046296296296,13.158643210848767,0.8639369894191877,24.308682837170114,0.44380041654675995,36.0,1651968,9.111807424195323,52.25755606318695,26.2561735576995,13.487572057512578,29.991319444444414,0.07035374641418457,23082.40625,0.008777153,0.0003,9039.77632039388,-45.53771023220486,36328.894480613424,0.2,0.04652777777777778,9550,-0.02197111808022277
0.8564814814814815,27.685185185185187,0.9238323695173435,15.130473061677394,6.914254202024201,9.87581408654745,0.0,-1074.47574847,32.365863986748,17.895733748210457,32.638888888888886,0.12299836337245833,6970,48,957,0.22718203177534754,6.779856495894637,237,37.72164351851852,13.140404773105743,0.8663989257914805,24.33342217154064,0.44870812811661476,36.0,1653696,8.963394254135425,52.33778321628492,26.326860251653155,13.633675086865608,29.550057870370406,0.06727331876754761,29060.14453125,0.0074033285,0.0003,9094.10821596075,-45.52761224817347,42209.87241030092,0.2,0.030729166666666665,9560,-0.019326326328640182
0.8292824074074074,27.64814814814815,0.9173054745937221,15.282897723918222,6.905374991062149,10.042233897956054,0.0,-1074.45757344,32.39872132206949,17.854652258554633,33.101851851851855,0.11686573446473435,6977,48,958,0.2267947267121531,6.786535827048859,237,37.61168981481482,13.135288834900019,0.8646198287546408,24.358058802187028,0.4420275636355435,36.0,1655424,9.171732461688896,52.30744148176666,26.268871221100753,13.442934128594912,30.222800925925956,0.08011877536773682,15835.6435546875,0.004851189,0.0003,10060.851712855587,-45.533576852303966,32472.77926070602,0.2,0.01840277777777778,9570,-0.016543043944208573
0.8443287037037037,27.675925925925924,0.9181931978094169,15.55514693595275,6.758989892943262,10.445711040620422,0.0,-1074.95191741,32.432039808433565,17.83411065035237,34.49074074074074,0.12111805433458975,6984,48,959,0.22141998528278797,6.793268410704146,237,37.5931712962963,13.150446002389065,0.8704229507604362,24.38264407881291,0.4481243414084616,36.0,1657152,9.193033462114402,52.42378181738648,26.45644672103317,13.627394545630125,30.287905092592617,0.06610977649688721,19729.9375,0.0073812297,0.0003,9498.247514964916,-45.52633279871058,36700.99600694444,0.2,0.03582175925925926,9580,-0.01768166889798724
0.8368055555555556,28.740740740740744,0.9188060279047439,16.094228344006915,7.36077129180151,9.88720467911775,0.0,-1080.00646187,32.465330210102834,17.94295325872052,32.638888888888886,0.11685619573663142,6991,48,960,0.2417499747235128,6.799620198479722,237,37.7974537037037,13.646252373087657,0.8669002790978713,24.40750146195971,0.44754846561941936,36.0,1658880,9.040715110230849,52.34842901840917,26.33289798529219,13.616160667708252,29.810474537037006,0.11179888248443604,25111.13671875,0.006663162,0.0003,9542.034611878571,-45.528703152691875,33093.287641059025,0.2,0.026504629629629628,9590,-0.01634052917016325
0.8310185185185185,28.555555555555554,0.919638954912299,16.197913336320806,7.314685668605798,10.114057365957933,0.0,-1075.43597427,32.49806237008534,17.81150982773774,33.333333333333336,0.1190761970222885,6999,48,961,0.24008328588703942,6.806209057249779,237,37.53761574074074,13.569170301757074,0.8688645393002831,24.432030236529055,0.4409133849633464,36.0,1660608,9.135543508022824,52.37472812358613,26.391030591749285,13.39286399300205,30.027488425925988,0.1276538372039795,15353.05078125,0.006820831,0.0003,9766.862553377505,-45.519149186876085,31599.619636140047,0.2,0.025405092592592594,9600,-0.018265623833846164
0.8454861111111112,28.64814814814815,0.9254015817330377,16.190520258883744,7.419103284434587,9.961287997016429,0.0,-1076.47405118,32.531372616446646,17.864393957012698,32.870370370370374,0.12236625241113674,7006,48,962,0.24359859639595774,6.812517960361506,237,37.63715277777778,13.61012897743273,0.8742286655250516,24.456691221421586,0.4479699765085491,36.0,1662336,9.023561244690542,52.3811479892556,26.556099199687907,13.62409854452256,29.71643518518518,0.05759406089782715,24513.1953125,0.0058875,0.0003,9011.974668121338,-45.518934150978374,36858.19133391204,0.2,0.018692129629629628,9610,-0.016392464311448512
0.8304398148148148,29.425925925925924,0.9212894376384168,16.765074042315,7.9664016495464125,9.623998375809908,0.0,-1081.81718774,32.56463381152483,17.911168252917754,31.712962962962962,0.11846548720492778,7013,48,963,0.26214624777911283,6.818793100148656,237,37.739004629629626,13.97467401695868,0.8732008494035702,24.481469142053882,0.4476915438108851,36.0,1664064,9.01005591486029,52.391000695130806,26.53179162210837,13.604478031274091,29.673032407407383,0.0898849368095398,29852.9765625,0.007857441,0.0003,8926.197681893243,-45.525049930148654,38614.42873263889,0.2,0.029108796296296296,9620,-0.016929634705323864
0.8674768518518519,29.583333333333332,0.9167440678937729,17.30452709694666,7.8590738210658495,10.204670599267692,0.0,-1083.9683526499998,32.59798022607947,17.89935732590546,33.68055555555555,0.1259376667923781,7020,48,964,0.25859877757891087,6.824946682329724,237,37.72453703703704,14.04078267661312,0.8741792909242988,24.506217535368645,0.44860716652304444,36.0,1665792,8.961432872427153,52.45542560792166,26.56980210522222,13.638565821856295,29.521122685185155,0.0537872314453125,26369.060546875,0.0048178416,0.0003,10212.915880782515,-45.526747413917825,32466.930360243055,0.2,0.014988425925925926,9630,-0.013680629901312016
0.8524305555555556,29.953703703703706,0.9218440110591012,17.165019107251823,8.244812595692393,9.501931941294346,0.0,-1086.7726887,32.63146543553568,18.0115855236248,31.25,0.12207024284120097,7028,48,965,0.27150549456867057,6.830791285025169,237,37.958333333333336,14.218274570265086,0.8765241949031245,24.53124649917771,0.44997882154754376,36.0,1667520,8.83784107817802,52.49624573381674,26.6362677970145,13.694083782485032,29.13773148148147,0.09294140338897705,21565.513671875,0.008152387,0.0003,7542.888517139576,-45.523728674429435,42823.794422743056,0.2,0.04681712962962963,9640,-0.019956564734241476
0.8258101851851852,30.166666666666668,0.9250754654694248,16.95981040446694,8.52079503827404,8.932659746580539,0.0,-1091.4411359,32.66505113902278,18.01603500635267,29.39814814814815,0.11618777938960721,7035,48,966,0.2809987409857973,6.836890632359194,237,37.960648148148145,14.306355619612361,0.8790679812222738,24.55628658669359,0.4515938317379203,36.0,1669248,8.93973893360972,52.53101403617327,26.69769589712165,13.734281394839618,29.463252314814795,0.11294281482696533,24369.1015625,0.005887233,0.0003,9205.86131381282,-45.52225371466743,46013.67413917824,0.2,0.021238425925925924,9650,-0.01720993560048993
0.8292824074074074,30.138888888888886,0.9270357816184597,16.78412575447528,8.562227824842907,8.735618334150487,0.0,-1094.0788962699999,32.698797372434605,17.97543302076415,28.819444444444443,0.11670293865055995,7042,48,967,0.2823451507932013,6.8430449212091515,237,37.880208333333336,14.286279595481886,0.8772566264898215,24.581225169245503,0.45379939214542275,36.0,1670976,8.961715539982952,52.53826619458598,26.640168816235036,13.79849336472968,29.586226851851816,0.06995004415512085,21030.755859375,0.006787651,0.0003,9107.995413999204,-45.52341237951208,32196.113306568288,0.2,0.02662037037037037,9660,-0.017959497446470237
0.8628472222222222,29.796296296296294,0.9227195972403863,16.243430128413898,8.508819885936797,8.405675138392517,0.0,-1092.02825962,32.73195093326857,17.981828252059902,27.662037037037038,0.12499566587409289,7049,48,968,0.2806417141250124,6.849106229470685,237,37.89699074074074,14.128935104084585,0.8782525101806716,24.606179739875653,0.4463511373349505,36.0,1672704,8.924523304613523,52.531869282578874,26.666506067191218,13.561424333585807,29.347511574074087,0.09061938524246216,24637.18359375,0.0047492953,0.0003,10625.865675919144,-45.53016515661169,30868.3117223669,0.2,0.014525462962962962,9670,-0.015732976140592384
0.8535879629629629,29.935185185185187,0.9290934589000897,15.407019339314905,8.732285733466767,7.28305966417543,0.0,-1091.94709011,32.765484044105804,17.940599059238334,23.958333333333332,0.123300092020823,7057,48,969,0.288018318673668,6.855440093232806,237,37.798032407407405,14.19167394167271,0.8789754523627993,24.63103123752375,0.4514212205969475,36.0,1674432,9.033545504848316,52.58278999532689,26.67323539991249,13.713244334892048,29.673032407407348,0.06355750560760498,28714.50390625,0.009127864,0.0003,9292.35822397868,-45.52847978097421,37685.3130823206,0.2,0.04814814814814815,9680,-0.019517388475920865
0.8258101851851852,30.074074074074073,0.9186769767637584,15.372681393595327,8.94513469484242,6.969179600666013,0.0,-1088.8744655,32.79847525050087,17.881090713011755,22.916666666666668,0.11671626507315191,7064,48,970,0.29520866880744734,6.861642195992098,237,37.686342592592595,14.258367098086895,0.8730769765981222,24.65573396430628,0.44359102214976714,36.0,1676160,8.980841103716731,52.379952335799125,26.496038856528997,13.496482558026484,29.622395833333304,0.13883370161056519,16454.572265625,0.007014057,0.0003,10156.522998159902,-45.53140667102955,30581.353030960647,0.2,0.02841435185185185,9690,-0.018651188455556553
0.8287037037037037,30.046296296296294,0.922894372333118,15.615019818623889,8.866557575778446,7.3076461988984525,0.0,-1093.24073684,32.832231949029236,18.013836819088073,24.074074074074076,0.117515402782648,7071,48,971,0.29272743554614683,6.867433561490061,237,37.948495370370374,14.240816043946992,0.8749302039231632,24.680768556354,0.4539680110008441,36.0,1677888,8.816546199185138,52.434589140833964,26.559540289714548,13.80267941134539,28.993055555555564,0.09347403049468994,8965.0185546875,0.006399723,0.0003,8931.798250495063,-45.52382440920229,31441.46365017361,0.2,0.02627314814814815,9700,-0.016187337880816173
0.8541666666666666,29.944444444444446,0.9161830621512932,15.761832006527722,9.005613716420962,7.351477743132971,0.0,-1095.1977312099998,32.86519477336623,17.895613584981202,24.189814814814813,0.1206224548130541,7078,48,972,0.2965664342456335,6.8739527290259055,237,37.7193287037037,14.20474054697379,0.8719538419565969,24.705507590316454,0.4438473615448431,36.0,1679616,9.107667014337741,52.3878788115402,26.478785088065194,13.48512973479741,30.013020833333368,0.124622642993927,18873.296875,0.004696906,0.0003,10399.814228933828,-45.51382775483308,29764.99658203125,0.2,0.010532407407407407,9710,-0.013722821862298857
0.8483796296296297,30.259259259259256,0.9170396529210426,16.235282382365376,9.048966436200418,7.6288042992567755,0.0,-1093.8295043800001,32.8987085759971,17.894720246933748,25.115740740740744,0.11880568306719681,7085,48,973,0.29796406993160307,6.87987392481134,237,37.697916666666664,14.357511646908184,0.8757495908389141,24.730244390933787,0.4510495701080373,36.0,1681344,8.86847831417377,52.48295787267094,26.592494172516776,13.705521052347938,29.21006944444444,0.04072600603103638,19341.8125,0.0094158705,0.0003,8750.004144004539,-45.50929515979908,39410.26357783565,0.2,0.0609375,9720,-0.02195974280540314
0.8101851851851852,30.287037037037038,0.9130594220657998,16.543394001541564,8.99168182204076,7.979069644595827,0.0,-1094.0133407399999,32.93210020290178,17.875203204696376,26.27314814814815,0.11351226402605168,7093,48,974,0.295904580038958,6.8854935863502975,237,37.65914351851852,14.372642534904978,0.8728355340447592,24.754932398945527,0.4490719201913631,36.0,1683072,8.747864615582774,52.427571461055315,26.50327146508758,13.656650761870994,28.797743055555543,0.09493511915206909,27570.87109375,0.008431481,0.0003,9907.91478141502,-45.50653908341019,37610.28628472222,0.2,0.052662037037037035,9730,-0.02497523930268707
0.8564814814814815,30.34259259259259,0.9207380321356866,16.260400032597133,9.001559916509313,7.663572704499072,0.0,-1094.78115701,32.965230022757396,17.920019377162912,25.23148148148148,0.12478437225341805,7100,48,975,0.2965292878247288,6.891754235063695,237,37.77141203703704,14.395267411588748,0.8730367819255705,24.779732447388433,0.4459166807180289,36.0,1684800,9.004259485359052,52.44681399930004,26.517902613133582,13.551927942247602,29.651331018518476,0.07703113555908203,22841.869140625,0.0050968905,0.0003,8572.664878167046,-45.50241604557744,32163.30940031829,0.2,0.02013888888888889,9740,-0.014769420424407279
0.8431712962962963,30.333333333333332,0.9164506432528096,16.89620099117415,8.857573758813848,8.450653766354154,0.0,-1099.1769099900002,32.99868035423613,17.954231258155172,27.89351851851852,0.11950957794736752,7107,48,976,0.2916782235399363,6.898086249741593,237,37.844907407407405,14.38797346600615,0.8727920303852255,24.80461802553382,0.44957060151935757,36.0,1686528,9.032805871158907,52.47070022691457,26.51300548359356,13.680132591492827,29.839409722222218,0.0980176329612732,12611.2626953125,0.005913154,0.0003,9383.933805790653,-45.50389869124801,36766.83708767361,0.2,0.023148148148148147,9750,-0.014663294663100884
0.8252314814814815,30.64814814814815,0.9199368307746668,17.5811479812873,8.898678653518063,8.935058534789233,0.0,-1094.87665345,33.03139202474581,17.83193369952075,29.513888888888886,0.11779867153912219,7115,48,977,0.2928940609142216,6.9044586137368755,237,37.57118055555556,14.547410792980008,0.8732330101596757,24.82919785978262,0.4405873227377829,36.0,1688256,9.048945598112988,52.487331934243365,26.51138608374215,13.38466820387371,29.846643518518583,0.06676667928695679,41422.859375,0.006310888,0.0003,8680.153775123314,-45.495095641524706,50913.71064091435,0.2,0.030381944444444444,9760,-0.017250117093876555
0.8524305555555556,30.212962962962962,0.9286790206677085,17.135077623169373,8.660729211748182,8.936797930307824,0.0,-1096.07985799,33.06443057270126,18.01995695171958,29.51388888888889,0.1211538813290382,7122,48,978,0.28519587732987617,6.911304166282767,237,37.9681712962963,14.337550481113368,0.8772008949600151,24.85424775216192,0.4442432888923105,36.0,1689984,9.23822101835648,52.570678067432844,26.63461717162211,13.51541918217935,30.454282407407383,0.09052187204360962,25413.966796875,0.005285627,0.0003,9068.463878631592,-45.49111205206977,47015.438671875,0.2,0.021354166666666667,9770,-0.01292810695487316
0.8744212962962963,29.833333333333332,0.9211646404457752,16.94271679111296,8.262810173787562,9.32631095302604,0.0,-1098.10376673,33.09730763559857,17.97248844777517,30.787037037037038,0.12642739008022716,7129,48,979,0.2723119719672971,6.918177248999909,237,37.870949074074076,14.15359566429936,0.8750506222071751,24.87917897328136,0.4418740050003965,36.0,1691712,9.249233086856698,52.55933380068543,26.57425023232287,13.450825158922484,30.46875,0.12134408950805664,23339.130859375,0.004913184,0.0003,9676.510959257903,-45.491478248878764,30983.562492766203,0.2,0.01574074074074074,9780,-0.014042369509115814
0.8206018518518519,30.555555555555557,0.9194115606824959,17.550868497790823,8.564977974199147,9.292618738767084,0.0,-1097.37359958,33.130212243156556,17.904361259410404,30.671296296296294,0.11507071362372191,7137,48,980,0.2825622744272791,6.924669230036764,237,37.72106481481482,14.493271784824593,0.875510841781353,24.903939876429884,0.4429463176254376,36.0,1693440,9.096792414742046,52.577775446257014,26.574007311903898,13.461843023194248,29.933449074074034,0.10425400733947754,28125.197265625,0.0092007,0.0003,9596.980571026272,-45.482637080439815,38039.56449291088,0.2,0.047453703703703706,9790,-0.018572839540084478
0.8327546296296297,30.574074074074076,0.9116209645128092,17.964768843192523,8.713950846297978,9.542033284167301,0.0,-1100.7642258899998,33.16348477159874,17.983102084214472,31.481481481481485,0.11707574707632314,7144,48,981,0.28707404921858987,6.931150136169498,237,37.90277777777778,14.508784712727246,0.8760314205434097,24.92889763164042,0.4479677278960359,36.0,1695168,9.092362453093697,52.57304530820875,26.589604000575132,13.609011376872067,29.962384259259252,0.07214486598968506,20001.31640625,0.006744403,0.0003,10723.288556445086,-45.49162221837927,33092.283528645836,0.2,0.03321759259259259,9800,-0.01887707686810582
0.8287037037037037,31.64814814814815,0.923064316689596,18.478661745089568,9.41874762175879,8.848415828244143,0.0,-1106.6542519900001,33.196608984576365,18.004085641885066,29.166666666666668,0.11560662269607141,7151,48,982,0.31063913669641846,6.937600018816156,237,37.935763888888886,15.011498295086637,0.8716353969629402,24.953907845745135,0.4453248939208179,36.0,1696896,9.07995305866341,52.522472362673746,26.472644496382244,13.549685191049477,29.940682870370434,0.07771885395050049,19395.80078125,0.013272204,0.0003,8907.944895313403,-45.49398981730143,34474.627824797455,0.2,0.09288194444444445,9810,-0.023229081883026217
0.84375,31.768518518518515,0.9235327549015077,18.926342211273287,9.233017278408711,9.436697229121679,0.0,-1107.23459978,33.229724775704234,18.024941222980427,31.134259259259256,0.11690314442749992,7158,48,983,0.3050690427261065,6.944147758996429,237,37.985532407407405,15.0566277037429,0.8718235463667293,24.978970198802585,0.4459583213985021,36.0,1698624,9.119096072109196,52.54281244321913,26.464730850581645,13.546316451148465,30.01302083333335,0.0798596739768982,24056.240234375,0.0055845357,0.0003,11125.462088507193,-45.47967034799081,35901.30776186343,0.2,0.019502314814814816,9820,-0.014426756086241868
0.8483796296296297,31.768518518518515,0.926127128564166,19.377667077338074,9.343493306495388,9.768727344343317,0.0,-1104.9590396499998,33.26247895040238,17.96208095603697,32.17592592592593,0.12170904187919665,7166,48,984,0.3083878737264038,6.951234360126995,237,37.835648148148145,15.06544642649937,0.8755584414022445,25.003875401192676,0.44052866467873353,36.0,1700352,9.334640452226273,52.57838291415903,26.57466996922255,13.401669879260005,30.721932870370345,0.06457763910293579,25767.943359375,0.006191516,0.0003,10143.29407261036,-45.48669042234068,31462.27023654514,0.2,0.01990740740740741,9830,-0.016314448373116276
0.8605324074074074,31.06481481481482,0.9291915494790751,18.70159538691592,9.178261852078457,9.587594625449944,0.0,-1108.56048016,33.29577402944223,18.03076871312901,31.597222222222218,0.12601668902378793,7173,48,985,0.30274367003339825,6.95764272842622,237,38.00289351851852,14.735738909387521,0.8744483242179983,25.0289523229755,0.44878240635190153,36.0,1702080,9.063347319689754,52.51089766786478,26.542008755965725,13.618031615937385,29.774305555555536,0.10768800973892212,23929.80078125,0.0055196406,0.0003,10223.008248703569,-45.488148328993056,29768.279271556712,0.2,0.022048611111111113,9840,-0.014860914776929551
0.8767361111111112,31.34259259259259,0.9221528139196608,18.84338434698575,9.360362107615327,9.412443421283596,0.0,-1112.78918143,33.32930323079155,18.03046668930093,31.01851851851852,0.1300682928585471,7180,48,986,0.3085901729252505,6.9638365528222765,237,37.99421296296296,14.870578818086827,0.875555602253606,25.05402848969875,0.45069649827502994,36.0,1703808,8.9775297584226,52.57046306079548,26.56305950337087,13.711680539730565,29.60069444444448,0.08534294366836548,22133.013671875,0.008139622,0.0003,10860.195836837203,-45.49951248168945,34570.4142578125,0.2,0.040914351851851855,9850,-0.021658706628820964
0.8443287037037037,31.185185185185187,0.9206250668535327,18.813506655048467,9.254727229896297,9.569773407159438,0.0,-1116.58614771,33.36296862801866,17.99788147694343,31.48148148148148,0.12014721429357993,7187,48,987,0.305429514486183,6.970364073700501,237,37.91550925925926,14.789006017992733,0.8762389696807045,25.07902319339111,0.45269999074831385,36.0,1705536,9.111008351289628,52.5426816880119,26.5944896141019,13.766158890843561,30.00578703703707,0.1178702712059021,14945.0205078125,0.007085186,0.0003,10022.785878358063,-45.48588577553078,31896.38189742477,0.2,0.0369212962962963,9860,-0.018449242723484836
0.8385416666666666,30.76851851851852,0.9189430620714484,18.473053395604115,9.0280425591317,9.647655902217778,0.0,-1116.99674984,33.39623771455996,17.974911271165297,31.828703703703706,0.11772193392508823,7195,48,988,0.2974329334050316,6.976457311102341,237,37.8912037037037,14.597354934254637,0.8726838396221526,25.10396047156902,0.44752169560001825,36.0,1707264,8.937294960736294,52.48209046079344,26.49085599628296,13.60763461651878,29.50665509259263,0.09063774347305298,25746.58203125,0.0047927103,0.0003,10747.425642479791,-45.48305820888943,27994.96232638889,0.2,0.012962962962962963,9870,-0.013717222838076177
0.8524305555555556,31.333333333333332,0.9252815839801193,19.007577484103315,9.180718167887482,9.758827088995325,0.0,-1114.1751979499998,33.42984370063836,17.939981183065285,32.17592592592593,0.11926544362090802,7202,48,989,0.30241283622282916,6.982545838450504,237,37.80324074074074,14.868032227220509,0.8724156483649489,25.128810424526684,0.45185795395536715,36.0,1708992,8.935410939264921,52.48584700970063,26.470138596328564,13.742394431359719,29.448784722222204,0.07137376070022583,19949.85546875,0.006536422,0.0003,9208.631524771232,-45.490311262342665,39514.190328414355,0.2,0.026041666666666668,9880,-0.016036874045514397
0.8599537037037037,31.175925925925924,0.9143067927871952,19.174476186571603,8.94440593465288,10.232256794025213,0.0,-1120.7020196100002,33.4635430426121,17.99839724264662,33.7962962962963,0.12018728018688664,7209,48,990,0.294522818415375,6.988764667395272,237,37.932291666666664,14.797813457893511,0.8682602531220196,25.1538064176333,0.45352671392307375,36.0,1710720,8.987531577907227,52.34862795220985,26.34845264063131,13.779736789498733,29.586226851851833,0.058322370052337646,36689.99609375,0.008732419,0.0003,9095.713840074892,-45.50157169765896,41215.37769097222,0.2,0.03883101851851852,9890,-0.020123105396137195
0.8530092592592593,32.02777777777778,0.9271123138027081,20.133839708741263,9.239815947710875,10.493594658744998,0.0,-1124.53345438,33.497387477641105,18.03828360195511,34.60648148148149,0.12159531750040398,7217,48,991,0.3044373052364863,6.994956536751471,237,38.01851851851852,15.200429102285392,0.8692391313921074,25.17890212663819,0.45610805022987466,36.0,1712448,8.976747742479677,52.4563804165769,26.392438221727147,13.837774011601288,29.535590277777754,0.08319336175918579,29514.748046875,0.011204244,0.0003,8596.278160957054,-45.51116464402941,53063.43902633102,0.2,0.07644675925925926,9900,-0.0231639183730025
0.8431712962962963,31.537037037037038,0.925322278756992,19.571436460707744,9.31352338314518,10.100744577487255,0.0,-1124.5412997599997,33.53078864351333,17.98213333481429,33.333333333333336,0.11980583938407906,7224,48,992,0.3070609072147483,7.001691771588171,237,37.89699074074074,14.95716850007531,0.874332081027204,25.203857459975225,0.44981092105113196,36.0,1714176,9.19409393468004,52.481137148162084,26.548343313707644,13.660466348891175,30.266203703703628,0.08892309665679932,17201.18359375,0.0063356753,0.0003,11780.201294849538,-45.51502595124421,27599.489793113426,0.2,0.030613425925925926,9910,-0.01800245299452433
0.8344907407407407,31.462962962962962,0.9199467204183809,19.471245357479212,9.303420528030045,10.036977023721624,0.0,-1122.3591118099998,33.5643869361225,18.008427838887176,33.101851851851855,0.11437390158197583,7231,48,993,0.30650878443274693,7.00775482509625,237,37.938657407407405,14.930847805727543,0.8725265302641801,25.228878529572444,0.45220061578122384,36.0,1715904,8.92522140323152,52.429857533013696,26.488164781569093,13.739317043667063,29.390914351851862,0.0644383430480957,20909.662109375,0.005290889,0.0003,9313.61709363019,-45.52826187698929,35882.46023943866,0.2,0.02141203703703704,9920,-0.016189252992195112
0.84375,31.37037037037037,0.9168895462010002,19.24838175245432,9.232187952665123,9.93860516106139,0.0,-1123.86717552,33.59777770036438,17.984567894129217,32.754629629629626,0.11737199379377247,7238,48,994,0.30466202063477704,7.01445780646893,237,37.88773148148148,14.877588638727808,0.8717109223697852,25.253839949307768,0.4493587228209124,36.0,1717632,9.181192549071925,52.4412830328626,26.452453128090784,13.656305696750662,30.251736111111093,0.06978708505630493,21820.87890625,0.00785501,0.0003,9934.912279171414,-45.52034221225315,38463.06187789352,0.2,0.030497685185185187,9930,-0.016959859604981763
0.8478009259259259,30.638888888888886,0.9235560420325556,18.54361877999654,8.93179545035091,9.865579301084765,0.0,-1121.79776858,33.63085895139004,17.98528343738399,32.52314814814815,0.11909777196959043,7245,48,995,0.2938196430903355,7.020917887306453,237,37.9068287037037,14.546244028560865,0.8715905253182336,25.278803157901226,0.445449181620673,36.0,1719360,9.084032335009097,52.40815004167871,26.463218144409343,13.532500410261944,29.89004629629629,0.08408194780349731,11977.7509765625,0.0073613827,0.0003,9789.397003851996,-45.52198937027543,40168.0435510706,0.2,0.03246527777777778,9940,-0.01708775478311711
0.8524305555555556,31.703703703703706,0.9226759481442132,19.30423767775445,9.326303202455572,9.737098130650411,0.0,-1122.3190210999999,33.66412920001043,18.04434560633089,32.06018518518518,0.12225316915668874,7252,48,996,0.30738379667634674,7.027473309927977,237,38.01851851851852,15.040836344648469,0.8742535414186174,25.303914021917052,0.44754967456302297,36.0,1721088,9.122169048609484,52.463127056824796,26.520474856656048,13.608099448155185,29.98408564814812,0.11119955778121948,18663.06640625,0.005559972,0.0003,10126.343707416676,-45.54173632021303,35192.94904513889,0.2,0.019618055555555555,9950,-0.014179531289954429
0.8472222222222222,31.66666666666667,0.9258492255774624,19.257625594710312,9.294112028945657,9.741124594035348,0.0,-1123.82365605,33.69750771572652,18.009123902697453,32.175925925925924,0.11934155767921746,7259,48,997,0.30603498173875904,7.0334700615521655,237,37.93171296296296,15.022388971729306,0.8739359378055807,25.328936831673797,0.44873817726164106,36.0,1722816,8.898700649675272,52.443184934752594,26.52946678329425,13.65140628643644,29.369212962963054,0.07997220754623413,29345.552734375,0.009175114,0.0003,9297.769949990732,-45.54735568011249,42932.67445746528,0.2,0.04693287037037037,9960,-0.019621160134880078
0.8773148148148148,31.12962962962963,0.9245112179759083,18.609134712348247,8.96304814107573,9.683552103301603,0.0,-1127.53537761,33.73116121274604,18.093763518518816,31.944444444444443,0.12634341629437193,7267,48,998,0.2954526880117588,7.039425547459346,237,38.126736111111114,14.762534467970916,0.8751475770523706,25.354171240470095,0.45212195089911256,36.0,1724544,8.88219436287213,52.48464805744529,26.568484913862278,13.76139880780447,29.304108796296262,0.07174992561340332,26874.2890625,0.006843963,0.0003,9985.4618949325,-45.54109922338415,42684.73876591435,0.2,0.02980324074074074,9970,-0.020261289482867276
0.8362268518518519,31.59259259259259,0.9167266705248602,19.032917181513035,9.125886447016056,9.724030848288296,0.0,-1135.9860634400002,33.76527677857998,18.1139667914947,32.06018518518518,0.11651359755013725,7274,48,999,0.30101149540733957,7.045215366826638,237,38.183449074074076,14.982999886208683,0.8778243131544768,25.379456157448832,0.4591872291717846,36.0,1726272,8.815927746916769,52.563362723487096,26.63834316465729,13.946226333578517,29.0147569444445,0.10799753665924072,25303.57421875,0.007511198,0.0003,9969.924693213568,-45.540076870388454,41364.95412326389,0.2,0.03657407407407407,9980,-0.019096075726190098
0.8611111111111112,31.537037037037038,0.9233749635824813,18.9033084227678,9.132368483417567,9.622610189745432,0.0,-1141.75766306,33.79915516159078,18.084503324808406,31.712962962962962,0.12148909987706356,7281,48,1000,0.3015386740280393,7.05128458959319,237,38.113425925925924,14.948329749604804,0.8742585926895616,25.40466741576085,0.45572271105295764,36.0,1728000,8.92768910662087,52.59101521564827,26.54186859046756,13.851353204319606,29.412615740740748,0.06951284408569336,19461.265625,0.012155551,0.0003,9985.206815281621,-45.548520999484595,47200.867324942126,0.2,0.09033564814814815,9990,-0.0241897732347112
0.8472222222222222,31.277777777777775,0.9194046095721626,18.67093410842638,9.217393818827182,9.423451360957907,0.0,-1137.24874855,33.83270206205158,18.043330307347173,31.01851851851852,0.1191651959484792,7288,48,1001,0.30399654061201525,7.057565548364369,237,38.01909722222222,14.83008892864129,0.87315522981495,25.42977574152922,0.45100037510893465,36.0,1729728,9.012383508471576,52.526177577480375,26.5043715705625,13.718760184319398,29.7236689814815,0.15167468786239624,24533.76953125,0.00989886,0.0003,9725.70581503974,-45.55017677589699,34959.713577835646,0.2,0.05173611111111111,10000,-0.020456220959830615
0.8402777777777778,31.25,0.9188877447825641,19.0793321996645,9.07009586861733,9.98905921211183,0.0,-1142.44074937,33.86699917112615,18.107719009565248,32.986111111111114,0.12143651337567245,7295,48,1002,0.29868048552502985,7.0636073283895495,237,38.13831018518518,14.820177118935339,0.8758313878960612,25.455045039053132,0.4613768566444916,36.0,1731456,8.916712010072082,52.55520428504082,26.590828133399555,14.018843629828972,29.318576388888882,0.0801856517791748,21646.962890625,0.0069828173,0.0003,9624.644353682907,-45.547403236671734,43114.731155960646,0.2,0.02922453703703704,10010,-0.016965963512107177
0.8802083333333334,31.25,0.9261162198393017,19.06771827644409,8.934179323806555,10.116868301908733,0.0,-1137.9031662400002,33.90025536757192,17.931729857463,33.333333333333336,0.1278793086690445,7302,48,1003,0.29463110720590574,7.070054382232517,237,37.79976851851852,14.8166706507288,0.8753472773024044,25.47987436369679,0.4476755125741321,36.0,1733184,9.078821537186746,52.57735117989312,26.57494970508229,13.602478578307036,29.947916666666643,0.12341839075088501,27833.595703125,0.0067870715,0.0003,9947.7789481269,-45.558558245058414,34940.537123842594,0.2,0.027430555555555555,10020,-0.0174653597658983
0.8761574074074074,30.87962962962963,0.9130422924042172,18.903490839809777,8.822230474924966,10.244326679323665,0.0,-1133.06992584,33.933599816653675,17.931184927836348,33.7962962962963,0.12356425188378703,7309,48,1004,0.2910284364070175,7.0761852158019245,237,37.7962962962963,14.636933685561146,0.8805546076256371,25.504702326016382,0.44834763886711326,36.0,1734912,8.952333427763245,52.66516258862553,26.718938406354482,13.637779632700278,29.513888888888882,0.07385033369064331,16433.078125,0.008760153,0.0003,9746.829405212402,-45.54496112399631,39612.02146629051,0.2,0.04207175925925926,10030,-0.018385258820597772
0.8773148148148148,30.35185185185185,0.9228624227272499,18.445030028264757,8.434565675363325,10.409277998160873,0.0,-1131.45705306,33.96685697527531,17.934575118623446,34.25925925925926,0.12740093587230264,7317,48,1005,0.2780530948260999,7.082892404581064,237,37.80266203703704,14.40118635474056,0.8786307083603072,25.52953876381294,0.447407857716379,36.0,1736640,9.182875511655636,52.63266289851216,26.66410741035696,13.602863448654865,30.244502314814763,0.09023523330688477,24871.884765625,0.006864416,0.0003,8881.49397845798,-45.55252589473018,38786.98128616898,0.2,0.025578703703703704,10040,-0.01771492554668199
0.8651620370370371,31.296296296296294,0.9201521636659504,19.076953023885352,8.97358462939298,10.05166576957267,0.0,-1137.06139173,34.000681208261554,17.995570311504995,33.101851851851855,0.12273916553786071,7324,48,1006,0.29562496984958647,7.089110648806912,237,37.91898148148148,14.851702624919701,0.8782896801123742,25.5545276895917,0.45531328072233196,36.0,1738368,8.987297690339242,52.652624802492426,26.643960374290415,13.829693194496036,29.557291666666632,0.06896096467971802,22698.1171875,0.005811366,0.0003,11136.202643669976,-45.55699550487377,42332.637369791664,0.2,0.023668981481481482,10050,-0.015694956655648573
0.8478009259259259,31.36111111111111,0.9253241924603458,19.268945849800655,9.063231389934408,10.12339087182342,0.0,-1147.07301775,34.0349502647848,18.03543058300934,33.333333333333336,0.1181939227698421,7331,48,1007,0.29860821996931924,7.0952008186321525,237,38.013888888888886,14.882323588042828,0.8750836531391917,25.579616266049225,0.4612812463667956,36.0,1740096,8.936067930096309,52.59023119285731,26.56226788179268,14.007622609298508,29.383680555555564,0.09178638458251953,17966.138671875,0.0084261075,0.0003,9377.128042178683,-45.57785990679706,44050.600846354166,0.2,0.04178240740740741,10060,-0.01893256965127808
0.8686342592592593,32.0,0.9204258886856236,19.842479341693096,9.37825457526199,10.074953134936857,0.0,-1148.4614043899999,34.06870412001054,18.03841927794921,33.21759259259259,0.12208220079927766,7338,48,1008,0.3086859506577085,7.10149568529159,237,38.010416666666664,15.18927163149425,0.8742619164032663,25.604712314244097,0.45402835498971195,36.0,1741824,9.017946663774845,52.62795179185023,26.52260000313839,13.801542090296033,29.65856481481478,0.08588725328445435,20116.701171875,0.0058117174,0.0003,9914.788745230215,-45.58680374710648,33344.20412688079,0.2,0.02228009259259259,10070,-0.016819064339829815
0.8489583333333334,32.19444444444444,0.9153659993655424,20.022936721859253,9.511581610735357,10.040306686071434,0.0,-1154.45860505,34.10349359343003,18.04972100737645,33.101851851851855,0.12297585480426511,7345,48,1009,0.31372591052328436,7.1070966994031535,237,38.054398148148145,15.271048425052465,0.8817884914254498,25.62983661676254,0.46770008392810253,36.0,1743552,8.740405644625524,52.74091592744609,26.738101475586646,14.21578936779886,28.862847222222225,0.058519959449768066,18389.01171875,0.008541451,0.0003,9713.515676088686,-45.59401297392669,38333.65783420139,0.2,0.04403935185185185,10080,-0.019924589233145256
0.8159722222222222,32.90740740740741,0.9226305749017757,20.969751262217525,9.878365166738085,10.279741772850771,0.0,-1159.3268724599998,34.13769963832703,18.052502854279044,33.91203703703704,0.11568135716117907,7352,48,1010,0.3256145002410502,7.1137498780894015,237,38.0318287037037,15.611644322628669,0.8819451031069224,25.654967873898237,0.45994792547512053,36.0,1745280,9.161271474499303,52.73072584419207,26.754224752137635,13.982417958799926,30.143229166666654,0.11023348569869995,19415.37109375,0.006824695,0.0003,10075.248017657244,-45.61374431186252,34944.14917534722,0.2,0.030381944444444444,10090,-0.017076959304028638
0.8894675925925926,32.870370370370374,0.9345889181949204,20.440816794528516,9.90852451418239,9.742120682466817,0.0,-1158.07642113,34.171698485667434,18.129686195625688,32.175925925925924,0.12846251646132129,7360,48,1011,0.3268224338342815,7.12014086614127,237,38.21875,15.59017159787931,0.8793842509464369,25.6802920893873,0.45741161383891105,36.0,1747008,9.056395220747412,52.666827876903405,26.670808999893385,13.899538936161983,29.81770833333329,0.07593715190887451,28083.017578125,0.0050298776,0.0003,12404.63479433413,-45.62119588498716,33368.97152054398,0.2,0.016203703703703703,10100,-0.013164873581586613
0.8744212962962963,32.52777777777778,0.9270128111719018,20.13109858948971,9.896173007229402,9.60455251452699,0.0,-1156.1560711400002,34.20581177963414,18.091318038192025,31.712962962962962,0.12425303849132642,7367,48,1012,0.3261268568749431,7.126194149433465,237,38.130208333333336,15.430373067733319,0.8788221627950185,25.70552038448278,0.45863953360182624,36.0,1748736,8.92131331687794,52.64342460356224,26.655328208832582,13.945317586683174,29.383680555555564,0.10258841514587402,13803.279296875,0.0068890243,0.0003,10078.063823445638,-45.62273510120533,39095.905649594904,0.2,0.02546296296296296,10110,-0.01601283058213691
0.8425925925925926,32.5462962962963,0.9277528300261216,20.02746473674626,9.754820622854218,9.620788588762567,0.0,-1161.11440616,34.24023177455146,18.155196634549476,31.828703703703706,0.11930875657043655,7374,48,1013,0.320842234337079,7.132123397381775,237,38.26909722222222,15.451855525129476,0.8783754368928052,25.730908376069156,0.4630303991940479,36.0,1750464,8.87169917932381,52.68787262687181,26.647141236887688,14.067997966927512,29.23177083333331,0.09407174587249756,23061.94921875,0.0063960887,0.0003,10423.04710830406,-45.627794689602325,45211.729383680555,0.2,0.027025462962962963,10120,-0.01569010977529817
0.8524305555555556,32.583333333333336,0.9318287502310473,20.217299445182373,9.687950767676426,9.872092941532847,0.0,-1165.8908394700002,34.27497434083651,18.083466665676795,32.52314814814815,0.12257787755304828,7381,48,1014,0.319448776537655,7.137703955681699,237,38.123842592592595,15.457255735973101,0.8813087485483048,25.756117042733347,0.46755846541404533,36.0,1752192,8.732223319969956,52.72517406282588,26.747413188637097,14.197026514019205,28.776041666666714,0.015467464923858643,23888.15234375,0.0041766847,0.0003,13000.087555101183,-45.62779485914442,22501.084519675926,0.2,0.010243055555555556,10130,-0.012190036218682374
0.8408564814814815,32.97222222222222,0.9285316954803646,19.86593493141436,10.057302744025707,8.969746776163921,0.0,-1168.5585729099998,34.30953466538003,18.094813888417566,29.51388888888889,0.11922303492944003,7388,48,1015,0.33188644714930665,7.143899473016282,237,38.11921296296296,15.638885411224733,0.8819626196634065,25.78135407745439,0.46461201179030126,36.0,1753920,8.978206933833228,52.64614577516377,26.776840941757417,14.124129817409377,29.513888888888808,0.07831746339797974,16316.39453125,0.008868793,0.0003,11847.235618450024,-45.63255140516493,27098.44125072338,0.2,0.036631944444444446,10140,-0.01780845877645468
0.8605324074074074,32.620370370370374,0.9195883762286001,19.217552812515564,10.006530464037043,8.534534214523207,0.0,-1169.3239269,34.34404917147833,18.166540574265568,28.125,0.12157912977497672,7396,48,1016,0.32963713223972196,7.149543811590616,237,38.29108796296296,15.476488133955316,0.8844136403407313,25.806770428890054,0.4643315248318557,36.0,1755648,8.757735429733126,52.70054087001106,26.86113332328378,14.105802439322707,28.833912037037024,0.0957745909690857,20645.201171875,0.005461502,0.0003,11544.617101937753,-45.6223964549877,30455.44593822338,0.2,0.019965277777777776,10150,-0.014820031497489523
0.84375,32.61111111111111,0.9254752808125791,18.991842318307388,10.069533657193233,8.246301486258531,0.0,-1169.4347699399998,34.37830850114195,18.152041613720666,27.199074074074076,0.1188358940069805,7403,48,1017,0.331670400228074,7.155752059270142,237,38.25347222222222,15.476007174855624,0.8817645742160085,25.832150532924356,0.4611588481170549,36.0,1757376,8.983299071810602,52.641047456214515,26.774247400838906,14.003731865447728,29.56452546296293,0.052198588848114014,18421.912109375,0.008540127,0.0003,10611.968249087864,-45.62231921443233,40453.33760850695,0.2,0.042650462962962966,10160,-0.01835104055116298
0.8518518518518519,31.925925925925924,0.924545107564007,18.28776346908933,9.596483610134934,8.35165836395616,0.0,-1168.8702431400002,34.41251493278083,18.21171925493415,27.546296296296294,0.12093321902323653,7410,48,1018,0.31635755700064366,7.162044799582883,237,38.376736111111114,15.139621494998238,0.8797480368353009,25.85767983106169,0.4598728900973746,36.0,1759104,9.017096125096499,52.633269255348495,26.727631903191668,13.98257265555037,29.687499999999993,0.0787230134010315,18620.53515625,0.0063054007,0.0003,11035.123256005181,-45.614800658049404,35211.528609664354,0.2,0.02060185185185185,10170,-0.01616946758909358
0.8396990740740741,31.62962962962963,0.9265214495994704,17.52318302418759,9.395983700930142,7.928185160507091,0.0,-1164.3010960600002,34.446457532846765,18.050394714498236,26.157407407407405,0.11661533519332044,7417,48,1019,0.3097674864565885,7.167904215410311,237,38.04050925925926,14.999014162750356,0.8810303803935607,25.882805817847938,0.45638861945653464,36.0,1760832,8.843766330971176,52.61987592850186,26.763993928238204,13.877040026373436,29.116030092592563,0.0993497371673584,21197.40234375,0.006210011,0.0003,12317.511620472096,-45.617353439331055,27875.815729890048,0.2,0.0234375,10180,-0.016356861648253267
0.8576388888888888,31.527777777777782,0.9268149556547813,16.86990682252133,9.339035937962612,7.374696398311854,0.0,-1163.1263292,34.48038419460779,18.076580662351194,24.305555555555557,0.12099435490342239,7424,48,1020,0.3079739522853722,7.174330306777057,237,38.089699074074076,14.956174486246868,0.8765686973060821,25.907997269503817,0.4563503566302426,36.0,1762560,9.070436546698621,52.494491137143825,26.61384626093194,13.8706647044096,29.90451388888887,0.06831890344619751,43523.78515625,0.0059834574,0.0003,10590.846808172155,-45.61877714086462,38952.51013454861,0.2,0.022222222222222223,10190,-0.016030310775601752
0.8431712962962963,32.30555555555555,0.9226596764783723,17.88214509493432,9.609935108756519,7.7529135475454005,0.0,-1169.32845249,34.51481778853709,18.170708084370315,25.462962962962962,0.1194649765363443,7431,48,1021,0.31727899628480727,7.1804488335845145,237,38.298032407407405,15.319296438632401,0.8785675863232548,25.933424039714744,0.4636031771752321,36.0,1764288,8.947410722982713,52.55310884768059,26.66185073925621,14.073437571720374,29.499421296296273,0.07193011045455933,16670.056640625,0.005271945,0.0003,12083.587657193784,-45.623045193707505,33405.69010054977,0.2,0.016550925925925927,10200,-0.015192877671991786
0.8292824074074074,31.759259259259256,0.9128659399640647,17.702627817472006,9.215897936391743,8.22183709133624,0.0,-1169.3028557100001,34.54865497647787,18.042682005126117,27.083333333333332,0.11700294729397344,7439,48,1022,0.3039572945525407,7.18633828492445,237,38.01273148148148,15.064892789744022,0.8775733906898596,25.958530744727558,0.45503971100087076,36.0,1766016,8.855780535974255,52.500976000577424,26.641839124482562,13.834875176312947,29.188368055555568,0.09599894285202026,14310.357421875,0.006841186,0.0003,10157.722061665852,-45.62508625454373,33510.73696108218,0.2,0.03130787037037037,10210,-0.016686830538566465
0.8454861111111112,32.28703703703703,0.9242905684632657,17.608101953108267,9.569280106079253,7.533676487373602,0.0,-1165.27766855,34.5827995067826,18.06510169238163,24.884259259259256,0.11557470739804221,7446,48,1023,0.3156635750384563,7.192170667642611,237,38.064236111111114,15.305145359655413,0.8798785445259062,25.983693498958512,0.45959784822813454,36.0,1767744,8.832953087264519,52.61059801798334,26.699964450202824,13.957812121890392,29.065393518518462,0.05899643898010254,28288.947265625,0.0076573887,0.0003,9122.731254097267,-45.61794043646918,45709.252821180555,0.2,0.04832175925925926,10220,-0.02030141521072774
0.8726851851851852,32.27777777777778,0.9218704616361082,17.77646149431198,9.60431890049833,7.652934702556828,0.0,-1169.4627325600002,34.61713182018821,18.058693904602844,25.23148148148148,0.12581530554097847,7453,48,1024,0.316239662114826,7.197724573758479,237,38.07233796296296,15.319207891256822,0.8797684415498473,26.00884023372002,0.46174236796787005,36.0,1769472,8.72156244634686,52.50948290231019,26.706740825801386,14.032925362244697,28.76157407407407,0.06073552370071411,24172.427734375,0.0075971666,0.0003,10848.351357170388,-45.62092365688748,41095.77666377315,0.2,0.03153935185185185,10230,-0.016722816811805524
0.8431712962962963,32.425925925925924,0.9222989554416741,18.030880077860814,9.550267926535808,7.887105126638507,0.0,-1173.5146667299998,34.651100214720564,18.107510299815015,25.925925925925927,0.12025467802554035,7460,48,1025,0.31444999831422477,7.203950947069788,237,38.16608796296296,15.3935070246865,0.8774381317338005,26.034109009469557,0.45674901993221684,36.0,1771200,8.990549324523407,52.44903874349651,26.636905216452163,13.887357812940317,29.586226851851805,0.08201539516448975,31072.890625,0.0054083196,0.0003,10878.770567660862,-45.62088549578631,31535.57625144676,0.2,0.014988425925925926,10240,-0.01662160095034374
0.8570601851851852,33.28703703703704,0.9166865952012927,18.95140824331525,10.023632036547548,7.9245703066029956,0.0,-1175.56567239,34.68558269478979,18.141998469968673,26.041666666666668,0.11865628080317896,7467,48,1026,0.329975354146769,7.2095961671329585,237,38.22511574074074,15.803205900164706,0.8762428244474245,26.05946400564448,0.4633859359215808,36.0,1772928,8.758088025268448,52.45287989706614,26.607825097239584,14.092992027689037,28.89178240740742,0.08242213726043701,17021.724609375,0.0053859004,0.0003,10762.669250714338,-45.61988949245877,41646.034349681715,0.2,0.014467592592592593,10250,-0.01565375404294442
0.8258101851851852,32.31481481481482,0.926636869690264,17.844614049650602,9.791280153484216,7.498592062973636,0.0,-1174.26840246,34.71939702566428,18.118428743170778,24.652777777777775,0.11581631171312755,7474,48,1027,0.32183988770109834,7.215886046161149,237,38.173032407407405,15.354741833192753,0.8776906307059725,26.084760077502406,0.45482709423052586,36.0,1774656,9.015951611276181,52.459711371795606,26.660891257440614,13.82573234979735,29.71643518518515,0.10114753246307373,30503.76171875,0.009247459,0.0003,9534.13495477747,-45.616698272139935,42595.671281828705,0.2,0.0421875,10260,-0.018051155682446227
