physical/mean_stall_seconds,eval/mean_n_tiles,time/fps,eval/J_B,eval/J_D,eval/violation,tiles/enhancement_freq_max,lagrangian/avg_J_P,time/time_elapsed,eval/mean_power_mw,lagrangian/mu_B,lagrangian/avg_J_D,time/total_timesteps,lagrangian/mu_P,rollout/ep_len_mean,eval/mean_coverage,physical/mean_power_mW,tiles/enhancement_freq_std,eval/feasible,eval/J_Q,physical/mean_coverage,eval/mean_psnr_db,physical/mean_n_enhanced_tiles,lagrangian/n_episodes,eval/mean_stall_sec,lagrangian/avg_J_B,eval/J_P,time/iterations,rollout/ep_rew_mean,lagrangian/mu_D,train/clip_fraction,train/explained_variance,train/pds_value_loss,train/learning_rate,train/loss,train/policy_gradient_loss,train/clip_range,train/entropy_loss,train/value_loss,train/n_updates,train/approx_kl
0.5541977422415153,39.4537037037037,202,18.714202729488058,14.697784194099833,31.876336173096156,0.8391203703703703,7.572584222061994,8,34.72222222222222,1.0262128526949128,16.835226819252274,1728,1.008931460555155,36.0,0.9114484763064148,24.920428240740723,0.11795318440941768,0.0,27.66772723860667,0.9265257694033097,53.15757227177087,38.964699074074076,48,0.4864843328307806,18.48514107796508,10.584349249508264,1,-17.485188458333333,1.0417880670481308,,,,,,,,,,,
0.5575763244300828,38.87962962962963,200,18.452351041631008,14.102219954533277,28.20878717157378,0.8506944444444444,7.545143589486252,17,25.462962962962962,1.052285836087695,16.939783687786942,3456,1.0177943195288706,36.0,0.9247575488649362,24.891493055555515,0.1206531189120362,0.0,28.09959073420899,0.9277278638412894,53.333822481324425,38.8431712962963,48,0.46387423042662235,18.429193357112897,7.774216175409492,2,-18.230761010416668,1.083837526267598,0.23859953703703704,-0.0006874799728393555,0.051549906649247364,0.0003,31.928831100463867,-0.03967149816625924,0.2,-45.95183467158565,113.20324048642759,10,0.022091648
0.5536656854459678,38.166666666666664,178,18.113953805668086,14.561684599802375,28.36187655106508,0.8350694444444444,7.574954935599966,29,25.694444444444446,1.0784954725161142,16.809633825500885,5184,1.0267317068678705,36.0,0.9201228020449034,24.927662037037006,0.11874207763596173,0.0,27.957943213246722,0.923648727183103,53.21429281620566,38.958333333333336,48,0.47881864080413655,18.48385457136773,7.80623814559462,3,-19.65726592,1.1255616108313504,0.05260416666666667,-0.03634655475616455,5.42473062409295,0.0003,1231.5208740234375,-0.019176434014958364,0.2,-45.94046287536621,2602.5256144205728,20,0.010466633
0.5536062175434042,37.96296296296296,168,18.006459432687624,13.824045109628623,28.132775212843132,0.828125,7.563266495043973,40,27.662037037037038,1.1045811858329924,16.84555950663579,6912,1.0356398731054806,36.0,0.920350603710849,24.949363425925927,0.11441460319259197,0.0,27.97788799636018,0.9239340054250457,53.18673965963732,38.851851851851855,48,0.4543865799737227,18.434285326751233,8.422270670526883,4,-21.11707420999999,1.16737550959794,0.090625,-0.014622211456298828,8.895588154262967,0.0003,2243.664306640625,-0.028084529203328268,0.2,-45.92703304997197,5312.773469147859,30,0.011700336
0.5496477156716792,38.361111111111114,163,18.186959664594927,13.133186042151975,27.53580745998831,0.8368055555555556,7.807393422765561,52,27.430555555555557,1.130705888412852,16.679752313789766,8640,1.0451583566623945,36.0,0.9170381618082265,25.701678240740733,0.11364788387580656,0.0,27.842718848426387,0.92208169139971,53.208733159304664,38.886574074074076,48,0.43299886065974946,18.44988103194385,8.335661753241407,5,-22.7507897,1.2087748903824143,0.12604166666666666,-0.008156180381774902,2.5960883492672884,0.0003,1218.9041748046875,-0.029733807555641287,0.2,-45.9094832667598,2415.0049858940974,40,0.017891103
0.5587605649864928,38.574074074074076,160,18.291436732779776,16.187174040117554,28.87687070027177,0.8559027777777778,7.389514927732353,64,21.527777777777775,1.1566742654435829,16.977784934187145,10368,1.0536321439817253,36.0,0.9217945614183058,24.348958333333346,0.1216927160942873,0.0,27.993504806055938,0.9285106374727219,53.47821959205624,38.748263888888886,48,0.5315878700774852,18.387350812292347,6.518259927374442,6,-24.079589820000002,1.2509193527178821,0.18310185185185185,-0.007964015007019043,6.039451476379677,0.0003,2050.8515625,-0.035880282014194465,0.2,-45.88672212671351,3758.162062355324,50,0.019385602
0.5524587262935386,38.24074074074074,157,18.149440828062655,13.331095814440724,28.082562339710446,0.8686342592592593,7.5484845175446535,76,28.819444444444446,1.18282745430226,16.76001301462832,12096,1.062503355275587,36.0,0.9133522551862656,24.833622685185166,0.12250764531136665,0.0,27.741230384599998,0.9319597731133562,53.09866970029128,38.90277777777778,48,0.4386421753277045,18.461275543470883,8.722025697207066,7,-25.286884689999997,1.292519385254453,0.16168981481481481,-0.01439964771270752,3.268921254740821,0.0003,688.4935302734375,-0.027792524373917667,0.2,-45.87176455744991,1698.8259684244792,60,0.020933239
0.5472553996421967,37.74074074074074,156,17.91028343139909,13.311097768035191,27.663673557765815,0.8570601851851852,7.556063544563274,88,28.240740740740744,1.2088410628127562,16.637999668383546,13824,1.071393514136995,36.0,0.9166191267573679,24.934895833333343,0.11674762283820543,0.0,27.852027066704945,0.9223897526519765,53.2596824447956,38.77835648148148,48,0.4382151098887379,18.405443404198394,8.562292358331534,8,-26.777557370000004,1.3338143844254118,0.22268518518518518,-0.006500959396362305,6.70176574477443,0.0003,1605.056884765625,-0.037192200414008565,0.2,-45.84707476298014,3451.0326786747687,70,0.022934692
0.5516021245113194,38.77777777777777,154,18.388665843461126,13.470775688485352,29.560595271366957,0.8159722222222222,7.468851627144545,100,32.40740740740741,1.2349149489510487,16.76281097090643,15552,1.0800656432048563,36.0,0.9176922494797429,24.645543981481502,0.11215132764979537,0.0,27.8552412347713,0.9260135795482435,53.407746386786435,38.842592592592595,48,0.44392337115293556,18.429554455317007,9.82115373942048,9,-28.23112821,1.3754214118526777,0.2515046296296296,-0.040753722190856934,4.985362776120504,0.0003,643.0717163085938,-0.03723309066284586,0.2,-45.82905945954499,1377.85069354022,80,0.033043176
0.5433661682786701,38.14814814814815,153,18.09585562457798,15.033670767563509,29.276964615821733,0.8564814814814815,7.701036587985087,112,27.430555555555554,1.261000609292353,16.52581442287587,17280,1.0893182346748191,36.0,0.9199813286218328,25.368923611111146,0.1171436672624983,0.0,27.969588779742605,0.9202573827115218,53.25046057926743,38.845486111111114,48,0.4924701045739675,18.434264136521662,8.267438223680246,10,-29.71109645,1.4164359479098674,0.2666087962962963,-0.004432320594787598,2.3176562161357315,0.0003,1103.0560302734375,-0.04003751955374524,0.2,-45.81432914733887,2348.878228985822,90,0.024131253
0.5444754039220159,36.805555555555564,153,17.461721551869953,13.011614380483193,28.44063116416157,0.8535879629629629,7.607614849051583,124,33.21759259259259,1.2868909766931238,16.537359118137783,19008,1.098337271797448,36.0,0.9256628270091026,25.07233796296292,0.11917950936839047,0.0,28.127705315940478,0.9267706481991941,53.48131277316687,38.68402777777778,48,0.4288220183879898,18.35614696030832,10.08729523180842,11,-31.016951629999998,1.4574793457052118,0.29606481481481484,-0.021080374717712402,2.7897737785621928,0.0003,313.0053405761719,-0.03504926305850623,0.2,-45.79458426016348,666.3045541268808,100,0.03567228
0.5532370187532121,37.9537037037037,152,17.992654103743984,13.23620654752579,29.094406851948403,0.828125,7.3216294326990505,136,32.870370370370374,1.312517078458661,16.791414135146244,20736,1.1066413453791957,36.0,0.9241401649829712,24.103009259259256,0.11452523723501018,0.0,28.081283106017963,0.9302624365097734,53.48151317275199,38.473958333333336,48,0.43665773581429673,18.25044070621489,9.985546200678627,12,-32.21507646,1.4991578810430775,0.24247685185185186,-0.010613560676574707,2.443541992152179,0.0003,743.8611450195312,-0.03766321857908258,0.2,-45.787757364908856,1938.4609705041955,110,0.023294138
0.5406622434546317,36.86111111111111,151,17.459707471209725,13.000340831266698,27.58408864373869,0.8472222222222222,7.591665209828686,148,30.439814814814813,1.3384141010970847,16.4327271108883,22464,1.1156205084037674,36.0,0.918895437979236,25.057870370370388,0.11477538289667256,0.0,27.9001973047629,0.9180426254395407,53.34337311189773,38.70601851851852,48,0.4295918607828925,18.35880905536943,9.244040341262265,13,-33.72322283000001,1.5399396988202982,0.2824652777777778,-0.0495375394821167,5.177568073625918,0.0003,249.25204467773438,-0.039485879194129395,0.2,-45.771332832618995,555.0537250660084,120,0.034808964
0.5377471712503886,37.90740740740741,151,17.969384895074942,13.376709690852918,28.504927673154462,0.8385416666666666,7.614309934664413,159,30.555555555555554,1.3641673206100906,16.30951631290724,24192,1.1246562832404283,36.0,0.9226957504251395,25.043402777777782,0.11417049921576665,0.0,28.01428015837026,0.923089909443462,53.43305576171684,38.56886574074074,48,0.4417088602240155,18.30128780520239,9.278833087226602,14,-35.08605144,1.5804134896025663,0.19994212962962962,-0.00395810604095459,7.430699978051362,0.0003,1172.2589111328125,-0.03442851004570171,0.2,-45.75713180259422,2506.2901941370083,130,0.023768662
0.545691851259317,37.4537037037037,150,17.763554343741287,12.88027326181656,28.535769541320665,0.8460648148148148,7.553801813755634,171,32.870370370370374,1.3903295140251322,16.5969069911289,25920,1.1335407877748174,36.0,0.9121464206026904,24.898726851851865,0.11775358074971387,0.0,27.697467603894754,0.9195877585514387,53.08882505157505,38.9056712962963,48,0.42516251889074413,18.46487736601662,10.011941935762819,15,-36.73013723,1.6216057570803886,0.2846064814814815,-0.017153501510620117,2.581263718781648,0.0003,246.28822326660156,-0.0360940582325889,0.2,-45.76827389752423,525.1933533845124,140,0.03345153
0.5328796240160669,36.388888888888886,150,17.243551465452178,12.63189983466591,26.35992241931769,0.8541666666666666,7.76464427102163,183,28.356481481481485,1.4162497345300964,16.188212951363457,27648,1.1429523984523715,36.0,0.9113967728084736,25.578703703703717,0.12210061265268134,0.0,27.672113545926987,0.9311800467962148,53.050104874104385,38.71585648148148,48,0.41704943610086653,18.36808820198573,8.6044711191996,16,-37.99091466,1.6617762894587973,0.2154513888888889,-0.003175973892211914,6.36380470417164,0.0003,1009.0574951171875,-0.03875631231780129,0.2,-45.75577621459961,1981.7890593352142,150,0.024329746
0.5401133260145935,35.15740740740741,150,16.656847198445124,11.881449994583354,25.178420683496878,0.8796296296296297,7.557054605268591,195,28.703703703703706,1.4422414576937626,16.40724852695519,29376,1.151845034965543,36.0,0.9083458824316025,24.90596064814818,0.1262681156441169,0.0,27.576422963708158,0.9258931144135387,52.9933921179016,38.76793981481482,48,0.3921201482616825,18.396689265466474,8.760123490468397,17,-39.179380630000004,1.7024944107761852,0.28802083333333334,-0.05539274215698242,3.377906789161541,0.0003,168.49598693847656,-0.03758907829135381,0.2,-45.75260857476128,416.7908073142723,160,0.033231083
0.5340435943862456,34.97222222222222,149,16.575835570501624,11.495167006106493,25.11385499236374,0.8321759259259259,7.867484085119098,207,30.208333333333332,1.4681083127263803,16.234598049186722,31104,1.1615137451783406,36.0,0.9081696355187591,25.896990740740744,0.1181828747958547,0.0,27.587254715414705,0.9170360727732818,53.02102524533962,38.68402777777778,48,0.37882285875057525,18.346742013047095,9.162852415755621,18,-40.8236994,1.7427809058991521,0.1765625,-0.015247106552124023,7.896485975053575,0.0003,1088.628173828125,-0.035164253698248,0.2,-45.73590578149866,2290.7025444878473,170,0.020210491
0.5352200622938683,34.129629629629626,149,16.183138173750834,11.319455215549196,24.779778994915723,0.8194444444444444,7.680296970916491,219,30.902777777777782,1.4936647294077403,16.2363785376349,32832,1.170714487605632,36.0,0.9057010182043017,25.260416666666718,0.11124835508315832,0.0,27.520663564735916,0.9225987530316045,53.04870616982913,38.389467592592595,48,0.37308173419496543,18.22256667254401,9.397185605615695,19,-42.201446940000004,1.7830718522432394,0.32905092592592594,-0.05195355415344238,3.0957464831846733,0.0003,160.7871856689453,-0.04826300512585375,0.2,-45.70806052596481,403.0491080955223,180,0.044438522
0.5237920595480184,34.09259259259259,149,16.166493858577333,11.510991807685699,24.433799687676185,0.8645833333333334,7.878031261402966,231,29.16666666666667,1.5192002715988664,15.93457873479984,34560,1.1804095657591394,36.0,0.9090505164643042,25.991030092592617,0.11689058250673938,0.0,27.604610804246892,0.9202946257772362,53.11864504401725,38.38831018518518,48,0.3798061904931897,18.214216876450475,8.876314021413155,20,-43.170815979999986,1.822608299080239,0.22957175925925927,0.012202858924865723,3.1717872403286123,0.0003,851.775146484375,-0.039214198374085955,0.2,-45.694168698346175,1592.2243842230903,190,0.02365154
0.5347644974811104,34.48148148148148,148,16.361768020324824,11.380017649197328,25.163586538852385,0.8501157407407407,7.673421273274102,243,31.365740740740744,1.5446847686781133,16.23875642975131,36288,1.1895931189423246,36.0,0.902886263094187,25.282118055555618,0.11730991801693395,0.0,27.420884145943756,0.9248244727857041,52.82457263732328,38.33449074074074,48,0.37517419328078744,18.193798831698757,9.541800869330231,21,-44.47716764,1.8629051901546172,0.2964699074074074,-0.07720088958740234,4.989793496661716,0.0003,152.39138793945312,-0.03965859409007761,0.2,-45.68834509672942,341.80772484673395,200,0.040379263
0.5311239495069374,33.175925925925924,148,15.742183127278025,11.022239446353728,24.55808446117024,0.8501157407407407,8.084526087692625,255,32.754629629629626,1.5704207880237349,16.170374085378516,38016,1.1998044341615561,36.0,0.9034719354808397,26.62760416666668,0.11752459476882339,0.0,27.44194990442899,0.9193758868794354,52.79276005167329,38.54340277777778,48,0.36293697504837846,18.294407738248605,9.913661887538487,22,-46.243007590000005,1.9030311253680634,0.15862268518518519,-0.007702469825744629,4.754078170988294,0.0003,1242.7103271484375,-0.0323525934825065,0.2,-45.688652222244826,2280.878473126447,210,0.017741634
0.5352145756294435,33.074074074074076,148,15.702323403243307,11.227319902534456,25.375876441405957,0.8657407407407407,7.764375562835234,267,34.83796296296296,1.5959437283251265,16.262280211624553,39744,1.2092153730686441,36.0,0.9065180032934261,25.520833333333396,0.12099367002663082,0.0,27.55861893775173,0.9301694255698506,52.89004186805556,38.36921296296296,48,0.369551261410805,18.209176120556673,10.566233135628197,23,-47.596277480000005,1.9433868258971247,0.30040509259259257,-0.054149746894836426,3.9493185339150605,0.0003,144.72207641601562,-0.04143223406195089,0.2,-45.66227079320837,320.90071371572986,220,0.035047024
0.52571056877342,32.925925925925924,148,15.63232618573632,11.340836420508468,24.751514687809518,0.8709490740740741,7.906608139213691,280,32.523148148148145,1.621573240218497,15.968410663389747,41472,1.2189818934166783,36.0,0.9060961638406185,26.04166666666676,0.12223600268143127,0.0,27.53560431082612,0.9224282880776173,52.83990214364576,38.46180555555556,48,0.37350237395588654,18.25180475734815,9.89835208156473,24,-48.71964362000001,1.9830078525555992,0.1765625,-0.004195690155029297,2.7092095450118734,0.0003,828.0592651367188,-0.03416940689742289,0.2,-45.67852025915075,1873.529791937934,230,0.020748584
0.5172851417382293,34.55555555555555,147,16.39220035571933,11.650496594186498,25.87019750174206,0.8703703703703703,7.955825246779063,292,32.754629629629626,1.646920872152782,15.721830821246698,43200,1.2288714565336258,36.0,0.9071684565286796,26.179108796296365,0.11741902069870475,0.0,27.553765293892578,0.9220657975866108,52.78926076305809,38.22222222222222,48,0.38396944665291155,18.139052773713964,9.94750055183623,25,-49.69839328000001,2.022012429608716,0.3140046296296296,-0.08700084686279297,3.8773501343197294,0.0003,76.16463470458984,-0.0415153793628431,0.2,-45.65109081974736,200.09841800265843,240,0.036097314
0.5279759034054313,34.601851851851855,146,16.40959561538737,11.834056434856848,25.389781261123137,0.8709490740740741,7.869512394804331,305,30.555555555555554,1.6724249528927144,16.03555288772131,44928,1.2385452375206367,36.0,0.9005563533161832,25.846354166666703,0.1185385272125919,0.0,27.349309458931987,0.9159377969738934,52.698536239373986,38.35648148148148,48,0.3900758612485679,18.201632295972985,9.266129210878919,26,-51.13194531,2.061801311828019,0.15515046296296298,0.0020127296447753906,2.7334126481303462,0.0003,938.689697265625,-0.03253997724020371,0.2,-45.64508707964862,1795.6917308666089,250,0.018350784
0.5219096338789593,33.40740740740741,146,15.8510585389639,11.455852099643138,23.84189505962823,0.8333333333333334,7.865570979281174,319,28.472222222222218,1.697792656418428,15.840707668868502,46656,1.2482091649688396,36.0,0.9034416142761664,25.853587962963044,0.11859256904358341,0.0,27.450927551797765,0.9205227883691419,52.88342753923761,38.24131944444444,48,0.37758429527767906,18.14708141028544,8.654984421021192,27,-52.608590480000004,2.1011030810001903,0.340162037037037,-0.09243440628051758,3.066227603400195,0.0003,47.633697509765625,-0.040091287699976455,0.2,-45.652687355324076,111.16494194313331,260,0.038469736
0.519318549030481,33.583333333333336,145,15.921027836732515,11.33807771343458,23.734908958049843,0.8721064814814815,7.951116035470174,332,28.35648148148148,1.7231956744644508,15.752879719810702,48384,1.258086955057515,36.0,0.9042931641485611,26.15740740740744,0.12199079488213802,0.0,27.458472330525865,0.9234770077103761,52.83123537179364,38.28761574074074,48,0.3739481029664326,18.161207218409093,8.595803407882746,28,-53.66250978000001,2.140185280299717,0.15989583333333332,0.005167722702026367,2.2710670890631497,0.0003,778.4152221679688,-0.036413247103768365,0.2,-45.645938067966036,1714.1154283311632,270,0.016573118
0.5144525757144015,32.7962962962963,144,15.548889555298322,11.059493551686183,22.688610575725917,0.8616898148148148,7.834121081760853,346,26.96759259259259,1.7486878757889028,15.626230279595662,50112,1.2676722577619173,36.0,0.8963835056158702,25.83912037037037,0.12115444315069877,0.0,27.2282858089125,0.9265238562031504,52.639980943671596,38.34027777777778,48,0.36477479351900227,18.196880529780838,8.200227468741412,29,-54.62687746,2.178950855998706,0.25972222222222224,-0.08330988883972168,3.125580156290973,0.0003,63.66731262207031,-0.03554093358624313,0.2,-45.65557972943341,154.67558209454572,280,0.029618647
0.5149940678399302,32.74074074074074,144,15.525585935528403,10.604509486633471,22.826635739856215,0.8865740740740741,8.025868916352929,359,29.050925925925927,1.7740793786152587,15.673690128257547,51840,1.2777369300527996,36.0,0.892882386488925,26.504629629629704,0.1249303424162093,0.0,27.120300081557208,0.9296642864814748,52.64547672312798,38.25868055555556,48,0.34930419389427486,18.15660113054231,8.81654031769434,30,-55.80645090000001,2.21783508131935,0.1257523148148148,0.003952741622924805,3.1728781324845774,0.0003,1118.84716796875,-0.03244566741847882,0.2,-45.645915024368854,2174.440174244068,290,0.015310611
0.5183992421092053,33.72222222222222,143,15.976383577399432,11.043406925762048,23.6592644547286,0.8530092592592593,7.788443527041632,373,28.819444444444446,1.7996271513582913,15.764392719081721,53568,1.2872080388704037,36.0,0.8902197113132394,25.651041666666696,0.12339501627255547,0.0,27.048202158485726,0.9333983089446762,52.61373121861211,38.407986111111114,48,0.3642941918467357,18.219109097213096,8.759473951567122,31,-57.1954681,2.2569460631170544,0.2277199074074074,-0.06875061988830566,2.7002593715985617,0.0003,64.79108428955078,-0.03396364131390497,0.2,-45.653853804976855,182.45410322966399,300,0.027565634
0.5085370910873478,33.76851851851851,142,16.013052598803906,11.079653445181913,23.77257345602454,0.8732638888888888,7.927728554080335,387,28.935185185185187,1.82498937740564,15.417492706133766,55296,1.2970273602556046,36.0,0.894685366550091,26.03443287037043,0.12225184192754251,0.0,27.19212497506634,0.9235394197963228,52.611084718693895,38.24131944444444,48,0.365258885743805,18.14489041893947,8.79986741203872,32,-58.35812367,2.295189794882389,0.10902777777777778,0.004698336124420166,3.9085441969059134,0.0003,1180.30078125,-0.028541512820110828,0.2,-45.64657205652308,2415.892573151765,310,0.013012545
0.49554624012049436,33.48148148148148,142,15.862505410243323,10.761779549547898,23.51043027301983,0.8778935185185185,8.324237824986186,400,29.629629629629637,1.8505463759060723,15.038045511370491,57024,1.30783795481807,36.0,0.8898801938255118,27.401620370370438,0.12572374251553547,0.0,27.009047260855315,0.9279328092372482,52.52302574497832,38.410879629629626,48,0.35556439156305775,18.222799400172896,9.006145313228608,33,-59.14437288000001,2.332484908660815,0.2591435185185185,-0.08120667934417725,2.407613443666034,0.0003,57.98384094238281,-0.03811514886889469,0.2,-45.63396503307201,167.39109516850223,320,0.031537797
0.5039672441141246,33.24074074074074,141,15.74686935306184,10.48503381019449,22.68447017349906,0.8211805555555556,8.181191124978259,414,28.240740740740744,1.8762074903343753,15.317497568520471,58752,1.3182909326305157,36.0,0.8876695297967007,26.924189814814888,0.11364078571398567,0.0,26.942352034059756,0.9219335764318246,52.42685118816248,38.4849537037037,48,0.3463079919662892,18.26444577132123,8.57256701024273,34,-60.642567830000004,2.370478652582116,0.12511574074074075,-0.004442334175109863,3.4477945967956827,0.0003,1190.7257080078125,-0.03303254492649878,0.2,-45.634094874064125,2285.3343103479456,330,0.015260076
0.4937554460068356,34.71296296296297,141,16.46392577104319,11.40133557335072,23.50264425869852,0.8686342592592593,8.269662262848817,427,25.462962962962962,1.901836677779554,15.007429752405741,60480,1.3289650882876378,36.0,0.8979880124721977,27.21354166666671,0.12138218442152289,0.0,27.27235908858856,0.9273333860679165,52.716964484174405,38.45949074074074,48,0.3761620098743939,18.251674978071414,7.75738291430461,35,-61.96392562,2.4076972269631307,0.32297453703703705,-0.07787728309631348,2.463259176413218,0.0003,42.01471710205078,-0.045148988388892676,0.2,-45.61831989994756,111.1565453140824,340,0.041431222
0.5026036620297469,34.50925925925926,140,16.363970476869678,11.326841168737182,23.80705448660361,0.8697916666666666,8.066537836908347,441,27.083333333333332,1.927296745055682,15.274865070264916,62208,1.3391314328799087,36.0,0.9011728829994773,26.598668981481545,0.12321700781800235,0.0,27.386815027924758,0.9294311736771278,52.73204398729274,38.326388888888886,48,0.37395416205387466,18.184026910451195,8.23624284099675,36,-63.05139724000001,2.445584389638793,0.10908564814814815,0.009136676788330078,2.480547038493333,0.0003,881.7412719726562,-0.028285423573106528,0.2,-45.62582008926957,2086.5965124059608,350,0.012877356
0.49478738038546277,34.28703703703704,140,16.264551433028746,11.68891644719758,22.330195961229798,0.8640046296296297,8.023575654087102,455,21.412037037037038,1.9525914038170267,15.036069112136454,63936,1.3491903720151264,36.0,0.8937874959554275,26.41782407407412,0.11816101101415859,0.0,27.165450678826463,0.9096776101766857,52.54335347585023,38.179398148148145,48,0.38541854622844074,18.117863504537926,6.496728081003471,37,-64.22832711,2.482874562419134,0.2894097222222222,-0.10756206512451172,2.499074078489233,0.0003,29.722238540649414,-0.040126734255399144,0.2,-45.62607133653429,88.94807264539931,360,0.035368834
0.5002757273180102,34.0462962962963,140,16.14728895280724,11.708866742058612,22.22120875053357,0.859375,8.045182830148308,468,21.412037037037038,1.9780263499284418,15.208940479749407,65664,1.3593033290904972,36.0,0.8955455937447522,26.52633101851855,0.11961505434110983,0.0,27.212812735889305,0.9219501862174345,52.63502599709411,38.29398148148148,48,0.38593493992435707,18.17397844456603,6.485053055667716,38,-65.69892174,2.520596913618508,0.13541666666666666,0.005880832672119141,2.703735332135801,0.0003,950.8358764648438,-0.035867815219831685,0.2,-45.60202830279315,2180.2239841037326,370,0.015005906
0.47987018648877866,32.93518518518519,139,15.62214274103989,11.199847902540748,21.98018991152817,0.8570601851851852,8.207294824430178,482,23.958333333333332,2.003116602686747,14.570289706116293,67392,1.3698215661515727,36.0,0.8935129942861643,27.03993055555555,0.12151143604991567,0.0,27.150202682968537,0.9248285767791425,52.57293401700857,38.013888888888886,48,0.3692025571619801,18.03610110332205,7.2781992679475325,39,-66.11570455,2.5567226378837984,0.31319444444444444,-0.02098226547241211,0.5918073769244883,0.0003,12.267836570739746,-0.03780520574224216,0.2,-45.59041502210829,46.337019793192546,380,0.03619379
0.49788927376952286,33.64814814814815,139,15.95286712933437,11.63529015117156,22.1745203055315,0.8385416666666666,8.052729223655854,495,22.10648148148148,2.028531610818956,15.118277531360816,69120,1.3799533892107123,36.0,0.8982762740228157,26.511863425925938,0.1217086267159037,0.0,27.298433305024957,0.9227111007422338,52.61998160149664,38.29050925925926,48,0.38355139392019416,18.16600325288358,6.7063630250255715,40,-67.26028454,2.5942183317122005,0.07604166666666666,-0.0004603862762451172,3.900709279819771,0.0003,1252.8497314453125,-0.02714641378433616,0.2,-45.59321633798105,2698.2859989872686,390,0.010975913
0.49520164872329986,34.26851851851852,139,16.25714923566706,12.163067056831979,22.04159171212123,0.8396990740740741,8.134879406118719,509,18.865740740740744,2.0539191916639834,15.023187177675716,70848,1.390290587726009,36.0,0.8924922406965573,26.815682870370445,0.11823433108730788,0.0,27.11201361436305,0.9278239848820485,52.52044502062128,38.27256944444444,48,0.40072315231829,18.155032338010994,5.741375419622192,41,-69.25229958999999,2.6314762996563896,0.19768518518518519,-0.07494556903839111,4.35977671985273,0.0003,85.34111022949219,-0.03669071427236001,0.2,-45.59636888857241,230.38022364863642,400,0.025233373
0.4896477139052341,34.0,138,16.121249273158693,11.880099847785011,22.208796896712432,0.8449074074074074,8.325007490202061,523,20.833333333333332,2.079440813064986,14.896325326231034,72576,1.4011031064515143,36.0,0.8916817988205774,27.4088541666667,0.11904736058533974,0.0,27.075409882350908,0.9204744799783666,52.53204557813756,38.37731481481482,48,0.3917876978059652,18.208648560401105,6.327447775768726,42,-70.41389117999998,2.668417112971967,0.0824074074074074,0.0024355649948120117,3.927741027761389,0.0003,1394.6744384765625,-0.02757714195176959,0.2,-45.61726082695855,2920.223498083044,410,0.010902189
0.48558683971606154,33.416666666666664,138,15.846835962099144,11.798319876802259,20.952783781875034,0.8680555555555556,8.132078921595125,536,17.824074074074073,2.1047221301942556,14.759913901271906,74304,1.411433303755502,36.0,0.9004150951437317,26.786747685185333,0.12471470994621278,0.0,27.377325717694685,0.9281545377416881,52.77355955776147,38.16956018518518,48,0.38879511405500883,18.11252685170791,5.427627942973632,43,-71.16529167,2.7050168977251468,0.30636574074074074,-0.13110840320587158,2.8678688795478258,0.0003,25.265701293945312,-0.041050614613211814,0.2,-45.592549500642,70.48776423842818,420,0.043083772
0.4936149528953233,32.7962962962963,138,15.554597006531116,11.284674045770386,21.210958454185942,0.8541666666666666,8.345511743038395,550,21.412037037037038,2.1300229100918715,14.976055729018752,76032,1.422297083113098,36.0,0.8975207736056072,27.43778935185191,0.12237715121378859,0.0,27.2883572750497,0.9215563134320394,52.72746775140971,38.19733796296296,48,0.37166291111696426,18.120311959046454,6.491687401884438,44,-72.6090307,2.7421570370476935,0.08958333333333333,0.0021411776542663574,2.6486845054008343,0.0003,1170.8426513671875,-0.02726976881493573,0.2,-45.589333400019896,2469.623272931134,430,0.01217005
0.4832790555189859,31.037037037037038,137,14.730627020605667,10.40929252871897,19.3891491009366,0.8778935185185185,8.23823839301914,564,21.064814814814813,2.1551073125185107,14.694253594877074,77760,1.432892679095646,36.0,0.8879425333372972,27.206307870370487,0.12732841855719748,0.0,26.983906951826878,0.9292788549102957,52.4394038162161,38.00925925925926,48,0.34207867578092194,18.033760970655635,6.369229551611961,45,-73.76549466,2.778592671034886,0.29953703703703705,-0.09259378910064697,2.3067763946674487,0.0003,27.761009216308594,-0.04733224697238593,0.2,-45.55781197724519,89.04988235191063,440,0.03786645
0.49014930598156675,31.64814814814815,137,15.017118935789613,10.358348280157044,20.657198678778947,0.8506944444444444,8.228828844506433,577,24.421296296296294,2.1802931913079755,14.893629101949541,79488,1.443464751206912,36.0,0.8888383679103652,27.010995370370456,0.1252939551159337,0.0,27.01674589558063,0.9261813918840843,52.46886611127189,38.08680555555556,48,0.3406887160182346,18.07435151578595,7.401731462832288,46,-74.85453487,2.8155267437897598,0.07806712962962963,0.0057370662689208984,3.351007584289268,0.0003,1332.4156494140625,-0.026278748014872826,0.2,-45.55769579852069,2838.8970838758682,450,0.010302692
0.48193721624487146,30.824074074074076,137,14.632674076506325,9.957902328221245,18.77812715918929,0.8524305555555556,8.157466099013721,591,20.833333333333332,2.205234973858957,14.643602764649655,81216,1.4538584164544464,36.0,0.8808003147195792,26.851851851851954,0.12040347000144536,0.0,26.76916380902041,0.9173126599883683,52.36451007054021,37.88425925925926,48,0.3270715406767244,17.976713020392555,6.307550754461716,47,-75.84190241999998,2.851835750701384,0.26990740740740743,-0.10817611217498779,2.356383753043634,0.0003,12.41404914855957,-0.03673072137214519,0.2,-45.550483534071184,67.98573608398438,460,0.033638496
0.48258048015676996,31.416666666666668,137,14.908421681787372,10.467243724247966,19.118248766230842,0.8547453703703703,8.18981170566085,605,19.328703703703706,2.2305003835131085,14.685662706273972,82944,1.4643329457185985,36.0,0.8846136518001856,26.98929398148154,0.1247927238362811,0.0,26.88512512330871,0.9249975084097548,52.38519258936723,38.144675925925924,48,0.3440876487009599,18.106163861660633,5.862583360195501,48,-76.94478302,2.888249907467069,0.0920138888888889,0.002533435821533203,2.8692548319145486,0.0003,1212.36669921875,-0.023943783042745456,0.2,-45.56332147386339,2697.0600319191262,470,0.011106453
0.483548580682685,30.703703703703706,136,14.561902725988467,9.919603865006707,18.563721557758562,0.8715277777777778,8.233759135896713,618,20.48611111111111,2.255707404580003,14.713469850770968,84672,1.4749173435583403,36.0,0.8842603978793216,27.141203703703816,0.12472706334557873,0.0,26.85244501793189,0.9211430472752428,52.34660590654835,38.101273148148145,48,0.3270019794636137,18.082808426757815,6.202214966763386,49,-78.38045824999999,2.9247335820939964,0.3184606481481482,-0.08351480960845947,1.5776805093994848,0.0003,15.315563201904297,-0.04506789270133056,0.2,-45.556134683114514,44.77283427626998,480,0.042523988
0.47909786742334987,30.064814814814813,136,14.266347201205244,9.53927410625227,17.754045238187572,0.8744212962962963,8.097496851241146,632,20.02314814814815,2.280781416145836,14.591139679884025,86400,1.4851610856864432,36.0,0.8726280343835201,26.721643518518537,0.1283949067887728,0.0,26.509214835056508,0.9228583138277656,52.21055845734552,37.98668981481482,48,0.31412613271675155,18.02960462633325,6.068423930730056,50,-79.37815312000001,2.9609114312937064,0.0865162037037037,0.0029414892196655273,3.1796809863161157,0.0003,1426.5108642578125,-0.025702248834487466,0.2,-45.53936497723615,2967.485530598958,490,0.010053765
0.47110604814527735,30.833333333333332,136,14.62107948827783,9.75299590496131,19.625262494198743,0.8408564814814815,8.268699660004918,646,24.305555555555557,2.3058434808084667,14.337154476888514,88128,1.4958328348364556,36.0,0.880081014705057,27.25694444444452,0.12092098381063261,0.0,26.731615988143584,0.9158828777727737,52.32489422454152,37.984375,48,0.32169021560957106,18.024825865052133,7.3711871009596,51,-80.15191729,2.9964543174859277,0.25734953703703706,-0.09829020500183105,1.905015923358776,0.0003,18.474374771118164,-0.039410778630041964,0.2,-45.53042835659451,55.41459821771692,500,0.03661426
0.4664013892680478,31.296296296296294,136,14.833112943137456,10.085430588382673,19.814112739517448,0.8564814814814815,8.245485748591014,659,23.14814814814815,2.3309291717280276,14.175218284055333,89856,1.506446549207933,36.0,0.8835645178105778,27.148437500000068,0.12065707131900956,0.0,26.832504482287277,0.919008127496936,52.35853578689898,37.99305555555556,48,0.3329408450370444,18.03427636782428,7.015569207997316,52,-80.71034681,3.031592363196066,0.06643518518518518,0.00202178955078125,2.90460141521913,0.0003,1379.4088134765625,-0.024302559508079732,0.2,-45.53955045629431,2884.6733778211806,510,0.009500646
0.4658196725509282,30.62037037037037,135,14.5251942020031,10.100806490572328,18.640948959177784,0.8709490740740741,8.28983696140868,673,20.25462962962963,2.3559646529378115,14.166757863033867,91584,1.5171711416114548,36.0,0.884768995570734,27.314814814814923,0.1273978810066393,0.0,26.868205887012518,0.9252927127779621,52.35493136822107,37.951967592592595,48,0.3328369858346029,18.014192483913636,6.134948266602358,53,-81.68677618000001,3.066709257853651,0.3070601851851852,-0.07658541202545166,1.0833372437291675,0.0003,13.07145881652832,-0.03988765972424988,0.2,-45.49994369789406,36.00992536191587,520,0.038577486
0.46224349695591044,30.796296296296294,135,14.608019765039623,10.230423509042922,18.573730402655436,0.8645833333333334,8.212369687699677,687,19.328703703703706,2.380693039637956,14.06576989044679,93312,1.5277020658307041,36.0,0.8834460901437532,27.119502314814856,0.12200272443820057,0.0,26.839187002538438,0.9209624090248412,52.33869719514143,37.70891203703704,48,0.3371012906967059,17.89135468005775,5.855287128572887,54,-82.34798285999999,3.101573682579768,0.04172453703703704,0.005904495716094971,2.8020100441243914,0.0003,1494.2650146484375,-0.01715262880962756,0.2,-45.515064861156326,2950.2177788628474,530,0.0069499156
0.46138590566861193,30.509259259259256,135,14.480128183807466,10.077764283181944,18.261357141227034,0.8784722222222222,8.36409882192498,700,19.212962962962962,2.4056311343934644,14.0115506599045,95040,1.5386123128855165,36.0,0.8799935440264215,27.51012731481489,0.12937993993346586,0.0,26.72780440067747,0.9276527774948087,52.35817181954483,37.88831018518518,48,0.33194027065457865,17.975237902203308,5.823464674237624,55,-83.16419469,3.136302559229529,0.26707175925925924,-0.11255061626434326,1.3789849865767692,0.0003,6.025758743286133,-0.03737538458813948,0.2,-45.514492698952004,26.064856144233985,540,0.040511537
0.4740103770093154,30.962962962962962,135,14.693068835274739,10.506985278045121,18.63285849767602,0.8489583333333334,8.130112422610877,714,18.402777777777775,2.4306611197383177,14.405573588621523,96768,1.5489375939420436,36.0,0.8827307712773637,26.837384259259345,0.12280270707714996,0.0,26.811457654357213,0.919561188522644,52.39804013509616,37.951967592592595,48,0.34588157447214957,18.01199413794134,5.552804384356157,56,-85.26174638,3.172016493201083,0.07146990740740741,0.005208790302276611,2.211431642483782,0.0003,1330.405029296875,-0.015920972882735508,0.2,-45.554009953251594,2932.8646999782986,550,0.007388137
0.46661495441552825,30.546296296296294,135,14.496075248667305,10.490902008024506,17.978835697511485,0.8512731481481481,8.279763022922799,728,16.89814814814815,2.4555533776782292,14.176424705015657,98496,1.5596370014993506,36.0,0.8813573771814495,27.27141203703709,0.12446256703877051,0.0,26.76454246101426,0.9195545932408749,52.37435850673521,37.84375,48,0.3454270388324292,17.956903175964666,5.111858440819675,57,-86.72883467,3.2071575549636218,0.2263888888888889,-0.09085917472839355,1.2444284736006348,0.0003,7.972085952758789,-0.038568031439488684,0.2,-45.53270341378671,40.662721414919254,560,0.029557802
0.4718146303625773,31.046296296296294,135,14.727018497667842,10.657963416411254,18.65629689160504,0.8721064814814815,8.209603556707341,741,17.824074074074073,2.480714733023613,14.327104557790973,100224,1.570161010391119,36.0,0.886386008575274,27.003761574074073,0.1281298787860923,0.0,26.92254553527377,0.9282241425631331,52.450460131103455,38.066550925925924,48,0.3511993858466555,18.064542138153428,5.391314977525944,58,-87.93512643999999,3.242675316358099,0.04878472222222222,-0.002811908721923828,2.4721133962825492,0.0003,1440.1741943359375,-0.019894163089769858,0.2,-45.52797516716851,3108.8538483796297,570,0.00687105
0.46742817642954193,31.203703703703706,134,14.808316606805477,10.525500679441683,18.790714188258455,0.8541666666666666,7.910306529229687,755,18.402777777777775,2.505719571791269,14.209806940945759,101952,1.5799367767141932,36.0,0.8865899783171614,26.01996527777783,0.1281853401246583,0.0,26.928470407884323,0.9280315796445954,52.489676242034726,37.93981481481482,48,0.3466348437011537,18.001935507062456,5.576896902011296,59,-88.78194364000001,3.2778998337104635,0.37719907407407405,-0.09381818771362305,0.6836358614265918,0.0003,0.6093020439147949,-0.03683738767824791,0.2,-45.5014431282326,6.659781856007046,580,0.048026685
0.4650485339445716,31.26851851851852,134,14.83417532971294,10.60693523437141,18.78209483701199,0.8443287037037037,7.92455338652691,769,18.055555555555557,2.530467815246048,14.132772713435804,103680,1.5897481601805106,36.0,0.8859536262695688,26.18634259259272,0.12009439559840569,0.0,26.911809919857603,0.916934196557601,52.49568254974588,37.722800925925924,48,0.3491334186103432,17.89929738191153,5.460984272927639,60,-89.31742050000001,3.312931765494053,0.03454861111111111,0.004559516906738281,0.5805687985762402,0.0003,785.376953125,-0.006458681418250004,0.2,-45.51083194591381,1756.113710756655,590,0.004116263
0.45892051441263826,31.009259259259256,134,14.71285776789098,10.470533102907565,18.4084024637893,0.8234953703703703,8.075580653891928,782,17.708333333333332,2.555320594778866,13.949294813056229,105408,1.5999371118152403,36.0,0.8852339730876732,26.6131365740741,0.1189003566127793,0.0,26.877443653579178,0.9174801201861761,52.52595487887296,37.808449074074076,48,0.3445899826995184,17.9411118131273,5.345011592990754,61,-90.28794634999997,3.3475050025266935,0.00798611111111111,-0.04100847244262695,5.30416836782738,0.0003,196.06527709960938,-0.01370729641230018,0.2,-45.50484908775047,519.8249065257885,600,0.0033703723
0.4604235211279228,30.84259259259259,134,14.633644212335748,10.38581147704214,18.433020575365674,0.8541666666666666,8.18355021846767,796,18.287037037037038,2.580104115684166,13.978872616054097,107136,1.6103959873614095,36.0,0.884173182187789,26.9314236111112,0.12405442751302274,0.0,26.843968168558636,0.9297112661127287,52.49224212878556,37.75578703703704,48,0.34202155755942387,17.913408362120034,5.533564885987787,62,-91.21695426000002,3.382152184066829,0.00318287037037037,0.0015371441841125488,4.57209125801369,0.0003,2812.79296875,-0.008880992604557563,0.2,-45.49663858766909,5336.4332591869215,610,0.0011595783
0.456985805544146,30.675925925925924,134,14.541888702664005,10.248465076512675,18.32053170862276,0.8506944444444444,7.992480251996683,809,18.63425925925926,2.6047940547626043,13.884816588566578,108864,1.6203771879914013,36.0,0.8839384737729782,26.38888888888889,0.12412041320171874,0.0,26.838856539595696,0.9254434361093712,52.47649588470384,37.677083333333336,48,0.338251119068735,17.875975631375148,5.650177929446078,63,-91.92336184000001,3.4165642255382456,0.040914351851851855,-0.04409670829772949,2.4784834999729086,0.0003,72.76879119873047,-0.023134787315157827,0.2,-45.49551169783981,197.13202819824218,620,0.0097278515
0.4610553070315969,30.333333333333332,134,14.38461140414151,10.137706341787403,17.97034240254034,0.8640046296296297,7.962006703597354,822,18.40277777777778,2.6295660519477826,14.00737504758091,110592,1.6302822047503946,36.0,0.8839749519737988,26.222511574074172,0.12465976071224727,0.0,26.838423415678587,0.9254595175674281,52.471720067643126,37.730324074074076,48,0.33429635767058324,17.908798874071355,5.568024656611424,64,-93.08398285,3.451282663157198,0.0030092592592592593,-0.0004601478576660156,4.235357824078313,0.0003,2435.72607421875,-0.010034346749523172,0.2,-45.48757158915202,5823.095440899884,630,0.0014617448
0.452079761377924,29.185185185185187,134,13.841452588145602,9.516494927660196,16.7227304228268,0.8275462962962963,8.138307549593424,836,18.171296296296294,2.654164415496643,13.747342539552472,112320,1.6406279736243783,36.0,0.882998662761561,26.808449074074094,0.11961581683246511,0.0,26.80982042293411,0.9115409629843944,52.47998209428431,37.595486111111114,48,0.3135131957084138,17.839345419544156,5.484782907021004,65,-94.15852545,3.485351019506079,0.03894675925925926,-0.03263652324676514,2.3400785079708806,0.0003,118.83584594726562,-0.02072026639210957,0.2,-45.48547870494701,309.25038565176504,640,0.0088645145
0.45736251302960074,29.490740740740744,134,13.987931400882772,9.54768602259373,17.01169763494095,0.8576388888888888,8.095170921029064,850,18.51851851851852,2.6789072356605166,13.887037434704022,114048,1.6508659009269508,36.0,0.8835467140544134,26.649305555555557,0.12355435215634344,0.0,26.832445747903733,0.9270651650248684,52.46717644150235,37.73090277777778,48,0.31470879289862425,17.897128065549435,5.596080211464449,66,-95.30946496,3.519768613092839,0.006076388888888889,0.0016489028930664062,4.283641661538018,0.0003,2296.459228515625,-0.012944529986836845,0.2,-45.473452476218895,5032.907629846643,650,0.0025871615
0.4570731614049765,28.805555555555557,133,13.670075147310676,9.154498015111455,16.229175061843716,0.8287037037037037,8.04155300035858,864,18.287037037037038,2.7035905791119075,13.896278114715395,115776,1.6609697834278474,36.0,0.8749723140816638,26.475694444444454,0.1225951122026292,0.0,26.574805697759377,0.9292057720903647,52.37950349769475,37.64930555555556,48,0.30156095845485037,17.87333738055634,5.524601899421582,67,-96.38058794000003,3.554209308379628,0.16770833333333332,-0.0824117660522461,1.8530913138831104,0.0003,8.876564025878906,-0.037159264268767506,0.2,-45.46312659934715,46.829896714952255,660,0.022366194
0.4533338662895649,28.944444444444446,133,13.731018045641695,9.28652121749046,16.285816454882337,0.8362268518518519,8.223371478663365,877,17.824074074074073,2.7279924735120837,13.772512785333141,117504,1.6715282121245059,36.0,0.879631220210987,27.061631944444443,0.12312431007795402,0.0,26.73443984475811,0.9186825665013791,52.40475747938272,37.42766203703704,48,0.30620696654694396,17.76075776007043,5.388277191750178,68,-97.50160665,3.588340590342961,0.015856481481481482,0.0030487775802612305,3.6250106226514887,0.0003,2302.865478515625,-0.013905932430039953,0.2,-45.46586541069878,4983.950842737268,670,0.0038478842
0.45047608820151874,28.85185185185185,133,13.677249089684297,9.074525674137528,16.128036579164878,0.8159722222222222,8.363875394125822,891,18.1712962962963,2.7524823247190784,13.678347235167434,119232,1.6824379006098205,36.0,0.8762702508404763,27.502893518518576,0.11842903091159777,0.0,26.614243043947557,0.9279008449235927,52.40318641252215,37.50578703703704,48,0.2994743936030565,17.795940482797935,5.496261815343054,69,-98.55196167999999,3.6222364584308795,0.13287037037037036,-0.03393733501434326,2.340231758576852,0.0003,58.34008026123047,-0.034025665865866125,0.2,-45.448591246428315,163.02336824205187,680,0.018308977
0.45059406078204206,29.15740740740741,133,13.82676484393621,9.24206658648283,16.445093245762095,0.8344907407407407,8.243553420020959,904,18.1712962962963,2.777095886470953,13.6991300538658,120960,1.6930467841598729,36.0,0.8786801215303531,27.191840277777796,0.12047725093480173,0.0,26.69855729471448,0.9189600686942844,52.40601686153364,37.60358796296296,48,0.30468700270530436,17.84542470074995,5.496261815343054,70,-99.52887583000002,3.656184283565544,0.022569444444444444,0.0009464621543884277,3.792723251713647,0.0003,2263.248046875,-0.020838376298477804,0.2,-45.45403576603642,4916.800576895254,690,0.005492127
0.4471505408078352,28.703703703703706,133,13.62231313437733,9.146757673739055,15.839458180266869,0.8454861111111112,8.303377300667297,918,17.12962962962963,2.8017501749616494,13.58750392218023,122688,1.7038052274115412,36.0,0.8743125015234735,27.358217592592627,0.12196279236837718,0.0,26.548384117366876,0.9218350548361178,52.36242234618811,37.648148148148145,48,0.30136785879731387,17.86171539627853,5.190387372150483,71,-100.75733829999999,3.6898530433709946,0.2429398148148148,-0.06362736225128174,1.662850336123396,0.0003,5.98259973526001,-0.04145765481171785,0.2,-45.4493718041314,31.466755708058674,700,0.030627433
0.4542866750177325,28.703703703703706,133,13.60903660074989,9.094855312030115,15.741542695730187,0.8512731481481481,8.334655632627156,931,17.01388888888889,2.8265132493264744,13.807741881557162,124416,1.7146418664931091,36.0,0.8711015224937784,27.473958333333414,0.1262667739579726,0.0,26.445803086279607,0.9246798172404221,52.277261842136596,37.745949074074076,48,0.3004390729137973,17.90522974593005,5.157650782950182,72,-102.18324242000003,3.7240723980748873,0.04241898148148148,-0.001715540885925293,2.7755828231573103,0.0003,2375.21630859375,-0.01444061146531668,0.2,-45.46039177223488,4887.784440104167,710,0.0061172526
0.4373131726071449,27.212962962962962,133,12.909491919680228,8.07518237533845,14.118590226698085,0.8368055555555556,8.345980517243765,944,17.36111111111111,2.8508396805216285,13.288594298870018,126144,1.7255068177862185,36.0,0.8679570217796307,27.50289351851854,0.12353164936834744,0.0,26.375768338388898,0.9246498409923916,52.234928392739285,37.360532407407405,48,0.2660513054443279,17.730572478061713,5.253915931679408,73,-102.48686980999999,3.7569938838220622,0.25,-0.04060399532318115,1.5882427666474273,0.0003,5.447699069976807,-0.043719833161405944,0.2,-45.43081631130642,34.76595380924366,720,0.032376643
0.44501803110340005,26.990740740740744,133,12.802659030390222,7.970842659580136,14.114539999877534,0.8807870370370371,8.232478038282215,958,18.055555555555557,2.8752691483569834,13.512892848679712,127872,1.736088012881924,36.0,0.8675031220994739,27.097800925925974,0.12933060302254126,0.0,26.346264356474308,0.9240510745212194,52.21670534685878,37.45601851851852,48,0.26271297316281694,17.771787134141924,5.461038309907177,74,-102.83221107000001,3.7904761159437617,0.03518518518518519,-0.00016701221466064453,4.851035778390036,0.0003,2332.103515625,-0.015358319000720426,0.2,-45.42648819817437,5091.242340313946,730,0.005671316
0.4402725326604146,26.314814814814813,133,12.487991020248678,7.381009003923331,12.907278385411168,0.8512731481481481,8.297076273855982,971,17.01388888888889,2.8995492997560772,13.384538425353037,129600,1.746830703566564,36.0,0.8726925972981671,27.365451388889014,0.1256986332822396,0.0,26.50849061454276,0.9213007378709152,52.261382979908795,37.33796296296296,48,0.24301522796330646,17.712060559637447,5.158278361239158,75,-103.98833907,3.8236374620071443,0.34293981481481484,-0.04909849166870117,1.2268154601532,0.0003,-0.07416343688964844,-0.035235480042346924,0.2,-45.37743990862811,9.045959772004021,740,0.059075817
0.4405103450997065,26.611111111111114,133,12.627472650101396,7.473495805923052,13.59031955663354,0.8628472222222222,8.47038686399619,984,18.51851851851852,2.9241429651867623,13.384014826479827,131328,1.7580066707265545,36.0,0.8738137254527323,27.900752314814866,0.12969401157210755,0.0,26.54684795444658,0.9284067495939311,52.33218077070322,37.589699074074076,48,0.2458381461511978,17.837466172274013,5.609351100609093,76,-105.19359748000001,3.856797499073344,0.14502314814814815,-0.001678466796875,3.002872015039126,0.0003,1988.3209228515625,0.001995209052606865,0.2,-45.36459053887261,4063.350816514757,750,0.009843342
0.4383140601315039,26.185185185185187,133,12.436885179485182,7.391121653278233,12.828290364710318,0.8547453703703703,8.26096512843059,998,16.89814814814815,2.9482723838587277,13.329895811639842,133056,1.768659083547631,36.0,0.8746379820645941,27.242476851851873,0.1260968347087766,0.0,26.564335819327017,0.9199509819854957,52.28923525819609,37.18518518518518,48,0.2425009159463505,17.651767468786183,5.120283531946902,77,-106.08119375,3.8898222386024432,0.05306712962962963,-0.03349268436431885,3.4172342109459417,0.0003,30.408733367919922,-0.023627907662066044,0.2,-45.366570465653034,121.51438583091453,760,0.010977484
0.4409718733595334,26.194444444444446,133,12.439287292220525,7.3775870543453905,12.89306441064177,0.8883101851851852,8.263170065006122,1011,17.12962962962963,2.9725479266874024,13.402719136942364,134784,1.7793170087101464,36.0,0.8733358987312608,27.162905092592524,0.1372601362688621,0.0,26.52278652846532,0.9264614246748005,52.27126077736526,37.30555555555556,48,0.24225615753066285,17.710217131469943,5.1961900640758545,78,-106.79278287999999,3.9230290364447993,0.0038773148148148148,-0.002240419387817383,9.72831084198422,0.0003,2716.184326171875,-0.009492336962096117,0.2,-45.34900502805357,6795.938760489004,770,0.0014085408
0.4380215057811374,25.046296296296294,133,11.878026423837092,6.544840579398282,12.287686290225857,0.8449074074074074,8.023263679661053,1025,19.791666666666668,2.9964335695743003,13.321741025564862,136512,1.789375167909299,36.0,0.8722185328767232,26.44675925925931,0.12788247063458774,0.0,26.50221254822509,0.9168310893460565,52.33028090554016,36.98090277777778,48,0.21544306246615852,17.554257154759174,5.984819286990484,79,-107.56083452000001,3.9560333890087116,0.3514467592592593,-0.05479252338409424,1.3964898590964299,0.0003,-0.1475050449371338,-0.04177009897237575,0.2,-45.29700003729926,4.557358822116146,780,0.058328137
0.43663061998242303,25.5,133,12.09561760284501,6.964533636005521,12.954243855531963,0.8553240740740741,8.25166911360949,1038,19.90740740740741,3.0207997174441044,13.269780174519346,138240,1.8000043406933228,36.0,0.874422932184382,27.242476851851805,0.13257948239355746,0.0,26.55952648308657,0.9226267741087837,52.37036781176939,37.398148148148145,48,0.22912285754348427,17.74645914792165,6.014092616681434,80,-108.65118479000003,3.98890783944501,0.07494212962962964,-0.0017930269241333008,1.8256282005045148,0.0003,1189.165771484375,-0.0032103050551894638,0.2,-45.31725961190683,2678.005933521412,790,0.0064035687
0.4380420304474327,25.361111111111114,133,12.031675701993676,6.9400620419309,12.729505652934604,0.8547453703703703,8.148958490412303,1052,19.444444444444446,3.045018253139147,13.325467711585006,139968,1.8103767369193535,36.0,0.8720440612353079,26.8880208333334,0.12791015838958333,0.0,26.497437691082325,0.9244932862829016,52.325339990524526,37.26273148148148,48,0.22838820792130202,17.68741427801713,5.877767909010029,81,-109.78933339000001,4.021921508723973,0.0021412037037037038,-0.010270833969116211,20.285181790811045,0.0003,581.3704223632812,-0.00635819954590665,0.2,-45.319328520033096,1439.974099166305,800,0.00096366263
0.43354240719173015,25.388888888888886,132,12.046942945721476,6.961850689480116,12.84375801311763,0.8854166666666666,8.234136092829003,1065,19.675925925925927,3.068946084664328,13.17240810544105,141696,1.820962077151426,36.0,0.8747183578795489,27.12673611111109,0.13670584026955956,0.0,26.57700634074389,0.9206081214574107,52.38523954122606,37.04050925925926,48,0.22908819092102692,17.571132610072222,5.954964377916039,82,-110.53851568999998,4.054552528987576,0.0006944444444444445,-0.00023794174194335938,14.824221731115271,0.0003,3332.916748046875,-0.00422307257540524,0.2,-45.327204061437534,6565.3613878038195,810,0.00029042264
0.42809434357689363,24.51851851851852,132,11.627889055212473,6.351788193521213,11.90763197326019,0.8524305555555556,8.480627533546988,1078,20.02314814814815,3.0927889504837944,13.006896810118286,143424,1.8321636459852937,36.0,0.8688670891601141,27.929687499999975,0.12852436715581195,0.0,26.394995724216574,0.9156144421188505,52.27641004225168,36.963541666666664,48,0.20892323621903752,17.537146327786655,6.047954724526503,83,-111.07277789,4.086769771012872,0.07962962962962963,-0.05296826362609863,4.928460666537285,0.0003,12.400190353393555,-0.02921960294522621,0.2,-45.29095877188223,58.026269036752204,820,0.012854196
0.4290021074380937,24.62962962962963,132,11.676798342078635,6.437027660887807,12.073227364459763,0.8703703703703703,8.356377924888957,1092,20.13888888888889,3.11670193899874,13.04020809378577,145152,1.843054590797516,36.0,0.8706323847795651,27.553530092592613,0.13174131315895393,0.0,26.445387516939643,0.9254278787821681,52.28940360250564,37.01909722222222,48,0.2119153459454648,17.565195405978265,6.079401361493321,84,-111.93659025999999,4.119070291247336,0.0013310185185185185,-0.0014251470565795898,23.070852035946317,0.0003,4195.02685546875,-0.0051742941951724115,0.2,-45.27556738676848,9277.290010127315,830,0.00071330974
0.4289974834383103,23.388888888888886,132,11.094327768736933,5.8126425962060715,10.112606406044648,0.8634259259259259,8.232975031887607,1105,17.59259259259259,3.140338086285633,13.025343223379705,146880,1.853637028377235,36.0,0.8645696264595714,27.133969907407383,0.13605819826048088,0.0,26.280188120181133,0.9241373590356574,52.23258339739166,36.79050925925926,48,0.19103362014668987,17.45445891475718,5.325636041101642,85,-112.49850421999997,4.151333649305785,0.37754629629629627,0.010953128337860107,2.976202821565999,0.0003,-0.25797009468078613,-0.047445198507220655,0.2,-45.22364848101581,3.1340119035155687,840,0.049342033
0.4296802985210993,23.60185185185185,132,11.187549316150447,5.886998019955803,10.294541734008302,0.8645833333333334,8.1908168192309,1119,17.592592592592595,3.1641038531586085,13.060407197126345,148608,1.8641140704253123,36.0,0.8684520142785312,27.025462962962994,0.137040045564865,0.0,26.411119541119515,0.9258571210028563,52.28016206841456,36.917824074074076,48,0.1942227261375059,17.50630674919008,5.3399943979020525,86,-113.44324406,4.183684667298601,0.01597222222222222,0.004635274410247803,2.39862468354404,0.0003,618.001220703125,-0.0054701590289672215,0.2,-45.23032510545519,1400.2179658112702,850,0.0036157442
0.42243647814959606,23.40740740740741,132,11.09180164486535,5.692942003411274,10.074983312294005,0.8478009259259259,8.31408677429363,1132,17.824074074074076,3.1874549986117686,12.81763895593057,150336,1.8748992873610464,36.0,0.8684200960451225,27.394386574074087,0.12993456281296284,0.0,26.409239660887426,0.9230963591219726,52.28139114524938,36.557870370370374,48,0.18814509954414357,17.340458181264115,5.4102396640173795,87,-113.96545779,4.215428764688427,0.0004050925925925926,-0.010141849517822266,27.34627222838225,0.0003,788.6731567382812,-0.0057355327997356655,0.2,-45.23368691338433,1668.3832406503184,860,0.0006851496
0.4258822876598321,23.444444444444443,132,11.105331958562681,5.723044720302004,10.148222727351744,0.8344907407407407,8.253055632866458,1145,17.939814814814813,3.211134469147518,12.929733624449847,152064,1.8855319264432124,36.0,0.8676012249908215,27.126736111111153,0.1283055067977447,0.0,26.3808313701379,0.9144516871630503,52.27625403712011,36.82118055555556,48,0.18918108160820166,17.471788214299814,5.439846048487059,88,-114.87466286999998,4.247453098749552,0.0010416666666666667,0.005734682083129883,8.687435823899728,0.0003,1529.0968017578125,-0.004627453158092168,0.2,-45.2409558614095,3601.8913040726275,870,0.0004039931
0.42405222465401066,23.12962962962963,132,10.976849421897152,5.230837850234978,10.096393913486107,0.8709490740740741,8.076764787107777,1159,19.90740740740741,3.234617793427107,12.895325817436833,153792,1.8957238384109818,36.0,0.8690079269292171,26.642071759259252,0.13632177857160527,0.0,26.423616419692877,0.922728475655404,52.26457054100806,36.6568287037037,48,0.17148656387430436,17.39332971183562,6.008706641353977,89,-115.93837224999999,4.279391413293144,0.010300925925925925,-0.0074318647384643555,11.316705265089318,0.0003,58.25059127807617,-0.014343144708416529,0.2,-45.2377510353371,194.0489168520327,880,0.0045663523
0.42874474574180427,23.23148148148148,132,11.016811732353174,5.245771057507523,10.18089554003475,0.8478009259259259,8.364499846541639,1172,20.02314814814815,3.258087664445255,13.022002079174714,155520,1.906635088027336,36.0,0.8678499727559017,27.488425925925995,0.13379371401758708,0.0,26.39404940967458,0.9126867457399678,52.274077324463434,36.641782407407405,48,0.17220021916718953,17.38794840725909,6.038312750174055,90,-117.43120536000002,4.3116464184910805,0.00034722222222222224,0.0027208924293518066,24.238895257314045,0.0003,3620.552734375,-0.003500282986055094,0.2,-45.242103336475516,7725.304578993056,890,0.00025221638
0.4223292442842093,22.888888888888886,132,10.844877551522549,4.893106735922676,9.7961517681576,0.8454861111111112,8.248168915849071,1186,20.37037037037037,3.2813969737137754,12.834599319563486,157248,1.9172555103169586,36.0,0.8644298121453938,27.155671296296333,0.13166049298772126,0.0,26.27031995741213,0.90784978619512,52.19099445294358,36.5162037037037,48,0.16148301700750045,17.323723707408206,6.178167480712374,91,-118.49160882,4.34343291678999,0.12291666666666666,0.05469059944152832,6.569291601302447,0.0003,6.68880558013916,-0.032314258746595846,0.2,-45.22030498363353,28.91379293865628,900,0.017364284
0.4165659377716932,22.935185185185187,132,10.882225380362607,4.993049653074077,10.004093069560547,0.8663194444444444,8.275032532413876,1199,20.60185185185185,3.3046127274984545,12.677310293033111,158976,1.9279430916479934,36.0,0.8683515322710246,27.228009259259263,0.13969351235270466,0.0,26.407419771149083,0.9213439755085944,52.22186537018312,36.417245370370374,48,0.16392519522042315,17.286301513871557,6.248818036123864,92,-118.25058101000002,4.374826192522573,0.011458333333333333,-0.040282607078552246,23.64026691118876,0.0003,352.7826843261719,-0.010937838678903602,0.2,-45.22857551574707,815.2792941623264,910,0.0032725644
0.42934691783802426,22.722222222222218,132,10.762461266919567,4.814925004652661,9.589341285264972,0.8495370370370371,7.961593420404234,1212,20.25462962962963,3.3281745042662063,13.058702530254715,160704,1.937847075199004,36.0,0.864305260954529,26.26591435185185,0.13330999491950088,0.0,26.255296883527347,0.9234276001768735,52.1673203157542,36.717592592592595,48,0.15885533820657496,17.42471070710066,6.131955013692743,93,-119.38163359,4.40717294884821,0.0016782407407407408,0.01298457384109497,16.695768481713753,0.0003,1902.481201171875,-0.006716993316594097,0.2,-45.233322864108615,4467.413831018518,920,0.00091251964
0.41785335302312315,22.212962962962962,132,10.518962031040713,4.699000483808409,8.721466618364921,0.8385416666666666,8.059007943204984,1226,18.51851851851852,3.3512008856494413,12.69612230574613,162432,1.9479945950570166,36.0,0.8662617843351,26.548032407407465,0.13070719284413398,0.0,26.34182451479697,0.9141335507962234,52.12707453144248,36.27777777777778,48,0.15530065381263664,17.210552553294043,5.6235041035158,94,-120.08116445000002,4.438613254612576,0.16047453703703704,0.08081960678100586,12.186171885331472,0.0003,3.202028751373291,-0.03455446449246396,0.2,-45.184822732430916,24.50607391110173,930,0.022471888
0.4236529464043437,22.48148148148148,132,10.658240342116725,4.963448003174279,9.088323946444493,0.8501157407407407,8.285183581369944,1239,18.402777777777775,3.374599375137231,12.876994405267235,164160,1.9587075540104415,36.0,0.865434102380478,27.329282407407433,0.13448246705302372,0.0,26.313241173283938,0.9145857516932371,52.14291717686308,36.58159722222222,48,0.16342921341210911,17.3593957951158,5.586635601153488,95,-121.23247498,4.470505740625744,0.001099537037037037,0.0019498467445373535,14.790065761848732,0.0003,3110.396484375,-0.005126930047171535,0.2,-45.19889284769694,6607.858626302083,940,0.002356355
0.42934601770924224,22.259259259259256,132,10.564703431407287,4.586164842641235,8.91233334727324,0.875,7.923604927061954,1252,19.328703703703706,3.39819852246094,13.055720581575434,165888,1.9685165663280964,36.0,0.8642941782315908,26.15017361111114,0.1410948302360841,0.0,26.284638130765227,0.9242950806776887,52.1177505995153,36.7505787037037,48,0.1505302596078255,17.439658929483574,5.881465073224717,96,-123.36062768999999,4.502845042079683,0.023958333333333335,-0.012599706649780273,13.564531353116035,0.0003,239.414306640625,-0.0175202834126712,0.2,-45.203728725292066,656.2515308521412,950,0.006103925
0.4227468589805276,22.361111111111114,132,10.606314148435553,4.660059140314002,8.88849388518138,0.8564814814814815,8.02714063180701,1266,18.86574074074074,3.421483657716146,12.85126933903142,167616,1.978584417907614,36.0,0.8631878783965599,26.425057870370395,0.13322215763060977,0.0,26.25205950346643,0.9233812571656926,52.103651869537664,36.495370370370374,48,0.15341429149976737,17.314054102082284,5.742120596431826,97,-123.88225352,4.5346732154272615,0.0026041666666666665,0.01279449462890625,13.270087501737807,0.0003,3785.71435546875,-0.008062429407059594,0.2,-45.2157080049868,7122.123265697338,960,0.0012180582
0.42045205517160145,22.009259259259263,132,10.433508392313405,4.508157681588333,8.236952047285271,0.8391203703703703,8.156857820980685,1279,17.824074074074076,3.4446207393066235,12.774014003867073,169344,1.9889765624600657,36.0,0.863103195980214,26.924189814814827,0.13060434285090303,0.0,26.24181520856847,0.9201773258556689,52.1202730702336,36.37152777777778,48,0.14844358333004673,17.25483263619114,5.415285973383533,98,-124.31172650999999,4.566308250436929,0.08130787037037036,-0.011496186256408691,13.17754017567193,0.0003,128.04696655273438,-0.02928150927613455,0.2,-45.23016849093967,306.01837293836803,970,0.012114889
0.4216780892840468,22.083333333333332,132,10.459922650047645,4.626266657688054,8.31393151908583,0.8188657407407407,8.119019715338032,1292,17.592592592592595,3.4679511558453258,12.817390762916792,171072,1.9992741117484107,36.0,0.8642832498404021,26.765046296296312,0.12622179591115276,0.0,26.275648621799785,0.9188578290823627,52.152360157115886,36.527199074074076,48,0.15258306912339575,17.332166615480922,5.347742211350133,99,-125.34582691,4.598051727344221,0.005381944444444444,0.005866527557373047,16.445687367739502,0.0003,3473.1826171875,-0.010655958164069388,0.2,-45.243574057685,7375.628493923611,980,0.0022481813
0.4172241280353401,22.38888888888889,132,10.601424228830211,4.807391451883187,8.408119247383741,0.8564814814814815,8.050879015379172,1306,16.89814814814815,3.4911261899176456,12.670624382123757,172800,2.009401309286859,36.0,0.8618172697481384,26.50462962962972,0.1364378348391926,0.0,26.18985107532961,0.9286485101454177,52.19517157035522,36.40625,48,0.15842071994058307,17.270013628927902,5.119303566670343,100,-125.96740186999999,4.629428288299531,0.1119212962962963,-0.007812023162841797,13.305516225982595,0.0003,84.59483337402344,-0.0291603431450548,0.2,-45.2490965101454,234.83530329951535,990,0.013399184
0.42616658007407127,22.5,132,10.65938538789937,5.0723084692679485,8.414231190843061,0.8599537037037037,8.174291696572212,1319,15.856481481481481,3.5146708201667787,12.94199471678286,174528,2.0198370385282893,36.0,0.8607771627844486,26.895254629629726,0.13789775913850694,0.0,26.162951122051123,0.9243437807809757,52.14996384394349,36.71643518518518,48,0.16691807598578656,17.41785209965325,4.802537333675744,101,-127.40961126,4.661483275091488,0.008738425925925926,0.004242062568664551,13.652899363526592,0.0003,2874.366455078125,-0.013668144059677919,0.2,-45.275687789916994,7033.0098253038195,1000,0.0036441544
0.42222193514991324,22.64814814814815,132,10.751932747309803,5.192950768648033,8.782433775842076,0.8489583333333334,8.040990993148634,1333,16.319444444444446,3.53807511892161,12.830231820227572,176256,2.029939516011161,36.0,0.8645768338587047,26.54803240740745,0.1346752908802744,0.0,26.294180199211088,0.9199437928421367,52.18165397101052,36.608217592592595,48,0.17001944335809904,17.36171950193253,4.957550259884241,102,-129.16773659999998,4.693258854642057,0.10856481481481481,-0.013932466506958008,12.393937152403373,0.0003,145.88467407226562,-0.03338549180059797,0.2,-45.26366006356699,394.7768068666811,1010,0.0135717215
0.42367953224113847,22.935185185185187,132,10.874506358194942,5.260753392282928,9.097961202494027,0.8443287037037037,8.264320255058701,1345,16.78240740740741,3.5614781256014383,12.864171103226688,177984,2.040600316648808,36.0,0.8638921952394013,27.220775462963044,0.13181602041907872,0.0,26.26154545758946,0.9241892294706922,52.17205654539893,36.60590277777778,48,0.17281424945655918,17.361202671931395,5.082701452016157,103,-130.11294581,4.725119282400123,0.013252314814814814,0.018546462059020996,16.274012889464696,0.0003,3802.013427734375,-0.01685810341258292,0.2,-45.27256418863932,8085.321603732639,1020,0.0044541117
0.43072731789882546,22.277777777777782,132,10.567415021697606,4.720246516692634,8.291316022153516,0.8483796296296297,8.166596406749745,1358,16.89814814814815,3.585150320846407,13.080596367022856,179712,2.0510168076656825,36.0,0.8609091528888202,26.88078703703707,0.1346600082399543,0.0,26.16404331950355,0.925874189644138,52.1136829422985,36.81944444444444,48,0.1548795001715351,17.468878097987393,5.123654483763276,104,-132.11563174,4.7575207733176805,0.16614583333333333,-0.02541661262512207,13.654969993454438,0.0003,83.36173248291016,-0.03808273231886603,0.2,-45.266337331136064,252.105473779749,1030,0.017872786
0.4252691060742581,22.361111111111114,132,10.609368364865995,4.818982582483971,8.37237105097849,0.8182870370370371,8.311015430474686,1371,16.666666666666668,3.608833815610604,12.929113841174773,181440,2.0617943462418693,36.0,0.8591087411867401,27.40885416666671,0.12928865353711758,0.0,26.102709287405293,0.9249729495216672,52.04894015689647,36.842013888888886,48,0.15826077858839216,17.473397905678898,5.064020103628523,105,-133.70835638000003,4.789543557920617,0.022858796296296297,0.015510737895965576,16.55697217384974,0.0003,3700.781494140625,-0.01773495012204404,0.2,-45.27982776783131,8103.832398365162,1040,0.006084504
0.42549346198795274,22.38888888888889,132,10.616792994671302,5.085496879417993,8.41060162619644,0.8454861111111112,8.261828824050044,1385,15.972222222222223,3.632138438594549,12.938960580821243,183168,2.0724489183019945,36.0,0.8646230572241432,27.228009259259323,0.1320619400803816,0.0,26.260109629001658,0.9198758049040614,52.119809200641015,36.498842592592595,48,0.16685338304906336,17.321849193577908,4.828311752107146,106,-134.27981155,4.821590959372671,0.13211805555555556,-0.006713509559631348,13.437100097316282,0.0003,211.88223266601562,-0.033414719609060776,0.2,-45.273411687215166,559.7771061650029,1050,0.0143785495
0.4231576906277087,22.527777777777782,132,10.679122322829542,5.1045486729262315,8.492462435501617,0.875,8.25452180802615,1398,15.972222222222223,3.6554882390690784,12.852189707458827,184896,2.08308522282206,36.0,0.8636087134597079,27.19184027777787,0.13862706572222427,0.0,26.250212056761086,0.924402859765211,52.2012613977523,36.561342592592595,48,0.1673920367423569,17.339920189811714,4.828791439745843,107,-134.65428863,4.8534214336413175,0.02673611111111111,0.01228320598602295,16.95441495842404,0.0003,4049.1611328125,-0.020219189737475027,0.2,-45.28996752986202,8148.928191912616,1060,0.006243333
0.42652929443616816,22.240740740740744,132,10.525649085245226,4.941586425853465,8.2018157106954,0.8431712962962963,8.070818226639018,1411,16.087962962962962,3.6789588993999947,12.95560172139083,186624,2.0932622683886577,36.0,0.8613208506584327,26.576967592592613,0.13315985578291775,0.0,26.185813162620274,0.912458406662267,52.17077075957371,36.651620370370374,48,0.16251514854911792,17.38826413236646,4.8545801995967075,108,-136.01627818,4.885510437944794,0.2199074074074074,-0.04470372200012207,12.353079231469719,0.0003,73.51153564453125,-0.041345104802813795,0.2,-45.2738796375416,226.0221731680411,1070,0.022112736
0.42414849068965615,22.60185185185185,132,10.711542236692802,5.063850209869826,8.730151604181042,0.875,8.257740180501118,1425,16.78240740740741,3.7024164409776894,12.892377042866547,188352,2.1039066188399107,36.0,0.8579592256627325,27.242476851851922,0.1405581487067313,0.0,26.092749395306708,0.9255645057982576,52.10187018428357,36.6412037037037,48,0.16614685592619058,17.38301663107794,5.074759157618415,109,-137.19835069,4.917441380551961,0.038425925925925926,0.00676727294921875,19.22712925054409,0.0003,3320.1630859375,-0.020476734510588426,0.2,-45.290328145910195,8738.866131365741,1080,0.0074209515
0.42433223557979405,22.10185185185185,132,10.478893081904618,4.918871418572629,8.167904354866959,0.8454861111111112,8.262455765473119,1438,16.203703703703706,3.725670860892374,12.900735460848216,190080,2.1145627582535935,36.0,0.8676311255129932,27.228009259259323,0.13500460276814497,0.0,26.387588739804738,0.9274549348923213,52.29956409771929,36.45891203703704,48,0.16113145479350754,17.301767965873804,4.890139854389712,110,-137.81161638,4.949393219204081,0.20185185185185187,-0.026110529899597168,13.659970533627051,0.0003,150.6760711669922,-0.03785512866624804,0.2,-45.2867568122016,341.9955825240524,1090,0.020022629
0.4294166200550253,22.712962962962962,132,10.764925767637232,5.329133763593355,8.730351297428758,0.8640046296296297,8.133257953004877,1452,15.74074074074074,3.7494431128073646,13.040171722078924,191808,2.124895903136106,36.0,0.8665640673738019,26.74334490740749,0.1344741329546985,0.0,26.354438384039877,0.9238833754671387,52.209914069473655,36.90277777777778,48,0.17483416914798622,17.508900765996284,4.756291766198171,111,-139.55592674,4.981693648509278,0.054282407407407404,0.0008156299591064453,14.004519199221223,0.0003,3964.69580078125,-0.02251481629770111,0.2,-45.3062905770761,7694.477215350115,1100,0.009146788
0.4221148252526408,22.212962962962962,132,10.530932149598224,4.811358392975593,8.368375682751228,0.8587962962962963,8.491447882454647,1465,17.013888888888886,3.772859352387793,12.825786348370181,193536,2.1361245228422425,36.0,0.8640991452146803,27.936921296296344,0.1323350719034567,0.0,26.287227277509114,0.9177114868519346,52.239746141088354,36.60243055555556,48,0.15782828281924235,17.366495832171402,5.146085140177413,112,-140.88876653,5.013458114380204,0.2580439814814815,-0.038838863372802734,12.816289284163052,0.0003,70.34033966064453,-0.04056146101232756,0.2,-45.307530367815936,246.94680836995443,1110,0.026661906
0.4251709068179459,22.472222222222218,132,10.660871739972697,5.075952215981433,8.6325037707417,0.8489583333333334,8.335184417083388,1478,16.550925925925924,3.7965831988707435,12.92605549653081,195264,2.146962483884951,36.0,0.8629571111901574,27.46672453703707,0.12850304667509513,0.0,26.242885684344667,0.9210910459859375,52.16777629362685,36.844907407407405,48,0.16670123545232343,17.4895385931801,5.01567981478757,113,-141.95810664,5.045473253121531,0.07447916666666667,0.00808948278427124,12.881609631688507,0.0003,4000.999755859375,-0.026455772005849414,0.2,-45.32318800467032,7712.01359230324,1120,0.0103672035
0.4290312528730694,22.89814814814815,132,10.8543075372636,5.14575367192458,9.123766592750279,0.8506944444444444,8.228170962740984,1492,17.36111111111111,3.820349830985186,13.053537079024283,196992,2.1575329112918036,36.0,0.863779201044168,27.10503472222226,0.12929356087139682,0.0,26.27108327152114,0.9201036575599575,52.24817173516723,36.88831018518518,48,0.1691970923802173,17.506652845777015,5.243705383562101,114,-143.55346057000003,5.077807095819092,0.2797453703703704,-0.0026110410690307617,13.207395150043347,0.0003,81.53722381591797,-0.04457259149359608,0.2,-45.31163181728787,224.65436819571036,1130,0.027299758
0.4332959459808078,23.009259259259256,131,10.90698642019368,5.148788700211834,9.24133118807047,0.8495370370370371,8.142032351187272,1505,17.59259259259259,3.844192441120537,13.162025193580204,198720,2.1678879921697716,36.0,0.8651389671842636,26.815682870370463,0.1305995433057984,0.0,26.301123914372482,0.9144868332660908,52.236146726135985,36.970486111111114,48,0.16902870785103152,17.53704405414041,5.305556067664956,115,-145.526911,5.110412158803043,0.06689814814814815,0.008515417575836182,13.227567308589265,0.0003,3918.09033203125,-0.026904930774536397,0.2,-45.321265058164244,7894.412297453704,1140,0.010444737
0.42256596349882014,22.962962962962962,131,10.88996426649961,4.805350104928255,9.367273895057812,0.8692129629629629,8.247097668240372,1518,19.212962962962965,3.8676518873921495,12.830925270056072,200448,2.1785057363403726,36.0,0.8621537439342482,27.133969907407433,0.13659642881307038,0.0,26.22157034724765,0.9313457311433316,52.11937735684353,36.64351851851852,48,0.1574173465325527,17.383778508644927,5.791959523629946,116,-145.63490407,5.142189471978183,0.30711805555555555,0.0014454126358032227,11.942968645250355,0.0003,34.782081604003906,-0.041264672339376474,0.2,-45.29007085164388,116.79039816679779,1150,0.031743675
0.42603046406823697,23.259259259259256,131,11.029827757313578,4.9637120447923255,9.773022183578929,0.8530092592592593,8.25101659520619,1532,19.560185185185187,3.8913049655924787,12.9576271968038,202176,2.189133277828388,36.0,0.8698081173311712,27.271412037037052,0.13246017186234865,0.0,26.418025315582653,0.92307393530127,52.264368733641,36.80671296296296,48,0.16273788034938533,17.461231280131788,5.8994823814730255,117,-145.67925211999997,5.174283539970192,0.04959490740740741,0.012199819087982178,14.81689427572268,0.0003,3484.05029296875,-0.021972818793384013,0.2,-45.32887149386936,7989.628714554398,1160,0.00893246
0.42875186636144524,23.25,131,11.030791506596437,5.049683612471354,9.862577674997262,0.8263888888888888,8.256428663151203,1545,19.560185185185187,3.9149100947868734,13.018617004450496,203904,2.199774349486266,36.0,0.8667243635360431,27.13396990740735,0.12878813800964908,0.0,26.34429986210633,0.9245547701265063,52.23623649955429,36.76273148148148,48,0.1651764595282759,17.442051677757807,5.902102555929471,118,-147.59952434,5.2065300824813185,0.26753472222222224,-0.006478667259216309,12.669857614680573,0.0003,72.15149688720703,-0.042732518999319936,0.2,-45.29591372454608,197.3446500990126,1170,0.027465198
0.41731131211979533,23.26851851851852,131,11.022654276674368,5.023835782062332,9.59966574329215,0.8396990740740741,8.270607358332809,1558,18.75,3.938204879587638,12.679112091054703,205632,2.210450867882098,36.0,0.8631744257947483,27.264178240740808,0.1301891896809834,0.0,26.226635071147587,0.915902741231509,52.250547668284604,36.492476851851855,48,0.16548579686618584,17.317913920305973,5.673175684555448,119,-147.88504855,5.237927862708955,0.071875,-0.004133343696594238,17.217305337941205,0.0003,3845.602783203125,-0.026495886942440712,0.2,-45.29171467533818,8903.378390842014,1180,0.010508596
0.424500049372123,23.25,131,11.010104843716633,5.317127277637023,9.870289976506253,0.8564814814814815,8.259307737444948,1572,18.75,3.9616573734277902,12.879339503756391,207360,2.2210991372257105,36.0,0.8677051972565494,27.14843750000007,0.13598151771449146,0.0,26.356973465120728,0.9307226336240566,52.347300800091176,36.629629629629626,48,0.17539842104060713,17.380997536060814,5.663057855152598,120,-148.24728145,5.269826211468346,0.24259259259259258,-0.0052337646484375,13.002988890144561,0.0003,125.5889663696289,-0.04093520975568228,0.2,-45.26370938618978,353.437801389341,1190,0.023185229
0.43123614051515574,23.972222222222225,131,11.363938088657065,5.724434901260214,10.687988737700934,0.8350694444444444,8.066168728147598,1585,18.98148148148148,3.985357296787376,13.097224537002473,209088,2.2312645590460796,36.0,0.8677138649152569,26.605902777777803,0.12842004783838432,0.0,26.355134590680354,0.9220592593486514,52.33767955287781,36.854745370370374,48,0.18786155284681397,17.479969343834302,5.7196157477836564,121,-150.6689177,5.302269272810852,0.06354166666666666,0.008744299411773682,16.876992826550094,0.0003,4140.43896484375,-0.02276314215182706,0.2,-45.27438895614059,9110.848753978587,1200,0.009528857
0.43061382204570814,23.34259259259259,131,11.058788062984684,5.034892195201554,9.750597467683809,0.8356481481481481,7.742969921810879,1599,19.097222222222225,4.008929926310082,13.068500604367001,210816,2.2406219838506067,36.0,0.8702179009053443,25.44126157407408,0.13071195903734217,0.0,26.43045295568695,0.919669345684981,52.292067305020716,36.71585648148148,48,0.16573717151991194,17.42905180908245,5.776917209497571,122,-151.84412783,5.334640524321769,0.30520833333333336,-0.002579331398010254,13.175838859655238,0.0003,46.812583923339844,-0.04523312952024517,0.2,-45.231593181468824,178.10499869452582,1210,0.031917807
0.43075098988755406,23.555555555555554,131,11.168802359365678,5.3268527242365105,9.929098862500569,0.8362268518518519,7.840216617845868,1612,18.402777777777775,4.03270371618389,13.095028580138306,212544,2.2502225253952215,36.0,0.8697307711671686,25.817418981481456,0.13307673974495443,0.0,26.423689679225124,0.9227781816119285,52.27445558727205,36.891782407407405,48,0.17461178479935222,17.509515949523088,5.55344377889838,123,-152.75745161999998,5.367078095772115,0.05769675925925926,-0.00032198429107666016,20.438803214497035,0.0003,4060.498046875,-0.02067137879009048,0.2,-45.239429530390986,9649.137650101273,1220,0.008579873
0.4334039076411539,23.731481481481485,131,11.248136539852617,5.536735826773101,10.435230462188242,0.8090277777777778,7.761403494498402,1625,19.097222222222225,4.056531232414327,13.162790776822924,214272,2.2596260341314673,36.0,0.8737834971035122,25.549768518518473,0.12413779199424163,0.0,26.557067854245883,0.9153794284182021,52.44978314829575,36.947916666666664,48,0.18192659139065345,17.53100649217475,5.770358095562525,124,-154.07603929,5.399685072714172,0.2728587962962963,-0.004271507263183594,13.867947207004935,0.0003,91.96510314941406,-0.037860284902638305,0.2,-45.236753407231085,228.24743934913917,1230,0.025460888
0.4332714092720754,23.75,131,11.261471514996472,5.450250233758037,10.467411571669103,0.8518518518518519,7.962555039870057,1639,19.444444444444446,4.080234227645125,13.151940938990485,216000,2.2695324217311423,36.0,0.8712262476705637,26.215277777777782,0.13493579982991796,0.0,26.47715817113792,0.9180895701987529,52.44980912735982,36.85069444444444,48,0.1786297188505658,17.481198092319183,5.875689822914595,125,-155.76750991,5.432264925061649,0.09056712962962964,0.010796666145324707,14.237161855896314,0.0003,4143.4169921875,-0.030694543639266932,0.2,-45.254191659998014,8504.333716724537,1240,0.011689021
0.4286549812044501,24.14814814814815,131,11.460183464441192,5.734343382194822,10.627811944129855,0.859375,7.919946406711645,1652,18.287037037037038,4.103952556012534,13.016915187370662,217728,2.2793322877479216,36.0,0.8684065601054862,26.077835648148127,0.13367319140289036,0.0,26.383585350407575,0.9226147846047018,52.2538093748646,36.854166666666664,48,0.1881383229620525,17.487331346963817,5.55328509749384,126,-156.65183517,5.464507213030076,0.40925925925925927,0.007382035255432129,10.816501245840833,0.0003,14.707080841064453,-0.045924729122607796,0.2,-45.21982029102467,24.03708977346067,1250,0.060487952
0.4335107958177836,24.046296296296294,131,11.398200448816963,5.754049800358885,10.47954709532332,0.8813657407407407,7.897933297378231,1665,17.939814814814813,4.127669596751739,13.168872310070837,219456,2.2890771209913674,36.0,0.8677540123251632,26.019965277777757,0.14311238732539322,0.0,26.361854128805163,0.9218842426759166,52.20650936615755,36.854166666666664,48,0.18950490035056997,17.48681629568191,5.447296846147471,127,-157.47837232,5.497129393805253,0.18368055555555557,0.003535449504852295,15.71409448561845,0.0003,3288.092041015625,-0.006927855868168451,0.2,-45.21608253761574,8123.1188747829865,1260,0.01147263
0.4233958058493116,23.694444444444446,131,11.233341629556591,5.70027848651695,9.61830772053821,0.8587962962962963,8.004525935834168,1679,15.856481481481481,4.151112616244439,12.862411415361686,221184,2.299088435830953,36.0,0.8641044105402402,26.381655092592652,0.1343955448097211,0.0,26.24226981137024,0.9247844644451776,52.16439105344142,36.625,48,0.18725182016972233,17.377207797079972,4.804687604464669,128,-157.85200394,5.5289854223436565,0.22158564814814816,0.0004888772964477539,11.85670174603109,0.0003,38.229591369628906,-0.039809223947425684,0.2,-45.19405797322591,87.1468891426369,1270,0.02265772
0.4237459380186729,24.240740740740744,131,11.496802756142216,6.159337683338443,10.204949749050385,0.8263888888888888,7.9678086887174855,1692,15.393518518518519,4.174470942296649,12.870757724048701,222912,2.3090079575527467,36.0,0.8668533052204768,26.229745370370367,0.1274198554752769,0.0,26.3273047607059,0.9153113143430148,52.202103784358805,36.54050925925926,48,0.20257139805794136,17.343330420884012,4.668809309569727,129,-157.66926526,5.560862316653778,0.01394675925925926,0.004205644130706787,15.652991778762253,0.0003,4181.369140625,-0.01282874725724536,0.2,-45.20579913104022,8371.545106336805,1280,0.0043405103
0.42345552953453,23.5,131,11.159129380413765,5.775928700979738,9.311549348381693,0.8472222222222222,7.994785137872573,1705,14.814814814814815,4.197977735802765,12.879228627261698,224640,2.318994920397428,36.0,0.8677857370035479,26.345486111111178,0.1337634852777974,0.0,26.3496556194348,0.9176346336981872,52.31550215671026,36.6568287037037,48,0.18916821071172918,17.4027174024466,4.4964912669881905,130,-158.94776867,5.592760388221932,0.4081018518518518,0.012298643589019775,11.55495216316647,0.0003,19.446483612060547,-0.03859206037595868,0.2,-45.16589111045555,45.795793264883535,1290,0.05393085
0.42495259714913414,24.01851851851852,131,11.400111737953274,6.0387095859383875,9.807912269144001,0.8524305555555556,8.08190781561422,1719,14.814814814814815,4.221620247742211,12.89939576765624,226368,2.3291996899364635,36.0,0.8756963950807805,26.56973379629625,0.1350681194332561,0.0,26.592574565737532,0.9278236980965162,52.49185759377831,36.792824074074076,48,0.19800724384127277,17.45700477577858,4.489090945252339,131,-160.42708131999996,5.624708877641073,0.05381944444444445,0.0048697590827941895,17.816092228889467,0.0003,3043.773681640625,-0.008821496400223287,0.2,-45.137625560054076,6199.1274070457175,1300,0.005287578
0.42579840213472026,23.64814814814815,131,11.216515431643174,6.15301876233736,9.631359521907104,0.8304398148148148,7.882430645605992,1732,14.467592592592593,4.245046757244687,12.938936005545623,228096,2.3389057665504787,36.0,0.8789778539636988,25.98379629629629,0.1320499546096374,0.0,26.701358857237533,0.9224694403616711,52.472249210024906,36.60648148148148,48,0.20234354045843386,17.37060380099005,4.381825327926571,132,-161.34975906,5.656756217654936,0.3673032407407407,0.008338510990142822,14.035160622000694,0.0003,14.527702331542969,-0.04000124659354764,0.2,-45.07961213853624,23.923380632753727,1310,0.050560385
0.4204312309771711,23.61111111111111,131,11.205567970939947,6.198507149876286,9.639839197763003,0.8483796296296297,7.894956767790081,1745,14.351851851851853,4.268359121962599,12.786373251570787,229824,2.3486431584699536,36.0,0.880689774748514,25.991030092592602,0.1339199802225405,0.0,26.768688673263068,0.9181580656506462,52.52498153651782,36.5,48,0.20366033764960378,17.324945887165118,4.355764076946769,133,-161.52036314,5.688422150783864,0.09155092592592592,0.038762450218200684,17.777843213522875,0.0003,76.573486328125,-0.026129039953014365,0.2,-45.10963004783348,196.70201226693612,1320,0.011418914
0.4198435357099242,23.277777777777775,131,11.039505752315678,5.933142403489517,9.174673571576077,0.8570601851851852,7.770133010441195,1759,14.236111111111112,4.291755591044682,12.754203634758658,231552,2.3580684909960565,36.0,0.8787856603020153,25.571469907407455,0.13877256225569723,0.0,26.708039083251975,0.928025434847838,52.44492701039423,36.58391203703704,48,0.1954146128315629,17.358587632833025,4.322025415770883,134,-161.75630155,5.7200076598707605,0.019444444444444445,-0.016787171363830566,35.43252944063257,0.0003,180.01475524902344,-0.018276908029629675,0.2,-45.09161764074255,468.59441618742767,1330,0.0053890576
0.4253184234864285,23.055555555555557,131,10.926805566201962,5.820980728521337,8.876241381835355,0.8483796296296297,7.887547122636442,1771,14.004629629629628,4.315187175896904,12.923520953202674,233280,2.3677873588026475,36.0,0.8798229543904998,25.954861111111146,0.1346519240682707,0.0,26.739609634208367,0.9269830544947312,52.44868638021617,36.60300925925926,48,0.19190438322505043,17.37263394088897,4.248455087112056,135,-163.24604542,5.752016462253767,0.002199074074074074,0.007912635803222656,26.351589543731123,0.0003,2714.5927734375,-0.007353679400316819,0.2,-45.09608250370732,5516.551638454861,1340,0.001163963
0.4201209524365951,22.953703703703706,131,10.873799085627295,5.653020010977628,8.71998461283526,0.8524305555555556,7.945819081359482,1783,14.236111111111112,4.338028297720022,12.76847272702115,235008,2.377651906506046,36.0,0.8719775010257865,26.18634259259261,0.13648793934096443,0.0,26.494984876971916,0.9197424872670946,52.33901653974559,36.1255787037037,48,0.18638358521133647,17.13644872924739,4.313165516230336,136,-164.23434644,5.7836376440713195,0.1771412037037037,0.06299763917922974,25.237225170930227,0.0003,31.200153350830078,-0.03873046368739947,0.2,-45.04983290213126,58.10029259434453,1350,0.020896085
0.4217690376213749,23.435185185185187,131,11.100939416156145,6.10132385518553,9.31987733738637,0.8796296296296297,7.759925266622332,1796,14.004629629629632,4.361164969122398,12.812765541231498,236736,2.387051719672602,36.0,0.8767327132873709,25.52806712962974,0.14426409364504855,0.0,26.64386342071172,0.9260344738981481,52.44690136869258,36.36516203703704,48,0.20088403283335762,17.25466856095012,4.237614066044696,137,-164.32944526,5.815369557924399,0.05943287037037037,-0.02422189712524414,41.231105689649226,0.0003,163.20814514160156,-0.02397488841821474,0.2,-45.021302710639105,393.89058487503615,1360,0.008872873
0.4211708680475038,23.185185185185187,131,10.995710286482504,6.01090759656477,9.059718050306666,0.8396990740740741,8.002797282856953,1808,13.773148148148147,4.384273308326038,12.78835359982891,238464,2.3970587128797445,36.0,0.8774869487310982,26.39612268518522,0.13575865643409163,0.0,26.665559320993086,0.9185908804870695,52.47006126102772,36.35706018518518,48,0.19738442778735354,17.24333568145592,4.173100167259392,138,-165.98239360000002,5.847040441923971,0.0068865740740740745,0.021888315677642822,33.39252669104823,0.0003,3142.917236328125,-0.010564065553868811,0.2,-45.01166826883952,6131.706568287037,1370,0.0022863229
0.4195096167818359,23.65740740740741,131,11.228822637402326,6.125177574060619,9.653593620445278,0.8616898148148148,8.019354044509726,1820,14.583333333333334,4.407418486774145,12.748871247363217,240192,2.4071070979910187,36.0,0.8733367802196352,26.41059027777786,0.13684263363411084,0.0,26.534675182446914,0.9178384107843779,52.30279858419627,36.364583333333336,48,0.20092667829134717,17.25807137924291,4.419593408982333,139,-167.31896889,5.878612620042379,0.21886574074074075,0.08023875951766968,32.95455445271951,0.0003,20.205320358276367,-0.03843354525872403,0.2,-45.01745136402271,53.59505899217394,1380,0.03078023
0.41661356812662903,23.416666666666668,131,11.104467972590173,6.028812129590613,9.639691141567727,0.8402777777777778,8.035453449856933,1832,15.277777777777777,4.430367610223591,12.662084450948926,241920,2.417195731615661,36.0,0.8707049346029551,26.446759259259313,0.13404530984159654,0.0,26.450524342146338,0.9213690765407355,52.242095108887234,36.19444444444444,48,0.19827258651809207,17.17964937977835,4.626411039386941,140,-167.81674837999998,5.909967831169751,0.08125,-0.03267812728881836,46.861947487018725,0.0003,147.55502319335938,-0.023842381917078187,0.2,-45.01352074234574,354.97254751699944,1390,0.011151983
0.4184863038790014,23.59259259259259,132,11.17682611221636,6.15529025357048,9.726807176013825,0.8391203703703703,8.009385148168587,1845,14.930555555555555,4.45327074614819,12.717850098600506,243648,2.4272191944860824,36.0,0.8704945215047454,26.410590277777853,0.13776683591068814,0.0,26.432833253659865,0.9230900983273601,52.270617367332584,36.17418981481482,48,0.202771986423781,17.161254369839718,4.514690810226983,141,-168.15256208,5.941462456416252,0.004224537037037037,-0.0027045011520385742,52.69688392215305,0.0003,3180.966064453125,-0.01026403601453812,0.2,-45.01096726876718,7179.787431278935,1400,0.0021792946
0.4194921757757245,23.740740740740737,132,11.266266520881297,6.051839594192768,9.848868526240935,0.8668981481481481,7.993474726691942,1857,15.393518518518519,4.476190986627344,12.740318821433798,245376,2.437202881302812,36.0,0.8687910741946826,26.30931712962963,0.13769925491717167,0.0,26.410908766759988,0.9229466608677976,52.18225643900016,36.179976851851855,48,0.1985288460886748,17.168096191661522,4.650762411166869,142,-169.49326923999996,5.973013253469836,0.4048611111111111,0.03913426399230957,41.16781200015986,0.0003,28.48322296142578,-0.0364792672365352,0.2,-44.99158871968587,69.03787575474492,1410,0.051623125
0.4168762253448289,23.796296296296294,132,11.298930550289791,6.032560865249946,9.910460818195215,0.8368055555555556,8.0375142329929,1870,15.50925925925926,4.499191654350512,12.676776877534792,247104,2.4472966668852942,36.0,0.8670501617857602,26.49739583333334,0.13358533219165908,0.0,26.3524937812881,0.9118946491658506,52.13299132245151,36.25347222222222,48,0.19761060624994534,17.20026708926736,4.69896940265548,143,-170.64493592000002,6.004405195663673,0.03107638888888889,0.017915964126586914,41.44941010254401,0.0003,525.1342163085938,-0.01666841068374062,0.2,-44.99114418029785,1270.1769639756944,1420,0.0056234687
0.41380340932412596,23.222222222222225,132,11.049163275842718,5.803402763080132,9.398738458480581,0.8171296296296297,8.100267224576173,1882,15.393518518518519,4.521977618194437,12.58267929603832,248832,2.4575473349467347,36.0,0.8721488599176886,26.67824074074076,0.13160595223248692,0.0,26.50688601160049,0.9190552402254631,52.193259452431015,36.05324074074074,48,0.18957884589466978,17.114385537569838,4.666172419557732,144,-171.06282049,6.035561893903769,0.075,-0.020989179611206055,59.23539737418846,0.0003,204.2666473388672,-0.028137457213812955,0.2,-44.96921159249765,481.95920636212384,1430,0.010523951
0.4204952285038334,23.23148148148148,132,11.047319949783082,5.852988306508813,9.476977958535004,0.8292824074074074,7.9368568877740335,1894,15.50925925925926,4.5449674822414545,12.77855183949243,250560,2.46738947716617,36.0,0.8756078801422533,26.193576388888896,0.1350625078103599,0.0,26.61555609175746,0.9152775586639564,52.240574326469506,36.24305555555556,48,0.19131499419980616,17.195945618807254,4.696669702243109,145,-172.34172865,6.067208273502501,0.005787037037037037,0.025247931480407715,52.810930136398035,0.0003,2576.31787109375,-0.01115166920978852,0.2,-44.99206630565502,5069.20716869213,1440,0.0021930528
0.4154825141636536,23.425925925925927,132,11.14829845740767,5.9544144791909135,9.526742807725983,0.8321759259259259,7.903515683489957,1907,14.930555555555555,4.567787056062099,12.629192428358317,252288,2.4771482663748947,36.0,0.8716154000814836,26.02719907407415,0.13615821485623356,0.0,26.48940048273876,0.9173500301938348,52.23872827639908,36.089120370370374,48,0.1946030275333118,17.127829528257873,4.5440298711274,146,-173.41243515,6.098481254573397,0.3615162037037037,0.21948480606079102,51.194816380628836,0.0003,66.95877075195312,-0.04064426480413035,0.2,-44.95707243460196,29.24505953612151,1450,0.03994959
0.4135928997771097,23.10185185185185,132,10.990840638804514,5.792615937555534,9.20409417143371,0.8379629629629629,8.024998931086534,1919,14.930555555555557,4.5905429893998635,12.568582559766348,254016,2.487210763702611,36.0,0.8729636806967994,26.453993055555706,0.14052860442926163,0.0,26.533868475747067,0.9213703220359799,52.279119976567415,36.05034722222222,48,0.18931357867763687,17.10237333510591,4.540637595073662,147,-173.5114292,6.129602710972812,0.015219907407407408,0.03621309995651245,50.64623764885796,0.0003,1162.8541259765625,-0.013993143940482426,0.2,-44.955659795690465,2318.991568106192,1460,0.004019406
0.40950925900248547,23.027777777777782,132,10.94969058893498,5.6155460269432735,8.985572135811932,0.8310185185185185,8.029314031674247,1931,14.930555555555557,4.613067077769192,12.448731382251593,255744,2.497284048781797,36.0,0.8668964817236153,26.446759259259345,0.137118449850448,0.0,26.33589268792241,0.917018957860122,52.21212728593384,35.838541666666664,48,0.18341676710000887,17.009635347731265,4.540335519933678,148,-173.60813639,6.160424539428441,0.048206018518518516,-0.00457763671875,72.1618596430178,0.0003,199.7472381591797,-0.023825150124590706,0.2,-44.909409275761355,523.4998791729962,1470,0.008815603
0.41154598524402675,23.0,132,10.941070029154666,5.610087256203459,8.973448410532459,0.8547453703703703,8.043492628571984,1944,14.930555555555555,4.635704641819227,12.505835839630173,257472,2.5073927803532268,36.0,0.8669174391555267,26.4756944444445,0.1425695814048865,0.0,26.338539673305373,0.9181641128106394,52.24665472767205,35.947916666666664,48,0.1832126252050933,17.05502562001374,4.542291125174333,149,-174.45484148,6.191389129027517,0.006597222222222222,0.03469902276992798,59.51792621347639,0.0003,2056.464599609375,-0.011294171284815227,0.2,-44.91436089409722,5390.342963324652,1480,0.0024488135
0.40641251071801293,23.453703703703706,132,11.141912683021767,5.469356730217466,9.13629961272251,0.8836805555555556,8.059159436775873,1957,15.277777777777777,4.658193905284661,12.3690632937862,259200,2.5175406789451666,36.0,0.8681696100504127,26.613136574074108,0.14751379283736638,0.0,26.39212231167681,0.9309733971246783,52.23626206205589,35.80960648148148,48,0.17881674006020742,16.995705386173757,4.645030199483277,150,-174.84000663000003,6.222011787261982,0.1916087962962963,0.06993180513381958,59.34340850423884,0.0003,88.55640411376953,-0.03850681344047189,0.2,-44.9012047096535,137.41207273977776,1490,0.019969022
0.40921344702122364,23.509259259259256,132,11.15675803818585,5.310215190727209,9.132886161712563,0.8541666666666666,8.096429807014541,1971,15.740740740740742,4.680719084395151,12.454345175147777,260928,2.527781753462703,36.0,0.8664456960630028,26.685474537037084,0.13655048431244407,0.0,26.336360141321176,0.9163645260746924,52.23451874839267,35.838541666666664,48,0.17404782072672717,17.01007164419588,4.785912932799504,151,-175.52621124,6.252847650199851,0.012962962962962963,0.01975560188293457,62.74981657134162,0.0003,2827.49609375,-0.014150157788147528,0.2,-44.90421077586986,6698.281662326389,1500,0.003360722
0.4109491975354342,23.73148148148148,132,11.276897784659354,5.458719579780251,9.11835663564257,0.8165509259259259,7.676205444948768,1984,14.814814814814815,4.7031698571956735,12.488045184094615,262656,2.536972267075075,36.0,0.86478729310736,25.238715277777832,0.13272991088865205,0.0,26.281019676324565,0.9180687908660791,52.215340093150154,35.785879629629626,48,0.178193991056402,16.98030912020885,4.502739271202966,152,-176.40403407000002,6.283767763160088,0.20555555555555555,0.046724140644073486,59.47136415772968,0.0003,93.48393249511719,-0.039527802457343095,0.2,-44.90230616816768,140.34455221670646,1510,0.021493379
0.4080301401980969,23.75,132,11.286695193979659,5.579697796226252,9.179937162021973,0.8483796296296297,8.10342344017896,1997,14.583333333333334,4.725774899174341,12.403166841599175,264384,2.5472308256755225,36.0,0.8655711066612181,26.721643518518604,0.13578481042944437,0.0,26.301834661433702,0.9198887676445906,52.220022758911796,35.92476851851852,48,0.1822427095587511,17.042016791466757,4.433544171816062,153,-177.3120154,6.314475680264086,0.01597222222222222,0.04007232189178467,65.77613935338127,0.0003,3113.995849609375,-0.01458955070141841,0.2,-44.907844896669744,6158.148258463541,1520,0.0041413526
0.4109787901524488,23.89814814814815,132,11.332703020425795,5.465515793334202,9.037185637809479,0.8535879629629629,7.839124266393768,2011,14.351851851851853,4.748547254832885,12.502226854657687,266112,2.556828636341507,36.0,0.8601757718907868,25.82465277777782,0.13986129819610152,0.0,26.135301651960447,0.920768539507579,52.15427958441507,36.04108796296296,48,0.17953527853555318,17.10894226341782,4.3589668240494825,154,-179.30285588999996,6.34543124740073,0.20474537037037038,0.05976337194442749,66.06737094102083,0.0003,67.55815124511719,-0.04355791148695129,0.2,-44.863114251030815,158.86507876360858,1530,0.02059243
0.41385477124345404,24.12037037037037,132,11.454781344108044,5.648577467917984,9.456188448062454,0.8373842592592593,7.898228305355899,2024,14.699074074074074,4.77131988516608,12.58656373847787,267840,2.5665742071048965,36.0,0.8620887130785059,26.027199074074147,0.13667291362144304,0.0,26.190259838705803,0.916699576795351,52.12607807907434,36.051504629629626,48,0.18545229724328752,17.10905213327801,4.472829636036426,155,-180.78940543000002,6.376597656746925,0.02008101851851852,0.026460707187652588,59.13373024993473,0.0003,3356.165283203125,-0.015011342407928573,0.2,-44.88221333821615,7239.221337890625,1540,0.0049115
0.4158364237669068,23.805555555555557,132,11.297368059633493,5.123144274324133,8.90309798547847,0.8379629629629629,7.687234976341373,2037,15.162037037037036,4.794109692326422,12.647355471074412,269568,2.57579229454575,36.0,0.8556546801158181,25.274884259259284,0.1381530815306494,0.0,25.99371040394401,0.9216355470444436,52.04274174538667,36.07175925925926,48,0.1680211745636806,17.115922864136582,4.602585651520843,156,-181.86585338999998,6.407916045424611,0.1681712962962963,0.011954963207244873,68.95380252820475,0.0003,124.83914184570312,-0.03538922549363364,0.2,-44.87430710969148,295.7703480473271,1550,0.018058607
0.4172312525646144,24.046296296296294,132,11.41794320576169,5.366748183051591,9.164730154558956,0.8651620370370371,7.699777244595794,2050,14.814814814814815,4.817019576983002,12.688847850107129,271296,2.585041737657239,36.0,0.8554956631275313,25.368923611111178,0.1454603380242996,0.0,25.988586791069455,0.9255467352493847,52.02516815830682,36.179398148148145,48,0.17577656263092278,17.163953862631978,4.500038765745675,157,-183.23088734,6.439338165049879,0.02042824074074074,0.043271541595458984,63.30825461193367,0.0003,3810.712646484375,-0.01645458623835886,0.2,-44.857609586362486,7482.979049117477,1560,0.0054567256
0.41497567384434286,24.01851851851852,132,11.409328794271799,5.416076731804726,9.06642787966327,0.8587962962962963,7.852171581584185,2064,14.351851851851853,4.839794843064822,12.611196023639842,273024,2.5946721666111996,36.0,0.8567567678269324,25.87528935185181,0.14180211444201354,0.0,26.044499180070073,0.9178241961233099,52.0915243190486,36.06481481481482,48,0.17762923957869373,17.110106432728085,4.361022353586746,158,-184.41526872999998,6.470566155108979,0.25462962962962965,0.10739624500274658,61.74216415440595,0.0003,107.4635238647461,-0.04131259566379918,0.2,-44.861046360157154,131.76054259406195,1570,0.027391085
0.4105762895856721,24.222222222222225,132,11.515910176691888,5.629731513362489,9.494256739075324,0.8200231481481481,7.8624153311739216,2077,14.699074074074074,4.862581939604679,12.48720087992202,274752,2.6043282049391343,36.0,0.8606016516083815,25.90422453703712,0.1295659546533713,0.0,26.154528595211858,0.9134408118025442,52.1259338574066,36.054976851851855,48,0.18404942578929118,17.11483861594294,4.468615049020947,159,-184.79291122000006,6.501484157308784,0.04762731481481482,0.034565865993499756,61.20254367369193,0.0003,3524.751708984375,-0.020289604270968726,0.2,-44.8770332618996,6836.018726490162,1580,0.007967285
0.4123649976834705,24.287037037037038,132,11.525307355536066,5.691654903395325,9.345076674178213,0.8159722222222222,8.03656993955953,2090,14.004629629629628,4.885415812420192,12.527079027607963,276480,2.614419629788033,36.0,0.8560625008370466,26.461226851851873,0.12963931234214732,0.0,26.02160282652869,0.9120447109158728,52.05342573488303,36.113425925925924,48,0.18684932373381205,17.133549126205065,4.248114415246822,160,-186.18813468999997,6.532501854877804,0.2285300925925926,0.021645963191986084,64.85299775026462,0.0003,157.8401336669922,-0.04287217436358333,0.2,-44.83427964669687,262.1632692972819,1590,0.023337496
0.41224082334327966,24.48148148148148,132,11.619089371300282,5.801929641722592,9.616871993713001,0.8721064814814815,7.968843495607524,2103,14.236111111111112,4.908392625745564,12.545427151633932,278208,2.6243417385270518,36.0,0.8570239283735889,26.316550925925984,0.1428323290977743,0.0,26.04197291892868,0.9269217619489254,52.069301420913206,36.22222222222222,48,0.19058988457297085,17.190725330148766,4.315852980690127,161,-187.43154126000002,6.563565422756889,0.0712962962962963,0.04498600959777832,63.50285950413457,0.0003,3708.0400390625,-0.028266438181270604,0.2,-44.84551377473054,7781.954626012732,1600,0.010824149
0.4050659233543455,24.740740740740744,132,11.74045987294739,5.819773011659585,9.655497051259998,0.8616898148148148,8.057634095974514,2117,13.888888888888888,4.930969096282894,12.314620319121389,279936,2.634485823766988,36.0,0.8560169187016192,26.548032407407415,0.1352685865584733,0.0,26.016991080417785,0.9186407899464782,52.11224056311934,35.888888888888886,48,0.1909694574097831,17.030588214931917,4.215264166653022,162,-187.41310263,6.594051973554692,0.22777777777777777,0.03948849439620972,62.678154342262836,0.0003,156.2561798095703,-0.04097131785626213,0.2,-44.78907292683919,236.74821647361472,1610,0.02141175
0.4207515261274949,24.796296296296294,132,11.761804663547963,5.803148830427777,9.659805160628762,0.8177083333333334,7.934639125959072,2130,13.888888888888891,4.954283028161839,12.788146237976575,281664,2.6443224215818857,36.0,0.8580245999092604,26.15017361111117,0.12939176862814236,0.0,26.077139847846187,0.9138820518865516,52.10957260560147,36.498842592592595,48,0.1909480028692939,17.325572751578132,4.214851666653022,163,-189.79291886000007,6.625722339149633,0.06736111111111111,0.01505810022354126,65.10712449153264,0.0003,3667.498779296875,-0.023527394788753656,0.2,-44.8446681411178,7311.976443142361,1620,0.009412219
0.4070642450521173,25.305555555555557,132,12.023753792998193,6.278103099982249,10.332250227860428,0.8385416666666666,7.868910958785489,2143,13.657407407407407,4.97721213808809,12.378176433153774,283392,2.6539946989788494,36.0,0.8528853793318536,25.925925925925956,0.13272307645252962,0.0,25.9223544841219,0.9216967505732865,52.00048784270226,36.18113425925926,48,0.20589313078401925,17.1716439705002,4.150393334879987,164,-190.95703287000003,6.656367780232518,0.39068287037037036,0.04168063402175903,72.92472526762221,0.0003,64.16808319091797,-0.04487620743888396,0.2,-44.802349924158165,68.64546825974075,1630,0.049305134
0.41649614924273676,25.39814814814815,132,12.060499547268916,6.261510184251215,10.386141727576003,0.8061342592592593,7.810954240257048,2156,13.773148148148147,5.000228975393247,12.665579901440239,285120,2.6635220845794922,36.0,0.8520980950499676,25.723379629629672,0.12707858759713447,0.0,25.898882464766256,0.917492000951696,51.994328915539306,36.254050925925924,48,0.20563088152827547,17.206734922062772,4.184131996055872,165,-191.18420057,6.687731729986119,0.065625,0.012505114078521729,68.94294312441791,0.0003,3052.156494140625,-0.016846638981735818,0.2,-44.90167938514992,6548.437982855903,1640,0.007843188
0.4125214291108405,25.824074074074076,132,12.258822348974547,6.173177283243962,10.911682696005668,0.8310185185185185,8.048452760243409,2169,15.162037037037038,5.0232761396507355,12.533812388625725,286848,2.6736432164801007,36.0,0.8558699445125738,26.50462962962973,0.1275446503016271,0.0,26.00896183787454,0.9213196580877844,52.03382438625486,36.27777777777778,48,0.20278447300234168,17.218865702995522,4.599683063787158,166,-193.19029962000002,6.7187662609576835,0.2726851851851852,0.03577786684036255,71.34885911941528,0.0003,70.33848571777344,-0.04313642559573054,0.2,-44.86165452180085,151.0822727062084,1650,0.030237973
0.41435088931189723,25.75,132,12.214887003165487,6.228605755259788,10.888404415485347,0.8530092592592593,8.090518790087446,2183,15.046296296296296,5.046491067563291,12.584655151922197,288576,2.683869513455319,36.0,0.8544733258783657,26.678240740740762,0.1366187460806495,0.0,25.964561286108093,0.9204380133432759,52.01651881509222,36.44039351851852,48,0.20484411194107474,17.285971165022104,4.564911657060072,167,-194.62989778,6.749927898837489,0.055844907407407406,0.011948883533477783,73.02994382204832,0.0003,3309.9296875,-0.019079953994326018,0.2,-44.863575320773656,6827.603289568866,1660,0.008045877
0.416688613926717,26.935185185185187,132,12.776916568561461,6.972323336560248,12.451662422114111,0.8396990740740741,8.292598060915678,2196,15.856481481481481,5.069730899076775,12.681054395197643,290304,2.6946010086076084,36.0,0.8583729390551155,27.300347222222232,0.12931453636111898,0.0,26.068077522902996,0.9177054512170735,52.08641049151432,36.42881944444444,48,0.22968393417026287,17.295932605393578,4.822422516992403,168,-196.76388899999998,6.781330534825483,0.38501157407407405,0.13076573610305786,65.63249306722923,0.0003,36.01545715332031,-0.03992354675299591,0.2,-44.86990339491103,92.61881424232766,1670,0.050845746
0.41756145345432827,26.98148148148148,132,12.803987323394745,6.7854368746491645,12.712208389596697,0.8304398148148148,8.269298290373422,2209,17.24537037037037,5.093213353102638,12.700252773724786,292032,2.705274254333542,36.0,0.8553735939643515,27.199074074074154,0.12658733123101357,0.0,25.99063943531227,0.9139119796228039,52.032434834025345,36.644675925925924,48,0.22330504769578274,17.392981610345338,5.242784191552787,169,-198.84543834,6.812781166759795,0.06163194444444445,0.04904055595397949,69.2308068284282,0.0003,2457.612060546875,-0.014504213603558363,0.2,-44.90402833444101,4689.210781069155,1680,0.0070013236
0.4174964497159386,26.814814814814813,132,12.7311231363408,6.5457756002365315,12.854136010233663,0.8246527777777778,8.207584919264963,2222,18.75,5.116701708643031,12.687640990894389,293760,2.7157932166317043,36.0,0.8553029889435716,26.98206018518516,0.12807701401998745,0.0,25.985064496350176,0.9172195640436533,52.017160843861184,36.648148148148145,48,0.215229889770601,17.395342216157218,5.697237273656332,170,-200.23483681999997,6.844200269237031,0.19293981481481481,0.10816186666488647,68.377245148906,0.0003,97.812744140625,-0.03946196287870407,0.2,-44.86511781480577,191.5423903853805,1690,0.021445818
0.4101762976892052,26.453703703703706,132,12.567323490390061,6.426522276376318,12.404422160061273,0.8356481481481481,8.145848835141338,2236,18.171296296296294,5.139867269002664,12.47654687132439,295488,2.7261578387195575,36.0,0.8548873271132695,26.81568287037032,0.13104833315594627,0.0,25.973780632788692,0.9148307649440687,52.04535537476099,36.373263888888886,48,0.2111054512989977,17.266224143853215,5.530576393294894,171,-199.91857316999997,6.875091636415342,0.026851851851851852,0.025146126747131348,78.5294846119704,0.0003,3372.319091796875,-0.017227437545510906,0.2,-44.875268088446724,7978.754953342014,1700,0.0050831777
0.41349250577061436,27.027777777777782,132,12.824263841761569,6.786060752201191,12.754747575555147,0.8339120370370371,8.139733925442066,2249,17.36111111111111,5.1630035259056815,12.57365323710382,297216,2.7365071735331625,36.0,0.8595020882220769,26.822916666666675,0.1251502523974445,0.0,26.110724032582585,0.9170806765700867,52.135078326187646,36.35706018518518,48,0.22346613654967407,17.254502761206997,5.264422981592386,172,-199.74448687,6.906225769508102,0.38200231481481484,0.07512348890304565,68.68236924983837,0.0003,69.41400146484375,-0.037951337106318934,0.2,-44.81605672483091,124.00447930230035,1710,0.046903275
0.4145482478808905,26.962962962962962,132,12.795325576239934,6.921731216554079,12.38716273432953,0.8339120370370371,8.045772150813221,2262,15.856481481481481,5.1864175134864245,12.60248579437019,298944,2.7466216039101954,36.0,0.8593154192675035,26.504629629629605,0.12704119709174222,0.0,26.099741124399667,0.9151259519742004,52.10451365789854,36.59375,48,0.2275479558230147,17.365595032297346,4.790105941535518,173,-201.56259925999998,6.937431983994027,0.05763888888888889,0.04447817802429199,79.31650282608138,0.0003,983.7652587890625,-0.015813610544083295,0.2,-44.8778877682156,2006.1469699435763,1720,0.007891403
0.4096747793958936,27.287037037037038,132,12.934682656785952,6.996764065527528,12.714375027439623,0.8038194444444444,8.23538210691483,2275,16.203703703703706,5.2095650819449375,12.464882390897246,300672,2.7572100591774826,36.0,0.8605254337026672,27.162905092592602,0.12367045903563252,0.0,26.134307160595437,0.9096532412605817,52.12396630801743,36.370370370370374,48,0.2307344880632329,17.2590273834053,4.902928305126142,174,-202.42937509,6.96829418997127,0.09930555555555555,0.03871560096740723,102.52352351435908,0.0003,298.8933410644531,-0.0301051735981471,0.2,-44.83233070373535,512.0749214454934,1730,0.013260061
0.41727358403042863,27.574074074074076,132,13.071567134333142,7.13480975207857,12.913536432386891,0.8489583333333334,8.082817069619724,2289,15.972222222222223,5.233090450973448,12.686613053545761,302400,2.767417101851532,36.0,0.8591494874880742,26.620370370370438,0.13243278249400717,0.0,26.088052065806036,0.9192676078148049,52.101991558849114,36.679398148148145,48,0.2353223978986919,17.410147611404224,4.827159545975179,175,-204.12286975000004,6.999710722605134,0.01545138888888889,0.0612756609916687,87.22533500812672,0.0003,2869.059326171875,-0.015942744982290875,0.2,-44.82661323547363,6315.460073061343,1740,0.0048438865
0.41086001453545656,27.62037037037037,132,13.086536509494701,7.302397487346898,12.738698957317329,0.8292824074074074,8.209396247892423,2302,14.814814814814815,5.256443853792883,12.495558773864978,304128,2.7779405924712632,36.0,0.8544345689864189,27.032696759259313,0.12383249227784576,0.0,25.977690190953535,0.9111020508014152,52.043498175510734,36.53819444444444,48,0.24085549039709284,17.34136112777406,4.469764960475729,176,-205.38573956999997,7.030649619539797,0.35532407407407407,0.15680336952209473,89.96975654363632,0.0003,38.11545181274414,-0.03765078663688015,0.2,-44.81696186772099,79.59792594909668,1750,0.042466383
0.41798224230705716,27.490740740740744,132,13.024728182081025,7.129233359822254,12.54339884438767,0.8246527777777778,7.988692291668779,2315,14.930555555555555,5.280121293868313,12.696438649291403,305856,2.7879123232004352,36.0,0.8529354839705766,26.302083333333364,0.12263875891934327,0.0,25.934159151301383,0.9120538087402139,52.0321073378336,36.81828703703704,48,0.23519235193812582,17.4709760301723,4.509437302484392,177,-206.69631980999998,7.062090716163025,0.03333333333333333,0.06724804639816284,85.6271334471526,0.0003,1096.7783203125,-0.018710675921843008,0.2,-44.84713372124566,2513.6117128725405,1760,0.0065761576
0.4100511267353911,27.287037037037038,132,12.930320816169841,6.89270661926988,12.332410564334525,0.8350694444444444,8.231385861206075,2328,15.277777777777777,5.303359500002828,12.46347356757542,307584,2.7984907878534506,36.0,0.8552158842652648,27.083333333333364,0.12698794929126203,0.0,25.998687486050926,0.9131122065464815,52.04971028933199,36.44386574074074,48,0.22732543302424268,17.295282453805996,4.629383128894804,178,-207.65980973999996,7.092949400081964,0.10613425925925926,0.05031704902648926,104.09607557720608,0.0003,282.1027526855469,-0.03068936668612339,0.2,-44.85714765478063,493.7441089771412,1770,0.014127558
0.4155597214277861,27.43518518518518,132,12.997376887307288,6.970859981402211,12.769674653663795,0.8449074074074074,8.252769009438035,2341,16.203703703703706,5.326798855958455,12.634534611158912,309312,2.8091227103770455,36.0,0.8543527103765945,27.155671296296312,0.12964840121063584,0.0,25.971179298342964,0.9168058081974054,52.02891955793441,36.604745370370374,48,0.23042120665468732,17.375742382250984,4.921437784954296,179,-208.22324107,7.124235736609862,0.02193287037037037,0.03224003314971924,101.7703164798242,0.0003,2672.249267578125,-0.018447327729383553,0.2,-44.88474615591544,6274.611470992477,1780,0.0055822856
0.40992343758004846,27.990740740740737,132,13.274491929064203,7.562165392713065,13.473261342211133,0.8362268518518519,8.380079398541051,2355,15.740740740740742,5.350245509976496,12.451851459379121,311040,2.820072908873398,36.0,0.8577540742562348,27.57523148148151,0.12416538169219754,0.0,26.078108694324445,0.9116478293973379,52.09977400905526,36.632523148148145,48,0.2486274859909301,17.378661607216138,4.7566040204338655,180,-209.71214415999995,7.155065365258309,0.32795138888888886,0.06897908449172974,100.83151737848918,0.0003,58.893863677978516,-0.042316865962412624,0.2,-44.85752932230631,120.00933518586335,1790,0.038525492
0.41536053585961547,28.10185185185185,132,13.329102172738446,7.573925735322404,13.690062240667158,0.8472222222222222,8.451839725091927,2368,16.203703703703706,5.373831810348345,12.619904511806785,312768,2.8312025081861276,36.0,0.8588776839456638,27.828414351851958,0.12636587532202292,0.0,26.1063048248012,0.9200724969676991,52.13148706616505,36.744791666666664,48,0.24895446350215186,17.43452014873963,4.907034332606307,181,-211.12136787000003,7.186315126537826,0.029166666666666667,0.057685911655426025,106.77927772822204,0.0003,2213.513671875,-0.015304160099131641,0.2,-44.909340724238646,4949.906282552083,1800,0.0061482578
0.41670619223392186,28.074074074074076,132,13.328230880071606,7.660855394582427,13.452889110152558,0.8287037037037037,8.222068943009416,2381,15.162037037037038,5.397604705397715,12.664501086425743,314496,2.841757680543651,36.0,0.8561541470771695,27.090567129629736,0.12449201074267696,0.0,26.01845699156407,0.9180824521036978,52.07444084239284,36.8912037037037,48,0.2516072924422202,17.509158019748085,4.583802835498525,182,-213.12436351000005,7.2176763792538905,0.20590277777777777,0.10333752632141113,119.19689087426221,0.0003,161.6326141357422,-0.03839455864012793,0.2,-44.91485629611545,158.74908215558088,1810,0.023677262
0.42377090740303924,27.98148148148148,132,13.280169946055786,7.6515044617475745,13.395477243301885,0.8217592592592593,7.978489984554256,2394,15.162037037037038,5.421476172191701,12.891814738896128,316224,2.851703905505037,36.0,0.8569986139003437,26.2731481481482,0.1244199281234497,0.0,26.04418618009068,0.9235264823223893,52.091992009382125,36.973379629629626,48,0.25144314936757295,17.54858671759465,4.583802835498525,183,-214.73468734000002,7.249605916101131,0.027604166666666666,0.037872135639190674,120.83192069000668,0.0003,3712.716796875,-0.015486321593117382,0.2,-44.933561918470595,7404.216163917824,1820,0.005510623
0.42026121181795667,28.046296296296294,132,13.305864925598206,8.016426703714385,13.708594323981236,0.8396990740740741,8.253830311127318,2407,14.930555555555557,5.445262833007439,12.784306789319151,317952,2.862338481282855,36.0,0.8566098680882864,27.19184027777782,0.12492439452108538,0.0,26.02481423381604,0.9261233459781621,52.10608334638602,36.88831018518518,48,0.2638031397586237,17.514664326294906,4.506302694668645,184,-216.24451387000002,7.281266683074429,0.36215277777777777,0.16920936107635498,124.77530706811834,0.0003,69.88076782226562,-0.03883670923920969,0.2,-44.914100901285806,81.26679677610043,1830,0.04191381
0.4194805395378221,27.916666666666668,132,13.242955135145635,7.855613163836772,13.598241713168546,0.8159722222222222,8.197150024590458,2420,15.277777777777777,5.4689447523750125,12.749785811885628,319680,2.8728313563443315,36.0,0.8555278595773607,27.032696759259327,0.12373209269055781,0.0,26.00030541401465,0.9145973268977207,52.06464263424325,36.824074074074076,48,0.2584485448421366,17.47276774702948,4.619673414186139,185,-217.12110626999998,7.312841147604143,0.03761574074074074,0.05444633960723877,120.46269088144656,0.0003,1309.1998291015625,-0.018695514597412612,0.2,-44.93277118824147,2869.5199933087383,1840,0.006784021
0.41465876914778793,27.64814814814815,132,13.117475793051762,7.343710566278617,13.484089371078069,0.8495370370370371,8.391357341325797,2434,17.01388888888889,5.492647431527872,12.590521842986965,321408,2.883809749697646,36.0,0.8557366351604526,27.647569444444496,0.12991275818074863,0.0,26.00165440893247,0.9229277407354058,52.057630840548676,36.85243055555556,48,0.24122185926663697,17.48107166114384,5.142903011747691,186,-217.61910738000003,7.34401745221161,0.09479166666666666,0.0856633186340332,144.00587558039913,0.0003,251.67388916015625,-0.03055718371610123,0.2,-44.90177654690213,487.65820775915074,1850,0.01206043
0.4191937953950229,27.64814814814815,132,13.121131322725175,7.409207939402901,13.237531986686646,0.8339120370370371,8.35507281684924,2447,15.972222222222223,5.5163462112324,12.729116365428249,323136,2.894697431739769,36.0,0.8527347684876871,27.53906250000004,0.12604115269409583,0.0,25.902560966357104,0.9183904446327418,52.03071935039023,36.84722222222222,48,0.24337887271188022,17.479511881811266,4.827192724558571,187,-219.08014283,7.375540243125181,0.01880787037037037,0.043643951416015625,132.87538163838562,0.0003,3126.699462890625,-0.017064512579667346,0.2,-44.92599296569824,6328.138619429977,1860,0.005415556
0.4188092529840857,27.48148148148148,132,13.045214510577244,7.323813879921694,12.90336815314918,0.8240740740740741,8.14299874307047,2460,15.393518518518519,5.539897275609696,12.738067542669567,324864,2.9050549285974454,36.0,0.8533929674229347,26.779513888888953,0.120289008514334,0.0,25.916536190383976,0.9235538881776217,52.05984016081235,36.71585648148148,48,0.24054891921660146,17.42042575091835,4.654339762650243,188,-219.88440721000003,7.407085411981855,0.3007523148148148,0.16663646697998047,130.94432712925806,0.0003,87.12883758544922,-0.039863752887618766,0.2,-44.90660204004358,113.07227576926903,1870,0.03689513
0.41465751023903435,27.925925925925924,132,13.259361561410993,7.4870028321505755,13.382905196446933,0.8559027777777778,8.29316100464594,2473,15.740740740740742,5.563383861930982,12.603675523231507,326592,2.91578783110906,36.0,0.8542863317786279,27.372685185185173,0.12897077655511732,0.0,25.952005429347434,0.9202585506105658,52.07538717056993,36.667824074074076,48,0.24575578558398584,17.394634528514203,4.756540802885365,189,-220.06040058000002,7.438294600789934,0.029861111111111113,0.02323019504547119,139.75144535258966,0.0003,2466.7607421875,-0.013045351817790004,0.2,-44.898490849247686,5191.2345911096645,1880,0.005346474
0.41528066855963836,27.259259259259263,132,12.930221829191268,7.291891467427589,12.5663002713233,0.8524305555555556,8.145885245439208,2486,14.699074074074074,5.586866552860807,12.624843922432559,328320,2.926152544222658,36.0,0.8611490295790986,26.8373842592593,0.1289662690269319,0.0,26.164152101286863,0.9167887269697078,52.10261419125527,36.655092592592595,48,0.2399657813422432,17.39307637192979,4.464186974704442,190,-220.66551544,7.469556710596016,0.1841435185185185,0.11729055643081665,141.8646848819874,0.0003,240.2973175048828,-0.04060724704629845,0.2,-44.85587060716417,192.52253906815142,1890,0.02007053
0.4110214174200339,27.546296296296294,132,13.067822515692612,7.443003155277047,12.703816491685036,0.8321759259259259,8.304776391610472,2500,14.236111111111109,5.6103335065117435,12.49942453769858,330048,2.9369144852016844,36.0,0.8584349613213057,27.365451388888932,0.12530586871880928,0.0,26.09106085514139,0.9179586882029083,52.092895694213354,36.629050925925924,48,0.24476376215617243,17.38678146037489,4.312990820715377,191,-221.27764915,7.500505271940262,0.029976851851851852,0.04277724027633667,130.101433300972,0.0003,3002.133056640625,-0.019167149561043414,0.2,-44.8693957010905,5969.535306351273,1900,0.0067989146
0.4226538686230007,27.333333333333332,132,12.97622787109479,7.287628006066188,12.643868716970943,0.8153935185185185,8.185682718239173,2513,14.814814814814815,5.634176847725108,12.842466766245495,331776,2.947378691997282,36.0,0.8558550906823976,26.92418981481484,0.12167150754355333,0.0,26.004439650159995,0.9134145473812713,52.049587519981735,36.9537037037037,48,0.23973634376583697,17.53733648534597,4.500012839809963,192,-223.86702842,7.532311438855875,0.2574074074074074,0.06123363971710205,143.37582558614235,0.0003,240.6674346923828,-0.04098958476377582,0.2,-44.879126103719074,269.82827563815647,1910,0.02888528
0.41601282424406816,27.203703703703706,132,12.915731912642405,7.07934743803898,12.496339450199645,0.8258101851851852,8.209413100117855,2526,15.162037037037036,5.65771875228306,12.663155340542623,333504,2.957902224747577,36.0,0.8576579885203826,27.010995370370487,0.12447880870452933,0.0,26.05958862629753,0.9111105536664845,52.06246905475795,36.682291666666664,48,0.2329489940330324,17.416761823180636,4.621260099518261,193,-225.47327677000004,7.563669327207232,0.032233796296296295,0.02893775701522827,140.4156211570457,0.0003,3609.679443359375,-0.01836463738301838,0.2,-44.906148755108866,7264.981117983218,1920,0.006422801
0.4160461515313613,27.15740740740741,131,12.88273933569831,7.096735023838723,12.31655533448982,0.8478009259259259,8.28727157070666,2539,14.699074074074074,5.681275542295383,12.632690877559881,335232,2.9686204036743433,36.0,0.8556779783614608,27.322048611111114,0.1267220256893358,0.0,25.99375733335448,0.9126740583424167,52.0379107851999,36.729166666666664,48,0.233945913261585,17.422716004929466,4.4570809749527855,194,-225.73384665999998,7.594951054401132,0.28304398148148147,0.12834614515304565,144.3162141693963,0.0003,122.5376968383789,-0.03790754965609974,0.2,-44.91637926454897,169.9214042381004,1930,0.034180894
0.41669142957887595,27.166666666666668,131,12.900316244457628,7.189538326356938,12.512607171975837,0.8113425925925926,8.224506727720755,2552,14.930555555555555,5.70494387382174,12.661609651281376,336960,2.979181670493645,36.0,0.8569658152524408,27.068865740740815,0.11732678919956749,0.0,26.04000141741516,0.9136094718085752,52.08563901379421,36.80902777777778,48,0.23636796381747172,17.467332610542844,4.542752601161271,195,-226.94127393,7.626305078529335,0.05219907407407407,0.05703824758529663,129.00601822446893,0.0003,2714.981689453125,-0.02064370394822348,0.2,-44.93672366672092,6012.65763708044,1940,0.007907905
0.42005207336973877,27.953703703703706,131,13.266880780130512,7.5237170143282555,13.095913065285098,0.8472222222222222,8.317844364677462,2566,14.583333333333334,5.7286072420077705,12.775082901223781,338688,2.989976281405339,36.0,0.8578405497987686,27.43055555555563,0.12881850445726123,0.0,26.060969408384395,0.9173853083565504,52.10368372145788,36.785300925925924,48,0.24755193200147918,17.465347274412103,4.425315270826331,196,-228.63521655999998,7.657942785782395,0.23072916666666668,0.05485343933105469,153.41465102301703,0.0003,221.8084716796875,-0.03639075390270187,0.2,-44.95237440886321,294.03449811582215,1950,0.0253768
0.4210324735271964,27.824074074074076,131,13.198876252688606,7.415666316986848,13.124525018022066,0.8391203703703703,8.144366080662207,2579,15.277777777777779,5.752365995809439,12.793012824013795,340416,3.0003371966069947,36.0,0.8602549672542975,26.844618055555557,0.1271508516104962,0.0,26.14126148949748,0.9201251672405975,52.14727921363163,36.885995370370374,48,0.2442635820749581,17.503501520667278,4.629982448346612,197,-230.34930493,7.689625317842429,0.0568287037037037,0.08728677034378052,121.67928696738349,0.0003,3032.25244140625,-0.024110756462646855,0.2,-44.94966600206163,6105.333685076678,1960,0.008654558
0.4212456902761672,27.833333333333332,131,13.210422976990472,7.351953267338174,12.986926885911565,0.8258101851851852,8.133985212436762,2592,14.930555555555557,5.776308110895433,12.81631767298177,342144,3.0106721596380868,36.0,0.8563805305212627,26.80844907407415,0.12251214620725272,0.0,26.024384428680502,0.9170179087679513,52.0509530982964,37.030092592592595,48,0.24190395059675196,17.57684603439772,4.544550641582918,198,-231.48371867999998,7.721366112024883,0.2129050925925926,0.074615478515625,139.37940416689273,0.0003,175.32882690429688,-0.03651224130902577,0.2,-44.960969359786425,374.73420568395545,1970,0.025867343
0.4192315354464867,28.26851851851852,131,13.420419015309703,7.449290722362377,13.470505250322862,0.8425925925925926,8.271534070010349,2605,15.50925925925926,5.8001455549230005,12.742910845261001,343872,3.0213509948131128,36.0,0.8569154216519328,27.2497106481482,0.12584371059322172,0.0,26.03977950736039,0.9180906082075251,52.078804669705484,36.9525462962963,48,0.24505600353763887,17.53497761102723,4.720795512650782,199,-232.62610584000006,7.752923389138036,0.04525462962962963,0.021886229515075684,156.68179210203667,0.0003,3018.484375,-0.020825923793017863,0.2,-44.968375509756584,6583.389992042824,1980,0.008190171
0.4183202468101566,28.796296296296294,131,13.649801501997175,7.946746628173247,14.042075818538079,0.8547453703703703,8.469989471645794,2619,15.046296296296298,5.823988893321321,12.714946264341647,345600,3.0325259684922274,36.0,0.865031953508619,27.907986111111214,0.12892386645951642,0.0,26.273596831436265,0.921203148886031,52.28802774544504,36.9537037037037,48,0.2621078098749586,17.537335359328242,4.565527688367657,200,-233.76092796999998,7.784410754798889,0.19797453703703705,0.09884971380233765,146.69280407517044,0.0003,201.97183227539062,-0.036776429125004347,0.2,-44.951098646941006,408.8012383920175,1990,0.022953602
0.4229377928063582,29.314814814814813,131,13.923546765066915,8.406493627301826,14.679445048819703,0.8616898148148148,8.201348975198893,2632,14.699074074074074,5.848063845167541,12.850433603860525,347328,3.0430293409302247,36.0,0.8657715707418262,27.003761574074126,0.1360453388349629,0.0,26.305027219370093,0.9267840378546879,52.25344841154013,37.164351851851855,48,0.2759853571045468,17.629980738488143,4.469404656450961,201,-235.64956593000002,7.816236838808541,0.046875,0.04677128791809082,149.5870729640678,0.0003,3568.159423828125,-0.021647275017608922,0.2,-44.962960222032336,7635.4969165943285,2000,0.008058386
0.421469548875369,28.85185185185185,131,13.691531957502947,8.377910278149281,14.266550246937092,0.8454861111111112,8.395897544932895,2645,14.236111111111112,5.872141717142106,12.807316777034865,349056,3.054019084792557,36.0,0.8627980282833535,27.647569444444503,0.12869167041658197,0.0,26.22634500893712,0.9180095436487647,52.1163913886541,37.161458333333336,48,0.2755338282612332,17.631148789825705,4.317108011284862,202,-237.12079226999995,7.847955130751128,0.32766203703703706,0.14744704961776733,165.82578765198036,0.0003,172.7012176513672,-0.03826496227195969,0.2,-44.94542549981011,241.21263108430085,2010,0.03734163
0.42075437186023784,28.98148148148148,131,13.761821302288434,8.348516599539039,14.344762865811452,0.8454861111111112,8.171451934382157,2658,14.351851851851853,5.8959624268783175,12.794002821195868,350784,3.0644477146285123,36.0,0.8613464338524942,26.90972222222229,0.12807066067378833,0.0,26.179713185679887,0.9201646412019794,52.10038451302947,36.93055555555556,48,0.27405355389015834,17.52828389448478,4.35442496398398,203,-237.56143223000007,7.879640137804118,0.0640625,0.07690751552581787,150.36793920728894,0.0003,3918.798828125,-0.024004251915202647,0.2,-44.96025305853949,7554.818728298611,2020,0.009001528
0.41765753309924303,28.64814814814815,131,13.598860210592841,8.406455041822014,14.3072380786096,0.8478009259259259,8.347137812650582,2671,14.583333333333334,5.919800075598044,12.699646960679907,352512,3.075315559160139,36.0,0.8617774414824058,27.517361111111217,0.12671296114540803,0.0,26.185527785000158,0.9111201146683626,52.1267228145883,36.94965277777778,48,0.2763382397496115,17.53505948789037,4.421922826194745,204,-237.88190043999998,7.911089255205818,0.27980324074074076,0.07402205467224121,160.93489103317262,0.0003,179.84866333007812,-0.0432698214167936,0.2,-44.9427503797743,260.9302454913104,2030,0.029483616
0.417911458547279,28.59259259259259,131,13.571441006910716,8.405354000283952,14.435853183578635,0.8472222222222222,8.270318549576697,2684,15.046296296296296,5.943644928346892,12.70958828302524,354240,3.0859913555340808,36.0,0.8602744103320045,27.2714120370371,0.12498493784094139,0.0,26.142501782347384,0.9178331314825726,52.11640382963147,36.93171296296296,48,0.27648755459990987,17.537941099539335,4.579058176383966,205,-238.75016210000004,7.942563225913381,0.06163194444444445,0.0725480318069458,150.4036260622519,0.0003,3410.1328125,-0.0248178596953275,0.2,-44.97497795952691,7245.433868634259,2040,0.009208571
0.4230814904184428,28.796296296296294,131,13.668033759861807,8.545413230034256,14.809643013775272,0.8408564814814815,8.267348649078842,2698,15.50925925925926,5.967522062036931,12.848236928503562,355968,3.0966597271567777,36.0,0.8622331266815036,27.184606481481524,0.12532736188881746,0.0,26.20157857587654,0.9147412114112479,52.20643037633118,36.98726851851852,48,0.2810696553589123,17.550853476015693,4.716196023879207,206,-240.63261541,7.9743838182346405,0.3460648148148148,0.08845007419586182,148.4395810427489,0.0003,191.82305908203125,-0.04428841620338736,0.2,-45.00273583023636,291.22235762984667,2050,0.05008105
0.42429746445036315,28.73148148148148,131,13.638898265685164,8.40526530872985,14.684486136061558,0.8408564814814815,8.282656369066242,2711,15.625,5.991553178791547,12.90167475768646,357696,3.107366368079443,36.0,0.862413234477584,27.314814814814866,0.12419207681712711,0.0,26.209515314346834,0.9161623802455788,52.180437296574496,37.095486111111114,48,0.2764310535275081,17.61244670184629,4.760322561646544,207,-242.77851524999994,8.006338005128857,0.04612268518518518,0.04241299629211426,170.82678214179145,0.0003,3636.752197265625,-0.023075730232866826,0.2,-45.00701724864818,7097.260064019098,2060,0.008428699
0.421354826552776,28.472222222222225,131,13.512815045779197,8.392482849042427,14.272438123649625,0.8420138888888888,8.359190681443945,2724,14.814814814814815,6.015329210917383,12.81303676946507,359424,3.118264344783053,36.0,0.8612148962516534,27.45949074074083,0.12657106233583704,0.0,26.166975887060843,0.9242005812005004,52.180098158481194,36.88136574074074,48,0.27619898451764574,17.510412850334365,4.487140228828,208,-243.35784630999999,8.038070597052519,0.25399305555555557,0.12125784158706665,144.29665210158737,0.0003,201.86508178710938,-0.03949322726198093,0.2,-44.98977408232512,315.1055668018482,2070,0.027702995
0.4198344182642001,28.416666666666668,131,13.482165416503866,8.397160467012517,14.072932648504466,0.8530092592592593,8.432192078778547,2737,14.236111111111109,6.039040065940957,12.770988204432967,361152,3.1293448249799996,36.0,0.8611406871014481,27.792245370370434,0.12751685016269618,0.0,26.160949234670852,0.9222873283812563,52.18638131403869,36.84375,48,0.276591953493121,17.484342009429618,4.313606764988082,209,-243.66151123999995,8.069698067563602,0.0646412037037037,0.030718624591827393,174.1252072457914,0.0003,2851.597900390625,-0.0259615335803203,0.2,-44.96031218634711,6127.360199652778,2080,0.009259762
0.41999026208990076,28.064814814814813,131,13.313457916781916,8.323845851396774,14.151542470521914,0.8391203703703703,8.368390622962858,2750,15.277777777777779,6.062660468387359,12.76386286739673,362880,3.1402658015374065,36.0,0.8638801348723809,27.567997685185222,0.12762673664475524,0.0,26.262048911202527,0.9102878959950038,52.19696154269613,36.779513888888886,48,0.2740649285266075,17.448160978560946,4.634238702343223,210,-244.60802750999994,8.101307724732093,0.24560185185185185,0.19659262895584106,174.39371628937897,0.0003,122.96337890625,-0.04219376500006075,0.2,-44.932670819317856,271.86193395543984,2090,0.026225504
0.4234430844170663,28.175925925925927,131,13.364478088767447,8.361962224132334,14.34901704381125,0.8408564814814815,8.337415169962677,2763,15.625,6.08655149921235,12.883584889331402,364608,3.1511093394623133,36.0,0.8629884786252308,27.445023148148135,0.12750495526050612,0.0,26.236644734615314,0.9211761552912492,52.198731170577766,36.97743055555556,48,0.2755416744115327,17.55641232999623,4.742576730911467,211,-246.30267100999998,8.133216686955421,0.07893518518518519,0.08460181951522827,157.97430768189608,0.0003,2893.47998046875,-0.02953883480556585,0.2,-44.951352719907405,6514.429828559028,2100,0.01135078
0.42304862513671065,27.962962962962962,131,13.258576642303382,8.249971276716701,14.353950688027385,0.84375,8.396487653190801,2777,16.435185185185187,6.110393603045767,12.86164700139629,366336,3.16210055859529,36.0,0.8609676946813248,27.61863425925931,0.1297250578080764,0.0,26.174657549340992,0.9193914721145133,52.19107769871791,36.942129629629626,48,0.27171499147108275,17.536841533367056,4.965402769007302,212,-248.00254722000003,8.165070804458912,0.3164351851851852,0.1402793526649475,196.46683301219232,0.0003,183.55320739746094,-0.051316724945273666,0.2,-44.903681126347294,263.1258104960124,2110,0.034978542
0.4150742232362995,28.10185185185185,131,13.334273792754638,8.373193680995785,14.459825336037861,0.8408564814814815,8.405492200661243,2790,16.087962962962962,6.134031386740802,12.614685631147735,368064,3.1731142890969433,36.0,0.8614385830673479,27.669270833333456,0.1258806721684143,0.0,26.187631721859788,0.9164240035718016,52.231750182365325,36.77835648148148,48,0.27585056809689784,17.455113478014066,4.872357862287436,213,-247.44835253999997,8.19630751853678,0.06568287037037036,0.0858602523803711,177.80097412886442,0.0003,2985.672607421875,-0.02562013890042349,0.2,-44.92764871385362,7659.265355541088,2120,0.009492506
0.4114811094486449,27.39814814814815,131,12.99909232565225,7.92598186546816,13.431168287204642,0.8165509259259259,8.588658544329766,2803,15.277777777777777,6.1575297772609385,12.510703026253475,369792,3.1845859354577675,36.0,0.8610872215675484,28.313078703703738,0.12260027278845324,0.0,26.17136538299204,0.9087197105786997,52.17946703561842,36.655092592592595,48,0.2610142650614328,17.399356208054417,4.626094096084231,214,-247.20317239,8.227284276102415,0.3013310185185185,0.08994948863983154,181.76810755199855,0.0003,181.01959228515625,-0.04338486660789284,0.2,-44.91866758841056,335.3206212926794,2130,0.035612177
0.41444772493712356,27.0,131,12.81541161621515,7.592634448420667,12.929273868497926,0.8460648148148148,8.444126981112278,2816,15.277777777777779,6.180994800855531,12.598386290053062,371520,3.1956962529105484,36.0,0.8583125958790646,27.80671296296302,0.13189318394255772,0.0,26.093523847123958,0.9154046985009295,52.12110849405585,36.626157407407405,48,0.25014375862013355,17.386009437837078,4.64122780386211,215,-247.72410984,8.258480241827547,0.08773148148148148,0.0445401668548584,177.18666314902129,0.0003,3779.33740234375,-0.021844237430573062,0.2,-44.95550319530346,6919.173810040509,2140,0.010511796
0.41727695428997297,27.65740740740741,131,13.117036386880459,8.014594154208515,13.542744543047524,0.8692129629629629,8.354689625714096,2830,14.930555555555557,6.204542392867879,12.689855241240323,373248,3.2065829769748335,36.0,0.8615002610625644,27.567997685185226,0.13431839109679986,0.0,26.193369628048966,0.9256198341347635,52.14581208346437,36.699074074074076,48,0.2641036680028809,17.419036804938877,4.531114001958549,216,-249.37304186999998,8.289904879930647,0.24496527777777777,0.06684607267379761,181.39619474411012,0.0003,245.79296875,-0.04027472379168978,0.2,-44.9409565254494,492.3703877766927,2150,0.026495088
0.4229288705278779,27.333333333333332,131,12.967650297818077,7.739961742120557,13.192566478044453,0.8327546296296297,8.42161471479948,2843,15.162037037037038,6.2282399294681685,12.836821798939248,374976,3.2176370137618324,36.0,0.8580700184682913,27.662037037037138,0.128056660430282,0.0,26.092081065582217,0.9148833240184041,52.12064228286079,36.85706018518518,48,0.2548770691892079,17.479014640116105,4.6049544381058185,217,-251.80493305,8.321696934427996,0.07112268518518519,0.04432278871536255,191.00383950869244,0.0003,3702.17626953125,-0.02703824991153346,0.2,-44.94402365507903,7116.876085069444,2160,0.010535612
0.41657861727561424,27.37962962962963,131,12.980984503083105,7.7752524597593355,13.542053679620052,0.8229166666666666,8.460107709081251,2856,16.203703703703702,6.251816370162564,12.674684543308947,376704,3.2287872830345354,36.0,0.8565622838576504,27.900752314814902,0.12604406627172499,0.0,26.03907237609879,0.9125820283833688,52.08490878255956,36.714699074074076,48,0.2560269573594299,17.430576277758377,4.905816716777612,218,-253.08996703999998,8.353083645786269,0.30011574074074077,0.07951998710632324,187.7790995032699,0.0003,230.78704833984375,-0.03857994226876784,0.2,-44.988045883178714,376.6346888789424,2170,0.03349225
0.4235517396926876,27.63888888888889,131,13.098566998087998,8.08480713602059,13.836767305267978,0.8333333333333334,8.556721179264027,2870,15.74074074074074,6.275600699675696,12.882387067233447,378432,3.2401790859826956,36.0,0.8605841567066871,28.190104166666714,0.12935206932956364,0.0,26.163568992711077,0.9246204227692147,52.19371732774486,36.89930555555556,48,0.2667215421245794,17.51373180525252,4.773393171159391,219,-254.6214773,8.384989613454353,0.0798611111111111,0.05103588104248047,185.1035533534156,0.0003,3590.749755859375,-0.025501650385558607,0.2,-45.01487717805085,7127.4405454282405,2180,0.010508831
0.41907743614960563,27.425925925925924,131,13.001284138085126,7.696007267408599,13.762649381773087,0.8547453703703703,8.373790567011659,2883,17.12962962962963,6.299282821131704,12.732616376472578,380160,3.2511135624002248,36.0,0.8586915392798731,27.53182870370369,0.12917528811128676,0.0,26.10501723127376,0.9102186409067751,52.13210317186047,36.8287037037037,48,0.2534346280761589,17.472848582402992,5.185357976279362,220,-255.90012981999996,8.416521154395534,0.31331018518518516,0.05053764581680298,230.73614716000026,0.0003,153.9977264404297,-0.044298401323181615,0.2,-44.98094367980957,286.55975785432037,2190,0.033942185
0.42079278986209484,27.962962962962962,131,13.267520713799634,7.998613605864957,14.269847484944536,0.8055555555555556,8.671913753115293,2896,16.89814814814815,6.323063903205371,12.775934904398033,381888,3.262793346783013,36.0,0.8568575332673114,28.493923611111093,0.12405147478470309,0.0,26.04190934606694,0.9258059031144928,52.11673192220013,36.892361111111114,48,0.26323228525908543,17.512432829467148,5.123713165279946,221,-257.18642544999994,8.448160991656529,0.08368055555555555,0.05978977680206299,170.89131055761266,0.0003,3591.993408203125,-0.02982436918688041,0.2,-45.00929987872088,6842.78365342882,2200,0.010997726
0.41946468569514,28.11111111111111,131,13.338042983178562,8.263182913181074,14.335364073589927,0.8547453703703703,8.562476788038817,2909,15.972222222222223,6.346799674859422,12.758690902787826,383616,3.27419953875311,36.0,0.8602987381735373,28.247974537037116,0.13026980106977692,0.0,26.14234087180901,0.9222317179609496,52.13814512503394,36.854166666666664,48,0.27231495364355757,17.494308661620614,4.85413817723029,222,-258.34847375,8.479757718913499,0.2545138888888889,0.03655099868774414,235.56706381903754,0.0003,297.6351623535156,-0.03650528629206949,0.2,-45.00088031910084,398.08406044288915,2210,0.02870082
0.4249104184343538,27.805555555555557,131,13.206569767712566,8.078698422158828,14.02237388092184,0.8576388888888888,8.61300209884426,2923,15.972222222222221,6.370872466306594,12.921523259748655,385344,3.2857320440002207,36.0,0.8572694819852623,28.443287037037035,0.1280891194258365,0.0,26.054196928544332,0.9152636672610718,52.14458947570737,37.151041666666664,48,0.26573790762776717,17.629116578868466,4.857105691050446,223,-261.04036911000003,8.51176152706287,0.0667824074074074,0.07545739412307739,208.04144034738894,0.0003,4271.35009765625,-0.02379096566906406,0.2,-45.02510798418963,7534.515970413773,2220,0.009022993
0.4272440281487552,27.722222222222225,131,13.153898458198421,7.771809007651318,13.86680032606011,0.8402777777777778,8.645493252559442,2936,16.666666666666668,6.394916341231729,12.985663040702761,387072,3.2973457771316195,36.0,0.8560082107173264,28.457754629629676,0.12544703771565807,0.0,26.013161685927304,0.9199355718461676,52.11152320705412,37.12268518518518,48,0.25590495973514377,17.617549970054345,5.06109286021037,224,-263.7256605,8.543925684664627,0.27662037037037035,0.13279807567596436,196.58772136546946,0.0003,181.8408966064453,-0.04152066450031405,0.2,-45.035827495433665,395.9213172630028,2230,0.031044515
0.4232602182264266,28.074074074074076,131,13.321876199382208,7.8048477126839595,14.570058064737307,0.8541666666666666,8.594010180354775,2949,18.287037037037035,6.418769771393226,12.85329830929963,388800,3.3088308025825066,36.0,0.8564051327647929,28.313078703703717,0.12972776763853633,0.0,26.022105592434343,0.9250544445350534,52.0832421787706,36.97511574074074,48,0.2570405732236532,17.541372064598693,5.563334152671139,225,-263.94732088,8.575758930437877,0.06597222222222222,0.10044878721237183,207.96828530099657,0.0003,3219.7255859375,-0.026743203884473554,0.2,-45.02952947263365,6202.596046730324,2240,0.010077171
0.4164066413695919,27.75,131,13.170304840718694,7.2580480655762685,14.89840740974129,0.8385416666666666,8.490100736103281,2962,21.64351851851852,6.442320121655709,12.653334240879508,390528,3.3200560544227646,36.0,0.8536857647166288,27.965856481481566,0.12393990605375516,0.0,25.93164779739281,0.9139801717218091,52.04963325495546,36.72164351851852,48,0.23884288759742353,17.420140104993425,6.590054503446328,226,-262.80463902,8.607092266040075,0.28726851851851853,0.10894531011581421,213.43113065119144,0.0003,394.2015686035156,-0.048855797189322335,0.2,-44.99093882242838,439.7255005447953,2250,0.034484554
0.4223742054603652,28.212962962962962,131,13.385620377686962,7.661696366630892,15.22447193177847,0.8628472222222222,8.593253314220545,2975,20.71759259259259,6.466163056152337,12.847088819439735,392256,3.331539187708316,36.0,0.8533048463256252,28.32031250000002,0.13146782187476438,0.0,25.92557207390108,0.9117992870206029,52.055968818409355,36.951967592592595,48,0.25230480366700747,17.537173798650947,6.297155187460618,227,-263.46927997000006,8.638909988088674,0.08472222222222223,0.07302325963973999,201.0146954395153,0.0003,3329.907470703125,-0.026709118976982103,0.2,-45.02482633237486,6654.986677155672,2260,0.010910288
0.42284773105071566,28.212962962962962,131,13.402402391427694,7.816346542701001,15.931359495069755,0.8472222222222222,8.523690200559464,2989,22.453703703703706,6.489969627721185,12.870302174008437,393984,3.3428484132097145,36.0,0.8591245884860633,28.117766203703777,0.12846990786260307,0.0,26.113122834548353,0.9226603319328858,52.11073491337239,36.91840277777778,48,0.2569538659472313,17.52262862753913,6.83261056094106,228,-265.57623817,8.670785743523695,0.2480324074074074,0.08093154430389404,201.0538896507687,0.0003,199.5332794189453,-0.04109849156466899,0.2,-45.000864565813984,594.4735619439019,2270,0.027709473
0.42615888023541615,28.12962962962963,131,13.35689285228804,7.702750390431885,15.732937887510765,0.8512731481481481,8.524076470626179,3002,22.337962962962962,6.513726566741538,12.942206862446492,395712,3.35415860438628,36.0,0.8592365370301053,28.030960648148135,0.12974231479553167,0.0,26.11399007173965,0.9149971479986877,52.114154912832646,36.873842592592595,48,0.25346895280031195,17.502775608141487,6.793294644790841,229,-267.41924695,8.702841260679811,0.06388888888888888,0.06236296892166138,241.59367525489242,0.0003,4192.12646484375,-0.02646483429017718,0.2,-44.9760459334762,7919.646676070602,2280,0.010313235
0.4240837889475407,28.277777777777775,131,13.429190325215123,8.098240353773855,15.658864420781773,0.8622685185185185,8.804902715724799,3015,20.60185185185185,6.537547488452065,12.89020581295609,397440,3.366170861175592,36.0,0.8567367031480617,29.021990740740744,0.1366831980504745,0.0,26.030529064084913,0.9269207539501804,52.11728930642486,36.935763888888886,48,0.26642412889516054,17.528368684210655,6.251433741792795,230,-268.97269110999997,8.7347667752122,0.27858796296296295,0.03299683332443237,209.41555007298788,0.0003,309.4621887207031,-0.04200981676371561,0.2,-44.97861990752043,665.1509687635634,2290,0.033104464
0.43006841951223035,28.037037037037038,131,13.308977561940203,7.867982604716507,15.47935853139326,0.8009259259259259,8.541762711142459,3029,21.064814814814813,6.5614694531504885,13.086996284902426,399168,3.377525267953448,36.0,0.8626714061334787,28.10329861111116,0.11875466092548059,0.0,26.202519328467854,0.9125927801303944,52.17486513985173,37.01215277777778,48,0.2595015681898121,17.568785879369464,6.422398364736551,231,-271.28957631000003,8.767184265924456,0.08668981481481482,0.07637470960617065,224.49396041940759,0.0003,3500.121826171875,-0.030164353821978525,0.2,-44.97732854772497,7430.086011646412,2300,0.011324837
0.4256422683036356,27.777777777777775,131,13.187489481577202,7.791810352351834,15.037680265879704,0.8240740740740741,8.673584126490747,3042,20.25462962962963,6.585040155278499,12.938090261600736,400896,3.389209228269675,36.0,0.8557181307000251,28.58796296296298,0.12630815278175742,0.0,25.994745299144487,0.9132003940944372,52.10404914614992,36.726851851851855,48,0.2569585425556368,17.42828085120404,6.178380431950668,232,-271.96117316,8.799229491578458,0.3447337962962963,0.08839797973632812,241.4465809168639,0.0003,425.7245788574219,-0.04198083803747539,0.2,-44.96787291632758,387.37476687961157,2310,0.036592174
0.42894885745767536,27.611111111111114,131,13.109305252322267,7.871714037956707,14.868423081135195,0.8564814814814815,8.776519547500962,3055,19.675925925925927,6.608812588595568,13.042284260632897,402624,3.4011505271384275,36.0,0.8602422453639379,28.906250000000025,0.13106842896369394,0.0,26.143707739669647,0.9162998847872205,52.148523945103754,36.90335648148148,48,0.25949554848109463,17.508973326827682,6.007403790856221,233,-273.42817269999995,8.831535202230041,0.08049768518518519,0.08523213863372803,229.13791516798514,0.0003,3481.670166015625,-0.027401798754861508,0.2,-45.021216724537034,6193.0547092013885,2320,0.011034229
0.42736294518021,27.574074074074073,131,13.090466231858288,7.698643798245985,14.843318315895187,0.8559027777777778,8.640023739733087,3068,20.25462962962963,6.632812792501724,12.99402916394345,404352,3.41275058648776,36.0,0.8622335064090816,28.472222222222225,0.13371667928911504,0.0,26.197792567084765,0.9206370872781406,52.14925276990999,37.09375,48,0.25331760507727646,17.600081562462254,6.174208285790914,234,-275.27531148,8.8637202751399,0.2015625,0.09741199016571045,235.74221895005968,0.0003,405.81280517578125,-0.034860111986873325,0.2,-45.037986543443466,494.2314236111111,2330,0.021812923
0.4368958238109456,27.805555555555557,131,13.192012227274803,7.9556119066569915,15.11130151687893,0.8304398148148148,8.45123410877653,3081,19.90740740740741,6.656814463933046,13.291549397374451,406080,3.4238786717597014,36.0,0.862950132485865,27.8935185185185,0.12564941748774375,0.0,26.210341455495126,0.9167747426367575,52.154727756064695,37.06944444444444,48,0.2625557272661302,17.600668572528804,6.083677382947134,235,-277.22513408000003,8.896649148633335,0.06498842592592592,0.09012603759765625,239.62493547510218,0.0003,3369.276611328125,-0.023384789305014742,0.2,-45.0608773831968,6784.282682291667,2340,0.009583253
0.4333059049352023,27.722222222222225,131,13.148520304742577,7.820963885654284,14.85985071191205,0.8408564814814815,8.551240609848277,3094,19.675925925925927,6.680618718463501,13.168624095791587,407808,3.435256773284322,36.0,0.8615262097855284,28.219039351851876,0.13134364986291702,0.0,26.168125014503868,0.9111587797352814,52.150654374037664,36.93402777777778,48,0.2580258790833614,17.52170181218182,6.010366521515189,236,-278.81782249,8.929270708872814,0.2598958333333333,0.05448061227798462,245.3168956173791,0.0003,269.8242492675781,-0.03818258842522347,0.2,-45.073699188232425,475.36399225305627,2350,0.031168733
0.4275348306333197,28.009259259259263,131,13.295135768136857,8.161045101635096,15.38607441002876,0.875,8.553961165563683,3108,19.791666666666668,6.7042686794447,12.989218126491833,409536,3.4466416761982313,36.0,0.8641980258173282,28.19733796296294,0.13484355330987033,0.0,26.246857732280603,0.917313194294281,52.234515722271,36.78993055555556,48,0.26907701417182367,17.45998439247956,6.049893540256805,237,-278.04367972,8.961443754189043,0.09664351851851852,0.06366533041000366,197.6730624764054,0.0003,2762.772216796875,-0.031214272231725907,0.2,-45.09138849046495,5705.198638237847,2360,0.013101678
0.4285146323443385,28.38888888888889,131,13.460903074124095,8.496478822632383,15.596579725156216,0.8234953703703703,8.758613298999858,3121,18.98148148148148,6.7283440521304705,13.026028174489161,411264,3.458538209445731,36.0,0.8625365386304543,28.870081018518587,0.12573605140136426,0.0,26.190738733116845,0.9154026766738232,52.168633922700415,37.15856481481482,48,0.2801622699864567,17.63014907430795,5.759197828399738,238,-279.35558796000004,8.993708824625266,0.27858796296296295,0.042763352394104004,221.4458372504623,0.0003,398.1323547363281,-0.04203493678252454,0.2,-45.081656561957466,614.2866065696434,2370,0.032435965
0.42983489889423226,28.805555555555554,131,13.655836235063688,8.675574299571535,15.590015080356167,0.8275462962962963,8.608515907322797,3134,17.708333333333332,6.752371793118214,13.083685127644971,412992,3.4700594992140377,36.0,0.8647034403550906,28.37094907407413,0.12606872146534018,0.0,26.256418293076546,0.9171163237207182,52.18036882330333,37.088541666666664,48,0.28634761417163496,17.611096395097267,5.378604545720944,239,-281.1364824099999,9.026118037444379,0.0943287037037037,0.06734097003936768,241.12523011101618,0.0003,3652.90478515625,-0.029210525730417835,0.2,-45.10550862065068,7337.780322265625,2380,0.012408155
0.4231687725438342,28.972222222222218,131,13.737844223821028,9.039027159164982,15.707209062734055,0.8350694444444444,8.682443163695051,3147,16.550925925925927,6.776150770334602,12.880326667610296,414720,3.4817656071232754,36.0,0.8605920273597863,28.63859953703721,0.13047766157897522,0.0,26.14035904167267,0.9190684205292979,52.18033976652106,36.89988425925926,48,0.29857091092261306,17.511590886555304,5.050337679748044,240,-281.27185855,9.058018854113405,0.20092592592592592,0.046969056129455566,237.37471112851745,0.0003,745.9900512695312,-0.04212278278406571,0.2,-45.09023885373716,1072.4574345341434,2390,0.02274542
0.4335929993535263,28.944444444444443,131,13.721699145664374,8.908058871585922,15.685786706857773,0.8506944444444444,8.607764937602562,3160,17.01388888888889,6.800358188785075,13.177364679403679,416448,3.4932850194672818,36.0,0.8635883335676025,28.327546296296358,0.13473453899962967,0.0,26.23588624366975,0.920778299692082,52.26253458094231,37.25,48,0.2940244942965975,17.682967380189364,5.176028689607475,241,-282.97022122000004,9.090662265811913,0.0785300925925926,0.043101489543914795,270.11948619065464,0.0003,3190.39013671875,-0.02682673210985269,0.2,-45.098319964938696,7578.57312463831,2400,0.01083463
0.42861835616485144,28.842592592592595,131,13.66482504411791,8.989422912409397,15.962854930505015,0.8570601851851852,8.844788685100852,3173,17.824074074074076,6.8243259456179635,13.02249545782452,418176,3.505396991180034,36.0,0.8656803448062181,29.1377314814815,0.13178393495312685,0.0,26.293216880542445,0.9285599070598622,52.25360775580969,37.061342592592595,48,0.297452473579425,17.58710273315548,5.428606973977708,242,-285.07212021,9.122918504456475,0.2965277777777778,0.09313845634460449,305.8384317521696,0.0003,314.21038818359375,-0.039434152355210646,0.2,-45.1048701816135,444.5086977358218,2410,0.033648785
0.4304039234453544,28.63888888888889,131,13.562640917196987,8.816317291604715,15.653141490119594,0.8425925925925926,8.741598218442066,3187,17.708333333333332,6.848335343205605,13.095683199816017,419904,3.517250986726139,36.0,0.8662785135499815,28.812210648148127,0.1298690932337823,0.0,26.30645111710052,0.9168817474186718,52.28053267310175,37.088541666666664,48,0.2919747937424914,17.603759035056626,5.3941832813178925,243,-286.14264395,9.155357712456015,0.09930555555555555,0.06334692239761353,268.7655798046677,0.0003,3693.503173828125,-0.02988427934685239,0.2,-45.159899690416125,6389.730029296875,2420,0.012982803
0.43140682059096824,28.990740740740737,131,13.730950357229815,8.987990032421697,15.609630964096247,0.8298611111111112,8.775984948134425,3200,16.435185185185187,6.8725092717282905,13.11203846143317,421632,3.529190949096475,36.0,0.864386493589488,28.927951388888935,0.12410529436057102,0.0,26.25544114264524,0.9115002863236691,52.30195337661588,37.238425925925924,48,0.2976088990050072,17.669571409074383,5.010690574444734,244,-288.37292253,9.187837808609597,0.3085648148148148,0.15659880638122559,285.0945304693999,0.0003,416.596435546875,-0.0463990537242757,0.2,-45.16395330075864,347.56019795735676,2430,0.033294667
0.4374953159541233,28.787037037037038,131,13.638044663379427,8.959209914564523,15.701481186675183,0.8327546296296297,8.661746025323156,3213,17.12962962962963,6.8966347822043215,13.29428606838176,423360,3.540845314159783,36.0,0.8683240031558381,28.559027777777874,0.12387473803955178,0.0,26.364277680284246,0.9111170481085336,52.33960396871992,37.19675925925926,48,0.29656536641061026,17.65020419041242,5.224226608731233,245,-290.79916397,9.22077352378055,0.11226851851851852,0.09761500358581543,300.91083045182404,0.0003,2074.067138671875,-0.028863788651371444,0.2,-45.17633765891746,4066.8930401837383,2440,0.013972586
0.4343237896144636,28.824074074074073,131,13.643411488581426,9.216260599226885,16.054402041977454,0.8327546296296297,8.707808983507176,3226,17.361111111111114,6.9208034445483415,13.228356841614547,425088,3.552614836618551,36.0,0.8670069697526044,28.747106481481563,0.12345060859910814,0.0,26.330925323640873,0.9174106040296562,52.30068905878489,37.207175925925924,48,0.30562214173247376,17.667464937608074,5.314729954169143,246,-292.01364499000005,9.253544415884587,0.23547453703703702,0.06895118951797485,266.38132764851605,0.0003,401.7775573730469,-0.040833323592044134,0.2,-45.155951182047524,640.08211545591,2450,0.025254514
0.43138447652544804,28.805555555555557,131,13.636079247966174,9.146073636545486,15.98084352801945,0.8379629629629629,8.694157323398622,3239,17.361111111111114,6.9447480916725155,13.117839780440635,426816,3.5643502299270478,36.0,0.8673806680535584,28.6313657407408,0.12846929434188364,0.0,26.342869202071125,0.9178916158915067,52.323564435588956,37.04108796296296,48,0.3033061419018821,17.577858849669727,5.318690643507789,247,-291.88479692,9.286039015335689,0.10434027777777778,0.05059802532196045,294.3924178123474,0.0003,3359.190185546875,-0.03315250606759003,0.2,-45.14591541996709,5757.900084997106,2460,0.013131984
0.4287401384691981,28.824074074074073,131,13.662592403649732,9.377923702914515,16.354208438788604,0.8287037037037037,8.726083644602022,3253,17.824074074074076,6.968728830501713,13.042567030776803,428544,3.5761654390385527,36.0,0.8729986643465047,28.776041666666764,0.12625721856459476,0.0,26.50391777931128,0.9161790001460001,52.44139433037063,37.07118055555556,48,0.3099213069605905,17.592295531679156,5.4336923322243535,248,-291.80345356000004,9.318345432912631,0.2379050925925926,0.10519576072692871,312.8026508295978,0.0003,304.2314758300781,-0.03804294485253868,0.2,-45.149882281268084,681.9150453920718,2470,0.025848053
0.4314278948210586,28.75,131,13.627616740098091,9.327188544013309,16.237191189748835,0.8350694444444444,8.612483099478819,3266,17.708333333333332,6.992699071592563,13.136889542611316,430272,3.5876966467872498,36.0,0.8702589064101973,28.42881944444444,0.1262933359786308,0.0,26.433421571083255,0.914081625048327,52.38112300065669,37.039351851851855,48,0.30854627919000227,17.58809643634002,5.402385905637434,249,-292.60754158000003,9.35088765676916,0.08981481481481482,0.09362423419952393,299.9669027328491,0.0003,3301.07666015625,-0.029075005653969668,0.2,-45.14631113123011,6981.866811342593,2480,0.012051471
0.43355464956787737,28.314814814814813,131,13.425465098269479,8.481774836039753,15.759985092267334,0.8055555555555556,8.707897617663564,3279,19.560185185185187,7.016844494222595,13.191280038388063,432000,3.5994663908314086,36.0,0.871236398216229,28.790509259259256,0.12076382542622319,0.0,26.457059216939825,0.9195535669892002,52.48249404895725,37.222800925925924,48,0.2798169974260356,17.65816905201282,5.9727451579581015,250,-294.94152406,9.38356585686513,0.25775462962962964,0.05663961172103882,277.7503458234999,0.0003,853.954833984375,-0.04325706998093261,0.2,-45.140340395326966,926.3481067798756,2490,0.02752929
0.4307774627580707,29.185185185185187,131,13.8504611484825,8.871772264210392,16.824479716417805,0.859375,8.953909303296468,3292,20.48611111111111,7.040992736868032,13.08799952595991,433728,3.61185116408965,36.0,0.8696258539811823,29.50665509259263,0.12974787136952742,0.0,26.418607385861453,0.9194842239911344,52.39992453176354,37.222800925925924,48,0.29207573009497206,17.659297058174538,6.222246303724915,251,-296.89954094999996,9.41598585568003,0.1146412037037037,0.07609719038009644,325.87039646219324,0.0003,4351.98095703125,-0.032137791263974376,0.2,-45.16812989976671,8423.25405996817,2500,0.013634272
0.42866753138683905,29.462962962962962,131,13.976272605985868,8.826656935748787,17.8612285175491,0.8611111111111112,9.039995648238124,3305,23.611111111111114,7.065258292586717,13.049977998763945,435456,3.6244511532102455,36.0,0.8704468622427929,29.788773148148145,0.12916775540544123,0.0,26.432751408960332,0.916013500282663,52.30703623164308,37.28993055555556,48,0.29128840419633156,17.706222287474073,7.178298975814443,252,-298.11691324,9.448310800676941,0.26666666666666666,0.07796210050582886,286.6775433399059,0.0003,433.858642578125,-0.042556121160655665,0.2,-45.175557666354706,858.5127337420428,2510,0.031086674
0.4317882814690683,29.296296296296294,131,13.90529816713069,8.881663374355924,17.666984619939768,0.8165509259259259,8.939820808949221,3318,22.916666666666668,7.089429089998412,13.124845285407801,437184,3.6368007052326186,36.0,0.8686027238179962,29.434317129629658,0.12162451249613972,0.0,26.379622384491114,0.9163645826342214,52.26411414447949,37.222800925925924,48,0.29281599430237043,17.66831896467824,7.000023078453155,253,-299.37973518,9.48082291389046,0.1171875,0.0908973217010498,281.0760010154159,0.0003,4150.0908203125,-0.03421952197742131,0.2,-45.17239225882071,8571.428889973959,2520,0.013857109
0.42704849492014757,29.472222222222218,131,13.990565538080107,8.666992282191767,17.73975416149105,0.8599537037037037,9.037033135859003,3331,23.72685185185185,7.1137542552526725,12.996986472904345,438912,3.649393288072266,36.0,0.8690876875651826,29.723668981481477,0.13087866770006967,0.0,26.404356794720524,0.9186881733532444,52.223644812950205,37.342592592592595,48,0.28516814823065895,17.730066101703986,7.202196341219172,254,-300.65245129,9.513015380072721,0.30561342592592594,0.10801738500595093,320.2082882280703,0.0003,307.7920837402344,-0.038746186252683404,0.2,-45.17054949159975,621.8093916151258,2530,0.034844134
0.4304421027966451,29.435185185185187,131,13.966796537016615,8.668052848532815,17.394129454549187,0.8738425925925926,8.793237343300438,3345,22.685185185185187,7.138181022468363,13.076636064490005,440640,3.661376381430517,36.0,0.8712980038371346,28.985821759259263,0.13310218479280708,0.0,26.466203887666552,0.9209905426768359,52.237344707905116,37.454861111111114,48,0.2856534669633514,17.770706886275903,6.879280068999754,255,-301.41688873,9.545406970233946,0.11805555555555555,0.14503008127212524,292.2333665724154,0.0003,2295.462158203125,-0.034979054590480195,0.2,-45.15130777712221,4724.278865559896,2540,0.01324148
0.43150356921561855,29.0,131,13.757360266520271,8.250712112889774,17.33084833096929,0.8368055555555556,8.912988235275124,3358,24.537037037037038,7.162447660860818,13.129271776000552,442368,3.673658852018705,36.0,0.8675418337586899,29.340277777777814,0.12626927600982624,0.0,26.357369134506484,0.916200309420963,52.19135428173965,37.30613425925926,48,0.2717720694031774,17.706655356981944,7.442775951559242,256,-303.11381177,9.577930149673948,0.26001157407407405,0.11593389511108398,320.31687403431647,0.0003,584.684326171875,-0.03959210795281386,0.2,-45.13916169625742,689.8505896109122,2550,0.027723324
0.4344148388543989,28.84259259259259,131,13.685733434561442,8.094570728857471,17.307365532434495,0.8333333333333334,8.901384614257358,3371,25.115740740740744,7.186755844242104,13.206781275126971,444096,3.6859123135543483,36.0,0.863992661809338,29.39814814814813,0.12611701122854763,0.0,26.25488297375806,0.9208002116113134,52.17077120953513,37.3431712962963,48,0.26677619961929383,17.723273352514184,7.647061369015584,257,-305.02406986,9.610647102861765,0.09722222222222222,0.12967365980148315,330.4500150503936,0.0003,3498.1298828125,-0.030501632947750667,0.2,-45.16000515973126,6998.680248119213,2560,0.012876485
0.43416806285872434,29.166666666666668,131,13.837988684842434,8.654287268910316,16.326735799872292,0.8344907407407407,8.795525155269218,3384,19.675925925925927,7.210938355329247,13.192465666449754,445824,3.6979011264425212,36.0,0.8616011852098486,28.97135416666669,0.12255733520761575,0.0,26.180707827861642,0.9185716916040996,52.153331038455,37.234375,48,0.28505942740137963,17.673004434857578,5.954459846119541,258,-305.74559107,9.64332826702789,0.2518518518518518,0.09852427244186401,360.25493819978504,0.0003,383.11431884765625,-0.04043140016427195,0.2,-45.16055145263672,741.0976372612847,2570,0.029065968
0.4353239281304422,29.15740740740741,131,13.84117174393248,8.581409769119166,16.394368448081167,0.8258101851851852,8.966351969949583,3398,20.13888888888889,7.2353329822629195,13.238971793355693,447552,3.7103170063673954,36.0,0.8618506312828537,29.564525462963015,0.12133759110320047,0.0,26.191734376360486,0.917545485206731,52.13207634009526,37.4212962962963,48,0.28216296156783643,17.757850773468714,6.091786935029519,259,-307.51670386,9.67612569651128,0.12714120370370371,0.03874516487121582,343.44718755439476,0.0003,2831.982421875,-0.035156544746348155,0.2,-45.175064440126775,6108.43627025463,2580,0.015160238
0.43490923748894494,29.15740740740741,131,13.846311425378872,9.022988207907378,16.28315417012476,0.8420138888888888,8.749884089737998,3411,18.287037037037038,7.259674907084668,13.230329887667295,449280,3.72219171659174,36.0,0.8645672432871203,28.812210648148152,0.12375948247376165,0.0,26.274094695412334,0.9159222885563486,52.20431334400268,37.366898148148145,48,0.2965280266331879,17.736769928699548,5.53385453683851,260,-308.75350802,9.708901521230448,0.29421296296296295,0.1265178918838501,363.9492717319065,0.0003,184.13145446777344,-0.04014805367181974,0.2,-45.20533150566949,485.1666794953523,2590,0.032105625
0.4356310420387065,29.212962962962962,131,13.872854784998779,9.105054754558767,16.241486444695358,0.8258101851851852,8.975716439967128,3424,17.708333333333332,7.284079490228261,13.228671427131628,451008,3.7346310076916582,36.0,0.8679288820187733,29.506655092592624,0.12107902946143054,0.0,26.36752588425505,0.916766739391862,52.21079272222409,37.420717592592595,48,0.2996432398117005,17.761833257437193,5.3835769051378115,261,-310.19059261,9.741673199798278,0.12586805555555555,0.0700424313545227,356.5376206609938,0.0003,2399.39111328125,-0.03330913337154521,0.2,-45.19418401364927,4876.690072518808,2600,0.015241183
0.42950255133368964,29.11111111111111,131,13.822698294019078,9.106340175119778,16.165733005333784,0.8611111111111112,9.011735670392778,3437,17.708333333333332,7.308532445801066,13.069130274975072,452736,3.74716034686764,36.0,0.8671730709963388,29.723668981481453,0.1285270669951155,0.0,26.354956154383427,0.9263276641314951,52.20925355931006,37.46006944444444,48,0.2994229199604987,17.781182229121967,5.3566945361949285,262,-310.85868944000003,9.774046025485715,0.24994212962962964,0.09212815761566162,414.15531957061205,0.0003,890.9920654296875,-0.036540760571585486,0.2,-45.19517709237558,718.6109723126447,2610,0.02615722
0.43296685642217525,28.740740740740737,131,13.63233356700818,8.751478231088479,15.853271946525831,0.8339120370370371,8.826654277511809,3451,18.51851851851852,7.332678453041907,13.165231939781071,454464,3.7592269825614193,36.0,0.866204869857374,29.043692129629708,0.12143259744777722,0.0,26.324991218301566,0.9199202804545005,52.21615603851481,37.198495370370374,48,0.2882486204462398,17.658402896336373,5.589460148429172,263,-311.00175752,9.806659105335168,0.1175925925925926,0.04328465461730957,375.166014374627,0.0003,2522.8212890625,-0.033728360301918454,0.2,-45.183732166996705,5413.545815248843,2620,0.01383984
0.43393005335216017,28.185185185185187,131,13.372894388813185,8.477873484584636,15.367692822459295,0.8055555555555556,9.02765588308181,3464,18.51851851851852,7.3569614306117534,13.179997628130414,456192,3.771796122269124,36.0,0.866299319966591,29.716435185185247,0.1178697215620636,0.0,26.331979059337545,0.9096864126784593,52.238209361536086,37.32465277777778,48,0.2795323869733656,17.713191027938716,5.636924949061474,264,-313.02521878,9.839309099405494,0.24346064814814813,0.08701092004776001,374.4661205433033,0.0003,629.9374389648438,-0.03642534971996038,0.2,-45.18459854125977,874.7868815104167,2630,0.025504937
0.4315326331219521,27.85185185185185,131,13.225984741169029,8.294681158101286,14.717543766813046,0.8489583333333334,8.949800381149384,3477,17.47685185185185,7.381107363687361,13.115043984013651,457920,3.784170623221997,36.0,0.8656955775586598,29.47048611111111,0.12819427855350424,0.0,26.30477048145393,0.9180676191646607,52.221611417539805,37.21180555555556,48,0.2730964933976838,17.65837323024319,5.316877867542731,265,-314.15687451,9.871796709365528,0.10532407407407407,0.0622868537902832,322.55077325326425,0.0003,3783.364013671875,-0.030253345971168192,0.2,-45.206999969482425,8595.771706814236,2640,0.012758149
0.429758793327879,28.416666666666668,131,13.485717766881223,8.855193205985044,15.06945618824277,0.8570601851851852,8.800436722164465,3490,15.972222222222221,7.405232440214786,13.077260378529388,459648,3.796171715027408,36.0,0.8675068705991036,29.007523148148152,0.1313048557890446,0.0,26.364205121012844,0.9226603979489517,52.22199807932683,37.201388888888886,48,0.2919632525206075,17.650030610970166,4.848545215376502,266,-313.45876472,9.90418986031185,0.24068287037037037,0.012638688087463379,364.3778568868284,0.0003,535.0465698242188,-0.03741897288882346,0.2,-45.20413555569119,1191.4885689064308,2650,0.027961336
0.4319897669086763,29.092592592592595,131,13.805298226299591,9.276656149041429,15.576075986152343,0.8559027777777778,8.784327910930452,3503,15.162037037037038,7.429484070917127,13.13295573620467,461376,3.8081325348047343,36.0,0.8706021215059386,28.964120370370377,0.1275246220792775,0.0,26.46401783898756,0.9237717680012627,52.22521345395128,37.301504629629626,48,0.30556547883810947,17.70065228093613,4.614121610811321,267,-314.58214268,9.936722249652362,0.0953125,0.07425814867019653,364.9946709562231,0.0003,3713.68603515625,-0.02956001415365824,0.2,-45.20615394027145,7845.155456090856,2660,0.012855288
0.4366009145273151,29.98148148148148,131,14.226922977190428,9.561520074021852,16.62670230048124,0.8541666666666666,8.706032923701416,3517,16.319444444444443,7.453917547748943,13.27866413480403,463104,3.819897617113988,36.0,0.8672131566966103,28.645833333333417,0.12787369231909923,0.0,26.358233298841593,0.9204174166861244,52.30679424849268,37.4525462962963,48,0.31473198716676415,17.77339073272648,4.958259249268962,268,-317.43868709,9.969618909989373,0.31475694444444446,0.07359868288040161,414.8889345275031,0.0003,397.9453430175781,-0.03974233785799394,0.2,-45.208702341715494,563.5494705765335,2670,0.03370796
0.44530987846831804,30.51851851851852,131,14.481396746420854,10.21328824454374,16.850218628270603,0.84375,8.774310507619296,3529,14.120370370370372,7.478594173168025,13.552170535630573,464832,3.8318333933830364,36.0,0.8751812096844852,28.94241898148148,0.12652019809400425,0.0,26.601636009897685,0.925306982571886,52.45859073950849,37.66261574074074,48,0.33630249307806953,17.870650167632842,4.275533637306007,269,-321.44572848,10.00319933632845,0.10821759259259259,0.09286093711853027,425.94814386897616,0.0003,3293.076416015625,-0.028906063406072834,0.2,-45.22754558987088,6052.25400390625,2680,0.01355284
0.4366759684176722,30.064814814814813,131,14.26578940874604,9.742867338495712,16.80712812906323,0.8512731481481481,8.51275868606391,3542,16.203703703703702,7.502984274684887,13.25987146314712,466560,3.843115290098196,36.0,0.8721063836448524,27.95138888888893,0.12438696749936459,0.0,26.51654515956315,0.9245770277876662,52.38527313125632,37.402199074074076,48,0.32096817841905506,17.756040606744893,4.918471381821475,270,-322.15211324,10.036049014986318,0.25277777777777777,0.07717782258987427,441.112756534859,0.0003,479.9208679199219,-0.042767393635585904,0.2,-45.23448759008337,883.638614456742,2690,0.025407871
0.4392505516278803,29.944444444444446,131,14.216455459343285,9.735935989477584,16.467941068144253,0.796875,8.609985764360037,3555,15.277777777777779,7.527387990171822,13.362551354679532,468288,3.8546402545090963,36.0,0.8765980955675707,28.34924768518519,0.11625874174130978,0.0,26.655763902557325,0.9190432710293385,52.42388713340733,37.42534722222222,48,0.32032145019262237,17.761486194773894,4.635549619323383,271,-321.56718364999995,10.069155393373016,0.10804398148148148,0.0558282732963562,408.8138491948446,0.0003,3605.25439453125,-0.03265384538789038,0.2,-45.25430095813893,6929.671431929977,2700,0.013148852
0.434841105053894,29.462962962962962,131,13.987369726258192,10.121001743888646,15.98837147014684,0.8385416666666666,8.624731644094636,3568,12.5,7.551596596394216,13.222399832577851,470016,3.8662020836193327,36.0,0.8652820204085886,28.407118055555635,0.12481819839526036,0.0,26.291981192412013,0.9218514867630342,52.24722578822132,37.26215277777778,48,0.33351440035385255,17.68344248895757,3.8046167405805242,272,-322.42308887999997,10.101911392954461,0.31666666666666665,0.048375070095062256,462.80881942819667,0.0003,733.4728393554688,-0.03853199197479558,0.2,-45.267728367558234,699.0413905390986,2710,0.036009017
0.44361430098367793,29.60185185185185,131,14.053155154068392,10.109430945910384,16.042586099978777,0.8362268518518519,8.53181103633242,3581,13.078703703703704,7.576128542585701,13.49241686990264,471744,3.8775316112101637,36.0,0.8651262780801608,28.11776620370375,0.12457874170452879,0.0,26.28696524833981,0.9256307749344006,52.260227259212336,37.53761574074074,48,0.33330410890763984,17.812778476593966,3.9839101193953343,273,-324.30988809999997,10.135342435129218,0.1335648148148148,0.05349165201187134,428.682455306583,0.0003,1974.8568115234375,-0.035116327497073344,0.2,-45.24550127100061,4191.798967375578,2720,0.014988705
0.4414907768252319,30.074074074074076,131,14.283869642769695,10.379958786980792,16.980261913376907,0.8275462962962963,8.721242311546769,3594,14.583333333333334,7.600860428026221,13.423782483345553,473472,3.8893347169890307,36.0,0.8686606168053489,28.703703703703663,0.1193407858992992,0.0,26.38025312558328,0.9216490865671646,52.31111818448681,37.689236111111114,48,0.34190583687746195,17.892754176208157,4.436433483626422,274,-327.44088562,10.168601891337582,0.2466435185185185,0.1334485411643982,481.6068135720712,0.0003,428.3037414550781,-0.040504782136391713,0.2,-45.20985375863535,805.7882505628797,2730,0.028170923
0.4390883905072529,30.09259259259259,131,14.293619768525943,10.416622485995463,16.900112476360405,0.8466435185185185,8.768357631988723,3607,14.120370370370368,7.6254730172848895,13.362366718423855,475200,3.9012556110690024,36.0,0.8680802710259418,28.94965277777783,0.1254754121027863,0.0,26.36689496116524,0.9236449688437864,52.27337377682232,37.60011574074074,48,0.343027404372279,17.845035703467655,4.309870221838998,275,-328.46117804,10.201707808133643,0.11278935185185185,0.12481361627578735,464.88746477056435,0.0003,3933.0595703125,-0.03159897026640397,0.2,-45.19844942446108,6693.7810962818285,2740,0.013873314
0.44479529739130375,29.76851851851852,131,14.13931905536347,10.016427154959644,16.614646325799235,0.8026620370370371,8.596239829251546,3620,15.046296296296298,7.649992326484178,13.507520763219633,476928,3.912746210642131,36.0,0.8689094993757438,28.247974537037035,0.11820554900731765,0.0,26.399885344086425,0.9102354077308968,52.31908541917429,37.52256944444444,48,0.3299579983369274,17.807723679715107,4.57890011547612,276,-329.97913167,10.235176610041691,0.24322916666666666,0.10167980194091797,424.9551383724919,0.0003,1035.9464111328125,-0.03775003982569884,0.2,-45.183646548235856,935.1709602638527,2750,0.028653456
0.4444375422194011,29.472222222222218,131,13.998771064456355,10.135196623123802,16.353916418076345,0.8489583333333334,8.404434817818354,3633,14.236111111111109,7.67429292271508,13.532104143870512,478656,3.923757297686677,36.0,0.8675092767686339,27.71267361111123,0.12328496675494213,0.0,26.363698937521715,0.9198630352309335,52.303477467606626,37.326967592592595,48,0.3338422538163249,17.720238492360846,4.3399487304961895,277,-330.82684082,10.268706870401367,0.12638888888888888,0.1321203112602234,447.3139807559826,0.0003,3120.6474609375,-0.034814858074403474,0.2,-45.18872543617531,6177.38562463831,2760,0.015443132
0.4459619509898654,29.5,131,14.011037544723349,9.768210706654147,16.180152005169695,0.8547453703703703,8.56573740242525,3647,14.814814814814815,7.698949928045155,13.533326313197627,480384,3.9351716411927398,36.0,0.8641159535164791,28.204571759259355,0.12759323470553832,0.0,26.249323497971833,0.9252169665975953,52.22186949003202,37.66493055555556,48,0.3215493207591659,17.862802132030158,4.520903753792196,278,-331.81771972,10.302240186184362,0.21047453703703703,0.03530466556549072,462.07075980857564,0.0003,808.55810546875,-0.040112762191091424,0.2,-45.16332656012641,1956.3583301685474,2770,0.022518568
0.43358809475239785,29.527777777777775,131,14.033589904676319,9.977159228738188,15.962611793125228,0.7928240740740741,8.749153955519684,3661,13.425925925925926,7.723298340496728,13.181871974451475,482112,3.9470445260815388,36.0,0.8648400708591142,28.797743055555593,0.11420992493474338,0.0,26.283610191181406,0.9182449766743951,52.219872173684585,37.373842592592595,48,0.32788600491590136,17.739364980629183,4.071862659710721,279,-331.82024613999994,10.33489486612049,0.11481481481481481,0.06423801183700562,499.92254585689966,0.0003,3461.206298828125,-0.030783492488855566,0.2,-45.19197527567545,6276.483503327547,2780,0.0138869295
0.43556271608860986,30.055555555555557,131,14.283118281102157,10.19341685106331,16.430480361157493,0.8304398148148148,8.765816842401458,3674,13.425925925925924,7.747572699181097,13.260772618554293,483840,3.9589590681875424,36.0,0.8722276252122559,28.891782407407455,0.11930654988644618,0.0,26.497218013305915,0.9273084251896792,52.33995549387246,37.3130787037037,48,0.3352307792178852,17.709743473747572,4.073945228992028,280,-331.0656851300001,10.367746797666875,0.27054398148148145,0.057697594165802,519.7550357076857,0.0003,1330.2655029296875,-0.03968382553645858,0.2,-45.181791347927515,947.6167889630353,2790,0.027788233
0.4418067664447811,30.175925925925924,131,14.334851129393764,9.948764133107098,16.327872124486277,0.8315972222222222,8.54432946848315,3687,13.657407407407407,7.772005871480471,13.417256971122493,485568,3.9703198918587503,36.0,0.8706597905749494,28.153935185185226,0.12460891679783494,0.0,26.445149222441803,0.9219244777600865,52.21722225398503,37.454861111111114,48,0.32738206551644883,17.773268919749764,4.164256861985417,281,-333.5832129,10.400989940094682,0.1251736111111111,0.07131624221801758,514.0847090050027,0.0003,3080.091552734375,-0.03183464695940967,0.2,-45.17453128673412,6002.68043077257,2800,0.014492677
0.44100333141985026,30.351851851851848,131,14.406046752459874,9.81162428206036,17.40334467883713,0.8234953703703703,8.562123509524026,3701,17.47685185185185,7.796497296120615,13.423537448076763,487296,3.9817252006325603,36.0,0.8743062674559443,28.26244212962968,0.12313232371990573,0.0,26.567174267630094,0.9161348303824913,52.277093240812384,37.48206018518518,48,0.3227558884483214,17.79656985605744,5.305673644316895,282,-335.46762709999996,10.434248783714875,0.2672453703703704,0.10643291473388672,524.9854754553901,0.0003,698.293701171875,-0.04049784041320284,0.2,-45.15266433998391,884.5960782651548,2810,0.027960625
0.442279089633591,30.09259259259259,131,14.286061890671144,9.634195053799154,17.060105989336265,0.8159722222222222,8.801401771788003,3714,17.24537037037037,7.821098057809008,13.447150946495332,489024,3.9937287050620305,36.0,0.8757262871688299,28.95688657407412,0.11768010288312335,0.0,26.61011337504718,0.9191561633466,52.27802676233417,37.572916666666664,48,0.3173745462132037,17.840304675357615,5.259849044865968,283,-338.04931164999994,10.467566661081113,0.14108796296296297,0.08576476573944092,418.2739997122023,0.0003,2893.4375,-0.03699758923440068,0.2,-45.169333973637336,5947.628766999422,2820,0.015268815
0.43885650459188424,30.85185185185185,131,14.64728572407992,9.82356508006383,17.571649539093375,0.8096064814814815,8.702439280607223,3728,17.12962962962963,7.845491102156918,13.340669300941139,490752,4.005484803263548,36.0,0.8756501255243746,28.638599537037035,0.11846957056911003,0.0,26.60597997542676,0.9135953461221615,52.226260853731425,37.40972222222222,48,0.32317582590250776,17.757217739163764,5.220798734949625,284,-338.92615849999993,10.500618334333465,0.2835648148148148,0.15563666820526123,493.09254891784104,0.0003,870.8063354492188,-0.03790506070859179,0.2,-45.18011026735659,842.4713246663412,2830,0.028595688
0.4378657119991183,30.61111111111111,131,14.54008705507966,10.00069691694728,17.1743308720291,0.8460648148148148,8.90852430709652,3741,15.625,7.870140494653853,13.314150980854743,492480,4.01775611403129,36.0,0.8714850603107013,29.37644675925927,0.1226377225432405,0.0,26.480881177308802,0.9215956416306559,52.23840134038665,37.63136574074074,48,0.32855415441574426,17.859756998774262,4.753546900002159,285,-339.30672523,10.533603711785602,0.13472222222222222,0.09515500068664551,478.9415303795426,0.0003,2209.6845703125,-0.034943117629046797,0.2,-45.183297136094836,4874.911135525173,2840,0.015431236
0.43533949548556566,30.36111111111111,131,14.417337465251386,10.469966108019396,16.996924401469876,0.8263888888888888,8.58487569904513,3754,13.888888888888888,7.894412193850113,13.229116646214111,494208,4.029218303278903,36.0,0.8747633706870653,28.30584490740748,0.12163264410864633,0.0,26.585898855038437,0.9184596616488522,52.278449230300595,37.31944444444444,48,0.34460647750928125,17.708679678503813,4.229620828199095,286,-339.3339464,10.566376503401138,0.23171296296296295,0.1749788522720337,517.303942849901,0.0003,859.8593139648438,-0.03885336886332543,0.2,-45.158273711027924,1028.2525857430917,2850,0.025176441
0.430860517849597,30.472222222222225,131,14.46869051949571,10.547553587670334,17.191058552332223,0.8570601851851852,8.792027925238772,3767,14.120370370370372,7.9185798262060585,13.095541864483572,495936,4.041198373092,36.0,0.8724869948421651,29.00028935185191,0.1274408477646983,0.0,26.51038055995518,0.9276553806859376,52.26013076543894,37.239004629629626,48,0.3475397585097116,17.667052942378312,4.294814445166178,287,-338.16170055000003,10.598815358062346,0.13067129629629629,0.07043439149856567,495.98604472125015,0.0003,3332.960205078125,-0.03244346768974706,0.2,-45.180676255402744,6912.742883752893,2860,0.015526937
0.44609941193642466,30.111111111111114,131,14.28830308194136,10.277687727287866,16.871531588920554,0.8709490740740741,8.451001111690886,3781,14.583333333333334,7.943002974533515,13.562558588638643,497664,4.052325875871227,36.0,0.8673845573822544,27.893518518518572,0.13186579709515867,0.0,26.37595570266737,0.9260023985348994,52.173071960423215,37.43981481481482,48,0.3386805973734908,17.76925933098278,4.425540779691327,288,-341.03742669999997,10.632421754533942,0.2427662037037037,0.04656261205673218,536.6406161167004,0.0003,611.84326171875,-0.043803962540847285,0.2,-45.16164878562645,1298.159149509006,2870,0.02697358
0.44011456347867356,30.01851851851852,131,14.245027661444864,10.155277519342127,17.29203883154618,0.8559027777777778,8.69205748220683,3794,16.550925925925927,7.967406105517276,13.365293568320345,499392,4.064056019576744,36.0,0.8723860231152107,28.60966435185185,0.12462308490597211,0.0,26.51985824924473,0.9263986150216303,52.24822979940558,37.42824074074074,48,0.33452865094723827,17.761252393504517,5.011733650759186,289,-343.9378487199999,10.665534988454743,0.12320601851851852,0.06038856506347656,497.0603058249862,0.0003,3896.107421875,-0.03302158695404176,0.2,-45.162488541779695,7784.038509114584,2880,0.015153856
0.4397137127117212,29.314814814814813,131,13.903820928375028,9.692697902365538,16.428630462254368,0.8252314814814815,8.717568228709519,3807,16.319444444444443,7.991832844423098,13.375476502208036,501120,4.075849940148517,36.0,0.8679605042971016,28.710937500000032,0.12401742468299283,0.0,26.381131154120425,0.9204787272333261,52.26161819449975,37.467013888888886,48,0.31957088659595656,17.77069556232879,4.952111631513804,290,-344.67068350999995,10.698673679710263,0.2833333333333333,0.11723881959915161,543.4987450069851,0.0003,1020.1580200195312,-0.04256442570713935,0.2,-45.17347236915871,987.4592555293331,2890,0.032500632
0.4397568925358734,30.39814814814815,131,14.418548078588776,10.138144257920688,17.331067096064345,0.8275462962962963,8.853706791924596,3821,16.087962962962962,8.016293450640958,13.387023406583625,502848,4.087984207128328,36.0,0.8689572184932084,29.152199074074172,0.11877495332274032,0.0,26.417218587378567,0.9168588597554758,52.27138086474536,37.467013888888886,48,0.33427283730109386,17.784242487144052,4.894374759554878,291,-346.46172204000004,10.731841238226721,0.09953703703703703,0.06916320323944092,521.9235201906275,0.0003,3505.39111328125,-0.02961102122337454,0.2,-45.1835014767117,7172.527783203125,2900,0.0139053585
0.43750102870049046,30.194444444444443,131,14.314196583658871,9.894261707830763,17.145717184028577,0.8090277777777778,8.867840538211562,3834,16.666666666666668,8.04066559032517,13.304530144794725,504576,4.100153808473857,36.0,0.8659144541734886,29.210069444444517,0.11673006872483797,0.0,26.31684535383684,0.9116849291875836,52.266311204186955,37.405092592592595,48,0.326409087941189,17.748855873685255,5.057258892538943,292,-347.73045215999997,10.764802563588708,0.2228587962962963,0.05041849613189697,540.577085827015,0.0003,1421.5299072265625,-0.03300660685118702,0.2,-45.198465304904516,1657.4857686360676,2910,0.024084542
0.44279585815892863,30.472222222222225,131,14.451344053014033,9.95637462977642,17.63397265766072,0.8339120370370371,8.473384582012375,3847,17.59259259259259,8.065047978321488,13.480868351091265,506304,4.111337269928888,36.0,0.8673965248671537,27.95862268518529,0.12022526701805174,0.0,26.37501921936332,0.9146101009797613,52.23819906661222,37.39988425925926,48,0.32847674810804767,17.752955198526806,5.346253974870265,293,-348.39732625,10.798204734466436,0.12390046296296296,0.018516600131988525,598.739068557598,0.0003,3365.596435546875,-0.03329884829430806,0.2,-45.22426876491971,7325.584803602431,2920,0.014624275
0.4488281506170306,29.675925925925924,131,14.075884428087067,9.60863937338772,16.806372551556457,0.8506944444444444,8.585812345405202,3861,17.24537037037037,8.089753231649103,13.649210048704985,508032,4.122801800792401,36.0,0.8690503253957046,28.313078703703756,0.12417501114005924,0.0,26.411529335994828,0.9187494796971066,52.31976312559633,37.682291666666664,48,0.31687362564071786,17.882101331046417,5.24184875008167,294,-351.7041515199999,10.832027759588199,0.1900462962962963,0.06771451234817505,519.7092589908176,0.0003,955.3892211914062,-0.03316338995333623,0.2,-45.20634734542281,1479.2785743995948,2930,0.020769514
0.4387304040282351,29.56481481481482,131,14.02097129404442,9.376835258893719,16.21205404832493,0.8258101851851852,8.525962474626125,3874,16.203703703703706,8.114231343857414,13.353908341302498,509760,4.134116706978967,36.0,0.870811377926756,28.110532407407508,0.1195333114106037,0.0,26.465095908530788,0.9187144794805499,52.38437250851981,37.482638888888886,48,0.309662478662009,17.791244883324428,4.93424749538679,295,-352.53166423999994,10.865112530441454,0.13923611111111112,0.10189682245254517,585.0527493653474,0.0003,3080.7822265625,-0.034046606233136524,0.2,-45.22106723078975,5402.043306929977,2940,0.016563447
0.441350178521503,29.212962962962962,131,13.847959080906795,9.272493111389432,15.847283437366315,0.8483796296296297,8.541939616817647,3887,15.972222222222223,8.138742841857644,13.437135809956635,511488,4.145471556021011,36.0,0.8650384551088374,28.16840277777782,0.1213253198444362,0.0,26.297809574413918,0.9217725323103575,52.29978655765876,37.517361111111114,48,0.30586689963871183,17.804599200091868,4.846831245070087,296,-351.48821969,10.898405369966346,0.22019675925925927,0.05567234754562378,621.5819773779975,0.0003,1376.0098876953125,-0.03409814028310831,0.2,-45.21977248015227,1186.3998514811199,2950,0.025839915
0.43792817445429,29.185185185185187,131,13.851940921044786,9.392483274846237,15.330158069194287,0.8344907407407407,8.735462243835766,3901,13.773148148148147,8.163236012589614,13.322975246407362,513216,4.157310211630601,36.0,0.8657820616113677,28.776041666666824,0.12067720777959393,0.0,26.3147823029518,0.9173387689407785,52.2893862972062,37.48726851851852,48,0.3098232690426666,17.797268292788424,4.205733873303263,297,-352.69410879,10.931412808082364,0.12795138888888888,0.05674874782562256,572.2846980907299,0.0003,3218.61474609375,-0.031833205030610164,0.2,-45.23176193237305,6011.3288917824075,2960,0.015719883
0.4432711243400172,29.12037037037037,131,13.814107012613121,8.897519975410594,15.50238734178874,0.8206018518518519,8.670246581164372,3914,16.087962962962962,8.18790997325484,13.477959369533673,514944,4.168985828083512,36.0,0.8646316454483222,28.595196759259306,0.11803879407629554,0.0,26.283520435949963,0.9169484658548259,52.224820259208265,37.65046296296296,48,0.2932901618784614,17.86958426608992,4.910760353765024,298,-355.4849186899999,10.964807706506198,0.23171296296296295,0.0403902530670166,625.5184574974908,0.0003,1126.5640869140625,-0.036997412709105344,0.2,-45.23734681871202,1670.8373589409723,2970,0.022788571
0.4376637451936983,29.194444444444443,131,13.855085378073307,9.021500270331616,15.73411454548,0.8223379629629629,8.597062194544348,3928,16.319444444444446,8.212460597919737,13.293035477440966,516672,4.180478483569873,36.0,0.8647996412217882,28.247974537037184,0.11476816211707966,0.0,26.293695250231853,0.9213074152885087,52.26454153624045,37.56018518518518,48,0.2971005167415005,17.820249865959173,4.977528897075077,299,-355.85998985000003,10.997740295199801,0.12355324074074074,0.03854423761367798,589.7131877510636,0.0003,4038.917724609375,-0.03172180148583181,0.2,-45.25839059617784,7959.073251229745,2980,0.014157944
0.4402120471689049,29.37962962962963,131,13.95051637321516,9.298168093438683,16.07611340939296,0.8061342592592593,8.560431538512175,3941,16.319444444444443,8.23726638070503,13.393338651564362,518400,4.191879562416154,36.0,0.8667727618358573,28.211805555555728,0.11259547098318938,0.0,26.345909325726737,0.9260344551116417,52.30077526185246,37.760995370370374,48,0.30566611347764105,17.922313114116992,4.947428942739115,300,-356.61211141000007,11.030923641828712,0.22106481481481483,0.07096850872039795,646.6012881596884,0.0003,1028.9228515625,-0.03602959702860702,0.2,-45.28111693770797,1068.5726415563513,2990,0.023266753
0.4438474664263706,29.787037037037035,131,14.158204622974703,9.597977991189433,17.124425602866687,0.8258101851851852,8.564035320650438,3955,18.055555555555557,8.262042404124442,13.492818205936807,520128,4.20328965071778,36.0,0.8710251088789551,28.24074074074079,0.12067949068899032,0.0,26.486311885067035,0.9189705339692293,52.347653651899556,37.745949074074076,48,0.31569092319352127,17.910409367764704,5.48824298870255,301,-359.0619250699999,11.064355687343554,0.15011574074074074,0.02773439884185791,623.9466743751808,0.0003,2845.055908203125,-0.033693791370562935,0.2,-45.26935649447971,5068.469710286458,3000,0.016752087
0.4386871124418515,30.36111111111111,131,14.431854158400057,9.9618935635916,18.134268344463898,0.8599537037037037,8.865224177729877,3968,19.212962962962965,8.286651336315833,13.337927906525275,521856,4.215452711162104,36.0,0.8741529778144598,29.2100694444446,0.1288360999143688,0.0,26.58812137600051,0.9263561417120961,52.37191270800657,37.61631944444444,48,0.32747881757326147,17.84357287655622,5.860520622472239,302,-360.5305801,11.097400507109867,0.2564814814814815,0.1134074330329895,589.1606911200064,0.0003,965.2532348632812,-0.04161715249151543,0.2,-45.265927152280454,1178.8005536114729,3010,0.026929477
0.44433106075187373,29.962962962962962,131,14.241361365945137,9.517450306479711,17.947495584880322,0.8460648148148148,8.597148383044747,3982,20.71759259259259,8.311234816811137,13.507852343619442,523584,4.226945582119717,36.0,0.8701347300896414,28.42158564814819,0.12323489052845533,0.0,26.461495269543104,0.9255944186069349,52.268067267708,37.573495370370374,48,0.3129915088074877,17.833392198121732,6.308683912455474,303,-361.08342788999994,11.130870137968916,0.13582175925925927,0.06787657737731934,701.437118321878,0.0003,3169.381103515625,-0.030665488016826135,0.2,-45.29141824510362,5491.544276258681,3020,0.01487646
0.4458507695898508,30.34259259259259,131,14.411525081374359,9.755176894897943,18.710015846302653,0.8333333333333334,8.691232907748317,3995,21.875,8.335932041941847,13.554433359701314,525312,4.238673664389087,36.0,0.8744411097548842,28.638599537037173,0.1173413125863194,0.0,26.582721614969213,0.9104081524100728,52.35097835624623,37.67824074074074,48,0.32123785476532535,17.878890052284316,6.663313870030353,304,-363.66254182999995,11.16445622136817,0.22633101851851853,0.06228768825531006,737.12994973218,0.0003,917.5097045898438,-0.041770018545772745,0.2,-45.26779502586082,1384.6039015028211,3030,0.024238136
0.44296432800787844,30.453703703703706,131,14.468052484885852,9.918891509755909,18.577113145728,0.8269675925925926,8.955958846548432,4008,20.833333333333332,8.360657932451216,13.468824840208816,527040,4.251063561505458,36.0,0.8766073623210785,29.513888888888943,0.11841881649841292,0.0,26.637394268452738,0.9196659727883875,52.38222220434489,37.691550925925924,48,0.32582254258946525,17.890356203748023,6.310169151086238,305,-365.88407503,11.197828283468692,0.15347222222222223,0.06460297107696533,549.3811118761698,0.0003,3549.634521484375,-0.034831707910807044,0.2,-45.274559105767146,6161.952513744213,3040,0.016894147
0.44355376430782834,30.34259259259259,131,14.40397699728745,9.526467412698858,19.301923725289214,0.8559027777777778,8.83534381763662,4022,24.537037037037038,8.385370856131663,13.48434992503883,528768,4.26315192104955,36.0,0.876094788317391,29.06539351851863,0.12499392459374954,0.0,26.62490204067282,0.9191370088608667,52.43556192895324,37.682870370370374,48,0.3138210492136826,17.88516947217897,7.491479315302908,306,-367.17859674,11.231239158281289,0.23721064814814816,0.11745846271514893,652.2016691278528,0.0003,1266.8646240234375,-0.037746553017792325,0.2,-45.26034979643645,1441.529790016457,3050,0.025416674
0.44265795692859533,30.25,131,14.370785792301419,9.368626489026992,19.302929445747715,0.875,8.925161823304025,4035,25.231481481481485,8.410216718499928,13.448374916242686,530496,4.27546482560781,36.0,0.8744737944712527,29.434317129629743,0.13087243755596353,0.0,26.574210448213183,0.9347455173861391,52.41654510547793,37.82233796296296,48,0.30835291764295364,17.938344947305612,7.683517164419302,307,-368.14290037000006,11.264560095571897,0.1472800925925926,0.0717429518699646,648.1375635782878,0.0003,2278.65283203125,-0.03394941271420706,0.2,-45.26269271285446,3908.6839527271413,3060,0.017020954
0.44121567802440953,29.212962962962962,131,13.87454156953641,8.583983911433199,18.399143736763527,0.8344907407407407,8.800711280843318,4048,26.504629629629633,8.434783062350526,13.397342695515869,532224,4.287466603809919,36.0,0.8760327654498316,28.942418981481573,0.12281482672585835,0.0,26.621413627866115,0.9242144728600729,52.43481377517221,37.55960648148148,48,0.28254244068510226,17.82653754023903,8.060618255793917,308,-368.0861757400001,11.297753452310687,0.26545138888888886,0.07251942157745361,794.2703598799529,0.0003,837.8544921875,-0.037700490805285945,0.2,-45.25126914978027,1040.0520854808667,3070,0.029601838
0.44715271915642785,29.7037037037037,131,14.111428642000101,8.899786627528284,18.7764669617722,0.8148148148148148,8.87613446036772,4062,25.810185185185187,8.459552252148066,13.587641535954313,533952,4.299656939960838,36.0,0.873483169304266,29.27517361111128,0.11760491996000261,0.0,26.533470506928822,0.917598398183305,52.385040774645866,37.74421296296296,48,0.2938230541520473,17.907675919016103,7.885251692243812,309,-370.54028955,11.331422556150573,0.13796296296296295,0.011879503726959229,728.3052356931898,0.0003,3626.00927734375,-0.033580800947836706,0.2,-45.26764674716526,6335.50853587963,3080,0.01614878
0.44480847688147,29.68518518518518,131,14.092781791347951,8.950345394952366,18.938902196975405,0.8443287037037037,8.89907779274185,4075,26.273148148148152,8.48442342994154,13.530676503009127,535680,4.311904634442692,36.0,0.8774186047723358,29.369212962963054,0.1237306306613034,0.0,26.660864561658567,0.9279846588352177,52.44962366627188,37.8130787037037,48,0.2953594636515004,17.948471117389435,8.015775010675085,310,-373.13486130000007,11.364949247408095,0.19427083333333334,0.07794052362442017,727.7506080415513,0.0003,792.9009399414062,-0.03381977077849485,0.2,-45.27050364459002,1653.4771158854167,3090,0.020204948
0.4420754139118738,29.722222222222225,131,14.101926682493058,8.70424177881045,18.921431620232376,0.8767361111111112,8.987273834377515,4088,26.967592592592595,8.509217035743164,13.424998080238069,537408,4.324372819028636,36.0,0.8738106667901256,29.571759259259313,0.13032231840059405,0.0,26.534737410858032,0.926524379078221,52.42271951537739,37.77141203703704,48,0.2876219759828626,17.917442320649663,8.235263158928868,311,-373.7638203100001,11.39821174260869,0.13425925925925927,0.07069230079650879,698.1137423974496,0.0003,3454.148681640625,-0.03280895525865533,0.2,-45.26991575735587,6369.125524450232,3100,0.016028754
0.44492267386857776,28.63888888888889,131,13.604470512991321,8.138506433134042,17.527253763526375,0.8547453703703703,8.706441277452234,4102,25.925925925925924,8.533855900477814,13.523791087684414,539136,4.336138922222267,36.0,0.8686844473301177,28.689236111111207,0.12416273188268988,0.0,26.3890884169756,0.9209771254244195,52.31209045060982,37.62789351851852,48,0.26817605047771476,17.855545893859524,7.904276817401008,312,-373.67078333000006,11.431721220327901,0.22997685185185185,0.18194007873535156,747.3003495392976,0.0003,1517.04443359375,-0.0365220050017039,0.2,-45.268302338211626,1209.0665347629124,3110,0.025315061
0.4435664738990513,29.046296296296294,131,13.800211166479405,8.196655904844434,18.21874097576904,0.8125,8.824873590636052,4115,27.430555555555557,8.558539117569339,13.457154485520427,540864,4.348201106198856,36.0,0.8677953918594185,29.1015625000001,0.11747525072598736,0.0,26.34334935567364,0.9210492743844404,52.31166718933184,37.67881944444444,48,0.2700206465110215,17.873286836609836,8.341873904445201,313,-375.13479618,11.465064106541702,0.14756944444444445,0.1457751989364624,662.3334708743625,0.0003,2793.6826171875,-0.03210706589571028,0.2,-45.29250929090712,4932.1050338179975,3120,0.018450903
0.4432623334264503,29.935185185185187,131,14.202206402273498,8.466957347397818,19.448725248173808,0.8651620370370371,9.049243085989437,4128,29.28240740740741,8.583289776845666,13.489912929292778,542592,4.36082421391383,36.0,0.8739973515234601,29.85387731481491,0.12884442080708466,0.0,26.52384408867427,0.9240794033378829,52.36787834312809,37.713541666666664,48,0.2794604835706342,17.900263710530584,8.899561498502491,314,-376.76858323999994,11.498488888864934,0.24959490740740742,0.1069607138633728,746.5950476681745,0.0003,1066.08251953125,-0.04063231718847183,0.2,-45.275786562319155,1494.8608590585213,3130,0.027195672
0.4413337009679988,29.814814814814813,131,14.166219722802559,8.50055265258123,19.620546663754006,0.8443287037037037,8.908227844012185,4142,29.74537037037037,8.607711643149615,13.415281585737043,544320,4.37309478352386,36.0,0.8740569248731219,29.347511574074197,0.12137325090114505,0.0,26.535242759709416,0.9189117427644299,52.40359757149099,37.449074074074076,48,0.28023814892368465,17.76874652157981,9.073774288370215,315,-377.12632623999997,11.531727092829277,0.14265046296296297,0.05929684638977051,717.9770200870655,0.0003,3666.52490234375,-0.03364143861388719,0.2,-45.26581645541721,5950.767696578414,3140,0.014777924
0.44019842912260987,30.574074074074076,131,14.513893819048462,8.956072257364058,19.70276701489174,0.8512731481481481,8.80034286011148,4155,27.546296296296294,8.632196715832407,13.373625702881583,546048,4.385095640674138,36.0,0.8762893513671921,28.935185185185222,0.12409821059929273,0.0,26.60220238277266,0.920653718159164,52.356677546469676,37.49305555555556,48,0.294975718843243,17.794029073116366,8.352800938479222,316,-376.65008106,11.564861157086481,0.25833333333333336,0.02968919277191162,717.4689815026743,0.0003,1061.0181884765625,-0.03894196128541673,0.2,-45.267010851259585,1944.141758445457,3150,0.028417386
0.4391373950137802,30.509259259259256,131,14.472279956387581,9.039868022692813,19.113259263068695,0.8414351851851852,8.841461046585986,4169,25.462962962962965,8.656896952649296,13.353906199261191,547776,4.397199293290603,36.0,0.8716638919885805,29.15943287037053,0.12031628916686604,0.0,26.47087514447344,0.9185421625954298,52.353466082993975,37.69386574074074,48,0.29794018750719126,17.880094726755704,7.7211112839883,317,-377.95620289,11.597945922584634,0.13425925925925927,0.05356675386428833,670.9243861233747,0.0003,3517.2431640625,-0.03282619845122099,0.2,-45.27720393428096,6291.017610677083,3160,0.016475787
0.44317938520189093,30.09259259259259,131,14.277378255806477,8.775317700183935,19.032397467407698,0.8298611111111112,8.854111911875389,4182,26.736111111111114,8.68166412716324,13.461968653503257,549504,4.409334573070291,36.0,0.8761225744047035,29.130497685185308,0.11441153746030511,0.0,26.613669818773886,0.9221452701495095,52.414432473581336,37.739583333333336,48,0.28886298934604276,17.906869805577376,8.099701511417287,318,-380.50147158,11.631300844218392,0.2336226851851852,0.08949077129364014,821.5301503569991,0.0003,884.7892456054688,-0.0373482799778382,0.2,-45.28469869825575,1598.8988925509982,3170,0.024361052
0.44686234607031505,29.85185185185185,131,14.156225360170247,8.755181711605603,18.76458548794643,0.8559027777777778,8.899174239010806,4196,26.273148148148152,8.70647386419324,13.57683079541796,551232,4.421582508667818,36.0,0.8714565037250601,29.347511574074197,0.12160679503867261,0.0,26.45322754561654,0.9185609154449111,52.361785019514826,37.78125,48,0.28892030037783606,17.923894812000288,7.9731784161705805,319,-382.90747125999997,11.664942921206938,0.15659722222222222,0.08266222476959229,735.3198669433593,0.0003,2016.3592529296875,-0.035115743283596304,0.2,-45.29757944742838,5419.103162073206,3180,0.018244956
0.4471961890707154,29.5,131,14.001187974523361,8.88245069776672,17.90304331568424,0.8483796296296297,8.696497890040357,4209,23.611111111111114,8.7313899459905,13.608378923130298,552960,4.433323753392919,36.0,0.873782346908499,28.725405092592737,0.12467117779838503,0.0,26.528533771733777,0.9284578628401021,52.39250125069403,37.8599537037037,48,0.2922084106869955,17.96643271890388,7.139404643394157,320,-384.62331739,11.698663868514764,0.20833333333333334,0.15973448753356934,846.2954280288131,0.0003,851.78271484375,-0.03599363263799912,0.2,-45.2992111771195,1597.8398175274883,3190,0.024586322
0.43787503228675384,29.75,131,14.118663338888183,8.895262409532341,18.779840564999905,0.8177083333333334,8.889813717550398,4222,26.041666666666668,8.756104716212334,13.312100231298208,554688,4.445548287686795,36.0,0.8796875808607386,29.289641203703784,0.11761267670757893,0.0,26.711969356738223,0.9101452052135248,52.445247376880154,37.67881944444444,48,0.2927661164216409,17.885908088733718,7.88591481657938,321,-384.32137703,11.73164411909301,0.1424189814814815,0.15340983867645264,828.273322197243,0.0003,2624.04150390625,-0.03331288296246418,0.2,-45.320612815574364,5093.529176613137,3200,0.016211007
0.45034812290072934,29.73148148148148,131,14.126496614793957,8.687822406121386,19.419598610050834,0.8518518518518519,8.630842166029783,4235,28.587962962962973,8.78100957096686,13.68485987914835,556416,4.45712539310187,36.0,0.871829853114276,28.414351851851933,0.1169530234740795,0.0,26.47941241901971,0.9169046250808507,52.287076344685744,37.8443287037037,48,0.2857946963487114,17.961941901810356,8.725279589135491,322,-386.39852069000005,11.765556268790881,0.21053240740740742,0.04485177993774414,742.4506399507876,0.0003,759.5319213867188,-0.0338482886656291,0.2,-45.30094177811234,2073.3615390353734,3210,0.024137745
0.4525303345987138,29.48148148148148,131,14.000592082010954,8.577308897223924,19.524554760998576,0.8530092592592593,8.840934558524113,4249,29.74537037037037,8.80597966338554,13.764748692663147,558144,4.46922772949818,36.0,0.8701146189347985,29.137731481481588,0.12218575752453761,0.0,26.423260263429114,0.9223574055194573,52.2936855390279,37.89351851851852,48,0.28247494013571944,17.9880369674712,9.066653781763696,323,-390.2663461600001,11.79966814052254,0.1632523148148148,0.041229844093322754,763.6411872086702,0.0003,2185.65185546875,-0.03264752659532759,0.2,-45.33799774735062,6421.598216869213,3220,0.017602742
0.44923410663485647,29.63888888888889,131,14.086213038229365,8.761121809959846,19.70273909580836,0.8408564814814815,8.813707715058415,4262,29.398148148148152,8.830903911073547,13.666076255499556,559872,4.481261998785826,36.0,0.8711894105602186,29.094328703703763,0.11647122898701472,0.0,26.450479403232887,0.9155368807336757,52.298876379550045,37.857638888888886,48,0.28821314628281614,17.969699075202637,8.975404247619151,324,-392.10341343000005,11.83353333116129,0.1761574074074074,0.07346320152282715,813.9825967364841,0.0003,766.2393188476562,-0.03257516679112558,0.2,-45.361447185940214,1992.568384693287,3230,0.019043172
0.4479679367343679,29.40740740740741,131,13.972155332503043,8.420589924483133,19.61247418165015,0.8466435185185185,8.877691539015126,4275,30.671296296296294,8.85568455877526,13.627307802858851,561600,4.493456227633364,36.0,0.871751449071839,29.24623842592598,0.11911173792003373,0.0,26.46549370204905,0.9230066405548913,52.21731626746024,37.738425925925924,48,0.27667483442214275,17.912259080685583,9.339728924663971,325,-392.19930740999996,11.867301600668437,0.12453703703703704,0.10221993923187256,813.9734027156123,0.0003,3131.81005859375,-0.03018710710349734,0.2,-45.36793770966707,5885.436997251158,3240,0.015016324
0.44358193382537353,28.824074074074073,131,13.672845004274519,7.953765373595541,18.38725247472842,0.8559027777777778,8.708218217307605,4289,29.398148148148152,8.880161433899106,13.473156333641013,563328,4.5052267731766324,36.0,0.8680298972476042,28.6675347222223,0.12329926610771003,0.0,26.35036751175345,0.9192932611948728,52.173937230748294,37.491898148148145,48,0.2615097758264519,17.790750049537845,8.88064209685836,326,-390.7772925599999,11.90068449150254,0.2316550925925926,0.06921553611755371,890.565109931098,0.0003,1943.406494140625,-0.03434916207894545,0.2,-45.36468457822446,1796.4961620189526,3250,0.024835262
0.4402910658167482,30.23148148148148,131,14.331132453464718,8.69187854036867,19.429120679500663,0.8206018518518519,8.887654198770555,4302,28.125,8.90487362079433,13.387494216416295,565056,4.517445908673559,36.0,0.870842768993387,29.224537037037138,0.11793513552361748,0.0,26.432540989000525,0.912965365608442,52.21898420127845,37.68113425925926,48,0.28651077973662686,17.884874758089182,8.526109685667272,327,-390.33064329,11.933853227043581,0.1482638888888889,0.058396100997924805,842.6282606654697,0.0003,3525.3134765625,-0.03282723210717517,0.2,-45.36717273570873,6359.1501184534145,3260,0.017435508
0.4434758369078886,30.546296296296294,131,14.506537977347321,9.185013143448227,19.07692359788372,0.8269675925925926,8.548412804769622,4315,24.652777777777782,8.929243636017647,13.479137105383316,566784,4.528816940685483,36.0,0.868514169758915,28.247974537037067,0.11994687732745149,0.0,26.382707113039473,0.9137189300976983,52.2826407616119,37.39930555555556,48,0.3021829240982031,17.748006089326683,7.50537247708817,328,-391.21093456,11.96725106980704,0.1711226851851852,0.11657792329788208,868.6565159267849,0.0003,2057.231201171875,-0.037939770522320435,0.2,-45.3311385401973,2646.1135385018806,3270,0.019272754
0.4449405255768109,31.175925925925924,131,14.810890714866039,9.538998799104172,20.21686834843061,0.8402777777777778,8.983677276429065,4328,26.273148148148152,8.954086054365263,13.531667882292892,568512,4.541276133876556,36.0,0.8710713673039137,29.59346064814817,0.11986472733859826,0.0,26.467421242137736,0.9189266494644878,52.28405979493584,37.80266203703704,48,0.31323614464192073,17.936967339046443,7.986978834460399,329,-394.0913877400001,12.000780239512771,0.15688657407407408,0.053619980812072754,661.8244362866437,0.0003,3844.41552734375,-0.03024645593983156,0.2,-45.32957088329174,6466.043334056713,3280,0.01572196
0.4413377147523178,30.287037037037038,131,14.375433759999728,9.128579300156035,19.315737622179945,0.8616898148148148,8.854911474928883,4342,26.15740740740741,8.978678933595818,13.427023396035585,570240,4.553413412563878,36.0,0.8701425489645992,29.210069444444503,0.12975256882845587,0.0,26.413222985854578,0.9292648657857682,52.372417231726985,37.59375,48,0.29986264068518104,17.837151692222342,7.931724562024183,330,-395.48511346,12.03404779800286,0.19502314814814814,0.08255249261856079,817.8517409148039,0.0003,2243.15966796875,-0.036734801930961784,0.2,-45.34112342551902,2712.121701388889,3290,0.023750972
0.4404705542442788,30.009259259259256,131,14.246449951806307,8.93102479777523,19.352330229569695,0.8541666666666666,8.890771843547945,4355,27.31481481481482,9.003035272173951,13.389512749646828,571968,4.565640342172748,36.0,0.8695936064991137,29.325810185185222,0.1272412967665315,0.0,26.409778915292986,0.9193377138608141,52.28116012298136,37.391782407407405,48,0.2937099011802544,17.742535431253707,8.294855479988156,331,-394.50394069000004,12.067221579876977,0.11631944444444445,0.07796978950500488,859.0167439637361,0.0003,3447.08740234375,-0.02984577305270014,0.2,-45.35221228422942,5983.347417534722,3300,0.014835192
0.4515146706374496,29.805555555555554,131,14.147825660760928,8.985915027401623,18.897221476370788,0.8206018518518519,8.678521681378069,4368,26.041666666666668,9.027731611990845,13.721205304243538,573696,4.577336646376193,36.0,0.8749516408525642,28.559027777777846,0.11698002425657363,0.0,26.58261751127041,0.925453731293103,52.358516341775555,37.66319444444444,48,0.29521321849722365,17.87853592675766,7.883480788208234,332,-397.90455007,12.101224593137585,0.23460648148148147,0.07048255205154419,874.6107453028361,0.0003,1486.26123046875,-0.03463792840225829,0.2,-45.353500295568395,2288.9388644748265,3310,0.026327468
0.43849213549227417,29.629629629629633,131,14.06158371809065,8.594521305221795,18.755307720975235,0.8449074074074074,9.00926744391963,4382,27.199074074074076,9.052321718413854,13.32680105920953,575424,4.589859814985992,36.0,0.8702700748032904,29.716435185185308,0.12391811879019907,0.0,26.437871890759613,0.9241863294818018,52.2783864675223,37.592592592592595,48,0.28164758656309535,17.836042569203894,8.219202697662789,333,-398.92418893,12.134241595785609,0.15833333333333333,0.09190523624420166,913.0224325957122,0.0003,4274.83837890625,-0.03664501787473758,0.2,-45.366763263278536,6131.037659143519,3320,0.018184762
0.4465745309312879,29.824074074074076,131,14.143073235394112,8.804556703086527,18.34208713398688,0.8362268518518519,8.720188807010695,4395,24.884259259259263,9.076798392159741,13.586516784453247,577152,4.601660287003519,36.0,0.8709335738053081,28.68923611111124,0.12075271600745138,0.0,26.439600312489414,0.9219137072882323,52.364604951579885,37.485532407407405,48,0.28959225984834275,17.790669498354802,7.514457195506239,334,-399.00247978999994,12.167907887746741,0.1962384259259259,0.08516258001327515,986.0294315832632,0.0003,1980.3582763671875,-0.03748877757332391,0.2,-45.36853574117025,2274.563857014974,3330,0.023252832
0.4451798668768562,29.425925925925927,131,13.96424656250683,8.228809953228382,18.196617514986173,0.8738425925925926,8.950036206224821,4409,26.96759259259259,9.101575542235324,13.516390758556044,578880,4.61403537751908,36.0,0.870337170086123,29.405381944444507,0.1284261139617703,0.0,26.426039277213217,0.9186682677549138,52.328341057709586,37.733217592592595,48,0.26981232605984645,17.91086003023273,8.123560999250959,335,-401.27415513999995,12.201398864643132,0.1412037037037037,0.0870867371559143,880.9913848594383,0.0003,3919.814453125,-0.03271938810228474,0.2,-45.39498738889341,7413.238988353588,3340,0.015546375
0.45291692578183385,28.962962962962962,131,13.750333523317844,8.189736832898689,17.972432298748714,0.8744212962962963,8.52060578083166,4422,26.85185185185185,9.126208151453541,13.77157951576995,580608,4.625336891971159,36.0,0.8681903576602279,28.074363425925974,0.1305457793514189,0.0,26.380761876161746,0.9272071892365332,52.31607479711547,37.61516203703704,48,0.269096560030699,17.85304368728695,8.152361942532183,336,-403.7582151100001,12.235527813432556,0.1700810185185185,0.07010990381240845,787.7689371956719,0.0003,1464.4517822265625,-0.033492058988108676,0.2,-45.390219102082426,2560.204108796296,3350,0.020840384
0.44696008829070727,28.34259259259259,131,13.43908813080362,7.891534733612893,17.4488694334093,0.8443287037037037,8.741554880377254,4435,27.199074074074076,9.150763335936356,13.584125418770766,582336,4.637190779172102,36.0,0.870305074667947,28.79050925925931,0.12218821868166399,0.0,26.436437918515775,0.9174754519198596,52.27186792056656,37.554398148148145,48,0.25965777108482896,17.822073793125455,8.238246568992789,337,-404.37009718,12.269188126979483,0.18773148148148147,0.09407150745391846,991.973446641145,0.0003,3231.427734375,-0.03535549657557298,0.2,-45.402479849921335,4109.0953604239,3360,0.019979134
0.44489124801004476,28.62962962962963,131,13.59336433282588,7.770357010554512,17.795097206491857,0.8350694444444444,8.870058428826958,4449,28.125000000000004,9.175210051802484,13.505810627751687,584064,4.64936592524417,36.0,0.868444476382202,29.2317708333334,0.12340910245887506,0.0,26.382940109551186,0.9251109497413545,52.308582418205695,37.470486111111114,48,0.2553041282600139,17.77868634645152,8.551375863111465,338,-404.61491818999997,12.302652653548861,0.2345486111111111,0.08788132667541504,839.3465848428232,0.0003,1697.9390869140625,-0.04004354031446079,0.2,-45.39502326117621,2604.132677770544,3370,0.02969083
0.4469563457059881,29.203703703703706,131,13.865139702731009,8.11882852109545,18.474138959855047,0.8396990740740741,8.839875404414578,4462,28.35648148148148,9.19968812601201,13.594842984075227,585792,4.661465613755206,36.0,0.8708403399070073,29.137731481481474,0.12404026036764312,0.0,26.45672040238341,0.9228344217562389,52.39734059514954,37.488425925925924,48,0.26685011309885764,17.79122968381057,8.610170736028588,339,-405.7655815400001,12.33633976100905,0.13530092592592594,0.02222156524658203,1102.2880113036545,0.0003,5166.19873046875,-0.033609145907340224,0.2,-45.38970442877876,8603.85872757523,3380,0.016097594
0.44131568914337643,28.972222222222225,131,13.757744885629203,8.262397749459453,18.219447235921486,0.8622685185185185,8.984625929708288,4475,27.43055555555556,9.22414498473613,13.417564469360732,587520,4.673927178579477,36.0,0.8719216411452568,29.62962962962967,0.12910558217578402,0.0,26.50129426599642,0.9254180962261018,52.36833593628984,37.45023148148148,48,0.27100639631604234,17.78274348964795,8.319304600832828,340,-406.44298585,12.369583672182452,0.16024305555555557,0.12024348974227905,844.578616975855,0.0003,1646.9224853515625,-0.03504359786295229,0.2,-45.3719157466182,2589.2919284396703,3390,0.019573858
0.44712559298540233,28.416666666666668,131,13.483132821451248,7.731754544948825,17.43546607537052,0.8443287037037037,8.775698956719298,4489,27.546296296296305,9.248649908758654,13.576357970812522,589248,4.685866425971276,36.0,0.8694781759641925,28.899016203703777,0.1233675972661343,0.0,26.410463918261467,0.924290530123278,52.34516998034716,37.5005787037037,48,0.25415764836012583,17.801969609009497,8.34057870897045,341,-407.3847745199999,12.403224567109485,0.1447337962962963,0.09366118907928467,913.6348016103109,0.0003,2542.143798828125,-0.03576622104824141,0.2,-45.369765500669125,6178.749658203125,3400,0.016874444
0.4382473828103354,28.23148148148148,131,13.40145210878847,7.155049097157646,18.187569893601466,0.8061342592592593,9.169581257405849,4502,32.29166666666667,9.273046729973299,13.308946286411507,590976,4.698790379114791,36.0,0.8713972360828319,30.201099537037166,0.11607532002039708,0.0,26.461679560038657,0.9163664058029609,52.39740050846486,37.432291666666664,48,0.23456841826041333,17.758728485857812,9.75106868765535,342,-408.42708436,12.436196932825514,0.25306712962962963,0.0651668906211853,1008.9339847211485,0.0003,2022.513671875,-0.03908925765642413,0.2,-45.39034661187066,2300.6094502766928,3410,0.028385852
0.4477823391528623,29.324074074074076,131,13.93624468596564,8.042237480976265,19.122204978731265,0.7777777777777778,9.110043157039106,4515,30.555555555555557,9.297712891766782,13.620483827750066,592704,4.711565487007388,36.0,0.8693105775430666,30.020254629629743,0.11068538319760148,0.0,26.391933492748965,0.9099766853268116,52.38649842174494,37.635995370370374,48,0.26394077590783577,17.86646471739344,9.263722811789359,343,-411.65241912,12.46994814239489,0.19137731481481482,0.1633102297782898,935.4061069135313,0.0003,2474.421875,-0.03559109376467488,0.2,-45.408346020733866,3765.250179036458,3420,0.02014471
0.4487976138233234,29.259259259259256,131,13.902195644017985,8.028936514958522,19.494294260915012,0.8524305555555556,8.905851304012385,4528,31.82870370370371,9.322173598903625,13.65844670421246,594432,4.723830115267419,36.0,0.870322609876328,29.376446759259355,0.12152283539048486,0.0,26.421316993186448,0.9215697581356979,52.359768526254065,37.47569444444444,48,0.2639454301799647,17.78428285473687,9.683162101938507,344,-414.25509447,12.50379425915542,0.20775462962962962,0.14356958866119385,1018.6126823425293,0.0003,1183.5570068359375,-0.03503858597466239,0.2,-45.396919872142654,1735.271709979022,3430,0.022440434
0.44927144740852126,29.01851851851852,131,13.789448626965443,8.028546388683955,19.213257675824487,0.8396990740740741,8.9621526517299,4541,31.365740740740744,9.346692059629856,13.651866144475619,596160,4.736235496896744,36.0,0.8734264862411313,29.535590277777914,0.12031080634757686,0.0,26.53831790165461,0.9245116620288598,52.40997791160359,37.510995370370374,48,0.26324898997983864,17.807384290492603,9.51526266017509,345,-415.27630797999996,12.537623924516609,0.16956018518518517,0.1364230513572693,1032.4208837438512,0.0003,2293.664306640625,-0.03152354764234688,0.2,-45.403449828536424,3689.8975658275463,3440,0.017318014
0.442961744133281,29.574074074074076,131,14.053334025623911,8.25768140369195,19.52254997397422,0.8495370370370371,9.056457101920108,4555,30.78703703703704,9.37148902830699,13.485868380736811,597888,4.748876639651544,36.0,0.868495929825751,29.82494212962969,0.12275549302205899,0.0,26.371785101903395,0.9214915229693934,52.23215463188705,37.74768518518518,48,0.2711829296347621,17.918787470853033,9.331534544658355,346,-415.65737474,12.571038595468451,0.2429976851851852,0.11622422933578491,1112.483053913823,0.0003,3462.159423828125,-0.03799706235941913,0.2,-45.36700432388871,1616.252209020544,3450,0.024098292
0.43818326830469206,29.259259259259256,131,13.89364589309306,8.273018448083207,18.65882912430755,0.8541666666666666,9.29458947902347,4568,28.47222222222223,9.396050761574452,13.312811866359114,599616,4.762113113349103,36.0,0.8651645874538509,30.59895833333338,0.12574959284011397,0.0,26.277569171334786,0.9292474115300771,52.206874593348395,37.560763888888886,48,0.27215248780323925,17.824693306985214,8.612164783131282,347,-416.03795026,12.604020625134348,0.1691550925925926,0.051061272621154785,981.5253697218718,0.0003,3919.010009765625,-0.03470347776353635,0.2,-45.34456137197989,4792.731715675636,3460,0.018271834
0.4441443689986602,29.472222222222218,131,13.996778369465275,8.436120581993803,18.69924537941073,0.8640046296296297,9.207573435933403,4582,27.66203703703704,9.420827952258913,13.503944114023504,601344,4.7751320469389364,36.0,0.8652407209241514,30.345775462963072,0.12546836561952862,0.0,26.284453870356845,0.917196434958519,52.1932871047326,37.7349537037037,48,0.2773168435118755,17.910876273784133,8.38634642795165,348,-417.57048285,12.637480485419406,0.1787037037037037,0.09790319204330444,1045.1372594621446,0.0003,1329.1103515625,-0.03729552648340662,0.2,-45.33599911442509,3238.772405779803,3470,0.020012094
0.43604467025257027,28.833333333333332,131,13.687386806837866,8.159304141648349,18.012006170662964,0.8709490740740741,9.121442851656829,4595,27.31481481481482,9.445256581933544,13.23475172007177,603072,4.787935654068079,36.0,0.8641018326478828,29.976851851851933,0.12612801117628952,0.0,26.23957843647722,0.9212761504168056,52.170910702094716,37.457754629629626,48,0.2684790136934514,17.771451869852154,8.28531522217675,349,-417.35554742999994,12.670267364719585,0.13125,0.11094683408737183,888.5026046046504,0.0003,5454.9921875,-0.03289306518207821,0.2,-45.32942843967014,8844.354032841435,3480,0.014744885
0.44444191242539915,28.925925925925924,131,13.731758074971511,8.202144142137813,18.02535512948755,0.8773148148148148,8.91909024106046,4608,27.083333333333343,9.469921872611065,13.5246187386629,604800,4.80023337967073,36.0,0.8663943805489899,29.383680555555603,0.13147077501909266,0.0,26.298692965536656,0.9197845092419482,52.222366109349714,37.62268518518518,48,0.2699192569553453,17.866116271008924,8.211452912378226,350,-417.78358781,12.703778911566243,0.19282407407407406,0.05915117263793945,996.8408766004775,0.0003,2765.759765625,-0.0322479008593493,0.2,-45.34774976659704,3149.800380226418,3490,0.020793034
0.44655096105241343,29.175925925925924,131,13.845887951093692,8.307102989752877,18.33416016979958,0.8258101851851852,8.944603374769555,4621,27.43055555555556,9.494342339722458,13.567962534564609,606528,4.812594888107654,36.0,0.868013044241461,29.46325231481488,0.11894789969621127,0.0,26.35102369240038,0.9210841665637463,52.2408612138214,37.432291666666664,48,0.27346157039591085,17.7681868445566,8.30116922895301,351,-420.3616716999999,12.737398817902655,0.1603587962962963,0.057211339473724365,986.3040981151439,0.0003,3867.10205078125,-0.03585061611331723,0.2,-45.35084940592448,8152.4921875,3500,0.01842526
0.44374962683465796,28.694444444444446,131,13.613775218183378,7.795569034933183,17.999551103424878,0.8547453703703703,9.02929468008462,4635,28.819444444444446,9.51880169367618,13.483233906100336,608256,4.825168124807865,36.0,0.8672655669021291,29.73813657407411,0.12168717703697936,0.0,26.34474852868823,0.9214449851230733,52.2220959391364,37.4681712962963,48,0.2564403342187402,17.783741581488854,8.710206850308316,352,-422.04081414,12.770806902667905,0.20925925925925926,0.10798084735870361,1175.3004432395653,0.0003,1143.1820068359375,-0.03451189946176277,0.2,-45.363915549384224,2240.087560583044,3510,0.024333267
0.44449305089281954,28.98148148148148,131,13.764153430611929,7.929751079285691,18.104447525434843,0.8651620370370371,8.935696740580198,4648,28.240740740740744,9.543546723858698,13.5097269750324,609984,4.837507366659316,36.0,0.8688755628572938,29.390914351852025,0.1305159688883295,0.0,26.390077353846866,0.9174845703591701,52.2430533103612,37.71296296296296,48,0.26011499840150587,17.89801207300735,8.530543015537225,353,-423.47875801000004,12.804281220105485,0.14010416666666667,0.08680438995361328,996.385272859644,0.0003,2857.4658203125,-0.03155524833127856,0.2,-45.36528381065086,6330.171155237268,3520,0.016524015
0.44875908278282306,29.361111111111114,131,13.933619432518164,8.06836110178393,18.295925580696707,0.8350694444444444,8.739618124752765,4661,27.893518518518523,9.568082631420285,13.64681239252981,611712,4.849356411971198,36.0,0.8652745776639484,28.783275462962973,0.12202102030120697,0.0,26.27247242374976,0.91840651682079,52.22772182081328,37.5474537037037,48,0.26525855582386876,17.81436302463482,8.413945046394613,354,-424.69968235,12.83809825108681,0.18888888888888888,0.12541061639785767,1070.5756577880295,0.0003,876.5944213867188,-0.0350834452184952,0.2,-45.3566126788104,2742.4777838812934,3530,0.021306003
0.455818478115837,29.796296296296294,131,14.159577966538047,8.279211743870388,18.38920993448327,0.8263888888888888,8.790997599447781,4674,26.620370370370377,9.592875146740253,13.858135726263475,613440,4.8613339059698175,36.0,0.8672560272296703,29.036458333333353,0.12217137468990265,0.0,26.343849980035788,0.9194513060026213,52.219714628518545,37.751736111111114,48,0.27181953262516984,17.917006127987232,8.070420224074836,355,-428.2834757600001,12.872443590402469,0.1467013888888889,0.10849034786224365,1169.7587055700797,0.0003,4201.09716796875,-0.03249737529980916,0.2,-45.37400796678331,6760.521216724537,3540,0.016118482
0.4474712232644377,29.462962962962962,131,14.000416669787787,8.238710312169639,18.361343526108264,0.8414351851851852,8.941322052810909,4688,27.19907407407408,9.617665710539432,13.598555213243555,615168,4.873687211101845,36.0,0.8695074112728319,29.43431712962972,0.11970957818458242,0.0,26.409565932306048,0.9201774387501982,52.29344423338633,37.742476851851855,48,0.2704772138889214,17.916225519671794,8.242216544150839,356,-430.0878173499999,12.906139978435577,0.20092592592592592,0.08996278047561646,1170.9983736673992,0.0003,1563.0587158203125,-0.03460580036216588,0.2,-45.374144872029625,2126.211821379485,3550,0.02192535
0.45017166120815655,29.305555555555557,131,13.926985037729539,8.17225895940571,18.279396223689943,0.8674768518518519,8.82290964738777,4701,27.43055555555556,9.64230441634527,13.69218128838866,616896,4.8857444852203145,36.0,0.8693837343424929,29.094328703703756,0.12926700592257112,0.0,26.40399989823295,0.9221596891674445,52.34424162426908,37.63136574074074,48,0.2679127918570278,17.85548232233536,8.300152226554696,357,-429.80401751,12.94007043165655,0.1388888888888889,0.10243862867355347,982.2589330320005,0.0003,2577.669189453125,-0.032571867146287806,0.2,-45.37187880056876,5760.053240740741,3560,0.015776528
0.45017429082988647,29.972222222222225,131,14.233227662221637,8.459752267809284,18.8910141612103,0.8229166666666666,8.87933471529208,4714,27.5462962962963,9.66701697593891,13.67882018831346,618624,4.897942822008544,36.0,0.8683931924001401,29.24623842592601,0.12344531665281114,0.0,26.370045604775054,0.923703065851034,52.31122316279325,37.67824074074074,48,0.277623064648681,17.88502383745618,8.31803423117938,358,-431.2054047700001,12.973967482127334,0.21788194444444445,0.14363056421279907,1050.2660154201367,0.0003,2220.44677734375,-0.03275371331169649,0.2,-45.35284717701099,2872.9041341145835,3570,0.02439495
0.4453590602586314,29.814814814814813,131,14.159903999792713,8.403368531066779,18.667807003100506,0.8269675925925926,8.961704729149373,4727,27.199074074074076,9.691469375869195,13.529144822796473,620352,4.910347083831418,36.0,0.8677038580756028,29.470486111111242,0.1208402247633741,0.0,26.353367142689464,0.9211237268246031,52.28134687959338,37.45023148148148,48,0.2758137693329982,17.78095997211415,8.224534472241016,359,-430.91486561,13.007490344184324,0.13587962962962963,0.13847100734710693,1294.5237236517446,0.0003,4042.603271484375,-0.033693596493038866,0.2,-45.35657266687464,6345.275034360532,3580,0.01614259
0.44467441456436174,29.435185185185187,131,13.968862427888189,8.036216553175796,18.40866139656839,0.8790509259259259,8.843573051916737,4740,28.240740740740744,9.715848187513513,13.512250235823652,622080,4.92245601646121,36.0,0.8683813684408884,29.18113425925935,0.12540949555051573,0.0,26.37180506348751,0.9168671399946698,52.280224688398526,37.407407407407405,48,0.26389851034440515,17.751524657727163,8.523582415504407,360,-430.71827749000005,13.040970969773884,0.20775462962962962,0.0900411605834961,1181.9374578264024,0.0003,2226.420166015625,-0.03828276644150416,0.2,-45.364654555144135,2573.2315705475985,3590,0.023215676
0.45195566660967224,30.26851851851852,131,14.379762514580861,8.492150970782879,19.45147087318722,0.8489583333333334,9.007452121758368,4753,28.70370370370371,9.740534858767345,13.723111617200447,623808,4.934974646765606,36.0,0.8698257860949649,29.673032407407458,0.12194576571082458,0.0,26.41588237805327,0.9272890023365554,52.284547283351294,37.67418981481482,48,0.2786879503316544,17.874668501532803,8.699557387823479,361,-433.95442902,13.074978748816886,0.1717013888888889,0.0790168046951294,861.8440014733209,0.0003,4051.130859375,-0.032582581339886896,0.2,-45.38655292369701,6631.859148943866,3600,0.020096552
0.4521176692676636,30.425925925925924,131,14.443876493560007,8.465319755864892,19.907329560066067,0.8396990740740741,9.118497455852951,4767,29.97685185185185,9.765173066060031,13.725850196428654,625536,4.947770890405239,36.0,0.8727290163026353,30.00578703703711,0.1266971049417276,0.0,26.492429137215638,0.9283833249455576,52.39822849941255,37.63136574074074,48,0.27858843360775853,17.855282917074145,9.11813331064117,362,-438.14686413,13.108993374307957,0.2111111111111111,0.04360121488571167,1344.4422537556402,0.0003,3366.958251953125,-0.0341730781244459,0.2,-45.39342833624946,2224.167949761285,3610,0.022904161
0.45317912937586075,30.972222222222225,131,14.715656654983254,8.849271594370768,20.333717352130854,0.8148148148148148,9.012491514144875,4780,29.398148148148152,9.789783563604537,13.776605336938978,627264,4.960302119190601,36.0,0.8700780705857337,29.74537037037037,0.11703703386203476,0.0,26.41824822529614,0.9191902765173983,52.365050882381674,37.592013888888886,48,0.2900107698055739,17.844199017802147,8.888789102776832,363,-439.46561343,13.143134887650305,0.1337384259259259,0.037100136280059814,1377.4306457095677,0.0003,3286.916259765625,-0.03130090124215241,0.2,-45.37615407307943,5404.341372793692,3620,0.015726402
0.4522148874644697,31.34259259259259,131,14.89701574262188,9.180957235775994,20.34646166437768,0.8344907407407407,8.9942707232083,4793,27.662037037037038,9.814514347855258,13.729046910567119,628992,4.972787795998622,36.0,0.8727775689076959,29.59346064814827,0.12291478918376088,0.0,26.496823221767908,0.9154483338000069,52.35918043347696,37.697916666666664,48,0.30115300813529383,17.892313700288195,8.388488685979807,364,-440.90340086999987,13.177157504926724,0.15393518518518517,0.08533918857574463,1131.4980366530242,0.0003,1569.6453857421875,-0.03290646766760835,0.2,-45.385310081199364,3654.5432897497108,3630,0.017505622
0.44845535220454724,30.814814814814813,131,14.650955586806719,9.021294358822288,19.664966738908333,0.8541666666666666,9.079843088390506,4807,26.736111111111114,9.839290300379318,13.611281012759287,630720,4.985487403719598,36.0,0.8684449756108918,29.926215277777825,0.12350309553622736,0.0,26.377417759757037,0.9270974177677092,52.24728909007431,37.76793981481482,48,0.2958042965395336,17.910381009624043,8.112716793279326,365,-441.55578584999995,13.210885707458623,0.13130787037037037,0.0592842698097229,1125.4373831713642,0.0003,5177.38427734375,-0.03197682487467925,0.2,-45.403949398464626,8518.31705186632,3640,0.015745876
0.45644643272051616,30.59259259259259,131,14.52961176141347,8.899840045185279,19.94146485928969,0.8223379629629629,8.96779259761059,4820,28.47222222222223,9.86421654900047,13.882270337920614,632448,4.997906885213625,36.0,0.8708934648656307,29.542824074074133,0.11722111893453227,0.0,26.453531740842397,0.9268246352944357,52.24671063822154,37.870370370370374,48,0.2925883921348748,17.970499448461393,8.632013052690942,366,-443.82583528,13.245291383303424,0.1884837962962963,0.06353521347045898,1343.3085286740904,0.0003,1394.063720703125,-0.03774187541394322,0.2,-45.409983175772204,3756.849099392361,3650,0.021615315
0.46460069830465817,31.12962962962963,131,14.801419252502642,9.166671997502643,20.24568581124936,0.8478009259259259,8.899923595379217,4833,27.662037037037038,9.889102914291342,14.108752863115612,634176,5.010156694202073,36.0,0.8713227067182835,29.28240740740749,0.12477502835382347,0.0,26.469780326467642,0.9241948020079486,52.24023219791087,37.823495370370374,48,0.3008466944746913,17.95454611634879,8.397594561244071,367,-448.28518869000004,13.280263265461214,0.1203125,0.1481655240058899,1336.6183285819159,0.0003,5330.59326171875,-0.030276532895449133,0.2,-45.422460640801326,7110.709123625578,3660,0.014264046
0.46153660510905453,31.60185185185185,131,15.01071228293196,9.487263025836912,20.635437045948642,0.8153935185185185,8.944535300255586,4847,27.199074074074076,9.914211922119385,14.02232526094187,635904,5.022518032452712,36.0,0.8707137570736755,29.441550925925913,0.11607245488198184,0.0,26.442595114896648,0.9143867265020398,52.23128672662827,38.023148148148145,48,0.31194296887442013,18.043603131216916,8.257461737179769,368,-451.7293276500001,13.315019078613568,0.18177083333333333,0.06433749198913574,1245.635155331647,0.0003,1623.6217041015625,-0.03494671328786623,0.2,-45.40968182881673,3309.8726709436487,3670,0.01964228
0.4635231226266015,31.666666666666668,131,15.049230784836865,9.595550301726014,20.583083605847868,0.8304398148148148,8.926050369667923,4860,26.50462962962963,9.939244742140888,14.100492028252626,637632,5.034833158376882,36.0,0.8684545339908945,29.456018518518515,0.11914823270581351,0.0,26.364299292734444,0.9192971876721502,52.25083752378955,37.95949074074074,48,0.3154914345063498,18.01312800860103,8.05830251928499,369,-453.22666868,13.3499703086842,0.13559027777777777,0.06633543968200684,1229.8861831241184,0.0003,5534.84912109375,-0.031188693295957314,0.2,-45.411496014065214,9294.201470269098,3680,0.015543127
0.4611008890933914,31.37037037037037,131,14.902037488969862,9.492184626321572,19.947892013014616,0.8026620370370371,8.896476292521106,4873,25.231481481481485,9.964139482103878,14.00229936361437,639360,5.047074349108185,36.0,0.8692473754100501,29.33304398148147,0.1166808413529272,0.0,26.391082494968355,0.9150092924648408,52.258445623422205,37.85069444444444,48,0.31240083510122413,17.957895985196263,7.67366989772318,370,-453.00707455999986,13.384676057093237,0.2207175925925926,0.05861341953277588,1351.6816588931613,0.0003,1586.435791015625,-0.03653008983367019,0.2,-45.40620514198586,2673.1993457935473,3690,0.023225037
0.4585082495630734,31.444444444444443,131,14.946092653169408,9.314295925962616,20.567017846303997,0.8478009259259259,8.96888056956182,4887,27.777777777777775,9.9891339510446,13.917735822472642,641088,5.0594965505320895,36.0,0.8700294599725091,29.53559027777783,0.11871882924570315,0.0,26.430554712289478,0.921774709238486,52.28655076035121,37.925925925925924,48,0.306067379121847,17.997787576289173,8.42662926717197,371,-454.0809431200001,13.419170396649418,0.1554976851851852,0.10207515954971313,1254.2788222418892,0.0003,2984.966796875,-0.030917960579541548,0.2,-45.41087818852177,6406.78935546875,3700,0.01624812
0.45892668724826385,29.787037037037038,131,14.156571122841866,8.431280904329165,19.237113970902218,0.8194444444444444,8.925813634033696,4900,28.935185185185187,10.013637787212142,13.945496028718674,642816,5.071811084617174,36.0,0.8677671908691952,29.383680555555543,0.11647463326122298,0.0,26.357651750819127,0.9170268446899101,52.23183614792092,37.5005787037037,48,0.2770974776595769,17.801534467016687,8.769261943731186,372,-453.4201598699999,13.453734136721215,0.15335648148148148,0.08713394403457642,1240.8272487781667,0.0003,2366.29833984375,-0.02840503426613631,0.2,-45.43012774432147,3618.1406109845198,3710,0.018618084
0.45999076095273667,29.509259259259263,131,14.025882911070404,8.355752296951986,18.863022840089755,0.8246527777777778,8.893771693302948,4913,28.240740740740744,10.038355003081959,13.965259519272296,644544,5.084045513850431,36.0,0.8671483023733245,29.260706018518544,0.1192351985442174,0.0,26.343186046217482,0.9190866341286364,52.23246343494234,37.68113425925926,48,0.27467987904031627,17.886886347926595,8.601387632067363,373,-454.00609026999996,13.488347285519396,0.16782407407407407,0.06581568717956543,1226.1913346961692,0.0003,2623.975341796875,-0.03586119220902522,0.2,-45.42587795963994,6542.193610749421,3720,0.01798402
0.46083592297924775,29.944444444444446,131,14.226394898452275,8.501665867438875,19.48349665865709,0.8541666666666666,8.986561260458634,4927,29.166666666666668,10.062997664100292,13.981308334637417,646272,5.096511917001578,36.0,0.8719134039592159,29.513888888888893,0.12385406091128362,0.0,26.476214503587745,0.9298356465551456,52.339404772220156,37.62789351851852,48,0.27967743433825937,17.857064407333272,8.875435892765937,374,-456.02312287999996,13.523000556355989,0.18755787037037036,0.10095149278640747,1413.968571556939,0.0003,1332.618408203125,-0.03254719388809193,0.2,-45.4035408726445,2457.72673385055,3730,0.020323427
0.4549942559517337,30.39814814814815,131,14.44348525169776,8.900316774499528,19.092708482086366,0.8420138888888888,9.029969449860788,4940,25.810185185185187,10.087731845157192,13.830098928903686,648000,5.10908684062623,36.0,0.8710845949049771,29.69473379629628,0.12431354045841406,0.0,26.44839892310452,0.9230862401664912,52.293769257718346,37.72106481481482,48,0.2929527049634116,17.893672422759916,7.868906455889078,375,-456.4802504600001,13.557275803678248,0.18599537037037037,0.04991650581359863,1434.4963568793403,0.0003,1790.9588623046875,-0.035178907763178426,0.2,-45.411275764747906,3905.1622639973957,3740,0.021598144
0.45583213492678115,30.064814814814813,131,14.276789882482527,8.893200285168254,18.613311682385138,0.8188657407407407,8.916945792344055,4954,24.884259259259263,10.112384622692478,13.825932993876668,649728,5.1213792051070905,36.0,0.871830008091603,29.325810185185148,0.11735382869803519,0.0,26.468554527780995,0.924036187706681,52.30934434912035,37.635995370370374,48,0.29281387254560426,17.861111014114087,7.5633215147343575,376,-456.5671666199999,13.59154063616294,0.1943865740740741,0.10870963335037231,1400.2216298421224,0.0003,1469.293701171875,-0.035629115873706284,0.2,-45.402078854596176,2243.7713096336083,3750,0.020431926
0.46150546387010494,30.583333333333332,131,14.506536555614716,9.1082627267105,19.348160050358494,0.875,8.768654252293564,4967,25.925925925925924,10.137228874030619,14.001390167733588,651456,5.1333008407378244,36.0,0.8747205988909658,28.841145833333297,0.12819666485679745,0.0,26.559349770274327,0.9241050800307049,52.36463513071214,37.798032407407405,48,0.30014122996505316,17.93770053525631,7.85336076803328,377,-458.42383336000006,13.626244111582274,0.1996527777777778,0.09215044975280762,1296.434351461905,0.0003,2825.713623046875,-0.03759906666560305,0.2,-45.379249304312246,4370.006829607928,3760,0.021092666
0.46330426060560476,30.31481481481482,131,14.37160428577972,8.811547177588102,19.448180429992192,0.8454861111111112,9.047516305010214,4980,27.662037037037038,10.16210952862428,14.078215825613901,653184,5.14591963150035,36.0,0.871748774454478,29.796006944444386,0.12680673623272673,0.0,26.462650926075057,0.9247064625204346,52.265369429691965,37.83391203703704,48,0.29083101586342214,17.952261837464285,8.385028966624368,378,-462.65307426000004,13.661139651146309,0.1884837962962963,0.09710091352462769,1421.851971576832,0.0003,1766.6806640625,-0.029223031604110643,0.2,-45.388575052331994,2132.7846403899016,3770,0.02018663
0.4599084867031991,29.277777777777775,131,13.900260783370769,8.382918081368803,18.284547651364985,0.8356481481481481,8.863094825433093,4995,26.73611111111111,10.186792345552222,13.968690489979375,654912,5.158077368563933,36.0,0.8657182994872413,29.17390046296302,0.12264002962649796,0.0,26.288663385523552,0.9160387050311422,52.11764355569874,37.6712962962963,48,0.2757179504626661,17.873126771177052,8.121368786625412,379,-463.73425220000007,13.695761377371257,0.1962384259259259,0.19985532760620117,1397.4996420189186,0.0003,2711.850341796875,-0.0401214520395216,0.2,-45.38491910298665,3587.006843171296,3780,0.020890845
0.453444395496042,29.73148148148148,131,14.111785792647746,8.501663321561596,18.87132601603109,0.8478009259259259,9.02287148339283,5008,27.546296296296294,10.211572795370259,13.766146452424032,656640,5.170634547272415,36.0,0.8641406251426024,29.716435185185247,0.12228029778677231,0.0,26.235057355415933,0.9287219513185567,52.094665669579705,37.74305555555556,48,0.279823151623224,17.912179927214698,8.377876901821747,380,-461.68462246999997,13.729876743502317,0.17806712962962962,0.14780646562576294,1269.6006392372979,0.0003,1750.67724609375,-0.03323035742397661,0.2,-45.378589686640986,3090.71594486943,3790,0.019632189
0.4545166200563572,29.916666666666668,131,14.186479753131886,8.384548754915338,19.713455677915018,0.8541666666666666,8.965730415726819,5021,30.555555555555554,10.236353924754864,13.824471873167946,658368,5.183048873311732,36.0,0.8644579024849088,29.542824074074105,0.12318072119296403,0.0,26.2332772488103,0.9185513736535825,52.11264130090718,37.74710648148148,48,0.276272765790732,17.912451753842216,9.262427169867793,381,-462.76730045000005,13.764137923185237,0.15063657407407408,0.03232067823410034,1385.4045437777484,0.0003,2823.2587890625,-0.03417591425693697,0.2,-45.38397824322736,6565.181420898438,3800,0.018497596
0.45027627230014505,30.60185185185185,131,14.529890507209046,8.938187619652998,19.643049045753177,0.8275462962962963,8.756219258204828,5035,27.314814814814813,10.260943412656456,13.686762071731984,660096,5.194939421457244,36.0,0.8655855034034065,28.87731481481484,0.11731701162453041,0.0,26.27024851687626,0.9182675713603908,52.068232718001646,37.592592592592595,48,0.2939631545540355,17.835795160636795,8.294970918891131,382,-461.89740878000003,13.798054828364567,0.17239583333333333,0.014612972736358643,1423.5568600266067,0.0003,3270.363037109375,-0.034713954119770615,0.2,-45.36008378488046,4391.154187011719,3810,0.018953225
0.4538081223159889,30.64814814814815,131,14.543622718843324,9.051452150311043,19.010278571958004,0.8472222222222222,8.921202418730088,5048,24.76851851851852,10.285591093750627,13.795611712593939,661824,5.207242427504069,36.0,0.8649451647544674,29.37644675925927,0.12379997757447929,0.0,26.247706261112878,0.9180249423033695,52.12987658955361,37.64409722222222,48,0.29840881125592084,17.85907243766848,7.535203702803638,383,-462.51371497,13.832243857646052,0.12997685185185184,0.10292190313339233,1376.5058177594785,0.0003,4654.39013671875,-0.030896971959413752,0.2,-45.36194366172508,8896.175969328704,3820,0.016422786
0.4554602769192445,30.564814814814813,131,14.508236749752003,9.01411775408421,18.91186712507895,0.8339120370370371,8.781469704906034,5061,24.76851851851852,10.310242491935426,13.819068431908413,663552,5.219196101766334,36.0,0.8659064213503177,28.884548611111192,0.12136818736036059,0.0,26.278776101114317,0.9165049703004338,52.19369113820678,37.641782407407405,48,0.2968272345593668,17.86055927391968,7.509512621242732,384,-464.91519546,13.866491528725824,0.16429398148148147,0.11543440818786621,1302.3808641857572,0.0003,1882.159912109375,-0.03402075110244806,0.2,-45.32287802519622,3875.899312789352,3830,0.019563982
0.4495799744206485,31.305555555555554,131,14.851036493445863,9.397435387208477,19.514066495399675,0.8553240740740741,8.780106794606652,5074,24.305555555555557,10.335034125923295,13.67694119741131,665280,5.231146368752851,36.0,0.8662834984251097,28.927951388889,0.12179193028835422,0.0,26.299188885985547,0.9207590724466468,52.21162344479504,37.742476851851855,48,0.3097547338531602,17.91665359514732,7.385594614745336,385,-465.15580693,13.900383881719351,0.15086805555555555,0.1120612621307373,1222.6772441086946,0.0003,4932.96533203125,-0.034731096788137045,0.2,-45.33423413877134,8264.935713252315,3840,0.01899772
0.4537953887399197,30.35185185185185,131,14.396413140777716,9.123923061304437,18.44380141197567,0.8582175925925926,8.585281107853925,5087,23.26388888888889,10.35964965118886,13.784447142772974,667008,5.242609571522486,36.0,0.8681143530601315,28.233506944444485,0.12351147384705104,0.0,26.33993006397512,0.9277934378526647,52.22604334008585,37.610532407407405,48,0.30081794885656904,17.84621010622606,7.043465209893515,386,-464.86603827000005,13.934544999576284,0.18912037037037038,0.0779348611831665,1441.981430972064,0.0003,2169.963623046875,-0.03627826549388744,0.2,-45.32969772904008,3672.177304416233,3850,0.023875142
0.45079562455835787,30.703703703703706,131,14.55892821991143,9.443087755960377,18.80049271470325,0.8275462962962963,8.736215926135499,5099,22.800925925925924,10.384373236769246,13.69534755543557,668736,5.254450111337825,36.0,0.8699398915027664,28.79050925925929,0.115305419585606,0.0,26.401537029238238,0.9154812556119152,52.2838966041625,37.68981481481482,48,0.31179687837474995,17.88943423215406,6.918476738831443,387,-466.52495952000004,13.968483368464872,0.1511574074074074,0.08668649196624756,1448.1925112194485,0.0003,3756.81396484375,-0.03228980817452625,0.2,-45.331505853158454,5612.920458080151,3860,0.0178768
0.4427239997744138,30.64814814814815,131,14.552254691317593,9.50333829263735,18.805854368295083,0.8263888888888888,8.856993189060477,5112,22.569444444444446,10.408779954462835,13.471248849206463,670464,5.266592594310476,36.0,0.871252785651806,29.20283564814817,0.11685472464552422,0.0,26.457303271271503,0.9196833249447743,52.242644152199894,37.411458333333336,48,0.31276033435718015,17.762687077435373,6.87026138434014,388,-465.0410376,14.001861490587888,0.1841435185185185,0.10960805416107178,1303.9476827409533,0.0003,2911.666015625,-0.0350594536849746,0.2,-45.33053477251971,3624.902173755787,3870,0.020710766
0.4490028622371542,30.11111111111111,131,14.283853247979678,9.321961110033326,18.4910506987531,0.8200231481481481,8.662938359161242,5124,23.03240740740741,10.433231497027357,13.66351769872238,672192,5.2782499402083785,36.0,0.870921765207496,28.573495370370445,0.11766264862558243,0.0,26.4432870147497,0.9153071156071272,52.20800451611802,37.4525462962963,48,0.3074970741732281,17.780617025809,7.005236340740095,389,-465.00961560999997,14.035720284834694,0.18784722222222222,0.015714704990386963,1520.3230819560863,0.0003,3942.75732421875,-0.03665481048498165,0.2,-45.304524457013166,6558.441937934028,3880,0.019275399
0.43736816677760654,29.009259259259256,131,13.761750181109301,8.947888602050075,17.31269396387156,0.8315972222222222,9.012154270232099,5137,22.10648148148148,10.457560917884054,13.319529605493274,673920,5.290780325883959,36.0,0.8695979102418172,29.7164351851852,0.12378005088856217,0.0,26.407919446563834,0.9271130032829736,52.245225529666236,37.339120370370374,48,0.29530814907999636,17.731768342679064,6.723055180712183,390,-464.52581835999996,14.068719108848427,0.20515046296296297,0.0480036735534668,1490.21651129546,0.0003,1211.650634765625,-0.03740996093040815,0.2,-45.30131619771321,3238.529756221065,3890,0.024571506
0.43833712313134143,28.685185185185187,131,13.619412690970478,8.576245431466935,16.953433796522127,0.8460648148148148,8.901181855096295,5151,22.569444444444443,10.481917960987596,13.3221134512155,675648,5.303033280521699,36.0,0.871244708253136,29.376446759259345,0.12689062763676998,0.0,26.460625929786286,0.919285342082634,52.29711662417996,37.38483796296296,48,0.2825969624654566,17.74281724141695,6.877775674084713,391,-463.89533408000005,14.101724392476466,0.17060185185185187,0.04939693212509155,1454.5415020836724,0.0003,5579.806640625,-0.03411008122515071,0.2,-45.30615673771611,5721.681699399595,3900,0.018541899
0.4462407269928964,28.37962962962963,131,13.458936988465481,8.225986120956394,17.627795259099514,0.8217592592592593,9.008930472892903,5164,26.50462962962963,10.506280793062206,13.569697937337077,677376,5.315555606703931,36.0,0.8750567344250522,29.6440972222222,0.12080583704778668,0.0,26.574959870678416,0.913990083778881,52.29778372527385,37.376157407407405,48,0.2713865815389101,17.745132829843975,8.062872149677638,392,-467.20642757,14.13534863731981,0.20445601851851852,0.09194725751876831,1383.3138751771714,0.0003,3782.024169921875,-0.034723474259522775,0.2,-45.31624077690972,4599.086772099247,3910,0.024063578
0.44946670003522093,28.111111111111114,131,13.32858493642255,8.418859476127746,16.538948693689868,0.8298611111111112,8.749573573207693,5177,22.68518518518518,10.5307372820767,13.651589972131868,679104,5.327429540636951,36.0,0.8726185173328184,28.768807870370484,0.12416875577136309,0.0,26.50624999567071,0.9191489078407449,52.25513282519404,37.4681712962963,48,0.27822073916527373,17.78259560579715,6.911504281139568,393,-470.63586298,14.16917761225014,0.1553240740740741,0.08600425720214844,1321.083462881159,0.0003,5186.578125,-0.03359482067085251,0.2,-45.2905731342457,7836.671290870949,3920,0.017205007
0.4438825026686279,28.166666666666668,131,13.346443640851673,8.321751433509574,16.79479933000144,0.8379629629629629,9.028959525087872,5190,23.842592592592595,10.55507905517699,13.486956997475383,680832,5.34000193944967,36.0,0.8744091431705016,29.738136574074126,0.12517985439748572,0.0,26.556210954380592,0.9163388826295381,52.24923097499639,37.37210648148148,48,0.27497903343195645,17.736709240115896,7.24660425564019,394,-472.05177618,14.202595004743829,0.21672453703703703,0.10472434759140015,1583.2726383915654,0.0003,1080.76611328125,-0.03627468285116332,0.2,-45.313302287348996,2865.620790382668,3930,0.021456633
0.44097234512312933,27.925925925925927,131,13.254994584073529,8.218368214831136,16.449801723093,0.8483796296296297,8.938009149001298,5204,23.26388888888889,10.579327363863264,13.41364345024954,682560,5.352346962322173,36.0,0.8721931096513659,29.434317129629736,0.1250309085046904,0.0,26.498002432047716,0.9211613271345301,52.223461930143856,37.298032407407405,48,0.27082591991235655,17.699323474509804,7.096438924188334,395,-471.19161593999996,14.235829113369453,0.16255787037037037,0.102122962474823,1383.770367608247,0.0003,3375.40185546875,-0.030155047698429336,0.2,-45.29883704008879,6329.920303457755,3940,0.01912122
0.4454283484538648,27.703703703703706,131,13.147900242192334,8.39755485473977,16.036340957365127,0.8223379629629629,8.747654263239328,5217,21.759259259259256,10.60387202515825,13.542451848945582,684288,5.364216097980271,36.0,0.8684736268549264,28.848379629629743,0.12211059408040162,0.0,26.37029991106442,0.91685977718829,52.156194821939586,37.554398148148145,48,0.27665337409969926,17.817864517994362,6.610885860433022,396,-472.13064798000005,14.269385242991817,0.20572916666666666,0.04800534248352051,1603.3585209316677,0.0003,2701.751708984375,-0.030765343554042004,0.2,-45.30769016124584,3992.2228443287036,3950,0.021656629
0.44530156024131484,27.87037037037037,131,13.20835225278306,8.378836951789419,16.099142665286152,0.8200231481481481,8.969755487159834,5230,21.875,10.62824284554403,13.534027015164591,686016,5.376640486698171,36.0,0.8674405393948441,29.578993055555625,0.12129102247322418,0.0,26.32641351322739,0.9196666139468568,52.177107611232394,37.395833333333336,48,0.2766658927072419,17.74832815431207,6.63195346071367,397,-474.88833422999994,14.302920310529728,0.11209490740740741,0.09502482414245605,1362.7993583749842,0.0003,6832.36181640625,-0.02980466653868832,0.2,-45.33156854135019,9939.517956090856,3960,0.014890288
0.44207258312848563,28.009259259259256,131,13.281301460763013,8.598265312642278,16.38771892671368,0.8425925925925926,8.849775918788128,5244,21.759259259259256,10.652692750534625,13.451458725858044,687744,5.388764926495141,36.0,0.8741071855651059,29.17390046296307,0.12299792630369237,0.0,26.544980786902673,0.9231643360143513,52.20946287956408,37.46643518518518,48,0.28361073004273957,17.779961996237898,6.628152153308391,398,-475.37095416999995,14.336248957344374,0.15775462962962963,0.08862650394439697,1632.311950104325,0.0003,2987.689453125,-0.03273566734752859,0.2,-45.322146549931276,5082.423306387442,3970,0.017655004
0.44487452777478775,28.185185185185187,131,13.352556465746412,8.46351334359097,16.462407527991502,0.8449074074074074,8.780241669610893,5257,22.222222222222225,10.677146485212509,13.513203301323806,689472,5.400715530669168,36.0,0.8724920881365268,28.927951388888975,0.12617273266769272,0.0,26.499515889546558,0.9248086135519467,52.12797808996654,37.467592592592595,48,0.2794724377372899,17.781493871153707,6.76633771865412,399,-475.4768770900001,14.369731965597683,0.14027777777777778,0.0770341157913208,1504.56498753583,0.0003,5857.50439453125,-0.03671465363284504,0.2,-45.34401112309209,10082.865379050925,3980,0.016714046
0.44148871969269443,27.555555555555557,131,13.063638506851703,8.312523717850388,15.793924556767642,0.8148148148148148,8.891355894158808,5270,21.412037037037038,10.701537152763155,13.421145226981231,691200,5.412943920404565,36.0,0.8697062690726239,29.304108796296326,0.12188708458883236,0.0,26.40776709837503,0.9201888710225611,52.17829366999848,37.426504629629626,48,0.274306079001877,17.756267020258843,6.53776233206555,400,-477.37730711999995,14.402984828665137,0.16186342592592592,0.12345695495605469,1461.8558253959372,0.0003,2999.109375,-0.03369384760864907,0.2,-45.34437661347566,3784.4619741934316,3990,0.018020969
0.4455122661928513,27.685185185185187,131,13.126301464913395,8.51866578731576,16.09926211227586,0.8315972222222222,8.848877851281875,5283,21.527777777777782,10.725898958462572,13.533761345517066,692928,5.42506611503277,36.0,0.8720480691267571,29.13049768518518,0.12544821056434546,0.0,26.496675951560462,0.921091988868507,52.18520278647372,37.389467592592595,48,0.28083505715841467,17.7447222797667,6.574294860046703,401,-478.18227752000007,14.43651923202893,0.13501157407407408,0.10444927215576172,1689.6632441626655,0.0003,5627.0966796875,-0.0324763267180296,0.2,-45.34709255077221,8169.343075448495,4000,0.017068671
0.44401034766000946,28.472222222222218,131,13.505470556498787,8.816442297889681,16.737400418791232,0.8246527777777778,8.987527262040826,5296,21.412037037037038,10.750294736969002,13.493092099473536,694656,5.437534933187872,36.0,0.864593128680637,29.600694444444464,0.12036328654895907,0.0,26.26788250357035,0.9197172136038517,52.08515340922808,37.41956018518518,48,0.29068842328811306,17.758311402571994,6.535487564402765,402,-480.23252353,14.469951962277614,0.16545138888888888,0.07318383455276489,1699.304322998612,0.0003,3287.118408203125,-0.03442672911548504,0.2,-45.33329301057039,3746.3914256908274,4010,0.01870048
0.44463000068600683,28.65740740740741,131,13.595511650410222,8.748949883206807,16.620849222328232,0.8084490740740741,9.012703500134235,5310,21.064814814814813,10.774869094353168,13.522664365341853,696384,5.450066691938208,36.0,0.8646980099314576,29.658564814814742,0.12028103961567153,0.0,26.258588932491488,0.9167538929878724,52.1045474503654,37.55324074074074,48,0.28781548650344607,17.82974295366623,6.3963876887112034,403,-482.25714846999995,14.50345862319097,0.15457175925925926,0.006398141384124756,1521.5446998737477,0.0003,3641.070556640625,-0.032944929661850135,0.2,-45.35701556735569,7510.628323929398,4020,0.017121796
0.4451071842122906,28.527777777777782,131,13.53959724986503,8.504842315877935,17.632393772431847,0.8362268518518519,8.962875529904325,5323,25.23148148148148,10.799477975051856,13.528673270830458,698112,5.4624738807629685,36.0,0.8656710767522222,29.52112268518526,0.12262771367949363,0.0,26.294721734559474,0.9178676721675937,52.10702557456221,37.597800925925924,48,0.2800565986160843,17.843552279475343,7.707954206688882,404,-484.8005236399999,14.536980306368045,0.1572337962962963,0.09064871072769165,1510.3564768190738,0.0003,3820.564208984375,-0.029127494883896023,0.2,-45.36346824080856,4372.654387749566,4030,0.019120622
0.4485690515767831,28.5,131,13.500585407712649,8.095166531859723,17.919208974838885,0.8489583333333334,8.747341307180822,5336,27.777777777777775,10.824056558880775,13.633296779708159,699840,5.474342234030921,36.0,0.8662213093356556,28.85561342592594,0.1256875684343262,0.0,26.29840825548099,0.9231374686923223,52.16653080586385,37.589120370370374,48,0.267262406443001,17.831433531567736,8.443457035266514,405,-485.94158027000003,14.570763548317316,0.16631944444444444,0.07476413249969482,1463.55286281727,0.0003,3909.796875,-0.03399312101494245,0.2,-45.39111739264594,6636.705906394676,4040,0.019406281
0.4508326181495044,29.175925925925927,131,13.846347208412517,8.312437320595995,19.084831449730423,0.8570601851851852,8.794289634568697,5349,29.629629629629633,10.848561430271252,13.711916555915282,701568,5.486327958117343,36.0,0.8650473224887197,28.949652777777807,0.1285481004528188,0.0,26.271238975831675,0.924765547522944,52.12821415915261,37.508101851851855,48,0.2735960671876582,17.801948556190773,9.046046920721912,406,-487.1350237099999,14.604743339707104,0.17164351851851853,0.053456246852874756,1721.6460825884783,0.0003,3061.189697265625,-0.03247980663759841,0.2,-45.38364714163321,4004.066800491898,4050,0.020825095
0.4412655106573092,29.37037037037037,131,13.917056894127017,8.563139225517412,18.980697845805494,0.8206018518518519,8.935807995832906,5362,28.35648148148148,10.873120498474416,13.401109266052744,703296,5.498667478106925,36.0,0.8633172851106218,29.434317129629644,0.11556572538744651,0.0,26.220737156023137,0.9167172917437647,52.09198316768154,37.55034722222222,48,0.28217260474132716,17.823627281265363,8.620501726161066,407,-487.3097308699999,14.637946112872235,0.12430555555555556,0.11970686912536621,1668.0470162003128,0.0003,5270.39453125,-0.0301785617204452,0.2,-45.37788829097041,6633.653864655671,4060,0.014560496
0.44661462430298743,29.51851851851852,131,13.984761426450971,8.879336601465122,18.952478543375996,0.8587962962962963,8.959675363349698,5375,27.083333333333332,10.897811762314445,13.583039835646453,705024,5.511066666515299,36.0,0.8686283807089676,29.528356481481538,0.12788647580657916,0.0,26.370594690254507,0.9261404958409408,52.115246158398605,37.66898148148148,48,0.29278618973535814,17.876505536012136,8.208380515459902,408,-488.7311669300001,14.671603712461351,0.1568287037037037,0.08203470706939697,1675.3749034599023,0.0003,2759.90478515625,-0.03121688171307108,0.2,-45.41602407384802,4482.255901421441,4070,0.018723628
0.45759983079375105,29.824074074074076,131,14.139263512681666,9.110970696835802,19.257308451616375,0.8454861111111112,8.741360426584675,5389,26.85185185185185,10.922551788341837,13.911039780874239,706752,5.522920067581761,36.0,0.8688516566542935,28.870081018518455,0.12327383150859089,0.0,26.381024676507796,0.9229661676561611,52.14806317955217,37.71643518518518,48,0.2996383780010592,17.896010410956634,8.127074242098905,409,-493.65825670000004,14.706081311913538,0.1310763888888889,0.08565765619277954,1778.094592920939,0.0003,3735.34423828125,-0.032837169100013046,0.2,-45.42876512032968,7164.319779007523,4080,0.01670684
0.4594506706123011,29.564814814814813,131,14.02741125901253,9.499943508421806,18.07253826709261,0.8518518518518519,8.898684273139727,5402,21.990740740740744,10.947234542035211,13.965458973467733,708480,5.53516677826461,36.0,0.8660453128523447,29.296875000000014,0.1258539821248293,0.0,26.295300711354674,0.9170592257393427,52.187652239167925,37.65277777777778,48,0.3125753550670207,17.873101477350108,6.665183499658272,410,-498.30067328000007,14.740694959347207,0.15920138888888888,0.10111695528030396,2026.0138409932454,0.0003,3853.205810546875,-0.02984506559247772,0.2,-45.43759040832519,3518.766141764323,4090,0.019492352
0.4469068378632616,29.685185185185187,131,14.072148240532668,9.185627588748227,18.01766119820116,0.8275462962962963,8.880748920508795,5415,22.800925925925927,10.971858416683906,13.580935804865627,710208,5.547368650565883,36.0,0.8679225712626808,29.210069444444397,0.1226593659514524,0.0,26.357906890328692,0.9256942262058776,52.17384522675885,37.614583333333336,48,0.3019303767180294,17.849549859478156,6.879885368920263,411,-496.8311689800001,14.774347298859372,0.16938657407407406,0.058921873569488525,1512.5040659304018,0.0003,3650.450439453125,-0.03796122419665119,0.2,-45.423939047919376,6903.199063223379,4100,0.020028599
0.4590903762120682,28.98148148148148,131,13.760034670553393,9.0572799694051,17.72325177003144,0.8339120370370371,8.679942817974618,5429,23.03240740740741,10.996593781816122,13.943985065117301,711936,5.559068507610819,36.0,0.870339309086266,28.587962962962994,0.12382827806782527,0.0,26.43362843013207,0.9194953539097307,52.15053322466674,37.713541666666664,48,0.2976103660353755,17.894146052886533,7.025937130072944,412,-497.10609758,14.808907261522165,0.17251157407407408,0.1329895257949829,1800.8017557921232,0.0003,3288.674560546875,-0.032061525391138816,0.2,-45.44172179610641,3195.741939742477,4110,0.020420883
0.4505708755241009,29.26851851851852,131,13.889007201659089,9.2787330750342,18.044490857218577,0.8587962962962963,8.79194987327335,5441,22.916666666666668,11.021212148920354,13.709186990172865,713664,5.571048382294002,36.0,0.8710249261293725,29.00028935185189,0.12887375287156036,0.0,26.435324241756007,0.9245571607983387,52.1790724355983,37.598958333333336,48,0.3054028179109085,17.84734684169275,6.996750580525287,413,-498.73100186999994,14.842880228997597,0.12662037037037038,0.14089089632034302,1563.4156771130033,0.0003,4184.3662109375,-0.02946062335158112,0.2,-45.44608442518446,7950.594482421875,4120,0.014792256
0.44877128954350876,28.861111111111114,131,13.69408537470382,9.188918590991598,18.050700743972907,0.8605324074074074,8.703131881424278,5455,23.958333333333332,11.045595637329667,13.64242164632239,715392,5.582806211997562,36.0,0.8760983372196711,28.7471064814815,0.13314066764738952,0.0,26.59798414669345,0.9305453063241182,52.35622605065233,37.41550925925926,48,0.302454130230978,17.753395363725613,7.287696778277489,414,-496.96624966,14.876686283113402,0.11770833333333333,0.14125502109527588,1682.9901908591942,0.0003,968.0488891601562,-0.026701034007042095,0.2,-45.431633179276076,3281.3512401439525,4130,0.015941009
0.4412996456641601,28.916666666666668,131,13.713487090664069,8.762791324499831,19.099891618275706,0.8634259259259259,9.115700781650864,5469,28.819444444444446,11.069940653062604,13.414996856491413,717120,5.59559546395169,36.0,0.8726147994471587,30.02748842592591,0.13021886210003725,0.0,26.497185784270652,0.9155799620346299,52.258468391940575,37.388888888888886,48,0.28848295711091543,17.738006293174838,8.743613203111805,415,-495.86364645000003,14.909923775254631,0.15439814814814815,0.10812371969223022,2101.0991552423548,0.0003,3542.491943359375,-0.03398609976887841,0.2,-45.4289276405617,6443.135472728588,4140,0.016937748
0.4487713549695606,29.444444444444446,131,13.954689990786257,8.956724064177145,19.452293474978784,0.8715277777777778,9.021977534489514,5484,28.472222222222225,11.094582597440416,13.64021583452177,718848,5.608150407787914,36.0,0.8736326387600181,29.71643518518521,0.13338952145052413,0.0,26.529024421595636,0.9306051898776885,52.309230031876176,37.6255787037037,48,0.29549418667216926,17.85677775112495,8.660879420015382,416,-498.67555525000006,14.943724314840935,0.12141203703703704,0.08259671926498413,1710.9258536303485,0.0003,3710.9765625,-0.03156118525571569,0.2,-45.42625982496474,6994.942242657697,4150,0.015508119
0.4534981597978732,29.555555555555554,131,14.025365326008895,9.266685284218894,19.633257419914763,0.8674768518518519,8.920644797123272,5498,27.777777777777775,11.119279450975267,13.789624477539464,720576,5.620452019780722,36.0,0.8723138738631935,29.38368055555554,0.13008359074951345,0.0,26.490081461365424,0.9203055713743331,52.26355347630971,37.667245370370374,48,0.3050213843778944,17.878741413940237,8.46120680968697,417,-503.10253737,14.977898376034783,0.12719907407407408,0.11623072624206543,1671.1237234468813,0.0003,5277.369140625,-0.033136558315406246,0.2,-45.44342716358326,10391.145571108218,4160,0.01591697
0.4568194108528346,29.51851851851852,131,14.011664171757134,9.258330265074648,19.93399867886047,0.8443287037037037,8.889198830645396,5512,28.935185185185187,11.14397835896,13.901883482627175,722304,5.632675016857336,36.0,0.8771117277617398,29.260706018518547,0.12555311091637605,0.0,26.634523879571514,0.9276699637227616,52.356310722731955,37.655092592592595,48,0.30436708245499294,17.87956319389348,8.784004242028688,418,-506.02104906000005,15.01235308474135,0.17314814814814813,0.09869754314422607,1668.4626580273664,0.0003,5137.0830078125,-0.0355836798298966,0.2,-45.42915912204319,6333.029682978878,4170,0.01969078
0.4474608315459027,28.759259259259256,131,13.65353503341476,9.43770638884233,17.694041201273304,0.8258101851851852,8.945676103173577,5526,22.222222222222225,11.168341501058904,13.586890161576916,724032,5.6450392071152695,36.0,0.877021486696615,29.434317129629655,0.12263772554337696,0.0,26.636085436237277,0.9112656152184497,52.34088646948717,37.39351851851852,48,0.3100041384827548,17.745256839561957,6.7227997790162135,419,-505.66524559999993,15.046020310145293,0.15387731481481481,0.0607682466506958,1898.5831507788764,0.0003,5616.62646484375,-0.03501874812602721,0.2,-45.40140314455385,10106.499580439815,4180,0.018106015
0.4497210324862986,29.37962962962963,131,13.94054777887186,9.8497928421978,17.758597360931017,0.8310185185185185,8.760855209785541,5540,20.02314814814815,11.19276468136006,13.69036835758638,725760,5.6569413451397335,36.0,0.8732318478929514,28.935185185185258,0.12301575445760968,0.0,26.52781564304371,0.9280640743938525,52.294260792262605,37.423032407407405,48,0.3238602799991565,17.769272120462396,6.0882567398613565,420,-504.0021389900001,15.079946231039258,0.1394675925925926,0.12944549322128296,1824.2147386056406,0.0003,3247.386962890625,-0.0315723052472566,0.2,-45.38276331866229,3465.0676210756656,4190,0.01622348
0.45170101748903274,29.166666666666668,130,13.841203795864898,9.561475744760314,17.49279342445257,0.859375,8.749347125025556,5553,20.48611111111111,11.217045311678907,13.735148437854905,727488,5.668814712952297,36.0,0.8725304494347723,28.8483796296296,0.13050550136824612,0.0,26.517661397433,0.9304720562189757,52.33024770574468,37.3130787037037,48,0.3143676818268169,17.712252127538544,6.210113883827361,421,-505.19898367,15.113984102133896,0.19045138888888888,0.06102895736694336,1949.364741650334,0.0003,3087.62451171875,-0.034698808786493764,0.2,-45.36478719358091,5974.21379937066,4200,0.021232368
0.44985455467051394,28.759259259259256,130,13.650399841727092,9.39725077917841,17.377623324639785,0.8501157407407407,8.9401307166757,5566,21.296296296296294,11.24132601921285,13.677266758751449,729216,5.681165039743987,36.0,0.871290369687085,29.434317129629562,0.1279840185921515,0.0,26.46427439662382,0.9233636229312674,52.269575703924346,37.32233796296296,48,0.30891964439377173,17.71228301357728,6.449972703734285,422,-506.1478948700001,15.147877269030776,0.18605324074074073,0.1336389183998108,1996.4341127890127,0.0003,1537.9525146484375,-0.03740609685235002,0.2,-45.36926116943359,3283.8979663990162,4210,0.022285238
0.4471646185591406,29.333333333333332,131,13.917643297182172,9.461801291762919,18.355007579437085,0.8726851851851852,8.864998388888088,5579,23.37962962962963,11.265643274064562,13.582484255602957,730944,5.693327535716207,36.0,0.873801894672264,29.19560185185189,0.13248438594479248,0.0,26.537384972326084,0.9227162167330596,52.37210494646539,37.34375,48,0.3113957650873776,17.726901940684396,7.095562990491995,423,-507.16561509,15.181533479669783,0.17309027777777777,0.08049631118774414,1654.8379313009757,0.0003,5073.76025390625,-0.03319805778425049,0.2,-45.3727719200982,7227.0620713975695,4220,0.02066757
0.4465235160438372,29.305555555555554,131,13.906056432792157,9.308622667989413,18.060805031999067,0.8599537037037037,8.872509358529507,5592,22.916666666666668,11.290001169323755,13.585748188491406,732672,5.705508809112531,36.0,0.8733198844830422,29.23177083333341,0.1306684325701898,0.0,26.51906839299596,0.9209538129406094,52.39304341981304,37.38773148148148,48,0.3065349188928383,17.74315810367708,6.966125931217498,424,-507.30762736,15.215197850141012,0.17743055555555556,0.06650835275650024,1632.1860763125949,0.0003,2852.54150390625,-0.03126482264207745,0.2,-45.38720701712149,5382.77173936632,4230,0.021798313
0.44249772627036876,29.60185185185185,131,14.048903849254197,9.325032821946447,18.242838459211946,0.8518518518518519,8.977355213709716,5605,22.916666666666668,11.314575033497347,13.458077786488127,734400,5.717952197146805,36.0,0.872327959363966,29.542824074074094,0.125703793942879,0.0,26.49379665215525,0.9270693150790306,52.312102303029945,37.582175925925924,48,0.30737766627407925,17.82954566943636,6.988901788011304,425,-507.84896505999995,15.248543044607231,0.1642361111111111,0.1254785656929016,1535.1832234064739,0.0003,3452.449462890625,-0.03633752197406634,0.2,-45.393151940239804,8336.151812065973,4240,0.01973835
0.4442213326173055,29.805555555555554,131,14.158069347861671,9.571528356991507,18.56526450075237,0.8333333333333334,8.935023683732716,5619,22.800925925925924,11.338962567889089,13.51378390720297,736128,5.730289756356137,36.0,0.8797541441011757,29.43431712962968,0.12324635469351056,0.0,26.718299086580355,0.92780885001134,52.5011064471625,37.426504629629626,48,0.31501047556183154,17.755013756697014,6.955666795899191,426,-508.52622311999994,15.28202750437524,0.17199074074074075,0.10211652517318726,1976.6185684486672,0.0003,3667.141845703125,-0.0332023571745527,0.2,-45.380427551269534,4054.7708450882524,4250,0.020502146
0.4482150954980901,29.787037037037038,131,14.143889282479527,9.736930848538018,17.63697809402121,0.8559027777777778,8.761964956710155,5632,19.328703703703702,11.363433809972754,13.62730271381075,737856,5.742194668747913,36.0,0.8752735707880036,28.870081018518505,0.1254350276876042,0.0,26.590073437276384,0.9239943341767075,52.36922599344455,37.480324074074076,48,0.3203802795586788,17.788496833465857,5.8761579630036636,427,-510.16588239000004,15.315795761159766,0.1491898148148148,0.04324573278427124,2144.0341724254467,0.0003,5854.37353515625,-0.03440226763141928,0.2,-45.39687015392162,6349.767433449074,4260,0.01767504
0.4497331473520429,29.435185185185187,130,13.978574278409367,9.636594531278469,17.371813269929497,0.8269675925925926,8.856323756637854,5645,19.328703703703706,11.388189202499342,13.671186417721048,739584,5.754335478139507,36.0,0.876022394411265,29.16666666666669,0.12162220967850519,0.0,26.61691729136722,0.9184319420884698,52.29420737668027,37.723379629629626,48,0.3170582122486089,17.90215701063505,5.87664446024166,428,-513.8178268400001,15.349673727204069,0.16030092592592593,0.0062149763107299805,1954.9100436457882,0.0003,5411.83984375,-0.03296581608829675,0.2,-45.38775501957646,5040.980756293403,4270,0.019424804
0.4483742464023787,29.212962962962962,130,13.88087911251394,9.62989569253584,17.367998647605894,0.8431712962962963,8.981514364589412,5658,19.675925925925927,11.41280134537198,13.624410545555735,741312,5.76678926405098,36.0,0.876858943428808,29.593460648148184,0.12468806671491481,0.0,26.644075165324193,0.9179219412750212,52.317392666403244,37.59953703703704,48,0.3165602336644087,17.84485714905515,5.977223842556115,429,-516.6624033600001,15.383434753567958,0.12199074074074075,0.11910563707351685,1942.5467165911639,0.0003,3453.223388671875,-0.029252910513982728,0.2,-45.37762839705856,6723.388559751157,4280,0.016424684
0.4485245464349689,29.23148148148148,130,13.878771333787467,9.528145286622289,17.29783171488532,0.8194444444444444,8.759200323138023,5672,19.791666666666668,11.437355100908345,13.649153504323083,743040,5.778687264858825,36.0,0.8779328728356983,28.855613425925934,0.11905698644079568,0.0,26.666572184987132,0.9187882731537331,52.30811858264766,37.557870370370374,48,0.3133345273352606,17.82150221454582,6.010915094475564,430,-516.77721645,15.417257637328765,0.11875,0.10282063484191895,1819.4461901346842,0.0003,3767.58544921875,-0.032795487056244854,0.2,-45.36768945764612,7445.136648220486,4290,0.014152932
0.44771689520301694,29.25,130,13.86989891931571,9.48506681331652,16.78975609391442,0.8483796296296297,8.828394236553285,5685,18.287037037037038,11.461914489571443,13.615624137685366,744768,5.790758250450208,36.0,0.8756257111769695,29.13773148148144,0.12666293882914245,0.0,26.60229637091059,0.9207205556814662,52.40541452166386,37.55266203703704,48,0.3130421651936768,17.823755465239064,5.554790361282188,431,-517.41707038,15.450996697672979,0.13159722222222223,0.06904000043869019,1993.127632437812,0.0003,3124.4345703125,-0.032600738265103214,0.2,-45.36414468553331,8148.897115523727,4300,0.015696114
0.44304710045142975,29.425925925925927,130,13.95585305468799,9.720321317276989,16.94547179142284,0.8333333333333334,9.000574108009387,5698,17.708333333333332,11.486519707372949,13.48240880324793,746496,5.803259685720232,36.0,0.8763560962829521,29.665798611111136,0.12065042720303365,0.0,26.62974353270015,0.9121971296866961,52.444401119802365,37.58159722222222,48,0.32100977265513114,17.842087120602457,5.3892974194578604,432,-517.87595622,15.484402719681098,0.14427083333333332,0.06354385614395142,1953.310692667078,0.0003,2428.898193359375,-0.03384745365733074,0.2,-45.35495948791504,5418.558945041233,4310,0.018066289
0.44975113318486293,29.712962962962962,130,14.111133095175143,10.139866636641855,17.620106754471344,0.8668981481481481,8.691945098815985,5711,18.055555555555554,11.51104222444335,13.670890223650796,748224,5.814989548467272,36.0,0.8752373702501561,28.587962962962955,0.12840365870444673,0.0,26.590989975367943,0.9210752297685256,52.41096512770371,37.52256944444444,48,0.33410634711356435,17.809006828160978,5.489107022654344,433,-518.86071873,15.518279945240225,0.15949074074074074,0.07865798473358154,1732.7268027552852,0.0003,4817.9794921875,-0.03441309161242787,0.2,-45.344498796816225,9692.976188151042,4320,0.018432098
0.44873420839856515,29.527777777777775,130,14.012642980248776,9.894449161324076,17.298589513089723,0.8396990740740741,8.77403329584527,5724,18.171296296296294,11.535671502172965,13.632634296340314,749952,5.826924631706885,36.0,0.8685339644283713,28.85561342592591,0.1223460788468165,0.0,26.39404734981481,0.9236283384440995,52.23460575692499,37.62152777777778,48,0.3259987571654915,17.851711091845477,5.511497371516868,434,-520.2560124400001,15.552061530981076,0.15636574074074075,0.09486114978790283,1566.8679128858778,0.0003,3793.1611328125,-0.032491743305905,0.2,-45.3650646492287,7881.256556532118,4330,0.020534942
0.45839619632121936,29.953703703703706,131,14.214557636557435,10.211787186105909,17.715590287025634,0.8240740740740741,8.707408738291258,5737,17.824074074074076,11.560388374612964,13.95674447769692,751680,5.838693153552613,36.0,0.8733999135467206,28.725405092592577,0.121041234915,0.0,26.52447939264778,0.9251505476710761,52.28857897753773,37.68460648148148,48,0.3362682896650309,17.886748975999474,5.40924546436229,435,-524.3579423900001,15.586653392175318,0.13304398148148147,0.11643940210342407,2097.396590423584,0.0003,6234.21728515625,-0.032123318431829966,0.2,-45.39233627319336,11848.066639539931,4340,0.01651176
0.4575596286418095,29.39814814814815,131,13.948310714665533,10.05431858593127,17.13551998067738,0.8454861111111112,8.58740333386621,5751,17.24537037037037,11.585042552253714,13.929561323779737,753408,5.850161661887279,36.0,0.873855013196604,28.327546296296358,0.1234177180262207,0.0,26.530955173592,0.9225798047376055,52.256997718719695,37.6412037037037,48,0.33161334315048463,17.861671056299695,5.2528906800805775,436,-527.85258746,15.621177295484767,0.16267361111111112,0.05562680959701538,2307.888694692541,0.0003,2592.5771484375,-0.033162050737344004,0.2,-45.411810133192276,3634.692794686777,4350,0.020193882
0.451812052533818,29.537037037037038,131,14.007189572808635,10.211140496401532,17.229836937619933,0.8530092592592593,8.753863948174905,5764,16.89814814814815,11.610106157680306,13.746693746622222,755136,5.862046321757717,36.0,0.8724326301231692,28.85561342592594,0.12704630032100073,0.0,26.487548337192255,0.9217146260356047,52.27054301039672,37.9681712962963,48,0.33671837986497294,18.025442170636673,5.131506868409766,437,-528.48114551,15.655244029851323,0.13246527777777778,0.11242896318435669,2024.6104959699842,0.0003,3717.3818359375,-0.030767202701557566,0.2,-45.406515771371346,6977.240321180556,4360,0.015515207
0.45277846617360934,29.12962962962963,131,13.824310004173212,9.722096268898488,17.072906096488424,0.8310185185185185,8.772208044539303,5777,18.63425925925926,11.634761568032825,13.745048964533318,756864,5.873976841869065,36.0,0.8706206061251803,28.833912037037052,0.12077772024018268,0.0,26.442409774199238,0.9237457998318672,52.26354949434823,37.63715277777778,48,0.31996012053289863,17.862164141007536,5.646499823416721,438,-528.58772739,15.689306652262657,0.18472222222222223,0.09151697158813477,1895.2155024069327,0.0003,3437.1845703125,-0.034114367992582696,0.2,-45.42536525019893,5442.702252875434,4370,0.02268019
0.45161731248750747,28.574074074074076,131,13.55711721297365,9.50333519556673,16.34205826516059,0.8211805555555556,8.680006497139994,5790,17.824074074074073,11.659447572171345,13.726337957191591,758592,5.885676858111915,36.0,0.871482857741876,28.616898148148145,0.12036945167419148,0.0,26.46441793804171,0.926315627125077,52.324568022745716,37.671875,48,0.31310989647486637,17.874401655407578,5.401605856620208,439,-529.1646946599999,15.723322497155635,0.1553240740740741,0.06965017318725586,1966.8097560317428,0.0003,4406.98974609375,-0.03514653295364783,0.2,-45.451449697989005,7707.850862630208,4380,0.016490724
0.4488711398671162,29.0,131,13.764789778066932,9.695267422331106,17.219655284857904,0.8078703703703703,8.733455495805716,5803,19.328703703703706,11.683832010308404,13.645402041108175,760320,5.897510496851429,36.0,0.8713407183048592,28.77604166666671,0.11387635810787543,0.0,26.47104337303648,0.9111911823826617,52.29384345503423,37.40856481481482,48,0.319450147707072,17.753775254823363,5.8795980844598645,440,-528.09270907,15.757136002258406,0.13258101851851853,0.08731544017791748,2192.7778149640117,0.0003,3969.336669921875,-0.031379137657306815,0.2,-45.459085097136324,4684.580098922164,4390,0.017113917
0.45740520811832125,29.324074074074076,131,13.908921886013227,9.637337762002723,17.494841115312006,0.8362268518518519,8.614724235047694,5817,19.90740740740741,11.708726593850109,13.90404044298655,762048,5.909047307439048,36.0,0.87194992293096,28.392650462963015,0.12414531706539869,0.0,26.48228395697952,0.9229893411898374,52.31355337648832,37.842013888888886,48,0.3184435947076176,17.957833416681964,6.068581467296059,441,-531.1987386,15.791596103365872,0.12372685185185185,0.06145995855331421,1863.886755349901,0.0003,5186.06640625,-0.030101397445563366,0.2,-45.46032894275807,9609.240713614005,4400,0.014667387
0.4541456787920789,29.777777777777782,131,14.119102332496707,9.491115275409504,18.159485160837782,0.8495370370370371,8.67123763293275,5830,21.990740740740737,11.73356080475356,13.837318752219531,763776,5.92072540152138,36.0,0.8713489018235331,28.645833333333375,0.1259886958015942,0.0,26.460433445060335,0.9264862877968165,52.34774692877514,37.76793981481482,48,0.3128450997955588,17.93368436138061,6.669267552931569,442,-534.47094116,15.825889400246421,0.14930555555555555,0.07330930233001709,2260.2217849448875,0.0003,3275.860595703125,-0.0318892238834114,0.2,-45.44937468634711,5028.906311487269,4410,0.017746458
0.4483824580123973,28.953703703703706,131,13.737662363978892,9.141710842518384,17.05054741493976,0.8136574074074074,8.696012695145924,5843,20.71759259259259,11.758008821284683,13.616055740848758,765504,5.932465433259244,36.0,0.8705794135768108,28.616898148148202,0.11710427620917571,0.0,26.445699683889035,0.9162082417041318,52.2413802715092,37.460648148148145,48,0.3008282379488674,17.779206612448828,6.291174208442484,443,-532.4198516299999,15.859629539598544,0.13622685185185185,0.12207722663879395,2051.2468653643573,0.0003,5915.5439453125,-0.03220945391459046,0.2,-45.45103988647461,10158.552853732639,4420,0.01562986
0.4520989420923822,28.212962962962962,131,13.385965549340858,8.410888645764127,17.07143381820609,0.8321759259259259,8.775550161718707,5856,24.421296296296294,11.782859976908876,13.746261514769495,767232,5.9444043086635405,36.0,0.8661390771100592,28.942418981481424,0.12177742641364254,0.0,26.316760131154652,0.9199599752586841,52.172167579016794,37.798611111111114,48,0.27672153944637995,17.9404622496771,7.394579623101102,444,-533.64356013,15.893695193385467,0.16568287037037038,0.053529322147369385,1924.2456639466461,0.0003,4660.82177734375,-0.03277937626224701,0.2,-45.4442566341824,6975.472376844618,4430,0.01889938
0.4507382925352673,27.98148148148148,131,13.285672430953946,8.129969428135452,17.13607941955781,0.8460648148148148,8.819465387683662,5869,25.810185185185187,11.807556955662173,13.69658998809871,768960,5.95645297213275,36.0,0.8633882727231009,29.05092592592593,0.12247621985862249,0.0,26.2405483092767,0.9175705358250262,52.11871417278517,37.67824074074074,48,0.2672418447700529,17.87879150131887,7.840437560468412,445,-537.08847622,15.927636668355714,0.13975694444444445,0.10004311800003052,1976.3312148058856,0.0003,6605.74560546875,-0.03569624690097515,0.2,-45.447105393586334,10349.120871310764,4440,0.015301329
0.4499098035377334,28.333333333333332,131,13.455769052157416,7.915306168714424,17.822236116745614,0.8460648148148148,8.902076937566532,5882,28.125,11.832278869599774,13.678928212165786,770688,5.968708164476666,36.0,0.8642097707275287,29.325810185185215,0.12423876006947263,0.0,26.263996037414177,0.9294600760679856,52.17607458876919,37.704861111111114,48,0.2597506553617177,17.888765575040214,8.571160895873776,446,-537.7128146800001,15.961533988886128,0.16591435185185185,0.13492447137832642,1871.5185646198413,0.0003,3664.944580078125,-0.034196147020837224,0.2,-45.418080464115846,5676.84661187066,4450,0.019463353
0.45206322298418095,28.814814814814813,131,13.67421230223385,8.409802937463928,17.821780896683478,0.8315972222222222,8.753494193207532,5895,25.694444444444443,11.856928752447399,13.719219247894301,772416,5.980591899959685,36.0,0.8646901823945637,28.797743055555564,0.1174379366774321,0.0,26.26588993211479,0.918584233050793,52.24559665331518,37.629050925925924,48,0.277027364999017,17.85995313905006,7.8577656569856975,447,-538.39119963,15.995532037005864,0.14288194444444444,0.07646560668945312,2466.8248301258795,0.0003,4283.66162109375,-0.032703037630697644,0.2,-45.44649679395888,6499.8350016276045,4460,0.017455949
0.45297936960830404,28.907407407407405,131,13.712019889347092,8.26014750727369,18.853159136515195,0.8489583333333334,8.694492066683633,5908,29.62962962962963,11.881424736353067,13.785180697671379,774144,5.992328130126394,36.0,0.8689907751573247,28.64583333333338,0.125075077997399,0.0,26.392123066982396,0.9209068822129128,52.25740441405452,37.4994212962963,48,0.27199506765449116,17.79839356226732,9.000991739894415,448,-538.75812841,16.02969498875004,0.14947916666666666,0.0839892029762268,2163.7954469610145,0.0003,3362.915771484375,-0.03212143278991183,0.2,-45.48022093596282,4960.136390516493,4470,0.018341547
0.4408416887129527,29.01851851851852,131,13.770562013256383,8.135370587137544,19.28584398199677,0.8356481481481481,9.01258929737547,5921,31.365740740740737,11.905953792393085,13.396402884894476,775872,6.004859603369832,36.0,0.8658736357817691,29.69473379629631,0.1185792897278507,0.0,26.29618280575004,0.9199834725765702,52.190618741522115,37.54340277777778,48,0.2671399772285443,17.811622416007058,9.499911381602844,449,-538.12337396,16.062885995962276,0.13038194444444445,0.06345224380493164,2324.0266923692493,0.0003,2529.59619140625,-0.031457172636011686,0.2,-45.477593683313444,8403.93709762008,4480,0.016667755
0.45458913577564825,30.018518518518515,131,14.231634901905172,8.826096731436905,19.792531435728545,0.8350694444444444,8.768410111181277,5934,29.166666666666668,11.930770925435427,13.818249002122506,777600,6.016780628647785,36.0,0.8737280511142601,28.87731481481482,0.12103929759281214,0.0,26.542414505573287,0.9245924798847801,52.287860415366204,37.770254629629626,48,0.29071470464546045,17.926853216936816,8.854799802386466,450,-540.09389901,16.097131618467582,0.17962962962962964,0.07503151893615723,2345.050430481522,0.0003,3012.794189453125,-0.03574322461736975,0.2,-45.45556701377586,5507.680599410445,4490,0.021024143
0.4480917849130033,30.61111111111111,131,14.514631297792612,8.864124110999322,20.13406239713484,0.8096064814814815,8.93973238042502,5947,29.28240740740741,11.955431544128146,13.623143110179898,779328,6.029129959598848,36.0,0.8720566330287016,29.398148148148213,0.11683175293082888,0.0,26.490843308879402,0.9196081980195265,52.28025507505788,37.62210648148148,48,0.29181976908378854,17.864247477087453,8.875306988342908,451,-543.36448488,16.13088947624303,0.13287037037037036,0.05041104555130005,2412.627165363453,0.0003,4478.48046875,-0.031684823727442156,0.2,-45.44093999509458,8166.53511827257,4500,0.014000697
0.4474655597931108,30.462962962962962,131,14.43871523998366,9.16799712796414,18.852998363494457,0.8489583333333334,9.040396565458416,5960,24.421296296296294,11.980344074061533,13.59179911219447,781056,6.041730951012494,36.0,0.8752234501381729,29.774305555555596,0.1254725162731606,0.0,26.580332447893397,0.9220307866658966,52.338310652036164,37.860532407407405,48,0.3020461344399689,17.96501197335435,7.366285995546654,452,-544.1703553699999,16.164568974023517,0.10966435185185185,0.06654536724090576,1984.0635108382614,0.0003,4606.3408203125,-0.027541237170980483,0.2,-45.414949883355035,6825.452562572338,4510,0.015279358
0.45583792109549326,30.61111111111111,131,14.505497815190552,9.388397092357437,18.59156116227748,0.8211805555555556,8.626618635427944,5973,22.569444444444446,12.005284913949717,13.865360903663769,782784,6.053297497601064,36.0,0.8687916576405931,28.41435185185187,0.11955556537458399,0.0,26.379873244205033,0.9256813245182947,52.33699399438169,37.86516203703704,48,0.3093409141550164,17.976335955273687,6.817666254729488,453,-547.77472046,16.198932376282677,0.1175925925925926,0.1203833818435669,2232.352474678887,0.0003,7610.68115234375,-0.032247886182395394,0.2,-45.42312509042245,11202.022115523727,4520,0.014210094
0.4476516825695955,30.59259259259259,131,14.512425901823372,9.496632243210511,18.607027734284713,0.8385416666666666,8.796220151614772,5986,22.222222222222225,12.030133268329825,13.607921813185415,784512,6.065288047980101,36.0,0.8698715658378736,28.956886574074066,0.11635002548204892,0.0,26.40377967008081,0.9126055408139147,52.380387660430095,37.789351851851855,48,0.312509460176366,17.939341752042996,6.717969589250828,454,-547.46770816,16.23265218081564,0.1337384259259259,0.08313494920730591,2594.310517007333,0.0003,4290.4453125,-0.03235125989066782,0.2,-45.41745640790021,5530.410837131077,4530,0.016157683
0.4460643002536475,29.703703703703706,131,14.085504539175695,8.810058597871139,17.693927328664586,0.8206018518518519,8.900249249545405,5999,22.916666666666668,12.054996595084383,13.57651457024057,786240,6.077538671103964,36.0,0.8672479841321792,29.39814814814819,0.11862424620401625,0.0,26.328951641768928,0.9212194173119855,52.30406736199185,37.81481481481482,48,0.28994046672423784,17.945330701822964,6.9183641916177505,455,-547.20782674,16.266293467241244,0.14953703703703702,0.055238306522369385,1945.0803930070665,0.0003,5762.9453125,-0.034672264778917584,0.2,-45.404361993295176,9718.898913122106,4540,0.018581001
0.444962507565767,29.76851851851852,131,14.122871575755667,8.69225738309371,17.873060307635544,0.8697916666666666,8.858297874767429,6012,23.72685185185185,12.079558751449927,13.540588624158964,787968,6.089684415790883,36.0,0.864010950676611,29.152199074074105,0.12344485533535347,0.0,26.21163067282502,0.9189829467512047,52.26313195562589,37.53761574074074,48,0.28612290445881744,17.824862546217354,7.177931348786167,456,-546.66982266,16.29984493880164,0.17563657407407407,0.04051488637924194,2236.1624721385815,0.0003,2623.071044921875,-0.03369702051773116,0.2,-45.396149444580075,6433.567966037326,4550,0.019794933
0.4457464063574838,29.546296296296294,131,14.006889807891925,8.360901706605452,18.23463096841766,0.8356481481481481,8.607330299344573,6025,26.50462962962963,12.104207490263171,13.536083604845322,789696,6.101202741539244,36.0,0.868299866313413,28.320312499999996,0.11962371556048226,0.0,26.355550734668586,0.9227356091788631,52.28486975535001,37.6244212962963,48,0.2751428097138102,17.85949552529747,7.986839453920287,457,-546.1442636600001,16.333385147813754,0.16377314814814814,0.07934576272964478,1869.0598140504626,0.0003,4004.86572265625,-0.03257993756345025,0.2,-45.3861422362151,10760.794428168403,4560,0.020027364
0.4390889946247545,29.64814814814815,131,14.047424134362009,8.18368040469379,18.33365582333854,0.8634259259259259,8.912687736119668,6038,27.199074074074076,12.1286120986448,13.33883001827605,791424,6.113484460879543,36.0,0.863751595710661,29.325810185185176,0.1229009773137619,0.0,26.225839132096052,0.9182724242666035,52.1965250721814,37.42881944444444,48,0.2696698733111349,17.761843352650995,8.222551284282737,458,-544.88426084,16.366432222859444,0.1517361111111111,0.08930248022079468,2432.4832078156646,0.0003,3659.90283203125,-0.0318628610715408,0.2,-45.38308255230939,5171.928082501447,4570,0.018897608
0.44021594812213105,29.444444444444443,131,13.959852907677055,8.467591906360747,17.601325585504654,0.8483796296296297,8.856941623153347,6051,24.189814814814813,12.153291996605091,13.379879476420141,793152,6.1256268149374264,36.0,0.8638569946445607,29.202835648148202,0.12640938949034852,0.0,26.222843729078818,0.9254612963700175,52.20061525978401,37.66261574074074,48,0.27860098749888734,17.87195918411671,7.29388077146685,459,-545.68094016,16.399581921550496,0.2154513888888889,0.07577264308929443,1777.9432384702895,0.0003,5126.9833984375,-0.037542868155503166,0.2,-45.36871022824888,9729.112496383103,4580,0.025948184
0.44199547582493587,29.935185185185187,131,14.19406075930849,8.399930550311474,18.686282710560675,0.8292824074074074,8.848101026603123,6065,27.199074074074076,12.17782437696728,13.435969175322365,794880,6.137747067503934,36.0,0.8626411892729405,29.166666666666615,0.11820837696898523,0.0,26.196317303820972,0.9179359211662409,52.22902051354378,37.52777777777778,48,0.27634930497962595,17.812952144875528,8.212291400940709,460,-547.8568606499999,16.4328718444888,0.12268518518518519,0.150618314743042,2564.2049585695618,0.0003,4980.1435546875,-0.03036000487498111,0.2,-45.40803421868218,7771.157400173611,4590,0.014678242
0.45064277266451036,29.26851851851852,131,13.888797661551571,8.263317093113105,18.025672704172834,0.8240740740740741,9.01894155155188,6078,26.38888888888889,12.202704119620687,13.698256256975865,796608,6.150294421382814,36.0,0.8598112027250479,29.72366898148143,0.11962655237249159,0.0,26.110487086053677,0.9218915318167125,52.184128911147525,37.829861111111114,48,0.2715858682589942,17.95189706136313,7.993557949508158,461,-553.5016102200001,16.46681748513124,0.12980324074074073,0.06329476833343506,2016.3687864798087,0.0003,4833.1396484375,-0.030280520680739925,0.2,-45.41502236260308,7029.330518482349,4600,0.017059688
0.45668691255432514,28.824074074074073,131,13.663733115435086,8.24729495063755,17.42050954267271,0.8587962962962963,8.809342376668225,6091,25.115740740740744,12.227686254512742,13.883160897370024,798336,6.162317777324485,36.0,0.8611955152966472,29.036458333333318,0.13073417322883663,0.0,26.14988846325147,0.9290174002151411,52.15819515628501,37.925925925925924,48,0.27190396280980605,17.99285395682168,7.629481476600077,462,-559.0195856400001,16.501225387374667,0.08269675925925926,0.06377649307250977,2224.9474104563396,0.0003,7905.97802734375,-0.02988389221502951,0.2,-45.395015207926434,14026.729636863425,4610,0.011290557
0.4470111356280366,29.787037037037038,131,14.120308653231222,8.676421019586627,18.56073562964965,0.859375,8.866059198464333,6104,25.925925925925924,12.252621874964222,13.598266168999258,800064,6.174482925320645,36.0,0.8639235843425658,29.253472222222257,0.12346188419187498,0.0,26.226103893867503,0.9250280185625372,52.246574079338416,37.880208333333336,48,0.28582217312920316,17.974248180591907,7.884005956831797,463,-559.7400150100001,16.534921052797166,0.1527777777777778,0.05908602476119995,2329.404997281675,0.0003,2473.962158203125,-0.031766516275496946,0.2,-45.3990389223452,7254.945433666088,4620,0.017905522
0.44905681906497713,29.85185185185185,131,14.149023021174095,8.437348602782537,19.260604778557088,0.8547453703703703,8.846497083341758,6117,29.050925925925924,12.277447324666953,13.645576914888933,801792,6.186599168029,36.0,0.8632134173220901,29.152199074074073,0.12212092485090222,0.0,26.21100263879531,0.9180855560295952,52.191305168565776,37.78993055555556,48,0.278089489203801,17.930179881092744,8.794233154600455,464,-559.19950659,16.568734995084387,0.12291666666666666,0.11087679862976074,2052.436030847055,0.0003,7999.14453125,-0.03133223668879105,0.2,-45.39915281225134,10505.458306206598,4630,0.016525896
0.45601112690534534,30.166666666666668,131,14.296020216021978,8.492133212295473,19.57092482725927,0.8373842592592593,8.918030473982757,6130,29.28240740740741,12.302456164132952,13.873211652291758,803520,6.198894244213957,36.0,0.8693755259761989,29.405381944444432,0.11957569997515724,0.0,26.400035256858033,0.9248148761134588,52.22469098806178,37.92766203703704,48,0.2802101684060256,18.003535786399535,8.902771398941818,465,-562.64590873,16.603118024215117,0.15590277777777778,0.09133380651473999,2271.850058520282,0.0003,3794.05126953125,-0.03331125729406873,0.2,-45.39992832607693,6570.362981951678,4640,0.01874382
0.44838301275600356,29.935185185185187,131,14.191632926220139,8.59012662708179,18.677096572396234,0.8425925925925926,8.773216525575267,6143,26.50462962962963,12.327218757207746,13.63012225417522,805248,6.210827285527895,36.0,0.867926320933798,28.884548611111082,0.11859731262558064,0.0,26.357207194172673,0.9280647446216986,52.19525076885477,37.717592592592595,48,0.2826611618628813,17.905037229917728,8.015337019094304,466,-563.88618257,16.636893329850555,0.13229166666666667,0.09663498401641846,2403.744793842457,0.0003,6519.1689453125,-0.027741630989368316,0.2,-45.403625389381695,7809.764190899884,4650,0.017179197
0.4447690708721432,29.416666666666668,131,13.929569461458096,7.881211865738913,18.65480859059835,0.8396990740740741,8.73000245352347,6156,29.62962962962963,12.351908104331157,13.525785577632314,806976,6.222652291661704,36.0,0.8660227725774053,28.732638888888896,0.12016727799730889,0.0,26.30379994048707,0.9206852817282171,52.17324775946168,37.65914351851852,48,0.26035056750953056,17.875738849364215,8.964027263401343,467,-559.8399385399999,16.670407793794634,0.19681712962962963,0.050097525119781494,2511.399869297169,0.0003,6520.21630859375,-0.03447803707310447,0.2,-45.398536908185044,6106.4666060836225,4660,0.020934217
0.4502841081906485,29.75,131,14.10189751100919,8.34259057039169,19.09977020222574,0.8159722222222222,8.979469363158342,6169,29.050925925925924,12.37688888195827,13.698483096044816,808704,6.235100965069599,36.0,0.8661976236512215,29.528356481481502,0.11179782408361462,0.0,26.29509048024795,0.9142916730713119,52.192292299208795,37.889467592592595,48,0.27480117111577324,17.99231105084492,8.77528212082486,468,-562.73258695,16.704354001534746,0.12685185185185185,0.09241902828216553,2269.3986490602847,0.0003,5132.1015625,-0.029567781604688478,0.2,-45.38941315544976,8039.641333912037,4670,0.016096791
0.4504651771349223,29.509259259259263,131,13.982625973360053,8.145050795916598,19.05743219352653,0.8344907407407407,9.010385292101779,6182,29.86111111111111,12.401766852360796,13.696399413364183,810432,6.247626928299854,36.0,0.8693757943648673,29.738136574074005,0.12184605708456443,0.0,26.40041488447157,0.9258182838413402,52.22547396910303,37.83796296296296,48,0.26868131314610655,17.951188161010712,9.049755424249879,469,-566.6485556100001,16.738295000068156,0.16354166666666667,0.1209987998008728,2324.9939261259856,0.0003,4559.21044921875,-0.03504380307815693,0.2,-45.370192506578235,5277.532921911169,4680,0.01818175
0.44692442684844347,29.12037037037037,131,13.801186911415677,8.147974790009274,18.082945390882024,0.84375,8.91100234302944,6195,27.199074074074076,12.426439409270642,13.582994767529977,812160,6.259904434157428,36.0,0.8668900604763404,29.311342592592602,0.12377275826517521,0.0,26.32749556145446,0.9299945641478289,52.180200500539286,37.66319444444444,48,0.2688408856027006,17.869022763939082,8.253783689457075,470,-566.26115693,16.77195248698698,0.11689814814814815,0.12357461452484131,2457.3614705121076,0.0003,4537.12158203125,-0.03426990873628744,0.2,-45.38647336606626,8099.728600622107,4690,0.015058772
0.4522918086876286,29.185185185185187,131,13.83896892385134,8.353621719109215,18.13801123078423,0.8373842592592593,8.824184640867509,6208,26.62037037037037,12.451201654693275,13.758409373048188,813888,6.271964895759597,36.0,0.8702485247355782,29.07262731481484,0.1174949318193822,0.0,26.419050621995723,0.9127966929917247,52.297685722494,37.720486111111114,48,0.275118455317005,17.90489816905305,8.065420587823672,471,-566.7346922199999,16.8060485104196,0.1361689814814815,0.07060021162033081,2717.799791124132,0.0003,4470.50732421875,-0.03266008077879195,0.2,-45.36941249988697,5088.049016655816,4700,0.016718231
0.4437380769069905,29.416666666666668,131,13.96555102283279,8.398362950049533,18.43810309013082,0.8368055555555556,8.965517631330039,6221,26.96759259259259,12.475916234153877,13.490349558574588,815616,6.284378689837922,36.0,0.8680520883603804,29.52835648148138,0.11836184347906058,0.0,26.349684048751655,0.9205473172726051,52.188355045971946,37.67881944444444,48,0.2763587712223711,17.88583178424091,8.194189117248497,472,-568.01634669,16.839474384316038,0.17754629629629629,0.08995002508163452,2273.4336496847645,0.0003,7104.40478515625,-0.031746812713228996,0.2,-45.35042792426215,9002.634293619793,4710,0.018428447
0.447560158114235,28.990740740740744,131,13.745352268159229,8.320797913535605,18.074477593608233,0.8396990740740741,8.830893946734037,6234,26.85185185185185,12.500757306192181,13.606713963552172,817344,6.296455924704757,36.0,0.8663234570191861,29.108796296296326,0.12436252359155904,0.0,26.300106238022433,0.9218048081368573,52.19205859260555,37.79398148148148,48,0.2743262951775646,17.93642881532173,8.128327411913398,473,-568.14733236,16.873191169224917,0.12390046296296296,0.0665513277053833,2592.4165872927065,0.0003,4884.41748046875,-0.030766757743226156,0.2,-45.337241137469256,5920.563661476418,4720,0.014991822
0.44683768955909703,29.60185185185185,131,14.046509377124858,8.702663315895277,19.076153654781127,0.8478009259259259,8.834271607188551,6247,27.89351851851852,12.525384057722302,13.57769844913127,819072,6.308541603722729,36.0,0.870392074325855,29.101562499999982,0.12139787105430111,0.0,26.423428412411994,0.9209190016714777,52.25958749005914,37.61516203703704,48,0.28646165068483115,17.850700612048588,8.44698096176099,474,-568.96002709,16.906835415347746,0.11082175925925926,0.1228100061416626,2217.9634328065094,0.0003,5469.4892578125,-0.028836147300899027,0.2,-45.34909515380859,9572.012395109954,4730,0.01392423
0.4442018270480219,29.694444444444443,131,14.102632098267984,8.591351966376775,19.53037287663593,0.8489583333333334,8.741929263471942,6260,29.513888888888886,12.549955497608307,13.507003623636288,820800,6.320396426881408,36.0,0.8714164557353489,28.812210648148177,0.12298500132865597,0.0,26.471441069441198,0.9221182104475344,52.277603777675246,37.57233796296296,48,0.2822637845814157,17.828575954402087,8.95638881199117,475,-567.80855438,16.940302924406836,0.14629629629629629,0.07096892595291138,2474.8816847200746,0.0003,4525.322265625,-0.031422137751899386,0.2,-45.356202641239875,7905.737449363426,4740,0.017196434
0.4452870390720275,29.212962962962962,131,13.854057558618393,8.725495111295693,18.145877573701263,0.8663194444444444,8.943737399989564,6274,25.347222222222225,12.574784292280839,13.53446317586444,822528,6.332755770381382,36.0,0.8710631318673904,29.484953703703756,0.12823510777965277,0.0,26.45170795807987,0.9206313722832982,52.25105898505259,37.770833333333336,48,0.2875221247899251,17.93151786901279,7.6863249037871775,476,-569.6969653799999,16.973839082346498,0.13153935185185187,0.05507129430770874,2473.0897047537346,0.0003,7354.74560546875,-0.03010867103865301,0.2,-45.37313390661169,13289.040798611111,4750,0.01586098
0.44776705957645624,29.23148148148148,131,13.864265576451958,8.283661218233247,19.231977213873968,0.8454861111111112,8.824095877860186,6287,30.43981481481482,12.599454962246103,13.607238862326762,824256,6.344816010076033,36.0,0.8696975251169824,29.05815972222227,0.12424600790210065,0.0,26.401715852722702,0.9235113163193981,52.27165870344504,37.641782407407405,48,0.2724317139982523,17.868267986105828,9.20405041918876,477,-572.3157982199999,17.007557179502314,0.17552083333333332,0.09533387422561646,2511.660661146376,0.0003,3098.955078125,-0.03689880171549265,0.2,-45.36702907703541,7182.768928132234,4760,0.02013512
0.45415691589289586,29.462962962962962,131,13.978998654659932,8.618590516223607,19.30274543938863,0.8339120370370371,8.73195863420991,6300,29.166666666666668,12.624246273393315,13.828460809484575,825984,6.356645906661558,36.0,0.872698174149866,28.87008101851852,0.1213519292481756,0.0,26.49514981229945,0.9210574949101078,52.29044742597671,37.75868055555556,48,0.2833273902316515,17.916524458884776,8.825156268505092,478,-575.1515291200001,17.041828331526027,0.11840277777777777,0.05154120922088623,2783.406186266299,0.0003,4934.2197265625,-0.031440701865142695,0.2,-45.374714123761215,11661.117154947917,4770,0.013651576
0.4439013654465744,29.305555555555557,131,13.896867073391995,8.2516607655281,19.48792964883235,0.8796296296296297,8.98883358048305,6313,31.25,12.649030330186067,13.496729838525326,827712,6.369117990612765,36.0,0.8710540994591615,29.62239583333335,0.12968928740476027,0.0,26.442947812973326,0.9214292288344116,52.29792097720795,37.74652777777778,48,0.2717217883852248,17.913622717101177,9.459401809912253,479,-576.66617454,17.07527015612234,0.14704861111111112,0.09870022535324097,2818.813498546459,0.0003,4182.44384765625,-0.029984491147721806,0.2,-45.35615381311487,5484.481478316696,4780,0.016032394
0.44505989888168207,29.148148148148152,131,13.821929838196871,8.189465027811577,19.652685584543008,0.8379629629629629,8.879234208010166,6326,32.17592592592593,12.673767583884192,13.532502727003541,829440,6.381316076132791,36.0,0.871915370732947,29.311342592592677,0.11946668787406046,0.0,26.47215450875538,0.9210723572571482,52.32904202804142,37.699074074074076,48,0.2697226675713517,17.894901479250475,9.76129071853456,480,-575.83104765,17.108801412939847,0.14693287037037037,0.10267382860183716,2419.613744552047,0.0003,5098.4111328125,-0.03217418846087875,0.2,-45.32147082576045,8523.198994502314,4790,0.017184205
0.44403923946758495,28.824074074074076,131,13.68585543132061,7.985001115312879,19.858863775330455,0.8292824074074074,9.064303331471562,6340,33.91203703703704,12.69838263805247,13.500734487579194,831168,6.39397683446147,36.0,0.8736067003750273,29.911747685185286,0.1202566198290989,0.0,26.534346652488978,0.9108148570942461,52.347094652919765,37.61516203703704,48,0.26238597275147496,17.846021667310904,10.308007228696965,481,-576.41304483,17.142253249158795,0.1494212962962963,0.07845145463943481,2793.3791019722266,0.0003,2573.89404296875,-0.02685316720701478,0.2,-45.332244604605215,4832.686440700955,4800,0.019702196
0.44944654818466473,30.009259259259256,131,14.243337285765607,8.491000432122737,21.20878001597635,0.8663194444444444,8.862964764934885,6354,34.83796296296296,12.723090319739004,13.672122955189915,832896,6.406134246373807,36.0,0.8763529204148278,29.20283564814819,0.12827019626703023,0.0,26.599615411172834,0.918570657571407,52.42228966773522,37.66898148148148,48,0.2794198160964862,17.88307267461358,10.594442298088008,482,-579.02210797,17.17613355654677,0.12650462962962963,0.06374561786651611,2614.2066603483977,0.0003,4765.51220703125,-0.03155275046894396,0.2,-45.34219127231174,6578.749224175347,4810,0.01602209
0.4476009958287123,29.361111111111114,131,13.933402842356605,7.949406839894991,20.06882009452923,0.8842592592592593,8.962337439648396,6367,33.91203703703704,12.74769373921963,13.608310142889865,834624,6.418540089972928,36.0,0.8738820165389298,29.586226851851855,0.12951785994894896,0.0,26.52437241270219,0.9185126140780443,52.306806673278906,37.60590277777778,48,0.26157118536257024,17.841367792250185,10.306010412277631,483,-581.021667,17.209854331903994,0.11984953703703703,0.08094626665115356,2488.3338378482395,0.0003,6834.634765625,-0.026395569177758364,0.2,-45.362687824390555,7989.0567563657405,4820,0.015517191
0.4455849954153485,29.60185185185185,131,14.052274686621194,8.445556226386953,19.788072275639692,0.8657407407407407,8.854643460982235,6380,31.01851851851852,12.772454866681386,13.544592351061013,836352,6.430676698625383,36.0,0.8718609896847648,29.123263888888875,0.12751890803714522,0.0,26.4776574789056,0.9221997879670509,52.32300016631948,37.7181712962963,48,0.27738620768773603,17.90445098470229,9.410241362631544,484,-581.2192684400001,17.243415812781645,0.13952546296296298,0.11448001861572266,2063.0102378562647,0.0003,6507.755859375,-0.03225710050513347,0.2,-45.38085776435004,13286.897726779514,4830,0.016429361
0.44094339858542897,29.212962962962962,131,13.866444838161776,8.189696345064982,20.07446472962335,0.8807870370370371,8.9432515141026,6393,33.449074074074076,12.796834526178055,13.389497624036347,838080,6.4430348274106395,36.0,0.8726313969842878,29.43431712962965,0.13038358346653534,0.0,26.47998400547691,0.9255400587635587,52.381405087358445,37.429398148148145,48,0.2689694413362543,17.75186379866717,10.13832354639659,485,-579.1204371800001,17.276589556841735,0.1472800925925926,0.10804188251495361,2202.0656188399703,0.0003,5333.41552734375,-0.03184511261060834,0.2,-45.38698979130498,7215.14111328125,4840,0.017477704
0.4446804181725846,29.296296296296294,131,13.899667631440467,8.689521218042985,18.8574587162001,0.8611111111111112,8.756578468744799,6406,27.777777777777775,12.821587316729063,13.51637628094405,839808,6.454926273582501,36.0,0.8732486467651747,28.797743055555614,0.12649218476174207,0.0,26.504321698697378,0.9280014583844441,52.400359152618506,37.729166666666664,48,0.28560263597702124,17.90111622040386,8.388269866716648,486,-579.69506192,17.310080497544096,0.12065972222222222,0.06213754415512085,2487.2990506772644,0.0003,5420.00732421875,-0.029907379899587895,0.2,-45.41071951124403,10891.977313006366,4850,0.015349307
0.446936074453554,29.39814814814815,131,13.941811749262582,9.059965579313106,18.472264453118548,0.8234953703703703,8.859935641445208,6419,25.0,12.84641303917729,13.598771481159607,841536,6.467076112686114,36.0,0.8756373273026729,29.224537037037088,0.12163180519258143,0.0,26.57142345144233,0.9191131897144909,52.44833080071129,37.77777777777778,48,0.2986275967119713,17.930288979290854,7.590487124542862,487,-584.19789004,17.343777426246994,0.14351851851851852,0.11516737937927246,2898.196821000841,0.0003,2859.56494140625,-0.03049599507616626,0.2,-45.41901577137135,5275.017869737413,4860,0.016797883
0.44498635805411296,29.611111111111114,131,14.036279079267091,9.220990610991095,17.97662052607534,0.8634259259259259,8.801672116383138,6432,22.569444444444446,12.870962380356852,13.537884521474238,843264,6.479080292977072,36.0,0.8692397803149378,28.993055555555607,0.128439592679739,0.0,26.39134481386897,0.91556120138037,52.31779094436693,37.55555555555556,48,0.30420125771411555,17.819736471824303,6.839350835817154,488,-584.9349863499999,17.37732213755068,0.12662037037037038,0.10337704420089722,2669.8079279016565,0.0003,6357.84130859375,-0.031054735751995056,0.2,-45.42355972572609,8845.464051649305,4870,0.015445106
0.44939755773894074,30.25,131,14.35153552969956,9.523715518763835,18.819748504748,0.8373842592592593,8.826681527920654,6446,23.26388888888889,12.896136373055004,13.666044996729196,844992,6.491146996796873,36.0,0.8762845883254546,29.065393518518565,0.1225989549856909,0.0,26.604666631363415,0.9207589252038844,52.37013193924948,38.06481481481482,48,0.31351896527348055,18.069597079260483,7.064497456284602,489,-587.57718527,17.411187250042506,0.13570601851851852,0.04646420478820801,2079.4708632998995,0.0003,2647.56787109375,-0.030479414578251266,0.2,-45.4210105754711,10221.479445167824,4880,0.015941845
0.4446527190329008,30.15740740740741,131,14.310023616314197,9.787277727044026,18.36030184618227,0.8518518518518519,8.898960822171714,6459,21.064814814814813,12.920996353059623,13.526878534965983,846720,6.503394398852302,36.0,0.8762193602734926,29.354745370370406,0.1266030394064456,0.0,26.591107688468934,0.919531881522874,52.421432929617986,37.80613425925926,48,0.3219737502340832,17.943992001847754,6.383000502824047,490,-590.15690883,17.44470444637992,0.13541666666666666,0.11079341173171997,2836.490399692677,0.0003,8180.77880859375,-0.032064267734272615,0.2,-45.41138617904098,11999.559174262153,4890,0.015195761
0.4468995205351687,29.25,131,13.869834339654055,9.285752751345237,17.82656727750204,0.8721064814814815,8.77774293014332,6472,22.337962962962962,12.945852647879226,13.580227555232788,848448,6.515338756177661,36.0,0.8772242643477904,28.91348379629629,0.12932753020070767,0.0,26.63465964411689,0.9222971330435565,52.44503466474928,37.798032407407405,48,0.3059069107086533,17.942517927841063,6.790980186502748,491,-589.8111192399999,17.478355015268,0.14693287037037037,0.14372128248214722,2509.604562293159,0.0003,2434.861572265625,-0.029923448847882724,0.2,-45.40057918407299,6377.863216145834,4900,0.015273585
0.44580636825086006,29.074074074074076,131,13.79493468873713,9.228283235924977,17.604202567872413,0.8356481481481481,8.720314373432265,6485,22.10648148148148,12.970492048702132,13.561820776569435,850176,6.527139542111241,36.0,0.8756643950446792,28.76880787037042,0.1250463276897229,0.0,26.598206794649087,0.9154663813859542,52.4087156970805,37.613425925925924,48,0.3034492166678874,17.855760329162123,6.700984643210308,492,-589.33513563,17.511959567209423,0.1240162037037037,0.09410649538040161,2437.830108303494,0.0003,4171.78125,-0.028182229418652477,0.2,-45.40175624423557,9644.734937427662,4910,0.014305561
0.43677796421186854,28.39814814814815,131,13.473190068017923,8.903963560461763,16.951333871145103,0.8651620370370371,8.827852392275764,6498,22.10648148148148,12.994795530739442,13.276897847115135,851904,6.539209173091931,36.0,0.8762248641271982,28.985821759259327,0.13128973320646598,0.0,26.612730530730783,0.9265812429398055,52.45458121252287,37.33159722222222,48,0.29275088047393644,17.72139281492397,6.694180242665418,493,-586.19761174,17.54485181182721,0.10625,0.10226494073867798,2671.5315156866004,0.0003,7557.90478515625,-0.024859487972463724,0.2,-45.390675212718826,7272.350623010706,4920,0.014380859
0.436101452000943,28.12037037037037,131,13.338645270937059,8.560534907981163,16.800041175552224,0.8616898148148148,8.992883893079084,6511,23.03240740740741,13.01922306881636,13.264791212531817,853632,6.551691382824628,36.0,0.878761426327288,29.651331018518455,0.12740064097827583,0.0,26.677889851861504,0.9201344050196012,52.45500386513876,37.432870370370374,48,0.28219192353902994,17.771015230767347,7.020860996634002,494,-584.12633278,17.577713789858542,0.146875,0.04040956497192383,2616.6261477858934,0.0003,3576.560546875,-0.03465243367202304,0.2,-45.39279495521828,8935.692418077257,4930,0.018029556
0.44772754510319507,28.342592592592595,131,13.44486919643853,8.917334456382305,16.712752735167086,0.8466435185185185,8.737335207078672,6524,21.412037037037038,13.043875868302868,13.610126188934837,855360,6.563534720842324,36.0,0.8793108764453351,28.710937500000018,0.12767593052260412,0.0,26.69785396791742,0.9259544203921704,52.325293044137915,37.629050925925924,48,0.293404537480133,17.86111979460279,6.470549082346252,495,-589.1558343399998,17.61143910533088,0.1984375,0.10334253311157227,2055.1348400822394,0.0003,3367.877685546875,-0.028618384530353876,0.2,-45.39817650406449,9101.609667064526,4940,0.020338282
0.44394787983671846,28.555555555555557,131,13.54831396806392,9.135833472322453,17.32218975116597,0.8177083333333334,8.670663761225116,6538,22.337962962962962,13.06837581370702,13.48789524834727,857088,6.575211380245387,36.0,0.8803739486260925,28.53009259259257,0.12104789236604241,0.0,26.73291369021832,0.9215661483603043,52.354668624059364,37.5005787037037,48,0.3001198134112169,17.799978161660672,6.758042310779594,496,-592.01789659,17.64485884345175,0.1466435185185185,0.11852198839187622,2819.63132937396,0.0003,7494.708984375,-0.03129961931112188,0.2,-45.42014185587565,12855.09312608507,4950,0.016510883
0.44886037172376136,28.009259259259263,131,13.288202417724273,9.436472761491503,16.022709062601777,0.8240740740740741,8.618130389347016,6551,17.939814814814813,13.092787132085572,13.646379443718658,858816,6.586756706218754,36.0,0.8866800998476886,28.37818287037043,0.1243113055413121,0.0,26.914052077688865,0.9164073056323353,52.488451210339754,37.414351851851855,48,0.3102455786261548,17.764527351420707,5.418033883385999,497,-592.0137853199999,17.67867479206105,0.14612268518518517,0.1120978593826294,3003.7664590623644,0.0003,4239.99072265625,-0.0327266664399455,0.2,-45.39329434147587,5303.03042489511,4960,0.016743556
0.44904749056542176,27.62962962962963,131,13.112221572525163,9.010078535392715,15.735848628310501,0.8142361111111112,8.557124858717785,6564,18.981481481481485,13.11708181867644,13.652252376427937,860544,6.598149518365548,36.0,0.880915789489008,28.19733796296302,0.12118560920548486,0.0,26.732441161253856,0.9215877072050939,52.369605448802254,37.339699074074076,48,0.2960690597768471,17.71787463634709,5.733548520392621,498,-594.6113449199999,17.712505423002117,0.11747685185185185,0.08495146036148071,2582.011511993408,0.0003,7566.08349609375,-0.026219134605317204,0.2,-45.370076186568646,7384.988076895254,4970,0.013537337
0.4497864617662068,27.953703703703706,131,13.259667316391068,9.538271017368478,15.658681561323165,0.8570601851851852,8.683931240323787,6578,16.550925925925927,13.141639823576377,13.667888327526414,862272,6.609859346466358,36.0,0.8808961805324468,28.55179398148154,0.13182409615410157,0.0,26.738312287900452,0.923555938020934,52.40221433344497,37.576967592592595,48,0.3135658882287236,17.82320195997455,4.980743227563619,499,-595.6562976499999,17.746375143820934,0.13061342592592592,0.07888627052307129,2936.194541563811,0.0003,4603.0546875,-0.03026296630570734,0.2,-45.38460631193938,6894.846364113137,4980,0.017209882
0.4513537461123144,29.12962962962963,131,13.817340998406118,9.891561282873996,17.173895095166642,0.8547453703703703,8.393257180105747,6591,18.51851851851852,13.166198258384236,13.728555769067164,864000,6.6208424894166225,36.0,0.8892269546075561,27.662037037037074,0.13243382957723435,0.0,27.007577783211683,0.9231629334433464,52.503635457699204,37.55902777777778,48,0.3252077170350532,17.82337392314364,5.584992813886527,500,-598.05896131,17.780396533243604,0.17164351851851853,0.07608765363693237,2558.2046914842394,0.0003,7736.66943359375,-0.028164985080904984,0.2,-45.40393777070222,8964.968317780671,4990,0.0198719
0.44759271896495395,29.62962962962963,131,14.060758330950849,9.848292561528046,18.046920233881465,0.8385416666666666,8.719822213688827,6604,20.71759259259259,13.190806680705956,13.597751713857642,865728,6.6326420449508445,36.0,0.8873185338433557,28.710937499999996,0.12546677165906026,0.0,26.942851817175377,0.9192531966161442,52.60031346876142,37.601851851851855,48,0.32359321912362554,17.843368928687752,6.257869341402571,501,-599.4886228,17.814090912528247,0.1244212962962963,0.10468745231628418,2542.4682253872907,0.0003,7241.4892578125,-0.029982430881096256,0.2,-45.40350889983001,11743.852459490741,5000,0.016046332
0.4525303432394289,29.537037037037038,131,14.008094146405261,9.708711290460197,18.158052152644622,0.8530092592592593,8.585568047848563,6617,21.64351851851852,13.215566433545492,13.755039418014787,867456,6.644105965070466,36.0,0.882434918240997,28.29137731481485,0.12966046363964764,0.0,26.789997083033967,0.9273274222424006,52.45367365440783,37.723958333333336,48,0.3196265039105173,17.903901135814433,6.561246715779163,502,-602.5306453600001,17.848178511073282,0.12170138888888889,0.09296053647994995,2372.1701204511855,0.0003,4719.7490234375,-0.02792655248022466,0.2,-45.38073736120153,8754.387664568865,5010,0.016343245
0.4458467378159788,29.574074074074076,131,14.02104574872351,9.82157005642818,17.99715956946155,0.8697916666666666,8.769629802720656,6630,20.71759259259259,13.239990655109313,13.535672064859476,869184,6.656030039577267,36.0,0.8854852936950892,28.899016203703713,0.13043979871809264,0.0,26.86491393364729,0.9245392675135156,52.470597420909804,37.45949074074074,48,0.3236832395811759,17.769688625528577,6.274543764309857,503,-601.8300084699999,17.88171769123543,0.10619212962962964,0.16607892513275146,2922.8285412964997,0.0003,6267.4326171875,-0.027331287293108526,0.2,-45.369451480441626,11843.979427083334,5020,0.013123268
0.45016903328728514,29.48148148148148,131,13.980110745232722,9.520910446060581,17.79103714104768,0.8697916666666666,8.547146513777546,6644,21.180555555555554,13.264614652857684,13.68442993285879,870912,6.667397905861711,36.0,0.8825340716617571,28.18287037037039,0.13186917875543835,0.0,26.793534393332,0.9291591010282825,52.48062995687288,37.607638888888886,48,0.31335926764308064,17.849599099348396,6.410015949754379,504,-602.59776006,17.915628766067577,0.15381944444444445,0.10765117406845093,2691.551674892284,0.0003,5212.35595703125,-0.031120734614389085,0.2,-45.377409292150425,6864.394177698206,5030,0.017352914
0.45530696155481426,29.453703703703706,131,13.976676037433508,9.129838124868872,18.151732492845703,0.8651620370370371,8.525686782094963,6657,23.611111111111114,13.28921281244865,13.841245754663198,872640,6.678712122816949,36.0,0.880211962827712,28.103298611111086,0.1291941032403441,0.0,26.726088381132588,0.9215581539263675,52.43936477779945,37.574074074074076,48,0.30031974765927993,17.839263836386458,7.165218330543325,505,-605.7223260000001,17.949931880454237,0.12714120370370371,0.07310348749160767,3023.593337786639,0.0003,8838.98828125,-0.03022126866573537,0.2,-45.391398140236184,11447.470842375578,5040,0.016023846
0.4582561296141651,29.796296296296294,131,14.129590941439309,9.197436737362784,19.185470197678733,0.8524305555555556,8.719971762568138,6670,26.27314814814815,13.314271976065003,13.925839864492877,874368,6.690512052223369,36.0,0.884850093272068,28.747106481481406,0.1257365716151377,0.0,26.861815060299573,0.9198580989290925,52.57081159733546,37.964120370370374,48,0.3030111415061094,18.023665446541234,7.978442518876638,506,-611.70288739,17.98444648011547,0.1630787037037037,0.09089654684066772,2437.699740572329,0.0003,9774.7705078125,-0.033461162666962654,0.2,-45.406673148826314,9046.078615993923,5050,0.018704887
0.45862483951214594,29.40740740740741,131,13.950456799910912,9.06252266070893,18.72679523870601,0.8535879629629629,8.4491970586985,6683,25.810185185185187,13.339050037562009,13.935978182743156,876096,6.701635044870115,36.0,0.8797905853056415,27.806712962962948,0.13073939528156692,0.0,26.70707595514357,0.9210786927831245,52.50384354070926,37.748842592592595,48,0.29827734609185835,17.91122459880259,7.833815778086165,507,-614.31622603,18.018986425572326,0.12025462962962963,0.09645307064056396,2473.739733787819,0.0003,8448.9599609375,-0.031211185225940966,0.2,-45.40233308297616,15064.104636863425,5060,0.016394446
0.4571793327845551,29.38888888888889,131,13.943662357237178,9.192864412929687,18.24555214813757,0.8310185185185185,8.56462152473617,6696,23.84259259259259,13.363743244627567,13.894319013949042,877824,6.713046598681956,36.0,0.8877984742053666,28.276909722222218,0.12372620316790595,0.0,26.95952610423409,0.9158939144664927,52.50554916276732,37.67534722222222,48,0.3021453428855772,17.87728282622335,7.229025377970703,508,-614.05152539,18.053422223107198,0.18721064814814814,0.13833743333816528,3013.2375269006798,0.0003,2205.225341796875,-0.033417775055083136,0.2,-45.42444927074291,6857.9074300130205,5070,0.019495564
0.45935572073439035,30.055555555555557,131,14.261903513801071,9.506103419745102,19.165597715908707,0.8501157407407407,8.743921113965603,6709,24.76851851851852,13.388468453266084,13.958198721858013,879552,6.72490640146687,36.0,0.8953219369540362,28.761574074074037,0.12595188634499316,0.0,27.20789942812097,0.922156016212427,52.606046480350834,37.69965277777778,48,0.31232334782516685,17.890083455406664,7.517590782362532,509,-615.7589113700001,18.088017719911843,0.12355324074074074,0.11225712299346924,3012.634694798787,0.0003,7078.20703125,-0.03107613061416756,0.2,-45.428214376944084,8334.980796079282,5080,0.013881332
0.46192172167354845,29.907407407407405,131,14.1861924501125,9.54295433031178,19.26050736323898,0.8715277777777778,8.470363339815952,6722,25.23148148148148,13.413239451662566,14.03357363885017,881280,6.73608230981641,36.0,0.8941014647112929,27.87181712962957,0.1312546670467544,0.0,27.15040221451441,0.9234576062808366,52.642631198135774,37.73206018518518,48,0.3138879130336771,17.90839935859313,7.651360582814697,510,-618.66260707,18.122801654008967,0.14108796296296297,0.07372879981994629,2660.6604361640084,0.0003,5310.3173828125,-0.032523699065118476,0.2,-45.44085447523329,8637.859805410879,5090,0.01605135
0.4570127057526105,29.462962962962962,131,13.983739945327256,9.453166862996461,19.084711144206757,0.8449074074074074,8.671872529335074,6735,25.578703703703706,13.438051149976015,13.895148091219035,883008,6.747761991139748,36.0,0.8920036334876807,28.551793981481442,0.127270171176309,0.0,27.097599069848513,0.9202519236552571,52.64817469943177,37.77777777777778,48,0.31069908958624315,17.92467932537946,7.767804335883038,511,-619.0899393900002,18.157239524237013,0.15653935185185186,0.04497420787811279,2923.21259576303,0.0003,5641.525390625,-0.032116691888896404,0.2,-45.44218182033963,9303.271771918402,5100,0.021252982
0.46698320865529835,29.444444444444443,131,13.965150196958097,9.50285045401609,19.03813287453164,0.8518518518518519,8.306129482197063,6748,25.347222222222225,13.462805872354773,14.188391178857659,884736,6.7585273148452405,36.0,0.8904562130080235,27.387152777777754,0.12861972540801048,0.0,27.05496807360774,0.9235123969019446,52.565745151243675,37.704282407407405,48,0.312590459444351,17.90188895150317,7.690132223557455,512,-621.4546797099999,18.192410502184156,0.13935185185185187,0.09688901901245117,2393.9976771319352,0.0003,4178.681640625,-0.0296328352574535,0.2,-45.46569777594672,8529.968343098959,5110,0.015836067
0.4713441491122617,29.296296296296294,131,13.903762270680664,9.504273043637744,19.28791571365562,0.8738425925925926,8.428759626990342,6762,26.27314814814815,13.487752847762918,14.331846762070503,886464,6.769599213912716,36.0,0.887750054153594,27.77777777777783,0.1294471311353559,0.0,26.984180230344666,0.9234595711124369,52.5233723140023,37.883101851851855,48,0.3125775914818771,17.97879016325804,7.999880399337212,513,-626.83861572,18.227940119089332,0.16296296296296298,0.05745089054107666,2442.556929623639,0.0003,5918.466796875,-0.028172702076672405,0.2,-45.48203492341218,11918.50082103588,5120,0.018417332
0.4610301286372114,28.98148148148148,131,13.748261777732713,9.061496336105202,18.76025994803365,0.8651620370370371,8.730215635608564,6775,26.50462962962963,13.512533594642976,14.012486465428603,888192,6.781424753001738,36.0,0.885319163205743,28.74710648148144,0.12974243925783255,0.0,26.906104282198886,0.9221672636844169,52.46038298800957,37.75636574074074,48,0.2981806663754279,17.91229875202309,8.070501834195733,514,-628.2296801,18.262671335252904,0.1300925925925926,0.10942518711090088,2466.816390327171,0.0003,6255.60888671875,-0.028058227820804825,0.2,-45.48433279814544,10321.217876519097,5130,0.016525874
0.4621434225604617,29.574074074074073,131,14.030949518698458,9.150908611298613,19.04193893078211,0.8686342592592593,8.457772059850639,6788,26.27314814814815,13.53755340665159,14.054486056012415,889920,6.792569183151365,36.0,0.8825253529974901,27.915219907407387,0.13000565409754758,0.0,26.82274558373273,0.9237113662780624,52.45110028177422,37.94039351851852,48,0.30098986213096074,18.007924803445356,7.980080800785039,515,-626.4807694900001,18.297507550392936,0.11302083333333333,0.08425712585449219,2753.1136933927182,0.0003,5622.4365234375,-0.027112839903889432,0.2,-45.48899392022027,11601.730571831597,5140,0.015266977
0.4619032211612268,29.14814814814815,131,13.829091990062969,8.890495664785083,18.658290882227398,0.8732638888888888,8.562909552681482,6802,26.50462962962963,13.562579322103305,14.036833944931614,891648,6.803976457033068,36.0,0.8836247477052885,28.197337962962955,0.12534159881928514,0.0,26.85899581069005,0.9209878718131883,52.475812274955636,37.957175925925924,48,0.29226816805959127,18.010366180686013,8.058703227379347,516,-628.30459894,18.332299635255264,0.14085648148148147,0.08419585227966309,2785.9611002604165,0.0003,4638.0224609375,-0.03258806527419775,0.2,-45.502231710928456,8405.28601526331,5150,0.016874023
0.4613402698738283,29.638888888888886,131,14.063531340618391,9.03239731413119,19.252442907598713,0.8362268518518519,8.695972259857157,6816,27.199074074074076,13.587672402968852,14.031061139907672,893376,6.815716387682711,36.0,0.8878036242924573,28.682002314814714,0.12358334833184445,0.0,26.981618749242966,0.9241092798735066,52.51234348655398,38.017361111111114,48,0.2971979579777897,18.03723234621858,8.27651425284913,517,-630.6286884400001,18.367077288105033,0.11695601851851851,0.10551959276199341,3059.0088010999893,0.0003,3891.736328125,-0.02969201464266344,0.2,-45.49945965519658,8438.023007089121,5160,0.015003427
0.4636261731810511,29.509259259259256,131,14.00355739085123,9.086474005097491,19.270938244073367,0.8466435185185185,8.696167459420678,6829,27.314814814814813,13.612660111482342,14.070121965461093,895104,6.827456806331263,36.0,0.8884851316329524,28.63859953703695,0.1252529083779978,0.0,26.989655424124596,0.9189512138960313,52.51989180081787,37.91956018518518,48,0.29878806987838247,17.99508340539546,8.300906848124646,518,-632.6265822800001,18.401952593018684,0.14097222222222222,0.084267258644104,3470.825182921798,0.0003,1250.0462646484375,-0.031089850592737396,0.2,-45.517066404554576,5748.86296025029,5170,0.016902395
0.4583780602595182,29.796296296296294,131,14.143625643907157,9.17098352002965,19.568165217671364,0.8611111111111112,8.82768076886036,6842,27.546296296296294,13.63771262785777,13.941660874117481,896832,6.839526008253414,36.0,0.8858632293121823,29.101562499999968,0.1273712415271719,0.0,26.911760447552354,0.9240553899031947,52.50763329309925,37.970486111111114,48,0.30154661829537704,18.021006550171276,8.373556053734555,519,-633.33202146,18.436506745203978,0.08327546296296297,0.09993517398834229,2686.61221925241,0.0003,7561.6455078125,-0.024665369833302166,0.2,-45.51189192312735,9619.8140625,5180,0.011250162
0.45922121404245153,30.462962962962962,131,14.456214400367363,9.671978431535559,20.240618517799447,0.8564814814814815,8.762716997162475,6855,27.083333333333332,13.662698463145182,13.95046582932675,898560,6.851432800746321,36.0,0.8836277034222925,28.870081018518484,0.12549442491375518,0.0,26.83715487833818,0.9292182867206371,52.52464232219965,37.921875,48,0.31829296833495113,17.994334114964435,8.232425685896525,520,-633.37877491,18.471082909777294,0.1638888888888889,0.09535378217697144,3005.2707488236606,0.0003,6555.744140625,-0.031999065252710825,0.2,-45.507287357471604,9130.408737521702,5190,0.021806028
0.46752729690336786,30.296296296296294,131,14.376411469355979,9.58568269556915,20.04491346635198,0.8541666666666666,8.53094925678054,6868,26.967592592592595,13.68781175228288,14.237841279533958,900288,6.862760173888272,36.0,0.8859986183456958,28.16116898148154,0.12230888540297444,0.0,26.915903755896746,0.9200642038618454,52.556982351287594,38.01909722222222,48,0.31525061007103555,18.045315655079452,8.202819301426848,521,-635.61295408,18.50637751297613,0.10694444444444444,0.08325320482254028,3327.7402295713073,0.0003,4825.62109375,-0.029750995396601934,0.2,-45.50633948997215,6826.499544270833,5200,0.014645883
0.4687372740070217,30.916666666666668,131,14.684008702753255,9.929252884583287,20.726150195863127,0.859375,8.417121613336935,6881,27.083333333333332,13.712952872165763,14.25187021827261,902016,6.873802977921614,36.0,0.8919839903487223,27.76331018518515,0.12311963499124472,0.0,27.092598618037027,0.9252822854684642,52.64726730887111,38.057291666666664,48,0.3263089672701187,18.056447953153782,8.232888608526586,522,-639.1950162500001,18.541707188521812,0.10179398148148149,0.0626564621925354,3473.6462510002984,0.0003,4296.72607421875,-0.02501140445712264,0.2,-45.474618417245374,6934.919344075521,5210,0.014009337
0.4576160167902167,30.833333333333332,131,14.643156399421096,9.971013911010301,20.61554080620528,0.8530092592592593,8.62784570758263,6894,26.736111111111114,13.737907964269407,13.910374505940025,903744,6.885372592190571,36.0,0.8920787322286534,28.45052083333331,0.12599330498822803,0.0,27.097301206691938,0.9234370007033419,52.652326920773994,37.883101851851855,48,0.32769739453716856,17.98203684145732,8.121370495773881,523,-638.08491406,18.576183124786663,0.10422453703703703,0.058085739612579346,2798.454751417372,0.0003,8328.9228515625,-0.030716512040062635,0.2,-45.49230674461082,13031.193643301505,5220,0.014246818
0.47376025402023375,29.759259259259256,131,14.121220576728321,9.404294681117674,19.383826996780336,0.8385416666666666,8.502047557876152,6907,26.273148148148152,13.762953106796783,14.388537965140843,905472,6.896627711085261,36.0,0.8906393792098514,27.9947916666666,0.12394625476981952,0.0,27.04860397949132,0.9248767039158131,52.66313421908587,37.98668981481482,48,0.30944031888872403,18.01805701095044,7.978311738934342,524,-639.89218478,18.611854469699516,0.12633101851851852,0.11073076725006104,3117.779775068495,0.0003,4767.92138671875,-0.031168629760267557,0.2,-45.48196025424534,8611.360234917534,5230,0.015650347
0.4636598237343537,29.574074074074076,131,14.03539011074385,9.398804116079917,19.056199768840578,0.8802083333333334,8.540956897058809,6920,25.462962962962962,13.787850397914626,14.104682317582638,907200,6.907980103327908,36.0,0.8884340564065645,28.182870370370367,0.1282632427643862,0.0,26.978030357842773,0.9288962580900814,52.5912980284263,37.85358796296296,48,0.30905356862832495,17.958916447137522,7.742005542016809,525,-642.5264630400001,18.646816175493473,0.10567129629629629,0.12194567918777466,3319.5831554130273,0.0003,10105.701171875,-0.02889159867471015,0.2,-45.47816771048087,17336.138527199073,5240,0.013955502
0.4613719893246618,29.490740740740744,131,13.994819176395007,9.474222383649527,19.090355352753605,0.8663194444444444,8.59986497010281,6933,25.462962962962962,13.812425346430242,14.006129769500758,908928,6.919479765753166,36.0,0.8919721410020583,28.356481481481442,0.1283690452255371,0.0,27.082724429719466,0.918687872789758,52.62145308802449,37.567129629629626,48,0.3118851160497588,17.829979406246093,7.741313792709068,526,-638.83848215,18.681531499917224,0.13842592592592592,0.07723695039749146,3194.815479956733,0.0003,9695.744140625,-0.029668051421780278,0.2,-45.48700910497595,9381.876613136574,5250,0.017015563
0.4631995435658872,29.166666666666668,131,13.83280362682684,9.19600259670871,18.496262182386033,0.8506944444444444,8.559591744971259,6946,25.0,13.83732320266139,14.08160741019011,910656,6.930878745115594,36.0,0.8936824272744754,28.29861111111114,0.1265036326286984,0.0,27.14519247781644,0.9298728014528607,52.710561256922425,37.86631944444444,48,0.3024113917674571,17.95914249245879,7.587455958850484,527,-640.1542103099999,18.716435518442697,0.13234953703703703,0.05798673629760742,2739.460724117138,0.0003,7101.73681640625,-0.032932850001034915,0.2,-45.49541683903447,15302.916677517362,5260,0.018249914
0.46638219052109486,29.805555555555554,131,14.141266209201719,9.776549858472285,19.238868227523852,0.8640046296296297,8.550299761686786,6959,24.537037037037038,13.86224305240922,14.166760503656137,912384,6.942254494519811,36.0,0.8970034297265782,28.161168981481495,0.12489106883133376,0.0,27.24202296004391,0.9241440595090585,52.733083563587364,37.861111111111114,48,0.32142221046704583,17.967939899131803,7.441052159849847,528,-643.93293293,18.751552419701838,0.10908564814814815,0.11657696962356567,3548.4328632778593,0.0003,4073.376220703125,-0.027918125773538593,0.2,-45.51019120392976,5921.081732403791,5270,0.014622305
0.4641595599258044,29.40740740740741,131,13.951403501853633,9.419036774506777,18.94925196749069,0.8640046296296297,8.568932129915876,6972,25.347222222222218,13.887144612665896,14.116932303116071,914112,6.9536768248446,36.0,0.8952762048330741,28.269675925925906,0.13036622791771313,0.0,27.18405995932028,0.9224022790990088,52.70089375367829,37.854745370370374,48,0.3098548223839947,17.960624102670483,7.698811691130277,529,-644.9290106399999,18.78654475045963,0.13211805555555556,0.07424384355545044,3086.2013278396043,0.0003,4771.47412109375,-0.02866256171837449,0.2,-45.51646800571018,9108.228907154224,5280,0.0139162075
0.47054353654131914,29.85185185185185,131,14.170214937868494,9.758102004847302,19.50945393531481,0.8802083333333334,8.616474078018124,6985,25.347222222222218,13.91214636706419,14.283667100444069,915840,6.965218010039646,36.0,0.8970751257101366,28.34924768518518,0.1341105568766163,0.0,27.228657871227853,0.9311031571650595,52.73171822175243,37.94733796296296,48,0.3207655047725165,18.000701759317817,7.701136992599011,530,-649.6734729100001,18.82195391821074,0.12465277777777778,0.059937894344329834,3324.2035920884873,0.0003,11731.23828125,-0.030081765976286045,0.2,-45.52905746742531,9407.988687246818,5290,0.015469979
0.4677934915042919,29.453703703703706,131,13.971050549743262,9.333930116677331,18.877527210573923,0.8744212962962963,8.507340257029389,6998,25.347222222222218,13.937197497747139,14.222366095843826,917568,6.976486360682219,36.0,0.8850588380503869,28.088831018518473,0.12658300236462874,0.0,26.880460758727338,0.9195824738940318,52.552319214666404,37.96296296296296,48,0.30692485607205905,18.020452273179327,7.69254654415333,531,-651.0741714199999,18.857209833450348,0.11597222222222223,0.04976707696914673,3665.368753390842,0.0003,4124.95849609375,-0.02989675954191221,0.2,-45.54251918086299,7454.1635145399305,5300,0.013944659
0.4669482603492287,29.490740740740744,131,13.990574161116223,9.342213501092955,19.350993873910713,0.8825231481481481,8.732058012079577,7011,26.85185185185185,13.962169433303975,14.205617815813845,919296,6.988316505712418,36.0,0.887191327836356,28.84837962962956,0.13310177199504133,0.0,26.920376682746873,0.925152025732558,52.489619928329695,37.90856481481482,48,0.3072647810941176,17.988774222734385,8.138206211701535,532,-652.20890111,18.892423877989884,0.15584490740740742,0.06909310817718506,2510.902409362793,0.0003,7322.50048828125,-0.03353210305105205,0.2,-45.532101454558195,12629.590981264468,5310,0.018175367
0.46330815996017793,29.51851851851852,131,14.001523163485984,9.59270176905554,19.550476656609803,0.8252314814814815,8.527226463602814,7024,26.62037037037037,13.98704824244968,14.067678461900039,921024,6.999634571871425,36.0,0.8904661444475752,28.088831018518462,0.12087892089481869,0.0,27.02828293360015,0.9223668239354799,52.528617394925824,37.83449074074074,48,0.31546161051982385,17.951523658281644,8.07625172406828,533,-652.82571513,18.927293074144636,0.09971064814814815,0.0622524619102478,3084.977685331415,0.0003,11157.259765625,-0.02780425620989667,0.2,-45.5272080456769,18477.819212962964,5320,0.0124184275
0.46459551585223857,29.305555555555557,131,13.888620462932087,9.264856329011002,19.411741942804365,0.8663194444444444,8.612216786436667,7037,27.662037037037038,14.011831891077856,14.120026383577114,922752,7.011165113837517,36.0,0.888579339531085,28.428819444444386,0.12906499759659415,0.0,26.983224027742086,0.9188698847678302,52.48380950042093,37.75289351851852,48,0.30523523679036796,17.913459451270686,8.378265150861276,534,-650.92498922,18.96229314010358,0.11122685185185185,0.07621109485626221,3114.767914892126,0.0003,4241.0400390625,-0.03036597687923522,0.2,-45.51435065092864,9878.091842086227,5330,0.01406885
0.46244201851522215,29.083333333333332,131,13.79405208501292,8.920455925434116,19.1833413535214,0.84375,8.71777936678062,7051,28.35648148148148,14.03670056048767,14.061318207482651,924480,7.022959562254469,36.0,0.884250671299553,28.73987268518515,0.12269971669505979,0.0,26.859481006074812,0.9240919902510676,52.52034314191357,37.81828703703704,48,0.2936904775872839,17.947467763925445,8.588833343074363,535,-652.2176922,18.997146435622287,0.13761574074074073,0.07757723331451416,2576.947818162706,0.0003,6004.84912109375,-0.027261519376878384,0.2,-45.524131082605436,12906.277622251157,5340,0.017433973
0.46719165885572833,29.425925925925924,131,13.963366627652851,9.277339654209122,19.193719054487048,0.8339120370370371,8.615429473568154,7064,26.62037037037037,14.061859232925642,14.196599916229141,926208,7.03449813593839,36.0,0.8853736253488639,28.349247685185198,0.12603324842823016,0.0,26.877767029593684,0.9237975098100768,52.47814368000576,38.070023148148145,48,0.30532560603898373,18.063468975188485,8.073012772625072,536,-656.1814616400001,19.032337935412862,0.0921875,0.12886828184127808,2962.5977992728904,0.0003,7374.79150390625,-0.026125612679041094,0.2,-45.538821114434135,9982.281571903935,5350,0.011815927
0.46718578092941626,29.259259259259256,131,13.873513883301689,9.190508156056943,19.38801111896412,0.8674768518518519,8.670973442126732,7077,27.89351851851852,14.086821572587263,14.196199888920352,927936,7.046175569543706,36.0,0.8843032966404376,28.544560185185176,0.13056852904005298,0.0,26.835907344441576,0.9310100333095285,52.52200663416078,37.901620370370374,48,0.30307592997602123,17.984935864648655,8.443989079605487,537,-658.40192082,19.067528435135163,0.10775462962962963,0.06364810466766357,3475.2775788766367,0.0003,6383.677734375,-0.026717291165281227,0.2,-45.52546159249765,10008.472680664063,5360,0.012694449
0.46104542798486536,29.833333333333332,131,14.143038565286849,9.403148054951686,19.562515851473105,0.859375,8.724086727591311,7090,26.85185185185185,14.111625552511502,14.01714744091381,929664,7.057985786362685,36.0,0.8846783670551005,28.812210648148106,0.1294950361724812,0.0,26.846739505737627,0.9217055028449996,52.48561441470621,37.763888888888886,48,0.31036731760880937,17.921591969695104,8.13632923123457,538,-656.8571135500001,19.102271303737446,0.10393518518518519,0.08270573616027832,3570.782633746112,0.0003,7843.6171875,-0.029511998627438314,0.2,-45.50504991036874,11069.478517433448,5370,0.013769637
0.46093689923010445,29.027777777777782,131,13.755923157434966,9.071382544349367,18.78828008978272,0.8541666666666666,8.698158005953152,7103,26.62037037037037,14.136267759764296,14.010581793292827,931392,7.069731181377567,36.0,0.8850014459816604,28.674768518518484,0.126027466767746,0.0,26.867367590450318,0.9230204229516116,52.510774749650125,37.6244212962963,48,0.2993503836491858,17.856882901117864,8.080974387998387,539,-655.97968513,19.136997758220677,0.19207175925925926,0.0895160436630249,2964.821612351029,0.0003,6975.26611328125,-0.035572896100994615,0.2,-45.4943719651964,11275.709281864873,5380,0.020374926
0.459843576319651,29.490740740740744,131,13.986260007735714,9.493006683977233,19.088085828461807,0.8495370370370371,8.590580383392812,7116,25.347222222222225,14.161178991659762,13.962456371391424,933120,7.081207632336049,36.0,0.8860803770909346,28.24074074074078,0.12219072227935619,0.0,26.890361253173097,0.9243613638393333,52.56610203494122,37.85358796296296,48,0.31283336359878433,17.964492758186505,7.728819136748861,540,-655.77110887,19.171603899149154,0.09537037037037037,0.060779035091400146,3123.8281897121005,0.0003,8208.4013671875,-0.028235391684359422,0.2,-45.51696118955259,16264.72396195023,5390,0.01219187
0.4621346611262923,29.62037037037037,131,14.039402400261126,9.621052695290931,18.95419500916944,0.8506944444444444,8.612778573190846,7130,24.4212962962963,14.186091278439182,14.050633555911283,934848,7.092739578769026,36.0,0.8834360753213838,28.407118055555543,0.12633835036088137,0.0,26.81168324843441,0.9191674947756474,52.507209343399836,37.851273148148145,48,0.3174115768227063,17.96491471176814,7.41373991361738,541,-658.02870314,19.206430483038933,0.11278935185185185,0.08737409114837646,3484.464824634128,0.0003,5952.45556640625,-0.02703615524461148,0.2,-45.527294865360965,8123.402727141203,5400,0.015030489
0.46380799314318755,30.185185185185187,131,14.303784941836264,9.649957235099839,19.5116212579223,0.8721064814814815,8.629779805630237,7143,25.23148148148148,14.210994735664238,14.07755841271076,936576,7.104314028283102,36.0,0.881602639131061,28.41435185185183,0.12928487836757652,0.0,26.732346742208815,0.9300800217963018,52.484432832340225,37.85300925925926,48,0.318883088652765,17.961382890022758,7.6778790809861945,542,-660.57547559,19.241324379070708,0.16359953703703703,0.09624433517456055,2651.039225966842,0.0003,6001.9853515625,-0.03104401768564626,0.2,-45.53423707750108,11898.006304253473,5410,0.019655688
0.45855857619121526,30.037037037037035,131,14.238789997863966,9.532464806871799,19.556811206530455,0.8263888888888888,8.911741469926517,7156,26.041666666666668,14.235710284503417,13.941088048184286,938304,7.116593381957918,36.0,0.881046599649566,29.340277777777796,0.1183355494050532,0.0,26.72625537227546,0.9182836768946828,52.448222479285334,37.69039351851852,48,0.3142324073729994,17.88621953567138,7.905556401794691,543,-661.4294057999999,19.275877099191167,0.07621527777777778,0.1610865592956543,3466.640916584156,0.0003,7149.86669921875,-0.024282566295867718,0.2,-45.52999940095125,12061.545869502315,5420,0.011440833
0.4567480434427099,30.212962962962962,131,14.323084739852945,9.781858980869162,19.91742751012199,0.859375,8.711888543101782,7168,26.157407407407405,14.260628312967656,13.882567459668692,940032,7.128373103315672,36.0,0.8844454013255053,28.71817129629632,0.12886522227445166,0.0,26.841680207005822,0.920049182061832,52.497668408862204,37.8599537037037,48,0.32191839342696965,17.967211385695062,7.932483789399882,544,-660.54656052,19.31028351784034,0.08327546296296297,0.09330278635025024,3009.1405865422003,0.0003,1740.9178466796875,-0.024238751916628744,0.2,-45.52235045256438,7832.980580873843,5430,0.011542346
0.46359431644248456,30.527777777777782,131,14.476806690726155,9.930259467441859,20.230464898349517,0.8697916666666666,8.65565999393398,7182,26.157407407407405,14.285776950421077,14.090683327205044,941760,7.140012253300507,36.0,0.8872627726593221,28.54456018518513,0.12871995492197352,0.0,26.93602983414367,0.9202309711012512,52.61529895878284,38.0619212962963,48,0.3267456824392127,18.059454981368784,7.943398740181505,545,-664.734039,19.34521022615835,0.10891203703703704,0.08845382928848267,3329.8856684225575,0.0003,8164.88916015625,-0.025081184433980122,0.2,-45.51489781980161,11933.876121238425,5440,0.012763532
0.4639436348413717,31.055555555555554,131,14.718724744589137,10.098897541305329,20.396180892035083,0.8506944444444444,8.685191199842853,7195,25.23148148148148,14.310785438587988,14.09286669967243,943488,7.151725231300114,36.0,0.8804548403742102,28.63136574074072,0.12267353927604283,0.0,26.695975175083433,0.9233476618855984,52.53331668042686,37.94328703703704,48,0.3335474328839593,18.00339526676462,7.698558606140615,546,-668.22913028,19.38014239290753,0.13512731481481483,0.16628676652908325,3204.647986433241,0.0003,4130.3837890625,-0.030559550186067267,0.2,-45.51401207535355,11759.932855902778,5450,0.014127551
0.4607665164079816,31.324074074074076,131,14.836795492742388,10.230757245793393,21.214398463736977,0.8478009259259259,8.6355633034901,7208,27.199074074074076,14.335757582096777,14.020466789124193,945216,7.163314139558839,36.0,0.8841606194905619,28.472222222222165,0.1242319507951465,0.0,26.80518043253909,0.9255971399075298,52.57713682321533,37.885995370370374,48,0.3379288596491689,17.98885740351584,8.266845725201197,547,-667.7532481599999,19.41489355988034,0.14184027777777777,0.08260059356689453,3417.022288795754,0.0003,6036.85302734375,-0.026199717278143873,0.2,-45.52604122868291,9463.393317780672,5460,0.01824284
0.4633286132056337,30.824074074074076,131,14.612798998605655,10.073362978955073,20.82093149503718,0.8339120370370371,8.784984122668385,7221,27.083333333333332,14.360755246986553,14.07780149035117,946944,7.1752765998655095,36.0,0.8804184091611772,28.935185185185176,0.12303400999248061,0.0,26.713642656936987,0.919327216901279,52.48683041763673,37.93518518518518,48,0.3323115039392335,17.999065955910517,8.254769517476449,548,-668.6574340000002,19.449788063606217,0.0980324074074074,0.09912514686584473,3589.2162333735714,0.0003,6848.95166015625,-0.027994589480847397,0.2,-45.520955149332686,12372.775415943286,5470,0.01423857
0.46244079014268846,30.240740740740737,131,14.344111242893488,9.77647238752399,20.14193696708105,0.8489583333333334,8.72098245148372,7234,26.73611111111111,14.38571216306427,14.047893590013269,948672,7.187079055994219,36.0,0.8773377859135948,28.73987268518515,0.12441293160958508,0.0,26.6178984187556,0.9242104707466199,52.444993560134414,37.89293981481482,48,0.322201005342893,17.982766431086272,8.14135333666357,549,-671.1799981500001,19.48460779758125,0.11313657407407407,0.11652785539627075,3107.1239101833767,0.0003,4431.8486328125,-0.02604212836638369,0.2,-45.52197979114674,8366.109282769097,5480,0.014356314
0.4620790042085665,29.527777777777775,131,14.002730063444403,9.671951744171873,19.37795109099027,0.8350694444444444,8.666852825170054,7247,25.694444444444446,14.410724974761036,14.04728478712118,950400,7.198746188057144,36.0,0.8768496153399349,28.559027777777736,0.12164492603781843,0.0,26.607442092419557,0.9269588409353349,52.3713033526876,37.9537037037037,48,0.31899752392619646,18.005124678706633,7.823269283373993,550,-671.14547597,19.519426009549054,0.09467592592592593,0.06837975978851318,3585.807198799981,0.0003,6122.4111328125,-0.026505689526459684,0.2,-45.52678204289189,12109.826882595486,5490,0.013286312
0.4553033192380419,28.916666666666668,131,13.707056018372837,9.397725243997568,18.53678161067628,0.8605324074074074,8.707295865281377,7260,24.76851851851852,14.435411922510305,13.845129826210412,952128,7.210514427720347,36.0,0.8759682931537182,28.710937500000025,0.12877320369250148,0.0,26.586666562417175,0.9225110625673641,52.35639217472872,37.67418981481482,48,0.31022742272503206,17.87477909970761,7.552000348305874,551,-669.73895649,19.55373883411458,0.09079861111111111,0.11361640691757202,3349.1016137299716,0.0003,6166.78759765625,-0.026777531168665047,0.2,-45.543387490731696,6939.48553692853,5500,0.013379825
0.46619485178456654,30.546296296296294,131,14.473972594740202,9.797442358444412,20.28243163126508,0.8605324074074074,8.601220381079939,7274,26.736111111111114,14.460516779227483,14.168602735304212,953856,7.222017478673047,36.0,0.8747785173710003,28.35648148148152,0.1263042995314603,0.0,26.54548363270438,0.9243292983128572,52.3062002014878,38.03761574074074,48,0.3236808269109013,18.041942686871455,8.131016678080465,552,-672.0918038599999,19.58886034095284,0.1414351851851852,0.06633299589157104,2878.624631641529,0.0003,8102.64208984375,-0.028049937602891414,0.2,-45.53613866170247,13939.01066442419,5510,0.016790839
0.4651284129319741,31.62037037037037,131,14.980568021366707,10.236831007066263,21.618696145689547,0.8240740740740741,8.484662886180887,7287,28.009259259259256,14.485504447740057,14.132731682590153,955584,7.233229135888499,36.0,0.8756101134531423,27.922453703703688,0.12177269961750574,0.0,26.56743771826805,0.9171264984435974,52.336509195074264,37.932870370370374,48,0.3381265956683601,17.995067405029815,8.521297117256578,553,-676.3412175799999,19.623892170159316,0.1076388888888889,0.10124427080154419,3575.6987720065645,0.0003,8266.486328125,-0.028959949492235428,0.2,-45.53538411458333,12932.820831524885,5520,0.014231564
0.4655331311402281,31.62037037037037,131,14.978511550594888,10.498375621567703,21.401991016442487,0.8339120370370371,8.393288041893571,7300,26.50462962962963,14.51065546559631,14.154726588352029,957312,7.244212355993233,36.0,0.878450408090727,27.67650462962963,0.12368132719817432,0.0,26.646519762367827,0.9231941772456982,52.377335900964304,38.06886574074074,48,0.34654246623414675,18.060407142501315,8.045103844279895,554,-676.7737263,19.658978986630196,0.1258101851851852,0.10271608829498291,3230.026411014133,0.0003,6455.07080078125,-0.02867534194762508,0.2,-45.50412228902181,9699.723001663773,5530,0.015199437
0.4586122310539239,31.833333333333332,131,15.080328935604376,10.486271073531748,21.050427470153338,0.8373842592592593,8.597277430709408,7313,25.115740740740744,14.535711939868623,13.944557884091019,959040,7.255705549570007,36.0,0.8753216569102551,28.39265046296295,0.121688847716857,0.0,26.571041583451205,0.9131799857024129,52.31042426508966,37.96875,48,0.34607518093382184,18.022589708924954,7.603827461017214,555,-676.7073156300003,19.693540381340423,0.08402777777777778,0.07022345066070557,3546.27584689105,0.0003,9179.3388671875,-0.026469358276679286,0.2,-45.50795641298647,14358.528135850695,5540,0.011454631
0.45511140167624026,31.546296296296294,131,14.934476383737774,10.403953221455938,20.26942322613065,0.8211805555555556,8.675129736995158,7326,23.26388888888889,14.560750114286677,13.837662495285047,960768,7.267393373912495,36.0,0.8746364753871588,28.57349537037037,0.12020216400985359,0.0,26.54568449375172,0.9256671041874672,52.230976021455525,37.961226851851855,48,0.34347089877725495,18.015269767221806,7.050993620936938,556,-675.1274521700001,19.727834537578634,0.07366898148148149,0.10594779253005981,3031.713277661359,0.0003,6270.2431640625,-0.02178148091512008,0.2,-45.49910178007903,10106.174484592015,5550,0.010720706
0.46052576879747525,31.509259259259263,131,14.933983561145169,10.384319197531127,20.44740095413844,0.8350694444444444,8.732133566152404,7339,23.958333333333332,14.58572784777592,14.009106132975282,962496,7.279223707827876,36.0,0.8851152688657243,28.8049768518518,0.12243878414491952,0.0,26.859472837423287,0.9226725459700289,52.415676898764666,37.910300925925924,48,0.34202949867615584,17.991093395697177,7.249098195462143,557,-677.5685549799999,19.762557302911073,0.09664351851851852,0.07910799980163574,3419.003189058657,0.0003,9878.9267578125,-0.02816988087983595,0.2,-45.5012015024821,13139.579012948496,5560,0.012226424
0.45724815051352374,32.03703703703704,131,15.180460512146363,10.671506635481975,20.482989595967,0.8645833333333334,8.778173690840974,7352,22.337962962962962,14.61084896535613,13.894705688849443,964224,7.2911691420549785,36.0,0.8862252617349647,28.956886574074147,0.12670954124651979,0.0,26.89052923403142,0.9190986855191935,52.48517077609324,38.04340277777778,48,0.3517149228368119,18.048447032084212,6.751022448338657,558,-679.46722472,19.7969940671332,0.12008101851851852,0.06314438581466675,3795.600945380882,0.0003,7868.81982421875,-0.02993984523539742,0.2,-45.51371657760055,11614.717395471644,5570,0.016749673
0.453230327283087,31.88888888888889,131,15.12135225321304,10.897587493340689,20.357374497988946,0.8310185185185185,9.044240744528615,7366,21.296296296296294,14.636147092237747,13.782924310194081,965952,7.3037797439163,36.0,0.88360455638615,29.8032407407407,0.12206500090252911,0.0,26.81677979384902,0.917523796414451,52.497072041367346,38.179398148148145,48,0.3587958051278246,18.11925075264672,6.458434751435218,559,-681.85935021,19.831151377908682,0.10983796296296296,0.11666679382324219,3614.306658017194,0.0003,9708.328125,-0.03064483429512216,0.2,-45.504657702975805,10452.15744176794,5580,0.014249303
0.46119738494638274,32.018518518518526,131,15.171591774151176,11.10580015082352,20.116480895220192,0.8686342592592593,8.843713255727677,7379,19.560185185185187,14.661422074899093,14.011568430334236,967680,7.3158890270556185,36.0,0.8847541267468753,29.15943287037039,0.12878025536940357,0.0,26.834075024278807,0.93041824608144,52.48670106962957,38.16319444444444,48,0.3666209707258492,18.10999306453818,5.959088970245497,560,-684.6578026300001,19.865880298984518,0.13842592592592592,0.10022330284118652,3546.8223462846545,0.0003,6766.81103515625,-0.030549240038143816,0.2,-45.50059119330512,10395.13810763889,5590,0.015721265
0.46069624983865465,32.46296296296296,131,15.375529450868944,11.152704372719048,20.865123016239465,0.8032407407407407,8.56437606210927,7392,21.180555555555557,14.686503179419306,14.015550692455337,969408,7.327299967210892,36.0,0.8851352389936151,28.161168981481566,0.11780495144592781,0.0,26.84665566001924,0.9160383122738739,52.48692508367977,37.992476851851855,48,0.3682608243038608,18.03244180808536,6.45688919265147,561,-685.46431019,19.900619175715658,0.07152777777777777,0.1610768437385559,3783.4881329289187,0.0003,9622.150390625,-0.025060265087005165,0.2,-45.51720658761484,15066.805928096064,5600,0.010750026
0.46183159266653934,32.25000000000001,131,15.279660487061477,11.172503452979038,20.717926392133784,0.8344907407407407,8.737812155790786,7405,20.949074074074076,14.71171618869584,14.05020296250064,971136,7.339144497600369,36.0,0.8853957283500099,28.80497685185181,0.12312141473267962,0.0,26.857604413978247,0.9232504283474098,52.509351165100384,38.095486111111114,48,0.3685768619261445,18.08520371061335,6.385762452093268,562,-685.6681730799999,19.935444683121908,0.06649305555555556,0.06953662633895874,3336.524168056912,0.0003,9637.3828125,-0.02331153591922312,0.2,-45.51742521215368,16304.755808738426,5610,0.010384213
0.4547993079468171,31.85185185185185,131,15.091727086128353,10.815321667217367,20.656908698306104,0.8431712962962963,8.706566753254917,7418,22.685185185185187,14.73684443173225,13.826062580917837,972864,7.3509109144835065,36.0,0.8849325553397919,28.682002314814824,0.12267336998433093,0.0,26.845720332320074,0.9137565358392007,52.46379349194894,38.03703703703704,48,0.3564600127033166,18.05129721456403,6.869859944960382,563,-686.20063162,19.969709839574204,0.08825231481481481,0.058004677295684814,3706.6769809016473,0.0003,8903.1044921875,-0.02847378617497506,0.2,-45.49919210363318,15389.600777633103,5620,0.012570577
0.46067874825399113,31.694444444444443,131,15.016876596206947,10.61835439851244,21.04798403258036,0.8385416666666666,8.67251381544551,7431,24.884259259259256,14.761888320197121,14.0128495539051,974592,7.36259219902212,36.0,0.8829937732902245,28.559027777777768,0.12066082505398835,0.0,26.78669604772399,0.9184606776275258,52.4700596629036,37.961226851851855,48,0.34994684679781457,18.01755538594892,7.532753037860972,564,-687.5807719,20.004441963458966,0.12135416666666667,0.07512772083282471,3242.587872229682,0.0003,13746.171875,-0.028259871056717303,0.2,-45.48894998055917,13926.289776837384,5630,0.0142551605
0.45721986901648826,32.51851851851852,131,15.409255889589426,11.126939835646072,21.585090948313862,0.8466435185185185,8.743997030147545,7444,23.611111111111114,14.786886143008754,13.914620495072926,976320,7.374452191597489,36.0,0.8824239367123773,28.81944444444446,0.12157848450764742,0.0,26.7715112496639,0.9202282088394775,52.48547386728268,37.92824074074074,48,0.3669898975580121,17.999129124653425,7.168895223078366,565,-688.3026478500001,20.038928514696646,0.07858796296296296,0.10433673858642578,3201.8453837359393,0.0003,10254.2236328125,-0.026016819397746412,0.2,-45.49662989863643,17451.598075810187,5640,0.011184264
0.4611593008448484,32.74074074074074,131,15.525681137795639,11.167837388604044,21.593835874593722,0.8668981481481481,8.6161406223563,7457,23.14814814814815,14.812082819354476,14.009260233932126,978048,7.38599254315338,36.0,0.8827757293314219,28.370949074074037,0.12447702997909438,0.0,26.787843044490344,0.9269978494861155,52.450114179509505,38.11168981481482,48,0.3677163636660794,18.078670538288716,7.020317348194037,566,-690.1061238200002,20.073651665281478,0.109375,0.1058046817779541,3322.7828157636854,0.0003,6961.6474609375,-0.02958145521029278,0.2,-45.49272456698947,13262.070675998264,5650,0.014467611
0.4583810249202483,33.50925925925926,131,15.879198782669008,11.515865468492956,21.81612029807862,0.84375,8.880412518168615,7470,21.527777777777775,14.837399161635693,13.908227050486142,979776,7.398193574448801,36.0,0.8874435961746658,29.202835648148156,0.1224951081364303,0.0,26.940597838627145,0.919801165019502,52.59735930148843,38.2037037037037,48,0.3797303270395213,18.126536912486447,6.541056046916654,567,-692.69253233,20.108122232907693,0.07980324074074074,0.09111994504928589,3528.7286766899956,0.0003,7591.3046875,-0.025842511460736947,0.2,-45.48601171705458,11428.958837890625,5660,0.011790044
