rollout,total_timesteps,region_r0_c0,region_r0_c1,region_r0_c2,region_r0_c3,region_r1_c0,region_r1_c1,region_r1_c2,region_r1_c3,region_r2_c0,region_r2_c1,region_r2_c2,region_r2_c3,region_r3_c0,region_r3_c1,region_r3_c2,region_r3_c3
1,1728,0.4975405092592593,0.5063657407407407,0.5101273148148149,0.5066550925925926,0.6749131944444444,0.8135127314814814,0.7758969907407407,0.6328125,0.6610243055555556,0.7936921296296297,0.7491319444444444,0.6148726851851852,0.5127314814814815,0.5120081018518519,0.4939236111111111,0.4991319444444444
2,3456,0.5008680555555556,0.505787037037037,0.5046296296296297,0.5075231481481481,0.6924189814814814,0.7932581018518519,0.759548611111111,0.6588541666666667,0.6627604166666667,0.7614293981481481,0.736400462962963,0.6236979166666667,0.507667824074074,0.5124421296296297,0.49016203703703703,0.4991319444444445
3,5184,0.5133101851851851,0.5127314814814815,0.5015914351851852,0.4988425925925926,0.69921875,0.7845775462962963,0.7667824074074073,0.6623263888888888,0.6618923611111112,0.75390625,0.734375,0.6293402777777778,0.5005787037037037,0.5017361111111112,0.5011574074074074,0.4989872685185185
4,6912,0.5089699074074074,0.5085358796296297,0.5021701388888888,0.5065104166666667,0.6724537037037037,0.8052662037037037,0.7664930555555556,0.640625,0.6565393518518519,0.7725694444444444,0.7349537037037037,0.6157407407407408,0.505931712962963,0.5102719907407407,0.5001446759259259,0.5054976851851851
5,8640,0.5086805555555556,0.5075231481481481,0.5005787037037037,0.5118634259259259,0.6993634259259259,0.7811053240740741,0.7547743055555556,0.6571180555555556,0.6760706018518519,0.7541956018518519,0.7310474537037037,0.6267361111111112,0.509837962962963,0.502025462962963,0.5131655092592592,0.5104166666666667
6,10368,0.5050636574074074,0.5107060185185185,0.5011574074074074,0.49233217592592593,0.6685474537037037,0.8042534722222222,0.7886284722222222,0.6377314814814815,0.6417824074074074,0.7630208333333334,0.7443576388888888,0.6164641203703705,0.48799189814814814,0.5007233796296297,0.49985532407407407,0.4956597222222222
7,12096,0.49320023148148145,0.5086805555555556,0.5140335648148149,0.49233217592592593,0.6789641203703703,0.7971643518518519,0.7787905092592593,0.6412037037037037,0.6508969907407407,0.7599826388888888,0.7317708333333334,0.6167534722222222,0.5011574074074074,0.5015914351851852,0.5082465277777778,0.5096932870370371
8,13824,0.4972511574074074,0.49971064814814814,0.49291087962962965,0.49334490740740744,0.6977719907407407,0.7934027777777777,0.7608506944444445,0.6568287037037037,0.6566840277777778,0.7504340277777778,0.7181712962962963,0.6122685185185186,0.4991319444444444,0.5075231481481481,0.5017361111111112,0.5053530092592593
9,15552,0.49421296296296297,0.5154803240740741,0.5027488425925926,0.4945023148148148,0.68359375,0.7970196759259259,0.7680844907407407,0.6495949074074074,0.6689814814814815,0.7811053240740741,0.7374131944444444,0.6072048611111112,0.49204282407407407,0.5062210648148148,0.5088252314814814,0.5002893518518519
10,17280,0.4969618055555556,0.5073784722222222,0.5014467592592593,0.49016203703703703,0.6915509259259259,0.7621527777777778,0.7647569444444444,0.6600115740740741,0.6572627314814815,0.7462384259259259,0.7368344907407407,0.6329571759259259,0.4976851851851851,0.5121527777777778,0.5104166666666667,0.5010127314814815
11,19008,0.48365162037037035,0.5088252314814815,0.50390625,0.4855324074074074,0.6814236111111112,0.8039641203703703,0.7783564814814814,0.6527777777777777,0.6478587962962963,0.7582465277777778,0.7387152777777778,0.6024305555555556,0.5099826388888888,0.5033275462962963,0.5062210648148149,0.49855324074074076
12,20736,0.48958333333333337,0.5044849537037036,0.5050636574074074,0.47771990740740744,0.673611111111111,0.8098958333333333,0.7848668981481481,0.6349826388888888,0.6414930555555556,0.7939814814814815,0.7731481481481481,0.5991030092592593,0.5114293981481481,0.49594907407407407,0.5192418981481481,0.49638310185185186
13,22464,0.5072337962962963,0.5182291666666667,0.5023148148148149,0.4887152777777778,0.6956018518518519,0.7983217592592593,0.7612847222222222,0.6537905092592593,0.6439525462962963,0.7556423611111112,0.7262731481481481,0.6137152777777778,0.5063657407407408,0.5141782407407407,0.5063657407407407,0.5088252314814815
14,24192,0.4971064814814815,0.5147569444444444,0.5031828703703703,0.48567708333333337,0.6743344907407407,0.7983217592592593,0.7753182870370371,0.6553819444444444,0.6548032407407407,0.7699652777777777,0.7554976851851851,0.6273148148148149,0.49739583333333337,0.5066550925925926,0.5107060185185186,0.49493634259259256
15,25920,0.5044849537037037,0.5101273148148149,0.49797453703703703,0.48307291666666663,0.6827256944444444,0.79296875,0.7719907407407407,0.6482928240740741,0.6493055555555556,0.7594039351851852,0.7379918981481481,0.6274594907407407,0.5007233796296297,0.5107060185185186,0.49493634259259256,0.5060763888888888
16,27648,0.49291087962962965,0.5082465277777778,0.4982638888888889,0.4934895833333333,0.6672453703703705,0.8012152777777778,0.7780671296296297,0.6399016203703703,0.6537905092592593,0.7690972222222223,0.744212962962963,0.6115451388888888,0.4949363425925926,0.4975405092592593,0.49609375,0.4995659722222222
17,29376,0.5001446759259259,0.5017361111111112,0.5092592592592593,0.49030671296296297,0.6801215277777777,0.7977430555555556,0.767361111111111,0.6493055555555556,0.6468460648148149,0.7712673611111112,0.7265625,0.6022858796296297,0.5040509259259259,0.5015914351851852,0.4761284722222222,0.49045138888888895
18,31104,0.49030671296296297,0.4927662037037037,0.49898726851851855,0.501880787037037,0.6712962962962963,0.7883391203703705,0.7747395833333333,0.6595775462962963,0.6688368055555556,0.77734375,0.7469618055555556,0.615306712962963,0.4952256944444444,0.5015914351851852,0.49479166666666663,0.4916087962962963
19,32832,0.47931134259259256,0.5,0.5082465277777778,0.49291087962962965,0.681857638888889,0.7838541666666667,0.7783564814814815,0.6575520833333333,0.6682581018518519,0.7659143518518519,0.7390046296296295,0.6413483796296295,0.49334490740740744,0.5065104166666667,0.48177083333333337,0.5011574074074074
20,34560,0.47540509259259256,0.48365162037037035,0.5127314814814815,0.48234953703703703,0.6782407407407407,0.7993344907407407,0.775318287037037,0.6532118055555556,0.6403356481481481,0.7664930555555556,0.7255497685185186,0.6103877314814814,0.49754050925925924,0.505642361111111,0.4988425925925926,0.4840856481481482
21,36288,0.47974537037037035,0.48755787037037035,0.49030671296296297,0.48972800925925924,0.6725983796296295,0.7989004629629629,0.7829861111111112,0.6532118055555556,0.6442418981481481,0.7748842592592593,0.7395833333333333,0.6206597222222222,0.498119212962963,0.5104166666666667,0.4822048611111111,0.4861111111111111
22,38016,0.47771990740740744,0.4736689814814815,0.5167824074074074,0.4911747685185185,0.6885127314814815,0.7789351851851851,0.7647569444444444,0.657986111111111,0.6495949074074074,0.7654803240740741,0.7280092592592593,0.6202256944444444,0.48755787037037035,0.5033275462962963,0.4809027777777778,0.49291087962962965
23,39744,0.47453703703703703,0.49276620370370366,0.5007233796296297,0.4926215277777778,0.687355324074074,0.7760416666666667,0.7602719907407408,0.6634837962962963,0.6578414351851852,0.7589699074074074,0.7146990740740742,0.6374421296296295,0.47092013888888884,0.49840856481481477,0.4858217592592593,0.49233217592592593
24,41472,0.4877025462962963,0.49999999999999994,0.5052083333333333,0.48509837962962965,0.6909722222222223,0.7951388888888888,0.7556423611111112,0.6561053240740742,0.658275462962963,0.7826967592592593,0.7281539351851851,0.6205150462962963,0.4771412037037037,0.49377893518518523,0.48466435185185186,0.4955150462962963
25,43200,0.47251157407407407,0.49074074074074076,0.5060763888888888,0.48365162037037035,0.6656539351851852,0.8023726851851852,0.7873263888888888,0.6422164351851851,0.6448206018518519,0.7847222222222222,0.7429108796296297,0.6341145833333333,0.47916666666666663,0.4914641203703704,0.48292824074074076,0.4832175925925926
26,44928,0.4852430555555556,0.4936342592592593,0.4966724537037037,0.49045138888888895,0.6802662037037037,0.8117766203703703,0.7813946759259259,0.6170428240740741,0.6203703703703703,0.7786458333333334,0.7191840277777777,0.6002604166666667,0.4930555555555555,0.49638310185185186,0.4735243055555555,0.4991319444444444
27,46656,0.47728587962962965,0.4836516203703704,0.49363425925925924,0.4759837962962963,0.6821469907407407,0.8094618055555555,0.7689525462962963,0.6271701388888888,0.6427951388888888,0.7769097222222222,0.7219328703703703,0.5911458333333333,0.48249421296296297,0.48365162037037035,0.47482638888888884,0.5098379629629629
28,48384,0.46889467592592593,0.4780092592592593,0.4839409722222222,0.4710648148148148,0.661892361111111,0.8166956018518519,0.7879050925925926,0.6232638888888888,0.6281828703703703,0.7981770833333333,0.7536168981481481,0.5962094907407407,0.4927662037037037,0.48046875,0.4741030092592593,0.5024594907407407
29,50112,0.4807581018518518,0.4710648148148148,0.49088541666666663,0.49074074074074076,0.697048611111111,0.818287037037037,0.7664930555555556,0.6189236111111112,0.6433738425925926,0.7983217592592593,0.7261284722222222,0.5986689814814815,0.4859664351851852,0.47280092592592593,0.4765625,0.4869791666666667
30,51840,0.4895833333333333,0.4787326388888889,0.4932002314814815,0.48220486111111116,0.7060185185185186,0.771412037037037,0.7524594907407407,0.6572627314814815,0.6407696759259259,0.7417534722222223,0.7115162037037037,0.6302083333333333,0.47193287037037035,0.47468171296296297,0.4693287037037037,0.4984085648148149
31,53568,0.48017939814814814,0.48032407407407407,0.49001736111111116,0.47627314814814814,0.6663773148148149,0.8058449074074074,0.7850115740740741,0.6320891203703705,0.6273148148148149,0.7951388888888888,0.7424768518518519,0.60546875,0.4891493055555555,0.47265625,0.4850983796296296,0.4937789351851852
32,55296,0.4774305555555556,0.4732349537037037,0.4830729166666667,0.4732349537037037,0.7021122685185185,0.7965856481481481,0.7651909722222222,0.6399016203703703,0.6238425925925926,0.7682291666666666,0.7107928240740741,0.5933159722222222,0.4791666666666667,0.4745370370370371,0.48046875000000006,0.4855324074074074
33,57024,0.49479166666666663,0.47381365740740744,0.49247685185185186,0.46846064814814814,0.6660879629629629,0.80859375,0.7808159722222222,0.6263020833333334,0.6280381944444444,0.7899305555555556,0.7358217592592593,0.5912905092592593,0.48683449074074076,0.46773726851851855,0.46513310185185186,0.49363425925925924
34,58752,0.4835069444444444,0.4697627314814815,0.4877025462962963,0.47193287037037035,0.6746238425925926,0.8055555555555556,0.7861689814814814,0.6203703703703703,0.619212962962963,0.7825520833333333,0.7264178240740741,0.5892650462962963,0.48394097222222227,0.46947337962962965,0.46802662037037035,0.48234953703703703
35,60480,0.4683159722222222,0.4578993055555556,0.48683449074074076,0.4722222222222222,0.6880787037037037,0.8023726851851851,0.78515625,0.6209490740740741,0.6281828703703703,0.7978877314814815,0.7353877314814815,0.5853587962962963,0.4891493055555555,0.47540509259259256,0.4615162037037037,0.47931134259259256
36,62208,0.47381365740740744,0.46889467592592593,0.4820601851851852,0.4746817129629629,0.6898148148148149,0.8135127314814815,0.7829861111111112,0.6129918981481481,0.6364293981481481,0.78515625,0.7228009259259259,0.5746527777777778,0.48958333333333337,0.47844328703703703,0.4755497685185185,0.48408564814814814
37,63936,0.46064814814814814,0.46064814814814814,0.5043402777777778,0.4555844907407407,0.6979166666666666,0.7932581018518519,0.7628761574074074,0.6316550925925926,0.6378761574074074,0.7858796296296297,0.7146990740740741,0.5954861111111112,0.48249421296296297,0.46744791666666663,0.46296296296296297,0.46860532407407407
38,65664,0.47265625,0.4587673611111111,0.5031828703703703,0.47453703703703703,0.6736111111111112,0.7876157407407407,0.7718460648148149,0.6319444444444444,0.6182002314814814,0.7839988425925926,0.7400173611111112,0.5923032407407408,0.48075810185185186,0.46064814814814814,0.455150462962963,0.47193287037037035
39,67392,0.4600694444444444,0.45804398148148145,0.5140335648148149,0.48408564814814814,0.6924189814814814,0.7706886574074074,0.7828414351851851,0.6442418981481481,0.6155960648148149,0.7507233796296295,0.6902488425925926,0.595775462962963,0.4732349537037037,0.47005208333333337,0.4487847222222222,0.48177083333333337
40,69120,0.4673032407407407,0.4736689814814815,0.5076678240740741,0.4807581018518518,0.6905381944444444,0.7826967592592593,0.7743055555555556,0.6438078703703705,0.642650462962963,0.7669270833333333,0.7223668981481481,0.6115451388888888,0.4720775462962963,0.4609375,0.45428240740740744,0.4722222222222222
41,70848,0.4618055555555556,0.47193287037037035,0.5082465277777778,0.47236689814814814,0.6879340277777778,0.7897858796296297,0.7706886574074074,0.6277488425925926,0.62890625,0.7735821759259258,0.7284432870370371,0.6021412037037037,0.4732349537037037,0.46368634259259256,0.4438657407407407,0.47265625
42,72576,0.46238425925925924,0.47583912037037035,0.5002893518518519,0.4616608796296296,0.662326388888889,0.7921006944444444,0.7841435185185185,0.6219618055555556,0.6167534722222222,0.7831307870370371,0.7482638888888888,0.5872395833333333,0.46846064814814814,0.4678819444444444,0.45963541666666663,0.47337962962962965
43,74304,0.45081018518518523,0.47005208333333337,0.5063657407407407,0.4516782407407407,0.6752025462962963,0.814380787037037,0.7824074074074074,0.6135706018518519,0.6264467592592593,0.8078703703703705,0.7408854166666666,0.5710358796296295,0.4660011574074074,0.46252893518518523,0.4483506944444444,0.4665798611111111
44,76032,0.4389467592592593,0.4644097222222222,0.4926215277777778,0.44921875,0.6830150462962963,0.802662037037037,0.7783564814814815,0.6180555555555556,0.6380208333333333,0.7971643518518519,0.7274305555555556,0.5732060185185186,0.45124421296296297,0.4765625,0.4548611111111111,0.4709201388888889
45,77760,0.46238425925925924,0.47670717592592593,0.49291087962962965,0.46513310185185186,0.7015335648148149,0.7962962962962963,0.7615740740740742,0.6242766203703703,0.6339699074074074,0.7744502314814814,0.7112268518518519,0.5811631944444444,0.4661458333333333,0.46108217592592593,0.4441550925925926,0.46802662037037035
46,79488,0.4674479166666667,0.47728587962962965,0.49103009259259256,0.46209490740740744,0.6909722222222222,0.8074363425925926,0.7766203703703705,0.60546875,0.6179108796296295,0.80078125,0.720920138888889,0.5674189814814815,0.4538483796296296,0.4626736111111111,0.4696180555555556,0.46686921296296297
47,81216,0.4474826388888889,0.4756944444444445,0.4871238425925926,0.4508101851851852,0.7042824074074074,0.7815393518518519,0.7689525462962963,0.6368634259259259,0.6205150462962963,0.7727141203703703,0.7080439814814814,0.5847800925925926,0.45891203703703703,0.4605034722222222,0.4453125,0.44675925925925924
48,82944,0.45775462962962965,0.4642650462962963,0.4791666666666667,0.4636863425925926,0.6918402777777778,0.790943287037037,0.7680844907407407,0.6223958333333333,0.6390335648148149,0.7841435185185185,0.71875,0.5798611111111112,0.4574652777777778,0.46195023148148145,0.4470486111111111,0.45891203703703703
49,84672,0.44603587962962965,0.46122685185185186,0.48191550925925924,0.44892939814814814,0.6731770833333333,0.7977430555555556,0.7826967592592593,0.6325231481481481,0.6296296296296297,0.7787905092592593,0.7239583333333334,0.5814525462962963,0.46064814814814814,0.4645543981481482,0.46238425925925924,0.45428240740740744
50,86400,0.4605034722222222,0.47280092592592593,0.4704861111111111,0.4554398148148148,0.7093460648148148,0.7838541666666667,0.7523148148148148,0.6290509259259259,0.6352719907407407,0.7591145833333334,0.6888020833333333,0.5863715277777778,0.4696180555555555,0.4513888888888889,0.4515335648148148,0.4522569444444444
51,88128,0.45457175925925924,0.4565972222222222,0.47005208333333337,0.4497974537037037,0.697193287037037,0.7858796296296295,0.7699652777777778,0.6160300925925926,0.6182002314814814,0.7758969907407407,0.6958912037037037,0.5805844907407407,0.4586226851851852,0.4461805555555556,0.44545717592592593,0.45905671296296297
52,89856,0.455150462962963,0.45298032407407407,0.47670717592592593,0.46469907407407407,0.6860532407407408,0.8000578703703703,0.7607060185185186,0.6087962962962963,0.6222511574074074,0.7803819444444444,0.71875,0.5711805555555556,0.47424768518518523,0.44545717592592593,0.4512442129629629,0.46773726851851855
53,91584,0.4483506944444445,0.45674189814814814,0.4626736111111111,0.45370370370370366,0.6646412037037037,0.8197337962962963,0.779224537037037,0.6019965277777778,0.6096643518518519,0.7931134259259259,0.716869212962963,0.5601851851851851,0.46556712962962965,0.4447337962962963,0.4615162037037037,0.44719328703703703
54,93312,0.4496527777777778,0.4561631944444444,0.45703125,0.4654224537037037,0.6715856481481481,0.8072916666666666,0.7631655092592593,0.6056134259259259,0.6193576388888888,0.7981770833333333,0.7241030092592593,0.5732060185185186,0.4613715277777778,0.42722800925925924,0.46209490740740744,0.4587673611111111
55,95040,0.4626736111111111,0.4609375,0.47526041666666663,0.45066550925925924,0.6912615740740741,0.7809606481481481,0.7573784722222222,0.6263020833333333,0.6108217592592593,0.7579571759259258,0.709056712962963,0.5855034722222222,0.47468171296296297,0.4479166666666667,0.453125,0.45732060185185186
56,96768,0.44458912037037035,0.4693287037037037,0.4654224537037037,0.44111689814814814,0.6879340277777777,0.7787905092592593,0.7592592592592593,0.6192129629629629,0.615451388888889,0.7664930555555556,0.7178819444444444,0.5930266203703705,0.4691840277777778,0.45037615740740744,0.4398148148148148,0.4526909722222222
57,98496,0.4424189814814815,0.4615162037037037,0.4761284722222222,0.45052083333333337,0.6759259259259259,0.7973090277777777,0.7711226851851851,0.6205150462962963,0.6155960648148149,0.7821180555555556,0.7164351851851851,0.5749421296296297,0.4717881944444445,0.4357638888888889,0.44169560185185186,0.4560185185185185
58,100224,0.4453125,0.46875,0.46629050925925924,0.4487847222222222,0.7021122685185186,0.7552083333333333,0.7443576388888888,0.6519097222222222,0.6244212962962963,0.7445023148148149,0.6908275462962963,0.6106770833333333,0.46846064814814814,0.43475115740740744,0.44458912037037035,0.4477719907407407
59,101952,0.4428530092592593,0.4628182870370371,0.4742476851851851,0.4402488425925926,0.6888020833333334,0.7732928240740741,0.7646122685185186,0.6494502314814814,0.6338252314814814,0.7628761574074074,0.7125289351851851,0.5960648148148149,0.47902199074074076,0.4380787037037037,0.44704861111111116,0.43373842592592593
60,103680,0.4442997685185185,0.4678819444444444,0.4703414351851852,0.4442997685185185,0.6820023148148148,0.7686631944444444,0.7489872685185186,0.6335358796296297,0.622974537037037,0.7737268518518519,0.7112268518518519,0.587818287037037,0.47656249999999994,0.43648726851851855,0.4320023148148148,0.4236111111111111
61,105408,0.4496527777777778,0.44994212962962965,0.47280092592592593,0.4321469907407407,0.6588541666666667,0.7936921296296295,0.7737268518518519,0.6072048611111112,0.6108217592592592,0.80078125,0.7604166666666666,0.564236111111111,0.46556712962962965,0.4273726851851852,0.43344907407407407,0.42607060185185186
62,107136,0.4513888888888889,0.4639756944444444,0.4658564814814815,0.42838541666666663,0.6980613425925926,0.7498553240740741,0.7352430555555556,0.6368634259259258,0.6267361111111112,0.7560763888888888,0.7116608796296297,0.5975115740740742,0.46817129629629634,0.43778935185185186,0.4309895833333333,0.4186921296296296
63,108864,0.44762731481481477,0.4576099537037037,0.47902199074074076,0.4364872685185185,0.6676793981481481,0.7850115740740741,0.7666377314814814,0.6127025462962963,0.6137152777777778,0.779224537037037,0.7277199074074074,0.5698784722222222,0.4561631944444444,0.4461805555555556,0.4369212962962963,0.40379050925925924
64,110592,0.45341435185185186,0.4618055555555556,0.455150462962963,0.4212962962962963,0.6643518518518519,0.794849537037037,0.7531828703703705,0.6187789351851852,0.6202256944444444,0.7829861111111112,0.7199074074074074,0.5703125,0.46469907407407407,0.43070023148148145,0.43489583333333337,0.4224537037037037
65,112320,0.4273726851851852,0.45978009259259256,0.44690393518518523,0.4275173611111111,0.6802662037037037,0.7803819444444444,0.7463831018518519,0.6079282407407408,0.6205150462962963,0.7877604166666666,0.708767361111111,0.5516493055555556,0.45558449074074076,0.43518518518518523,0.43243634259259256,0.42086226851851855
66,114048,0.43735532407407407,0.4513888888888889,0.46383101851851855,0.4270833333333333,0.6676793981481481,0.7783564814814814,0.7575231481481481,0.6281828703703703,0.6102430555555556,0.7771990740740741,0.7125289351851851,0.5750868055555556,0.44111689814814814,0.4184027777777778,0.4357638888888889,0.4134837962962963
67,115776,0.4422743055555556,0.4631076388888889,0.45963541666666663,0.4279513888888889,0.6859085648148148,0.7845775462962963,0.7314814814814815,0.6206597222222222,0.6265914351851851,0.7873263888888888,0.7094907407407408,0.5578703703703703,0.4487847222222222,0.4325810185185185,0.4525462962962963,0.39771412037037035
68,117504,0.4247685185185185,0.4609375,0.45283564814814814,0.4252025462962963,0.6767939814814815,0.791087962962963,0.7449363425925926,0.599537037037037,0.6216724537037037,0.7757523148148149,0.7032696759259259,0.5598958333333333,0.4418402777777778,0.4357638888888889,0.45182291666666663,0.40234375
69,119232,0.4375,0.44791666666666663,0.45630787037037035,0.4282407407407407,0.6851851851851851,0.7672164351851852,0.7330729166666666,0.6234085648148149,0.6345486111111112,0.7689525462962963,0.7042824074074074,0.5679976851851851,0.44921875,0.4305555555555556,0.4453125,0.4095775462962963
70,120960,0.42780671296296297,0.46021412037037035,0.4632523148148148,0.43721064814814814,0.6556712962962963,0.8093171296296297,0.7625868055555556,0.5901331018518519,0.6118344907407407,0.7916666666666667,0.7154224537037037,0.52734375,0.43721064814814814,0.4364872685185185,0.4537037037037037,0.40610532407407407
71,122688,0.41276041666666663,0.43098958333333337,0.44256365740740744,0.43041087962962965,0.6294849537037037,0.7853009259259258,0.763744212962963,0.6060474537037037,0.6025752314814814,0.7948495370370371,0.7426215277777777,0.5452835648148148,0.4418402777777778,0.43388310185185186,0.4435763888888889,0.39525462962962965
72,124416,0.42693865740740744,0.44285300925925924,0.4444444444444444,0.42418981481481477,0.6608796296296295,0.7798032407407407,0.7578125,0.6328125,0.6074942129629629,0.765769675925926,0.7157118055555556,0.5510706018518519,0.4539930555555556,0.4361979166666667,0.44111689814814814,0.39134837962962965
73,126144,0.4442997685185185,0.4399594907407407,0.44791666666666663,0.43735532407407407,0.6725983796296295,0.7921006944444444,0.7404513888888888,0.6057581018518519,0.6322337962962963,0.7821180555555556,0.7026909722222223,0.5251736111111112,0.45804398148148145,0.43778935185185186,0.44328703703703703,0.4033564814814815
74,127872,0.43822337962962965,0.44502314814814814,0.4409722222222222,0.4279513888888889,0.6820023148148149,0.7727141203703703,0.7220775462962963,0.6180555555555556,0.6257233796296297,0.7657696759259259,0.6882233796296297,0.5384837962962963,0.4516782407407407,0.4364872685185185,0.43764467592592593,0.4006076388888889
75,129600,0.43851273148148145,0.44068287037037035,0.4555844907407407,0.43388310185185186,0.6669560185185185,0.7802372685185185,0.7446469907407407,0.6153067129629629,0.611111111111111,0.7887731481481481,0.7123842592592593,0.5480324074074074,0.4445891203703704,0.43938078703703703,0.4344618055555556,0.38657407407407407
76,131328,0.42983217592592593,0.4482060185185185,0.45240162037037035,0.4386574074074074,0.662037037037037,0.7676504629629629,0.7433449074074074,0.6200810185185185,0.6125578703703703,0.7799479166666667,0.7170138888888888,0.5587384259259259,0.4638310185185185,0.4314236111111111,0.42708333333333337,0.3900462962962963
77,133056,0.4269386574074074,0.4437210648148148,0.4390914351851852,0.4270833333333333,0.6686921296296297,0.783130787037037,0.7416087962962963,0.6069155092592593,0.6022858796296297,0.7806712962962963,0.7097800925925926,0.5381944444444444,0.44646990740740744,0.43995949074074076,0.4383680555555556,0.37818287037037035
78,134784,0.42404513888888884,0.4502314814814815,0.4388020833333333,0.42780671296296297,0.6851851851851852,0.7391493055555556,0.7228009259259259,0.634837962962963,0.6079282407407407,0.757667824074074,0.693287037037037,0.5594618055555556,0.44632523148148145,0.42780671296296297,0.43070023148148145,0.3794849537037037
79,136512,0.43634259259259256,0.43822337962962965,0.4466145833333333,0.43431712962962965,0.6754918981481481,0.7638888888888888,0.7394386574074074,0.6200810185185186,0.6087962962962963,0.7690972222222222,0.6974826388888888,0.5413773148148149,0.43041087962962965,0.44791666666666663,0.42751736111111116,0.37268518518518523
80,138240,0.4405381944444445,0.4312789351851852,0.43287037037037035,0.4353298611111111,0.6545138888888888,0.8002025462962963,0.7594039351851851,0.5659722222222223,0.5950520833333333,0.8032407407407407,0.7225115740740741,0.5050636574074074,0.43938078703703703,0.4474826388888889,0.43938078703703703,0.3716724537037037
81,139968,0.4267939814814815,0.44950810185185186,0.44285300925925924,0.41550925925925924,0.6267361111111112,0.7942708333333333,0.7779224537037037,0.5729166666666667,0.5661168981481481,0.791087962962963,0.7397280092592592,0.5112847222222222,0.4448784722222222,0.4286747685185185,0.4280960648148148,0.36834490740740744
82,141696,0.44415509259259256,0.4364872685185185,0.4405381944444444,0.41276041666666663,0.6516203703703705,0.7741608796296295,0.7445023148148149,0.6080729166666666,0.5775462962962963,0.7682291666666667,0.713107638888889,0.5399305555555556,0.4497974537037037,0.4321469907407407,0.42650462962962965,0.37239583333333337
83,143424,0.42462384259259256,0.42433449074074076,0.44111689814814814,0.4267939814814815,0.6427951388888888,0.7799479166666666,0.7554976851851851,0.6179108796296297,0.5888310185185185,0.7844328703703703,0.7196180555555556,0.5328414351851851,0.44820601851851855,0.40943287037037035,0.42737268518518523,0.375
84,145152,0.4288194444444444,0.42505787037037035,0.45298032407407407,0.4171006944444444,0.6644965277777778,0.794704861111111,0.7368344907407407,0.5963541666666667,0.5951967592592593,0.7947048611111112,0.7084780092592593,0.5004340277777778,0.4460358796296296,0.4210069444444444,0.4275173611111111,0.3784722222222222
85,146880,0.43605324074074076,0.41652199074074076,0.45240162037037035,0.4058159722222222,0.6802662037037037,0.7683738425925926,0.7349537037037037,0.6331018518518519,0.6040219907407407,0.7664930555555556,0.7010995370370371,0.5455729166666666,0.42013888888888884,0.42071759259259256,0.4305555555555556,0.37094907407407407
86,148608,0.43243634259259256,0.42115162037037035,0.45457175925925924,0.4152199074074074,0.6310763888888888,0.7958622685185186,0.7646122685185185,0.5924479166666667,0.5827546296296297,0.8045428240740741,0.7459490740740741,0.5125868055555556,0.43026620370370366,0.40205439814814814,0.42303240740740744,0.37369791666666663
87,150336,0.4357638888888889,0.42071759259259256,0.45920138888888884,0.40870949074074076,0.6555266203703705,0.7868923611111112,0.7426215277777778,0.583912037037037,0.5868055555555556,0.7863136574074074,0.7155671296296297,0.502025462962963,0.447193287037037,0.4032118055555556,0.40755208333333337,0.3598090277777778
88,152064,0.44646990740740744,0.4224537037037037,0.45211226851851855,0.4252025462962963,0.6883680555555556,0.7896412037037037,0.7307581018518519,0.5996817129629629,0.5707465277777778,0.7517361111111112,0.6733217592592593,0.4916087962962963,0.42737268518518523,0.4107349537037037,0.41681134259259256,0.3689236111111111
89,153792,0.43489583333333337,0.42201967592592593,0.44516782407407407,0.41304976851851855,0.6686921296296295,0.78125,0.7316261574074074,0.611111111111111,0.5581597222222223,0.7628761574074074,0.6895254629629629,0.48119212962962965,0.4253472222222222,0.40219907407407407,0.42173032407407407,0.34765625
90,155520,0.42853009259259256,0.4046585648148148,0.44241898148148145,0.40234375,0.6304976851851851,0.8015046296296297,0.7696759259259259,0.5817418981481481,0.5510706018518519,0.7981770833333333,0.7353877314814814,0.47395833333333337,0.41912615740740744,0.4078414351851852,0.42201967592592593,0.3499710648148148
91,157248,0.41927083333333337,0.41145833333333337,0.4389467592592593,0.4105902777777778,0.6692708333333333,0.7996238425925926,0.732204861111111,0.595630787037037,0.572337962962963,0.7838541666666666,0.7080439814814814,0.49537037037037035,0.40118634259259256,0.4110243055555556,0.42563657407407407,0.34186921296296297
92,158976,0.4121817129629629,0.4110243055555556,0.44285300925925924,0.39597800925925924,0.679832175925926,0.78515625,0.7288773148148149,0.6109664351851852,0.5797164351851851,0.7769097222222222,0.7161458333333334,0.4992766203703703,0.41087962962962965,0.4079861111111111,0.42346643518518523,0.35141782407407407
93,160704,0.42086226851851855,0.4091435185185185,0.44010416666666663,0.38700810185185186,0.6643518518518519,0.7877604166666667,0.728587962962963,0.6002604166666666,0.5692997685185185,0.7984664351851851,0.7086226851851851,0.4936342592592593,0.4000289351851852,0.40625,0.42505787037037035,0.33492476851851855
94,162432,0.4169560185185185,0.41015625,0.4351851851851852,0.38946759259259256,0.6773726851851852,0.763599537037037,0.720920138888889,0.627025462962963,0.5736400462962963,0.7625868055555556,0.7133969907407407,0.5237268518518519,0.3962673611111111,0.4097222222222222,0.42693865740740744,0.33203125
95,164160,0.43084490740740744,0.41087962962962965,0.43648726851851855,0.3978587962962963,0.66015625,0.7881944444444444,0.7353877314814814,0.607349537037037,0.5653935185185186,0.7886284722222222,0.6951678240740741,0.48423032407407407,0.39872685185185186,0.41420717592592593,0.41666666666666663,0.3350694444444444
96,165888,0.42173032407407407,0.4021990740740741,0.43287037037037035,0.40248842592592593,0.6828703703703703,0.7738715277777778,0.7200520833333333,0.6195023148148148,0.5701678240740741,0.7761863425925926,0.7008101851851851,0.517505787037037,0.3839699074074074,0.4076967592592593,0.4241898148148148,0.3311631944444444
97,167616,0.4241898148148148,0.4071180555555556,0.4253472222222222,0.3912037037037037,0.640625,0.8094618055555556,0.7447916666666667,0.5962094907407407,0.5622106481481481,0.8052662037037037,0.7252604166666667,0.48451967592592593,0.3881655092592593,0.41666666666666663,0.42795138888888884,0.33998842592592593
98,169344,0.43330439814814814,0.4071180555555556,0.4266493055555556,0.3975694444444445,0.6656539351851851,0.7659143518518519,0.7230902777777777,0.6302083333333333,0.5704571759259259,0.7683738425925926,0.7003761574074074,0.505931712962963,0.38353587962962965,0.41608796296296297,0.40494791666666663,0.34534143518518523
99,171072,0.4001736111111111,0.4046585648148148,0.39872685185185186,0.4048032407407407,0.6281828703703705,0.8072916666666667,0.7624421296296297,0.5852141203703705,0.5413773148148149,0.8122106481481481,0.7407407407407407,0.48148148148148145,0.3765914351851852,0.41044560185185186,0.42505787037037035,0.3349247685185185
100,172800,0.40422453703703703,0.39713541666666663,0.4053819444444444,0.3951099537037037,0.6644965277777778,0.7737268518518519,0.734375,0.6296296296296297,0.5549768518518519,0.7599826388888888,0.69921875,0.49609375000000006,0.3680555555555555,0.4201388888888889,0.42115162037037035,0.33478009259259256
101,174528,0.41073495370370366,0.4152199074074074,0.40567129629629634,0.3875868055555556,0.6459780092592593,0.7977430555555556,0.7390046296296297,0.5943287037037037,0.5403645833333333,0.7696759259259259,0.7068865740740741,0.47063078703703703,0.3715277777777778,0.4046585648148148,0.41811342592592593,0.3272569444444445
102,176256,0.4032118055555556,0.42201967592592593,0.41015625,0.3955439814814815,0.6507523148148148,0.8002025462962963,0.7209201388888888,0.5946180555555556,0.5581597222222222,0.8012152777777778,0.709201388888889,0.46614583333333326,0.38816550925925924,0.4116030092592593,0.4105902777777778,0.32884837962962965
103,177984,0.41044560185185186,0.40046296296296297,0.40813078703703703,0.3768807870370371,0.64453125,0.7942708333333334,0.7358217592592593,0.6019965277777778,0.5535300925925926,0.8017939814814814,0.7235243055555556,0.47019675925925924,0.36009837962962965,0.39655671296296297,0.4130497685185185,0.31148726851851855
104,179712,0.40610532407407407,0.3927951388888889,0.4001736111111111,0.3901909722222222,0.6527777777777777,0.7711226851851851,0.736255787037037,0.6208043981481481,0.568431712962963,0.7858796296296297,0.7248263888888888,0.5033275462962963,0.3810763888888889,0.4162326388888889,0.4194155092592593,0.31669560185185186
105,181440,0.4027777777777778,0.39554398148148145,0.4095775462962963,0.39091435185185186,0.6345486111111112,0.7905092592592592,0.7369791666666666,0.6004050925925926,0.544994212962963,0.7936921296296297,0.7174479166666666,0.47077546296296297,0.3602430555555556,0.4071180555555556,0.40118634259259256,0.3057002314814815
106,183168,0.40914351851851855,0.38874421296296297,0.40306712962962965,0.40248842592592593,0.6422164351851852,0.7883391203703703,0.7333622685185185,0.6077835648148149,0.55859375,0.8054108796296297,0.7291666666666666,0.4826388888888889,0.3741319444444444,0.4032118055555556,0.40885416666666663,0.31351273148148145
107,184896,0.421875,0.39134837962962965,0.40335648148148145,0.40567129629629634,0.6665219907407407,0.7884837962962963,0.7102141203703703,0.6044560185185186,0.5542534722222222,0.7650462962962963,0.6778067129629629,0.44921875,0.38454861111111116,0.4045138888888889,0.39655671296296297,0.3220486111111111
108,186624,0.40682870370370366,0.3793402777777778,0.39713541666666663,0.39091435185185186,0.669849537037037,0.7828414351851851,0.7200520833333333,0.6106770833333334,0.5620659722222223,0.7730034722222222,0.6902488425925926,0.4769965277777778,0.36009837962962965,0.40234375,0.38917824074074076,0.3226273148148148
109,188352,0.39916087962962965,0.37774884259259256,0.3968460648148148,0.3823784722222222,0.661892361111111,0.7627314814814815,0.7164351851851851,0.6202256944444444,0.5474537037037037,0.779224537037037,0.7118055555555556,0.49030671296296297,0.3624131944444444,0.3919270833333333,0.38295717592592593,0.3129340277777778
110,190080,0.4039351851851852,0.3696469907407407,0.39048032407407407,0.38946759259259256,0.6607349537037037,0.7747395833333333,0.7369791666666666,0.6140046296296295,0.5439814814814815,0.7663483796296297,0.7097800925925926,0.49580439814814814,0.35619212962962965,0.37311921296296297,0.3845486111111111,0.3197337962962963
111,191808,0.41015625,0.38107638888888884,0.4130497685185185,0.38353587962962965,0.6702835648148148,0.7877604166666667,0.7290219907407407,0.5956307870370371,0.5504918981481481,0.7711226851851851,0.6834490740740742,0.47410300925925924,0.35865162037037035,0.3783275462962963,0.3861400462962963,0.3149594907407407
112,193536,0.41333912037037035,0.3851273148148148,0.40118634259259256,0.3964120370370371,0.6545138888888888,0.7861689814814814,0.7413194444444444,0.6001157407407407,0.5392071759259259,0.7745949074074074,0.701099537037037,0.47280092592592593,0.35734953703703703,0.38946759259259256,0.39482060185185186,0.3203125
113,195264,0.41044560185185186,0.3838252314814815,0.3984375,0.39091435185185186,0.6795428240740741,0.7951388888888888,0.7115162037037037,0.5846354166666667,0.5626446759259259,0.7708333333333333,0.6776620370370371,0.44502314814814814,0.3680555555555556,0.38440393518518523,0.37644675925925924,0.31264467592592593
114,196992,0.4019097222222222,0.36921296296296297,0.3933738425925926,0.37659143518518523,0.6656539351851851,0.7799479166666667,0.7287326388888888,0.5964988425925926,0.5496238425925926,0.7659143518518519,0.7013888888888888,0.4824942129629629,0.3548900462962963,0.40885416666666663,0.3912037037037037,0.2941261574074074
115,198720,0.3883101851851852,0.37225115740740744,0.41218171296296297,0.38208912037037035,0.6404803240740741,0.7783564814814815,0.7222222222222222,0.6038773148148148,0.5483217592592593,0.7826967592592593,0.7213541666666667,0.4877025462962963,0.35966435185185186,0.39091435185185186,0.37181712962962965,0.30107060185185186
116,200448,0.4032118055555556,0.37094907407407407,0.4045138888888889,0.3650173611111111,0.6501736111111112,0.7905092592592593,0.7332175925925926,0.5888310185185185,0.5363136574074074,0.790943287037037,0.7131076388888888,0.4554398148148148,0.35865162037037035,0.3885995370370371,0.37355324074074076,0.29094328703703703
117,202176,0.41724537037037035,0.38151041666666663,0.41001157407407407,0.37890625,0.6604456018518519,0.7567997685185185,0.7097800925925926,0.6267361111111112,0.5399305555555556,0.7462384259259259,0.689525462962963,0.48336226851851855,0.3734085648148148,0.39134837962962965,0.3799189814814815,0.30063657407407407
118,203904,0.39858217592592593,0.38686342592592593,0.3961226851851852,0.37384259259259256,0.6251446759259259,0.8061342592592593,0.7469618055555556,0.5691550925925926,0.5078125,0.7879050925925926,0.7118055555555556,0.43561921296296297,0.35546875,0.37890625,0.38136574074074076,0.28935185185185186
119,205632,0.39699074074074076,0.36820023148148145,0.3932291666666667,0.3663194444444444,0.6328125,0.798900462962963,0.7378472222222222,0.5679976851851851,0.525607638888889,0.7897858796296297,0.7084780092592593,0.4361979166666667,0.3453414351851852,0.37528935185185186,0.3861400462962963,0.29166666666666663
120,207360,0.4228877314814815,0.36877893518518523,0.38599537037037035,0.3657407407407407,0.6595775462962963,0.7591145833333334,0.71484375,0.6248553240740741,0.5338541666666667,0.7596932870370371,0.6929976851851851,0.4732349537037037,0.3331886574074074,0.3802083333333333,0.37311921296296297,0.2977430555555556
121,209088,0.4155092592592593,0.36603009259259256,0.4007523148148148,0.37398726851851855,0.6391782407407407,0.794994212962963,0.7291666666666667,0.5727719907407407,0.5253182870370371,0.7935474537037037,0.7118055555555556,0.4184027777777778,0.3369502314814815,0.36791087962962965,0.3806423611111111,0.2954282407407407
122,210816,0.4240451388888889,0.36588541666666663,0.3719618055555556,0.36733217592592593,0.6390335648148149,0.7745949074074074,0.7313368055555556,0.5914351851851851,0.5342881944444444,0.7818287037037037,0.7196180555555556,0.4564525462962963,0.32798032407407407,0.3680555555555556,0.3823784722222222,0.2934027777777778
123,212544,0.42259837962962965,0.3760127314814815,0.4014756944444444,0.3637152777777778,0.6263020833333333,0.7939814814814815,0.7369791666666666,0.5733506944444444,0.5121527777777777,0.7787905092592593,0.7113715277777778,0.43619791666666663,0.32494212962962965,0.3719618055555556,0.3755787037037037,0.2974537037037037
124,214272,0.4228877314814815,0.3684895833333333,0.3914930555555556,0.353587962962963,0.6574074074074074,0.7748842592592593,0.7177372685185185,0.5980902777777777,0.5358796296296297,0.7659143518518519,0.697193287037037,0.43576388888888895,0.33738425925925924,0.36357060185185186,0.36212384259259256,0.3064236111111111
125,216000,0.4156539351851852,0.37080439814814814,0.38396990740740744,0.35271990740740744,0.6257233796296297,0.7708333333333334,0.736111111111111,0.5828993055555556,0.5130208333333333,0.7731481481481481,0.7190393518518519,0.4408275462962963,0.32060185185185186,0.3605324074074074,0.36212384259259256,0.31177662037037035
126,217728,0.40205439814814814,0.36863425925925924,0.37745949074074076,0.3499710648148148,0.6605902777777777,0.761574074074074,0.7063078703703702,0.6050347222222222,0.5345775462962963,0.7554976851851851,0.6942997685185185,0.4645543981481482,0.3275462962962963,0.36848958333333337,0.3602430555555556,0.2841435185185185
127,219456,0.41666666666666663,0.3676215277777778,0.37861689814814814,0.33709490740740744,0.6189236111111112,0.7944155092592593,0.7216435185185186,0.5622106481481481,0.5040509259259259,0.7822627314814814,0.7116608796296297,0.3993055555555555,0.32450810185185186,0.35966435185185186,0.3408564814814815,0.2873263888888889
128,221184,0.42071759259259256,0.3700810185185185,0.37225115740740744,0.34881365740740744,0.6336805555555556,0.7758969907407407,0.7339409722222222,0.5953414351851851,0.513744212962963,0.7550636574074074,0.6996527777777778,0.4369212962962963,0.3304398148148148,0.3534432870370371,0.3563368055555555,0.2832754629629629
129,222912,0.3974247685185185,0.36689814814814814,0.3742766203703704,0.3337673611111111,0.6140046296296297,0.7886284722222222,0.7242476851851851,0.5590277777777777,0.5169270833333334,0.7893518518518519,0.7232349537037037,0.4195601851851852,0.3274016203703704,0.3583622685185185,0.3493923611111111,0.2808159722222222
130,224640,0.41550925925925924,0.3676215277777778,0.37398726851851855,0.3350694444444444,0.6357060185185185,0.787037037037037,0.7196180555555556,0.5749421296296295,0.5183738425925926,0.7747395833333333,0.7008101851851851,0.4173900462962963,0.3236400462962963,0.3519965277777778,0.35387731481481477,0.2886284722222222
131,226368,0.3968460648148148,0.35677083333333337,0.35619212962962965,0.33608217592592593,0.6484375,0.759837962962963,0.6879340277777777,0.5826099537037037,0.5300925925925926,0.7455150462962963,0.6766493055555556,0.4136284722222222,0.3207465277777778,0.3608217592592593,0.3525752314814815,0.28515625
132,228096,0.4001736111111111,0.35908564814814814,0.3716724537037037,0.32740162037037035,0.6202256944444444,0.7766203703703703,0.7204861111111112,0.5775462962962963,0.5199652777777778,0.767505787037037,0.7067418981481481,0.42708333333333337,0.32798032407407407,0.3519965277777778,0.3428819444444444,0.2745949074074074
133,229824,0.4000289351851852,0.36255787037037035,0.35648148148148145,0.3314525462962963,0.6028645833333334,0.8049768518518519,0.7282986111111112,0.5578703703703703,0.49840856481481477,0.7806712962962963,0.7161458333333333,0.39048032407407407,0.31322337962962965,0.35821759259259256,0.34577546296296297,0.27531828703703703
134,231552,0.3901909722222222,0.35170717592592593,0.3687789351851852,0.3168402777777778,0.6160300925925926,0.7973090277777778,0.7209201388888888,0.5489004629629629,0.5111400462962963,0.7724247685185186,0.7107928240740741,0.39438657407407407,0.3133680555555556,0.35300925925925924,0.34389467592592593,0.2796585648148148
135,233280,0.3953993055555556,0.3580729166666667,0.36921296296296297,0.32349537037037035,0.6244212962962963,0.7879050925925926,0.7039930555555556,0.568287037037037,0.5054976851851851,0.7540509259259259,0.6863425925925926,0.36443865740740744,0.3224826388888889,0.3585069444444444,0.3502604166666667,0.2640335648148148
136,235008,0.39265046296296297,0.3394097222222222,0.3605324074074074,0.3217592592592593,0.5927372685185185,0.7880497685185185,0.7267071759259259,0.5687210648148149,0.49782986111111116,0.7844328703703703,0.7170138888888888,0.3955439814814815,0.31843171296296297,0.35026041666666663,0.32392939814814814,0.26591435185185186
137,236736,0.40350115740740744,0.34809027777777773,0.3715277777777778,0.3211805555555556,0.6723090277777778,0.7514467592592593,0.6686921296296295,0.6090856481481481,0.5436921296296295,0.7252604166666666,0.6532118055555556,0.42404513888888884,0.32002314814814814,0.3550347222222222,0.3441840277777778,0.26533564814814814
138,238464,0.4032118055555556,0.33969907407407407,0.3628472222222222,0.33709490740740744,0.6574074074074074,0.7646122685185185,0.6805555555555556,0.5865162037037037,0.531105324074074,0.740162037037037,0.6579861111111112,0.40046296296296297,0.3207465277777778,0.35749421296296297,0.33955439814814814,0.27228009259259256
139,240192,0.40219907407407407,0.3373842592592593,0.3640046296296296,0.32638888888888884,0.627025462962963,0.763599537037037,0.7097800925925926,0.580005787037037,0.5099826388888888,0.7337962962962963,0.6941550925925926,0.4033564814814815,0.3120659722222222,0.3486689814814815,0.3185763888888889,0.25390625
140,241920,0.39351851851851855,0.32884837962962965,0.3641493055555556,0.32233796296296297,0.6477141203703703,0.7654803240740741,0.700954861111111,0.5862268518518519,0.5125868055555556,0.7450810185185185,0.6912615740740741,0.4094328703703704,0.2986111111111111,0.35141782407407407,0.32349537037037035,0.2524594907407407
141,243648,0.3891782407407407,0.3310185185185185,0.36472800925925924,0.3292824074074074,0.6414930555555556,0.7646122685185186,0.6948784722222223,0.587962962962963,0.5111400462962963,0.7408854166666666,0.6827256944444444,0.41160300925925924,0.30193865740740744,0.3392650462962963,0.3155381944444444,0.2635995370370371
142,245376,0.3962673611111111,0.3402777777777778,0.36328125,0.3233506944444444,0.6103877314814815,0.7861689814814815,0.7307581018518519,0.5638020833333333,0.4839409722222222,0.7488425925925927,0.6997974537037037,0.3848379629629629,0.2962962962962963,0.3433159722222222,0.31915509259259256,0.26027199074074076
143,247104,0.39076967592592593,0.3298611111111111,0.3608217592592593,0.31481481481481477,0.6234085648148149,0.7769097222222222,0.7024016203703705,0.5533854166666667,0.48509837962962965,0.7352430555555556,0.6782407407407407,0.36906828703703703,0.28718171296296297,0.34924768518518523,0.32002314814814814,0.25101273148148145
144,248832,0.38266782407407407,0.33666087962962965,0.3470775462962963,0.3207465277777778,0.6433738425925927,0.7424768518518519,0.7016782407407407,0.5927372685185186,0.5069444444444444,0.7251157407407407,0.6617476851851851,0.38802083333333337,0.2955729166666667,0.3315972222222222,0.3090277777777778,0.25072337962962965
145,250560,0.36458333333333337,0.32740162037037035,0.3521412037037037,0.32826967592592593,0.6300636574074074,0.7789351851851851,0.700954861111111,0.5600405092592592,0.5037615740740741,0.7583912037037037,0.689380787037037,0.3810763888888889,0.27228009259259256,0.3350694444444444,0.3003472222222222,0.24406828703703703
146,252288,0.3802083333333333,0.33072916666666663,0.35228587962962965,0.3135127314814815,0.6106770833333333,0.7611400462962963,0.7309027777777778,0.5745081018518519,0.4946469907407407,0.7508680555555556,0.6986400462962963,0.39858217592592593,0.2874710648148148,0.33868634259259256,0.31365740740740744,0.2443576388888889
147,254016,0.3797743055555556,0.31452546296296297,0.3515625,0.32609953703703703,0.6263020833333334,0.7469618055555556,0.7022569444444445,0.5865162037037037,0.5089699074074074,0.7414641203703703,0.6869212962962963,0.40422453703703703,0.2826967592592593,0.32306134259259256,0.3033854166666667,0.2523148148148148
148,255744,0.3823784722222222,0.32624421296296297,0.35141782407407407,0.31669560185185186,0.6338252314814815,0.7808159722222222,0.7074652777777778,0.5464409722222222,0.4988425925925926,0.7476851851851851,0.685619212962963,0.36487268518518523,0.29123263888888884,0.3470775462962963,0.3055555555555556,0.2515914351851852
149,257472,0.3799189814814815,0.3359375,0.3463541666666667,0.33188657407407407,0.6644965277777778,0.7469618055555556,0.6767939814814815,0.5933159722222222,0.5230034722222222,0.7144097222222222,0.6462673611111112,0.3913483796296296,0.27936921296296297,0.3519965277777778,0.3114872685185185,0.2544849537037037
150,259200,0.3890335648148148,0.3268229166666667,0.34765625,0.3094618055555556,0.6184895833333333,0.7790798611111112,0.7178819444444444,0.5623553240740741,0.4930555555555556,0.7433449074074074,0.68359375,0.35865162037037035,0.2838541666666667,0.33998842592592593,0.31119791666666663,0.2387152777777778
151,260928,0.3645833333333333,0.30873842592592593,0.3515625,0.3098958333333333,0.625,0.7575231481481481,0.6976273148148149,0.5711805555555556,0.5063657407407407,0.7485532407407407,0.6924189814814815,0.3978587962962963,0.26982060185185186,0.3355034722222222,0.30787037037037035,0.2398726851851852
152,262656,0.3519965277777778,0.3091724537037037,0.3589409722222222,0.2973090277777778,0.5973668981481481,0.7670717592592593,0.7212094907407407,0.5733506944444444,0.47771990740740744,0.7426215277777778,0.7064525462962963,0.38396990740740744,0.27850115740740744,0.3421585648148148,0.29412615740740744,0.23451967592592593
153,264384,0.3603877314814815,0.3101851851851852,0.34635416666666663,0.29947916666666663,0.5947627314814815,0.7514467592592593,0.7204861111111112,0.5766782407407407,0.4691840277777778,0.7210648148148148,0.6859085648148149,0.3877314814814815,0.2845775462962963,0.3326099537037037,0.2977430555555556,0.24189814814814814
154,266112,0.3583622685185185,0.31828703703703703,0.35923032407407407,0.29137731481481477,0.6248553240740741,0.7615740740740741,0.6993634259259259,0.5632233796296295,0.4888599537037037,0.720630787037037,0.6809895833333333,0.3797743055555556,0.28674768518518523,0.33174189814814814,0.3059895833333333,0.23451967592592593
155,267840,0.34982638888888884,0.32175925925925924,0.3408564814814815,0.2921006944444444,0.6507523148148149,0.7372685185185185,0.6886574074074074,0.6070601851851852,0.5015914351851851,0.7015335648148149,0.6390335648148149,0.39525462962962965,0.2808159722222222,0.33839699074074076,0.3023726851851852,0.22916666666666666
156,269568,0.34751157407407407,0.30960648148148145,0.3532986111111111,0.2806712962962963,0.6273148148148149,0.75390625,0.6812789351851851,0.5787037037037037,0.4877025462962963,0.7297453703703703,0.6652199074074074,0.37919560185185186,0.3016493055555556,0.3326099537037037,0.30179398148148145,0.2300347222222222
157,271296,0.3560474537037037,0.3052662037037037,0.3502604166666667,0.2860243055555555,0.59375,0.7792245370370371,0.7238136574074074,0.5532407407407407,0.47207754629629634,0.7436342592592593,0.6827256944444444,0.375,0.2769097222222222,0.33738425925925924,0.29557291666666663,0.23046874999999997
158,273024,0.3515625,0.2984664351851852,0.3576388888888889,0.2861689814814815,0.6131365740740741,0.7599826388888888,0.7151331018518519,0.5747974537037037,0.48451967592592593,0.7346643518518519,0.6789641203703703,0.3872974537037037,0.2779224537037037,0.33521412037037035,0.2954282407407407,0.21846064814814814
159,274752,0.3511284722222222,0.30830439814814814,0.3472222222222222,0.2860243055555556,0.650318287037037,0.7418981481481481,0.6825810185185186,0.5805844907407408,0.5065104166666667,0.7139756944444444,0.6513310185185185,0.39959490740740744,0.27951388888888884,0.3192997685185185,0.2960069444444445,0.23567708333333334
160,276480,0.3369502314814815,0.29962384259259256,0.3363715277777778,0.28356481481481477,0.6430844907407407,0.7540509259259259,0.6851851851851852,0.5465856481481481,0.5172164351851851,0.7407407407407407,0.6527777777777778,0.37514467592592593,0.27662037037037035,0.3365162037037037,0.29296875,0.23017939814814817
161,278208,0.35691550925925924,0.30888310185185186,0.33608217592592593,0.27705439814814814,0.6396122685185185,0.7627314814814814,0.6901041666666667,0.5616319444444444,0.4787326388888889,0.7278645833333334,0.6497395833333333,0.3721064814814815,0.2916666666666667,0.3311631944444444,0.28370949074074076,0.2277199074074074
162,279936,0.37861689814814814,0.32016782407407407,0.3285590277777778,0.2915219907407407,0.6535011574074074,0.7502893518518519,0.6631944444444444,0.5558449074074074,0.49782986111111116,0.708912037037037,0.6228298611111112,0.36689814814814814,0.2991898148148148,0.3172743055555556,0.29296875,0.23567708333333334
163,281664,0.3624131944444445,0.30873842592592593,0.3259548611111111,0.2860243055555556,0.6316550925925926,0.7498553240740742,0.6824363425925926,0.5808738425925926,0.5053530092592593,0.7170138888888888,0.6448206018518519,0.3938078703703704,0.28833912037037035,0.31828703703703703,0.27879050925925924,0.21889467592592593
164,283392,0.3732638888888889,0.31828703703703703,0.3291377314814815,0.2758969907407407,0.6004050925925926,0.7763310185185186,0.72265625,0.556423611111111,0.4626736111111111,0.7216435185185186,0.6535011574074074,0.3585069444444445,0.2785011574074074,0.33188657407407407,0.2824074074074074,0.2267071759259259
165,285120,0.3525752314814815,0.31004050925925924,0.33391203703703703,0.27618634259259256,0.6297743055555556,0.7514467592592593,0.6841724537037037,0.5681423611111112,0.4921875,0.7288773148148149,0.6649305555555556,0.37485532407407407,0.2782118055555556,0.32146990740740744,0.29224537037037035,0.21542245370370372
166,286848,0.37109375,0.31958912037037035,0.34490740740740744,0.27416087962962965,0.6119791666666666,0.7731481481481481,0.6969039351851851,0.5423900462962963,0.4722222222222222,0.732349537037037,0.6449652777777778,0.3394097222222222,0.27358217592592593,0.3236400462962963,0.2913773148148148,0.22019675925925927
167,288576,0.3519965277777778,0.29267939814814814,0.3310185185185185,0.2550636574074074,0.609230324074074,0.7686631944444444,0.6941550925925926,0.5348668981481481,0.4874131944444444,0.7565104166666666,0.6796875,0.3350694444444444,0.27719907407407407,0.31756365740740744,0.2986111111111111,0.20760995370370372
168,290304,0.3624131944444444,0.31524884259259256,0.32494212962962965,0.2799479166666667,0.6006944444444444,0.7468171296296295,0.693287037037037,0.5546875,0.48582175925925924,0.724826388888889,0.6721643518518519,0.37355324074074076,0.27155671296296297,0.30844907407407407,0.2881944444444444,0.2152777777777778
169,292032,0.3491030092592593,0.30280671296296297,0.32392939814814814,0.28833912037037035,0.6014178240740741,0.7630208333333334,0.7125289351851851,0.5182291666666667,0.47034143518518523,0.7418981481481481,0.6595775462962963,0.32783564814814814,0.2664930555555556,0.3098958333333333,0.28891782407407407,0.22005208333333334
170,293760,0.3454861111111111,0.3119212962962963,0.30497685185185186,0.2783564814814815,0.6032986111111112,0.7504340277777777,0.7200520833333333,0.5335648148148149,0.4722222222222222,0.7316261574074074,0.665798611111111,0.3682002314814815,0.26359953703703703,0.2935474537037037,0.28718171296296297,0.2081886574074074
171,295488,0.3585069444444444,0.30598958333333337,0.3287037037037037,0.26750578703703703,0.6108217592592593,0.7495659722222222,0.6824363425925926,0.537037037037037,0.48813657407407407,0.7430555555555556,0.662037037037037,0.35532407407407407,0.27907986111111116,0.3003472222222222,0.2902199074074074,0.2126736111111111
172,297216,0.3524305555555556,0.31467013888888884,0.32566550925925924,0.2821180555555555,0.6388888888888888,0.7400173611111112,0.6668113425925926,0.5588831018518519,0.5046296296296295,0.6970486111111112,0.6206597222222223,0.3797743055555556,0.2611400462962963,0.3155381944444445,0.2974537037037037,0.21281828703703703
173,298944,0.3505497685185185,0.3080150462962963,0.32349537037037035,0.26765046296296297,0.6022858796296297,0.7630208333333333,0.6799768518518519,0.5241608796296295,0.4774305555555555,0.7337962962962963,0.6448206018518519,0.3365162037037037,0.2611400462962963,0.2877604166666667,0.29296875,0.21469907407407407
174,300672,0.3411458333333333,0.3109085648148148,0.3219039351851852,0.28197337962962965,0.5966435185185185,0.7523148148148148,0.7152777777777778,0.5623553240740741,0.45688657407407407,0.700954861111111,0.6423611111111112,0.3628472222222222,0.24406828703703703,0.28096064814814814,0.2868923611111111,0.20818865740740738
175,302400,0.33666087962962965,0.2839988425925926,0.31756365740740744,0.2821180555555555,0.6357060185185185,0.7489872685185185,0.6780960648148149,0.5584490740740741,0.5088252314814815,0.7278645833333334,0.6438078703703703,0.36472800925925924,0.24580439814814814,0.29094328703703703,0.29267939814814814,0.19820601851851852
176,304128,0.34881365740740744,0.3090277777777778,0.32841435185185186,0.2782118055555556,0.5962094907407407,0.7774884259259258,0.6986400462962963,0.5353009259259258,0.46223958333333337,0.7337962962962963,0.642505787037037,0.3236400462962963,0.24768518518518517,0.29282407407407407,0.2803819444444444,0.2052951388888889
177,305856,0.34693287037037035,0.28718171296296297,0.3269675925925926,0.26490162037037035,0.6134259259259259,0.7598379629629629,0.6809895833333334,0.5486111111111112,0.47641782407407407,0.7194733796296297,0.640625,0.3472222222222222,0.25014467592592593,0.29441550925925924,0.2868923611111111,0.21412037037037035
178,307584,0.3602430555555555,0.2829861111111111,0.3155381944444444,0.2763310185185185,0.6222511574074074,0.7320601851851852,0.6870659722222222,0.5668402777777778,0.4822048611111111,0.6974826388888888,0.6325231481481481,0.3842592592592593,0.2400173611111111,0.28920717592592593,0.2705439814814815,0.2175925925925926
179,309312,0.34780092592592593,0.27473958333333337,0.31119791666666663,0.26938657407407407,0.6361400462962963,0.7251157407407407,0.6604456018518519,0.5698784722222222,0.5031828703703703,0.7080439814814815,0.6248553240740741,0.3598090277777778,0.23307291666666669,0.27994791666666663,0.27705439814814814,0.20891203703703703
180,311040,0.3548900462962963,0.28226273148148145,0.3114872685185185,0.2743055555555556,0.6121238425925926,0.7417534722222223,0.6944444444444444,0.5533854166666667,0.47106481481481477,0.6885127314814815,0.627025462962963,0.34794560185185186,0.22974537037037038,0.2873263888888889,0.27228009259259256,0.2109375
181,312768,0.35358796296296297,0.2524594907407407,0.2952835648148148,0.2683738425925926,0.5671296296296295,0.7757523148148149,0.7164351851851852,0.5180844907407407,0.4644097222222222,0.7779224537037037,0.693287037037037,0.33564814814814814,0.23567708333333331,0.2877604166666667,0.27806712962962965,0.20066550925925924
182,314496,0.3546006944444444,0.26938657407407407,0.30396412037037035,0.2592592592592593,0.5859375,0.7644675925925926,0.7113715277777778,0.5318287037037037,0.4664351851851852,0.7173032407407407,0.6520543981481481,0.34693287037037035,0.22800925925925924,0.3013599537037037,0.2679398148148148,0.2013888888888889
183,316224,0.3589409722222222,0.26244212962962965,0.31264467592592593,0.25245949074074076,0.5886863425925926,0.7392939814814814,0.6912615740740742,0.5455729166666667,0.4664351851851852,0.7160011574074073,0.6526331018518519,0.34664351851851855,0.23336226851851852,0.28935185185185186,0.26750578703703703,0.2026909722222222
184,317952,0.35083912037037035,0.2612847222222222,0.3120659722222222,0.26316550925925924,0.5739293981481481,0.7663483796296297,0.7141203703703705,0.5258969907407407,0.4586226851851852,0.732494212962963,0.661892361111111,0.34056712962962965,0.2254050925925926,0.3051215277777778,0.26099537037037035,0.20052083333333331
185,319680,0.3655960648148148,0.2556423611111111,0.31264467592592593,0.25752314814814814,0.603587962962963,0.7511574074074074,0.6804108796296297,0.5389178240740741,0.4858217592592593,0.7076099537037037,0.6274594907407408,0.3289930555555556,0.22641782407407407,0.29803240740740744,0.27763310185185186,0.19212962962962962
186,321408,0.3677662037037037,0.2673611111111111,0.30367476851851855,0.26417824074074076,0.603587962962963,0.7336516203703703,0.6804108796296295,0.5739293981481481,0.48017939814814814,0.6822916666666667,0.6137152777777778,0.37239583333333337,0.22164351851851852,0.30598958333333337,0.2763310185185185,0.19791666666666669
187,323136,0.3812210648148148,0.27314814814814814,0.3041087962962963,0.24942129629629628,0.591869212962963,0.7743055555555556,0.6694155092592593,0.5235821759259259,0.46556712962962965,0.7128182870370371,0.6135706018518519,0.3152488425925926,0.2230902777777778,0.3030960648148148,0.2743055555555556,0.1909722222222222
188,324864,0.35836226851851855,0.26171875,0.2803819444444444,0.23741319444444445,0.5629340277777778,0.7682291666666667,0.7057291666666666,0.53125,0.4497974537037037,0.7310474537037037,0.6566840277777777,0.3298611111111111,0.22395833333333334,0.29918981481481477,0.27546296296296297,0.19589120370370372
189,326592,0.3706597222222222,0.25231481481481477,0.28674768518518523,0.25636574074074076,0.5778356481481481,0.7216435185185186,0.6802662037037037,0.5776909722222222,0.4552951388888889,0.6928530092592593,0.6442418981481481,0.36877893518518523,0.21976273148148148,0.2896412037037037,0.26359953703703703,0.18171296296296297
190,328320,0.3602430555555556,0.24985532407407407,0.2861689814814815,0.25028935185185186,0.5590277777777778,0.7647569444444444,0.6984953703703703,0.5371817129629629,0.44777199074074076,0.7280092592592593,0.6631944444444444,0.3285590277777778,0.22497106481481483,0.2799479166666667,0.26880787037037035,0.1863425925925926
191,330048,0.34447337962962965,0.25665509259259256,0.27517361111111116,0.24363425925925927,0.5758101851851851,0.7491319444444444,0.6843171296296295,0.5364583333333334,0.4565972222222222,0.7300347222222222,0.6438078703703703,0.3250868055555556,0.21903935185185186,0.28587962962962965,0.26157407407407407,0.17592592592592593
192,331776,0.3443287037037037,0.25231481481481477,0.29499421296296297,0.24638310185185183,0.5763888888888888,0.7536168981481481,0.68359375,0.5387731481481481,0.4526909722222222,0.7035590277777778,0.628761574074074,0.33015046296296297,0.22019675925925927,0.28718171296296297,0.26287615740740744,0.16927083333333334
193,333504,0.3661747685185185,0.2550636574074074,0.28530092592592593,0.24348958333333331,0.5787037037037037,0.7567997685185185,0.6837384259259259,0.5457175925925926,0.4418402777777778,0.693431712962963,0.6255787037037037,0.34143518518518523,0.22569444444444445,0.27806712962962965,0.2662037037037037,0.18388310185185186
194,335232,0.33998842592592593,0.24117476851851852,0.27459490740740744,0.23828125,0.5593171296296297,0.7718460648148148,0.6929976851851851,0.5169270833333334,0.447193287037037,0.7468171296296295,0.6532118055555556,0.32913773148148145,0.20543981481481483,0.2789351851851852,0.26663773148148145,0.18561921296296297
195,336960,0.33868634259259256,0.24580439814814814,0.2802372685185185,0.2365451388888889,0.5899884259259258,0.7132523148148149,0.6730324074074073,0.5614872685185186,0.4526909722222222,0.6698495370370371,0.6087962962962963,0.36689814814814814,0.21773726851851852,0.2689525462962963,0.26591435185185186,0.1775173611111111
196,338688,0.3501157407407407,0.2578125,0.29296875,0.2322048611111111,0.5639467592592593,0.767505787037037,0.689670138888889,0.5031828703703703,0.4359085648148148,0.7220775462962963,0.6325231481481481,0.3119212962962963,0.22786458333333334,0.27445023148148145,0.25925925925925924,0.17997685185185186
197,340416,0.33072916666666663,0.23943865740740738,0.2826967592592593,0.23061342592592593,0.5606192129629629,0.7701099537037037,0.693431712962963,0.5043402777777777,0.44155092592592593,0.724826388888889,0.6546585648148149,0.3125,0.2065972222222222,0.27705439814814814,0.25202546296296297,0.1730324074074074
198,342144,0.35677083333333337,0.23958333333333334,0.2934027777777778,0.23466435185185186,0.5758101851851852,0.7426215277777778,0.6715856481481481,0.5348668981481481,0.4545717592592593,0.6886574074074074,0.6180555555555556,0.34534143518518523,0.21585648148148148,0.2847222222222222,0.2504340277777778,0.18070023148148148
199,343872,0.3376736111111111,0.23451967592592593,0.2792245370370371,0.21932870370370372,0.5504918981481481,0.7631655092592593,0.6925636574074074,0.5015914351851851,0.4402488425925926,0.720630787037037,0.6462673611111112,0.3246527777777778,0.20457175925925924,0.2722800925925926,0.2484085648148148,0.17867476851851852
200,345600,0.34765625,0.21035879629629628,0.27459490740740744,0.22193287037037035,0.5445601851851851,0.752025462962963,0.6906828703703703,0.5078125,0.4366319444444444,0.7374131944444444,0.6730324074074073,0.32392939814814814,0.21122685185185186,0.26056134259259256,0.2443576388888889,0.17664930555555552
201,347328,0.3585069444444444,0.22511574074074076,0.2560763888888889,0.21397569444444445,0.5675636574074074,0.7620081018518519,0.6770833333333333,0.5170717592592593,0.43764467592592593,0.7076099537037037,0.6271701388888888,0.3219039351851852,0.20052083333333334,0.27228009259259256,0.25636574074074076,0.18127893518518517
202,349056,0.35228587962962965,0.2248263888888889,0.25506365740740744,0.22236689814814814,0.5908564814814815,0.7582465277777777,0.6477141203703703,0.5277777777777778,0.45934606481481477,0.6979166666666666,0.603587962962963,0.31785300925925924,0.20052083333333331,0.2734375,0.2511574074074074,0.17896412037037038
203,350784,0.35561342592592593,0.23119212962962962,0.2556423611111111,0.22236689814814814,0.5619212962962963,0.7394386574074074,0.6882233796296297,0.5315393518518519,0.4432870370370371,0.6760706018518519,0.6158854166666667,0.33666087962962965,0.19155092592592593,0.2664930555555556,0.24450231481481483,0.17853009259259262
204,352512,0.3359375,0.2248263888888889,0.24739583333333334,0.20515046296296297,0.5622106481481481,0.7518807870370371,0.6762152777777777,0.5189525462962963,0.4464699074074074,0.7005208333333333,0.6180555555555556,0.32928240740740744,0.19560185185185186,0.26548032407407407,0.24233217592592593,0.17722800925925924
205,354240,0.33521412037037035,0.2261284722222222,0.24594907407407407,0.21788194444444445,0.5828993055555556,0.76171875,0.6647858796296295,0.5120081018518519,0.45167824074074076,0.708912037037037,0.6129918981481481,0.32552083333333337,0.20471643518518517,0.26403356481481477,0.23640046296296297,0.16710069444444445
206,355968,0.32986111111111116,0.21614583333333331,0.25752314814814814,0.21195023148148148,0.5771122685185185,0.7277199074074074,0.6646412037037037,0.5464409722222222,0.44849537037037035,0.6750578703703705,0.6255787037037037,0.3525752314814815,0.19892939814814814,0.2646122685185185,0.24421296296296297,0.16536458333333331
207,357696,0.34953703703703703,0.22236689814814814,0.25318287037037035,0.20760995370370372,0.5512152777777779,0.7591145833333333,0.6915509259259259,0.5134548611111112,0.42375578703703703,0.7197627314814814,0.6359953703703703,0.3192997685185185,0.203125,0.267505787037037,0.24537037037037038,0.16333912037037038
208,359424,0.35821759259259256,0.2300347222222222,0.2517361111111111,0.20905671296296297,0.5930266203703703,0.7420428240740741,0.6591435185185185,0.5377604166666666,0.455005787037037,0.6678240740740741,0.5756655092592593,0.33232060185185186,0.20182291666666669,0.2647569444444444,0.23567708333333331,0.16796875
209,361152,0.3353587962962963,0.22207754629629628,0.2515914351851852,0.21571180555555558,0.5724826388888888,0.7521701388888888,0.6822916666666666,0.5244502314814815,0.45023148148148145,0.7021122685185185,0.6142939814814814,0.3155381944444444,0.1948784722222222,0.26157407407407407,0.23799189814814814,0.1623263888888889
210,362880,0.33579282407407407,0.22063078703703703,0.25159143518518523,0.2097800925925926,0.5729166666666666,0.7659143518518519,0.6691261574074074,0.5046296296296295,0.4377893518518518,0.7158564814814815,0.6260127314814815,0.30439814814814814,0.1896701388888889,0.26982060185185186,0.23828125,0.17259837962962962
211,364608,0.3420138888888889,0.22714120370370372,0.24811921296296297,0.21209490740740738,0.5743634259259259,0.7261284722222222,0.6728877314814814,0.5364583333333334,0.4457465277777778,0.6876446759259258,0.6037326388888888,0.3297164351851852,0.19140625,0.2625868055555556,0.23307291666666666,0.15480324074074076
212,366336,0.33767361111111116,0.2326388888888889,0.2556423611111111,0.19733796296296297,0.5632233796296297,0.7426215277777778,0.6833043981481481,0.5232928240740741,0.43576388888888884,0.6964699074074074,0.6086516203703705,0.3271122685185185,0.19516782407407407,0.2725694444444444,0.2361111111111111,0.15769675925925924
213,368064,0.3402777777777778,0.22251157407407407,0.2466724537037037,0.2019675925925926,0.5843460648148148,0.751880787037037,0.6533564814814815,0.509982638888889,0.4565972222222222,0.7129629629629629,0.5999710648148149,0.30888310185185186,0.1841724537037037,0.25911458333333337,0.21976273148148145,0.15205439814814817
214,369792,0.3308738425925926,0.2209201388888889,0.23234953703703703,0.1970486111111111,0.5892650462962963,0.7199074074074073,0.6565393518518519,0.5457175925925926,0.4683159722222222,0.6964699074074074,0.5991030092592593,0.3404224537037037,0.17650462962962962,0.2608506944444444,0.23148148148148148,0.15364583333333331
215,371520,0.3247974537037037,0.2271412037037037,0.24508101851851855,0.18822337962962962,0.5666956018518519,0.7481192129629629,0.6814236111111112,0.5159143518518519,0.4347511574074074,0.6927083333333333,0.6015625,0.3155381944444445,0.1792534722222222,0.2625868055555556,0.2405960648148148,0.16565393518518517
216,373248,0.3216145833333333,0.23075810185185186,0.23191550925925924,0.18995949074074073,0.5695891203703702,0.7346643518518519,0.6592881944444444,0.5260416666666667,0.4503761574074074,0.6890914351851851,0.6063368055555556,0.3433159722222222,0.17954282407407407,0.2670717592592593,0.23032407407407407,0.15697337962962962
217,374976,0.3217592592592593,0.22236689814814814,0.23972800925925927,0.1903935185185185,0.578125,0.7432002314814815,0.6569733796296295,0.5228587962962963,0.44502314814814814,0.685474537037037,0.5908564814814815,0.3192997685185185,0.17853009259259262,0.263599537037037,0.24464699074074076,0.1673900462962963
218,376704,0.32826967592592593,0.23104745370370372,0.24956597222222224,0.19849537037037038,0.5807291666666666,0.7583912037037037,0.6614583333333333,0.4986979166666667,0.4377893518518518,0.7055844907407407,0.5946180555555556,0.3129340277777778,0.1752025462962963,0.25622106481481477,0.25419560185185186,0.17650462962962962
219,378432,0.31626157407407407,0.22222222222222224,0.24131944444444445,0.18446180555555555,0.5115740740740742,0.7531828703703703,0.7096354166666666,0.5014467592592593,0.39583333333333337,0.7191840277777778,0.6591435185185185,0.3146701388888889,0.17983217592592593,0.2630208333333333,0.2443576388888889,0.15697337962962965
220,380160,0.3311631944444444,0.22352430555555558,0.24797453703703703,0.20153356481481483,0.5651041666666666,0.7526041666666667,0.6791087962962963,0.5052083333333333,0.42549189814814814,0.6896701388888888,0.6044560185185185,0.3181423611111111,0.17447916666666669,0.25708912037037035,0.24146412037037038,0.16174768518518517
221,381888,0.3237847222222222,0.23148148148148148,0.24652777777777776,0.20196759259259262,0.5665509259259258,0.75,0.6733217592592593,0.5054976851851851,0.4227430555555556,0.6821469907407407,0.5973668981481481,0.3094618055555556,0.16608796296296297,0.26765046296296297,0.24305555555555558,0.15610532407407407
222,383616,0.32146990740740744,0.22410300925925924,0.23943865740740738,0.19560185185185183,0.5583043981481481,0.73828125,0.6694155092592593,0.49927662037037035,0.43098958333333337,0.6990740740740741,0.6064814814814814,0.32233796296296297,0.17216435185185186,0.26591435185185186,0.23061342592592593,0.16160300925925924
223,385344,0.31712962962962965,0.2269965277777778,0.24594907407407407,0.19892939814814814,0.5623553240740741,0.7625868055555556,0.6627604166666667,0.4887152777777778,0.4292534722222222,0.7038483796296297,0.5988136574074074,0.2986111111111111,0.1636284722222222,0.2802372685185185,0.23379629629629628,0.16015625
224,387072,0.3208912037037037,0.20833333333333334,0.24580439814814814,0.1879340277777778,0.521412037037037,0.7243923611111112,0.6901041666666667,0.515625,0.4140625,0.6901041666666667,0.6236979166666667,0.33434606481481477,0.17418981481481483,0.2605613425925926,0.23032407407407407,0.14684606481481483
225,388800,0.31568287037037035,0.2052951388888889,0.24204282407407407,0.20037615740740744,0.5666956018518519,0.7241030092592593,0.6526331018518519,0.5167824074074074,0.4480613425925926,0.6820023148148149,0.5973668981481481,0.3375289351851852,0.16319444444444445,0.2825520833333333,0.22844328703703703,0.15943287037037035
226,390528,0.3311631944444445,0.23032407407407407,0.2465277777777778,0.17997685185185186,0.552662037037037,0.7607060185185185,0.6605902777777778,0.48567708333333337,0.41608796296296297,0.6961805555555556,0.5953414351851851,0.2934027777777778,0.16724537037037038,0.2722800925925926,0.21614583333333334,0.1535011574074074
227,392256,0.3051215277777778,0.2035590277777778,0.22786458333333334,0.18648726851851852,0.5164930555555556,0.7456597222222222,0.7067418981481481,0.4946469907407408,0.40234375,0.7339409722222223,0.6576967592592592,0.3113425925925926,0.1566840277777778,0.27763310185185186,0.2058738425925926,0.15162037037037035
228,393984,0.3197337962962963,0.21455439814814814,0.24956597222222227,0.1941550925925926,0.5956307870370371,0.7103587962962963,0.6297743055555556,0.5290798611111112,0.45298032407407407,0.6728877314814814,0.5726273148148148,0.33666087962962965,0.1701388888888889,0.2816840277777778,0.20804398148148148,0.16536458333333331
229,395712,0.3246527777777778,0.21817129629629628,0.23770254629629628,0.19227430555555555,0.5630787037037037,0.7177372685185186,0.6526331018518519,0.5208333333333334,0.4292534722222222,0.6692708333333334,0.5776909722222222,0.33000578703703703,0.16507523148148148,0.27473958333333337,0.20891203703703703,0.15523726851851852
230,397440,0.3101851851851852,0.21397569444444445,0.23278356481481483,0.18721064814814814,0.5659722222222222,0.7249710648148149,0.6419270833333333,0.5166377314814814,0.43619791666666663,0.6841724537037037,0.5972222222222223,0.3169849537037037,0.17317708333333334,0.28023726851851855,0.20732060185185186,0.15538194444444445
231,399168,0.3142361111111111,0.20211226851851855,0.2265625,0.171875,0.5549768518518519,0.7199074074074074,0.6529224537037037,0.513599537037037,0.44560185185185186,0.6983506944444444,0.6180555555555556,0.3311631944444444,0.16247106481481483,0.2818287037037037,0.20066550925925927,0.1467013888888889
232,400896,0.31495949074074076,0.2009548611111111,0.2326388888888889,0.18489583333333334,0.540943287037037,0.728443287037037,0.6624710648148148,0.49103009259259256,0.4214409722222222,0.701244212962963,0.6142939814814814,0.31134259259259256,0.1579861111111111,0.27604166666666663,0.20081018518518517,0.15205439814814814
233,402624,0.31611689814814814,0.20833333333333334,0.22468171296296297,0.18156828703703703,0.5931712962962963,0.718894675925926,0.6179108796296297,0.5107060185185186,0.4427083333333333,0.6571180555555556,0.5548321759259259,0.30656828703703703,0.17563657407407407,0.28240740740740744,0.20630787037037038,0.1579861111111111
234,404352,0.29658564814814814,0.19386574074074073,0.22164351851851852,0.16956018518518517,0.5421006944444444,0.7559317129629629,0.6594328703703703,0.46050347222222227,0.4195601851851852,0.7230902777777778,0.6160300925925926,0.29267939814814814,0.1540798611111111,0.27546296296296297,0.20688657407407407,0.1527777777777778
235,406080,0.296875,0.19401041666666666,0.23003472222222224,0.18171296296296297,0.5366030092592593,0.7175925925925926,0.6691261574074074,0.5295138888888888,0.4072627314814815,0.6714409722222222,0.6148726851851852,0.33434606481481477,0.15523726851851852,0.28153935185185186,0.20558449074074073,0.14438657407407407
236,407808,0.30005787037037035,0.19733796296296297,0.22265625,0.17042824074074076,0.5600405092592593,0.7573784722222223,0.65625,0.4742476851851852,0.42578125,0.705150462962963,0.6005497685185186,0.29484953703703703,0.16261574074074076,0.2808159722222222,0.20587384259259262,0.1501736111111111
237,409536,0.29890046296296297,0.21238425925925924,0.2426215277777778,0.18127893518518517,0.5348668981481481,0.755931712962963,0.6572627314814814,0.47337962962962965,0.41565393518518523,0.7089120370370371,0.6004050925925926,0.2923900462962963,0.15711805555555558,0.28501157407407407,0.20717592592592593,0.15133101851851852
238,411264,0.3002025462962963,0.18417245370370372,0.23451967592592593,0.1746238425925926,0.5358796296296297,0.7252604166666667,0.666087962962963,0.4913194444444444,0.42563657407407407,0.712818287037037,0.6225405092592593,0.31394675925925924,0.1472800925925926,0.27531828703703703,0.20211226851851855,0.1517650462962963
239,412992,0.30150462962962965,0.19907407407407407,0.24811921296296297,0.17853009259259262,0.564380787037037,0.7306134259259259,0.6393229166666666,0.4956597222222222,0.4351851851851852,0.6942997685185185,0.5902777777777778,0.3058449074074074,0.1484375,0.28833912037037035,0.20153356481481483,0.14265046296296297
240,414720,0.3107638888888889,0.21903935185185186,0.24522569444444445,0.1831597222222222,0.5532407407407407,0.7307581018518519,0.6498842592592593,0.49247685185185186,0.4228877314814815,0.6799768518518519,0.5818865740740741,0.30873842592592593,0.1433738425925926,0.3064236111111111,0.20804398148148148,0.14250578703703703
241,416448,0.2935474537037037,0.20326967592592593,0.23668981481481483,0.1763599537037037,0.5583043981481481,0.7411747685185186,0.6536458333333334,0.47497106481481477,0.4155092592592592,0.6944444444444444,0.584056712962963,0.2868923611111111,0.1378761574074074,0.29456018518518523,0.2074652777777778,0.14293981481481483
242,418176,0.2990451388888889,0.2115162037037037,0.2309027777777778,0.1769386574074074,0.5668402777777778,0.7232349537037037,0.6446759259259258,0.5017361111111112,0.42896412037037035,0.6655092592592593,0.5672743055555556,0.31958912037037035,0.14351851851851852,0.29947916666666663,0.20124421296296297,0.14438657407407407
243,419904,0.2805266203703704,0.20688657407407407,0.22395833333333331,0.1775173611111111,0.5124421296296297,0.7287326388888888,0.689380787037037,0.4920428240740741,0.39048032407407407,0.6961805555555556,0.630931712962963,0.30439814814814814,0.14004629629629628,0.28978587962962965,0.19690393518518517,0.14265046296296297
244,421632,0.2934027777777778,0.1896701388888889,0.24131944444444442,0.17607060185185186,0.5342881944444444,0.7352430555555556,0.6712962962962963,0.48220486111111105,0.40653935185185186,0.7025462962962963,0.6190682870370371,0.3133680555555555,0.13527199074074076,0.28139467592592593,0.19950810185185186,0.1349826388888889
245,423360,0.29021990740740744,0.19646990740740738,0.2261284722222222,0.16464120370370372,0.5428240740740741,0.7410300925925926,0.6559606481481481,0.46860532407407407,0.4091435185185185,0.7105034722222222,0.609375,0.2939814814814815,0.1345486111111111,0.29065393518518523,0.20399305555555555,0.13744212962962962
246,425088,0.29166666666666663,0.19502314814814814,0.2261284722222222,0.18619791666666669,0.5415219907407407,0.7100694444444444,0.6617476851851851,0.5212673611111112,0.4037905092592593,0.6597222222222222,0.6037326388888888,0.32552083333333337,0.13020833333333334,0.2821180555555556,0.21209490740740738,0.13469328703703703
247,426816,0.2978877314814815,0.20298032407407407,0.22800925925925927,0.18778935185185186,0.5439814814814814,0.7359664351851852,0.6665219907407407,0.48842592592592593,0.4032118055555556,0.6743344907407408,0.5975115740740741,0.28703703703703703,0.1423611111111111,0.2939814814814815,0.1964699074074074,0.1394675925925926
248,428544,0.3042534722222222,0.1987847222222222,0.21947337962962962,0.17824074074074076,0.5692997685185185,0.6837384259259259,0.6397569444444444,0.5325520833333334,0.4092881944444445,0.6310763888888888,0.57421875,0.3287037037037037,0.1277488425925926,0.2845775462962963,0.19690393518518517,0.13078703703703703
249,430272,0.3016493055555556,0.19126157407407407,0.23350694444444442,0.17433449074074076,0.5373263888888888,0.7361111111111112,0.6633391203703703,0.47771990740740744,0.4053819444444444,0.6882233796296297,0.5889756944444444,0.2984664351851852,0.1323784722222222,0.28443287037037035,0.19994212962962965,0.13859953703703703
250,432000,0.2919560185185185,0.19299768518518517,0.24392361111111113,0.18272569444444445,0.5212673611111112,0.7280092592592593,0.673900462962963,0.4936342592592593,0.40118634259259256,0.6783854166666666,0.5989583333333334,0.3153935185185185,0.13122106481481483,0.2822627314814815,0.21339699074074076,0.14076967592592593
251,433728,0.2884837962962963,0.1980613425925926,0.22960069444444442,0.1796875,0.5243055555555556,0.7494212962962963,0.6689814814814815,0.4600694444444445,0.4001736111111111,0.7058738425925926,0.6021412037037037,0.2672164351851852,0.13194444444444445,0.2945601851851852,0.20732060185185183,0.1417824074074074
252,435456,0.27068865740740744,0.19169560185185186,0.22366898148148148,0.17390046296296297,0.4859664351851852,0.7527488425925927,0.7038483796296297,0.45703125,0.38035300925925924,0.7203414351851851,0.6488715277777778,0.27748842592592593,0.12876157407407407,0.2867476851851852,0.19545717592592593,0.14380787037037035
253,437184,0.2705439814814815,0.20384837962962962,0.21614583333333331,0.18460648148148148,0.4952256944444444,0.7744502314814814,0.7018229166666666,0.4521122685185185,0.3804976851851852,0.70703125,0.6144386574074074,0.26099537037037035,0.12702546296296297,0.2818287037037037,0.2052951388888889,0.1423611111111111
254,438912,0.2986111111111111,0.18070023148148148,0.2204861111111111,0.1814236111111111,0.544849537037037,0.7086226851851852,0.6548032407407407,0.4958043981481482,0.4305555555555556,0.6686921296296297,0.6008391203703703,0.3334780092592593,0.11979166666666666,0.2728587962962963,0.1986400462962963,0.14438657407407407
255,440640,0.2802372685185185,0.19198495370370372,0.21469907407407407,0.16796875,0.5461516203703703,0.7188946759259258,0.6631944444444444,0.49233217592592593,0.4105902777777778,0.6663773148148149,0.5776909722222222,0.2999131944444444,0.12601273148148148,0.29166666666666663,0.19936342592592593,0.13932291666666666
256,442368,0.2905092592592593,0.2015335648148148,0.21354166666666669,0.17390046296296297,0.5203993055555556,0.724826388888889,0.6691261574074074,0.4852430555555555,0.40162037037037035,0.6572627314814815,0.5870949074074074,0.31915509259259256,0.13122106481481483,0.28139467592592593,0.20109953703703703,0.14438657407407407
257,444096,0.2845775462962963,0.19936342592592593,0.18952546296296297,0.17476851851851852,0.5691550925925926,0.6989293981481481,0.6467013888888888,0.5159143518518519,0.42549189814814814,0.6283275462962963,0.5528067129629629,0.33174189814814814,0.1284722222222222,0.2767650462962963,0.19907407407407407,0.14438657407407407
258,445824,0.2977430555555556,0.2026909722222222,0.20254629629629628,0.17100694444444445,0.562355324074074,0.7350983796296295,0.6529224537037037,0.48017939814814814,0.41478587962962965,0.6490162037037037,0.552806712962963,0.28240740740740744,0.1328125,0.2662037037037037,0.19458912037037035,0.1388888888888889
259,447552,0.27936921296296297,0.17780671296296297,0.19820601851851852,0.16550925925925924,0.5700231481481481,0.69140625,0.6456886574074073,0.5130208333333333,0.43344907407407407,0.6439525462962963,0.5824652777777778,0.32841435185185186,0.12442129629629631,0.2690972222222222,0.19111689814814814,0.13049768518518517
260,449280,0.29759837962962965,0.19950810185185186,0.20891203703703703,0.16883680555555555,0.5432581018518519,0.7282986111111112,0.6659432870370371,0.48770254629629634,0.3984375,0.6482928240740741,0.5729166666666666,0.29890046296296297,0.12557870370370372,0.27936921296296297,0.19835069444444445,0.1462673611111111
261,451008,0.2779224537037037,0.17549189814814814,0.20052083333333334,0.16435185185185186,0.5687210648148149,0.7165798611111112,0.6478587962962963,0.4878472222222222,0.44010416666666663,0.6740451388888888,0.5826099537037037,0.31221064814814814,0.11906828703703703,0.2683738425925926,0.19097222222222224,0.13382523148148148
262,452736,0.28790509259259256,0.18070023148148148,0.2132523148148148,0.15306712962962962,0.525462962962963,0.7549189814814815,0.6851851851851852,0.44661458333333337,0.3900462962962963,0.6812789351851851,0.5930266203703703,0.26490162037037035,0.11776620370370369,0.2751736111111111,0.19328703703703703,0.14163773148148148
263,454464,0.29267939814814814,0.18504050925925924,0.2032696759259259,0.15726273148148148,0.5559895833333333,0.6957465277777778,0.6524884259259259,0.5099826388888888,0.4124710648148148,0.6304976851851852,0.5740740740740741,0.32783564814814814,0.12152777777777779,0.27575231481481477,0.19111689814814814,0.14872685185185183
264,456192,0.2915219907407407,0.18330439814814814,0.20703125,0.1584201388888889,0.5710358796296297,0.7165798611111112,0.6394675925925926,0.48596643518518523,0.42939814814814814,0.6595775462962963,0.5687210648148149,0.3169849537037037,0.11877893518518519,0.26765046296296297,0.1931423611111111,0.14655671296296297
265,457920,0.29369212962962965,0.17476851851851852,0.2065972222222222,0.16102430555555555,0.5568576388888888,0.7238136574074074,0.6390335648148148,0.46469907407407407,0.41261574074074076,0.6694155092592593,0.5736400462962963,0.2915219907407407,0.1189236111111111,0.27531828703703703,0.17708333333333331,0.13816550925925924
266,459648,0.2861689814814815,0.1736111111111111,0.20515046296296297,0.16377314814814814,0.5205439814814815,0.7199074074074074,0.6942997685185186,0.4840856481481482,0.3851273148148148,0.6646412037037037,0.6184895833333333,0.3091724537037037,0.11284722222222222,0.2751736111111111,0.1785300925925926,0.1384548611111111
267,461376,0.29441550925925924,0.18909143518518517,0.21122685185185186,0.16362847222222224,0.5703125,0.6898148148148149,0.6329571759259259,0.5095486111111112,0.42216435185185186,0.6231192129629629,0.5635127314814814,0.33333333333333337,0.11197916666666667,0.27025462962962965,0.18446180555555555,0.13151041666666669
268,463104,0.28486689814814814,0.16883680555555555,0.2113715277777778,0.16927083333333334,0.5354456018518519,0.7071759259259259,0.6673900462962963,0.4872685185185185,0.40957754629629634,0.6673900462962963,0.6111111111111112,0.31843171296296297,0.11429398148148148,0.2622974537037037,0.1753472222222222,0.12644675925925924
269,464832,0.28240740740740744,0.18952546296296297,0.21629050925925924,0.15943287037037038,0.5632233796296295,0.6967592592592593,0.6539351851851852,0.4916087962962963,0.4134837962962963,0.6410590277777778,0.5538194444444444,0.28255208333333337,0.12268518518518519,0.25390625,0.18605324074074076,0.13425925925925924
270,466560,0.27416087962962965,0.18113425925925924,0.21672453703703703,0.15784143518518517,0.5651041666666667,0.6995081018518519,0.6342592592592593,0.49884259259259256,0.4214409722222222,0.6477141203703703,0.5591724537037037,0.30063657407407407,0.1087962962962963,0.25520833333333337,0.18388310185185186,0.1316550925925926
271,468288,0.28009259259259256,0.1869212962962963,0.21397569444444445,0.15711805555555558,0.5483217592592593,0.7164351851851851,0.646412037037037,0.48509837962962965,0.41203703703703703,0.6495949074074074,0.5677083333333334,0.28515625,0.11848958333333334,0.24840856481481483,0.18041087962962962,0.14149305555555552
272,470016,0.26967592592592593,0.19285300925925924,0.21831597222222224,0.15422453703703703,0.5727719907407407,0.6941550925925926,0.6331018518518519,0.5044849537037037,0.42317708333333337,0.6258680555555556,0.5399305555555556,0.29890046296296297,0.11414930555555555,0.25188078703703703,0.18619791666666669,0.13831018518518517
273,471744,0.25983796296296297,0.18504050925925927,0.20862268518518517,0.16001157407407407,0.5465856481481481,0.7055844907407407,0.6404803240740741,0.4955150462962963,0.4234664351851852,0.6623263888888888,0.5833333333333334,0.2962962962962963,0.11646412037037038,0.25245949074074076,0.17433449074074076,0.13614004629629628
274,473472,0.2650462962962963,0.18012152777777776,0.20934606481481483,0.14988425925925924,0.5007233796296297,0.71484375,0.6905381944444444,0.4717881944444445,0.3810763888888889,0.6616030092592592,0.6119791666666667,0.2822627314814815,0.11588541666666666,0.255931712962963,0.16261574074074076,0.13208912037037035
275,475200,0.27618634259259256,0.18807870370370372,0.20572916666666669,0.1574074074074074,0.5140335648148149,0.7158564814814815,0.6760706018518519,0.47931134259259256,0.38541666666666663,0.6453993055555556,0.6002604166666667,0.28718171296296297,0.11487268518518517,0.2686631944444444,0.17476851851851852,0.1388888888888889
276,476928,0.2625868055555556,0.20167824074074076,0.21961805555555555,0.16435185185185186,0.521412037037037,0.7229456018518519,0.6660879629629629,0.4709201388888889,0.38874421296296297,0.6642071759259259,0.5856481481481481,0.26576967592592593,0.11834490740740741,0.2582465277777778,0.18547453703703703,0.1338252314814815
277,478656,0.2641782407407407,0.19068287037037035,0.20341435185185186,0.16319444444444445,0.5251736111111112,0.7055844907407407,0.6513310185185185,0.4887152777777778,0.39424189814814814,0.654079861111111,0.5910011574074074,0.2954282407407407,0.10344328703703703,0.2521701388888889,0.17115162037037038,0.1355613425925926
278,480384,0.2721354166666667,0.19994212962962965,0.20862268518518517,0.1629050925925926,0.541087962962963,0.6841724537037037,0.6371527777777778,0.5154803240740741,0.40596064814814814,0.6140046296296295,0.5601851851851852,0.3138020833333333,0.10966435185185186,0.26012731481481477,0.1953125,0.1401909722222222
279,482112,0.2578125,0.18822337962962962,0.2009548611111111,0.16507523148148148,0.5141782407407407,0.7365451388888888,0.6594328703703703,0.45717592592592593,0.3961226851851852,0.6747685185185185,0.5983796296296297,0.26765046296296297,0.1115451388888889,0.24971064814814814,0.18561921296296297,0.1361400462962963
280,483840,0.26388888888888884,0.1996527777777778,0.2214988425925926,0.16869212962962965,0.5549768518518519,0.677662037037037,0.62109375,0.505931712962963,0.4241898148148148,0.6202256944444444,0.556857638888889,0.31958912037037035,0.10850694444444445,0.25795717592592593,0.18272569444444442,0.13411458333333331
281,485568,0.26548032407407407,0.1814236111111111,0.21180555555555558,0.15755208333333331,0.5034722222222222,0.7495659722222223,0.6721643518518519,0.4359085648148148,0.3914930555555556,0.7138310185185186,0.6193576388888888,0.2554976851851852,0.10387731481481483,0.2562210648148148,0.18330439814814814,0.12905092592592593
282,487296,0.24898726851851855,0.1931423611111111,0.2254050925925926,0.15379050925925927,0.52734375,0.7100694444444444,0.6611689814814815,0.4700520833333333,0.39945023148148145,0.6558159722222222,0.6037326388888888,0.3070023148148148,0.10083912037037036,0.25028935185185186,0.17578125,0.12138310185185186
283,489024,0.2676504629629629,0.20240162037037035,0.23119212962962962,0.16174768518518517,0.5076678240740741,0.7259837962962963,0.670138888888889,0.4730902777777778,0.37745949074074076,0.6604456018518519,0.5930266203703703,0.2650462962962963,0.10590277777777778,0.25072337962962965,0.17954282407407407,0.13353587962962965
284,490752,0.26056134259259256,0.21050347222222224,0.22945601851851852,0.16565393518518517,0.521267361111111,0.720630787037037,0.6595775462962963,0.4774305555555556,0.38802083333333337,0.6478587962962963,0.5768229166666666,0.29036458333333337,0.1021412037037037,0.2599826388888889,0.18489583333333331,0.13353587962962965
285,492480,0.24450231481481483,0.19820601851851852,0.2105034722222222,0.15552662037037038,0.5328414351851851,0.7174479166666667,0.662181712962963,0.48263888888888884,0.38512731481481477,0.6495949074074074,0.5730613425925926,0.28153935185185186,0.10590277777777779,0.24667245370370372,0.17115162037037038,0.13570601851851852
286,494208,0.25202546296296297,0.18272569444444442,0.2186053240740741,0.16767939814814814,0.5188078703703703,0.701244212962963,0.6694155092592593,0.4943576388888889,0.38411458333333337,0.6375868055555556,0.5930266203703705,0.3020833333333333,0.11009837962962964,0.2495659722222222,0.17939814814814814,0.1284722222222222
287,495936,0.2495659722222222,0.18561921296296297,0.21455439814814814,0.15133101851851852,0.5339988425925926,0.7119502314814815,0.6574074074074074,0.47554976851851855,0.3875868055555556,0.650318287037037,0.5947627314814815,0.30454282407407407,0.10431134259259259,0.23799189814814814,0.16362847222222224,0.13411458333333331
288,497664,0.26287615740740744,0.20008680555555555,0.22612847222222224,0.15885416666666666,0.544994212962963,0.71875,0.6603009259259259,0.47829861111111116,0.38599537037037035,0.6365740740740741,0.5675636574074074,0.2925347222222222,0.1009837962962963,0.24768518518518517,0.18026620370370372,0.13744212962962962
289,499392,0.2547743055555556,0.17433449074074076,0.2155671296296296,0.15219907407407407,0.5345775462962963,0.701244212962963,0.6501736111111112,0.46600115740740744,0.4007523148148148,0.6611689814814814,0.5973668981481481,0.30396412037037035,0.0993923611111111,0.23538773148148148,0.1579861111111111,0.11979166666666667
290,501120,0.25260416666666663,0.20066550925925924,0.21903935185185183,0.1449652777777778,0.5002893518518519,0.7333622685185186,0.6763599537037037,0.47858796296296297,0.3682002314814815,0.6394675925925926,0.5930266203703703,0.29282407407407407,0.09722222222222222,0.24508101851851852,0.17042824074074073,0.12123842592592593
291,502848,0.2504340277777778,0.20370370370370372,0.21875,0.15538194444444445,0.5280671296296297,0.7200520833333334,0.6589988425925926,0.48451967592592593,0.37355324074074076,0.6248553240740741,0.5710358796296297,0.2919560185185185,0.09505208333333334,0.24725115740740738,0.16898148148148148,0.12962962962962962
292,504576,0.23249421296296297,0.20008680555555555,0.22193287037037038,0.15350115740740738,0.5221354166666667,0.7329282407407407,0.6597222222222223,0.46556712962962965,0.37818287037037035,0.6669560185185185,0.6012731481481481,0.27459490740740744,0.09635416666666667,0.24291087962962962,0.1605902777777778,0.12282986111111112
293,506304,0.24262152777777776,0.19270833333333334,0.21527777777777776,0.15292245370370372,0.49985532407407407,0.7378472222222222,0.6746238425925926,0.45732060185185186,0.36342592592592593,0.6652199074074074,0.5969328703703703,0.2683738425925926,0.08868634259259259,0.24348958333333331,0.16681134259259262,0.12644675925925924
294,508032,0.234375,0.19241898148148148,0.21484375,0.15162037037037035,0.5292245370370371,0.7388599537037037,0.6578414351851852,0.4587673611111111,0.38599537037037035,0.6655092592592593,0.5758101851851852,0.2718460648148148,0.0949074074074074,0.23350694444444445,0.15827546296296297,0.12065972222222222
295,509760,0.2465277777777778,0.17693865740740738,0.21180555555555555,0.1501736111111111,0.5494791666666667,0.7013888888888888,0.6257233796296295,0.4749710648148148,0.4097222222222222,0.6514756944444444,0.5681423611111112,0.28935185185185186,0.09707754629629631,0.23596643518518517,0.1519097222222222,0.12384259259259259
296,511488,0.2552083333333333,0.19516782407407407,0.22453703703703706,0.15422453703703703,0.533130787037037,0.7063078703703705,0.6481481481481481,0.4947916666666667,0.3877314814814815,0.6096643518518519,0.5643807870370371,0.31061921296296297,0.0859375,0.23350694444444445,0.16203703703703703,0.12572337962962962
297,513216,0.24146412037037038,0.18446180555555555,0.22236689814814817,0.1456886574074074,0.5397858796296297,0.7065972222222223,0.6506076388888888,0.5034722222222222,0.3836805555555555,0.5944733796296297,0.556568287037037,0.29701967592592593,0.08723958333333333,0.23278356481481483,0.16333912037037038,0.13020833333333331
298,514944,0.25419560185185186,0.19285300925925924,0.23292824074074073,0.13744212962962962,0.5224247685185185,0.7188946759259259,0.6438078703703703,0.4800347222222222,0.38469328703703703,0.6355613425925926,0.5698784722222222,0.28689236111111116,0.09071180555555555,0.23379629629629628,0.17129629629629628,0.14120370370370372
299,516672,0.24638310185185186,0.19155092592592593,0.22685185185185186,0.13512731481481483,0.5410879629629629,0.7277199074074074,0.646556712962963,0.46701388888888895,0.3878761574074074,0.6338252314814814,0.5543981481481481,0.25853587962962965,0.08940972222222222,0.23943865740740738,0.16493055555555555,0.13208912037037035
300,518400,0.24667245370370372,0.17809606481481483,0.2144097222222222,0.1362847222222222,0.5418113425925926,0.7171585648148148,0.6410590277777778,0.4720775462962963,0.40046296296296297,0.6419270833333333,0.5766782407407408,0.2939814814814815,0.08709490740740741,0.23148148148148148,0.16073495370370372,0.1310763888888889
301,520128,0.24797453703703703,0.18894675925925924,0.2204861111111111,0.1506076388888889,0.5073784722222222,0.7447916666666666,0.6653645833333334,0.45298032407407407,0.37311921296296297,0.6536458333333333,0.5688657407407407,0.25028935185185186,0.08246527777777778,0.24016203703703703,0.16767939814814814,0.1372974537037037
302,521856,0.24493634259259262,0.1714409722222222,0.22164351851851852,0.14322916666666669,0.5004340277777778,0.7417534722222222,0.6642071759259259,0.44328703703703703,0.3739872685185185,0.6799768518518519,0.6006944444444444,0.2607060185185185,0.09346064814814814,0.23799189814814814,0.14945023148148148,0.13208912037037038
303,523584,0.22960069444444445,0.16825810185185186,0.21571180555555555,0.1423611111111111,0.5296585648148149,0.7287326388888888,0.6498842592592593,0.4620949074074074,0.3914930555555556,0.6501736111111112,0.5704571759259259,0.2818287037037037,0.08637152777777779,0.23249421296296297,0.16174768518518517,0.12731481481481483
304,525312,0.2387152777777778,0.18156828703703703,0.2165798611111111,0.140625,0.49074074074074076,0.7177372685185185,0.6804108796296297,0.4813368055555556,0.3611111111111111,0.6258680555555556,0.5876736111111112,0.29542824074074076,0.08506944444444445,0.23234953703703703,0.16594328703703703,0.14004629629629628
305,527040,0.2417534722222222,0.16898148148148148,0.20428240740740738,0.14510995370370372,0.5235821759259259,0.6970486111111112,0.6462673611111112,0.49045138888888884,0.38556134259259256,0.6281828703703705,0.5862268518518519,0.31915509259259256,0.08347800925925926,0.234375,0.14438657407407407,0.1255787037037037
306,528768,0.24551504629629628,0.1830150462962963,0.21556712962962965,0.1467013888888889,0.53125,0.7181712962962963,0.6419270833333333,0.4732349537037037,0.38252314814814814,0.6144386574074074,0.5481770833333334,0.27575231481481477,0.09722222222222222,0.25462962962962965,0.16160300925925924,0.1349826388888889
307,530496,0.23567708333333331,0.16218171296296297,0.2042824074074074,0.13425925925925924,0.505642361111111,0.7201967592592592,0.6565393518518519,0.46715856481481477,0.3667534722222222,0.6487268518518519,0.591724537037037,0.2902199074074074,0.08883101851851852,0.24464699074074073,0.15118634259259262,0.13368055555555555
308,532224,0.2523148148148148,0.19140625,0.21339699074074073,0.14742476851851852,0.5610532407407407,0.70703125,0.6235532407407407,0.48423032407407407,0.38642939814814814,0.5956307870370371,0.5208333333333333,0.27358217592592593,0.08825231481481483,0.25390625,0.16073495370370372,0.13049768518518517
309,533952,0.24088541666666666,0.16145833333333331,0.20688657407407407,0.1400462962962963,0.5206886574074074,0.7058738425925926,0.6578414351851851,0.49377893518518523,0.36747685185185186,0.6141493055555556,0.5747974537037037,0.30714699074074076,0.07798032407407407,0.22989004629629628,0.14322916666666666,0.12630208333333331
310,535680,0.23278356481481483,0.16102430555555555,0.20240162037037038,0.1355613425925926,0.50390625,0.7256944444444444,0.6668113425925926,0.45717592592592593,0.3570601851851852,0.6374421296296297,0.5872395833333333,0.27633101851851855,0.0775462962962963,0.24348958333333334,0.14858217592592593,0.13411458333333331
311,537408,0.23177083333333334,0.15422453703703703,0.1980613425925926,0.1427951388888889,0.533420138888889,0.689380787037037,0.6315104166666666,0.48900462962962965,0.39597800925925924,0.6193576388888888,0.5609085648148149,0.31032986111111116,0.06785300925925926,0.22265625,0.14583333333333331,0.12890625
312,539136,0.22728587962962962,0.17173032407407407,0.19646990740740738,0.14713541666666669,0.5073784722222222,0.7309027777777777,0.6442418981481481,0.46672453703703703,0.3654513888888889,0.6332465277777778,0.5570023148148148,0.2669270833333333,0.07219328703703703,0.2521701388888889,0.15480324074074073,0.13686342592592593
313,540864,0.22569444444444445,0.15653935185185186,0.20775462962962965,0.14048032407407407,0.5163483796296295,0.7177372685185186,0.6490162037037037,0.47034143518518523,0.3783275462962963,0.634548611111111,0.5571469907407407,0.2743055555555556,0.06828703703703703,0.24305555555555555,0.1472800925925926,0.12861689814814814
314,542592,0.21715856481481483,0.1584201388888889,0.19994212962962965,0.13556134259259262,0.48668981481481477,0.7238136574074074,0.6767939814814815,0.47294560185185186,0.35402199074074076,0.6291956018518519,0.584056712962963,0.27589699074074076,0.06524884259259259,0.23177083333333331,0.1517650462962963,0.12369791666666667
315,544320,0.21976273148148145,0.13975694444444445,0.18677662037037035,0.14149305555555555,0.4984085648148148,0.7152777777777778,0.6478587962962963,0.4602141203703704,0.36993634259259256,0.6663773148148149,0.5951967592592593,0.27806712962962965,0.06828703703703703,0.22178819444444445,0.13917824074074076,0.12962962962962962
316,546048,0.22627314814814814,0.1566840277777778,0.19010416666666669,0.140625,0.5166377314814815,0.7249710648148148,0.6342592592592593,0.4756944444444444,0.3778935185185185,0.6319444444444444,0.5640914351851851,0.28501157407407407,0.06944444444444445,0.2293113425925926,0.15133101851851852,0.13700810185185186
317,547776,0.2170138888888889,0.1618923611111111,0.19618055555555558,0.14004629629629628,0.5062210648148148,0.7384259259259259,0.6549479166666667,0.4639756944444445,0.3684895833333333,0.6449652777777778,0.5623553240740741,0.2725694444444444,0.06351273148148148,0.2298900462962963,0.16015625,0.14163773148148145
318,549504,0.21730324074074076,0.1501736111111111,0.18735532407407407,0.1401909722222222,0.5185185185185185,0.6999421296296297,0.6459780092592593,0.51171875,0.375,0.6056134259259259,0.5575810185185185,0.3178530092592593,0.06119791666666667,0.22005208333333331,0.14959490740740738,0.1317997685185185
319,551232,0.20182291666666666,0.1410590277777778,0.1762152777777778,0.13122106481481483,0.4972511574074074,0.7433449074074074,0.6532118055555556,0.4558738425925926,0.3804976851851852,0.6627604166666667,0.5865162037037037,0.2682291666666667,0.05787037037037037,0.21875,0.14554398148148148,0.13136574074074073
320,552960,0.2013888888888889,0.14858217592592593,0.1796875,0.14149305555555555,0.49739583333333337,0.7287326388888888,0.6616030092592593,0.48046875,0.3638599537037037,0.622974537037037,0.579861111111111,0.29050925925925924,0.060619212962962965,0.22800925925925924,0.14785879629629628,0.13310185185185186
321,554688,0.20833333333333334,0.14597800925925924,0.18663194444444445,0.1371527777777778,0.5104166666666666,0.7200520833333333,0.6375868055555556,0.48567708333333337,0.39134837962962965,0.6145833333333334,0.5549768518518519,0.29933449074074076,0.06351273148148148,0.2261284722222222,0.15393518518518517,0.13700810185185186
322,556416,0.20384837962962965,0.14959490740740738,0.19126157407407407,0.13483796296296297,0.49681712962962965,0.7359664351851851,0.654369212962963,0.45630787037037035,0.3744212962962963,0.6653645833333333,0.5817418981481481,0.2622974537037037,0.06770833333333333,0.23177083333333331,0.14771412037037035,0.13700810185185186
323,558144,0.2092013888888889,0.15697337962962965,0.17679398148148145,0.13975694444444445,0.5147569444444444,0.7196180555555556,0.6320891203703705,0.4850983796296296,0.38700810185185186,0.6278935185185186,0.5539641203703705,0.27575231481481477,0.06756365740740741,0.2282986111111111,0.13990162037037038,0.14510995370370372
324,559872,0.2026909722222222,0.15625,0.18721064814814814,0.12991898148148148,0.4929108796296296,0.7465277777777778,0.6629050925925926,0.4615162037037037,0.37225115740740744,0.6519097222222222,0.5863715277777778,0.2670717592592593,0.06655092592592593,0.23061342592592593,0.14366319444444445,0.13657407407407407
325,561600,0.19762731481481483,0.1574074074074074,0.18113425925925924,0.13758680555555555,0.5186631944444444,0.7170138888888888,0.6537905092592593,0.49464699074074076,0.37239583333333337,0.6070601851851851,0.5581597222222222,0.27662037037037035,0.06553819444444445,0.2332175925925926,0.1558159722222222,0.1506076388888889
326,563328,0.20515046296296297,0.1629050925925926,0.1808449074074074,0.1440972222222222,0.4832175925925926,0.73046875,0.6695601851851851,0.4600694444444445,0.35532407407407407,0.6482928240740741,0.5921585648148149,0.26374421296296297,0.06828703703703703,0.23842592592592593,0.14945023148148148,0.14221643518518517
327,565056,0.20153356481481483,0.15335648148148148,0.18200231481481483,0.1328125,0.4709201388888889,0.7381365740740741,0.6720196759259259,0.44950810185185186,0.3548900462962963,0.6565393518518519,0.6041666666666666,0.2802372685185185,0.0646701388888889,0.23553240740740738,0.1378761574074074,0.13903356481481483
328,566784,0.20630787037037035,0.15957754629629628,0.19140625,0.14091435185185186,0.5079571759259259,0.7217881944444444,0.640625,0.46600115740740744,0.38541666666666663,0.6290509259259259,0.5658275462962963,0.2866030092592593,0.07045717592592593,0.23697916666666669,0.15494791666666666,0.14134837962962962
329,568512,0.2087673611111111,0.15755208333333331,0.18605324074074076,0.13194444444444442,0.5023148148148149,0.7437789351851851,0.6487268518518519,0.44603587962962965,0.37572337962962965,0.6549479166666666,0.57421875,0.2685185185185185,0.07667824074074074,0.2191840277777778,0.14453125,0.14583333333333331
330,570240,0.20587384259259262,0.1746238425925926,0.1875,0.14265046296296297,0.48365162037037035,0.7335069444444444,0.6695601851851851,0.4652777777777778,0.34389467592592593,0.6063368055555556,0.56640625,0.267505787037037,0.07016782407407407,0.2449363425925926,0.15697337962962965,0.15075231481481483
331,571968,0.21064814814814814,0.16116898148148148,0.18561921296296297,0.12803819444444445,0.4934895833333333,0.7333622685185185,0.6480034722222222,0.4522569444444445,0.3663194444444444,0.6498842592592593,0.5818865740740742,0.26967592592592593,0.06741898148148148,0.22468171296296297,0.1306423611111111,0.1433738425925926
332,573696,0.2035590277777778,0.15494791666666666,0.18504050925925927,0.1361400462962963,0.5037615740740741,0.7486979166666667,0.6378761574074074,0.43330439814814814,0.37572337962962965,0.6652199074074074,0.5811631944444445,0.2562210648148148,0.06944444444444445,0.22612847222222224,0.13975694444444445,0.14048032407407407
333,575424,0.20471643518518517,0.16001157407407407,0.17635995370370372,0.13483796296296297,0.5313946759259259,0.7164351851851852,0.6223958333333334,0.4767071759259259,0.3901909722222222,0.6155960648148149,0.5441261574074074,0.28197337962962965,0.06785300925925927,0.23567708333333334,0.14510995370370372,0.14713541666666669
334,577152,0.18981481481481483,0.15552662037037035,0.18677662037037038,0.13686342592592593,0.49797453703703703,0.7405960648148149,0.6468460648148149,0.45298032407407407,0.3667534722222222,0.6477141203703703,0.5827546296296297,0.2717013888888889,0.06669560185185186,0.22858796296296297,0.140625,0.1501736111111111
335,578880,0.18287037037037035,0.15480324074074073,0.1831597222222222,0.12991898148148148,0.4609375,0.7290219907407407,0.6885127314814815,0.45674189814814814,0.3365162037037037,0.6469907407407407,0.6092303240740741,0.27459490740740744,0.06553819444444445,0.22410300925925924,0.13917824074074073,0.14597800925925927
336,580608,0.18648726851851852,0.1640625,0.18041087962962962,0.12919560185185186,0.5107060185185186,0.744068287037037,0.6553819444444444,0.44907407407407407,0.36689814814814814,0.6477141203703703,0.5736400462962963,0.26663773148148145,0.056568287037037035,0.22497106481481483,0.13874421296296297,0.14163773148148148
337,582336,0.1786747685185185,0.14785879629629628,0.17245370370370372,0.11834490740740741,0.4817708333333333,0.7196180555555556,0.6805555555555556,0.47540509259259256,0.3462094907407407,0.6283275462962963,0.6069155092592593,0.2961516203703704,0.05237268518518519,0.2042824074074074,0.12832754629629628,0.13310185185185186
338,584064,0.1957465277777778,0.16941550925925924,0.18692129629629628,0.12876157407407407,0.5030381944444444,0.7364004629629629,0.6552372685185186,0.45818865740740744,0.3599537037037037,0.6147280092592593,0.5688657407407407,0.2677951388888889,0.055121527777777776,0.22598379629629628,0.14322916666666669,0.14467592592592593
339,585792,0.1974826388888889,0.1714409722222222,0.1840277777777778,0.1355613425925926,0.5147569444444444,0.7258391203703705,0.6548032407407407,0.49074074074074076,0.3546006944444444,0.5992476851851851,0.5541087962962963,0.2795138888888889,0.05729166666666667,0.22063078703703703,0.15306712962962962,0.14901620370370372
340,587520,0.20298032407407407,0.17433449074074076,0.18634259259259262,0.1228298611111111,0.4866898148148148,0.7724247685185185,0.6723090277777777,0.43156828703703703,0.33579282407407407,0.6452546296296297,0.5853587962962963,0.2508680555555556,0.05946180555555555,0.23365162037037035,0.14510995370370372,0.1456886574074074
341,589248,0.20109953703703703,0.17390046296296297,0.1840277777777778,0.11443865740740741,0.5235821759259259,0.755787037037037,0.6342592592592593,0.47077546296296297,0.37037037037037035,0.6085069444444444,0.5313946759259259,0.2521701388888889,0.051359953703703706,0.23032407407407407,0.15219907407407407,0.15567129629629628
342,590976,0.19979745370370372,0.17100694444444442,0.17766203703703703,0.11617476851851852,0.4921875,0.7478298611111112,0.6672453703703703,0.4657118055555556,0.3447627314814815,0.6145833333333334,0.5649594907407407,0.2650462962962963,0.059027777777777776,0.21817129629629628,0.13700810185185186,0.15350115740740738
343,592704,0.19270833333333334,0.15031828703703703,0.17447916666666666,0.10966435185185185,0.4722222222222222,0.7381365740740741,0.6652199074074074,0.44560185185185186,0.3546006944444444,0.6533564814814815,0.603443287037037,0.2761863425925926,0.05946180555555555,0.22366898148148145,0.12688078703703703,0.14163773148148148
344,594432,0.20240162037037038,0.16478587962962965,0.17332175925925927,0.11545138888888888,0.48119212962962965,0.7466724537037037,0.6507523148148149,0.4555844907407407,0.35474537037037035,0.6365740740740741,0.5882523148148149,0.28530092592592593,0.058159722222222224,0.23596643518518517,0.13946759259259262,0.14742476851851852
345,596160,0.1970486111111111,0.15104166666666666,0.17346643518518517,0.1121238425925926,0.5227141203703705,0.7225115740740741,0.6362847222222223,0.4618055555555555,0.3658854166666667,0.6252893518518519,0.5736400462962963,0.2793692129629629,0.05960648148148148,0.22337962962962965,0.13729745370370372,0.13570601851851855
346,597888,0.18894675925925927,0.15494791666666669,0.17433449074074076,0.11096643518518517,0.5005787037037037,0.7330729166666666,0.654513888888889,0.46629050925925924,0.3695023148148148,0.6232638888888888,0.5755208333333333,0.2874710648148148,0.05324074074074074,0.22453703703703703,0.13975694444444445,0.13078703703703703
347,599616,0.18359375,0.15856481481481483,0.17332175925925924,0.11255787037037038,0.4955150462962963,0.7462384259259259,0.6537905092592593,0.45572916666666663,0.35749421296296297,0.6322337962962963,0.5856481481481481,0.26880787037037035,0.05063657407407408,0.21643518518518517,0.13353587962962962,0.14351851851851855
348,601344,0.19791666666666669,0.15784143518518517,0.1746238425925926,0.10865162037037038,0.4956597222222222,0.7494212962962963,0.6306423611111112,0.45167824074074076,0.3622685185185185,0.6277488425925926,0.5788483796296297,0.2717013888888889,0.05859375,0.2199074074074074,0.12905092592592593,0.1449652777777778
349,603072,0.1935763888888889,0.17433449074074076,0.17332175925925924,0.10850694444444445,0.5114293981481481,0.7274305555555556,0.63671875,0.4762731481481482,0.36255787037037035,0.5852141203703703,0.5460069444444444,0.28833912037037035,0.056423611111111105,0.23032407407407407,0.14482060185185186,0.15292245370370372
350,604800,0.1831597222222222,0.16087962962962962,0.17259837962962965,0.10387731481481483,0.49580439814814814,0.732494212962963,0.6449652777777777,0.4790219907407407,0.38006365740740744,0.6041666666666666,0.5600405092592593,0.3019386574074074,0.055989583333333336,0.2249710648148148,0.13295717592592593,0.14872685185185186
351,606528,0.17418981481481483,0.15943287037037038,0.16174768518518517,0.10054976851851852,0.4850983796296296,0.7200520833333334,0.6678240740740741,0.482494212962963,0.3485243055555556,0.6069155092592593,0.5980902777777778,0.30078125,0.048611111111111105,0.21412037037037035,0.13527199074074076,0.13802083333333331
352,608256,0.19285300925925924,0.18373842592592593,0.18026620370370372,0.10532407407407407,0.46122685185185186,0.7411747685185185,0.6681134259259259,0.4545717592592593,0.33868634259259256,0.6348379629629629,0.5954861111111112,0.2650462962962963,0.05483217592592593,0.22786458333333331,0.13657407407407407,0.15350115740740738
353,609984,0.19053819444444445,0.18229166666666669,0.17578125,0.10344328703703703,0.5099826388888888,0.7217881944444444,0.6364293981481481,0.4778645833333333,0.36950231481481477,0.5834780092592593,0.5575810185185185,0.29311342592592593,0.05164930555555555,0.22366898148148148,0.13339120370370372,0.13686342592592593
354,611712,0.1814236111111111,0.17664930555555555,0.18012152777777776,0.1032986111111111,0.5107060185185185,0.7530381944444444,0.6488715277777778,0.45428240740740744,0.36053240740740744,0.6077835648148148,0.5570023148148149,0.25115740740740744,0.04846643518518519,0.2254050925925926,0.13382523148148148,0.14207175925925924
355,613440,0.19039351851851852,0.18084490740740738,0.17375578703703703,0.10026041666666667,0.49811921296296297,0.7337962962962963,0.6507523148148148,0.46412037037037035,0.35561342592592593,0.6004050925925926,0.5542534722222222,0.2679398148148148,0.049479166666666664,0.22381365740740738,0.13903356481481483,0.14395254629629628
356,615168,0.1892361111111111,0.17042824074074073,0.1779513888888889,0.09592013888888888,0.49030671296296297,0.7462384259259259,0.6552372685185186,0.4673032407407407,0.3583622685185185,0.6031539351851852,0.57421875,0.28153935185185186,0.050202546296296294,0.2170138888888889,0.13136574074074073,0.14308449074074076
357,616896,0.18735532407407407,0.17115162037037035,0.16203703703703703,0.09953703703703703,0.5263310185185185,0.7352430555555556,0.6306423611111112,0.46556712962962965,0.3794849537037037,0.5947627314814815,0.5442708333333334,0.2790798611111111,0.046875,0.20645254629629628,0.1300636574074074,0.13252314814814814
358,618624,0.17997685185185186,0.16710069444444445,0.17042824074074073,0.09519675925925927,0.47931134259259256,0.7764756944444444,0.6578414351851851,0.42447916666666663,0.36125578703703703,0.6607349537037037,0.5949074074074074,0.25376157407407407,0.04658564814814815,0.20457175925925924,0.13266782407407407,0.12789351851851852
359,620352,0.16304976851851855,0.1644965277777778,0.16203703703703703,0.09794560185185185,0.5017361111111112,0.7359664351851851,0.66015625,0.4657118055555555,0.36791087962962965,0.6200810185185185,0.5755208333333334,0.28544560185185186,0.04050925925925926,0.19907407407407407,0.12644675925925924,0.12962962962962965
360,622080,0.1767939814814815,0.17332175925925924,0.17549189814814814,0.10040509259259259,0.4699074074074074,0.75390625,0.6733217592592593,0.44401041666666663,0.34403935185185186,0.6332465277777777,0.5999710648148149,0.26070601851851855,0.050057870370370364,0.21629050925925927,0.12890625,0.1283275462962963
361,623808,0.17867476851851852,0.17549189814814814,0.17563657407407407,0.1021412037037037,0.47453703703703703,0.7485532407407407,0.6705729166666666,0.4583333333333333,0.3506944444444445,0.6099537037037037,0.5703125,0.2689525462962963,0.04398148148148148,0.2103587962962963,0.13440393518518517,0.13223379629629628
362,625536,0.17867476851851852,0.16666666666666669,0.17737268518518517,0.09635416666666666,0.4859664351851852,0.7682291666666666,0.677951388888889,0.44675925925925924,0.34968171296296297,0.6286168981481481,0.5659722222222222,0.24782986111111113,0.04832175925925926,0.21339699074074076,0.12268518518518519,0.12413194444444446
363,627264,0.1753472222222222,0.16637731481481483,0.18431712962962962,0.08969907407407407,0.48263888888888895,0.7447916666666667,0.6672453703703705,0.4602141203703704,0.3598090277777778,0.6195023148148149,0.5756655092592593,0.2757523148148148,0.049623842592592594,0.19907407407407407,0.12832754629629628,0.12962962962962962
364,628992,0.1896701388888889,0.17722800925925924,0.17216435185185186,0.09910300925925926,0.5041956018518519,0.7443576388888888,0.64453125,0.4505208333333333,0.3658854166666667,0.6173321759259259,0.5529513888888888,0.2599826388888889,0.049479166666666664,0.20601851851851852,0.1383101851851852,0.13006365740740738
365,630720,0.1796875,0.16782407407407407,0.16956018518518517,0.1021412037037037,0.47294560185185186,0.7306134259259259,0.6630497685185186,0.4732349537037037,0.359375,0.6109664351851852,0.5717592592592593,0.29513888888888884,0.04586226851851852,0.19618055555555555,0.12037037037037038,0.12471064814814815
366,632448,0.1623263888888889,0.1488715277777778,0.16420717592592593,0.09794560185185186,0.5112847222222222,0.7065972222222222,0.6510416666666666,0.49233217592592593,0.3836805555555556,0.6015625,0.5651041666666667,0.3155381944444444,0.03891782407407408,0.1775173611111111,0.10734953703703703,0.11501736111111112
367,634176,0.1785300925925926,0.16391782407407407,0.16247106481481483,0.08854166666666667,0.45717592592592593,0.7377025462962963,0.6812789351851851,0.44820601851851855,0.3334780092592593,0.6322337962962963,0.6087962962962963,0.2738715277777778,0.05005787037037037,0.19516782407407407,0.12008101851851852,0.12731481481481483
368,635904,0.1723090277777778,0.16493055555555555,0.17491319444444445,0.09968171296296295,0.46325231481481477,0.7395833333333334,0.6744791666666667,0.46947337962962965,0.34375,0.6182002314814814,0.5853587962962963,0.28399884259259256,0.04456018518518519,0.2008101851851852,0.1300636574074074,0.1271701388888889
369,637632,0.1847511574074074,0.1880787037037037,0.18359375,0.0970775462962963,0.5052083333333333,0.7672164351851851,0.6488715277777778,0.4370659722222222,0.35619212962962965,0.6161747685185185,0.5399305555555556,0.24030671296296297,0.047453703703703706,0.19907407407407407,0.1267361111111111,0.1378761574074074
370,639360,0.1762152777777778,0.17433449074074073,0.16869212962962962,0.09678819444444445,0.5128761574074074,0.736255787037037,0.646267361111111,0.46484375,0.36342592592592593,0.599537037037037,0.5470196759259259,0.2718460648148148,0.04701967592592593,0.19994212962962962,0.12586805555555555,0.1310763888888889
371,641088,0.1668113425925926,0.15769675925925924,0.17100694444444445,0.09809027777777778,0.46860532407407407,0.7374131944444444,0.6699942129629629,0.45298032407407407,0.35402199074074076,0.6303530092592593,0.5828993055555556,0.2640335648148148,0.041811342592592594,0.19603587962962962,0.12065972222222222,0.1284722222222222
372,642816,0.17520254629629628,0.17274305555555558,0.16869212962962962,0.09635416666666667,0.4160879629629629,0.7724247685185185,0.7081886574074074,0.43504050925925924,0.3016493055555555,0.6391782407407407,0.617042824074074,0.2527488425925926,0.04832175925925926,0.19864004629629628,0.12442129629629631,0.13252314814814814
373,644544,0.17664930555555555,0.17042824074074073,0.16825810185185186,0.09881365740740741,0.48423032407407407,0.7274305555555556,0.6435185185185186,0.4605034722222222,0.3506944444444444,0.6082175925925926,0.5729166666666666,0.27936921296296297,0.048032407407407406,0.19950810185185186,0.12239583333333334,0.1284722222222222
374,646272,0.1636284722222222,0.17216435185185186,0.16276041666666669,0.09577546296296297,0.5157696759259259,0.7132523148148148,0.6419270833333334,0.49189814814814814,0.3771701388888889,0.5766782407407407,0.5315393518518519,0.29803240740740744,0.044849537037037035,0.20066550925925927,0.12586805555555558,0.12369791666666666
375,648000,0.1723090277777778,0.17853009259259262,0.15943287037037035,0.09505208333333333,0.5007233796296297,0.7186053240740741,0.6574074074074074,0.4541377314814815,0.3663194444444445,0.61328125,0.5711805555555556,0.2819733796296296,0.04918981481481481,0.19068287037037035,0.11733217592592593,0.12557870370370372
376,649728,0.17216435185185186,0.1831597222222222,0.1701388888888889,0.09476273148148148,0.47309027777777773,0.7456597222222222,0.6634837962962963,0.443287037037037,0.3480902777777778,0.6213831018518519,0.5852141203703703,0.2689525462962963,0.048900462962962965,0.20081018518518517,0.11675347222222222,0.13093171296296297
377,651456,0.17708333333333334,0.1879340277777778,0.16218171296296297,0.09924768518518519,0.5004340277777778,0.7445023148148149,0.6433738425925926,0.43677662037037035,0.35344328703703703,0.6160300925925926,0.5623553240740741,0.2647569444444444,0.053385416666666664,0.20326967592592593,0.1150173611111111,0.13049768518518517
378,653184,0.1623263888888889,0.17071759259259262,0.16478587962962962,0.0954861111111111,0.5017361111111112,0.7123842592592593,0.6487268518518519,0.4765625,0.36183449074074076,0.5989583333333334,0.5638020833333334,0.29716435185185186,0.04586226851851852,0.19560185185185186,0.11024305555555555,0.12022569444444445
379,654912,0.16304976851851852,0.18619791666666669,0.17057291666666666,0.09056712962962962,0.4654224537037037,0.7387152777777778,0.6610243055555556,0.45703125,0.3504050925925926,0.6221064814814814,0.5671296296296295,0.2764756944444444,0.04557291666666667,0.21600115740740738,0.12659143518518517,0.13136574074074076
380,656640,0.16565393518518517,0.18084490740740738,0.16927083333333331,0.08883101851851852,0.5005787037037037,0.7278645833333334,0.6516203703703703,0.4636863425925926,0.3598090277777778,0.6040219907407407,0.5581597222222222,0.28833912037037035,0.044270833333333336,0.20196759259259262,0.11197916666666666,0.13382523148148148
381,658368,0.15205439814814817,0.18561921296296297,0.16637731481481483,0.0837673611111111,0.46484375,0.7378472222222222,0.6752025462962963,0.4476273148148148,0.33622685185185186,0.6304976851851851,0.593605324074074,0.28052662037037035,0.04007523148148148,0.2048611111111111,0.1166087962962963,0.1427951388888889
382,660096,0.15436921296296297,0.17375578703703703,0.1662326388888889,0.0826099537037037,0.5002893518518519,0.736255787037037,0.6352719907407407,0.44401041666666663,0.36588541666666663,0.6433738425925926,0.5645254629629629,0.26663773148148145,0.05063657407407408,0.20833333333333331,0.11805555555555555,0.12919560185185186
383,661824,0.1605902777777778,0.17346643518518517,0.15668402777777776,0.08072916666666666,0.48755787037037035,0.7173032407407407,0.6506076388888888,0.4681712962962963,0.3616898148148148,0.6144386574074074,0.5778356481481481,0.3022280092592593,0.045572916666666664,0.1996527777777778,0.11588541666666666,0.12688078703703703
384,663552,0.14916087962962962,0.17158564814814814,0.16666666666666669,0.07942708333333333,0.5135995370370371,0.7170138888888888,0.6481481481481481,0.47974537037037035,0.3725405092592593,0.5950520833333334,0.5535300925925926,0.2947048611111111,0.04311342592592593,0.19777199074074073,0.11877893518518517,0.11747685185185186
385,665280,0.16001157407407407,0.203125,0.18359375,0.0802951388888889,0.4966724537037037,0.7848668981481481,0.654513888888889,0.4188368055555556,0.34664351851851855,0.642795138888889,0.5486111111111112,0.22352430555555555,0.05570023148148148,0.20963541666666669,0.12398726851851852,0.13744212962962962
386,667008,0.15147569444444448,0.1875,0.1740451388888889,0.07450810185185186,0.48828125000000006,0.7602719907407407,0.6643518518518519,0.4428530092592593,0.3509837962962963,0.6286168981481481,0.5706018518518519,0.2685185185185185,0.04267939814814815,0.20138888888888887,0.12586805555555555,0.12196180555555557
387,668736,0.1517650462962963,0.19733796296296297,0.16594328703703703,0.06915509259259259,0.4730902777777778,0.732349537037037,0.6720196759259259,0.47482638888888895,0.33579282407407407,0.5862268518518519,0.5600405092592593,0.2841435185185185,0.043692129629629636,0.21296296296296297,0.12977430555555555,0.13078703703703703
388,670464,0.15813078703703703,0.19198495370370372,0.16478587962962965,0.06785300925925926,0.4790219907407407,0.7581018518518519,0.658275462962963,0.4379340277777778,0.33984375,0.6235532407407407,0.5698784722222222,0.25911458333333337,0.05049189814814815,0.20399305555555555,0.12311921296296297,0.12890625
389,672192,0.16464120370370372,0.17664930555555555,0.16999421296296297,0.06553819444444445,0.5091145833333334,0.7377025462962963,0.6251446759259259,0.45196759259259256,0.3719618055555555,0.6032986111111112,0.5339988425925926,0.2845775462962963,0.04962384259259259,0.20500578703703703,0.11212384259259259,0.12094907407407407
390,673920,0.15943287037037038,0.1712962962962963,0.17997685185185186,0.07060185185185186,0.4852430555555556,0.7458043981481481,0.6453993055555556,0.4322916666666667,0.35517939814814814,0.6397569444444444,0.5651041666666667,0.2689525462962963,0.044704861111111105,0.19849537037037035,0.11009837962962962,0.12210648148148148
391,675648,0.16203703703703703,0.17780671296296297,0.16478587962962962,0.07060185185185186,0.5099826388888888,0.7168692129629629,0.6236979166666667,0.47453703703703703,0.36921296296296297,0.5828993055555556,0.5464409722222222,0.3055555555555556,0.042390046296296294,0.20124421296296297,0.10865162037037038,0.11733217592592593
392,677376,0.1501736111111111,0.1740451388888889,0.1697048611111111,0.06756365740740741,0.45833333333333337,0.7651909722222222,0.6705729166666666,0.42057291666666663,0.3424479166666667,0.6536458333333334,0.5862268518518519,0.2601273148148148,0.044994212962962965,0.19965277777777776,0.11964699074074074,0.11805555555555555
393,679104,0.1640625,0.18070023148148148,0.17824074074074073,0.07103587962962962,0.5004340277777778,0.7408854166666666,0.6391782407407407,0.4537037037037037,0.36993634259259256,0.61328125,0.5441261574074074,0.2899305555555556,0.04571759259259259,0.1869212962962963,0.11255787037037038,0.12210648148148148
394,680832,0.14192708333333331,0.15379050925925924,0.15957754629629628,0.07566550925925926,0.4470486111111111,0.7524594907407407,0.6770833333333333,0.4289641203703704,0.33984375,0.669704861111111,0.6222511574074074,0.2842881944444444,0.03935185185185185,0.18229166666666666,0.10416666666666666,0.11226851851851852
395,682560,0.15494791666666666,0.1685474537037037,0.16087962962962965,0.0720486111111111,0.49811921296296297,0.7452256944444444,0.6455439814814814,0.45341435185185186,0.3602430555555556,0.6160300925925926,0.5539641203703705,0.2789351851851852,0.04325810185185185,0.18561921296296297,0.10344328703703703,0.12254050925925926
396,684288,0.1636284722222222,0.17230902777777776,0.1684027777777778,0.07436342592592593,0.5078125,0.7594039351851852,0.6377314814814815,0.42013888888888895,0.36342592592592593,0.642650462962963,0.5596064814814814,0.2641782407407407,0.04933449074074074,0.19140625,0.11458333333333334,0.11863425925925926
397,686016,0.15219907407407407,0.15596064814814814,0.1673900462962963,0.07190393518518519,0.4710648148148148,0.734375,0.6571180555555556,0.4435763888888889,0.34968171296296297,0.638599537037037,0.5905671296296297,0.30063657407407407,0.04441550925925926,0.17867476851851852,0.10575810185185185,0.11009837962962964
398,687744,0.17057291666666669,0.19429976851851852,0.18735532407407407,0.07175925925925926,0.48697916666666663,0.7543402777777778,0.6549479166666667,0.4227430555555555,0.3519965277777778,0.6290509259259259,0.5635127314814815,0.2728587962962963,0.048900462962962965,0.19994212962962965,0.11183449074074074,0.12022569444444445
399,689472,0.16261574074074076,0.17071759259259262,0.16565393518518517,0.06770833333333333,0.48755787037037035,0.7609953703703703,0.6565393518518519,0.42259837962962965,0.3602430555555556,0.6416377314814815,0.5711805555555556,0.2641782407407407,0.051359953703703706,0.1818576388888889,0.10966435185185185,0.11255787037037038
400,691200,0.1574074074074074,0.15957754629629628,0.17057291666666669,0.07291666666666666,0.48553240740740744,0.7459490740740742,0.6471354166666667,0.4214409722222222,0.34736689814814814,0.6506076388888888,0.5813078703703703,0.27459490740740744,0.047453703703703706,0.18156828703703703,0.0998263888888889,0.12109375
401,692928,0.17375578703703703,0.17447916666666669,0.17954282407407407,0.07407407407407407,0.47873263888888884,0.7307581018518519,0.6474247685185185,0.44777199074074076,0.34201388888888884,0.6208043981481481,0.5703125,0.2934027777777778,0.048611111111111105,0.17766203703703703,0.09794560185185185,0.12876157407407407
402,694656,0.16478587962962962,0.18865740740740738,0.17433449074074076,0.0681423611111111,0.4581886574074074,0.7552083333333333,0.6728877314814815,0.42288773148148145,0.3337673611111111,0.6438078703703703,0.5784143518518519,0.2680844907407407,0.044704861111111105,0.17939814814814814,0.10966435185185186,0.13339120370370372
403,696384,0.16218171296296297,0.1697048611111111,0.1702835648148148,0.0826099537037037,0.4827835648148148,0.7469618055555556,0.6423611111111112,0.41536458333333337,0.3509837962962963,0.6517650462962963,0.5759548611111112,0.26938657407407407,0.04803240740740741,0.17173032407407407,0.09476273148148148,0.12818287037037035
404,698112,0.15610532407407407,0.17057291666666666,0.17679398148148148,0.07392939814814814,0.48480902777777773,0.7371238425925926,0.6617476851851851,0.4418402777777778,0.34389467592592593,0.6242766203703705,0.5746527777777778,0.2896412037037037,0.04325810185185185,0.17679398148148148,0.10720486111111112,0.12876157407407407
405,699840,0.16464120370370372,0.1697048611111111,0.16507523148148148,0.0685763888888889,0.4703414351851852,0.7456597222222222,0.6581307870370371,0.43518518518518523,0.33984375,0.62890625,0.5905671296296297,0.28804976851851855,0.03833912037037037,0.17245370370370372,0.10271990740740741,0.12355324074074074
406,701568,0.16796875,0.17997685185185186,0.1792534722222222,0.07899305555555555,0.5169270833333334,0.71875,0.6455439814814815,0.46846064814814814,0.3637152777777778,0.5928819444444444,0.5358796296296297,0.29658564814814814,0.038049768518518524,0.17896412037037038,0.11226851851851852,0.1300636574074074
407,703296,0.16116898148148148,0.1802662037037037,0.18055555555555555,0.07407407407407407,0.5054976851851852,0.7452256944444444,0.6416377314814814,0.4333043981481482,0.35170717592592593,0.6196469907407407,0.5448495370370371,0.2650462962962963,0.0390625,0.19039351851851852,0.10691550925925926,0.13136574074074076
408,705024,0.1589988425925926,0.16493055555555555,0.17173032407407407,0.07740162037037038,0.4952256944444444,0.7498553240740741,0.6529224537037037,0.42578125,0.3563368055555555,0.634693287037037,0.5655381944444444,0.2699652777777778,0.037905092592592594,0.18359375,0.11328125,0.12311921296296297
409,706752,0.16044560185185186,0.16001157407407407,0.1785300925925926,0.07262731481481483,0.5,0.7034143518518519,0.6497395833333334,0.4732349537037037,0.3622685185185185,0.6085069444444444,0.5597511574074074,0.3129340277777778,0.039496527777777776,0.17838541666666669,0.10836226851851852,0.11762152777777778
410,708480,0.16724537037037035,0.16001157407407407,0.16319444444444442,0.07103587962962962,0.4759837962962963,0.7411747685185185,0.6624710648148148,0.4340277777777778,0.33449074074074076,0.6323784722222222,0.5801504629629629,0.29195601851851855,0.03587962962962963,0.18330439814814814,0.09635416666666666,0.11892361111111112
411,710208,0.16637731481481483,0.16131365740740738,0.16941550925925924,0.07161458333333333,0.5303819444444444,0.7298900462962963,0.6336805555555556,0.44936342592592593,0.3647280092592593,0.6148726851851851,0.5324074074074074,0.2799479166666667,0.04152199074074074,0.18344907407407407,0.1060474537037037,0.12225115740740741
412,711936,0.15682870370370372,0.16608796296296297,0.1814236111111111,0.06901041666666666,0.5182291666666666,0.7322048611111112,0.6484375,0.4509548611111111,0.3661747685185185,0.6157407407407407,0.5486111111111112,0.2789351851851852,0.03616898148148148,0.18084490740740738,0.11299189814814815,0.12340856481481483
413,713664,0.1652199074074074,0.140625,0.16435185185185186,0.06872106481481483,0.4895833333333333,0.7161458333333333,0.650318287037037,0.45384837962962965,0.3570601851851852,0.6273148148148149,0.5808738425925926,0.31119791666666663,0.03833912037037037,0.1613136574074074,0.09071180555555555,0.10966435185185185
414,715392,0.16608796296296297,0.14380787037037035,0.1644965277777778,0.07740162037037038,0.4914641203703704,0.7107928240740742,0.6532118055555556,0.46064814814814814,0.35170717592592593,0.5975115740740742,0.5690104166666666,0.3125,0.034722222222222224,0.16710069444444445,0.09837962962962964,0.12037037037037036
415,717120,0.1605902777777778,0.140625,0.16377314814814814,0.07349537037037038,0.47858796296296297,0.7313368055555556,0.6555266203703703,0.4247685185185185,0.3537326388888889,0.6438078703703703,0.5908564814814814,0.2779224537037037,0.03211805555555555,0.16565393518518517,0.09577546296296297,0.12369791666666667
416,718848,0.15523726851851852,0.13339120370370372,0.16087962962962962,0.07942708333333333,0.4796006944444444,0.7251157407407407,0.6455439814814815,0.42578125,0.3622685185185185,0.6419270833333333,0.5954861111111112,0.28472222222222227,0.03370949074074074,0.1636284722222222,0.08868634259259259,0.12065972222222222
417,720576,0.1501736111111111,0.15639467592592593,0.16203703703703703,0.07074652777777778,0.5157696759259259,0.7230902777777778,0.6520543981481481,0.4513888888888889,0.35836226851851855,0.6006944444444444,0.5470196759259259,0.2796585648148148,0.03153935185185185,0.19227430555555558,0.08752893518518517,0.11921296296296295
418,722304,0.1529224537037037,0.15625,0.16319444444444442,0.0720486111111111,0.49667245370370366,0.7093460648148149,0.6561053240740741,0.46368634259259256,0.35908564814814814,0.5908564814814814,0.5658275462962963,0.30975115740740744,0.033130787037037035,0.1831597222222222,0.09519675925925924,0.11385995370370369
419,724032,0.15190972222222224,0.14453125,0.15755208333333334,0.06640625,0.5263310185185186,0.701099537037037,0.6208043981481481,0.4470486111111111,0.38035300925925924,0.6163194444444444,0.5574363425925926,0.29875578703703703,0.031684027777777776,0.16984953703703703,0.09403935185185186,0.10474537037037038
420,725760,0.1506076388888889,0.15162037037037038,0.16652199074074076,0.0625,0.49725115740740744,0.7203414351851852,0.6519097222222223,0.4541377314814815,0.3621238425925926,0.6030092592592593,0.5724826388888888,0.30107060185185186,0.03096064814814815,0.1779513888888889,0.09895833333333333,0.1087962962962963
421,727488,0.14641203703703703,0.15610532407407407,0.1701388888888889,0.06148726851851852,0.4796006944444444,0.7546296296296297,0.6652199074074074,0.41912615740740744,0.33796296296296297,0.6459780092592592,0.5881076388888888,0.2608506944444444,0.03385416666666667,0.16767939814814814,0.10923032407407407,0.12225115740740741
422,729216,0.15697337962962965,0.14858217592592593,0.16391782407407407,0.0630787037037037,0.4722222222222222,0.7337962962962963,0.6604456018518519,0.43590856481481477,0.35170717592592593,0.6299189814814815,0.5794270833333333,0.28399884259259256,0.03616898148148148,0.16391782407407407,0.10011574074074074,0.11704282407407407
423,730944,0.14814814814814814,0.16333912037037035,0.16493055555555555,0.07103587962962964,0.4794560185185185,0.7333622685185186,0.6519097222222222,0.4273726851851852,0.3460648148148148,0.6438078703703703,0.5746527777777777,0.2689525462962963,0.03486689814814815,0.17578125,0.10445601851851852,0.12080439814814814
424,732672,0.14916087962962962,0.1623263888888889,0.1585648148148148,0.06293402777777778,0.4765625,0.7212094907407407,0.6662326388888888,0.45703125,0.34403935185185186,0.5985243055555556,0.5698784722222222,0.2942708333333333,0.026765046296296297,0.1675347222222222,0.1021412037037037,0.11921296296296297
425,734400,0.14713541666666669,0.14597800925925924,0.14814814814814814,0.06351273148148148,0.5013020833333333,0.7340856481481481,0.6433738425925926,0.43344907407407407,0.3572048611111111,0.625,0.5626446759259258,0.27459490740740744,0.031828703703703706,0.15625,0.09490740740740741,0.11516203703703703
426,736128,0.13816550925925927,0.1478587962962963,0.1584201388888889,0.05859375,0.5130208333333333,0.7144097222222222,0.6277488425925926,0.45818865740740744,0.36834490740740744,0.6040219907407407,0.54296875,0.29267939814814814,0.03081597222222222,0.16796875,0.10532407407407407,0.12123842592592592
427,737856,0.14699074074074076,0.1644965277777778,0.17867476851851852,0.06076388888888888,0.4644097222222222,0.7508680555555556,0.6686921296296295,0.42216435185185186,0.34013310185185186,0.6299189814814815,0.5690104166666666,0.26157407407407407,0.026475694444444448,0.16565393518518517,0.10503472222222221,0.12789351851851852
428,739584,0.14612268518518517,0.1440972222222222,0.15263310185185186,0.06597222222222222,0.5166377314814814,0.7214988425925926,0.6286168981481481,0.4427083333333333,0.37514467592592593,0.6121238425925926,0.5451388888888888,0.29673032407407407,0.031105324074074073,0.1574074074074074,0.09649884259259259,0.11299189814814814
429,741312,0.14424189814814814,0.16218171296296297,0.16319444444444445,0.06394675925925926,0.49739583333333337,0.7264178240740741,0.6452546296296297,0.4434317129629629,0.3530092592592593,0.6021412037037037,0.546875,0.28718171296296297,0.030671296296296297,0.17317708333333331,0.10894097222222222,0.12152777777777778
430,743040,0.13932291666666669,0.1634837962962963,0.17650462962962962,0.06380208333333333,0.5005787037037037,0.7316261574074074,0.6399016203703703,0.44516782407407407,0.3603877314814815,0.6118344907407407,0.5486111111111112,0.2751736111111111,0.026041666666666664,0.17115162037037038,0.1060474537037037,0.12022569444444445
431,744768,0.14872685185185186,0.1652199074074074,0.16507523148148148,0.055266203703703706,0.4822048611111111,0.7478298611111112,0.6558159722222222,0.4301215277777778,0.34389467592592593,0.6138599537037037,0.5542534722222222,0.2677951388888889,0.030092592592592594,0.17303240740740738,0.10706018518518519,0.12977430555555555
432,746496,0.13831018518518517,0.14033564814814814,0.15552662037037038,0.06148726851851852,0.4952256944444445,0.720775462962963,0.6319444444444444,0.4366319444444445,0.37008101851851855,0.6286168981481481,0.5596064814814815,0.29759837962962965,0.02922453703703704,0.1495949074074074,0.10054976851851852,0.11212384259259259
433,748224,0.12876157407407407,0.13744212962962962,0.15147569444444445,0.04976851851851852,0.46412037037037035,0.7468171296296295,0.6780960648148149,0.4214409722222222,0.33217592592592593,0.6540798611111112,0.5921585648148149,0.263744212962963,0.02690972222222222,0.1605902777777778,0.10112847222222221,0.11053240740740741
434,749952,0.13903356481481483,0.15682870370370372,0.16001157407407407,0.06134259259259259,0.5111400462962963,0.7502893518518519,0.6286168981481481,0.42853009259259256,0.37181712962962965,0.6221064814814814,0.5266203703703703,0.26967592592592593,0.02777777777777778,0.16927083333333334,0.10691550925925926,0.1228298611111111
435,751680,0.14265046296296297,0.14988425925925924,0.1701388888888889,0.055266203703703706,0.5073784722222223,0.7081886574074074,0.6326678240740741,0.46325231481481477,0.3605324074074074,0.5901331018518519,0.5403645833333333,0.30787037037037035,0.028211805555555556,0.17216435185185186,0.10257523148148148,0.12181712962962962
436,753408,0.13744212962962965,0.12948495370370372,0.15364583333333331,0.059172453703703706,0.4891493055555555,0.7106481481481481,0.642505787037037,0.4596354166666667,0.35561342592592593,0.6048900462962963,0.5669849537037037,0.30613425925925924,0.027488425925925923,0.16218171296296297,0.1037326388888889,0.11038773148148148
437,755136,0.14424189814814814,0.1355613425925926,0.1527777777777778,0.059172453703703706,0.502025462962963,0.7394386574074074,0.6391782407407407,0.41956018518518523,0.3693576388888889,0.6263020833333334,0.5512152777777778,0.2767650462962963,0.02488425925925926,0.15928819444444448,0.10865162037037038,0.11371527777777779
438,756864,0.14105902777777776,0.14322916666666669,0.1495949074074074,0.055266203703703706,0.5054976851851851,0.7339409722222222,0.6342592592592593,0.43301504629629634,0.3587962962962963,0.6232638888888888,0.5474537037037037,0.2800925925925926,0.025028935185185185,0.17100694444444445,0.11689814814814815,0.1150173611111111
439,758592,0.13975694444444445,0.13541666666666666,0.14988425925925927,0.055266203703703706,0.48263888888888884,0.7466724537037037,0.6446759259259259,0.41015625,0.36212384259259256,0.6485821759259259,0.5724826388888888,0.2673611111111111,0.02879050925925926,0.17100694444444445,0.10792824074074076,0.11877893518518517
440,760320,0.14525462962962965,0.15002893518518517,0.1558159722222222,0.05772569444444444,0.5277777777777777,0.734375,0.6219618055555556,0.43041087962962965,0.36921296296296297,0.5967881944444444,0.5222800925925926,0.2761863425925926,0.025607638888888888,0.18330439814814814,0.11834490740740741,0.12094907407407407
441,762048,0.13483796296296297,0.12355324074074074,0.14351851851851852,0.04701967592592593,0.49406828703703703,0.7330729166666667,0.6412037037037037,0.42737268518518523,0.35546875,0.6420717592592593,0.5672743055555556,0.27734375,0.02199074074074074,0.15986689814814814,0.10286458333333334,0.11270254629629631
442,763776,0.14554398148148148,0.15436921296296297,0.15422453703703703,0.05251736111111112,0.5180844907407407,0.7385706018518519,0.6355613425925926,0.4330150462962963,0.35387731481481477,0.6085069444444444,0.5316840277777777,0.26924189814814814,0.02199074074074074,0.18171296296296297,0.11877893518518519,0.12311921296296297
443,765504,0.14048032407407407,0.1293402777777778,0.13758680555555558,0.050202546296296294,0.4618055555555556,0.7162905092592593,0.6537905092592593,0.439380787037037,0.34953703703703703,0.6414930555555556,0.5951967592592593,0.30078125,0.02488425925925926,0.15538194444444445,0.10083912037037038,0.10590277777777776
444,767232,0.12485532407407407,0.15914351851851852,0.15523726851851852,0.054108796296296294,0.4618055555555556,0.7553530092592593,0.681857638888889,0.4273726851851852,0.3211805555555556,0.6312210648148148,0.5782696759259259,0.25260416666666663,0.02228009259259259,0.18590856481481483,0.12586805555555555,0.11747685185185186
445,768960,0.1293402777777778,0.13396990740740738,0.14351851851851852,0.053530092592592594,0.5030381944444444,0.734375,0.6377314814814814,0.42853009259259256,0.35474537037037035,0.6328125,0.5529513888888888,0.2666377314814815,0.023148148148148147,0.16276041666666669,0.11226851851851852,0.11357060185185186
446,770688,0.12630208333333334,0.13483796296296297,0.14149305555555555,0.051070601851851846,0.47034143518518523,0.7165798611111112,0.6574074074074074,0.44458912037037035,0.3386863425925926,0.6221064814814814,0.5807291666666666,0.30092592592592593,0.021846064814814818,0.1613136574074074,0.10633680555555555,0.11067708333333331
447,772416,0.12355324074074076,0.12905092592592593,0.14467592592592593,0.05381944444444445,0.49594907407407407,0.7401620370370371,0.6362847222222222,0.42201967592592593,0.34881365740740744,0.6399016203703705,0.5700231481481481,0.27213541666666663,0.021701388888888888,0.16724537037037035,0.10706018518518519,0.11241319444444445
448,774144,0.12832754629629628,0.140625,0.15639467592592593,0.05381944444444445,0.46223958333333337,0.7458043981481481,0.6697048611111112,0.40986689814814814,0.32696759259259256,0.6399016203703705,0.5894097222222222,0.2682291666666667,0.024594907407407406,0.16710069444444445,0.11487268518518517,0.11342592592592593
449,775872,0.1255787037037037,0.14597800925925924,0.14858217592592593,0.05497685185185186,0.46614583333333337,0.7366898148148149,0.6730324074074074,0.42578125,0.3258101851851852,0.6252893518518519,0.5811631944444444,0.27228009259259256,0.023148148148148147,0.17491319444444442,0.11617476851851852,0.11791087962962964
450,777600,0.11328125,0.11964699074074076,0.1300636574074074,0.05309606481481481,0.49189814814814814,0.6984953703703703,0.6313657407407407,0.44560185185185186,0.3739872685185185,0.6232638888888888,0.5690104166666667,0.3080150462962963,0.023726851851851853,0.16102430555555558,0.10980902777777779,0.10069444444444445
451,779328,0.12008101851851852,0.14699074074074076,0.1589988425925926,0.054108796296296294,0.5274884259259258,0.7144097222222222,0.6193576388888888,0.4388020833333333,0.36443865740740744,0.5923032407407407,0.5183738425925926,0.27488425925925924,0.022858796296296294,0.19227430555555552,0.12080439814814814,0.1238425925925926
452,781056,0.10966435185185186,0.11906828703703703,0.14033564814814814,0.04658564814814815,0.47771990740740744,0.7219328703703703,0.6404803240740741,0.4279513888888889,0.36038773148148145,0.6338252314814814,0.5844907407407407,0.28891782407407407,0.024016203703703703,0.1640625,0.10894097222222222,0.1099537037037037
453,782784,0.11603009259259259,0.13961226851851852,0.1511863425925926,0.05367476851851852,0.47844328703703703,0.6948784722222221,0.6378761574074073,0.45775462962962965,0.35619212962962965,0.5938946759259259,0.5614872685185185,0.3258101851851852,0.028211805555555552,0.18113425925925924,0.11096643518518519,0.10489004629629631
454,784512,0.10821759259259259,0.1284722222222222,0.15436921296296297,0.05381944444444445,0.49377893518518523,0.7116608796296297,0.6407696759259259,0.43315972222222227,0.3570601851851852,0.6174768518518519,0.5639467592592593,0.28891782407407407,0.02806712962962963,0.16724537037037035,0.11733217592592593,0.10894097222222222
455,786240,0.10995370370370369,0.13729745370370372,0.14742476851851852,0.049623842592592594,0.49725115740740744,0.7054398148148149,0.6303530092592593,0.44285300925925924,0.3627025462962963,0.6056134259259259,0.5558449074074074,0.2958622685185185,0.02589699074074074,0.17158564814814814,0.12167245370370369,0.11704282407407407
456,787968,0.11530671296296298,0.1501736111111111,0.1605902777777778,0.05859375,0.5238715277777777,0.6909722222222222,0.615162037037037,0.4652777777777778,0.36501736111111116,0.5620659722222222,0.5105613425925926,0.3090277777777778,0.026331018518518517,0.18113425925925927,0.1254340277777778,0.11646412037037038
457,789696,0.10691550925925924,0.1323784722222222,0.15885416666666669,0.04962384259259259,0.4934895833333333,0.7327835648148149,0.6490162037037037,0.42592592592592593,0.3428819444444444,0.6096643518518519,0.5503472222222222,0.26056134259259256,0.020688657407407406,0.18417245370370372,0.13295717592592593,0.11993634259259259
458,791424,0.11704282407407407,0.13483796296296297,0.15075231481481483,0.05078125,0.49464699074074076,0.7133969907407408,0.6516203703703703,0.4486400462962963,0.34389467592592593,0.5910011574074074,0.5545428240740742,0.29181134259259256,0.019965277777777776,0.16767939814814814,0.11704282407407407,0.11038773148148148
459,793152,0.1150173611111111,0.13932291666666669,0.16420717592592593,0.05946180555555555,0.49594907407407407,0.7213541666666667,0.6344039351851851,0.44126157407407407,0.3414351851851852,0.5915798611111112,0.5475983796296297,0.2907986111111111,0.02300347222222222,0.17418981481481483,0.11979166666666667,0.11950231481481481
460,794880,0.11226851851851852,0.14742476851851852,0.15697337962962962,0.059027777777777776,0.5101273148148148,0.7220775462962963,0.6354166666666667,0.44285300925925924,0.3525752314814815,0.595486111111111,0.5283564814814814,0.28269675925925924,0.02097800925925926,0.16811342592592593,0.12080439814814814,0.11501736111111112
461,796608,0.10980902777777779,0.1433738425925926,0.1646412037037037,0.05541087962962963,0.482494212962963,0.7078993055555556,0.6471354166666666,0.45543981481481477,0.34215856481481477,0.6011284722222222,0.5473090277777778,0.29890046296296297,0.023871527777777776,0.17635995370370372,0.1261574074074074,0.11516203703703703
462,798336,0.1177662037037037,0.1332465277777778,0.15538194444444445,0.06032986111111112,0.5124421296296297,0.73046875,0.6304976851851851,0.41811342592592593,0.3527199074074074,0.6203703703703703,0.5285011574074074,0.26171875,0.023148148148148147,0.17173032407407407,0.11530671296296297,0.11530671296296297
463,800064,0.10561342592592593,0.13831018518518517,0.16999421296296297,0.0580150462962963,0.4871238425925926,0.7210648148148149,0.6519097222222222,0.43504050925925924,0.34490740740740744,0.609375,0.5493344907407407,0.27994791666666663,0.025462962962962965,0.1707175925925926,0.11964699074074074,0.1111111111111111
464,801792,0.10199652777777776,0.12745949074074073,0.1740451388888889,0.07016782407407407,0.46990740740740744,0.7271412037037037,0.6566840277777777,0.41652199074074076,0.32696759259259256,0.6336805555555556,0.5785590277777778,0.2703993055555556,0.025173611111111112,0.1730324074074074,0.11631944444444445,0.11805555555555555
465,803520,0.09577546296296297,0.12152777777777778,0.17346643518518517,0.05700231481481481,0.4558738425925926,0.7151331018518519,0.6616030092592593,0.43547453703703703,0.33622685185185186,0.6265914351851851,0.5936053240740742,0.2945601851851852,0.024594907407407406,0.15870949074074076,0.109375,0.10923032407407407
466,805248,0.10054976851851852,0.14467592592592593,0.1746238425925926,0.06799768518518519,0.4952256944444445,0.7133969907407407,0.6380208333333333,0.4479166666666667,0.3368055555555556,0.5785590277777778,0.5397858796296297,0.29528356481481477,0.021846064814814818,0.17664930555555555,0.12398726851851852,0.11791087962962962
467,806976,0.09447337962962964,0.12369791666666667,0.18171296296296297,0.06105324074074074,0.4730902777777778,0.7177372685185185,0.6555266203703703,0.4487847222222222,0.33752893518518523,0.6228298611111112,0.5687210648148149,0.2818287037037037,0.024739583333333336,0.16927083333333331,0.11776620370370369,0.11429398148148148
468,808704,0.09765624999999999,0.13049768518518517,0.16927083333333331,0.057436342592592594,0.49811921296296297,0.7427662037037037,0.6449652777777778,0.41724537037037035,0.3447627314814815,0.6365740740740741,0.5533854166666666,0.25651041666666663,0.02879050925925926,0.1724537037037037,0.1177662037037037,0.11342592592592593
469,810432,0.10040509259259259,0.12861689814814814,0.16898148148148148,0.06322337962962962,0.515480324074074,0.7267071759259259,0.6070601851851851,0.43359375,0.36255787037037035,0.6105324074074074,0.5277777777777777,0.2734375,0.026765046296296294,0.17954282407407407,0.1205150462962963,0.12311921296296297
470,812160,0.09707754629629631,0.13295717592592593,0.1668113425925926,0.055121527777777776,0.5031828703703703,0.7374131944444444,0.6358506944444444,0.41435185185185186,0.3521412037037037,0.6357060185185186,0.5434027777777778,0.25535300925925924,0.024739583333333336,0.1701388888888889,0.11805555555555555,0.1171875
471,813888,0.09534143518518517,0.12094907407407408,0.16102430555555555,0.05772569444444445,0.5179398148148148,0.7112268518518519,0.6241319444444444,0.4479166666666667,0.35546875,0.6041666666666666,0.5338541666666667,0.2828414351851852,0.02271412037037037,0.1550925925925926,0.11791087962962962,0.11617476851851852
472,815616,0.10112847222222222,0.11400462962962964,0.15610532407407407,0.05888310185185185,0.5245949074074074,0.6892361111111112,0.6218171296296297,0.4576099537037037,0.36400462962962965,0.5989583333333333,0.5263310185185185,0.29861111111111116,0.023003472222222224,0.15596064814814814,0.11877893518518517,0.10894097222222222
473,817344,0.10662615740740741,0.12181712962962964,0.16218171296296297,0.05873842592592593,0.47410300925925924,0.7262731481481481,0.6462673611111112,0.41579861111111116,0.3454861111111111,0.6399016203703703,0.5658275462962963,0.26287615740740744,0.026475694444444444,0.16478587962962962,0.11603009259259259,0.11530671296296295
474,819072,0.08738425925925926,0.11617476851851852,0.14655671296296297,0.058159722222222224,0.49030671296296297,0.7420428240740741,0.6391782407407407,0.4110243055555556,0.35286458333333337,0.6587094907407407,0.5671296296296295,0.2562210648148148,0.024739583333333336,0.15856481481481483,0.12413194444444445,0.10662615740740741
475,820800,0.08521412037037038,0.12022569444444445,0.15465856481481483,0.0642361111111111,0.4995659722222222,0.7142650462962963,0.6299189814814815,0.4437210648148148,0.3460648148148148,0.6098090277777777,0.541087962962963,0.2899305555555556,0.023726851851851853,0.17505787037037038,0.12890625,0.11747685185185185
476,822528,0.09259259259259259,0.12065972222222222,0.15885416666666669,0.05338541666666667,0.5088252314814814,0.7044270833333333,0.6264467592592593,0.4330150462962963,0.3661747685185185,0.6166087962962963,0.5366030092592593,0.29441550925925924,0.025607638888888888,0.16608796296296297,0.13093171296296297,0.10850694444444443
477,824256,0.09403935185185185,0.12789351851851852,0.14829282407407407,0.05570023148148148,0.44777199074074076,0.7679398148148149,0.6668113425925926,0.38599537037037035,0.31061921296296297,0.6760706018518519,0.5865162037037037,0.24508101851851855,0.026331018518518517,0.17491319444444445,0.12369791666666667,0.1121238425925926
478,825984,0.09230324074074073,0.12398726851851852,0.15567129629629628,0.05960648148148148,0.4796006944444445,0.7239583333333334,0.6458333333333334,0.4273726851851851,0.3307291666666667,0.6216724537037037,0.5622106481481481,0.28414351851851855,0.024739583333333336,0.17100694444444442,0.12456597222222222,0.10416666666666666
479,827712,0.08998842592592593,0.11429398148148148,0.15162037037037038,0.056423611111111105,0.4761284722222222,0.7206307870370371,0.6458333333333333,0.42954282407407407,0.3394097222222222,0.634982638888889,0.5723379629629629,0.28370949074074076,0.023148148148148147,0.17447916666666669,0.11834490740740741,0.10170717592592593
480,829440,0.0910011574074074,0.11877893518518519,0.16102430555555555,0.05844907407407407,0.4790219907407407,0.720630787037037,0.6468460648148149,0.42433449074074076,0.33275462962962965,0.6197916666666667,0.5652488425925926,0.28125,0.02589699074074074,0.17505787037037035,0.12297453703703703,0.10923032407407407
481,831168,0.08926504629629628,0.12080439814814815,0.1484375,0.0619212962962963,0.5232928240740741,0.7022569444444444,0.5921585648148148,0.4392361111111111,0.38136574074074076,0.6066261574074074,0.5209780092592593,0.2973090277777778,0.03052662037037037,0.1697048611111111,0.11805555555555555,0.10300925925925926
482,832896,0.08579282407407407,0.13903356481481483,0.16261574074074076,0.0630787037037037,0.4945023148148148,0.7132523148148148,0.6329571759259259,0.4448784722222222,0.3470775462962963,0.6002604166666666,0.5318287037037037,0.29832175925925924,0.019386574074074073,0.1841724537037037,0.13425925925925927,0.11255787037037038
483,834624,0.08304398148148148,0.11921296296296297,0.15639467592592593,0.05772569444444445,0.4761284722222222,0.7178819444444444,0.6455439814814815,0.4309895833333333,0.33043981481481477,0.6219618055555556,0.5687210648148149,0.2899305555555556,0.023726851851851853,0.17737268518518517,0.13194444444444445,0.10865162037037038
484,836352,0.08709490740740741,0.1328125,0.15552662037037038,0.0625,0.5316840277777777,0.6979166666666667,0.6041666666666666,0.45341435185185186,0.36111111111111116,0.5813078703703703,0.5122974537037037,0.29325810185185186,0.02531828703703704,0.18113425925925924,0.12528935185185186,0.11154513888888888
485,838080,0.0853587962962963,0.11371527777777779,0.15219907407407407,0.056568287037037035,0.48509837962962965,0.7160011574074074,0.6341145833333333,0.4380787037037037,0.34505208333333337,0.619212962962963,0.5548321759259259,0.29658564814814814,0.023292824074074077,0.17173032407407407,0.1150173611111111,0.1105324074074074
486,839808,0.07523148148148148,0.10344328703703703,0.14684606481481483,0.04774305555555555,0.4605034722222222,0.7374131944444444,0.6772280092592593,0.4075520833333333,0.3155381944444444,0.6617476851851851,0.6040219907407407,0.26808449074074076,0.024739583333333336,0.1652199074074074,0.11516203703703703,0.11140046296296297
487,841536,0.08969907407407407,0.12398726851851852,0.15002893518518517,0.062065972222222224,0.5104166666666666,0.6689814814814815,0.6059027777777777,0.48191550925925924,0.36053240740740744,0.5517939814814815,0.5248842592592593,0.34505208333333337,0.021701388888888888,0.18113425925925924,0.11935763888888888,0.10706018518518519
488,843264,0.07436342592592592,0.11009837962962964,0.1349826388888889,0.05439814814814815,0.48799189814814814,0.7151331018518519,0.6488715277777778,0.4330150462962963,0.34403935185185186,0.6280381944444444,0.5779803240740741,0.29499421296296297,0.021267361111111112,0.15755208333333334,0.11096643518518517,0.09997106481481481
489,844992,0.09765625,0.13599537037037035,0.1579861111111111,0.06061921296296296,0.4972511574074074,0.7397280092592593,0.6355613425925926,0.41521990740740744,0.33868634259259256,0.6041666666666666,0.5324074074074074,0.26822916666666663,0.024739583333333336,0.18590856481481483,0.1284722222222222,0.11342592592592592
490,846720,0.08579282407407407,0.13657407407407407,0.1440972222222222,0.06163194444444445,0.47974537037037035,0.7115162037037037,0.6335358796296297,0.4320023148148148,0.3388310185185185,0.6064814814814815,0.5452835648148149,0.28761574074074076,0.02271412037037037,0.19444444444444445,0.12905092592592593,0.11863425925925924
491,848448,0.08839699074074073,0.11747685185185186,0.15350115740740738,0.05931712962962963,0.49826388888888884,0.6756365740740741,0.6209490740740741,0.46455439814814814,0.35807291666666663,0.5940393518518519,0.5438368055555556,0.32436342592592593,0.027054398148148147,0.16854745370370372,0.11024305555555555,0.10315393518518517
492,850176,0.08608217592592593,0.1300636574074074,0.15596064814814814,0.05497685185185185,0.4431423611111111,0.748263888888889,0.6686921296296297,0.40263310185185186,0.3140914351851852,0.6689814814814814,0.5876736111111112,0.24363425925925924,0.03052662037037037,0.17115162037037035,0.1283275462962963,0.12355324074074074
493,851904,0.09418402777777778,0.12456597222222222,0.16304976851851852,0.05396412037037037,0.4609375,0.7339409722222223,0.6485821759259259,0.41044560185185186,0.3272569444444444,0.6380208333333333,0.576099537037037,0.2711226851851852,0.026765046296296297,0.1808449074074074,0.12297453703703703,0.11328125
494,853632,0.08550347222222222,0.1254340277777778,0.15552662037037035,0.05758101851851852,0.5400752314814814,0.6937210648148148,0.6053240740740741,0.4670138888888889,0.3677662037037037,0.5785590277777778,0.49247685185185186,0.29542824074074076,0.023582175925925923,0.17390046296296297,0.1205150462962963,0.11024305555555555
495,855360,0.09201388888888888,0.13122106481481483,0.15335648148148148,0.06076388888888888,0.5010127314814815,0.6954571759259259,0.6310763888888888,0.46296296296296297,0.3460648148148148,0.5785590277777777,0.5261863425925926,0.29716435185185186,0.022569444444444444,0.17578125,0.11762152777777778,0.11342592592592592
496,857088,0.09056712962962962,0.11820023148148148,0.15248842592592593,0.05989583333333333,0.5057870370370371,0.7280092592592593,0.6303530092592592,0.4241898148148148,0.35778356481481477,0.6223958333333333,0.5358796296296297,0.27531828703703703,0.020109953703703706,0.16391782407407407,0.11646412037037038,0.11024305555555557
497,858816,0.08868634259259259,0.12688078703703703,0.1467013888888889,0.06409143518518519,0.517505787037037,0.6929976851851851,0.599537037037037,0.45341435185185186,0.37673611111111116,0.5869502314814814,0.5215567129629629,0.3142361111111111,0.023871527777777776,0.16941550925925924,0.11400462962962962,0.10257523148148148
498,860544,0.09375,0.12702546296296297,0.15682870370370372,0.06221064814814814,0.4722222222222222,0.7186053240740741,0.6427951388888888,0.4296875,0.3423032407407407,0.6312210648148149,0.5646701388888888,0.2825520833333333,0.022858796296296297,0.17346643518518517,0.10951967592592593,0.10691550925925927
499,862272,0.08434606481481481,0.12688078703703703,0.15234375,0.05309606481481481,0.48177083333333337,0.7230902777777778,0.640625,0.4270833333333333,0.3467881944444444,0.6297743055555556,0.5600405092592593,0.27806712962962965,0.020833333333333332,0.16796875,0.11993634259259259,0.10633680555555555
500,864000,0.09143518518518519,0.11168981481481481,0.15465856481481483,0.06090856481481481,0.47902199074074076,0.6752025462962963,0.6252893518518519,0.44806134259259256,0.3654513888888889,0.6129918981481481,0.5638020833333333,0.3211805555555556,0.02387152777777778,0.16507523148148145,0.109375,0.09780092592592593
501,865728,0.09953703703703703,0.1271701388888889,0.14655671296296297,0.06380208333333334,0.4600694444444444,0.7269965277777778,0.6530671296296295,0.4228877314814815,0.3268229166666667,0.6397569444444444,0.564380787037037,0.26707175925925924,0.0267650462962963,0.17708333333333331,0.12037037037037038,0.10980902777777779
502,867456,0.09375,0.13194444444444445,0.15755208333333331,0.06640625,0.4756944444444444,0.7139756944444444,0.6468460648148149,0.4496527777777778,0.33174189814814814,0.6064814814814815,0.5431134259259259,0.28399884259259256,0.025173611111111112,0.1824363425925926,0.1238425925925926,0.10749421296296297
503,869184,0.09230324074074074,0.11950231481481483,0.14510995370370372,0.0646701388888889,0.48032407407407407,0.7162905092592593,0.646701388888889,0.42462384259259256,0.34736689814814814,0.6306423611111112,0.5557002314814815,0.27054398148148145,0.024594907407407406,0.17028356481481483,0.11603009259259259,0.1038773148148148
504,870912,0.09389467592592593,0.10850694444444445,0.13758680555555555,0.06278935185185186,0.44458912037037035,0.7235243055555556,0.6433738425925926,0.41608796296296297,0.33608217592592593,0.6707175925925926,0.5975115740740741,0.2717013888888889,0.03414351851851852,0.16710069444444445,0.11328125,0.09447337962962962
505,872640,0.09317129629629628,0.11255787037037036,0.15190972222222224,0.06278935185185185,0.46686921296296297,0.6944444444444444,0.6358506944444444,0.45153356481481477,0.34114583333333337,0.6115451388888888,0.5659722222222221,0.3059895833333333,0.026765046296296297,0.17390046296296297,0.11516203703703703,0.10040509259259259
506,874368,0.09331597222222224,0.11400462962962962,0.1501736111111111,0.0625,0.4625289351851852,0.7073206018518519,0.644675925925926,0.43156828703703703,0.3447627314814815,0.6255787037037037,0.560619212962963,0.2922453703703704,0.028935185185185185,0.1684027777777778,0.11979166666666666,0.09823495370370372
507,876096,0.10083912037037038,0.11342592592592593,0.14308449074074076,0.05714699074074074,0.4526909722222222,0.7371238425925926,0.6598668981481481,0.39945023148148145,0.33087384259259256,0.6478587962962963,0.5765335648148149,0.27314814814814814,0.031684027777777776,0.17115162037037038,0.10792824074074074,0.09809027777777778
508,877824,0.10040509259259259,0.11530671296296297,0.16203703703703703,0.06640625,0.47670717592592593,0.6918402777777778,0.6456886574074074,0.4515335648148148,0.3363715277777778,0.595920138888889,0.5439814814814814,0.2980324074074074,0.02850115740740741,0.18113425925925924,0.1171875,0.10604745370370369
509,879552,0.10662615740740741,0.13686342592592593,0.16276041666666666,0.06756365740740741,0.4930555555555556,0.7139756944444444,0.6344039351851851,0.43287037037037035,0.3334780092592593,0.5875289351851851,0.5219907407407407,0.27416087962962965,0.028645833333333332,0.1875,0.12528935185185186,0.1111111111111111
510,881280,0.09505208333333333,0.11024305555555555,0.1545138888888889,0.061487268518518524,0.48104745370370366,0.7042824074074074,0.6344039351851851,0.4385127314814815,0.34780092592592593,0.6182002314814814,0.560474537037037,0.29123263888888884,0.02589699074074074,0.16796875,0.1032986111111111,0.10214120370370369
511,883008,0.10416666666666667,0.12977430555555555,0.16493055555555555,0.06090856481481482,0.4856770833333333,0.7207754629629629,0.6439525462962963,0.43200231481481477,0.328125,0.5941840277777778,0.5368923611111112,0.27097800925925924,0.026186342592592594,0.18561921296296297,0.11197916666666666,0.11255787037037038
512,884736,0.10127314814814814,0.1306423611111111,0.16391782407407407,0.06785300925925926,0.5157696759259259,0.720630787037037,0.6179108796296295,0.4431423611111111,0.3519965277777778,0.5710358796296297,0.5034722222222222,0.28096064814814814,0.030671296296296294,0.17766203703703703,0.11313657407407407,0.11241319444444445
513,886464,0.09895833333333334,0.11950231481481481,0.16304976851851852,0.06843171296296297,0.49146412037037035,0.7034143518518519,0.6209490740740741,0.4440104166666667,0.36053240740740744,0.603443287037037,0.5270543981481481,0.2874710648148148,0.029947916666666664,0.1646412037037037,0.10445601851851852,0.10054976851851852
514,888192,0.09968171296296297,0.10489004629629631,0.14482060185185186,0.06409143518518519,0.4677372685185185,0.7041377314814814,0.6255787037037037,0.42896412037037035,0.3532986111111111,0.6261574074074074,0.5642361111111112,0.2907986111111111,0.032407407407407406,0.16652199074074076,0.09577546296296297,0.09939236111111112
515,889920,0.09273726851851852,0.10778356481481481,0.14033564814814814,0.0646701388888889,0.47858796296296297,0.6869212962962963,0.6226851851851851,0.44314236111111116,0.36096643518518523,0.6060474537037037,0.5512152777777778,0.3116319444444444,0.02922453703703704,0.16420717592592593,0.0954861111111111,0.09982638888888888
516,891648,0.09751157407407407,0.1339699074074074,0.16348379629629628,0.06264467592592593,0.490162037037037,0.7309027777777778,0.6480034722222222,0.42549189814814814,0.3363715277777778,0.601707175925926,0.525318287037037,0.26982060185185186,0.026765046296296294,0.1791087962962963,0.1032986111111111,0.11067708333333334
517,893376,0.10011574074074074,0.10344328703703703,0.14250578703703703,0.061197916666666664,0.44516782407407407,0.7225115740740741,0.6459780092592593,0.40465856481481477,0.34953703703703703,0.6471354166666667,0.5775462962962963,0.28747106481481477,0.032407407407407406,0.15813078703703703,0.10358796296296297,0.09143518518518519
518,895104,0.09129050925925926,0.11357060185185186,0.15205439814814814,0.06669560185185186,0.4623842592592593,0.7126736111111112,0.6563946759259258,0.42578125,0.3285590277777778,0.6140046296296295,0.5574363425925927,0.29195601851851855,0.025462962962962965,0.17592592592592593,0.10894097222222222,0.10257523148148148
519,896832,0.09244791666666666,0.11704282407407407,0.15133101851851852,0.06684027777777779,0.43778935185185186,0.7317708333333333,0.6653645833333333,0.4117476851851852,0.31626157407407407,0.6422164351851851,0.5772569444444444,0.27980324074074076,0.024739583333333336,0.17057291666666669,0.10517939814814814,0.10503472222222222
520,898560,0.0954861111111111,0.10908564814814814,0.14684606481481483,0.06380208333333333,0.43721064814814814,0.7230902777777779,0.6708622685185185,0.4144965277777778,0.3188657407407407,0.6342592592592593,0.5808738425925926,0.2857349537037037,0.025173611111111112,0.1652199074074074,0.10691550925925926,0.10214120370370369
521,900288,0.09649884259259259,0.11429398148148148,0.15133101851851852,0.06640625,0.4837962962962963,0.6775173611111112,0.640625,0.4644097222222222,0.3460648148148148,0.5814525462962963,0.5354456018518519,0.32045717592592593,0.02242476851851852,0.16435185185185186,0.10069444444444445,0.09360532407407407
522,902016,0.09418402777777778,0.11313657407407408,0.15263310185185186,0.06004050925925926,0.4827835648148148,0.7235243055555556,0.6438078703703703,0.4150752314814815,0.35257523148148145,0.6212384259259259,0.5502025462962963,0.27705439814814814,0.022569444444444444,0.1644965277777778,0.10358796296296297,0.10026041666666667
523,903744,0.08940972222222222,0.09953703703703703,0.1423611111111111,0.05642361111111111,0.4586226851851852,0.70703125,0.6440972222222222,0.42375578703703703,0.3519965277777778,0.6312210648148149,0.5826099537037037,0.29571759259259256,0.02141203703703704,0.1545138888888889,0.09997106481481481,0.09288194444444445
524,905472,0.10040509259259259,0.11603009259259259,0.1467013888888889,0.060908564814814825,0.46672453703703703,0.7206307870370371,0.6378761574074074,0.4162326388888889,0.34910300925925924,0.6202256944444444,0.5502025462962963,0.2847222222222222,0.02560763888888889,0.1714409722222222,0.10489004629629631,0.09852430555555555
525,907200,0.1032986111111111,0.13151041666666669,0.15928819444444445,0.057436342592592594,0.4691840277777778,0.7359664351851851,0.6669560185185186,0.4127604166666667,0.32566550925925924,0.6018518518518519,0.5493344907407407,0.2651909722222222,0.018663194444444444,0.1730324074074074,0.09968171296296297,0.11342592592592593
526,908928,0.09519675925925926,0.13194444444444445,0.16348379629629628,0.059027777777777776,0.44010416666666663,0.7293113425925927,0.6753472222222222,0.4068287037037037,0.31524884259259256,0.6199363425925926,0.5711805555555556,0.2705439814814815,0.021412037037037035,0.17737268518518517,0.09881365740740741,0.1150173611111111
527,910656,0.0954861111111111,0.12225115740740741,0.1480034722222222,0.061776620370370364,0.4419849537037037,0.7152777777777777,0.6652199074074074,0.4199942129629629,0.3363715277777778,0.6223958333333333,0.572193287037037,0.2896412037037037,0.022424768518518517,0.16290509259259262,0.09852430555555555,0.1015625
528,912384,0.09534143518518517,0.10069444444444445,0.13440393518518517,0.05946180555555556,0.44024884259259256,0.7317708333333333,0.6532118055555556,0.39525462962962965,0.3420138888888889,0.6589988425925926,0.59375,0.27199074074074076,0.02097800925925926,0.15480324074074073,0.08854166666666667,0.10300925925925927
529,914112,0.10026041666666666,0.11617476851851852,0.14076967592592593,0.06076388888888889,0.47771990740740744,0.7190393518518519,0.6400462962962963,0.42433449074074076,0.35358796296296297,0.5999710648148148,0.5389178240740742,0.28718171296296297,0.022280092592592594,0.17028356481481483,0.09678819444444445,0.10749421296296297
530,915840,0.09837962962962964,0.1138599537037037,0.13990162037037038,0.06626157407407407,0.49479166666666663,0.7213541666666666,0.6329571759259259,0.41001157407407407,0.357494212962963,0.6082175925925926,0.5293692129629629,0.2734375,0.021122685185185185,0.17216435185185186,0.09823495370370369,0.11516203703703703
531,917568,0.09519675925925924,0.10358796296296297,0.13859953703703703,0.06886574074074074,0.4865451388888889,0.6953125,0.6195023148148148,0.435474537037037,0.3655960648148148,0.5998263888888888,0.5465856481481481,0.3080150462962963,0.021556712962962965,0.16507523148148148,0.09302662037037038,0.10243055555555557
532,919296,0.10127314814814814,0.12601273148148148,0.14612268518518517,0.06640625,0.4730902777777778,0.7306134259259259,0.6513310185185185,0.4089988425925926,0.3407118055555556,0.6064814814814814,0.5377604166666666,0.2676504629629629,0.021556712962962965,0.17274305555555555,0.09953703703703703,0.11385995370370369
533,921024,0.09085648148148148,0.10286458333333334,0.13831018518518517,0.06336805555555555,0.46339699074074076,0.6993634259259258,0.6401909722222222,0.4267939814814815,0.3467881944444444,0.6125578703703705,0.5703125,0.29962384259259256,0.023871527777777776,0.15813078703703703,0.09273726851851852,0.10850694444444445
534,922752,0.09837962962962964,0.13020833333333331,0.13917824074074076,0.06712962962962962,0.45037615740740744,0.7269965277777777,0.6624710648148149,0.4108796296296296,0.31958912037037035,0.6086516203703703,0.5648148148148149,0.27502893518518523,0.021556712962962965,0.17086226851851852,0.09693287037037038,0.1216724537037037
535,924480,0.08434606481481483,0.1021412037037037,0.12702546296296297,0.060619212962962965,0.44907407407407407,0.7199074074074074,0.6500289351851851,0.3995949074074074,0.35040509259259256,0.6471354166666667,0.5811631944444444,0.2860243055555556,0.023871527777777776,0.14655671296296297,0.09172453703703703,0.10387731481481481
536,926208,0.09780092592592593,0.12572337962962962,0.13932291666666666,0.0724826388888889,0.49291087962962965,0.7145543981481481,0.6299189814814815,0.4188368055555555,0.3546006944444444,0.5921585648148149,0.5128761574074074,0.27734375,0.028501157407407406,0.1779513888888889,0.10286458333333333,0.12254050925925924
537,927936,0.08825231481481483,0.1166087962962963,0.1328125,0.06785300925925926,0.4641203703703704,0.7365451388888888,0.6481481481481481,0.3823784722222222,0.33535879629629634,0.6315104166666666,0.5623553240740741,0.25506365740740744,0.028501157407407406,0.17954282407407407,0.10170717592592592,0.12210648148148148
538,929664,0.08579282407407407,0.11183449074074074,0.13859953703703703,0.07277199074074074,0.45833333333333337,0.7118055555555556,0.6474247685185185,0.4171006944444445,0.33564814814814814,0.6154513888888888,0.5651041666666667,0.28486689814814814,0.021412037037037035,0.16898148148148145,0.10286458333333334,0.11342592592592592
539,931392,0.0904224537037037,0.13194444444444445,0.14872685185185186,0.06626157407407407,0.4738136574074074,0.7149884259259259,0.6430844907407407,0.4097222222222222,0.34519675925925924,0.599537037037037,0.537181712962963,0.2730034722222222,0.026331018518518517,0.18677662037037038,0.09736689814814814,0.11950231481481483
540,933120,0.09331597222222224,0.12268518518518519,0.13599537037037038,0.06539351851851852,0.45572916666666663,0.7272858796296295,0.6556712962962963,0.3991608796296296,0.33622685185185186,0.6242766203703705,0.5633680555555556,0.27271412037037035,0.025752314814814815,0.1762152777777778,0.09780092592592593,0.11487268518518519
541,934848,0.08449074074074074,0.12109375,0.13816550925925924,0.06365740740740741,0.4461805555555556,0.7065972222222222,0.6565393518518519,0.4147858796296296,0.34780092592592593,0.6141493055555556,0.5656828703703705,0.29412615740740744,0.027777777777777776,0.1673900462962963,0.08680555555555555,0.1083622685185185
542,936576,0.09374999999999999,0.1361400462962963,0.14785879629629628,0.07378472222222222,0.462818287037037,0.7356770833333333,0.6614583333333333,0.3881655092592593,0.33101851851851855,0.6205150462962963,0.5517939814814814,0.25,0.027633101851851853,0.17679398148148145,0.09071180555555555,0.1300636574074074
543,938304,0.09476273148148148,0.13411458333333331,0.14785879629629628,0.08130787037037036,0.45818865740740744,0.7125289351851851,0.6555266203703703,0.41825810185185186,0.33738425925925924,0.5992476851851852,0.5386284722222222,0.2834201388888889,0.026765046296296297,0.1728877314814815,0.09620949074074074,0.1234085648148148
544,940032,0.08058449074074074,0.10561342592592593,0.13903356481481483,0.06799768518518517,0.42939814814814814,0.6883680555555556,0.6678240740740741,0.4273726851851852,0.34736689814814814,0.6111111111111112,0.5813078703703705,0.31322337962962965,0.0234375,0.15205439814814814,0.08752893518518519,0.11197916666666667
545,941760,0.09042245370370369,0.1076388888888889,0.14395254629629628,0.06539351851851852,0.4574652777777778,0.6916956018518519,0.640625,0.40827546296296297,0.35966435185185186,0.6170428240740742,0.5666956018518519,0.3057002314814815,0.02705439814814815,0.15610532407407407,0.08940972222222222,0.10850694444444445
546,943488,0.08535879629629631,0.109375,0.14076967592592593,0.06452546296296297,0.44473379629629634,0.7294560185185186,0.6610243055555556,0.37905092592592593,0.35127314814814814,0.6521990740740741,0.5798611111111112,0.2686631944444444,0.028501157407407406,0.15726273148148148,0.08362268518518517,0.10966435185185186
547,945216,0.10199652777777778,0.13411458333333331,0.1584201388888889,0.07508680555555555,0.5206886574074074,0.701099537037037,0.6331018518518519,0.43301504629629634,0.3609664351851851,0.5597511574074074,0.48813657407407407,0.2769097222222222,0.025318287037037035,0.18909143518518517,0.09881365740740741,0.12615740740740738
548,946944,0.09635416666666666,0.10489004629629631,0.1417824074074074,0.0736400462962963,0.4809027777777778,0.6924189814814815,0.6413483796296297,0.4171006944444444,0.35489004629629634,0.6138599537037037,0.5441261574074074,0.28718171296296297,0.02763310185185185,0.15639467592592593,0.08651620370370369,0.1115451388888889
549,948672,0.0915798611111111,0.11024305555555555,0.15248842592592593,0.07074652777777779,0.4552951388888889,0.7355324074074074,0.6597222222222222,0.38932291666666663,0.3404224537037037,0.6438078703703703,0.5662615740740741,0.26142939814814814,0.026331018518518517,0.1644965277777778,0.09085648148148148,0.11530671296296297
550,950400,0.10199652777777779,0.12355324074074073,0.14945023148148148,0.07609953703703705,0.46050347222222227,0.7340856481481481,0.6689814814814814,0.38845486111111105,0.32696759259259256,0.6352719907407407,0.5506365740740741,0.24667245370370372,0.031828703703703706,0.17737268518518517,0.0904224537037037,0.12297453703703703
551,952128,0.08752893518518517,0.09403935185185186,0.1440972222222222,0.07392939814814815,0.4386574074074074,0.6921296296296295,0.6558159722222222,0.4175347222222222,0.34968171296296297,0.6281828703703703,0.5842013888888888,0.31712962962962965,0.030381944444444444,0.15625,0.08116319444444445,0.09693287037037036
552,953856,0.0904224537037037,0.11400462962962964,0.15379050925925924,0.07667824074074074,0.45688657407407407,0.7206307870370371,0.665943287037037,0.40060763888888884,0.3328993055555556,0.6323784722222222,0.5651041666666667,0.2708333333333333,0.031684027777777776,0.1657986111111111,0.09476273148148148,0.1183449074074074
553,955584,0.09577546296296297,0.10011574074074073,0.13425925925925924,0.07306134259259259,0.4638310185185185,0.7186053240740742,0.6403356481481481,0.3858506944444445,0.35807291666666663,0.6626157407407408,0.5707465277777777,0.2734375,0.029658564814814815,0.14829282407407407,0.0865162037037037,0.10069444444444445
554,957312,0.09346064814814814,0.13223379629629628,0.15813078703703703,0.07436342592592593,0.4722222222222222,0.7465277777777779,0.6610243055555556,0.38599537037037035,0.33622685185185186,0.6423611111111112,0.5426793981481481,0.23726851851851852,0.02589699074074074,0.16377314814814814,0.09736689814814814,0.12094907407407408
555,959040,0.09968171296296297,0.13483796296296297,0.1736111111111111,0.08521412037037038,0.45167824074074076,0.7404513888888888,0.6828703703703703,0.39655671296296297,0.31958912037037035,0.6171875,0.5416666666666666,0.2488425925925926,0.029079861111111112,0.1796875,0.09881365740740741,0.12919560185185186
556,960768,0.08550347222222221,0.09765625,0.16160300925925924,0.08015046296296297,0.4066840277777778,0.7197627314814815,0.6876446759259259,0.39554398148148145,0.32204861111111116,0.666087962962963,0.6138599537037037,0.2860243055555556,0.02705439814814815,0.14814814814814817,0.0802951388888889,0.10951967592592593
557,962496,0.09837962962962964,0.12919560185185186,0.17375578703703703,0.08449074074074074,0.48191550925925924,0.6940104166666667,0.66015625,0.44892939814814814,0.3355034722222222,0.5638020833333333,0.5162037037037037,0.29050925925925924,0.02256944444444444,0.16652199074074076,0.08912037037037038,0.12384259259259259
558,964224,0.09259259259259259,0.1087962962962963,0.16160300925925924,0.08637152777777776,0.5111400462962963,0.7009548611111112,0.6329571759259258,0.40827546296296297,0.36168981481481477,0.6083622685185186,0.5176504629629629,0.25969328703703703,0.02662037037037037,0.16102430555555555,0.08521412037037038,0.12514467592592593
559,965952,0.09288194444444445,0.11241319444444445,0.1747685185185185,0.07711226851851852,0.4754050925925926,0.703125,0.666087962962963,0.4171006944444444,0.3350694444444444,0.6137152777777778,0.5360243055555556,0.26027199074074076,0.02531828703703704,0.16666666666666669,0.08984375,0.1267361111111111
560,967680,0.09259259259259259,0.1232638888888889,0.1644965277777778,0.08043981481481483,0.4703414351851852,0.6908275462962963,0.6468460648148148,0.4202835648148148,0.3544560185185185,0.5967881944444444,0.5377604166666666,0.29615162037037035,0.027199074074074073,0.1662326388888889,0.08275462962962962,0.11140046296296297
561,969408,0.09360532407407407,0.11125578703703703,0.1595775462962963,0.0685763888888889,0.4592013888888889,0.7214988425925926,0.6685474537037037,0.396556712962963,0.32826967592592593,0.6223958333333333,0.5520833333333334,0.26302083333333337,0.02647569444444444,0.15697337962962965,0.09027777777777778,0.1254340277777778
562,971136,0.09100115740740741,0.10431134259259259,0.15928819444444445,0.0697337962962963,0.4683159722222222,0.7097800925925927,0.6513310185185186,0.40248842592592593,0.3482349537037037,0.6184895833333334,0.5529513888888888,0.2767650462962963,0.030237268518518517,0.15625,0.0837673611111111,0.11545138888888888
563,972864,0.0881076388888889,0.10402199074074073,0.15943287037037035,0.07060185185185185,0.43952546296296297,0.7248263888888888,0.6809895833333333,0.39858217592592593,0.3250868055555556,0.6404803240740741,0.5794270833333333,0.25969328703703703,0.02879050925925926,0.15205439814814814,0.07508680555555555,0.11776620370370369
564,974592,0.08854166666666667,0.12268518518518517,0.16739004629629628,0.07204861111111112,0.4657118055555556,0.7146990740740741,0.66015625,0.4107349537037037,0.3363715277777778,0.6059027777777778,0.5368923611111112,0.26938657407407407,0.030815972222222224,0.1657986111111111,0.08752893518518517,0.1271701388888889
565,976320,0.07855902777777778,0.0998263888888889,0.16391782407407407,0.06929976851851852,0.4239004629629629,0.7177372685185186,0.6996527777777777,0.3914930555555556,0.31235532407407407,0.65234375,0.5953414351851851,0.2573784722222222,0.027054398148148147,0.15422453703703703,0.08275462962962962,0.1177662037037037
566,978048,0.07783564814814815,0.10431134259259259,0.15928819444444445,0.0697337962962963,0.4479166666666667,0.7297453703703705,0.6804108796296295,0.3780381944444444,0.33391203703703703,0.65234375,0.5802951388888888,0.25101273148148145,0.028501157407407406,0.1488715277777778,0.0763888888888889,0.11762152777777776
567,979776,0.08101851851851852,0.10792824074074074,0.15914351851851855,0.07074652777777778,0.451244212962963,0.7256944444444444,0.6893807870370371,0.4039351851851852,0.3142361111111111,0.6257233796296297,0.5659722222222222,0.2599826388888889,0.026909722222222224,0.15422453703703703,0.08087384259259259,0.12413194444444445
568,981504,0.08304398148148148,0.09013310185185186,0.15104166666666669,0.06915509259259259,0.4437210648148148,0.6898148148148149,0.6807002314814815,0.41825810185185186,0.32450810185185186,0.6302083333333334,0.5818865740740742,0.29615162037037035,0.03226273148148148,0.14424189814814814,0.07407407407407407,0.11009837962962962
569,983232,0.09071180555555555,0.12369791666666666,0.17042824074074076,0.07740162037037038,0.5075231481481481,0.6901041666666666,0.650462962962963,0.42447916666666663,0.3492476851851852,0.5685763888888888,0.5063657407407407,0.2861689814814815,0.026909722222222224,0.15740740740740738,0.07942708333333334,0.12181712962962962
570,984960,0.08723958333333333,0.10271990740740741,0.15422453703703703,0.0720486111111111,0.49320023148148145,0.6872106481481481,0.6378761574074074,0.4280960648148148,0.3695023148148148,0.603587962962963,0.5315393518518519,0.2991898148148148,0.02980324074074074,0.14453125,0.08000578703703703,0.10214120370370369
571,986688,0.08203125,0.09259259259259259,0.14771412037037035,0.06958912037037036,0.4596354166666667,0.7155671296296295,0.658130787037037,0.39207175925925924,0.3511284722222222,0.6572627314814815,0.568287037037037,0.26692708333333337,0.03385416666666667,0.13990162037037038,0.08174189814814814,0.10416666666666667
572,988416,0.08984375,0.11357060185185185,0.17245370370370372,0.0736400462962963,0.48423032407407407,0.7008101851851851,0.6530671296296295,0.42042824074074076,0.3548900462962963,0.5895543981481481,0.5256076388888888,0.2918113425925926,0.02879050925925926,0.1584201388888889,0.08434606481481481,0.10749421296296297
573,990144,0.08333333333333333,0.10054976851851852,0.16160300925925924,0.06843171296296297,0.4390914351851852,0.709056712962963,0.6831597222222223,0.4048032407407407,0.32450810185185186,0.6339699074074074,0.5818865740740742,0.2835648148148148,0.031828703703703706,0.14467592592592593,0.07957175925925926,0.10821759259259259
574,991872,0.0954861111111111,0.13252314814814814,0.18041087962962962,0.078125,0.4720775462962963,0.7219328703703703,0.6668113425925926,0.4006076388888889,0.3349247685185185,0.5982349537037037,0.5316840277777778,0.2660590277777778,0.03226273148148148,0.16767939814814814,0.0904224537037037,0.11704282407407407
575,993600,0.08868634259259259,0.10792824074074074,0.1623263888888889,0.07450810185185185,0.4578993055555556,0.7080439814814814,0.6672453703703705,0.40813078703703703,0.33275462962962965,0.6223958333333333,0.5538194444444444,0.27473958333333337,0.030381944444444444,0.1449652777777778,0.08376736111111112,0.11617476851851852
576,995328,0.09085648148148148,0.1121238425925926,0.15653935185185186,0.07060185185185186,0.4820601851851852,0.6967592592592593,0.6507523148148148,0.4146412037037037,0.3485243055555555,0.6082175925925926,0.5368923611111112,0.28009259259259256,0.03052662037037037,0.1568287037037037,0.08506944444444445,0.11603009259259259
577,997056,0.09056712962962962,0.10546875,0.15321180555555555,0.07537615740740741,0.4521122685185185,0.7100694444444444,0.6604456018518519,0.39322916666666663,0.33622685185185186,0.63671875,0.5697337962962963,0.2701099537037037,0.03530092592592593,0.1517650462962963,0.08116319444444443,0.1171875
578,998784,0.09071180555555555,0.10243055555555557,0.15494791666666669,0.0724826388888889,0.4642650462962963,0.6915509259259259,0.6566840277777777,0.42259837962962965,0.35083912037037035,0.6115451388888888,0.5523726851851851,0.2907986111111111,0.035445601851851846,0.14756944444444445,0.07609953703703703,0.10951967592592592
579,1000512,0.09534143518518517,0.1271701388888889,0.16304976851851852,0.07508680555555555,0.4868344907407407,0.6736111111111112,0.642361111111111,0.43923611111111116,0.36082175925925924,0.5688657407407407,0.5190972222222222,0.3114872685185185,0.03298611111111111,0.1618923611111111,0.08478009259259259,0.10633680555555555
580,1002240,0.09476273148148148,0.1177662037037037,0.15957754629629628,0.07725694444444445,0.47627314814814814,0.7084780092592593,0.6553819444444444,0.4136284722222222,0.33868634259259256,0.60546875,0.5376157407407407,0.2717013888888889,0.03125,0.1763599537037037,0.07855902777777778,0.11805555555555555
581,1003968,0.0970775462962963,0.11429398148148148,0.15784143518518517,0.07233796296296297,0.4716435185185185,0.7155671296296295,0.6614583333333333,0.40610532407407407,0.3381076388888889,0.6099537037037037,0.5457175925925927,0.2664930555555556,0.03110532407407407,0.16391782407407407,0.08159722222222221,0.11487268518518517
582,1005696,0.09215856481481481,0.10141782407407407,0.16087962962962965,0.06785300925925926,0.45717592592592593,0.7149884259259259,0.661892361111111,0.40465856481481477,0.3498263888888889,0.6358506944444444,0.5652488425925926,0.28009259259259256,0.02965856481481481,0.1574074074074074,0.07711226851851852,0.10445601851851852
583,1007424,0.10040509259259259,0.11646412037037038,0.14916087962962962,0.07653356481481481,0.5067997685185186,0.6542245370370371,0.6099537037037037,0.45500578703703703,0.3760127314814815,0.5701678240740741,0.5144675925925926,0.32233796296296297,0.03385416666666667,0.16796875,0.07682291666666666,0.10054976851851852
584,1009152,0.09302662037037038,0.10590277777777778,0.15856481481481483,0.07233796296296297,0.48017939814814814,0.7152777777777778,0.6413483796296297,0.3993055555555556,0.3608217592592593,0.6332465277777778,0.5451388888888888,0.26736111111111116,0.03153935185185185,0.16102430555555555,0.0792824074074074,0.10431134259259259
585,1010880,0.10358796296296295,0.12702546296296297,0.16464120370370372,0.0802951388888889,0.51953125,0.6993634259259259,0.6296296296296297,0.4223090277777778,0.3546006944444445,0.5873842592592593,0.5005787037037037,0.26548032407407407,0.03660300925925926,0.1701388888888889,0.07798032407407407,0.11848958333333334
586,1012608,0.09866898148148148,0.11009837962962962,0.1527777777777778,0.07436342592592593,0.4664351851851851,0.7204861111111112,0.64453125,0.38208912037037035,0.3506944444444444,0.6471354166666667,0.5577256944444444,0.2717013888888889,0.042534722222222224,0.1501736111111111,0.07523148148148148,0.10807291666666666
587,1014336,0.09085648148148148,0.09403935185185185,0.14467592592592593,0.07074652777777778,0.4850983796296296,0.6885127314814815,0.626736111111111,0.4134837962962963,0.37528935185185186,0.6317997685185185,0.5496238425925926,0.29817708333333337,0.03631365740740741,0.1417824074074074,0.06712962962962962,0.0959201388888889
588,1016064,0.08796296296296297,0.09780092592592593,0.1579861111111111,0.07277199074074074,0.4192708333333333,0.7005208333333334,0.6712962962962963,0.4156539351851852,0.3247974537037037,0.6414930555555556,0.6006944444444444,0.3103298611111111,0.034577546296296294,0.15321180555555555,0.06626157407407407,0.09982638888888888
589,1017792,0.09997106481481481,0.12962962962962962,0.1818576388888889,0.07523148148148148,0.44733796296296297,0.7533275462962963,0.6856192129629629,0.37702546296296297,0.3142361111111111,0.6393229166666667,0.5620659722222222,0.23061342592592593,0.037760416666666664,0.16030092592592593,0.07349537037037036,0.12731481481481483
590,1019520,0.09432870370370369,0.11805555555555555,0.16420717592592593,0.07407407407407407,0.5023148148148149,0.6837384259259259,0.6438078703703705,0.44661458333333337,0.3644386574074074,0.5866608796296297,0.5163483796296295,0.29875578703703703,0.03761574074074074,0.14293981481481483,0.07450810185185185,0.10344328703703703
591,1021248,0.09461805555555555,0.10561342592592593,0.1540798611111111,0.07725694444444443,0.44907407407407407,0.7246817129629629,0.6678240740740741,0.3875868055555556,0.3350694444444444,0.6527777777777778,0.5831886574074074,0.26316550925925924,0.04007523148148148,0.1412037037037037,0.06640625,0.10286458333333334
592,1022976,0.09577546296296295,0.1155960648148148,0.17650462962962965,0.07248263888888888,0.476417824074074,0.7223668981481481,0.6642071759259259,0.408275462962963,0.3467881944444444,0.6186342592592593,0.5418113425925926,0.26663773148148145,0.03153935185185185,0.14539930555555555,0.07609953703703703,0.10315393518518517
593,1024704,0.08897569444444443,0.11241319444444445,0.15393518518518517,0.07523148148148148,0.4835069444444445,0.7097800925925926,0.6540798611111112,0.4088541666666667,0.35228587962962965,0.6284722222222222,0.546875,0.26157407407407407,0.035590277777777776,0.13382523148148148,0.07566550925925926,0.10431134259259259
594,1026432,0.09259259259259259,0.11342592592592593,0.16116898148148148,0.07436342592592593,0.4379340277777778,0.703125,0.6789641203703703,0.4253472222222222,0.32146990740740744,0.6167534722222223,0.5753761574074074,0.27922453703703703,0.03660300925925926,0.15104166666666669,0.0753761574074074,0.11053240740740741
595,1028160,0.09664351851851852,0.11530671296296297,0.1652199074074074,0.07378472222222222,0.4552951388888889,0.71875,0.6734664351851851,0.40986689814814814,0.3324652777777778,0.619068287037037,0.5545428240740741,0.27126736111111116,0.03631365740740741,0.1527777777777778,0.08058449074074074,0.11270254629629631
596,1029888,0.09866898148148148,0.11357060185185185,0.15653935185185186,0.07696759259259259,0.4907407407407407,0.7025462962962963,0.6410590277777778,0.43171296296296297,0.3564814814814815,0.5986689814814815,0.5335648148148149,0.2835648148148148,0.033854166666666664,0.13990162037037038,0.07248263888888888,0.10431134259259259
597,1031616,0.09519675925925926,0.10445601851851852,0.15596064814814814,0.07146990740740741,0.4360532407407407,0.7131076388888888,0.6827256944444444,0.4124710648148148,0.3302951388888889,0.6329571759259259,0.5865162037037037,0.2821180555555555,0.03602430555555555,0.13035300925925924,0.0685763888888889,0.10344328703703703
598,1033344,0.09953703703703703,0.11197916666666667,0.15321180555555555,0.078125,0.4668692129629629,0.7097800925925926,0.65234375,0.42071759259259256,0.3441840277777778,0.6168981481481481,0.5543981481481481,0.27936921296296297,0.033998842592592594,0.13874421296296297,0.06929976851851852,0.1121238425925926
599,1035072,0.09765625,0.09924768518518517,0.1332465277777778,0.07349537037037038,0.4813368055555555,0.7080439814814815,0.6332465277777778,0.41565393518518523,0.3624131944444444,0.6338252314814815,0.5539641203703703,0.27271412037037035,0.03443287037037037,0.1339699074074074,0.06322337962962962,0.11255787037037036
600,1036800,0.09852430555555555,0.1177662037037037,0.16145833333333331,0.07291666666666666,0.48857060185185186,0.6911168981481481,0.6561053240740741,0.45138888888888884,0.35445601851851855,0.5889756944444444,0.5290798611111112,0.2790798611111111,0.03081597222222222,0.1328125,0.07002314814814814,0.10980902777777778
601,1038528,0.10127314814814814,0.11487268518518519,0.14597800925925924,0.0681423611111111,0.47815393518518523,0.6720196759259259,0.63671875,0.46195023148148145,0.35185185185185186,0.5818865740740742,0.5454282407407407,0.3185763888888889,0.02850115740740741,0.13729745370370372,0.061921296296296294,0.10604745370370369
602,1040256,0.09910300925925924,0.11400462962962962,0.16160300925925924,0.06843171296296297,0.4673032407407407,0.6957465277777778,0.6569733796296295,0.44212962962962965,0.3353587962962963,0.5966435185185185,0.5500578703703705,0.28313078703703703,0.02662037037037037,0.1388888888888889,0.06438078703703703,0.1111111111111111
603,1041984,0.09895833333333334,0.11603009259259259,0.15538194444444445,0.06698495370370369,0.45500578703703703,0.732494212962963,0.6715856481481481,0.4000289351851852,0.33318865740740744,0.6312210648148148,0.5690104166666666,0.25853587962962965,0.02879050925925926,0.13671875,0.06626157407407407,0.11082175925925926
604,1043712,0.09953703703703703,0.11212384259259259,0.15422453703703703,0.07624421296296297,0.4852430555555556,0.7249710648148148,0.6461226851851851,0.4068287037037037,0.34085648148148145,0.6216724537037037,0.5480324074074074,0.2478298611111111,0.03125,0.1401909722222222,0.06510416666666667,0.11501736111111112
605,1045440,0.09780092592592593,0.12919560185185186,0.1584201388888889,0.07306134259259259,0.4852430555555556,0.7120949074074073,0.654369212962963,0.4348958333333333,0.33579282407407407,0.5885416666666666,0.5338541666666666,0.2647569444444444,0.03255208333333333,0.1480034722222222,0.06886574074074074,0.11848958333333333
606,1047168,0.0837673611111111,0.1037326388888889,0.1480034722222222,0.06901041666666666,0.4429976851851852,0.6969039351851851,0.6624710648148149,0.43460648148148145,0.33232060185185186,0.6242766203703705,0.5870949074074074,0.2935474537037037,0.029947916666666664,0.12586805555555555,0.05772569444444445,0.1021412037037037
607,1048896,0.0954861111111111,0.10778356481481483,0.14482060185185186,0.07740162037037038,0.49782986111111105,0.6970486111111112,0.6221064814814814,0.42332175925925924,0.37630208333333337,0.6168981481481481,0.5355902777777778,0.2845775462962963,0.03385416666666667,0.1267361111111111,0.06597222222222222,0.09809027777777778
608,1050624,0.08478009259259259,0.10358796296296297,0.14988425925925924,0.06929976851851852,0.43504050925925924,0.7230902777777778,0.6808449074074074,0.4016203703703704,0.32392939814814814,0.6533564814814815,0.5928819444444444,0.2625868055555556,0.033998842592592594,0.12760416666666666,0.06626157407407407,0.11096643518518519
609,1052352,0.09346064814814814,0.1150173611111111,0.15364583333333334,0.07552083333333334,0.4994212962962963,0.6451099537037037,0.6346932870370371,0.4787326388888889,0.36212384259259256,0.55859375,0.5300925925925926,0.3237847222222222,0.027199074074074077,0.1316550925925926,0.0636574074074074,0.10112847222222221
610,1054080,0.08492476851851852,0.10257523148148148,0.14192708333333331,0.06756365740740741,0.42780671296296297,0.7268518518518519,0.6808449074074074,0.4007523148148148,0.31640625,0.6666666666666667,0.6056134259259259,0.25231481481481477,0.032986111111111105,0.12601273148148148,0.0681423611111111,0.10648148148148148
611,1055808,0.09910300925925926,0.1150173611111111,0.14366319444444445,0.07508680555555555,0.5163483796296297,0.6909722222222222,0.6294849537037037,0.4386574074074074,0.3540219907407407,0.5944733796296297,0.5159143518518519,0.2725694444444444,0.03269675925925926,0.13006365740740738,0.06206597222222223,0.11429398148148148
612,1057536,0.09780092592592592,0.11241319444444445,0.15321180555555555,0.07581018518518517,0.4683159722222222,0.6924189814814814,0.6594328703703703,0.42939814814814814,0.3289930555555555,0.6089409722222222,0.5626446759259259,0.27719907407407407,0.030671296296296297,0.13483796296296297,0.06568287037037036,0.1127025462962963
613,1059264,0.08579282407407408,0.1021412037037037,0.14829282407407407,0.07624421296296297,0.4525462962962963,0.7222222222222222,0.6572627314814815,0.3961226851851852,0.3314525462962963,0.6633391203703705,0.5905671296296295,0.2547743055555556,0.03139467592592592,0.12355324074074073,0.06293402777777778,0.10980902777777779
614,1060992,0.09375,0.10778356481481483,0.16030092592592593,0.07624421296296297,0.48828125,0.6888020833333334,0.6375868055555556,0.42939814814814814,0.3466435185185185,0.6072048611111112,0.5510706018518519,0.2847222222222222,0.03342013888888889,0.1316550925925926,0.0669849537037037,0.11357060185185186
615,1062720,0.08796296296296297,0.09505208333333334,0.14756944444444445,0.07118055555555555,0.5036168981481481,0.6867766203703703,0.6147280092592593,0.43287037037037035,0.36458333333333337,0.6142939814814815,0.5451388888888888,0.2905092592592593,0.029513888888888888,0.1254340277777778,0.07118055555555555,0.10271990740740741
616,1064448,0.08087384259259259,0.0993923611111111,0.15610532407407407,0.06322337962962962,0.4314236111111111,0.7138310185185185,0.6728877314814815,0.4124710648148148,0.31872106481481477,0.6390335648148148,0.5989583333333334,0.2796585648148148,0.029947916666666664,0.12282986111111113,0.06712962962962964,0.10691550925925927
617,1066176,0.0925925925925926,0.11168981481481481,0.16102430555555555,0.07349537037037036,0.47685185185185186,0.697193287037037,0.650462962962963,0.43330439814814814,0.33723958333333337,0.6066261574074074,0.5578703703703703,0.2779224537037037,0.029658564814814815,0.12991898148148148,0.06278935185185185,0.11009837962962964
618,1067904,0.10489004629629631,0.13020833333333331,0.16796875,0.07436342592592593,0.47337962962962965,0.7368344907407408,0.6702835648148149,0.40813078703703703,0.31843171296296297,0.6164641203703703,0.5473090277777778,0.22945601851851852,0.03298611111111111,0.13961226851851852,0.07537615740740741,0.12355324074074076
619,1069632,0.09273726851851852,0.10734953703703703,0.14872685185185186,0.06770833333333333,0.4790219907407407,0.7200520833333334,0.6388888888888888,0.39482060185185186,0.3446180555555556,0.6407696759259259,0.5711805555555556,0.25028935185185186,0.03284143518518518,0.1306423611111111,0.06322337962962962,0.11617476851851852
620,1071360,0.10474537037037036,0.11299189814814815,0.15219907407407407,0.07146990740740741,0.5118634259259258,0.689380787037037,0.6195023148148148,0.44675925925925924,0.35561342592592593,0.5818865740740741,0.5199652777777778,0.2796585648148148,0.032552083333333336,0.1372974537037037,0.06438078703703703,0.11646412037037036
621,1073088,0.09259259259259259,0.09519675925925927,0.14192708333333334,0.07262731481481481,0.4742476851851852,0.6860532407407407,0.6322337962962963,0.44256365740740744,0.34794560185185186,0.6060474537037037,0.5555555555555556,0.3052662037037037,0.033854166666666664,0.12731481481481483,0.061921296296296294,0.09953703703703705
622,1074816,0.11067708333333333,0.11443865740740741,0.15567129629629628,0.07899305555555555,0.509982638888889,0.7016782407407407,0.6203703703703703,0.4379340277777778,0.3521412037037037,0.5905671296296297,0.5186631944444444,0.2690972222222222,0.03428819444444444,0.1388888888888889,0.06944444444444445,0.11921296296296297
623,1076544,0.10271990740740741,0.11516203703703703,0.1535011574074074,0.07277199074074074,0.48090277777777773,0.7288773148148148,0.650462962962963,0.4006076388888889,0.3347800925925926,0.6242766203703703,0.5539641203703705,0.2526041666666667,0.031973379629629636,0.1284722222222222,0.060474537037037035,0.11313657407407407
624,1078272,0.11067708333333334,0.12601273148148148,0.16507523148148145,0.07392939814814814,0.4952256944444444,0.6931423611111112,0.6530671296296297,0.4471932870370371,0.32421875,0.5808738425925926,0.5289351851851851,0.2703993055555556,0.036313657407407406,0.13599537037037038,0.06481481481481481,0.12398726851851852
625,1080000,0.10590277777777778,0.12630208333333331,0.1668113425925926,0.07537615740740741,0.5021701388888888,0.7238136574074074,0.619212962962963,0.4036458333333333,0.34186921296296297,0.6179108796296297,0.5329861111111112,0.24146412037037035,0.04267939814814815,0.1472800925925926,0.07320601851851852,0.12557870370370372
626,1081728,0.0925925925925926,0.10908564814814814,0.15755208333333331,0.07508680555555555,0.4713541666666667,0.7073206018518519,0.6506076388888888,0.4241898148148148,0.3310185185185185,0.6206597222222222,0.5681423611111112,0.2743055555555555,0.032407407407407406,0.13049768518518517,0.06322337962962962,0.1109664351851852
627,1083456,0.09606481481481483,0.11979166666666667,0.16319444444444442,0.07277199074074074,0.46903935185185186,0.6924189814814814,0.6616030092592593,0.4380787037037037,0.3229166666666667,0.6012731481481481,0.5636574074074074,0.28356481481481477,0.033275462962962965,0.12528935185185186,0.06061921296296296,0.11313657407407407
628,1085184,0.08579282407407408,0.09230324074074074,0.14308449074074076,0.06915509259259259,0.4742476851851852,0.681568287037037,0.6319444444444444,0.4405381944444444,0.35011574074074076,0.6222511574074074,0.57421875,0.30208333333333337,0.03602430555555555,0.11328125,0.05078125,0.0992476851851852
629,1086912,0.09823495370370369,0.11747685185185186,0.15596064814814814,0.0681423611111111,0.5091145833333334,0.7052951388888888,0.6238425925925926,0.4396701388888889,0.35141782407407407,0.595630787037037,0.5280671296296297,0.2757523148148148,0.03587962962962963,0.13252314814814814,0.06568287037037038,0.11472800925925926
630,1088640,0.08043981481481481,0.10040509259259259,0.14655671296296297,0.07016782407407407,0.4720775462962963,0.6895254629629629,0.6432291666666667,0.4369212962962963,0.34649884259259256,0.627170138888889,0.5710358796296295,0.28616898148148145,0.034577546296296294,0.11979166666666666,0.05541087962962962,0.09866898148148148
631,1090368,0.0881076388888889,0.10460069444444445,0.1488715277777778,0.07016782407407407,0.44299768518518523,0.7181712962962963,0.6650752314814815,0.4173900462962963,0.3191550925925926,0.63671875,0.5860821759259259,0.2699652777777778,0.03530092592592592,0.12991898148148148,0.059751157407407406,0.10271990740740741
632,1092096,0.09215856481481483,0.10460069444444445,0.14713541666666666,0.06958912037037036,0.4774305555555556,0.7109375,0.6304976851851852,0.4150752314814815,0.3482349537037037,0.6391782407407407,0.5691550925925926,0.2664930555555556,0.03443287037037037,0.12760416666666666,0.06495949074074074,0.10633680555555555
633,1093824,0.09403935185185186,0.11053240740740741,0.15321180555555555,0.07161458333333333,0.4602141203703704,0.691550925925926,0.6526331018518519,0.44994212962962965,0.3259548611111111,0.6067708333333334,0.5720486111111112,0.2999131944444444,0.032407407407407406,0.13773148148148148,0.054253472222222224,0.10026041666666667
634,1095552,0.08984375,0.10677083333333333,0.1495949074074074,0.06727430555555555,0.4927662037037037,0.7177372685185185,0.621238425925926,0.4262152777777778,0.34375,0.6380208333333333,0.5542534722222222,0.2547743055555556,0.03689236111111111,0.13208912037037035,0.06264467592592593,0.11096643518518519
635,1097280,0.09230324074074074,0.11082175925925926,0.14453125,0.0681423611111111,0.4671585648148148,0.7107928240740741,0.6497395833333333,0.4237557870370371,0.3247974537037037,0.6251446759259259,0.5831886574074074,0.26750578703703703,0.032407407407407406,0.13671875,0.05613425925925926,0.10836226851851852
636,1099008,0.09259259259259259,0.10286458333333333,0.14597800925925924,0.06727430555555555,0.5318287037037037,0.6572627314814815,0.5912905092592593,0.4712094907407407,0.38295717592592593,0.5720486111111112,0.5105613425925926,0.3208912037037037,0.031684027777777776,0.12832754629629628,0.053964120370370364,0.09418402777777778
637,1100736,0.0920138888888889,0.11125578703703703,0.14742476851851852,0.0708912037037037,0.5173611111111112,0.6927083333333334,0.6134259259259259,0.44733796296296297,0.3546006944444444,0.58984375,0.5363136574074074,0.2789351851851852,0.03269675925925926,0.1388888888888889,0.051359953703703706,0.11038773148148148
638,1102464,0.08810763888888888,0.11675347222222221,0.14424189814814814,0.06611689814814815,0.4887152777777778,0.7165798611111112,0.630787037037037,0.4208622685185185,0.3404224537037037,0.6281828703703703,0.5611979166666667,0.25520833333333337,0.03544560185185185,0.14366319444444445,0.0546875,0.11255787037037038
639,1104192,0.0865162037037037,0.10590277777777776,0.14134837962962962,0.07060185185185185,0.4771412037037037,0.705150462962963,0.6326678240740741,0.4370659722222222,0.3382523148148148,0.6294849537037037,0.572193287037037,0.2747395833333333,0.034866898148148154,0.1361400462962963,0.057291666666666664,0.11009837962962962
640,1105920,0.08608217592592593,0.10792824074074074,0.13671875,0.06640625,0.4629629629629629,0.6885127314814814,0.6532118055555556,0.4463252314814815,0.3236400462962963,0.609519675925926,0.591869212962963,0.2990451388888889,0.03125,0.12123842592592593,0.04991319444444445,0.09751157407407407
641,1107648,0.08767361111111112,0.11038773148148148,0.13628472222222224,0.07306134259259259,0.5122974537037037,0.7005208333333333,0.6092303240740741,0.44024884259259256,0.36140046296296297,0.6098090277777778,0.5322627314814815,0.28544560185185186,0.02951388888888889,0.12919560185185186,0.045717592592592594,0.10836226851851852
642,1109376,0.08116319444444445,0.0915798611111111,0.12702546296296297,0.07219328703703703,0.47641782407407407,0.6714409722222222,0.6257233796296295,0.4631076388888889,0.34982638888888884,0.6031539351851852,0.5737847222222222,0.32537615740740744,0.032552083333333336,0.12369791666666667,0.04412615740740741,0.09837962962962962
643,1111104,0.08304398148148148,0.10344328703703703,0.14467592592592593,0.07161458333333334,0.5053530092592593,0.685474537037037,0.6209490740740741,0.4500868055555556,0.3583622685185185,0.6040219907407407,0.5418113425925926,0.2818287037037037,0.03125,0.13208912037037038,0.04962384259259259,0.10923032407407407
644,1112832,0.07581018518518519,0.09230324074074074,0.1328125,0.07335069444444445,0.4778645833333333,0.685619212962963,0.6319444444444444,0.44632523148148145,0.35329861111111116,0.6199363425925926,0.5723379629629629,0.30078125,0.02879050925925926,0.1166087962962963,0.04470486111111111,0.09866898148148148
645,1114560,0.08608217592592593,0.12210648148148148,0.1519097222222222,0.06901041666666666,0.49638310185185186,0.709056712962963,0.6461226851851851,0.4383680555555556,0.33217592592592593,0.5969328703703705,0.5334201388888888,0.2627314814814815,0.03197337962962963,0.14409722222222224,0.05237268518518519,0.12876157407407407
646,1116288,0.07392939814814815,0.09447337962962962,0.12876157407407407,0.07769097222222221,0.5021701388888888,0.6610243055555556,0.6050347222222222,0.4600694444444445,0.35575810185185186,0.6008391203703705,0.5506365740740741,0.3103298611111111,0.03660300925925926,0.12239583333333333,0.04166666666666667,0.11125578703703703
647,1118016,0.07928240740740741,0.11140046296296297,0.15321180555555555,0.06756365740740741,0.47656250000000006,0.6995081018518519,0.6472800925925926,0.44806134259259256,0.3307291666666667,0.6122685185185186,0.5635127314814814,0.2822627314814815,0.030671296296296294,0.13252314814814814,0.056568287037037035,0.11545138888888888
648,1119744,0.07913773148148148,0.09997106481481483,0.1378761574074074,0.07508680555555555,0.46079282407407407,0.7077546296296297,0.6550925925925926,0.42708333333333337,0.3363715277777778,0.6284722222222222,0.5807291666666666,0.2860243055555556,0.030960648148148147,0.11791087962962962,0.04962384259259259,0.10286458333333333
649,1121472,0.08043981481481483,0.1072048611111111,0.14684606481481483,0.07175925925925926,0.49479166666666663,0.697337962962963,0.6345486111111112,0.4421296296296296,0.3480902777777778,0.6053240740740742,0.5435474537037037,0.2795138888888889,0.03211805555555555,0.12485532407407407,0.04861111111111111,0.10879629629629628
650,1123200,0.07769097222222222,0.11414930555555555,0.15379050925925924,0.07653356481481481,0.4584780092592593,0.7199074074074074,0.6629050925925926,0.4325810185185185,0.31510416666666663,0.6095196759259259,0.564380787037037,0.26432291666666663,0.03284143518518519,0.13657407407407407,0.05005787037037037,0.12254050925925926
651,1124928,0.07971643518518519,0.10995370370370369,0.1519097222222222,0.07407407407407407,0.4878472222222222,0.689525462962963,0.6186342592592593,0.4500868055555555,0.3408564814814815,0.5950520833333334,0.54296875,0.29933449074074076,0.031828703703703706,0.13425925925925924,0.04456018518518518,0.11197916666666666
652,1126656,0.08405671296296297,0.13353587962962962,0.15697337962962962,0.0769675925925926,0.5182291666666666,0.701099537037037,0.6290509259259259,0.46021412037037035,0.3330439814814815,0.5679976851851851,0.51171875,0.26967592592592593,0.034577546296296294,0.1412037037037037,0.042245370370370364,0.1261574074074074
653,1128384,0.08072916666666667,0.10749421296296297,0.14438657407407407,0.07754629629629631,0.48900462962962965,0.6880787037037037,0.6157407407407407,0.4613715277777778,0.34346064814814814,0.5905671296296297,0.5403645833333333,0.30063657407407407,0.03660300925925926,0.1277488425925926,0.04369212962962963,0.1115451388888889
654,1130112,0.08391203703703703,0.12427662037037036,0.1636284722222222,0.07725694444444445,0.4476273148148148,0.7262731481481481,0.6643518518518519,0.42780671296296297,0.3012152777777778,0.6155960648148149,0.5679976851851852,0.26331018518518523,0.03501157407407407,0.14814814814814817,0.04701967592592593,0.1293402777777778
655,1131840,0.08318865740740741,0.09375,0.13932291666666669,0.07552083333333333,0.4758391203703704,0.654224537037037,0.6140046296296297,0.48017939814814814,0.3559027777777778,0.5842013888888888,0.5581597222222222,0.33839699074074076,0.03284143518518519,0.12702546296296297,0.03515625,0.09809027777777779
656,1133568,0.07740162037037038,0.10633680555555555,0.14612268518518517,0.07450810185185185,0.4334490740740741,0.7109375,0.6561053240740742,0.44024884259259256,0.31669560185185186,0.6171875,0.5849247685185185,0.29296875,0.03385416666666667,0.12818287037037038,0.039641203703703706,0.11009837962962962
657,1135296,0.07667824074074074,0.10214120370370369,0.14597800925925927,0.07349537037037038,0.45674189814814814,0.6958912037037037,0.6312210648148149,0.4379340277777778,0.3313078703703704,0.6127025462962963,0.5824652777777778,0.3042534722222222,0.03515625,0.13440393518518517,0.03674768518518519,0.11516203703703703
658,1137024,0.078125,0.1004050925925926,0.14539930555555555,0.07074652777777778,0.4497974537037037,0.7086226851851851,0.6495949074074074,0.43880208333333337,0.32349537037037035,0.619068287037037,0.5827546296296297,0.28920717592592593,0.03530092592592593,0.13816550925925924,0.041087962962962965,0.1060474537037037
659,1138752,0.08101851851851852,0.10054976851851852,0.15046296296296297,0.07248263888888888,0.47873263888888895,0.6822916666666666,0.6361400462962963,0.4576099537037037,0.32537615740740744,0.5860821759259259,0.5619212962962963,0.2919560185185185,0.027488425925925927,0.14091435185185186,0.03284143518518519,0.11979166666666667
660,1140480,0.08492476851851852,0.10127314814814814,0.14192708333333331,0.0736400462962963,0.4955150462962963,0.6860532407407408,0.611111111111111,0.4380787037037037,0.3443287037037037,0.607494212962963,0.5489004629629629,0.27994791666666663,0.03501157407407407,0.1378761574074074,0.036313657407407406,0.11762152777777776
661,1142208,0.07146990740740741,0.09129050925925926,0.14424189814814817,0.06438078703703703,0.44603587962962965,0.720775462962963,0.662181712962963,0.4153645833333333,0.3151041666666667,0.6493055555555556,0.6018518518518519,0.26880787037037035,0.030381944444444448,0.12456597222222222,0.034722222222222224,0.10677083333333333
662,1143936,0.0802951388888889,0.09635416666666667,0.14149305555555555,0.06944444444444445,0.4827835648148148,0.6770833333333334,0.6193576388888888,0.4539930555555556,0.3427372685185185,0.5963541666666667,0.5638020833333333,0.3091724537037037,0.033420138888888895,0.12528935185185186,0.03443287037037037,0.10532407407407408
663,1145664,0.08072916666666666,0.10083912037037036,0.15321180555555555,0.06626157407407407,0.4476273148148148,0.7138310185185185,0.6692708333333333,0.42766203703703703,0.3107638888888889,0.6171875,0.5894097222222221,0.2805266203703704,0.02806712962962963,0.12557870370370372,0.03269675925925926,0.10633680555555555
664,1147392,0.0798611111111111,0.09924768518518517,0.16247106481481483,0.06843171296296297,0.44907407407407407,0.6977719907407407,0.6644965277777777,0.45876736111111116,0.31090856481481477,0.5886863425925926,0.5844907407407407,0.29484953703703703,0.026909722222222224,0.12818287037037038,0.03023726851851852,0.10980902777777778
665,1149120,0.08333333333333333,0.10300925925925926,0.16145833333333331,0.0720486111111111,0.4600694444444444,0.7151331018518519,0.6549479166666667,0.4262152777777778,0.31221064814814814,0.6164641203703705,0.5818865740740742,0.2660590277777778,0.03052662037037037,0.1322337962962963,0.032986111111111105,0.1189236111111111
666,1150848,0.08796296296296297,0.12239583333333333,0.1584201388888889,0.07349537037037038,0.4809027777777778,0.7458043981481481,0.640625,0.39771412037037035,0.32306134259259256,0.619068287037037,0.5583043981481481,0.23813657407407407,0.033854166666666664,0.13961226851851855,0.040943287037037035,0.1193576388888889
667,1152576,0.08362268518518519,0.08998842592592593,0.13570601851851852,0.07624421296296297,0.4816261574074074,0.6814236111111112,0.6222511574074074,0.44545717592592593,0.3525752314814815,0.6005497685185185,0.5707465277777778,0.3046875,0.03284143518518519,0.10850694444444445,0.03153935185185185,0.09910300925925924
668,1154304,0.08535879629629631,0.10966435185185185,0.1550925925925926,0.07798032407407407,0.4538483796296296,0.7183159722222222,0.650462962962963,0.421875,0.31221064814814814,0.6140046296296297,0.5782696759259259,0.26417824074074076,0.037037037037037035,0.12861689814814814,0.033130787037037035,0.1277488425925926
669,1156032,0.07942708333333333,0.10228587962962964,0.1500289351851852,0.07841435185185186,0.4435763888888889,0.7446469907407407,0.6514756944444444,0.39597800925925924,0.3197337962962963,0.6328125,0.5797164351851851,0.26142939814814814,0.03052662037037037,0.12311921296296297,0.040943287037037035,0.11111111111111112
670,1157760,0.08101851851851852,0.10445601851851852,0.15234375,0.08275462962962962,0.4930555555555556,0.6951678240740741,0.632667824074074,0.4496527777777778,0.3454861111111111,0.5831886574074074,0.5355902777777778,0.28703703703703703,0.025607638888888888,0.11906828703703703,0.035734953703703706,0.11082175925925926
671,1159488,0.07971643518518517,0.10083912037037038,0.16015625,0.07711226851851852,0.4887152777777778,0.7034143518518519,0.6179108796296297,0.42853009259259256,0.3511284722222222,0.5930266203703703,0.5392071759259258,0.28096064814814814,0.02560763888888889,0.12745949074074076,0.04195601851851852,0.11863425925925927
672,1161216,0.07378472222222222,0.10271990740740741,0.1519097222222222,0.07971643518518517,0.4401041666666667,0.7136863425925926,0.6644965277777777,0.4263599537037037,0.3064236111111111,0.60546875,0.5833333333333333,0.27199074074074076,0.023871527777777776,0.12123842592592593,0.03645833333333333,0.12485532407407407
673,1162944,0.08362268518518517,0.09765625,0.14583333333333331,0.08463541666666667,0.46875,0.7041377314814815,0.6338252314814814,0.4214409722222222,0.3300057870370371,0.6002604166666666,0.5635127314814814,0.28616898148148145,0.029224537037037035,0.12152777777777779,0.03674768518518518,0.12239583333333333
674,1164672,0.07378472222222222,0.09273726851851852,0.1384548611111111,0.08058449074074076,0.4327256944444444,0.7067418981481481,0.6539351851851851,0.4185474537037037,0.32002314814814814,0.6197916666666667,0.5912905092592593,0.2880497685185185,0.02879050925925926,0.11660879629629631,0.034722222222222224,0.11284722222222221
675,1166400,0.06987847222222222,0.10344328703703703,0.1519097222222222,0.08217592592592593,0.44212962962962965,0.7307581018518519,0.6559606481481481,0.40639467592592593,0.31278935185185186,0.6245659722222222,0.5752314814814815,0.2573784722222222,0.026909722222222224,0.12557870370370372,0.038773148148148154,0.12731481481481483
676,1168128,0.08043981481481483,0.10460069444444445,0.1540798611111111,0.08695023148148148,0.44632523148148145,0.7149884259259259,0.6455439814814815,0.41247106481481477,0.32219328703703703,0.6073495370370371,0.5836226851851851,0.2767650462962963,0.02777777777777778,0.12282986111111112,0.03877314814814815,0.11458333333333333
677,1169856,0.07494212962962962,0.1032986111111111,0.15422453703703703,0.08969907407407407,0.47120949074074076,0.6935763888888888,0.6222511574074074,0.4396701388888889,0.3392650462962963,0.5792824074074074,0.5545428240740741,0.29166666666666663,0.02705439814814815,0.12861689814814814,0.03993055555555555,0.11747685185185186
678,1171584,0.0759548611111111,0.10228587962962964,0.16044560185185186,0.08217592592592593,0.47149884259259256,0.69140625,0.6315104166666666,0.44545717592592593,0.3285590277777778,0.5797164351851851,0.5529513888888888,0.2954282407407407,0.027488425925925927,0.12355324074074073,0.037905092592592594,0.12167245370370369
679,1173312,0.08362268518518519,0.10546875,0.1675347222222222,0.08217592592592593,0.4720775462962963,0.7288773148148148,0.6341145833333334,0.39655671296296297,0.3271122685185185,0.6167534722222222,0.5609085648148148,0.24985532407407407,0.023582175925925927,0.12977430555555555,0.04210069444444444,0.1294849537037037
680,1175040,0.09360532407407408,0.1189236111111111,0.1634837962962963,0.08593749999999999,0.48755787037037035,0.7058738425925926,0.6187789351851852,0.4266493055555555,0.3443287037037037,0.5892650462962963,0.5358796296296297,0.26808449074074076,0.02734375,0.12485532407407407,0.042390046296296294,0.11979166666666666
681,1176768,0.07537615740740741,0.09722222222222222,0.15234375,0.08998842592592592,0.4827835648148148,0.6919849537037037,0.6216724537037037,0.4351851851851852,0.3382523148148148,0.5896990740740741,0.548900462962963,0.28255208333333337,0.02488425925925926,0.12123842592592593,0.037181712962962965,0.11574074074074074
682,1178496,0.08622685185185186,0.09519675925925926,0.15147569444444445,0.08289930555555555,0.45674189814814814,0.708912037037037,0.6316550925925926,0.41218171296296297,0.3307291666666667,0.6025752314814814,0.5746527777777779,0.28370949074074076,0.027777777777777776,0.12601273148148148,0.03761574074074074,0.11067708333333333
683,1180224,0.08145254629629631,0.09823495370370369,0.1574074074074074,0.08246527777777776,0.4639756944444445,0.6929976851851851,0.6180555555555556,0.43041087962962965,0.3342013888888889,0.6006944444444444,0.5685763888888888,0.2863136574074074,0.026041666666666664,0.1328125,0.04065393518518518,0.12282986111111112
684,1181952,0.08781828703703703,0.10271990740740741,0.16102430555555555,0.07826967592592593,0.4469039351851852,0.7456597222222223,0.6511863425925926,0.39322916666666663,0.31438078703703703,0.6257233796296295,0.5818865740740741,0.24377893518518517,0.02560763888888889,0.13093171296296297,0.03993055555555555,0.12138310185185185
685,1183680,0.07913773148148148,0.09447337962962962,0.16377314814814814,0.07653356481481483,0.44892939814814814,0.6995081018518519,0.6493055555555556,0.4359085648148148,0.3130787037037037,0.6098090277777777,0.58984375,0.27879050925925924,0.02199074074074074,0.12152777777777778,0.031828703703703706,0.11617476851851852
686,1185408,0.08810763888888888,0.10489004629629631,0.1613136574074074,0.08159722222222222,0.47627314814814814,0.7078993055555556,0.6199363425925926,0.4139178240740741,0.3383969907407407,0.6100983796296297,0.5630787037037037,0.2586805555555555,0.02589699074074074,0.1228298611111111,0.03428819444444445,0.12355324074074074
687,1187136,0.0892650462962963,0.10561342592592593,0.16276041666666666,0.08232060185185186,0.4794560185185185,0.7028356481481481,0.6303530092592593,0.4273726851851852,0.3331886574074074,0.5951967592592593,0.5529513888888888,0.26548032407407407,0.02546296296296296,0.13165509259259262,0.035590277777777776,0.12297453703703703
688,1188864,0.08695023148148148,0.09852430555555555,0.15972222222222224,0.07928240740740741,0.49175347222222227,0.67578125,0.620949074074074,0.45949074074074076,0.3443287037037037,0.5656828703703705,0.5397858796296295,0.3029513888888889,0.025028935185185185,0.12239583333333334,0.03515625,0.11284722222222222
689,1190592,0.09157986111111112,0.10865162037037036,0.16652199074074076,0.07306134259259259,0.46903935185185186,0.7443576388888888,0.6296296296296295,0.4003182870370371,0.32841435185185186,0.6242766203703703,0.5619212962962963,0.2437789351851852,0.028645833333333336,0.1362847222222222,0.041087962962962965,0.12051504629629631
690,1192320,0.0881076388888889,0.10778356481481483,0.16218171296296297,0.07769097222222222,0.4691840277777778,0.7209201388888888,0.6359953703703703,0.4262152777777778,0.3232060185185185,0.5972222222222222,0.5570023148148148,0.25983796296296297,0.028211805555555552,0.13802083333333334,0.035734953703703706,0.12745949074074073
691,1194048,0.08058449074074074,0.08796296296296297,0.14380787037037035,0.07711226851851852,0.4994212962962963,0.6763599537037037,0.5896990740740741,0.4521122685185185,0.3683449074074074,0.5872395833333333,0.5400752314814815,0.30179398148148145,0.026475694444444444,0.11950231481481483,0.03443287037037037,0.11328125
692,1195776,0.08232060185185186,0.09143518518518519,0.15219907407407407,0.0720486111111111,0.4522569444444444,0.7196180555555556,0.642505787037037,0.4185474537037037,0.32349537037037035,0.625,0.5844907407407407,0.2625868055555556,0.026765046296296297,0.12022569444444445,0.031828703703703706,0.11617476851851852
693,1197504,0.08723958333333334,0.10677083333333333,0.16261574074074076,0.07407407407407407,0.47945601851851855,0.71875,0.6493055555555556,0.43388310185185186,0.32552083333333337,0.5885416666666667,0.5447048611111112,0.2608506944444445,0.024305555555555556,0.13917824074074073,0.031105324074074073,0.125
694,1199232,0.07609953703703703,0.09129050925925926,0.15465856481481483,0.0703125,0.4564525462962963,0.7256944444444444,0.6503182870370371,0.41970486111111116,0.3275462962962963,0.6150173611111112,0.5778356481481481,0.2743055555555556,0.023871527777777776,0.12268518518518519,0.034722222222222224,0.11516203703703703
695,1200960,0.08275462962962962,0.0954861111111111,0.14207175925925924,0.07291666666666667,0.46875,0.6935763888888888,0.6216724537037037,0.4428530092592593,0.33318865740740744,0.5915798611111112,0.5684317129629629,0.2884837962962963,0.025607638888888888,0.12745949074074076,0.03226273148148148,0.12442129629629631
696,1202688,0.08188657407407407,0.09765625,0.15379050925925924,0.07074652777777778,0.4921875,0.6919849537037037,0.6235532407407407,0.4589120370370371,0.3519965277777778,0.5638020833333334,0.5267650462962963,0.30005787037037035,0.023292824074074077,0.1349826388888889,0.035734953703703706,0.11559606481481483
697,1204416,0.07581018518518519,0.08723958333333334,0.14858217592592593,0.07045717592592593,0.46122685185185186,0.6971932870370371,0.6312210648148149,0.43778935185185186,0.33405671296296297,0.5998263888888888,0.5703125,0.2944155092592593,0.023726851851851853,0.12572337962962962,0.029079861111111112,0.11588541666666667
698,1206144,0.08738425925925927,0.10243055555555555,0.14930555555555555,0.08174189814814814,0.5313946759259258,0.6889467592592593,0.5970775462962963,0.4450231481481482,0.3589409722222222,0.5639467592592593,0.5104166666666666,0.27358217592592593,0.026765046296296294,0.13831018518518517,0.03356481481481481,0.12745949074074073
699,1207872,0.08174189814814814,0.0970775462962963,0.1384548611111111,0.0708912037037037,0.43764467592592593,0.7178819444444444,0.6610243055555556,0.42216435185185186,0.3077256944444444,0.6085069444444444,0.5891203703703703,0.2799479166666667,0.02806712962962963,0.12919560185185186,0.03153935185185185,0.11805555555555555
700,1209600,0.07798032407407407,0.09722222222222222,0.14684606481481483,0.07421875,0.4861111111111111,0.7047164351851851,0.6422164351851851,0.43995949074074076,0.3337673611111111,0.5869502314814815,0.5442708333333334,0.27372685185185186,0.023582175925925927,0.13252314814814814,0.027633101851851853,0.12109375
701,1211328,0.07957175925925926,0.09302662037037038,0.14916087962962962,0.07682291666666666,0.4670138888888889,0.6725983796296297,0.6361400462962963,0.46354166666666663,0.3302951388888889,0.5571469907407407,0.5542534722222222,0.31785300925925924,0.02416087962962963,0.1310763888888889,0.02734375,0.11950231481481481
702,1213056,0.08043981481481483,0.09418402777777778,0.15899884259259262,0.06944444444444445,0.45341435185185186,0.7220775462962963,0.6630497685185186,0.42259837962962965,0.30859375,0.5938946759259259,0.5726273148148148,0.26924189814814814,0.022280092592592594,0.14163773148148148,0.030092592592592594,0.1238425925925926
703,1214784,0.08318865740740741,0.09317129629629631,0.1332465277777778,0.07523148148148148,0.4521122685185185,0.709201388888889,0.6364293981481481,0.42158564814814814,0.3330439814814815,0.6129918981481481,0.5737847222222223,0.2800925925925926,0.025752314814814815,0.12355324074074073,0.03125,0.11704282407407407
704,1216512,0.08506944444444445,0.09881365740740741,0.15248842592592593,0.07074652777777779,0.48842592592592593,0.720630787037037,0.6344039351851851,0.40914351851851855,0.3342013888888889,0.5924479166666667,0.5444155092592593,0.26374421296296297,0.02329282407407407,0.13339120370370372,0.033130787037037035,0.12760416666666669
705,1218240,0.07798032407407407,0.08810763888888888,0.1467013888888889,0.06828703703703703,0.46064814814814814,0.7006655092592593,0.642650462962963,0.42867476851851855,0.3291377314814815,0.6082175925925926,0.5704571759259259,0.27748842592592593,0.022280092592592594,0.12384259259259259,0.029224537037037035,0.12094907407407407
706,1219968,0.0808738425925926,0.08637152777777778,0.1439525462962963,0.07552083333333334,0.5202546296296297,0.6793981481481481,0.5894097222222223,0.44140625,0.3734085648148148,0.5821759259259259,0.5271990740740741,0.2918113425925926,0.02416087962962963,0.12586805555555558,0.029658564814814815,0.11357060185185186
707,1221696,0.08506944444444445,0.09968171296296297,0.14756944444444445,0.06929976851851852,0.5115740740740741,0.6935763888888888,0.6129918981481481,0.4322916666666667,0.35532407407407407,0.5749421296296297,0.5313946759259258,0.2751736111111111,0.023292824074074073,0.12789351851851852,0.029079861111111112,0.1255787037037037
708,1223424,0.07291666666666667,0.09027777777777778,0.15364583333333331,0.06655092592592593,0.46166087962962965,0.7025462962962963,0.6461226851851851,0.4291087962962963,0.3271122685185185,0.5989583333333333,0.5747974537037037,0.28009259259259256,0.019965277777777776,0.1283275462962963,0.031539351851851846,0.11863425925925926
709,1225152,0.07566550925925926,0.08854166666666667,0.15147569444444445,0.07146990740740741,0.45674189814814814,0.6945891203703703,0.6432291666666666,0.4422743055555555,0.3232060185185185,0.5925925925925926,0.5747974537037037,0.28877314814814814,0.02155671296296296,0.1261574074074074,0.027199074074074073,0.12413194444444445
710,1226880,0.08174189814814814,0.09129050925925926,0.1423611111111111,0.07711226851851852,0.43547453703703703,0.7025462962962963,0.6594328703703703,0.4357638888888889,0.3110532407407407,0.5941840277777778,0.5914351851851851,0.2873263888888889,0.024594907407407406,0.12803819444444442,0.02705439814814815,0.12181712962962962
711,1228608,0.08608217592592593,0.1025752314814815,0.15379050925925924,0.07508680555555555,0.4748263888888889,0.6905381944444444,0.6260127314814814,0.43778935185185186,0.3287037037037037,0.5690104166666666,0.5520833333333334,0.2855902777777778,0.026765046296296294,0.13874421296296297,0.029947916666666664,0.12861689814814814
712,1230336,0.08449074074074073,0.09375,0.14916087962962962,0.07320601851851852,0.45240162037037035,0.6850405092592593,0.6414930555555556,0.4431423611111111,0.3359375,0.5831886574074074,0.5704571759259259,0.3068576388888889,0.022280092592592594,0.12876157407407407,0.035734953703703706,0.11255787037037038
713,1232064,0.07884837962962962,0.08998842592592593,0.14742476851851852,0.07421875,0.4671585648148148,0.6938657407407407,0.6344039351851851,0.4380787037037037,0.33521412037037035,0.5954861111111112,0.5688657407407407,0.2855902777777778,0.020688657407407406,0.12789351851851852,0.030092592592592594,0.1193576388888889
714,1233792,0.0859375,0.10821759259259259,0.15133101851851852,0.07378472222222222,0.4508101851851852,0.7228009259259258,0.646412037037037,0.41087962962962965,0.3194444444444444,0.6015625,0.5720486111111112,0.25318287037037035,0.021556712962962965,0.12803819444444445,0.028935185185185185,0.1328125
715,1235520,0.08666087962962962,0.10865162037037038,0.16145833333333331,0.07971643518518519,0.47395833333333337,0.6838831018518519,0.6281828703703705,0.45775462962962965,0.3333333333333333,0.5493344907407407,0.5357349537037037,0.2939814814814815,0.019965277777777776,0.14641203703703703,0.033275462962962965,0.12919560185185186
716,1237248,0.07899305555555555,0.10127314814814814,0.1410590277777778,0.07349537037037038,0.4524016203703704,0.7087673611111112,0.6517650462962963,0.42042824074074076,0.3302951388888889,0.5982349537037037,0.5648148148148148,0.2718460648148148,0.021267361111111112,0.12731481481481483,0.03342013888888889,0.1205150462962963
717,1238976,0.08072916666666666,0.09780092592592593,0.1451099537037037,0.07306134259259259,0.42997685185185186,0.6924189814814814,0.6495949074074074,0.43489583333333337,0.3136574074074074,0.591724537037037,0.5895543981481481,0.2884837962962963,0.02271412037037037,0.12528935185185186,0.030381944444444444,0.12152777777777778
718,1240704,0.08825231481481481,0.10749421296296297,0.15176504629629628,0.07740162037037038,0.4691840277777778,0.7083333333333334,0.6267361111111112,0.419994212962963,0.3314525462962963,0.5912905092592593,0.5500578703703703,0.26244212962962965,0.025028935185185182,0.13975694444444442,0.034722222222222224,0.13773148148148148
719,1242432,0.08217592592592593,0.09447337962962962,0.13831018518518517,0.07233796296296297,0.46498842592592593,0.6902488425925927,0.630787037037037,0.43619791666666663,0.3407118055555556,0.5827546296296297,0.5704571759259259,0.28833912037037035,0.020399305555555556,0.11979166666666669,0.03211805555555555,0.1121238425925926
720,1244160,0.08940972222222222,0.10271990740740741,0.1462673611111111,0.07783564814814815,0.4574652777777778,0.7026909722222222,0.6362847222222222,0.4249131944444444,0.3266782407407407,0.6038773148148149,0.5619212962962963,0.2573784722222222,0.02271412037037037,0.1316550925925926,0.03125,0.13527199074074073
721,1245888,0.08579282407407407,0.09693287037037038,0.14250578703703703,0.07349537037037036,0.45529513888888884,0.6957465277777777,0.6323784722222222,0.4305555555555556,0.3402777777777778,0.5920138888888888,0.5685763888888888,0.29369212962962965,0.023148148148148147,0.12297453703703703,0.030237268518518517,0.1177662037037037
722,1247616,0.08289930555555555,0.09852430555555555,0.14207175925925924,0.07233796296296297,0.4548611111111111,0.6754918981481481,0.6287615740740741,0.4526909722222222,0.33781828703703703,0.5775462962962963,0.568287037037037,0.31148726851851855,0.0234375,0.12659143518518517,0.02907986111111111,0.1205150462962963
723,1249344,0.08955439814814815,0.10517939814814814,0.13932291666666666,0.07523148148148148,0.46035879629629634,0.7061631944444444,0.6286168981481481,0.42173032407407407,0.32682291666666663,0.5980902777777778,0.5656828703703703,0.26186342592592593,0.026475694444444448,0.1339699074074074,0.02980324074074074,0.13831018518518517
724,1251072,0.09186921296296297,0.11429398148148148,0.15682870370370372,0.08058449074074074,0.4424189814814815,0.7241030092592593,0.6423611111111112,0.39829282407407407,0.3135127314814815,0.6187789351851851,0.5834780092592593,0.2416087962962963,0.030671296296296294,0.14207175925925924,0.03501157407407407,0.13469328703703703
725,1252800,0.0859375,0.1027199074074074,0.14250578703703703,0.08347800925925927,0.4877025462962963,0.6935763888888888,0.5924479166666667,0.42404513888888884,0.35257523148148145,0.59765625,0.5464409722222222,0.2703993055555555,0.03255208333333333,0.12731481481481483,0.0306712962962963,0.13208912037037038
726,1254528,0.0881076388888889,0.10141782407407407,0.13961226851851852,0.08868634259259259,0.4811921296296296,0.6861979166666666,0.6206597222222222,0.42997685185185186,0.34114583333333337,0.5827546296296297,0.5536747685185185,0.27517361111111105,0.02589699074074074,0.11487268518518517,0.03096064814814815,0.12572337962962962
727,1256256,0.08969907407407407,0.11270254629629631,0.14308449074074073,0.08752893518518519,0.43764467592592593,0.703125,0.6423611111111112,0.4249131944444444,0.31119791666666663,0.5896990740740741,0.5866608796296295,0.2763310185185185,0.030960648148148147,0.13642939814814814,0.03125,0.13700810185185186
728,1257984,0.08232060185185186,0.10749421296296295,0.14033564814814814,0.08043981481481483,0.4366319444444445,0.7427662037037037,0.646556712962963,0.3819444444444444,0.31524884259259256,0.6427951388888888,0.5908564814814814,0.23567708333333334,0.030381944444444444,0.12644675925925927,0.033420138888888895,0.1332465277777778
729,1259712,0.09288194444444445,0.10850694444444445,0.14163773148148148,0.0837673611111111,0.46643518518518523,0.6999421296296295,0.6341145833333333,0.4253472222222222,0.32016782407407407,0.5771122685185185,0.5638020833333334,0.27372685185185186,0.025752314814814815,0.12962962962962962,0.027199074074074077,0.13179976851851852
730,1261440,0.09461805555555555,0.10951967592592593,0.1433738425925926,0.08478009259259259,0.42650462962962965,0.73046875,0.6668113425925926,0.3910590277777778,0.2881944444444444,0.6100983796296297,0.5902777777777778,0.23813657407407407,0.028645833333333336,0.13136574074074076,0.03342013888888889,0.1506076388888889
731,1263168,0.09447337962962962,0.09895833333333333,0.1433738425925926,0.07928240740740741,0.45905671296296297,0.7045717592592593,0.6412037037037037,0.4150752314814815,0.32436342592592593,0.6012731481481481,0.5763888888888888,0.26765046296296297,0.027777777777777776,0.12340856481481481,0.02951388888888889,0.12659143518518517
732,1264896,0.09129050925925926,0.12268518518518517,0.15755208333333334,0.07957175925925926,0.46903935185185186,0.716724537037037,0.644386574074074,0.41941550925925924,0.3255208333333333,0.5765335648148149,0.552662037037037,0.26678240740740744,0.027633101851851853,0.12442129629629628,0.03370949074074074,0.1306423611111111
733,1266624,0.08680555555555555,0.10344328703703703,0.14612268518518517,0.08955439814814814,0.44328703703703703,0.6912615740740741,0.6439525462962963,0.4234664351851852,0.31655092592592593,0.5847800925925926,0.5756655092592593,0.2806712962962963,0.025318287037037035,0.12037037037037038,0.02980324074074074,0.13194444444444445
734,1268352,0.08969907407407407,0.11241319444444445,0.16059027777777776,0.0787037037037037,0.44603587962962965,0.732494212962963,0.6597222222222222,0.4019097222222222,0.30005787037037035,0.6082175925925926,0.5737847222222222,0.24059606481481483,0.028501157407407406,0.12789351851851852,0.03197337962962963,0.13773148148148148
735,1270080,0.09273726851851852,0.1072048611111111,0.14395254629629628,0.08695023148148148,0.48234953703703703,0.6995081018518519,0.6157407407407407,0.41565393518518523,0.3352141203703704,0.5870949074074074,0.5564236111111112,0.27155671296296297,0.026765046296296297,0.11950231481481483,0.03530092592592593,0.1316550925925926
736,1271808,0.08940972222222222,0.0814525462962963,0.13903356481481483,0.0837673611111111,0.43735532407407407,0.6773726851851851,0.6412037037037037,0.44010416666666663,0.33232060185185186,0.6032986111111112,0.5962094907407407,0.30787037037037035,0.023003472222222224,0.10431134259259259,0.03255208333333333,0.1105324074074074
737,1273536,0.0998263888888889,0.10474537037037036,0.15436921296296297,0.08043981481481483,0.4670138888888889,0.6853298611111112,0.6221064814814814,0.4308449074074074,0.33333333333333337,0.5815972222222223,0.5548321759259259,0.28052662037037035,0.02589699074074074,0.13020833333333334,0.03269675925925926,0.13151041666666669
738,1275264,0.09288194444444445,0.10315393518518519,0.1488715277777778,0.08246527777777778,0.45341435185185186,0.6905381944444444,0.6341145833333333,0.44328703703703703,0.32132523148148145,0.5733506944444444,0.5596064814814815,0.29296875,0.028935185185185185,0.12210648148148148,0.034722222222222224,0.13194444444444445
739,1276992,0.09736689814814815,0.11038773148148147,0.15784143518518517,0.07971643518518517,0.47554976851851855,0.7223668981481481,0.6244212962962963,0.39858217592592593,0.3328993055555556,0.5962094907407407,0.5530960648148149,0.25390625,0.02965856481481481,0.12254050925925927,0.03370949074074074,0.13758680555555558
740,1278720,0.09837962962962962,0.10865162037037038,0.15914351851851852,0.08752893518518517,0.44849537037037035,0.7054398148148149,0.6297743055555556,0.40118634259259256,0.3219039351851852,0.6002604166666667,0.5756655092592593,0.26576967592592593,0.027488425925925927,0.12731481481481483,0.038773148148148154,0.13990162037037035
741,1280448,0.09577546296296297,0.10966435185185185,0.1519097222222222,0.09114583333333334,0.5031828703703703,0.6779513888888888,0.6082175925925926,0.439380787037037,0.35228587962962965,0.5471643518518519,0.5172164351851851,0.2886284722222222,0.02416087962962963,0.11877893518518519,0.03342013888888889,0.13657407407407407
742,1282176,0.09259259259259259,0.10662615740740741,0.14973958333333334,0.0876736111111111,0.45153356481481477,0.7021122685185185,0.626880787037037,0.41015625,0.32407407407407407,0.5940393518518519,0.5708912037037037,0.27748842592592593,0.026331018518518517,0.12644675925925924,0.034866898148148154,0.1362847222222222
743,1283904,0.0954861111111111,0.1004050925925926,0.1506076388888889,0.0802951388888889,0.4442997685185185,0.7337962962962963,0.6455439814814815,0.3794849537037037,0.3169849537037037,0.6212384259259259,0.5827546296296297,0.25636574074074076,0.025318287037037035,0.11675347222222221,0.032407407407407406,0.12774884259259262
744,1285632,0.0959201388888889,0.10286458333333334,0.16218171296296297,0.07783564814814814,0.4535590277777778,0.7132523148148149,0.6323784722222223,0.39858217592592593,0.3276909722222222,0.5947627314814814,0.5545428240740742,0.27473958333333337,0.025028935185185185,0.12355324074074073,0.04383680555555555,0.12962962962962962
745,1287360,0.09447337962962962,0.1032986111111111,0.16420717592592593,0.07450810185185186,0.46469907407407407,0.7097800925925926,0.6306423611111112,0.40610532407407407,0.3310185185185185,0.5931712962962963,0.552662037037037,0.2679398148148148,0.025752314814814815,0.12109375,0.037181712962962965,0.1322337962962963
746,1289088,0.09230324074074074,0.08072916666666666,0.1427951388888889,0.08666087962962964,0.4752604166666667,0.6354166666666666,0.6064814814814814,0.4709201388888889,0.35749421296296297,0.5620659722222221,0.5613425925925926,0.3369502314814815,0.024594907407407406,0.10170717592592593,0.02835648148148148,0.10706018518518517
747,1290816,0.09649884259259259,0.09823495370370369,0.15436921296296297,0.07884837962962964,0.4652777777777778,0.6715856481481481,0.6316550925925926,0.4555844907407407,0.33622685185185186,0.55078125,0.5490451388888888,0.31423611111111116,0.024016203703703703,0.11096643518518517,0.030237268518518517,0.1182002314814815
748,1292544,0.08666087962962962,0.08622685185185185,0.14641203703703703,0.07696759259259259,0.45500578703703703,0.685763888888889,0.6170428240740741,0.4301215277777778,0.3378182870370371,0.5924479166666666,0.5736400462962963,0.30613425925925924,0.02546296296296296,0.11067708333333333,0.0423900462962963,0.11979166666666667
749,1294272,0.09360532407407407,0.11472800925925926,0.16999421296296297,0.07175925925925926,0.4622395833333333,0.7291666666666666,0.6430844907407407,0.39337384259259256,0.3158275462962963,0.5953414351851852,0.5571469907407407,0.24508101851851852,0.024594907407407406,0.12340856481481483,0.03833912037037037,0.1506076388888889
750,1296000,0.09389467592592593,0.10402199074074073,0.15726273148148148,0.0802951388888889,0.4283854166666667,0.6818576388888888,0.6475694444444444,0.4385127314814815,0.3055555555555556,0.55859375,0.5755208333333334,0.3091724537037037,0.025607638888888888,0.11660879629629631,0.03385416666666667,0.13816550925925924
751,1297728,0.09100115740740741,0.09244791666666666,0.14814814814814814,0.08130787037037036,0.46296296296296297,0.65625,0.6297743055555556,0.4509548611111111,0.3337673611111111,0.5530960648148149,0.5529513888888888,0.31901041666666663,0.025462962962962965,0.1115451388888889,0.03269675925925926,0.1273148148148148
752,1299456,0.08796296296296297,0.0931712962962963,0.15118634259259262,0.078125,0.4442997685185185,0.6960358796296297,0.6488715277777777,0.4153645833333333,0.3258101851851852,0.5928819444444444,0.5708912037037037,0.2896412037037037,0.025028935185185182,0.10734953703703703,0.03587962962962963,0.12789351851851852
753,1301184,0.08825231481481483,0.09027777777777779,0.1501736111111111,0.07783564814814815,0.45674189814814814,0.6890914351851852,0.6384548611111112,0.4315682870370371,0.3310185185185185,0.5714699074074074,0.5648148148148149,0.3016493055555556,0.02271412037037037,0.1060474537037037,0.037181712962962965,0.1271701388888889
754,1302912,0.08535879629629631,0.09100115740740741,0.14641203703703703,0.08478009259259259,0.4681712962962963,0.6876446759259259,0.6116898148148148,0.4195601851851852,0.3402777777777778,0.5882523148148149,0.5620659722222223,0.2896412037037037,0.03197337962962963,0.11255787037037036,0.03645833333333333,0.13208912037037038
755,1304640,0.08608217592592593,0.08130787037037038,0.13570601851851852,0.08405671296296297,0.4677372685185185,0.6875,0.6128472222222223,0.42563657407407407,0.33723958333333337,0.5866608796296297,0.5675636574074074,0.2944155092592593,0.03414351851851852,0.11574074074074076,0.03645833333333333,0.12369791666666666
756,1306368,0.09331597222222222,0.08622685185185185,0.14019097222222224,0.09042245370370369,0.4428530092592593,0.7086226851851851,0.6519097222222221,0.40494791666666663,0.31047453703703703,0.5902777777777778,0.5755208333333334,0.2738715277777778,0.033998842592592594,0.12225115740740741,0.033275462962962965,0.1345486111111111
757,1308096,0.09794560185185186,0.12152777777777779,0.16333912037037035,0.07277199074074074,0.4693287037037037,0.7541956018518519,0.6576967592592593,0.37572337962962965,0.3074363425925926,0.5885416666666666,0.5412326388888888,0.21903935185185186,0.02879050925925926,0.14293981481481483,0.03530092592592593,0.15133101851851852
758,1309824,0.09186921296296297,0.10532407407407407,0.14901620370370372,0.07653356481481481,0.44169560185185186,0.7164351851851851,0.6607349537037037,0.40899884259259256,0.3057002314814815,0.5763888888888888,0.5661168981481481,0.27242476851851855,0.02531828703703704,0.12745949074074073,0.03428819444444445,0.13411458333333334
759,1311552,0.09418402777777779,0.08969907407407407,0.14134837962962965,0.07855902777777778,0.44892939814814814,0.7298900462962963,0.6477141203703703,0.39872685185185186,0.3272569444444444,0.5943287037037037,0.5638020833333333,0.2730034722222222,0.029658564814814818,0.1216724537037037,0.04210069444444445,0.1226851851851852
760,1313280,0.08637152777777778,0.0998263888888889,0.15075231481481483,0.08000578703703703,0.4537037037037037,0.7142650462962963,0.6495949074074074,0.40986689814814814,0.3190104166666667,0.5802951388888888,0.5632233796296295,0.2677951388888889,0.030960648148148147,0.1244212962962963,0.030960648148148147,0.13483796296296297
761,1315008,0.08825231481481481,0.08825231481481481,0.13671875,0.08116319444444445,0.41218171296296297,0.7336516203703703,0.6532118055555556,0.37297453703703703,0.3094618055555556,0.6458333333333334,0.6124131944444444,0.2549189814814815,0.03804976851851852,0.11226851851851852,0.037037037037037035,0.12528935185185186
762,1316736,0.08579282407407408,0.09302662037037036,0.13874421296296297,0.08579282407407407,0.44892939814814814,0.6974826388888888,0.6364293981481481,0.4208622685185185,0.328125,0.5792824074074074,0.5711805555555556,0.29296875,0.03125,0.11241319444444445,0.03891782407407407,0.1255787037037037
763,1318464,0.0814525462962963,0.09519675925925926,0.140625,0.07884837962962964,0.4788773148148149,0.6867766203703705,0.6209490740740741,0.4348958333333333,0.34664351851851855,0.5610532407407407,0.5405092592592593,0.2984664351851852,0.02763310185185185,0.11284722222222222,0.03833912037037037,0.12688078703703703
764,1320192,0.08709490740740741,0.08275462962962962,0.13425925925925924,0.08883101851851852,0.4622395833333333,0.6867766203703703,0.6365740740740741,0.4286747685185185,0.33752893518518523,0.5730613425925926,0.5703125,0.3036747685185185,0.03081597222222222,0.10040509259259259,0.03935185185185185,0.1166087962962963
765,1321920,0.08608217592592593,0.09375,0.13961226851851852,0.08174189814814815,0.42983217592592593,0.7019675925925926,0.6461226851851851,0.4053819444444445,0.3148148148148148,0.5902777777777778,0.5862268518518519,0.29369212962962965,0.03515625,0.10633680555555557,0.0390625,0.13483796296296297
766,1323648,0.09476273148148148,0.10966435185185186,0.1506076388888889,0.08188657407407407,0.4717881944444444,0.7099247685185186,0.6416377314814814,0.4068287037037037,0.3268229166666667,0.5583043981481481,0.540798611111111,0.265625,0.029947916666666664,0.11299189814814814,0.03616898148148148,0.13990162037037038
767,1325376,0.09230324074074074,0.10706018518518517,0.15784143518518517,0.07696759259259259,0.43923611111111105,0.7303240740740742,0.6691261574074074,0.39699074074074076,0.30671296296296297,0.5706018518518519,0.5610532407407407,0.2660590277777778,0.02589699074074074,0.11443865740740741,0.03399884259259259,0.13816550925925924
768,1327104,0.07826967592592593,0.08709490740740741,0.14539930555555555,0.08015046296296297,0.40133101851851855,0.7177372685185185,0.6752025462962963,0.38498263888888884,0.29311342592592593,0.6244212962962963,0.6177662037037037,0.26663773148148145,0.02806712962962963,0.09968171296296297,0.03530092592592593,0.12991898148148148
769,1328832,0.08723958333333333,0.09997106481481481,0.15031828703703703,0.08463541666666667,0.51171875,0.6869212962962963,0.6021412037037037,0.44502314814814814,0.35908564814814814,0.5322627314814815,0.5024594907407407,0.2980324074074074,0.026765046296296294,0.1048900462962963,0.04716435185185185,0.13310185185185186
770,1330560,0.0881076388888889,0.10387731481481481,0.16276041666666669,0.08695023148148148,0.4502314814814815,0.7268518518518519,0.6578414351851852,0.3961226851851852,0.2989004629629629,0.5692997685185185,0.5649594907407407,0.2515914351851852,0.03139467592592593,0.11588541666666667,0.03602430555555555,0.14192708333333331
771,1332288,0.07855902777777778,0.09172453703703703,0.1539351851851852,0.07798032407407407,0.4001736111111111,0.7300347222222222,0.6903935185185185,0.38859953703703703,0.2861689814814815,0.6174768518518519,0.609375,0.2582465277777778,0.029947916666666664,0.09924768518518517,0.037905092592592594,0.12905092592592593
772,1334016,0.08174189814814814,0.1037326388888889,0.15567129629629628,0.08506944444444445,0.4675925925925926,0.6977719907407408,0.6293402777777777,0.41927083333333337,0.3304398148148148,0.5614872685185186,0.5447048611111112,0.27734375,0.03891782407407407,0.10966435185185186,0.043402777777777776,0.14192708333333331
773,1335744,0.07262731481481483,0.07667824074074074,0.1284722222222222,0.08666087962962962,0.45978009259259256,0.67578125,0.6261574074074074,0.43518518518518523,0.35185185185185186,0.5729166666666667,0.5672743055555556,0.3146701388888889,0.037037037037037035,0.09071180555555555,0.039641203703703706,0.11530671296296297
774,1337472,0.08796296296296297,0.10286458333333333,0.16203703703703703,0.07913773148148148,0.46122685185185186,0.7146990740740742,0.6561053240740741,0.41276041666666663,0.3216145833333333,0.5568576388888888,0.5428240740740741,0.2608506944444444,0.035590277777777776,0.10980902777777778,0.03747106481481482,0.13570601851851852
775,1339200,0.08130787037037036,0.09331597222222222,0.14380787037037035,0.08449074074074074,0.45891203703703703,0.7034143518518519,0.6378761574074074,0.412037037037037,0.33666087962962965,0.5826099537037037,0.5635127314814814,0.2743055555555556,0.03978587962962963,0.1032986111111111,0.047164351851851846,0.12890625
776,1340928,0.07855902777777778,0.08868634259259259,0.1388888888888889,0.08275462962962962,0.44299768518518523,0.7013888888888888,0.6396122685185186,0.4117476851851852,0.3287037037037037,0.5983796296296297,0.5752314814814814,0.28935185185185186,0.040364583333333336,0.10749421296296297,0.04832175925925926,0.12818287037037038
777,1342656,0.07754629629629631,0.09635416666666667,0.14641203703703703,0.08174189814814814,0.4227430555555556,0.7317708333333334,0.6565393518518519,0.37861689814814814,0.30193865740740744,0.6197916666666666,0.5933159722222222,0.25549768518518523,0.03804976851851852,0.10923032407407407,0.042534722222222224,0.1384548611111111
778,1344384,0.08362268518518517,0.09606481481481481,0.14699074074074073,0.08318865740740741,0.42158564814814814,0.7368344907407407,0.6688368055555556,0.37760416666666663,0.30454282407407407,0.6135706018518519,0.5933159722222222,0.24898726851851852,0.03674768518518519,0.10778356481481481,0.04846643518518519,0.13527199074074076
779,1346112,0.0708912037037037,0.07581018518518517,0.1328125,0.08579282407407408,0.4288194444444444,0.6822916666666666,0.6532118055555556,0.4107349537037037,0.3250868055555555,0.6102430555555556,0.5983796296296297,0.2921006944444444,0.034577546296296294,0.09794560185185185,0.047309027777777776,0.11776620370370369
780,1347840,0.07638888888888888,0.09707754629629628,0.1449652777777778,0.08159722222222221,0.45196759259259256,0.7013888888888888,0.6498842592592593,0.40986689814814814,0.31640625,0.5782696759259259,0.5687210648148149,0.2757523148148148,0.034866898148148154,0.1048900462962963,0.04065393518518519,0.13512731481481483
781,1349568,0.06929976851851852,0.09027777777777778,0.14134837962962965,0.0798611111111111,0.43764467592592593,0.7158564814814814,0.6548032407407407,0.39221643518518523,0.31669560185185186,0.6148726851851851,0.5800057870370371,0.2612847222222222,0.034722222222222224,0.1021412037037037,0.044126157407407406,0.13093171296296297
782,1351296,0.08043981481481481,0.0953414351851852,0.12876157407407407,0.08564814814814815,0.49884259259259256,0.6941550925925926,0.5956307870370371,0.40219907407407407,0.36357060185185186,0.5824652777777778,0.5160590277777778,0.27488425925925924,0.03732638888888889,0.10460069444444445,0.05627893518518518,0.1388888888888889
783,1353024,0.07262731481481481,0.08622685185185185,0.14076967592592593,0.08015046296296297,0.4428530092592593,0.7060185185185186,0.6491608796296295,0.39467592592592593,0.3224826388888889,0.6118344907407407,0.5736400462962963,0.2669270833333333,0.03428819444444445,0.10387731481481481,0.04832175925925926,0.1328125
784,1354752,0.08058449074074074,0.09490740740740741,0.15162037037037035,0.09736689814814814,0.5008680555555556,0.6521990740740741,0.6032986111111112,0.4483506944444444,0.3485243055555556,0.5247395833333333,0.5099826388888888,0.29759837962962965,0.03790509259259259,0.11617476851851852,0.04817708333333333,0.1417824074074074
785,1356480,0.07045717592592593,0.09244791666666666,0.1451099537037037,0.08463541666666667,0.42201967592592593,0.7339409722222222,0.6775173611111112,0.37615740740740744,0.29224537037037035,0.6151620370370371,0.595630787037037,0.2400173611111111,0.035590277777777776,0.0999710648148148,0.03428819444444445,0.13903356481481483
786,1358208,0.07060185185185185,0.08550347222222221,0.1372974537037037,0.09114583333333334,0.44704861111111116,0.6877893518518519,0.6446759259259258,0.41739004629629634,0.32581018518518523,0.5785590277777778,0.5692997685185185,0.2942708333333333,0.03515625,0.0998263888888889,0.045572916666666664,0.12659143518518517
787,1359936,0.07378472222222221,0.09056712962962962,0.14424189814814817,0.08000578703703703,0.4574652777777778,0.7128182870370371,0.6422164351851851,0.3754340277777778,0.3347800925925926,0.6098090277777778,0.5675636574074074,0.2602719907407407,0.03197337962962963,0.1015625,0.040219907407407406,0.13599537037037035
788,1361664,0.06843171296296297,0.08145254629629631,0.13642939814814814,0.08000578703703703,0.43735532407407407,0.7055844907407408,0.6546585648148149,0.3974247685185185,0.32450810185185186,0.6022858796296297,0.5775462962962963,0.2799479166666667,0.03255208333333333,0.09375,0.03776041666666667,0.12138310185185185
789,1363392,0.07016782407407407,0.08521412037037038,0.13917824074074076,0.07682291666666666,0.4474826388888889,0.6867766203703703,0.6453993055555556,0.4072627314814815,0.3330439814814815,0.5889756944444444,0.5681423611111112,0.2860243055555556,0.03587962962962963,0.09664351851851852,0.043692129629629636,0.13382523148148148
790,1365120,0.08246527777777778,0.09852430555555555,0.14973958333333334,0.08043981481481483,0.4940682870370371,0.693431712962963,0.6303530092592593,0.41247106481481477,0.33969907407407407,0.556712962962963,0.5188078703703703,0.2560763888888889,0.03747106481481482,0.11935763888888888,0.0423900462962963,0.14568865740740738
791,1366848,0.0708912037037037,0.09186921296296297,0.14395254629629628,0.0802951388888889,0.45703125,0.7236689814814815,0.6487268518518519,0.3871527777777778,0.3292824074074074,0.6032986111111112,0.5577256944444444,0.24305555555555555,0.03544560185185185,0.11906828703703703,0.047309027777777776,0.1349826388888889
792,1368576,0.0720486111111111,0.09186921296296297,0.1490162037037037,0.07233796296296297,0.4781539351851852,0.6834490740740741,0.6464120370370371,0.4150752314814815,0.3308738425925926,0.5692997685185186,0.5532407407407407,0.26822916666666663,0.036892361111111105,0.10546875,0.037181712962962965,0.14076967592592593
793,1370304,0.07016782407407407,0.0814525462962963,0.13802083333333334,0.07899305555555555,0.44473379629629634,0.6947337962962963,0.642650462962963,0.4053819444444444,0.33521412037037035,0.6015625,0.5681423611111112,0.28197337962962965,0.033130787037037035,0.09852430555555555,0.04311342592592593,0.12268518518518517
794,1372032,0.06915509259259259,0.08000578703703703,0.13078703703703703,0.07899305555555555,0.44646990740740744,0.7084780092592593,0.6443865740740742,0.3923611111111111,0.33376736111111116,0.6147280092592593,0.5719039351851851,0.27618634259259256,0.035590277777777776,0.09910300925925926,0.045717592592592594,0.12022569444444445
795,1373760,0.07552083333333333,0.08564814814814814,0.15538194444444445,0.0802951388888889,0.44473379629629634,0.7193287037037037,0.6533564814814815,0.38556134259259256,0.3211805555555556,0.6050347222222222,0.5719039351851851,0.2533275462962963,0.03819444444444445,0.1076388888888889,0.04282407407407408,0.12890625
796,1375488,0.07696759259259259,0.08579282407407407,0.14771412037037038,0.08434606481481481,0.4594907407407408,0.7200520833333333,0.6469907407407407,0.38787615740740744,0.32494212962962965,0.5989583333333334,0.5596064814814814,0.24623842592592593,0.03790509259259259,0.11284722222222222,0.038483796296296294,0.13599537037037038
797,1377216,0.0697337962962963,0.08723958333333333,0.15205439814814814,0.07754629629629631,0.41521990740740744,0.7282986111111112,0.6921296296296297,0.37919560185185186,0.28877314814814814,0.6154513888888888,0.5886863425925926,0.23842592592592593,0.037905092592592594,0.1189236111111111,0.033130787037037035,0.13700810185185186
798,1378944,0.0685763888888889,0.08912037037037038,0.15162037037037038,0.0763888888888889,0.47092013888888884,0.6928530092592593,0.6555266203703705,0.4241898148148148,0.3233506944444444,0.552806712962963,0.5316840277777778,0.28052662037037035,0.03298611111111111,0.11458333333333334,0.034722222222222224,0.13961226851851852
799,1380672,0.0720486111111111,0.08217592592592593,0.14916087962962962,0.07957175925925926,0.4383680555555556,0.7118055555555556,0.6636284722222222,0.3920717592592593,0.3090277777777778,0.5883969907407408,0.5730613425925926,0.2595486111111111,0.041232638888888895,0.1154513888888889,0.04340277777777778,0.13483796296296297
800,1382400,0.06640625,0.07855902777777779,0.1417824074074074,0.08232060185185185,0.47699652777777773,0.6856192129629629,0.6338252314814814,0.41521990740740744,0.3443287037037037,0.5831886574074074,0.5419560185185186,0.2757523148148148,0.03414351851851852,0.10185185185185186,0.04615162037037037,0.12745949074074073
801,1384128,0.07190393518518519,0.0859375,0.15089699074074076,0.08637152777777778,0.45891203703703703,0.7099247685185185,0.6530671296296297,0.3916377314814815,0.3220486111111111,0.5969328703703703,0.548755787037037,0.24522569444444442,0.039641203703703706,0.12442129629629631,0.04325810185185185,0.1401909722222222
802,1385856,0.0703125,0.07957175925925926,0.15133101851851852,0.08217592592592593,0.4613715277777778,0.720486111111111,0.6430844907407407,0.3702256944444444,0.3233506944444445,0.6138599537037037,0.5539641203703705,0.23596643518518517,0.03776041666666667,0.1189236111111111,0.04412615740740741,0.14149305555555555
803,1387584,0.0703125,0.07899305555555555,0.14988425925925924,0.07624421296296297,0.4539930555555556,0.7241030092592593,0.654224537037037,0.3760127314814815,0.32421875,0.6167534722222222,0.560619212962963,0.23958333333333331,0.04166666666666667,0.11183449074074074,0.05063657407407407,0.13339120370370372
804,1389312,0.06336805555555555,0.07971643518518519,0.14988425925925924,0.08101851851851852,0.4379340277777778,0.7047164351851851,0.6588541666666667,0.39467592592592593,0.31741898148148145,0.5957754629629629,0.5700231481481481,0.2683738425925926,0.041811342592592594,0.11226851851851852,0.044270833333333336,0.13165509259259262
805,1391040,0.05772569444444444,0.07219328703703703,0.1461226851851852,0.07899305555555555,0.3972800925925926,0.6938657407407407,0.6754918981481481,0.4087094907407407,0.30454282407407407,0.6177662037037037,0.6099537037037037,0.2938368055555556,0.040943287037037035,0.09852430555555555,0.043402777777777776,0.12181712962962964
806,1392768,0.07306134259259259,0.08984375,0.15986689814814817,0.08000578703703703,0.4286747685185185,0.7138310185185185,0.6773726851851851,0.39973958333333337,0.29267939814814814,0.5771122685185185,0.5638020833333333,0.2640335648148148,0.050347222222222224,0.1127025462962963,0.044849537037037035,0.13859953703703703
807,1394496,0.0724826388888889,0.07537615740740741,0.1451099537037037,0.08116319444444445,0.47265625,0.6876446759259259,0.6380208333333333,0.41087962962962965,0.33723958333333337,0.5730613425925926,0.5367476851851851,0.2835648148148148,0.042390046296296294,0.10300925925925927,0.051359953703703706,0.13440393518518517
808,1396224,0.07277199074074074,0.06944444444444445,0.14250578703703703,0.08174189814814814,0.39959490740740744,0.6873553240740741,0.6812789351851852,0.4032118055555555,0.2952835648148148,0.6048900462962963,0.6050347222222222,0.287181712962963,0.04325810185185185,0.10243055555555555,0.051938657407407406,0.13411458333333331
809,1397952,0.06915509259259259,0.08043981481481483,0.14525462962962962,0.0859375,0.4565972222222222,0.6744791666666667,0.6331018518518519,0.41044560185185186,0.3311631944444444,0.564525462962963,0.5536747685185185,0.2900752314814815,0.05381944444444445,0.09953703703703703,0.051938657407407406,0.14973958333333334
810,1399680,0.07074652777777778,0.07074652777777778,0.14076967592592593,0.07335069444444445,0.4632523148148148,0.6889467592592593,0.6319444444444444,0.4029224537037037,0.3355034722222222,0.5774016203703703,0.5546875,0.2870370370370371,0.04427083333333333,0.10040509259259259,0.06958912037037036,0.13831018518518517
811,1401408,0.06409143518518517,0.05946180555555556,0.1277488425925926,0.07349537037037036,0.4466145833333333,0.6750578703703703,0.6383101851851852,0.4045138888888889,0.3410011574074074,0.6080729166666666,0.5813078703703703,0.30367476851851855,0.044994212962962965,0.07667824074074073,0.06510416666666667,0.12167245370370372
812,1403136,0.07060185185185186,0.07074652777777778,0.1449652777777778,0.08130787037037038,0.45905671296296297,0.6880787037037037,0.6316550925925926,0.3974247685185185,0.33521412037037035,0.5844907407407407,0.5635127314814814,0.2906539351851852,0.04701967592592593,0.09476273148148148,0.06669560185185185,0.13744212962962962
813,1404864,0.06872106481481481,0.07060185185185186,0.1488715277777778,0.07378472222222221,0.44386574074074076,0.6996527777777778,0.6526331018518519,0.39424189814814814,0.3174189814814815,0.5951967592592592,0.5717592592592593,0.2718460648148148,0.04398148148148148,0.09664351851851852,0.05830439814814815,0.1417824074074074
814,1406592,0.0697337962962963,0.06770833333333333,0.14221643518518517,0.0802951388888889,0.46325231481481477,0.6938657407407407,0.6345486111111112,0.38064236111111116,0.33810763888888884,0.603443287037037,0.5716145833333333,0.26533564814814814,0.04586226851851852,0.10026041666666667,0.06076388888888889,0.1312210648148148
815,1408320,0.07928240740740741,0.09056712962962962,0.16001157407407407,0.07913773148148148,0.48365162037037035,0.6947337962962963,0.6290509259259259,0.39134837962962965,0.3346354166666667,0.5625,0.5379050925925926,0.2599826388888889,0.052806712962962965,0.10706018518518517,0.056712962962962965,0.15219907407407407
816,1410048,0.07653356481481481,0.07103587962962964,0.15263310185185186,0.06872106481481481,0.46990740740740744,0.6770833333333334,0.6352719907407407,0.4189814814814815,0.33449074074074076,0.5651041666666666,0.5523726851851851,0.2886284722222222,0.04152199074074074,0.09259259259259259,0.05613425925925926,0.13194444444444445
817,1411776,0.06698495370370369,0.07436342592592592,0.15813078703703703,0.07378472222222221,0.42549189814814814,0.7105034722222223,0.6662326388888888,0.37355324074074076,0.30598958333333337,0.6131365740740741,0.595630787037037,0.24479166666666669,0.045717592592592594,0.10749421296296297,0.055844907407407406,0.15379050925925924
818,1413504,0.07624421296296297,0.07523148148148148,0.14250578703703703,0.07421875,0.4878472222222222,0.6956018518518519,0.6184895833333333,0.39134837962962965,0.3488136574074074,0.5855034722222222,0.5384837962962963,0.26287615740740744,0.04701967592592593,0.10590277777777778,0.0642361111111111,0.14351851851851852
819,1415232,0.06973379629629631,0.06032986111111111,0.1427951388888889,0.07450810185185186,0.45674189814814814,0.6681134259259258,0.6422164351851852,0.421875,0.3441840277777778,0.5807291666666667,0.57421875,0.3030960648148148,0.03920717592592593,0.08232060185185186,0.06336805555555555,0.12196180555555555
820,1416960,0.06886574074074074,0.06105324074074074,0.1401909722222222,0.07595486111111112,0.4722222222222222,0.6820023148148148,0.6218171296296297,0.4029224537037037,0.3515625,0.5966435185185186,0.5646701388888888,0.28776041666666663,0.04383680555555555,0.08622685185185186,0.06394675925925926,0.12471064814814815
821,1418688,0.07769097222222222,0.08203125,0.14265046296296297,0.08217592592592593,0.44806134259259256,0.7252604166666666,0.6458333333333333,0.3569155092592593,0.3207465277777778,0.6057581018518519,0.5614872685185185,0.24103009259259262,0.05381944444444445,0.11067708333333334,0.06163194444444444,0.1501736111111111
822,1420416,0.07277199074074074,0.05960648148148148,0.1328125,0.07884837962962962,0.47164351851851855,0.66015625,0.6257233796296295,0.42173032407407407,0.3511284722222222,0.5692997685185186,0.5558449074074074,0.30888310185185186,0.04832175925925926,0.08738425925925926,0.06163194444444445,0.1166087962962963
823,1422144,0.07378472222222222,0.07060185185185186,0.13903356481481483,0.06901041666666666,0.41218171296296297,0.6996527777777777,0.6589988425925926,0.3832465277777778,0.3125,0.6089409722222222,0.6027199074074074,0.28935185185185186,0.05381944444444444,0.1032986111111111,0.07219328703703703,0.12254050925925926
824,1423872,0.06712962962962962,0.07291666666666666,0.14192708333333331,0.06944444444444445,0.4357638888888889,0.6838831018518519,0.6589988425925926,0.4053819444444444,0.3119212962962963,0.5859375,0.5846354166666666,0.29166666666666663,0.051215277777777776,0.09490740740740741,0.059172453703703706,0.12991898148148148
825,1425600,0.0736400462962963,0.07552083333333334,0.14004629629629628,0.07725694444444445,0.4564525462962963,0.6966145833333333,0.6364293981481481,0.38252314814814814,0.32392939814814814,0.5982349537037037,0.5665509259259259,0.25361689814814814,0.047453703703703706,0.10069444444444445,0.060474537037037035,0.14945023148148148
826,1427328,0.06915509259259259,0.07508680555555555,0.14930555555555555,0.07436342592592593,0.4464699074074074,0.6863425925925926,0.6500289351851852,0.3949652777777778,0.3192997685185185,0.583912037037037,0.5759548611111112,0.27864583333333337,0.04861111111111111,0.09751157407407407,0.05367476851851852,0.14699074074074073
827,1429056,0.07262731481481481,0.06799768518518517,0.13122106481481483,0.0775462962962963,0.43330439814814814,0.7010995370370371,0.6624710648148149,0.3812210648148148,0.32016782407407407,0.6072048611111112,0.5876736111111112,0.2673611111111111,0.04803240740740741,0.08883101851851852,0.05598958333333333,0.13469328703703703
828,1430784,0.07682291666666667,0.06987847222222222,0.13570601851851852,0.06322337962962962,0.46021412037037035,0.6779513888888888,0.6481481481481481,0.41623263888888884,0.3310185185185185,0.572193287037037,0.5588831018518519,0.28877314814814814,0.046296296296296294,0.09765625,0.05555555555555555,0.1401909722222222
829,1432512,0.07436342592592593,0.07335069444444445,0.13469328703703703,0.05830439814814815,0.43894675925925924,0.71484375,0.6501736111111112,0.3638599537037037,0.3315972222222222,0.6228298611111112,0.5869502314814815,0.2672164351851852,0.042534722222222224,0.09172453703703703,0.05512152777777778,0.12688078703703703
830,1434240,0.08391203703703703,0.09056712962962962,0.15147569444444445,0.06843171296296297,0.4366319444444444,0.7293113425925926,0.6744791666666667,0.3622685185185185,0.30295138888888895,0.5930266203703703,0.5708912037037037,0.23640046296296297,0.04918981481481481,0.11545138888888888,0.0546875,0.15552662037037035
831,1435968,0.07769097222222222,0.08449074074074074,0.14192708333333331,0.07277199074074073,0.46802662037037035,0.6824363425925926,0.6251446759259258,0.40248842592592593,0.3418692129629629,0.5692997685185185,0.5431134259259259,0.28501157407407407,0.047309027777777776,0.10546875,0.06163194444444445,0.14134837962962962
832,1437696,0.0703125,0.09056712962962964,0.14699074074074076,0.06987847222222222,0.4696180555555555,0.6984953703703703,0.6309317129629629,0.3988715277777778,0.33666087962962965,0.5827546296296295,0.5435474537037037,0.2660590277777778,0.044994212962962965,0.1087962962962963,0.0646701388888889,0.1371527777777778
833,1439424,0.06770833333333333,0.08564814814814814,0.1371527777777778,0.06770833333333334,0.44256365740740744,0.6940104166666667,0.6516203703703705,0.3925057870370371,0.33043981481481477,0.5904224537037037,0.5760995370370371,0.2899305555555556,0.044994212962962965,0.0892650462962963,0.05164930555555555,0.12601273148148148
834,1441152,0.07392939814814814,0.09375,0.1527777777777778,0.07783564814814814,0.4576099537037037,0.6857638888888888,0.6427951388888888,0.39612268518518523,0.33333333333333337,0.5837673611111112,0.5578703703703703,0.27155671296296297,0.047309027777777776,0.1032986111111111,0.05714699074074074,0.14192708333333334
835,1442880,0.07711226851851852,0.09924768518518517,0.14568865740740738,0.07103587962962962,0.46773726851851855,0.7044270833333333,0.6520543981481481,0.3806423611111111,0.3294270833333333,0.584056712962963,0.5533854166666667,0.25245949074074076,0.04123263888888889,0.10604745370370369,0.04137731481481481,0.14482060185185186
836,1444608,0.07696759259259259,0.08680555555555555,0.13773148148148148,0.07537615740740741,0.4717881944444444,0.7009548611111112,0.6312210648148149,0.38917824074074076,0.34548611111111116,0.5876736111111112,0.5549768518518519,0.2605613425925926,0.04123263888888889,0.10300925925925926,0.05931712962962963,0.1333912037037037
837,1446336,0.07118055555555555,0.09114583333333333,0.14221643518518517,0.06872106481481483,0.45442708333333337,0.7054398148148149,0.6510416666666667,0.3890335648148148,0.3227719907407407,0.5866608796296297,0.5583043981481481,0.26186342592592593,0.04282407407407407,0.10792824074074074,0.05975115740740741,0.14076967592592593
838,1448064,0.07291666666666666,0.08680555555555555,0.13599537037037035,0.07971643518518517,0.4632523148148148,0.6747685185185185,0.6456886574074074,0.41898148148148145,0.3297164351851852,0.5535300925925926,0.556857638888889,0.29224537037037035,0.04412615740740741,0.10358796296296297,0.05497685185185185,0.1323784722222222
839,1449792,0.07494212962962962,0.09505208333333333,0.13671875,0.07667824074074074,0.4574652777777778,0.7055844907407408,0.6521990740740741,0.39814814814814814,0.3217592592592593,0.5729166666666667,0.5535300925925926,0.265625,0.044849537037037035,0.10517939814814814,0.048177083333333336,0.13917824074074073
840,1451520,0.07233796296296297,0.09244791666666666,0.14134837962962965,0.08174189814814815,0.453125,0.6843171296296295,0.6416377314814814,0.41044560185185186,0.32421875,0.5669849537037037,0.5580150462962963,0.28009259259259256,0.04673032407407407,0.11241319444444445,0.046440972222222224,0.14250578703703703
841,1453248,0.06944444444444445,0.08969907407407407,0.13382523148148148,0.07190393518518517,0.45775462962962965,0.6967592592592593,0.6430844907407408,0.39482060185185186,0.3275462962962963,0.5863715277777778,0.5554108796296297,0.27416087962962965,0.04716435185185185,0.1060474537037037,0.05454282407407408,0.1328125
842,1454976,0.06915509259259259,0.08680555555555555,0.12962962962962965,0.0714699074074074,0.44545717592592593,0.6979166666666667,0.636574074074074,0.3877314814814815,0.3355034722222222,0.6099537037037037,0.5763888888888888,0.2690972222222222,0.04933449074074074,0.10300925925925926,0.050202546296296294,0.12789351851851852
843,1456704,0.06568287037037038,0.08478009259259259,0.1333912037037037,0.07002314814814814,0.47077546296296297,0.6929976851851851,0.6187789351851852,0.3962673611111111,0.3521412037037037,0.591724537037037,0.5562789351851851,0.2705439814814815,0.04701967592592593,0.1015625,0.051359953703703706,0.12528935185185186
844,1458432,0.0669849537037037,0.08579282407407408,0.1362847222222222,0.07002314814814815,0.4437210648148148,0.7171585648148148,0.6519097222222222,0.37384259259259256,0.3140914351851852,0.6044560185185185,0.5775462962962963,0.2421875,0.04528356481481481,0.0998263888888889,0.04137731481481481,0.14771412037037038
845,1460160,0.06799768518518519,0.1205150462962963,0.14308449074074073,0.07436342592592592,0.48799189814814814,0.6883680555555556,0.6394675925925926,0.41478587962962965,0.33478009259259256,0.5421006944444444,0.5227141203703705,0.26750578703703703,0.05078125,0.10517939814814815,0.04528356481481481,0.14814814814814814
846,1461888,0.061197916666666664,0.08521412037037038,0.12109375,0.06553819444444445,0.43778935185185186,0.677662037037037,0.6497395833333334,0.4108796296296296,0.3310185185185185,0.5963541666666666,0.5860821759259259,0.2973090277777778,0.04803240740740741,0.08897569444444445,0.04456018518518519,0.12369791666666669
847,1463616,0.060763888888888895,0.09736689814814815,0.1293402777777778,0.07118055555555555,0.4370659722222222,0.6951678240740741,0.6643518518518519,0.39699074074074076,0.3067129629629629,0.5944733796296297,0.5785590277777778,0.2530381944444444,0.046875,0.09997106481481481,0.038483796296296294,0.1488715277777778
848,1465344,0.06481481481481483,0.09548611111111112,0.12398726851851852,0.07407407407407407,0.46455439814814814,0.6665219907407407,0.6291956018518519,0.4275173611111111,0.33868634259259256,0.5707465277777778,0.5554108796296295,0.29296875,0.04398148148148148,0.09794560185185186,0.038483796296296294,0.13136574074074076
849,1467072,0.05873842592592593,0.09100115740740741,0.12702546296296297,0.06177662037037037,0.4129050925925926,0.6979166666666666,0.6691261574074074,0.3958333333333333,0.3114872685185185,0.6076388888888888,0.5943287037037037,0.26982060185185186,0.04904513888888889,0.09360532407407407,0.04065393518518519,0.13903356481481483
850,1468800,0.06524884259259259,0.08969907407407407,0.1199363425925926,0.06351273148148148,0.44921875,0.69921875,0.6439525462962963,0.4000289351851852,0.3326099537037037,0.5940393518518519,0.5678530092592593,0.27068865740740744,0.04586226851851852,0.08752893518518519,0.044994212962962965,0.1283275462962963
851,1470528,0.05946180555555556,0.0859375,0.11993634259259259,0.0642361111111111,0.4202835648148148,0.6879340277777778,0.6589988425925926,0.3984375,0.31958912037037035,0.611400462962963,0.595630787037037,0.27141203703703703,0.048755787037037035,0.09635416666666666,0.04282407407407407,0.13020833333333331
852,1472256,0.0619212962962963,0.07899305555555555,0.11906828703703703,0.0669849537037037,0.46064814814814814,0.6712962962962963,0.634693287037037,0.4184027777777778,0.3459201388888889,0.5907118055555556,0.5681423611111112,0.2868923611111111,0.04007523148148148,0.09360532407407407,0.04152199074074074,0.12167245370370369
853,1473984,0.06076388888888889,0.07667824074074074,0.1187789351851852,0.056712962962962965,0.45240162037037035,0.6666666666666666,0.6413483796296297,0.4318576388888889,0.3443287037037037,0.5817418981481481,0.5677083333333333,0.30989583333333337,0.040219907407407406,0.08463541666666666,0.04325810185185185,0.10966435185185186
854,1475712,0.060619212962962965,0.09519675925925926,0.13411458333333331,0.07450810185185186,0.4632523148148148,0.6598668981481481,0.6332465277777778,0.4237557870370371,0.33058449074074076,0.5570023148148149,0.544994212962963,0.2923900462962963,0.05164930555555555,0.0954861111111111,0.04557291666666667,0.13368055555555558
855,1477440,0.06597222222222222,0.10734953703703703,0.14250578703703703,0.06394675925925926,0.4361979166666667,0.6961805555555556,0.6754918981481481,0.4017650462962963,0.30439814814814814,0.5610532407407407,0.5568576388888888,0.26548032407407407,0.05714699074074074,0.11733217592592593,0.04456018518518518,0.1478587962962963
856,1479168,0.06221064814814815,0.08897569444444445,0.12109375,0.06235532407407408,0.43330439814814814,0.6791087962962963,0.6498842592592593,0.40625,0.32392939814814814,0.5953414351851852,0.5737847222222222,0.2743055555555555,0.052662037037037035,0.10575810185185186,0.04832175925925926,0.13194444444444445
857,1480896,0.060329861111111105,0.0859375,0.1216724537037037,0.056568287037037035,0.4691840277777778,0.6410590277777778,0.6344039351851852,0.44921875,0.3450520833333333,0.5416666666666667,0.5460069444444444,0.3171296296296296,0.050347222222222224,0.09490740740740741,0.04195601851851852,0.12311921296296297
858,1482624,0.06857638888888888,0.08318865740740741,0.12644675925925924,0.051938657407407406,0.45109953703703703,0.6911168981481481,0.6526331018518519,0.4032118055555556,0.33333333333333337,0.6022858796296297,0.5708912037037037,0.2666377314814815,0.05309606481481482,0.10387731481481481,0.050347222222222224,0.12311921296296297
859,1484352,0.06380208333333333,0.08304398148148148,0.12557870370370372,0.04832175925925926,0.45037615740740744,0.6754918981481481,0.6536458333333333,0.41333912037037035,0.33622685185185186,0.6012731481481481,0.5646701388888888,0.29094328703703703,0.05063657407407407,0.10141782407407407,0.051359953703703706,0.11414930555555555
860,1486080,0.06351273148148148,0.0792824074074074,0.12109375,0.048755787037037035,0.4311342592592593,0.6986400462962963,0.66015625,0.38642939814814814,0.3214699074074074,0.6258680555555556,0.5949074074074074,0.2622974537037037,0.04803240740740741,0.09461805555555557,0.04615162037037037,0.11140046296296297
861,1487808,0.06336805555555555,0.09114583333333334,0.12181712962962964,0.052806712962962965,0.4675925925925926,0.70703125,0.6315104166666667,0.37528935185185186,0.33781828703703703,0.6247106481481481,0.5622106481481481,0.23119212962962965,0.048900462962962965,0.10532407407407407,0.04615162037037037,0.13179976851851852
862,1489536,0.05859375000000001,0.08232060185185186,0.11791087962962964,0.061197916666666664,0.40422453703703703,0.6710069444444444,0.669849537037037,0.41203703703703703,0.30830439814814814,0.6022858796296297,0.60546875,0.29224537037037035,0.04774305555555555,0.1037326388888889,0.043547453703703706,0.11921296296296297
863,1491264,0.05685763888888889,0.07971643518518519,0.1183449074074074,0.049479166666666664,0.42549189814814814,0.6859085648148149,0.6681134259259259,0.4029224537037037,0.31510416666666663,0.6103877314814815,0.5978009259259259,0.26880787037037035,0.04484953703703704,0.09751157407407407,0.04383680555555555,0.12818287037037038
864,1492992,0.06524884259259259,0.07913773148148148,0.11979166666666666,0.05353009259259259,0.48842592592592593,0.6537905092592593,0.6212384259259259,0.4409722222222222,0.3599537037037037,0.5562789351851852,0.5345775462962963,0.2960069444444445,0.04716435185185185,0.0954861111111111,0.04282407407407408,0.12254050925925926
865,1494720,0.0625,0.08159722222222221,0.12413194444444445,0.05598958333333333,0.453125,0.6639178240740741,0.6452546296296297,0.4360532407407407,0.3349247685185185,0.5830439814814814,0.5649594907407407,0.2925347222222222,0.045717592592592594,0.09924768518518519,0.04470486111111111,0.12254050925925927
866,1496448,0.06698495370370369,0.09129050925925926,0.12962962962962962,0.06278935185185186,0.46064814814814814,0.6621817129629629,0.6399016203703703,0.42896412037037035,0.3347800925925926,0.5658275462962963,0.5580150462962963,0.2828414351851852,0.04832175925925926,0.10040509259259259,0.04137731481481481,0.1355613425925926
867,1498176,0.0703125,0.09273726851851852,0.12384259259259259,0.05179398148148148,0.4775752314814815,0.6809895833333334,0.6364293981481481,0.41030092592592593,0.33854166666666663,0.5776909722222222,0.5431134259259259,0.26200810185185186,0.04600694444444445,0.1060474537037037,0.04210069444444445,0.13671875
868,1499904,0.06828703703703703,0.08246527777777778,0.12413194444444445,0.05541087962962963,0.45674189814814814,0.6850405092592593,0.6403356481481481,0.3972800925925926,0.3441840277777778,0.6015625,0.5627893518518519,0.2622974537037037,0.050347222222222224,0.09866898148148148,0.04803240740740741,0.12644675925925924
869,1501632,0.06799768518518517,0.08333333333333333,0.11574074074074076,0.055844907407407406,0.4819155092592593,0.6409143518518519,0.6082175925925926,0.4369212962962963,0.3624131944444444,0.5701678240740741,0.5500578703703703,0.2981770833333333,0.04470486111111111,0.09461805555555555,0.040943287037037035,0.12268518518518517
870,1503360,0.07320601851851852,0.09924768518518517,0.13599537037037038,0.04976851851851852,0.47844328703703703,0.6931423611111112,0.6414930555555556,0.3916377314814815,0.3407118055555556,0.5849247685185185,0.5422453703703703,0.24594907407407407,0.044849537037037035,0.1048900462962963,0.03978587962962963,0.14337384259259262
871,1505088,0.0646701388888889,0.09244791666666666,0.1310763888888889,0.047164351851851846,0.4375,0.6779513888888888,0.6535011574074074,0.4079861111111111,0.3255208333333333,0.5947627314814815,0.5698784722222222,0.27705439814814814,0.04586226851851852,0.09895833333333333,0.04224537037037037,0.13093171296296297
872,1506816,0.06438078703703703,0.09172453703703703,0.13382523148148148,0.050202546296296294,0.44241898148148145,0.6791087962962963,0.6414930555555556,0.4013310185185185,0.3298611111111111,0.5986689814814814,0.5698784722222222,0.26837384259259256,0.048755787037037035,0.09794560185185186,0.04846643518518519,0.12919560185185183
873,1508544,0.061197916666666664,0.08564814814814814,0.12803819444444445,0.04195601851851852,0.4409722222222222,0.6872106481481481,0.6540798611111112,0.40697337962962965,0.3292824074074074,0.6095196759259259,0.5837673611111112,0.2769097222222222,0.0390625,0.08969907407407407,0.03978587962962963,0.1228298611111111
874,1510272,0.06799768518518517,0.10908564814814814,0.14699074074074073,0.04861111111111111,0.42462384259259256,0.6921296296296295,0.6684027777777778,0.40914351851851855,0.3055555555555556,0.5802951388888888,0.5726273148148149,0.267505787037037,0.04832175925925926,0.10749421296296297,0.042534722222222224,0.14048032407407407
875,1512000,0.06322337962962962,0.09635416666666667,0.12528935185185186,0.046296296296296294,0.43778935185185186,0.6663773148148149,0.6326678240740741,0.4309895833333333,0.33868634259259256,0.580005787037037,0.5597511574074074,0.30656828703703703,0.04846643518518518,0.09490740740740741,0.049768518518518524,0.11458333333333334
876,1513728,0.06481481481481481,0.10966435185185186,0.14265046296296297,0.04383680555555555,0.41145833333333337,0.7090567129629629,0.6636284722222223,0.38570601851851855,0.3046875,0.6171875,0.5892650462962963,0.25607638888888884,0.047453703703703706,0.11342592592592593,0.04123263888888889,0.1323784722222222
877,1515456,0.05873842592592593,0.09085648148148148,0.12471064814814814,0.053385416666666664,0.43156828703703703,0.6546585648148149,0.6317997685185185,0.4166666666666667,0.33622685185185186,0.6108217592592592,0.5859375,0.2984664351851852,0.044849537037037035,0.10474537037037038,0.04701967592592593,0.1072048611111111
878,1517184,0.06452546296296297,0.10344328703703703,0.1433738425925926,0.04615162037037037,0.4244791666666667,0.6750578703703703,0.6585648148148149,0.421875,0.3198784722222222,0.5807291666666666,0.5691550925925926,0.2993344907407407,0.04441550925925926,0.11443865740740741,0.04846643518518519,0.11299189814814814
879,1518912,0.06524884259259259,0.08651620370370369,0.1267361111111111,0.04369212962962963,0.4564525462962963,0.6938657407407407,0.6183449074074074,0.3974247685185185,0.35517939814814814,0.6229745370370371,0.5617766203703705,0.2767650462962963,0.04383680555555555,0.10604745370370369,0.05873842592592593,0.10894097222222221
880,1520640,0.06770833333333334,0.10185185185185185,0.1410590277777778,0.04195601851851852,0.4262152777777778,0.7055844907407407,0.6540798611111112,0.3817997685185185,0.30975115740740744,0.6168981481481481,0.5882523148148149,0.2553530092592593,0.04166666666666667,0.11400462962962962,0.05541087962962963,0.12398726851851852
881,1522368,0.07074652777777778,0.11371527777777776,0.15277777777777776,0.038483796296296294,0.4357638888888889,0.7058738425925926,0.6585648148148148,0.3833912037037037,0.2947048611111111,0.5883969907407407,0.5729166666666666,0.24797453703703703,0.04383680555555555,0.12196180555555555,0.04079861111111111,0.1634837962962963
882,1524096,0.0685763888888889,0.10908564814814814,0.14554398148148145,0.03833912037037037,0.4267939814814815,0.7190393518518519,0.6569733796296295,0.3822337962962963,0.30309606481481477,0.6096643518518519,0.58203125,0.24971064814814817,0.04152199074074074,0.1189236111111111,0.045717592592592594,0.13859953703703703
883,1525824,0.06669560185185185,0.109375,0.1384548611111111,0.039641203703703706,0.41956018518518523,0.7099247685185185,0.6585648148148149,0.38932291666666663,0.3016493055555556,0.6074942129629629,0.5755208333333333,0.2456597222222222,0.043547453703703706,0.11675347222222222,0.044704861111111105,0.1495949074074074
884,1527552,0.060474537037037035,0.08767361111111112,0.13122106481481483,0.03891782407407408,0.43258101851851855,0.6788194444444444,0.6508969907407407,0.4234664351851852,0.32436342592592593,0.5969328703703705,0.5810185185185185,0.2925347222222222,0.03153935185185185,0.10271990740740741,0.040943287037037035,0.12181712962962962
885,1529280,0.07219328703703703,0.10257523148148148,0.13642939814814814,0.04210069444444445,0.45486111111111116,0.716724537037037,0.6267361111111112,0.3778935185185185,0.3331886574074074,0.6160300925925926,0.5649594907407407,0.24652777777777776,0.044126157407407406,0.11892361111111112,0.05873842592592592,0.13961226851851852
886,1531008,0.07002314814814815,0.10286458333333334,0.1362847222222222,0.04933449074074074,0.46064814814814814,0.6649305555555556,0.6209490740740741,0.4318576388888889,0.3420138888888889,0.5575810185185186,0.5426793981481481,0.2962962962962963,0.04398148148148148,0.11125578703703705,0.046585648148148154,0.1355613425925926
887,1532736,0.06278935185185186,0.10633680555555555,0.12991898148148148,0.047309027777777776,0.38686342592592593,0.7265625,0.6634837962962963,0.36328125,0.3061342592592593,0.6430844907407407,0.6061921296296295,0.2471064814814815,0.04673032407407407,0.11096643518518517,0.05150462962962963,0.13527199074074076
888,1534464,0.062065972222222224,0.08752893518518519,0.11993634259259259,0.04195601851851852,0.43156828703703703,0.6903935185185186,0.638744212962963,0.40943287037037035,0.3343460648148148,0.6008391203703703,0.5745081018518519,0.28877314814814814,0.04383680555555555,0.10040509259259259,0.048900462962962965,0.1293402777777778
889,1536192,0.05859375,0.0853587962962963,0.12254050925925927,0.044994212962962965,0.4424189814814815,0.6741898148148149,0.634693287037037,0.4166666666666667,0.34375,0.5992476851851852,0.5688657407407407,0.29079861111111116,0.04513888888888889,0.10445601851851852,0.053530092592592594,0.13266782407407407
890,1537920,0.06336805555555555,0.08608217592592593,0.12818287037037038,0.047309027777777776,0.39380787037037035,0.6976273148148149,0.6639178240740741,0.40639467592592593,0.3152488425925926,0.619068287037037,0.6069155092592593,0.2916666666666667,0.048032407407407406,0.09924768518518519,0.057870370370370364,0.12167245370370369
891,1539648,0.06380208333333333,0.09418402777777779,0.13049768518518517,0.05642361111111111,0.4709201388888889,0.662037037037037,0.6096643518518519,0.4327256944444444,0.35300925925925924,0.5564236111111112,0.5428240740740741,0.29658564814814814,0.04296875,0.10575810185185185,0.048177083333333336,0.1417824074074074
892,1541376,0.07074652777777778,0.10590277777777778,0.13700810185185186,0.0546875,0.4704861111111111,0.6964699074074074,0.6197916666666667,0.40842013888888884,0.3431712962962963,0.5648148148148148,0.5368923611111112,0.26432291666666663,0.05454282407407407,0.12991898148148148,0.052806712962962965,0.14351851851851852
893,1543104,0.05714699074074074,0.09664351851851852,0.13151041666666669,0.044849537037037035,0.40480324074074076,0.7080439814814815,0.658130787037037,0.38946759259259256,0.3179976851851852,0.6157407407407407,0.5933159722222222,0.26750578703703703,0.058159722222222224,0.1177662037037037,0.06090856481481481,0.13266782407407407
894,1544832,0.05367476851851852,0.08405671296296297,0.12138310185185185,0.04774305555555555,0.41550925925925924,0.6749131944444444,0.6313657407407407,0.42607060185185186,0.3441840277777778,0.6051793981481481,0.5792824074074074,0.3051215277777778,0.05237268518518519,0.11053240740740741,0.060619212962962965,0.11848958333333333
895,1546560,0.06278935185185186,0.10778356481481483,0.13642939814814814,0.047164351851851846,0.4544270833333333,0.6801215277777778,0.6345486111111112,0.43243634259259256,0.34447337962962965,0.5477430555555556,0.5311053240740741,0.29065393518518523,0.053385416666666664,0.11877893518518517,0.05541087962962963,0.13831018518518517
896,1548288,0.058015046296296294,0.08883101851851852,0.12398726851851852,0.047309027777777776,0.42939814814814814,0.681857638888889,0.6316550925925926,0.4091435185185185,0.34056712962962965,0.6050347222222223,0.576244212962963,0.2764756944444444,0.05700231481481481,0.109375,0.05700231481481481,0.1371527777777778
897,1550016,0.05729166666666667,0.09215856481481483,0.12601273148148148,0.047453703703703706,0.45326967592592593,0.6822916666666666,0.6258680555555556,0.4126157407407407,0.35228587962962965,0.5827546296296297,0.5503472222222222,0.28342013888888884,0.05063657407407407,0.11689814814814814,0.05642361111111111,0.13700810185185186
898,1551744,0.056568287037037035,0.09027777777777778,0.12818287037037038,0.051215277777777776,0.47034143518518523,0.6724537037037037,0.5986689814814814,0.41811342592592593,0.3671875,0.5797164351851851,0.541232638888889,0.2855902777777778,0.0541087962962963,0.11964699074074074,0.051359953703703706,0.1306423611111111
899,1553472,0.06626157407407407,0.10517939814814814,0.13368055555555558,0.0546875,0.46701388888888895,0.6529224537037037,0.6086516203703703,0.42549189814814814,0.35358796296296297,0.544849537037037,0.5392071759259259,0.29716435185185186,0.055989583333333336,0.12398726851851852,0.05179398148148148,0.14438657407407407
900,1555200,0.06163194444444445,0.09866898148148148,0.12905092592592593,0.05164930555555555,0.4463252314814815,0.6734664351851852,0.6303530092592593,0.42332175925925924,0.33796296296296297,0.5633680555555556,0.5545428240740741,0.2879050925925926,0.055844907407407406,0.12109375000000001,0.04325810185185185,0.13208912037037035
901,1556928,0.05570023148148148,0.08318865740740741,0.1177662037037037,0.05005787037037037,0.42954282407407407,0.6618923611111112,0.6231192129629629,0.4347511574074074,0.34577546296296297,0.5826099537037037,0.5703125,0.31481481481481477,0.05381944444444445,0.10951967592592593,0.061776620370370364,0.11834490740740741
902,1558656,0.05960648148148148,0.10763888888888888,0.1362847222222222,0.046875,0.41001157407407407,0.724681712962963,0.6563946759259259,0.36472800925925924,0.3140914351851852,0.615162037037037,0.5826099537037037,0.23712384259259256,0.05381944444444445,0.12876157407407407,0.05598958333333334,0.14771412037037035
903,1560384,0.0658275462962963,0.11313657407407408,0.13585069444444445,0.058015046296296294,0.45240162037037035,0.6940104166666667,0.6174768518518519,0.3969907407407407,0.3446180555555556,0.5732060185185186,0.5497685185185185,0.2699652777777778,0.05237268518518519,0.12297453703703703,0.06105324074074074,0.12991898148148148
904,1562112,0.059172453703703706,0.09201388888888888,0.12138310185185186,0.061342592592592594,0.4437210648148148,0.6876446759259259,0.6166087962962963,0.39467592592592593,0.35792824074074076,0.6148726851851851,0.5610532407407407,0.2611400462962963,0.056712962962962965,0.11617476851851852,0.06380208333333334,0.12297453703703703
905,1563840,0.05627893518518519,0.10170717592592593,0.12152777777777778,0.058159722222222224,0.43822337962962965,0.6715856481481481,0.6166087962962963,0.41912615740740744,0.3423032407407407,0.5778356481481481,0.5635127314814815,0.2884837962962963,0.05454282407407407,0.11241319444444443,0.051359953703703706,0.12702546296296297
906,1565568,0.05960648148148148,0.10821759259259259,0.12659143518518517,0.05454282407407407,0.45341435185185186,0.67578125,0.6148726851851851,0.41637731481481477,0.34939236111111116,0.5752314814814814,0.5455729166666667,0.28877314814814814,0.05367476851851852,0.12138310185185185,0.0591724537037037,0.12702546296296297
907,1567296,0.057436342592592594,0.11429398148148148,0.12601273148148148,0.05960648148148148,0.42418981481481477,0.693431712962963,0.62890625,0.39467592592592593,0.3295717592592593,0.5943287037037037,0.5720486111111112,0.26707175925925924,0.05570023148148148,0.12456597222222221,0.059172453703703706,0.13136574074074073
908,1569024,0.05338541666666667,0.09534143518518519,0.11183449074074073,0.05078125,0.4311342592592593,0.677806712962963,0.625,0.41059027777777773,0.3466435185185185,0.6027199074074074,0.5785590277777778,0.2961516203703704,0.047309027777777776,0.10271990740740741,0.059317129629629636,0.12181712962962962
909,1570752,0.05266203703703704,0.1009837962962963,0.12398726851851852,0.04962384259259259,0.3900462962962963,0.7048611111111112,0.6655092592592593,0.3871527777777778,0.3109085648148148,0.6239872685185185,0.6027199074074074,0.2751736111111111,0.0546875,0.11429398148148148,0.0625,0.12731481481481483
910,1572480,0.06018518518518519,0.10894097222222222,0.13078703703703703,0.05222800925925926,0.41869212962962965,0.6995081018518519,0.6429398148148149,0.38859953703703703,0.3275462962962963,0.5983796296296295,0.5710358796296297,0.28327546296296297,0.05049189814814815,0.11082175925925926,0.06264467592592593,0.13512731481481483
911,1574208,0.05946180555555556,0.11255787037037036,0.1277488425925926,0.05512152777777778,0.45283564814814814,0.7008101851851852,0.6223958333333333,0.3956886574074074,0.3415798611111111,0.5950520833333333,0.5425347222222222,0.26880787037037035,0.0502025462962963,0.12109375,0.05772569444444445,0.13802083333333334
912,1575936,0.055121527777777776,0.09780092592592593,0.12268518518518519,0.05439814814814815,0.4250578703703704,0.6532118055555556,0.6267361111111112,0.43909143518518523,0.3446180555555556,0.5668402777777778,0.5638020833333333,0.33940972222222227,0.05251736111111111,0.10691550925925926,0.0642361111111111,0.1148726851851852
913,1577664,0.05844907407407408,0.09273726851851852,0.11834490740740741,0.05714699074074074,0.4444444444444444,0.7115162037037037,0.6238425925925926,0.38295717592592593,0.3499710648148148,0.6125578703703703,0.5593171296296297,0.2757523148148148,0.053530092592592594,0.109375,0.06944444444444445,0.12427662037037038
914,1579392,0.06119791666666667,0.09866898148148148,0.11979166666666666,0.057291666666666664,0.4548611111111111,0.6831597222222222,0.6200810185185186,0.3962673611111111,0.3496817129629629,0.6019965277777778,0.5625,0.2803819444444444,0.05309606481481481,0.10460069444444445,0.0646701388888889,0.1254340277777778
915,1581120,0.058883101851851846,0.09852430555555555,0.11197916666666667,0.05989583333333333,0.4785879629629629,0.6756365740740741,0.5944733796296295,0.41796875,0.3589409722222222,0.5652488425925926,0.5285011574074074,0.29484953703703703,0.05367476851851852,0.10706018518518519,0.06004050925925926,0.1344039351851852
916,1582848,0.06221064814814814,0.10069444444444445,0.1195023148148148,0.059172453703703706,0.44068287037037035,0.6947337962962963,0.6222511574074074,0.3884548611111111,0.34259259259259256,0.5979456018518519,0.5593171296296297,0.2806712962962963,0.05324074074074074,0.10749421296296297,0.06423611111111112,0.1310763888888889
917,1584576,0.05859375,0.08810763888888888,0.11487268518518519,0.056712962962962965,0.4124710648148148,0.7145543981481481,0.63671875,0.3676215277777778,0.33579282407407407,0.6443865740740741,0.5888310185185186,0.2646122685185185,0.060619212962962965,0.10112847222222222,0.06553819444444445,0.12803819444444442
918,1586304,0.06380208333333333,0.09924768518518519,0.125,0.0546875,0.41927083333333337,0.6866319444444445,0.6385995370370371,0.4184027777777778,0.33015046296296297,0.5798611111111112,0.5719039351851852,0.2991898148148148,0.052951388888888895,0.10127314814814815,0.05627893518518518,0.13151041666666669
919,1588032,0.05324074074074074,0.0853587962962963,0.11588541666666666,0.05092592592592592,0.40523726851851855,0.7012442129629629,0.6467013888888888,0.3901909722222222,0.33130787037037035,0.6280381944444444,0.5999710648148149,0.29094328703703703,0.05251736111111112,0.0943287037037037,0.07233796296296297,0.11964699074074074
920,1589760,0.05830439814814815,0.10402199074074074,0.1300636574074074,0.054976851851851846,0.43344907407407407,0.6938657407407408,0.619357638888889,0.39337384259259256,0.3314525462962963,0.6125578703703703,0.57421875,0.27748842592592593,0.04976851851851852,0.10460069444444445,0.0625,0.13295717592592593
921,1591488,0.07060185185185186,0.10894097222222221,0.1293402777777778,0.05960648148148148,0.43547453703703703,0.6980613425925926,0.634693287037037,0.3933738425925926,0.3372395833333333,0.5951967592592593,0.5578703703703703,0.27531828703703703,0.054976851851851846,0.10517939814814815,0.06438078703703703,0.13353587962962962
922,1593216,0.0646701388888889,0.08362268518518519,0.11574074074074074,0.05295138888888889,0.42983217592592593,0.69921875,0.6291956018518519,0.3705150462962963,0.33666087962962965,0.6254340277777777,0.5846354166666667,0.27719907407407407,0.052806712962962965,0.09765625,0.06958912037037038,0.1283275462962963
923,1594944,0.06987847222222222,0.09649884259259259,0.12311921296296295,0.04976851851851852,0.4379340277777778,0.6859085648148149,0.6251446759259259,0.3978587962962963,0.32942708333333337,0.5923032407407407,0.5730613425925926,0.2890625,0.051359953703703706,0.1009837962962963,0.057870370370370364,0.12962962962962962
924,1596672,0.06278935185185185,0.08666087962962962,0.11762152777777776,0.04918981481481481,0.42824074074074076,0.6607349537037037,0.6371527777777778,0.4341724537037037,0.33622685185185186,0.5791377314814814,0.5625,0.31843171296296297,0.0546875,0.10112847222222222,0.05541087962962963,0.12528935185185186
925,1598400,0.06611689814814815,0.08492476851851852,0.11342592592592593,0.05295138888888888,0.4385127314814815,0.701388888888889,0.6349826388888888,0.3900462962962963,0.32783564814814814,0.6099537037037037,0.5772569444444444,0.28269675925925924,0.05295138888888889,0.10011574074074074,0.05758101851851852,0.12239583333333333
926,1600128,0.0681423611111111,0.08825231481481483,0.12731481481481483,0.05844907407407407,0.46455439814814814,0.6750578703703703,0.611545138888889,0.4124710648148148,0.3599537037037037,0.5923032407407407,0.5442708333333334,0.29615162037037035,0.05584490740740741,0.10792824074074074,0.0646701388888889,0.1195023148148148
927,1601856,0.061342592592592594,0.07855902777777779,0.12384259259259259,0.05700231481481481,0.43735532407407407,0.6853298611111112,0.6280381944444444,0.3969907407407407,0.33449074074074076,0.6106770833333333,0.5729166666666666,0.2903645833333333,0.051215277777777776,0.10170717592592593,0.059895833333333336,0.12138310185185185
928,1603584,0.07855902777777778,0.1015625,0.13483796296296297,0.050347222222222224,0.42086226851851855,0.7044270833333333,0.6507523148148149,0.37355324074074076,0.3098958333333333,0.5923032407407408,0.576099537037037,0.2672164351851851,0.05266203703703704,0.12311921296296297,0.06032986111111111,0.1462673611111111
929,1605312,0.06944444444444445,0.09201388888888888,0.12601273148148145,0.05092592592592592,0.4288194444444444,0.6929976851851851,0.6313657407407407,0.38671875,0.3305844907407407,0.6006944444444444,0.5681423611111112,0.28891782407407407,0.059172453703703706,0.11414930555555555,0.06655092592592593,0.12905092592592593
930,1607040,0.062065972222222224,0.08058449074074074,0.11964699074074073,0.046585648148148154,0.4107349537037037,0.7125289351851851,0.6507523148148149,0.3705150462962963,0.3226273148148148,0.6427951388888888,0.6037326388888888,0.27155671296296297,0.04788773148148148,0.11009837962962962,0.05844907407407407,0.11805555555555555
931,1608768,0.06814236111111112,0.08521412037037038,0.11834490740740741,0.055121527777777776,0.42766203703703703,0.6999421296296297,0.6432291666666667,0.3773148148148148,0.3246527777777778,0.6183449074074074,0.5836226851851851,0.2777777777777778,0.04861111111111111,0.10980902777777778,0.06032986111111111,0.12514467592592593
932,1610496,0.06756365740740741,0.08796296296296297,0.13295717592592593,0.052662037037037035,0.4482060185185185,0.6879340277777778,0.6365740740740741,0.39959490740740744,0.3376736111111111,0.5879629629629629,0.5614872685185186,0.29282407407407407,0.046875,0.11545138888888888,0.06004050925925926,0.1378761574074074
933,1612224,0.05975115740740741,0.08506944444444445,0.1171875,0.05063657407407408,0.4458912037037037,0.7038483796296297,0.6271701388888888,0.3922164351851852,0.3342013888888889,0.6085069444444444,0.5620659722222222,0.2777777777777778,0.05150462962962963,0.11950231481481483,0.05931712962962962,0.13353587962962962
934,1613952,0.07523148148148148,0.09563078703703703,0.12760416666666666,0.05555555555555556,0.44285300925925924,0.6922743055555556,0.6312210648148148,0.40436921296296297,0.3330439814814815,0.5794270833333333,0.560763888888889,0.2964409722222222,0.05208333333333333,0.11704282407407407,0.06452546296296297,0.13078703703703703
935,1615680,0.0681423611111111,0.07899305555555555,0.11400462962962964,0.053530092592592594,0.44328703703703703,0.6951678240740741,0.6281828703703703,0.39178240740740744,0.34592013888888884,0.6142939814814815,0.5697337962962963,0.2799479166666667,0.04918981481481481,0.10445601851851852,0.06061921296296296,0.12586805555555558
936,1617408,0.06727430555555555,0.07783564814814814,0.11603009259259259,0.0546875,0.4184027777777778,0.673900462962963,0.650318287037037,0.4045138888888889,0.32016782407407407,0.5917245370370371,0.5863715277777778,0.29933449074074076,0.05005787037037037,0.10923032407407407,0.0546875,0.1306423611111111
937,1619136,0.06843171296296297,0.08304398148148148,0.109375,0.04658564814814815,0.4418402777777778,0.7110821759259259,0.6322337962962963,0.3836805555555555,0.33420138888888884,0.6086516203703703,0.5714699074074074,0.2722800925925926,0.04542824074074074,0.11038773148148148,0.05555555555555556,0.12876157407407407
938,1620864,0.062065972222222224,0.07494212962962962,0.10908564814814814,0.048900462962962965,0.39192708333333337,0.6756365740740741,0.6584201388888888,0.40219907407407407,0.3146701388888889,0.6255787037037037,0.6103877314814815,0.31495949074074076,0.048755787037037035,0.10778356481481483,0.060763888888888895,0.11906828703703703
939,1622592,0.06756365740740741,0.0842013888888889,0.11603009259259259,0.05324074074074074,0.45283564814814814,0.6765046296296297,0.6173321759259259,0.40813078703703703,0.3381076388888889,0.595775462962963,0.560474537037037,0.29441550925925924,0.05107060185185185,0.11834490740740741,0.05787037037037037,0.12528935185185186
940,1624320,0.06756365740740741,0.08072916666666666,0.1115451388888889,0.056712962962962965,0.46310763888888895,0.658275462962963,0.6057581018518519,0.4107349537037037,0.3521412037037037,0.5855034722222222,0.55078125,0.2974537037037037,0.04832175925925926,0.11400462962962962,0.05164930555555555,0.1349826388888889
941,1626048,0.06828703703703703,0.07219328703703703,0.11487268518518517,0.05222800925925926,0.46657986111111116,0.6642071759259259,0.6098090277777777,0.4121817129629629,0.35662615740740744,0.5934606481481481,0.5483217592592593,0.2983217592592593,0.048032407407407406,0.11747685185185186,0.05353009259259259,0.12239583333333333
942,1627776,0.060474537037037035,0.0646701388888889,0.1087962962962963,0.04571759259259259,0.42158564814814814,0.6919849537037037,0.654513888888889,0.3828125,0.32233796296296297,0.6319444444444444,0.5969328703703705,0.2938368055555556,0.042390046296296294,0.1060474537037037,0.0625,0.11776620370370372
943,1629504,0.06655092592592593,0.07016782407407407,0.11241319444444445,0.055121527777777776,0.44140625,0.6789641203703705,0.6359953703703703,0.40031828703703703,0.3349247685185185,0.5982349537037037,0.5737847222222222,0.2974537037037037,0.050347222222222224,0.10648148148148148,0.052083333333333336,0.12080439814814814
944,1631232,0.0658275462962963,0.07957175925925926,0.12398726851851852,0.05555555555555556,0.4513888888888889,0.6665219907407407,0.6137152777777778,0.40306712962962965,0.3443287037037037,0.6009837962962963,0.5557002314814815,0.2964409722222222,0.04542824074074074,0.1171875,0.05627893518518519,0.12688078703703703
945,1632960,0.05960648148148148,0.08246527777777778,0.1155960648148148,0.055844907407407406,0.44169560185185186,0.7039930555555556,0.6238425925925926,0.3810763888888889,0.33709490740740744,0.6186342592592593,0.5666956018518519,0.27806712962962965,0.05078125,0.11096643518518519,0.06264467592592593,0.12528935185185186
946,1634688,0.0697337962962963,0.08492476851851852,0.12355324074074074,0.057291666666666664,0.4945023148148148,0.6676793981481481,0.5938946759259259,0.42505787037037035,0.3638599537037037,0.5668402777777778,0.513744212962963,0.29716435185185186,0.04774305555555556,0.10792824074074074,0.04832175925925926,0.12977430555555555
947,1636416,0.06452546296296297,0.07711226851851852,0.11588541666666667,0.053964120370370364,0.43460648148148145,0.7089120370370371,0.6351273148148148,0.37485532407407407,0.32783564814814814,0.6251446759259259,0.5633680555555556,0.2640335648148148,0.052662037037037035,0.1232638888888889,0.06090856481481481,0.13512731481481483
948,1638144,0.06539351851851852,0.0865162037037037,0.11979166666666666,0.054108796296296294,0.42838541666666663,0.705005787037037,0.6378761574074074,0.36357060185185186,0.32494212962962965,0.6286168981481481,0.5870949074074074,0.2689525462962963,0.048177083333333336,0.11284722222222222,0.06655092592592593,0.11834490740740741
949,1639872,0.06524884259259259,0.08289930555555555,0.11747685185185185,0.05353009259259259,0.4664351851851852,0.68359375,0.6206597222222222,0.4069733796296296,0.3425925925925926,0.5894097222222222,0.5413773148148149,0.28269675925925924,0.045717592592592594,0.11284722222222221,0.05222800925925926,0.1255787037037037
950,1641600,0.06684027777777779,0.07769097222222222,0.11096643518518519,0.05570023148148148,0.4937789351851851,0.6834490740740742,0.5910011574074074,0.39916087962962965,0.3734085648148148,0.5969328703703703,0.5228587962962963,0.28313078703703703,0.05570023148148148,0.11024305555555555,0.06438078703703703,0.11574074074074074
951,1643328,0.06380208333333334,0.07899305555555555,0.11964699074074076,0.054398148148148154,0.46730324074074076,0.6804108796296295,0.6203703703703703,0.40219907407407407,0.3535879629629629,0.5914351851851851,0.5533854166666666,0.29673032407407407,0.047309027777777776,0.10590277777777776,0.05714699074074074,0.11574074074074073
952,1645056,0.07118055555555555,0.07653356481481481,0.11357060185185185,0.05381944444444445,0.4497974537037037,0.6805555555555556,0.6326678240740741,0.4008969907407407,0.33000578703703703,0.5836226851851851,0.5583043981481481,0.29166666666666663,0.04788773148148148,0.10763888888888888,0.04976851851851852,0.12254050925925927
953,1646784,0.07378472222222222,0.07913773148148148,0.11877893518518517,0.0546875,0.45630787037037035,0.6594328703703703,0.615162037037037,0.4249131944444444,0.34736689814814814,0.5695891203703703,0.544704861111111,0.31712962962962965,0.051215277777777776,0.11212384259259259,0.055844907407407406,0.1189236111111111
954,1648512,0.055410879629629636,0.06582754629629631,0.10850694444444445,0.04962384259259259,0.4039351851851852,0.6927083333333333,0.6642071759259259,0.3952546296296296,0.3036747685185185,0.6196469907407407,0.607494212962963,0.2934027777777778,0.03993055555555555,0.10734953703703703,0.040943287037037035,0.11964699074074076
955,1650240,0.060619212962962965,0.07219328703703703,0.12037037037037038,0.05338541666666667,0.42896412037037035,0.6964699074074074,0.6342592592592593,0.3939525462962963,0.3289930555555555,0.6064814814814815,0.5745081018518519,0.2871817129629629,0.048900462962962965,0.10778356481481483,0.04904513888888889,0.11805555555555555
956,1651968,0.055121527777777776,0.06553819444444445,0.11328125,0.0546875,0.47265625,0.6708622685185186,0.5969328703703703,0.3988715277777778,0.36704282407407407,0.6147280092592593,0.5559895833333333,0.28920717592592593,0.045572916666666664,0.1115451388888889,0.05324074074074074,0.11313657407407407
957,1653696,0.060474537037037035,0.06799768518518519,0.11675347222222221,0.0513599537037037,0.43243634259259256,0.6630497685185186,0.6377314814814815,0.42592592592592593,0.33203125,0.5837673611111112,0.5794270833333333,0.3213252314814815,0.051215277777777776,0.1043113425925926,0.051359953703703706,0.10706018518518519
958,1655424,0.05685763888888889,0.062065972222222224,0.10228587962962962,0.04918981481481481,0.42607060185185186,0.6569733796296297,0.6391782407407407,0.4175347222222222,0.3295717592592593,0.6001157407407407,0.5853587962962963,0.31828703703703703,0.04673032407407408,0.10517939814814814,0.044994212962962965,0.11024305555555555
959,1657152,0.06365740740740741,0.07161458333333333,0.10358796296296297,0.05960648148148148,0.45095486111111116,0.6705729166666667,0.6144386574074074,0.4039351851851852,0.35083912037037035,0.6022858796296297,0.564525462962963,0.29759837962962965,0.04933449074074074,0.10358796296296297,0.05092592592592593,0.10980902777777778
960,1658880,0.06495949074074074,0.07233796296296297,0.11009837962962962,0.053530092592592594,0.46296296296296297,0.6964699074074074,0.6138599537037036,0.39670138888888884,0.3521412037037037,0.6060474537037037,0.5494791666666666,0.28284143518518523,0.048755787037037035,0.10836226851851852,0.055266203703703706,0.12745949074074076
961,1660608,0.058159722222222224,0.05975115740740741,0.10185185185185186,0.058159722222222224,0.4754050925925926,0.6456886574074074,0.5907118055555556,0.43373842592592593,0.37471064814814814,0.5907118055555556,0.5555555555555556,0.3203125,0.047453703703703706,0.09447337962962962,0.051359953703703706,0.10517939814814814
962,1662336,0.06134259259259259,0.07667824074074074,0.11328125,0.047453703703703706,0.44140625,0.7052951388888888,0.6423611111111112,0.39004629629629634,0.33391203703703703,0.6050347222222223,0.5713252314814815,0.27806712962962965,0.04152199074074074,0.10431134259259259,0.041811342592592594,0.12326388888888888
963,1664064,0.0681423611111111,0.07161458333333333,0.11299189814814814,0.052083333333333336,0.453125,0.6945891203703705,0.6322337962962963,0.4004629629629629,0.3480902777777778,0.5921585648148148,0.5580150462962963,0.29427083333333337,0.04007523148148148,0.10387731481481483,0.046440972222222224,0.12080439814814814
964,1665792,0.06568287037037036,0.0826099537037037,0.11588541666666667,0.05787037037037037,0.4578993055555556,0.6940104166666666,0.6157407407407407,0.4019097222222222,0.34519675925925924,0.5904224537037037,0.552662037037037,0.2855902777777778,0.04152199074074074,0.10966435185185185,0.05005787037037037,0.12586805555555555
965,1667520,0.06958912037037038,0.0798611111111111,0.11617476851851852,0.04976851851851852,0.4871238425925926,0.6931423611111112,0.6060474537037037,0.4085648148148148,0.3540219907407408,0.5787037037037037,0.5364583333333333,0.27763310185185186,0.040798611111111105,0.10908564814814814,0.04456018518518519,0.1267361111111111
966,1669248,0.06655092592592593,0.07248263888888888,0.11313657407407407,0.058159722222222224,0.4759837962962963,0.6413483796296297,0.6030092592592593,0.4671585648148148,0.3637152777777778,0.5425347222222222,0.5282118055555556,0.33391203703703703,0.044849537037037035,0.10416666666666666,0.04846643518518519,0.11183449074074073
967,1670976,0.05367476851851852,0.06553819444444445,0.10243055555555555,0.05700231481481481,0.45558449074074076,0.6765046296296295,0.6041666666666667,0.41811342592592593,0.3599537037037037,0.6076388888888888,0.5638020833333333,0.30396412037037035,0.05078125,0.0982349537037037,0.054253472222222224,0.09953703703703703
968,1672704,0.05685763888888889,0.06481481481481483,0.10648148148148148,0.05367476851851852,0.4366319444444444,0.65234375,0.6320891203703703,0.43952546296296297,0.3421585648148148,0.5868055555555556,0.5801504629629629,0.32740162037037035,0.044270833333333336,0.09389467592592593,0.04586226851851852,0.10286458333333333
969,1674432,0.06105324074074074,0.07016782407407407,0.10763888888888888,0.04976851851851852,0.4144965277777778,0.7032696759259259,0.6438078703703705,0.3936631944444444,0.32971643518518523,0.6264467592592593,0.59765625,0.2944155092592593,0.04673032407407407,0.0954861111111111,0.05164930555555555,0.1072048611111111
970,1676160,0.05888310185185185,0.0720486111111111,0.11458333333333334,0.05931712962962963,0.45891203703703703,0.6945891203703703,0.6138599537037037,0.3927951388888889,0.35141782407407407,0.6122685185185186,0.5617766203703703,0.27864583333333337,0.04470486111111111,0.09751157407407407,0.04976851851851852,0.11385995370370369
971,1677888,0.06163194444444445,0.06770833333333334,0.1076388888888889,0.054253472222222224,0.43431712962962965,0.6728877314814815,0.6176215277777778,0.42375578703703703,0.3492476851851852,0.6122685185185186,0.5775462962962963,0.3107638888888889,0.04383680555555555,0.09519675925925926,0.048755787037037035,0.10590277777777779
972,1679616,0.06278935185185186,0.06336805555555555,0.10112847222222222,0.06351273148148148,0.4252025462962963,0.6843171296296297,0.6267361111111112,0.4006076388888889,0.3441840277777778,0.6212384259259259,0.5882523148148148,0.2999131944444445,0.043402777777777776,0.08608217592592593,0.04918981481481481,0.10026041666666666
973,1681344,0.06684027777777778,0.07277199074074073,0.11125578703703703,0.06380208333333334,0.4318576388888889,0.7136863425925926,0.6325231481481481,0.38020833333333337,0.33405671296296297,0.6338252314814815,0.5852141203703703,0.25535300925925924,0.044126157407407406,0.09852430555555555,0.05078125,0.11559606481481481
974,1683072,0.0685763888888889,0.06293402777777778,0.10648148148148148,0.06264467592592593,0.40610532407407407,0.6854745370370371,0.6520543981481481,0.40870949074074076,0.3307291666666667,0.6173321759259259,0.5963541666666667,0.2945601851851852,0.04513888888888889,0.08883101851851852,0.05222800925925926,0.11067708333333334
975,1684800,0.06495949074074074,0.06568287037037038,0.10460069444444445,0.05902777777777778,0.4644097222222222,0.6811342592592593,0.6057581018518519,0.4166666666666667,0.36328125,0.6092303240740741,0.5600405092592593,0.2990451388888889,0.04470486111111111,0.09100115740740741,0.05381944444444445,0.10112847222222224
976,1686528,0.07291666666666667,0.0730613425925926,0.12181712962962964,0.06597222222222222,0.5140335648148148,0.6380208333333334,0.5771122685185185,0.47019675925925924,0.38078703703703703,0.5342881944444444,0.5033275462962963,0.3207465277777778,0.041087962962962965,0.09722222222222222,0.039496527777777776,0.11979166666666667
977,1688256,0.06380208333333334,0.06177662037037037,0.11183449074074076,0.052662037037037035,0.44212962962962965,0.6549479166666667,0.6355613425925926,0.44994212962962965,0.3446180555555556,0.5807291666666667,0.5774016203703705,0.3172743055555556,0.03486689814814815,0.0859375,0.033854166666666664,0.10474537037037038
978,1689984,0.0720486111111111,0.07016782407407407,0.11299189814814814,0.06380208333333333,0.48075810185185186,0.6714409722222222,0.6122685185185185,0.44024884259259256,0.36212384259259256,0.580150462962963,0.5451388888888888,0.28833912037037035,0.04383680555555555,0.09129050925925926,0.03920717592592592,0.11357060185185185
979,1691712,0.06958912037037036,0.06799768518518519,0.1105324074074074,0.06597222222222222,0.44458912037037035,0.677662037037037,0.611400462962963,0.41724537037037035,0.3460648148148148,0.59765625,0.5723379629629629,0.29615162037037035,0.04615162037037037,0.09360532407407407,0.04832175925925926,0.11183449074074074
980,1693440,0.06886574074074074,0.06684027777777778,0.10836226851851852,0.06481481481481483,0.4730902777777778,0.6711516203703705,0.5891203703703705,0.4233217592592593,0.36733217592592593,0.5950520833333334,0.5480324074074074,0.29716435185185186,0.045717592592592594,0.08246527777777778,0.046875,0.11168981481481483
981,1695168,0.07494212962962962,0.07335069444444445,0.11299189814814815,0.059172453703703706,0.4453125,0.7144097222222222,0.6276041666666666,0.39641203703703703,0.34346064814814814,0.6140046296296295,0.5678530092592593,0.2594039351851852,0.042245370370370364,0.09548611111111112,0.049045138888888895,0.12456597222222222
982,1696896,0.07450810185185186,0.07103587962962964,0.10691550925925926,0.05859375,0.47627314814814814,0.6872106481481481,0.5949074074074074,0.4267939814814815,0.3732638888888889,0.5866608796296297,0.5287905092592593,0.28486689814814814,0.05396412037037037,0.09288194444444445,0.04716435185185185,0.11950231481481481
983,1698624,0.0736400462962963,0.07552083333333334,0.10951967592592593,0.06510416666666667,0.46064814814814814,0.6793981481481481,0.6141493055555556,0.4320023148148148,0.34881365740740744,0.5737847222222222,0.5502025462962963,0.2806712962962963,0.05251736111111111,0.09259259259259259,0.04470486111111111,0.12355324074074073
984,1700352,0.0681423611111111,0.06452546296296297,0.10257523148148148,0.06351273148148148,0.4236111111111111,0.6877893518518519,0.6393229166666667,0.4130497685185185,0.3337673611111111,0.6087962962962963,0.5866608796296297,0.2867476851851852,0.044270833333333336,0.0865162037037037,0.0435474537037037,0.11776620370370372
985,1702080,0.07118055555555557,0.07552083333333334,0.10807291666666666,0.06278935185185186,0.46513310185185186,0.6553819444444444,0.611400462962963,0.453125,0.35431134259259256,0.5530960648148149,0.5452835648148149,0.32436342592592593,0.0423900462962963,0.08101851851851852,0.046296296296296294,0.11371527777777776
986,1703808,0.06539351851851852,0.06293402777777779,0.09968171296296297,0.057436342592592594,0.4509548611111111,0.6728877314814814,0.6150173611111112,0.42910879629629634,0.3459201388888889,0.5830439814814814,0.5635127314814815,0.3094618055555556,0.044704861111111105,0.08564814814814814,0.05338541666666667,0.11299189814814814
987,1705536,0.06524884259259259,0.06090856481481482,0.09780092592592592,0.05555555555555555,0.4366319444444444,0.6899594907407407,0.6265914351851852,0.41435185185185186,0.33955439814814814,0.6125578703703703,0.5873842592592593,0.2935474537037037,0.04759837962962963,0.08608217592592593,0.045717592592592594,0.11443865740740741
988,1707264,0.06076388888888889,0.061776620370370364,0.10474537037037038,0.06177662037037037,0.4212962962962963,0.6747685185185186,0.6368634259259259,0.4188368055555556,0.33232060185185186,0.6082175925925926,0.5910011574074074,0.30844907407407407,0.04586226851851852,0.08434606481481483,0.049479166666666664,0.12152777777777779
989,1708992,0.06510416666666666,0.07523148148148148,0.1111111111111111,0.07219328703703703,0.4901620370370371,0.6675347222222222,0.5869502314814814,0.4398148148148148,0.3605324074074074,0.5581597222222222,0.5193865740740741,0.2913773148148148,0.050347222222222224,0.10243055555555555,0.04947916666666667,0.13599537037037038
990,1710720,0.06770833333333334,0.07552083333333333,0.12065972222222222,0.07277199074074074,0.4403935185185185,0.7028356481481481,0.6333912037037037,0.41377314814814814,0.3291377314814815,0.5850694444444444,0.5601851851851851,0.27734375,0.0541087962962963,0.09678819444444445,0.05338541666666667,0.12919560185185186
991,1712448,0.05758101851851852,0.05700231481481481,0.09924768518518517,0.06351273148148148,0.3900462962962963,0.689380787037037,0.6559606481481481,0.3993055555555556,0.3135127314814815,0.6346932870370371,0.6244212962962963,0.29325810185185186,0.04513888888888889,0.08116319444444445,0.05164930555555555,0.12008101851851852
992,1714176,0.06481481481481481,0.061921296296296294,0.10228587962962964,0.07132523148148148,0.472800925925926,0.6752025462962963,0.5982349537037037,0.42592592592592593,0.36357060185185186,0.5836226851851851,0.5458622685185186,0.29962384259259256,0.043547453703703706,0.08535879629629631,0.04137731481481482,0.12239583333333334
993,1715904,0.06322337962962962,0.0685763888888889,0.10517939814814815,0.06872106481481481,0.43547453703703703,0.6964699074074074,0.6387442129629629,0.3897569444444444,0.3336226851851852,0.6127025462962963,0.5833333333333333,0.2718460648148148,0.04788773148148148,0.08796296296296297,0.04976851851851852,0.11805555555555555
994,1717632,0.07016782407407408,0.0736400462962963,0.10720486111111112,0.08101851851851852,0.5079571759259259,0.6561053240740741,0.5785590277777777,0.4409722222222222,0.3721064814814815,0.5416666666666666,0.5154803240740742,0.2999131944444444,0.05092592592592593,0.09519675925925927,0.048900462962962965,0.12919560185185186
995,1719360,0.06380208333333334,0.06655092592592593,0.09794560185185186,0.07609953703703703,0.49493634259259256,0.6605902777777778,0.5931712962962963,0.4427083333333333,0.3680555555555556,0.5622106481481481,0.5328414351851851,0.30222800925925924,0.04383680555555555,0.0798611111111111,0.04383680555555555,0.12152777777777776
996,1721088,0.06727430555555555,0.07277199074074073,0.10257523148148148,0.08015046296296297,0.4661458333333333,0.6750578703703703,0.6106770833333334,0.42332175925925924,0.3464988425925926,0.5607638888888888,0.5483217592592593,0.29369212962962965,0.04441550925925926,0.09056712962962962,0.046585648148148154,0.13078703703703703
997,1722816,0.05570023148148148,0.0642361111111111,0.09635416666666666,0.06597222222222221,0.43287037037037035,0.6967592592592593,0.6335358796296297,0.4017650462962963,0.33318865740740744,0.6202256944444444,0.5827546296296295,0.26822916666666663,0.04398148148148148,0.09027777777777778,0.04861111111111111,0.12485532407407407
998,1724544,0.062065972222222224,0.0681423611111111,0.10460069444444445,0.07118055555555555,0.4346064814814815,0.6710069444444444,0.6303530092592593,0.4286747685185185,0.33752893518518523,0.5776909722222222,0.578125,0.31090856481481477,0.040943287037037035,0.07942708333333333,0.048900462962962965,0.11429398148148148
999,1726272,0.052951388888888895,0.0541087962962963,0.09606481481481483,0.06741898148148148,0.4273726851851852,0.6595775462962963,0.6333912037037037,0.4205729166666667,0.34186921296296297,0.607494212962963,0.5993923611111112,0.30844907407407407,0.040364583333333336,0.07826967592592593,0.04701967592592592,0.10561342592592593
1000,1728000,0.05700231481481481,0.0619212962962963,0.09780092592592593,0.06915509259259259,0.43778935185185186,0.6643518518518519,0.6222511574074074,0.43952546296296297,0.34447337962962965,0.578125,0.5679976851851851,0.32392939814814814,0.05005787037037037,0.08043981481481481,0.05251736111111111,0.10199652777777776
1001,1729728,0.055266203703703706,0.06351273148148148,0.09765625,0.07392939814814815,0.4525462962962963,0.6838831018518519,0.6228298611111112,0.40653935185185186,0.35185185185185186,0.6022858796296297,0.57421875,0.27980324074074076,0.04325810185185185,0.08043981481481483,0.04586226851851852,0.10778356481481481
1002,1731456,0.06004050925925926,0.07335069444444445,0.11096643518518517,0.0724826388888889,0.4660011574074074,0.6754918981481481,0.6077835648148149,0.4075520833333333,0.3598090277777778,0.5923032407407407,0.5499131944444444,0.28125,0.04933449074074074,0.09331597222222222,0.05859375,0.10474537037037036
1003,1733184,0.06221064814814815,0.0759548611111111,0.11357060185185185,0.06886574074074074,0.4735243055555556,0.6880787037037037,0.6050347222222222,0.41001157407407407,0.3677662037037037,0.6027199074074074,0.5481770833333333,0.2789351851851852,0.040943287037037035,0.09418402777777778,0.0636574074074074,0.10300925925925926
1004,1734912,0.057870370370370364,0.07204861111111112,0.10648148148148148,0.07407407407407407,0.4314236111111111,0.6908275462962963,0.6442418981481481,0.3990162037037037,0.33622685185185186,0.609375,0.579861111111111,0.27141203703703703,0.04788773148148148,0.08666087962962962,0.05584490740740741,0.11082175925925926
1005,1736640,0.059172453703703706,0.06394675925925926,0.10286458333333333,0.08087384259259259,0.42954282407407407,0.6579861111111112,0.6304976851851851,0.41984953703703703,0.34490740740740744,0.5931712962962963,0.576388888888889,0.30396412037037035,0.05049189814814815,0.08043981481481483,0.058159722222222224,0.10300925925925924
1006,1738368,0.06076388888888889,0.06380208333333333,0.09751157407407407,0.08159722222222222,0.44936342592592593,0.6652199074074074,0.6199363425925926,0.42447916666666663,0.359375,0.587818287037037,0.5568576388888888,0.30830439814814814,0.047309027777777776,0.08550347222222222,0.05700231481481482,0.10040509259259259
1007,1740096,0.05960648148148148,0.06669560185185186,0.11588541666666666,0.08318865740740741,0.4375,0.6979166666666667,0.6268807870370371,0.37398726851851855,0.3381076388888889,0.6245659722222222,0.5831886574074073,0.2504340277777778,0.055266203703703706,0.08579282407407407,0.0591724537037037,0.11183449074074073
1008,1741824,0.06090856481481481,0.0681423611111111,0.10329861111111112,0.07609953703703703,0.4681712962962963,0.6526331018518519,0.6195023148148148,0.4525462962962963,0.3603877314814815,0.5546875,0.5439814814814815,0.30931712962962965,0.04325810185185185,0.08232060185185186,0.04542824074074074,0.10836226851851852
1009,1743552,0.06524884259259259,0.07696759259259259,0.11805555555555555,0.07161458333333334,0.4076967592592593,0.7118055555555556,0.6662326388888888,0.3715277777777778,0.30859375,0.6109664351851851,0.5927372685185185,0.25708912037037035,0.04788773148148148,0.08535879629629631,0.06090856481481481,0.12094907407407408
1010,1745280,0.055266203703703706,0.06409143518518519,0.10257523148148148,0.07060185185185186,0.41116898148148145,0.68359375,0.6530671296296297,0.39467592592592593,0.31886574074074076,0.6186342592592593,0.6076388888888888,0.279224537037037,0.046875,0.0865162037037037,0.05555555555555555,0.11125578703703705
1011,1747008,0.06409143518518519,0.07378472222222222,0.10040509259259259,0.07595486111111112,0.4874131944444444,0.6741898148148148,0.5849247685185186,0.41767939814814814,0.37745949074074076,0.5768229166666667,0.5218460648148148,0.2949942129629629,0.05381944444444444,0.08550347222222221,0.06553819444444445,0.10619212962962964
1012,1748736,0.05627893518518519,0.07421875,0.11921296296296297,0.07740162037037038,0.41912615740740744,0.6977719907407407,0.6516203703703703,0.38483796296296297,0.3207465277777778,0.6142939814814815,0.5873842592592592,0.26359953703703703,0.051070601851851846,0.09606481481481483,0.060474537037037035,0.11183449074074076
1013,1750464,0.054976851851851846,0.06915509259259259,0.11197916666666666,0.07161458333333333,0.421875,0.6812789351851851,0.6498842592592593,0.40610532407407407,0.3298611111111111,0.6061921296296297,0.5827546296296297,0.28240740740740744,0.04586226851851852,0.08839699074074074,0.057146990740740734,0.11516203703703703
1014,1752192,0.05627893518518518,0.06741898148148148,0.10677083333333333,0.07711226851851852,0.4434317129629629,0.6859085648148148,0.6280381944444444,0.3993055555555556,0.33738425925925924,0.5923032407407407,0.5708912037037037,0.2779224537037037,0.052662037037037035,0.08940972222222222,0.05309606481481481,0.10894097222222221
1015,1753920,0.048900462962962965,0.05555555555555555,0.10908564814814815,0.07841435185185185,0.4227430555555555,0.6853298611111112,0.6461226851851851,0.3993055555555556,0.32884837962962965,0.6127025462962963,0.5938946759259259,0.2816840277777778,0.04976851851851852,0.0876736111111111,0.05859375,0.10517939814814814
1016,1755648,0.046296296296296294,0.05714699074074074,0.09418402777777778,0.07450810185185186,0.4150752314814815,0.7024016203703703,0.6313657407407407,0.3765914351851852,0.3509837962962963,0.6407696759259258,0.5934606481481481,0.27416087962962965,0.05439814814814815,0.08391203703703703,0.07146990740740741,0.09447337962962962
1017,1757376,0.05164930555555556,0.06032986111111111,0.10517939814814815,0.07421875,0.42346643518518523,0.6711516203703705,0.6403356481481481,0.40552662037037035,0.34563078703703703,0.6057581018518519,0.5931712962962963,0.3026620370370371,0.043402777777777776,0.08362268518518519,0.059751157407407406,0.09360532407407407
1018,1759104,0.04658564814814815,0.06438078703703703,0.10951967592592593,0.08723958333333334,0.4252025462962963,0.6841724537037037,0.630931712962963,0.39872685185185186,0.34953703703703703,0.6046006944444444,0.5802951388888888,0.28110532407407407,0.054108796296296294,0.08535879629629631,0.06741898148148148,0.09953703703703703
1019,1760832,0.054108796296296294,0.06293402777777778,0.10633680555555555,0.08304398148148148,0.4603587962962963,0.6798321759259259,0.6056134259259259,0.39742476851851855,0.3689236111111111,0.6017071759259259,0.556568287037037,0.26938657407407407,0.050491898148148154,0.08781828703703703,0.06712962962962962,0.10604745370370369
1020,1762560,0.052806712962962965,0.05946180555555555,0.10199652777777778,0.09635416666666666,0.4771412037037037,0.6474247685185186,0.5846354166666667,0.42679398148148145,0.38165509259259256,0.5805844907407407,0.5428240740740741,0.3058449074074074,0.05295138888888888,0.07798032407407407,0.07219328703703703,0.09953703703703705
1021,1764288,0.048321759259259266,0.06409143518518519,0.0998263888888889,0.08637152777777778,0.42115162037037035,0.6663773148148148,0.6303530092592592,0.40407986111111116,0.35170717592592593,0.6079282407407407,0.5904224537037037,0.3072916666666667,0.045717592592592594,0.08058449074074073,0.0685763888888889,0.09317129629629628
1022,1766016,0.051938657407407406,0.06828703703703703,0.10619212962962962,0.08087384259259259,0.4379340277777778,0.693431712962963,0.6335358796296297,0.3802083333333333,0.35083912037037035,0.6060474537037037,0.5690104166666666,0.2686631944444444,0.048900462962962965,0.08289930555555555,0.06712962962962962,0.1115451388888889
1023,1767744,0.051215277777777776,0.06770833333333334,0.09895833333333333,0.08521412037037038,0.4247685185185185,0.6807002314814815,0.6458333333333333,0.40306712962962965,0.34056712962962965,0.5998263888888888,0.5769675925925926,0.28515625,0.04962384259259259,0.07291666666666667,0.05714699074074074,0.11111111111111112
1024,1769472,0.05772569444444445,0.06770833333333334,0.10358796296296297,0.08969907407407407,0.42158564814814814,0.6880787037037037,0.6516203703703703,0.37037037037037035,0.3428819444444444,0.6108217592592593,0.5836226851851852,0.2650462962962963,0.05251736111111111,0.07913773148148148,0.06206597222222222,0.11429398148148148
1025,1771200,0.05367476851851852,0.06568287037037036,0.09794560185185186,0.08521412037037038,0.43084490740740744,0.6546585648148149,0.6413483796296297,0.42173032407407407,0.3492476851851852,0.5745081018518519,0.574363425925926,0.3153935185185185,0.047598379629629636,0.06756365740740741,0.05570023148148148,0.10416666666666667
1026,1772928,0.057870370370370364,0.0720486111111111,0.11255787037037036,0.07899305555555555,0.4292534722222222,0.669849537037037,0.6432291666666667,0.4058159722222222,0.33854166666666663,0.5771122685185185,0.5711805555555556,0.2960069444444444,0.051359953703703706,0.07233796296296297,0.05830439814814815,0.11371527777777779
1027,1774656,0.05758101851851852,0.07161458333333333,0.10546875,0.08680555555555555,0.4370659722222222,0.6888020833333334,0.6364293981481481,0.37905092592592593,0.35054976851851855,0.5992476851851851,0.5679976851851852,0.27719907407407407,0.05107060185185185,0.07725694444444445,0.07204861111111112,0.1072048611111111
1028,1776384,0.059895833333333336,0.07262731481481483,0.11414930555555555,0.08579282407407407,0.4620949074074074,0.7038483796296297,0.6328125,0.3745659722222222,0.35185185185185186,0.58984375,0.54296875,0.2543402777777778,0.04817708333333333,0.0775462962962963,0.06684027777777778,0.1216724537037037
1029,1778112,0.05859375,0.0730613425925926,0.10286458333333334,0.08564814814814814,0.47424768518518523,0.7149884259259259,0.6142939814814815,0.35286458333333337,0.36834490740740744,0.6069155092592593,0.5451388888888888,0.24377893518518517,0.04774305555555555,0.07783564814814814,0.06857638888888888,0.12022569444444445
1030,1779840,0.060474537037037035,0.07855902777777779,0.11516203703703703,0.08564814814814814,0.4204282407407407,0.6986400462962963,0.6657986111111112,0.36950231481481477,0.32696759259259256,0.5928819444444444,0.5776909722222222,0.2679398148148148,0.04484953703703704,0.07508680555555555,0.0691550925925926,0.12123842592592593
1031,1781568,0.05700231481481481,0.06105324074074074,0.10083912037037038,0.0904224537037037,0.4318576388888889,0.7092013888888888,0.6429398148148149,0.3525752314814815,0.35170717592592593,0.6232638888888888,0.5785590277777777,0.25679976851851855,0.04976851851851852,0.07074652777777778,0.06481481481481483,0.11096643518518519
1032,1783296,0.061487268518518524,0.07624421296296297,0.11863425925925926,0.08839699074074074,0.462818287037037,0.6809895833333333,0.6265914351851852,0.39728009259259256,0.34664351851851855,0.5668402777777778,0.5409432870370371,0.26953125,0.04456018518518519,0.08362268518518517,0.06018518518518519,0.13093171296296297
1033,1785024,0.05714699074074074,0.06264467592592593,0.10026041666666666,0.09085648148148148,0.48075810185185186,0.6594328703703703,0.6089409722222222,0.4246238425925926,0.37369791666666663,0.5574363425925926,0.5381944444444444,0.3059895833333333,0.045717592592592594,0.06568287037037038,0.060474537037037035,0.10807291666666666
1034,1786752,0.06148726851851852,0.06958912037037038,0.10908564814814814,0.09707754629629631,0.4855324074074074,0.6778067129629629,0.6121238425925926,0.4033564814814815,0.37297453703703703,0.5610532407407407,0.5364583333333334,0.28255208333333337,0.04571759259259259,0.06481481481481481,0.06177662037037038,0.1111111111111111
1035,1788480,0.05627893518518518,0.07074652777777778,0.1021412037037037,0.09375,0.4652777777777778,0.7132523148148148,0.6199363425925926,0.3650173611111111,0.36646412037037035,0.5992476851851851,0.5480324074074074,0.24985532407407407,0.0474537037037037,0.0697337962962963,0.06973379629629631,0.1150173611111111
1036,1790208,0.052662037037037035,0.053530092592592594,0.09461805555555555,0.09563078703703703,0.4605034722222222,0.67578125,0.611255787037037,0.39048032407407407,0.37297453703703703,0.6059027777777778,0.5609085648148149,0.2806712962962963,0.042534722222222224,0.057870370370370364,0.061342592592592594,0.11024305555555555
1037,1791936,0.05758101851851852,0.06134259259259259,0.09722222222222222,0.10141782407407407,0.4865451388888889,0.6510416666666667,0.5969328703703703,0.4366319444444445,0.3784722222222222,0.5480324074074074,0.5214120370370371,0.3114872685185185,0.044994212962962965,0.059751157407407406,0.06568287037037038,0.11516203703703703
1038,1793664,0.05280671296296296,0.06756365740740741,0.10749421296296297,0.09461805555555555,0.4364872685185185,0.7093460648148148,0.6264467592592593,0.36111111111111116,0.3492476851851852,0.6080729166666666,0.5690104166666666,0.2554976851851852,0.04325810185185185,0.06929976851851852,0.06929976851851852,0.1283275462962963
1039,1795392,0.051215277777777776,0.06264467592592593,0.10344328703703703,0.09519675925925926,0.4223090277777778,0.6710069444444444,0.6319444444444444,0.4000289351851852,0.34389467592592593,0.5869502314814814,0.5814525462962963,0.2984664351851852,0.03804976851851852,0.06915509259259259,0.06264467592592593,0.12369791666666669
1040,1797120,0.06221064814814815,0.0753761574074074,0.10228587962962962,0.09635416666666666,0.43287037037037035,0.712962962962963,0.6414930555555556,0.36255787037037035,0.34736689814814814,0.5947627314814814,0.5695891203703703,0.25954861111111116,0.04456018518518518,0.06655092592592593,0.06452546296296297,0.1255787037037037
1041,1798848,0.05844907407407408,0.05946180555555555,0.09780092592592593,0.09866898148148148,0.45283564814814814,0.6733217592592593,0.6135706018518519,0.40335648148148145,0.3580729166666667,0.5749421296296295,0.5506365740740741,0.2884837962962963,0.03761574074074074,0.06018518518518519,0.060474537037037035,0.1306423611111111
1042,1800576,0.06495949074074074,0.07436342592592593,0.10865162037037038,0.0959201388888889,0.4318576388888889,0.7042824074074074,0.6331018518518519,0.3602430555555556,0.34649884259259256,0.6059027777777778,0.5679976851851851,0.25708912037037035,0.040943287037037035,0.07364004629629631,0.0681423611111111,0.13049768518518517
1043,1802304,0.051215277777777776,0.07016782407407407,0.09736689814814814,0.09505208333333334,0.44256365740740744,0.7109375,0.6122685185185186,0.3485243055555556,0.36111111111111116,0.6310763888888888,0.5717592592592593,0.25289351851851855,0.04166666666666667,0.07045717592592593,0.06886574074074074,0.12413194444444443
1044,1804032,0.05049189814814815,0.059027777777777776,0.09968171296296297,0.08955439814814814,0.4383680555555555,0.6940104166666667,0.6154513888888888,0.37514467592592593,0.3599537037037037,0.6135706018518519,0.5678530092592593,0.2760416666666667,0.04152199074074074,0.06394675925925926,0.06018518518518519,0.12123842592592593
1045,1805760,0.04991319444444444,0.059895833333333336,0.09519675925925924,0.08796296296296297,0.4471932870370371,0.6681134259259259,0.6167534722222222,0.40263310185185186,0.3637152777777778,0.578269675925926,0.5674189814814814,0.30497685185185186,0.04036458333333333,0.055121527777777776,0.05555555555555556,0.1193576388888889
1046,1807488,0.05598958333333333,0.06655092592592592,0.10185185185185185,0.08796296296296297,0.45269097222222227,0.6769386574074074,0.6166087962962963,0.39424189814814814,0.35575810185185186,0.5688657407407407,0.5546875,0.2896412037037037,0.041811342592592594,0.06568287037037038,0.05830439814814815,0.13469328703703703
1047,1809216,0.053530092592592594,0.05975115740740741,0.09997106481481481,0.08695023148148148,0.4052372685185185,0.6844618055555556,0.6481481481481481,0.3771701388888889,0.34693287037037035,0.6073495370370371,0.5876736111111112,0.29282407407407407,0.040943287037037035,0.06611689814814814,0.06611689814814815,0.12008101851851852
1048,1810944,0.056568287037037035,0.06235532407407407,0.10358796296296297,0.08969907407407407,0.4379340277777778,0.673900462962963,0.6060474537037037,0.39380787037037035,0.3616898148148148,0.5817418981481481,0.5697337962962963,0.30237268518518523,0.040943287037037035,0.06293402777777778,0.06495949074074074,0.11371527777777779
1049,1812672,0.058449074074074084,0.06090856481481481,0.10749421296296297,0.08883101851851852,0.4519675925925926,0.6980613425925926,0.6119791666666667,0.359375,0.3648726851851852,0.6009837962962963,0.5656828703703703,0.26490162037037035,0.04137731481481482,0.0642361111111111,0.055844907407407406,0.12644675925925924
1050,1814400,0.05931712962962963,0.05627893518518519,0.10575810185185186,0.08651620370370369,0.4223090277777778,0.6540798611111112,0.6276041666666666,0.4105902777777778,0.3538773148148148,0.5794270833333334,0.5850694444444444,0.31655092592592593,0.03993055555555555,0.058159722222222224,0.06394675925925926,0.11197916666666667
1051,1816128,0.06032986111111111,0.05758101851851852,0.10069444444444443,0.08304398148148148,0.46108217592592593,0.6876446759259259,0.6022858796296297,0.3778935185185185,0.38078703703703703,0.6059027777777778,0.5512152777777778,0.28385416666666663,0.04210069444444445,0.06438078703703703,0.06278935185185186,0.1127025462962963
1052,1817856,0.06365740740740741,0.06553819444444445,0.11038773148148148,0.0865162037037037,0.45326967592592593,0.6669560185185185,0.6090856481481481,0.38049768518518523,0.3677662037037037,0.5823206018518519,0.5574363425925926,0.2962962962962963,0.038628472222222224,0.06539351851851852,0.0642361111111111,0.12442129629629631
1053,1819584,0.06351273148148148,0.07653356481481481,0.11328125,0.08651620370370369,0.46846064814814814,0.6928530092592593,0.6102430555555556,0.3716724537037037,0.36487268518518523,0.5775462962962963,0.5445601851851851,0.2705439814814815,0.03891782407407407,0.06987847222222221,0.05772569444444444,0.13642939814814814
1054,1821312,0.05844907407407408,0.07016782407407407,0.11168981481481481,0.08015046296296297,0.48307291666666663,0.66796875,0.5921585648148149,0.4032118055555556,0.37572337962962965,0.56640625,0.525318287037037,0.28978587962962965,0.03819444444444444,0.07219328703703703,0.058015046296296294,0.13570601851851852
1055,1823040,0.0720486111111111,0.07421875,0.11487268518518517,0.08246527777777779,0.46368634259259256,0.6782407407407408,0.6021412037037037,0.39091435185185186,0.3676215277777778,0.564670138888889,0.5298032407407407,0.29181134259259256,0.04383680555555555,0.07552083333333334,0.06481481481481481,0.12688078703703703
1056,1824768,0.06553819444444445,0.0703125,0.11458333333333333,0.08940972222222222,0.5008680555555556,0.6799768518518519,0.5730613425925926,0.39048032407407407,0.39076967592592593,0.5649594907407407,0.5101273148148149,0.27980324074074076,0.04224537037037037,0.07581018518518517,0.06206597222222222,0.12905092592592593
1057,1826496,0.06018518518518519,0.07277199074074074,0.11964699074074073,0.07581018518518519,0.40234375,0.7131076388888888,0.6614583333333334,0.35517939814814814,0.3237847222222222,0.6121238425925926,0.5972222222222222,0.2625868055555556,0.03747106481481482,0.07306134259259259,0.05642361111111111,0.13527199074074076
1058,1828224,0.06987847222222222,0.06770833333333333,0.10402199074074074,0.08868634259259259,0.4619502314814815,0.6662326388888888,0.603443287037037,0.3995949074074074,0.37254050925925924,0.5750868055555556,0.5474537037037037,0.2958622685185185,0.03819444444444445,0.0652488425925926,0.060619212962962965,0.11964699074074074
1059,1829952,0.07349537037037038,0.07928240740740741,0.11588541666666666,0.08839699074074076,0.4978298611111111,0.6776620370370371,0.5923032407407407,0.40509259259259256,0.37861689814814814,0.5455729166666667,0.5092592592592593,0.2828414351851852,0.03226273148148148,0.06929976851851852,0.054108796296296294,0.13469328703703703
1060,1831680,0.06799768518518519,0.0685763888888889,0.1076388888888889,0.0814525462962963,0.44560185185185186,0.6712962962962963,0.6138599537037037,0.38845486111111116,0.36140046296296297,0.5905671296296295,0.5555555555555556,0.2960069444444444,0.03486689814814815,0.07407407407407407,0.06293402777777778,0.1177662037037037
1061,1833408,0.06394675925925926,0.06365740740740741,0.1072048611111111,0.08868634259259259,0.42766203703703703,0.6841724537037037,0.6290509259259258,0.3802083333333333,0.35517939814814814,0.5895543981481481,0.5639467592592593,0.2860243055555556,0.03761574074074074,0.06568287037037038,0.06409143518518517,0.13208912037037038
1062,1835136,0.06611689814814815,0.07320601851851852,0.11848958333333333,0.07942708333333334,0.4312789351851852,0.6846064814814815,0.6349826388888888,0.38440393518518523,0.3389756944444445,0.5834780092592593,0.5577256944444444,0.28920717592592593,0.03689236111111111,0.07537615740740741,0.060040509259259266,0.12861689814814814
1063,1836864,0.05685763888888888,0.06626157407407407,0.10894097222222222,0.06828703703703703,0.40697337962962965,0.6950231481481481,0.6568287037037037,0.3800636574074074,0.33796296296296297,0.6064814814814815,0.5863715277777778,0.2894965277777778,0.02907986111111111,0.07175925925925926,0.057436342592592594,0.1189236111111111
1064,1838592,0.0681423611111111,0.07407407407407407,0.11516203703703703,0.08434606481481483,0.42505787037037035,0.6892361111111112,0.6380208333333334,0.3819444444444444,0.3402777777777778,0.5853587962962963,0.5616319444444444,0.28776041666666663,0.03515625,0.07002314814814814,0.062065972222222224,0.12644675925925924
1065,1840320,0.07552083333333334,0.07552083333333334,0.12254050925925924,0.08940972222222222,0.4969618055555555,0.6484375,0.5847800925925926,0.42563657407407407,0.38151041666666663,0.5298032407407407,0.5066550925925926,0.30787037037037035,0.03530092592592593,0.07103587962962962,0.06481481481481483,0.1251446759259259
1066,1842048,0.07190393518518517,0.07045717592592593,0.12311921296296295,0.08304398148148148,0.44936342592592593,0.7077546296296297,0.6228298611111112,0.3660300925925926,0.3519965277777778,0.5896990740740741,0.5477430555555556,0.2607060185185185,0.03674768518518519,0.07349537037037038,0.06727430555555555,0.1271701388888889
1067,1843776,0.06626157407407408,0.06727430555555555,0.11516203703703703,0.08680555555555555,0.43605324074074076,0.6902488425925926,0.6283275462962963,0.3725405092592593,0.3505497685185185,0.5907118055555556,0.5525173611111112,0.28153935185185186,0.03602430555555555,0.06901041666666666,0.06524884259259259,0.12688078703703703
1068,1845504,0.06351273148148148,0.06235532407407408,0.1072048611111111,0.08043981481481481,0.4383680555555556,0.677662037037037,0.6238425925925926,0.39626736111111116,0.3589409722222222,0.5817418981481481,0.5609085648148149,0.30092592592592593,0.03501157407407407,0.06380208333333334,0.058883101851851846,0.11342592592592594
1069,1847232,0.06785300925925926,0.06510416666666667,0.1166087962962963,0.08376736111111112,0.48046875,0.6833043981481481,0.5888310185185186,0.38671875,0.3738425925925926,0.5818865740740741,0.5308159722222222,0.2855902777777778,0.033130787037037035,0.06698495370370369,0.0669849537037037,0.11762152777777778
1070,1848960,0.06235532407407407,0.052083333333333336,0.09968171296296297,0.078125,0.4202835648148148,0.6976273148148149,0.6274594907407407,0.3515625,0.3569155092592593,0.6368634259259258,0.5833333333333333,0.2795138888888889,0.039496527777777776,0.05946180555555555,0.07045717592592593,0.10633680555555555
1071,1850688,0.05873842592592592,0.05714699074074074,0.10807291666666666,0.07566550925925926,0.4146412037037037,0.6909722222222222,0.6331018518518519,0.3719618055555556,0.3485243055555556,0.6163194444444444,0.5778356481481481,0.29123263888888884,0.03544560185185185,0.06177662037037037,0.06438078703703703,0.11689814814814814
1072,1852416,0.06958912037037038,0.06756365740740741,0.11038773148148148,0.08521412037037038,0.4283854166666667,0.6870659722222223,0.6278935185185185,0.37702546296296297,0.34505208333333337,0.5868055555555556,0.560329861111111,0.2960069444444444,0.03993055555555555,0.06336805555555555,0.06365740740740741,0.11863425925925926
1073,1854144,0.0646701388888889,0.058883101851851846,0.09736689814814815,0.08608217592592593,0.4344618055555556,0.6640625,0.6129918981481481,0.38425925925925924,0.37369791666666663,0.6021412037037037,0.5674189814814814,0.30989583333333337,0.038628472222222224,0.0591724537037037,0.06973379629629631,0.09910300925925926
1074,1855872,0.06857638888888888,0.07060185185185185,0.10792824074074074,0.08680555555555555,0.4140625,0.681423611111111,0.6401909722222222,0.37962962962962965,0.3392650462962963,0.5870949074074074,0.5795717592592593,0.3019386574074074,0.040943287037037035,0.06365740740740741,0.06727430555555555,0.11357060185185185
1075,1857600,0.08130787037037038,0.07450810185185186,0.12210648148148148,0.08738425925925926,0.5011574074074074,0.6775173611111112,0.5716145833333334,0.3923611111111111,0.3857060185185185,0.5549768518518519,0.4947916666666667,0.27936921296296297,0.04470486111111111,0.07378472222222222,0.07118055555555555,0.13527199074074076
1076,1859328,0.06929976851851852,0.06163194444444445,0.10243055555555557,0.08695023148148148,0.40248842592592593,0.6938657407407407,0.6480034722222222,0.35185185185185186,0.34780092592592593,0.6148726851851851,0.5831886574074073,0.2760416666666667,0.04369212962962963,0.06177662037037037,0.06828703703703703,0.12138310185185186
1077,1861056,0.07175925925925926,0.06322337962962962,0.10778356481481481,0.0859375,0.4314236111111111,0.68359375,0.6218171296296295,0.36921296296296297,0.34881365740740744,0.6005497685185186,0.5694444444444444,0.28515625,0.039641203703703706,0.06293402777777778,0.0646701388888889,0.1267361111111111
1078,1862784,0.07392939814814814,0.06438078703703703,0.09924768518518519,0.08825231481481483,0.45384837962962965,0.6720196759259259,0.6050347222222222,0.38787615740740744,0.3735532407407407,0.5756655092592593,0.5380497685185185,0.29123263888888884,0.040943287037037035,0.0642361111111111,0.05931712962962963,0.12282986111111112
1079,1864512,0.08275462962962962,0.07826967592592593,0.11646412037037038,0.07798032407407407,0.42997685185185186,0.6896701388888888,0.6426504629629629,0.3822337962962963,0.3446180555555555,0.568287037037037,0.5509259259259259,0.28877314814814814,0.03645833333333333,0.07146990740740741,0.06090856481481481,0.13295717592592593
1080,1866240,0.07291666666666666,0.07320601851851852,0.12094907407407407,0.06872106481481481,0.3961226851851852,0.6902488425925926,0.6490162037037037,0.37254050925925924,0.32696759259259256,0.5928819444444444,0.5842013888888888,0.2925347222222222,0.03804976851851852,0.06828703703703703,0.07118055555555555,0.12977430555555558
1081,1867968,0.07378472222222221,0.05700231481481482,0.10460069444444445,0.08000578703703703,0.4228877314814815,0.6668113425925926,0.6124131944444444,0.3719618055555556,0.36342592592592593,0.6076388888888888,0.57421875,0.30005787037037035,0.035590277777777776,0.06148726851851852,0.07552083333333334,0.12080439814814815
1082,1869696,0.08203125,0.07291666666666667,0.11631944444444445,0.0814525462962963,0.4252025462962963,0.6861979166666667,0.6351273148148148,0.37297453703703703,0.3446180555555556,0.5775462962962963,0.5609085648148148,0.28920717592592593,0.0390625,0.0646701388888889,0.06799768518518517,0.1254340277777778
1083,1871424,0.07537615740740741,0.07667824074074074,0.12601273148148148,0.08347800925925926,0.41333912037037035,0.701244212962963,0.6485821759259258,0.3684895833333333,0.3260995370370371,0.5830439814814814,0.5642361111111112,0.27329282407407407,0.04181134259259259,0.06684027777777778,0.06727430555555555,0.13411458333333331
1084,1873152,0.06597222222222222,0.06336805555555555,0.11024305555555555,0.08333333333333333,0.43967013888888884,0.6818576388888888,0.6059027777777778,0.37572337962962965,0.36226851851851855,0.5949074074074074,0.5551215277777778,0.28978587962962965,0.04152199074074074,0.06510416666666667,0.06799768518518517,0.125
1085,1874880,0.07899305555555555,0.07653356481481483,0.12832754629629628,0.08203125,0.43721064814814814,0.7256944444444444,0.6380208333333334,0.33145254629629634,0.3404224537037037,0.5946180555555556,0.5497685185185185,0.24074074074074073,0.04383680555555555,0.07291666666666666,0.06322337962962962,0.14684606481481483
1086,1876608,0.07016782407407407,0.06770833333333334,0.11921296296296297,0.08246527777777779,0.4201388888888889,0.6779513888888888,0.6302083333333334,0.38425925925925924,0.3389756944444444,0.5831886574074074,0.5640914351851851,0.28920717592592593,0.04600694444444445,0.06828703703703703,0.06712962962962962,0.13151041666666669
1087,1878336,0.06655092592592593,0.05353009259259259,0.10329861111111112,0.0876736111111111,0.41507523148148145,0.6549479166666666,0.6284722222222222,0.3994502314814815,0.3519965277777778,0.5876736111111112,0.5749421296296297,0.3216145833333333,0.04224537037037037,0.057436342592592594,0.06365740740740741,0.11414930555555557
1088,1880064,0.07769097222222222,0.06655092592592593,0.11385995370370369,0.09085648148148148,0.4515335648148148,0.6440972222222222,0.599537037037037,0.40639467592592593,0.36603009259259256,0.5568576388888888,0.5436921296296297,0.31568287037037035,0.04195601851851852,0.06510416666666667,0.06901041666666666,0.11704282407407407
1089,1881792,0.06438078703703703,0.05570023148148149,0.10387731481481483,0.09548611111111112,0.42071759259259256,0.6702835648148149,0.6069155092592593,0.3784722222222222,0.35445601851851855,0.6070601851851851,0.5690104166666667,0.2974537037037037,0.04065393518518518,0.06221064814814815,0.07653356481481483,0.11762152777777778
1090,1883520,0.06351273148148148,0.056134259259259266,0.10329861111111112,0.08145254629629631,0.44994212962962965,0.6746238425925926,0.58984375,0.38671875,0.3734085648148148,0.5940393518518519,0.5347222222222222,0.30338541666666663,0.043258101851851846,0.07581018518518517,0.06684027777777778,0.11574074074074073
1091,1885248,0.06409143518518519,0.06539351851851852,0.11024305555555555,0.08637152777777778,0.4503761574074074,0.6561053240740742,0.6019965277777778,0.39076967592592593,0.36183449074074076,0.5679976851851852,0.5397858796296295,0.3109085648148148,0.04137731481481481,0.07060185185185185,0.06872106481481481,0.11993634259259259
1092,1886976,0.0613425925925926,0.055121527777777776,0.1015625,0.09910300925925926,0.4370659722222222,0.6426504629629629,0.5907118055555556,0.4033564814814815,0.3700810185185185,0.5886863425925926,0.5480324074074074,0.3230613425925926,0.042534722222222224,0.05844907407407407,0.06987847222222222,0.1111111111111111
1093,1888704,0.06235532407407408,0.06929976851851852,0.11458333333333334,0.09129050925925926,0.4518229166666667,0.6960358796296297,0.6015625,0.35517939814814814,0.36212384259259256,0.5998263888888888,0.541232638888889,0.2763310185185185,0.04369212962962963,0.07074652777777779,0.06872106481481481,0.12254050925925926
1094,1890432,0.0708912037037037,0.07118055555555555,0.12282986111111112,0.11024305555555555,0.4508101851851852,0.6636284722222223,0.6001157407407407,0.38570601851851855,0.3624131944444444,0.5651041666666667,0.5276331018518519,0.3025173611111111,0.04600694444444445,0.07060185185185185,0.07566550925925926,0.11950231481481483
1095,1892160,0.058015046296296294,0.05772569444444444,0.1015625,0.10011574074074076,0.41724537037037035,0.6702835648148149,0.615162037037037,0.37485532407407407,0.353587962962963,0.6064814814814815,0.5717592592592593,0.30150462962962965,0.04369212962962963,0.06163194444444444,0.07508680555555555,0.11284722222222222
1096,1893888,0.06307870370370369,0.06380208333333334,0.11299189814814815,0.10228587962962962,0.4318576388888889,0.6775173611111112,0.6100983796296297,0.3702256944444445,0.34693287037037035,0.5988136574074074,0.5633680555555556,0.2913773148148148,0.03616898148148148,0.057291666666666664,0.06322337962962962,0.12369791666666669
1097,1895616,0.056857638888888895,0.05541087962962963,0.10879629629629631,0.08984375,0.3857060185185185,0.7016782407407407,0.63671875,0.3294270833333333,0.33492476851851855,0.6642071759259259,0.6048900462962963,0.27141203703703703,0.042390046296296294,0.0646701388888889,0.07566550925925926,0.11197916666666666
1098,1897344,0.06568287037037036,0.07002314814814815,0.11545138888888888,0.10228587962962964,0.4272280092592593,0.6692708333333333,0.6041666666666667,0.36993634259259256,0.3504050925925926,0.5978009259259259,0.560619212962963,0.29456018518518523,0.045572916666666664,0.060329861111111105,0.07696759259259259,0.12818287037037038
1099,1899072,0.06684027777777778,0.07364004629629631,0.11675347222222224,0.09129050925925924,0.41218171296296297,0.6723090277777778,0.6403356481481481,0.39048032407407407,0.33478009259259256,0.5772569444444444,0.5622106481481481,0.30584490740740744,0.04253472222222222,0.06119791666666667,0.06278935185185186,0.12905092592592593
1100,1900800,0.07118055555555555,0.06901041666666666,0.11270254629629631,0.10011574074074074,0.4615162037037037,0.68359375,0.595486111111111,0.35546875,0.36357060185185186,0.6031539351851851,0.5366030092592593,0.26157407407407407,0.04846643518518518,0.06018518518518518,0.06611689814814814,0.1345486111111111
1101,1902528,0.07667824074074076,0.07798032407407407,0.12398726851851852,0.09490740740740741,0.43677662037037035,0.6675347222222222,0.6196469907407407,0.3783275462962963,0.34534143518518523,0.5772569444444444,0.5390625,0.29181134259259256,0.048755787037037035,0.07161458333333334,0.07045717592592593,0.13469328703703703
1102,1904256,0.0747974537037037,0.07450810185185185,0.1193576388888889,0.10127314814814814,0.4253472222222222,0.6783854166666667,0.6186342592592593,0.37037037037037035,0.3394097222222222,0.5859375,0.5493344907407407,0.2847222222222222,0.04615162037037037,0.0646701388888889,0.06973379629629631,0.14742476851851852
1103,1905984,0.06524884259259259,0.06597222222222222,0.11328124999999999,0.0970775462962963,0.4191261574074074,0.6789641203703703,0.6197916666666667,0.3608217592592593,0.3417245370370371,0.6048900462962963,0.5675636574074074,0.28978587962962965,0.044126157407407406,0.05714699074074074,0.06582754629629631,0.13266782407407407
1104,1907712,0.06597222222222222,0.06510416666666667,0.10344328703703703,0.09534143518518517,0.4270833333333333,0.6921296296296295,0.6080729166666666,0.34172453703703703,0.3642939814814815,0.6338252314814814,0.5574363425925926,0.26953125,0.04600694444444445,0.06264467592592593,0.07421875,0.12905092592592593
1105,1909440,0.07262731481481481,0.0697337962962963,0.10460069444444445,0.10026041666666666,0.41333912037037035,0.6979166666666667,0.6255787037037037,0.34447337962962965,0.3431712962962963,0.6053240740740742,0.5571469907407407,0.28153935185185186,0.044270833333333336,0.0646701388888889,0.06481481481481481,0.13425925925925927
1106,1911168,0.07407407407407407,0.07378472222222222,0.11024305555555557,0.10445601851851852,0.4392361111111111,0.6627604166666666,0.6106770833333334,0.39265046296296297,0.35908564814814814,0.5727719907407407,0.537181712962963,0.3012152777777778,0.03920717592592592,0.06481481481481483,0.07436342592592593,0.12905092592592593
1107,1912896,0.08000578703703703,0.08087384259259259,0.12022569444444445,0.09722222222222222,0.4470486111111111,0.6987847222222222,0.6038773148148148,0.3480902777777778,0.34751157407407407,0.5938946759259259,0.5419560185185185,0.2682291666666667,0.04673032407407408,0.06915509259259259,0.08000578703703703,0.13295717592592593
1108,1914624,0.07378472222222222,0.0720486111111111,0.11241319444444445,0.09910300925925924,0.40899884259259256,0.6882233796296295,0.6265914351851852,0.35127314814814814,0.3328993055555556,0.6067708333333334,0.5704571759259259,0.2751736111111111,0.05005787037037037,0.06770833333333333,0.07132523148148148,0.13773148148148148
1109,1916352,0.06929976851851852,0.06539351851851852,0.0954861111111111,0.10127314814814815,0.4788773148148148,0.6545138888888888,0.572048611111111,0.3984375,0.3890335648148148,0.5697337962962963,0.5122974537037037,0.3158275462962963,0.04195601851851852,0.06712962962962962,0.06698495370370369,0.12065972222222224
1110,1918080,0.0619212962962963,0.05787037037037037,0.09534143518518517,0.1021412037037037,0.4265046296296296,0.6516203703703705,0.6040219907407407,0.3953993055555556,0.35966435185185186,0.6008391203703703,0.5669849537037037,0.3226273148148148,0.042534722222222224,0.056423611111111105,0.06712962962962962,0.1189236111111111
1111,1919808,0.06510416666666667,0.06727430555555555,0.1043113425925926,0.10199652777777779,0.3984375,0.6877893518518519,0.634982638888889,0.36226851851851855,0.3324652777777778,0.6158854166666667,0.5853587962962963,0.28891782407407407,0.03761574074074074,0.06452546296296297,0.06958912037037038,0.12934027777777776
1112,1921536,0.06611689814814814,0.06799768518518519,0.09736689814814814,0.11226851851851852,0.4379340277777778,0.6608796296296295,0.5989583333333334,0.39438657407407407,0.36328125,0.5911458333333333,0.5407986111111112,0.30975115740740744,0.042390046296296294,0.06322337962962962,0.07233796296296297,0.12413194444444445
1113,1923264,0.07175925925925926,0.08029513888888888,0.10648148148148148,0.09403935185185186,0.4000289351851852,0.6922743055555556,0.6448206018518519,0.35792824074074076,0.33029513888888884,0.6057581018518519,0.5694444444444444,0.28313078703703703,0.04875578703703704,0.06857638888888888,0.07002314814814815,0.13136574074074076
1114,1924992,0.07494212962962962,0.07971643518518517,0.11082175925925926,0.10243055555555555,0.43634259259259256,0.7024016203703703,0.6125578703703705,0.34505208333333337,0.34403935185185186,0.5970775462962963,0.55078125,0.27184606481481477,0.04470486111111111,0.07161458333333334,0.06611689814814814,0.14149305555555555
1115,1926720,0.06524884259259259,0.06756365740740741,0.09447337962962962,0.10445601851851852,0.4033564814814815,0.6643518518518519,0.6208043981481481,0.39076967592592593,0.33883101851851855,0.599681712962963,0.5749421296296295,0.32103587962962965,0.04788773148148148,0.06438078703703703,0.07016782407407407,0.11906828703703703
1116,1928448,0.07421875,0.06510416666666666,0.09447337962962962,0.10358796296296297,0.4357638888888889,0.6705729166666667,0.5881076388888888,0.3760127314814815,0.3677662037037037,0.6031539351851851,0.5447048611111112,0.3107638888888889,0.0441261574074074,0.056712962962962965,0.06582754629629631,0.12456597222222224
1117,1930176,0.06828703703703703,0.0708912037037037,0.10445601851851852,0.1015625,0.4058159722222222,0.6841724537037037,0.6242766203703703,0.37311921296296297,0.3337673611111111,0.599537037037037,0.5692997685185186,0.29976851851851855,0.041666666666666664,0.06322337962962962,0.06004050925925926,0.1410590277777778
1118,1931904,0.06640625,0.06495949074074074,0.10778356481481483,0.10778356481481483,0.41796875,0.7021122685185185,0.6116898148148149,0.34259259259259256,0.35271990740740744,0.6299189814814815,0.5636574074074074,0.27155671296296297,0.048755787037037035,0.0685763888888889,0.06365740740740741,0.13903356481481483
1119,1933632,0.07060185185185186,0.07436342592592592,0.11487268518518519,0.11183449074074074,0.41825810185185186,0.7233796296296297,0.6158854166666667,0.3315972222222222,0.3480902777777778,0.6299189814814815,0.5580150462962963,0.24623842592592593,0.04846643518518519,0.06915509259259259,0.06409143518518517,0.14134837962962962
1120,1935360,0.07392939814814814,0.07378472222222222,0.10951967592592593,0.10445601851851852,0.4283854166666667,0.6951678240740741,0.6090856481481481,0.3421585648148148,0.3627025462962963,0.6219618055555556,0.55078125,0.26403356481481477,0.04325810185185185,0.06495949074074074,0.06640625,0.13599537037037038
1121,1937088,0.06872106481481483,0.07537615740740741,0.10966435185185185,0.10503472222222222,0.4071180555555556,0.6875,0.6251446759259259,0.37615740740740744,0.33912037037037035,0.5969328703703703,0.5655381944444444,0.29701967592592593,0.04296875,0.06452546296296297,0.06090856481481482,0.13049768518518517
1122,1938816,0.07711226851851852,0.07581018518518519,0.11342592592592593,0.10532407407407407,0.4043692129629629,0.7060185185185186,0.634982638888889,0.35749421296296297,0.3295717592592593,0.599681712962963,0.5625,0.26808449074074076,0.04774305555555555,0.06539351851851852,0.05714699074074074,0.14221643518518517
1123,1940544,0.07624421296296297,0.0747974537037037,0.10026041666666666,0.11183449074074074,0.45298032407407407,0.6788194444444444,0.5901331018518519,0.3719618055555556,0.3702256944444444,0.5969328703703703,0.5406539351851851,0.28877314814814814,0.04716435185185185,0.0636574074074074,0.05888310185185185,0.12311921296296297
1124,1942272,0.07161458333333334,0.0691550925925926,0.10141782407407407,0.10879629629629631,0.4159432870370371,0.6838831018518519,0.6209490740740741,0.3521412037037037,0.3459201388888889,0.6218171296296297,0.5791377314814814,0.27763310185185186,0.04383680555555556,0.05873842592592593,0.055989583333333336,0.12688078703703703
1125,1944000,0.0876736111111111,0.078125,0.11284722222222222,0.10648148148148148,0.48553240740740744,0.6416377314814815,0.5554108796296295,0.41869212962962965,0.3806423611111111,0.5413773148148149,0.5069444444444444,0.3169849537037037,0.04644097222222222,0.06452546296296297,0.06524884259259259,0.1300636574074074
1126,1945728,0.08043981481481483,0.08145254629629631,0.10575810185185186,0.10011574074074074,0.4036458333333333,0.6883680555555556,0.6344039351851851,0.3706597222222222,0.33130787037037035,0.58203125,0.568287037037037,0.3003472222222222,0.04325810185185185,0.06799768518518519,0.06336805555555555,0.13107638888888887
1127,1947456,0.07494212962962962,0.06799768518518519,0.10300925925925926,0.1021412037037037,0.44690393518518523,0.6539351851851851,0.5908564814814815,0.40306712962962965,0.3721064814814815,0.5810185185185185,0.5386284722222222,0.3181423611111111,0.04817708333333333,0.0619212962962963,0.0630787037037037,0.11762152777777779
1128,1949184,0.0798611111111111,0.07016782407407407,0.10590277777777776,0.10619212962962962,0.451244212962963,0.6662326388888888,0.583912037037037,0.38020833333333337,0.3702256944444444,0.5771122685185186,0.5361689814814814,0.29296875,0.044994212962962965,0.06626157407407407,0.06148726851851852,0.1355613425925926
1129,1950912,0.07913773148148148,0.07682291666666667,0.11328125,0.08738425925925926,0.42086226851851855,0.712818287037037,0.6218171296296295,0.33622685185185186,0.3453414351851852,0.6142939814814815,0.5616319444444444,0.26171875,0.04398148148148148,0.06958912037037038,0.06669560185185186,0.1316550925925926
1130,1952640,0.07740162037037038,0.07392939814814815,0.09924768518518519,0.10069444444444445,0.42824074074074076,0.6945891203703703,0.6067708333333334,0.36140046296296297,0.359375,0.5964988425925926,0.5477430555555556,0.27994791666666663,0.050347222222222224,0.06495949074074074,0.06553819444444445,0.12745949074074073
1131,1954368,0.0798611111111111,0.07769097222222222,0.1060474537037037,0.0982349537037037,0.4360532407407407,0.7015335648148148,0.6195023148148148,0.35402199074074076,0.3560474537037037,0.5833333333333334,0.5438368055555556,0.27936921296296297,0.04296875,0.05758101851851852,0.05859375,0.12890625
1132,1956096,0.05931712962962962,0.0636574074074074,0.09534143518518519,0.09157986111111112,0.3677662037037037,0.6984953703703703,0.6613136574074074,0.3330439814814815,0.3269675925925926,0.6478587962962963,0.6142939814814815,0.2822627314814815,0.03891782407407408,0.06119791666666667,0.06394675925925926,0.12225115740740741
1133,1957824,0.07638888888888888,0.08015046296296297,0.09736689814814814,0.09823495370370369,0.43098958333333337,0.6850405092592593,0.6102430555555556,0.3622685185185185,0.3544560185185185,0.5756655092592593,0.5489004629629629,0.30135995370370366,0.04513888888888889,0.06163194444444445,0.07002314814814815,0.12991898148148148
1134,1959552,0.06640625,0.06336805555555555,0.0920138888888889,0.0904224537037037,0.4296875,0.6822916666666666,0.5972222222222222,0.36443865740740744,0.3677662037037037,0.6056134259259258,0.5554108796296297,0.3103298611111111,0.04369212962962963,0.062065972222222224,0.06756365740740741,0.11487268518518519
1135,1961280,0.07392939814814815,0.07711226851851852,0.09707754629629631,0.09837962962962962,0.44212962962962965,0.697193287037037,0.5944733796296297,0.35474537037037035,0.36964699074074076,0.5938946759259259,0.5405092592592593,0.2945601851851852,0.04210069444444444,0.06481481481481481,0.0708912037037037,0.12051504629629631
1136,1963008,0.06669560185185186,0.07740162037037036,0.10416666666666666,0.08709490740740741,0.4497974537037037,0.6563946759259259,0.591724537037037,0.40306712962962965,0.3726851851851852,0.5642361111111112,0.5321180555555556,0.32002314814814814,0.03674768518518518,0.07132523148148148,0.06799768518518517,0.1228298611111111
1137,1964736,0.06770833333333333,0.07277199074074074,0.10315393518518519,0.09765625,0.4375,0.6793981481481481,0.6063368055555556,0.3812210648148148,0.35865162037037035,0.5795717592592593,0.5400752314814814,0.29369212962962965,0.03891782407407407,0.06278935185185186,0.060619212962962965,0.1384548611111111
1138,1966464,0.0685763888888889,0.07566550925925926,0.09722222222222222,0.0954861111111111,0.42983217592592593,0.677951388888889,0.6092303240740741,0.37905092592592593,0.359375,0.5810185185185185,0.5516493055555556,0.31047453703703703,0.043692129629629636,0.06524884259259259,0.06828703703703703,0.11791087962962962
1139,1968192,0.07335069444444443,0.07899305555555555,0.10416666666666666,0.09635416666666667,0.47627314814814814,0.6621817129629629,0.5797164351851851,0.4001736111111111,0.3767361111111111,0.5439814814814814,0.5147569444444444,0.31394675925925924,0.041811342592592594,0.06626157407407407,0.05989583333333333,0.12948495370370372
1140,1969920,0.07870370370370369,0.0876736111111111,0.11791087962962964,0.09288194444444445,0.47236689814814814,0.6701388888888888,0.5859375,0.3861400462962963,0.37644675925925924,0.5371817129629629,0.505787037037037,0.2990451388888889,0.04137731481481481,0.07262731481481481,0.06973379629629631,0.13990162037037038
1141,1971648,0.06799768518518519,0.07146990740740741,0.1032986111111111,0.08955439814814814,0.44155092592592593,0.6568287037037037,0.5953414351851851,0.39091435185185186,0.3682002314814815,0.5789930555555556,0.5477430555555556,0.3174189814814815,0.04456018518518519,0.0685763888888889,0.07103587962962962,0.11979166666666667
1142,1973376,0.05700231481481481,0.05627893518518519,0.09244791666666666,0.08825231481481483,0.4157986111111111,0.6692708333333334,0.6166087962962963,0.37123842592592593,0.35691550925925924,0.6193576388888888,0.5827546296296297,0.3078703703703704,0.04195601851851852,0.055844907407407406,0.05873842592592592,0.11299189814814815
1143,1975104,0.07609953703703703,0.078125,0.10286458333333333,0.09563078703703703,0.4340277777777778,0.6872106481481481,0.6009837962962963,0.3560474537037037,0.36588541666666663,0.5883969907407407,0.5517939814814815,0.2939814814814815,0.04383680555555555,0.06727430555555555,0.07045717592592593,0.12731481481481483
1144,1976832,0.08825231481481483,0.07884837962962964,0.11038773148148148,0.08289930555555555,0.47685185185185186,0.6517650462962963,0.5749421296296295,0.4097222222222222,0.3838252314814815,0.53125,0.5159143518518519,0.31365740740740744,0.04499421296296296,0.07277199074074074,0.06278935185185185,0.13469328703703703
1145,1978560,0.08666087962962964,0.08217592592592592,0.11284722222222222,0.09302662037037038,0.49739583333333337,0.6598668981481481,0.5601851851851852,0.39771412037037035,0.3952546296296296,0.5280671296296297,0.48770254629629634,0.29224537037037035,0.04701967592592592,0.07552083333333334,0.06090856481481481,0.1462673611111111
1146,1980288,0.08752893518518517,0.07942708333333333,0.11082175925925924,0.08289930555555555,0.44921875,0.6963252314814814,0.5985243055555556,0.35517939814814814,0.3693576388888889,0.5868055555555556,0.537181712962963,0.27213541666666663,0.050347222222222224,0.06901041666666667,0.06134259259259259,0.13179976851851852
1147,1982016,0.0798611111111111,0.06669560185185185,0.09895833333333334,0.0826099537037037,0.42607060185185186,0.6676793981481481,0.6001157407407407,0.38874421296296297,0.35908564814814814,0.5860821759259259,0.5604745370370371,0.32002314814814814,0.042390046296296294,0.06032986111111112,0.06539351851851852,0.12225115740740741
1148,1983744,0.0759548611111111,0.06799768518518519,0.09403935185185186,0.09244791666666667,0.4513888888888889,0.6733217592592593,0.5802951388888888,0.3813657407407407,0.375,0.5940393518518519,0.5373263888888888,0.2921006944444445,0.04673032407407407,0.07161458333333334,0.06322337962962962,0.12760416666666666
1149,1985472,0.0697337962962963,0.058159722222222224,0.0904224537037037,0.08926504629629631,0.42057291666666663,0.681712962962963,0.6048900462962963,0.3684895833333333,0.3638599537037037,0.611255787037037,0.5671296296296295,0.30439814814814814,0.043547453703703706,0.06105324074074074,0.06322337962962962,0.11877893518518519
1150,1987200,0.0943287037037037,0.08145254629629631,0.10836226851851852,0.09635416666666666,0.47670717592592593,0.6721643518518519,0.5870949074074074,0.39033564814814814,0.3828125,0.5358796296296297,0.501880787037037,0.29571759259259256,0.042534722222222224,0.07378472222222222,0.06018518518518519,0.1417824074074074
1151,1988928,0.07161458333333333,0.06712962962962962,0.09360532407407407,0.08246527777777778,0.4390914351851852,0.6646412037037037,0.5983796296296297,0.38599537037037035,0.37094907407407407,0.5902777777777778,0.5502025462962963,0.30613425925925924,0.04137731481481482,0.06568287037037038,0.06481481481481481,0.12065972222222221
1152,1990656,0.06756365740740741,0.06626157407407407,0.10011574074074076,0.08608217592592593,0.4283854166666667,0.665943287037037,0.6021412037037037,0.38556134259259256,0.36400462962962965,0.5943287037037037,0.5575810185185185,0.3159722222222222,0.04456018518518519,0.05946180555555556,0.0625,0.11342592592592593
1153,1992384,0.08101851851851852,0.07552083333333333,0.1099537037037037,0.08391203703703703,0.44155092592592593,0.6744791666666667,0.5944733796296297,0.3833912037037037,0.3638599537037037,0.5688657407407407,0.5407986111111112,0.31004050925925924,0.040943287037037035,0.06611689814814814,0.06727430555555555,0.1271701388888889
1154,1994112,0.06901041666666667,0.06105324074074074,0.09418402777777778,0.08449074074074073,0.4049479166666667,0.6788194444444444,0.6223958333333334,0.3774594907407407,0.3506944444444444,0.5978009259259259,0.5797164351851851,0.3051215277777778,0.04267939814814814,0.05844907407407408,0.06076388888888889,0.12254050925925927
1155,1995840,0.06828703703703703,0.06741898148148148,0.09780092592592593,0.08159722222222222,0.41131365740740744,0.6714409722222223,0.6296296296296295,0.3917824074074074,0.3466435185185185,0.5749421296296297,0.5721932870370371,0.32667824074074076,0.038483796296296294,0.056857638888888895,0.06452546296296297,0.12398726851851852
1156,1997568,0.07624421296296297,0.06380208333333334,0.10112847222222222,0.08072916666666666,0.42201967592592593,0.6830150462962963,0.6128472222222222,0.36979166666666663,0.36299189814814814,0.5969328703703705,0.5619212962962963,0.2916666666666667,0.04050925925925926,0.0630787037037037,0.06278935185185186,0.12644675925925924
1157,1999296,0.08043981481481483,0.06481481481481481,0.10460069444444445,0.08796296296296297,0.4681712962962963,0.658275462962963,0.5736400462962963,0.3998842592592593,0.38469328703703703,0.5639467592592593,0.5286458333333334,0.3103298611111111,0.043258101851851846,0.06438078703703703,0.07320601851851852,0.12123842592592593
1158,2001024,0.07609953703703703,0.06495949074074074,0.10170717592592593,0.0814525462962963,0.43590856481481477,0.6928530092592593,0.6008391203703703,0.35908564814814814,0.36704282407407407,0.6048900462962963,0.5575810185185185,0.2763310185185185,0.046296296296296294,0.06380208333333333,0.06438078703703703,0.1310763888888889
1159,2002752,0.07291666666666666,0.06293402777777778,0.1032986111111111,0.08116319444444445,0.44169560185185186,0.6604456018518519,0.6040219907407407,0.3953993055555556,0.37384259259259256,0.5794270833333333,0.5451388888888888,0.3055555555555556,0.050491898148148154,0.06770833333333334,0.06539351851851852,0.12311921296296297
1160,2004480,0.08304398148148148,0.07190393518518519,0.11009837962962964,0.08709490740740741,0.4405381944444444,0.6517650462962963,0.587673611111111,0.4035011574074074,0.37080439814814814,0.5460069444444444,0.5403645833333334,0.3237847222222222,0.044994212962962965,0.06712962962962962,0.07667824074074074,0.12282986111111112
1161,2006208,0.07219328703703703,0.06293402777777778,0.09997106481481483,0.08333333333333333,0.4296875,0.6717303240740741,0.6018518518518519,0.37861689814814814,0.37094907407407407,0.5923032407407407,0.55078125,0.30295138888888895,0.048755787037037035,0.06235532407407408,0.06293402777777778,0.12485532407407407
1162,2007936,0.06640625,0.059172453703703706,0.10054976851851852,0.08969907407407407,0.4351851851851852,0.6608796296296297,0.5882523148148149,0.3793402777777778,0.37702546296296297,0.5986689814814814,0.5554108796296295,0.30541087962962965,0.047309027777777776,0.06278935185185185,0.06857638888888888,0.1193576388888889
1163,2009664,0.07277199074074074,0.06929976851851852,0.11646412037037038,0.07769097222222222,0.44285300925925924,0.6671006944444444,0.5978009259259259,0.3919270833333333,0.37181712962962965,0.5622106481481481,0.5418113425925926,0.30454282407407407,0.046296296296296294,0.05989583333333333,0.06293402777777778,0.13078703703703703
1164,2011392,0.08130787037037038,0.06872106481481483,0.11950231481481483,0.08043981481481481,0.4561631944444444,0.6964699074074074,0.5885416666666667,0.34360532407407407,0.37557870370370366,0.5895543981481481,0.5451388888888888,0.2634548611111111,0.04528356481481482,0.06886574074074074,0.06568287037037038,0.13585069444444445
1165,2013120,0.07146990740740741,0.06901041666666667,0.10879629629629631,0.08752893518518517,0.4146412037037037,0.697193287037037,0.6206597222222223,0.35286458333333337,0.3576388888888889,0.6038773148148149,0.5716145833333333,0.28153935185185186,0.04976851851851852,0.06163194444444444,0.07016782407407407,0.12196180555555555
1166,2014848,0.07899305555555555,0.06539351851851852,0.11328125,0.07653356481481481,0.43258101851851855,0.6796875,0.6035879629629629,0.37601273148148145,0.36458333333333337,0.5774016203703703,0.5577256944444444,0.3003472222222222,0.04803240740740741,0.07190393518518517,0.0685763888888889,0.12037037037037038
1167,2016576,0.08232060185185185,0.0792824074074074,0.11096643518518517,0.0837673611111111,0.46064814814814814,0.7061631944444444,0.5934606481481481,0.3485243055555556,0.38353587962962965,0.5850694444444444,0.5313946759259259,0.2699652777777778,0.04991319444444445,0.07277199074074074,0.07190393518518519,0.12514467592592593
1168,2018304,0.06626157407407407,0.06365740740740741,0.10228587962962962,0.08579282407407407,0.4211516203703704,0.689380787037037,0.607494212962963,0.35170717592592593,0.37225115740740744,0.6215277777777778,0.572193287037037,0.28544560185185186,0.051215277777777776,0.06351273148148148,0.07291666666666667,0.10431134259259259
1169,2020032,0.07581018518518517,0.0697337962962963,0.11183449074074076,0.08232060185185185,0.44126157407407407,0.6655092592592592,0.6006944444444444,0.3836805555555556,0.3794849537037037,0.5746527777777778,0.5496238425925926,0.30830439814814814,0.04615162037037038,0.06872106481481483,0.06698495370370369,0.10894097222222224
1170,2021760,0.0703125,0.06539351851851852,0.11487268518518517,0.07566550925925926,0.4516782407407407,0.6820023148148149,0.591724537037037,0.36313657407407407,0.38396990740740744,0.5882523148148149,0.5454282407407407,0.2837094907407407,0.045138888888888895,0.0646701388888889,0.06553819444444445,0.12008101851851852
1171,2023488,0.06235532407407407,0.062210648148148154,0.10546875,0.08478009259259259,0.41420717592592593,0.6766493055555556,0.5966435185185185,0.36255787037037035,0.37905092592592593,0.6154513888888888,0.5714699074074074,0.2990451388888889,0.05222800925925926,0.06032986111111111,0.07855902777777778,0.09895833333333334
1172,2025216,0.060619212962962965,0.06394675925925926,0.10619212962962962,0.08174189814814815,0.390625,0.693431712962963,0.6332465277777778,0.34563078703703703,0.35387731481481477,0.6265914351851852,0.5911458333333333,0.28153935185185186,0.04716435185185185,0.059751157407407406,0.07060185185185186,0.10908564814814814
1173,2026944,0.07552083333333333,0.0708912037037037,0.11313657407407407,0.08087384259259259,0.4580439814814815,0.6613136574074074,0.5966435185185185,0.390625,0.38252314814814814,0.5522280092592593,0.5493344907407407,0.31264467592592593,0.039496527777777776,0.05251736111111111,0.06351273148148148,0.10894097222222221
1174,2028672,0.07118055555555555,0.07161458333333333,0.11414930555555555,0.07552083333333333,0.42650462962962965,0.6712962962962963,0.6141493055555556,0.3653067129629629,0.37239583333333337,0.5923032407407407,0.5690104166666667,0.30092592592592593,0.04137731481481482,0.054253472222222224,0.06264467592592593,0.1099537037037037
1175,2030400,0.07971643518518517,0.08000578703703703,0.11762152777777776,0.08506944444444445,0.46368634259259256,0.6646412037037037,0.5899884259259259,0.3861400462962963,0.38353587962962965,0.5481770833333334,0.5264756944444444,0.3022280092592593,0.04456018518518519,0.05729166666666667,0.06872106481481481,0.12167245370370369
1176,2032128,0.07407407407407407,0.0842013888888889,0.11877893518518517,0.07609953703703703,0.4369212962962963,0.6872106481481481,0.6129918981481481,0.3618344907407407,0.36935763888888884,0.576099537037037,0.5503472222222222,0.2886284722222222,0.04137731481481481,0.058015046296296294,0.06929976851851852,0.12123842592592593
1177,2033856,0.07421875,0.08232060185185185,0.1144386574074074,0.08680555555555555,0.5020254629629629,0.6762152777777778,0.5603298611111112,0.38396990740740744,0.4039351851851852,0.5513599537037037,0.4995659722222222,0.2886284722222222,0.046875,0.05613425925925926,0.06409143518518519,0.12297453703703703
1178,2035584,0.06278935185185186,0.0714699074074074,0.10416666666666666,0.07653356481481481,0.4208622685185185,0.6831597222222222,0.6209490740740741,0.36154513888888884,0.3624131944444445,0.5979456018518519,0.5734953703703703,0.2855902777777778,0.04788773148148148,0.04311342592592592,0.059027777777777776,0.11631944444444445
1179,2037312,0.06163194444444444,0.08015046296296297,0.11038773148148148,0.06987847222222221,0.41131365740740744,0.7008101851851852,0.6371527777777777,0.3392650462962963,0.35662615740740744,0.6147280092592593,0.578125,0.2764756944444444,0.045572916666666664,0.052806712962962965,0.0681423611111111,0.11371527777777778
1180,2039040,0.06481481481481481,0.08101851851851852,0.10460069444444445,0.0724826388888889,0.43967013888888884,0.6967592592592593,0.60546875,0.35315393518518523,0.3758680555555556,0.6072048611111112,0.5603298611111112,0.28703703703703703,0.05454282407407407,0.05309606481481482,0.06872106481481483,0.09809027777777778
1181,2040768,0.06944444444444445,0.08695023148148148,0.11530671296296297,0.07682291666666666,0.4133391203703704,0.685619212962963,0.6313657407407408,0.3676215277777778,0.36212384259259256,0.5804398148148148,0.5629340277777778,0.2964409722222222,0.05063657407407408,0.054108796296296294,0.07465277777777778,0.11530671296296297
1182,2042496,0.06987847222222222,0.07913773148148148,0.10358796296296297,0.07190393518518517,0.42201967592592593,0.6643518518518519,0.6155960648148148,0.3871527777777778,0.37080439814814814,0.5745081018518519,0.5655381944444444,0.31539351851851855,0.04571759259259259,0.04673032407407407,0.0763888888888889,0.1076388888888889
1183,2044224,0.06684027777777778,0.08072916666666666,0.11892361111111112,0.06539351851851852,0.44762731481481477,0.7242476851851852,0.6004050925925926,0.3344907407407407,0.3689236111111111,0.6021412037037037,0.548611111111111,0.2578125,0.047309027777777776,0.05150462962962962,0.06756365740740741,0.12109375
1184,2045952,0.05772569444444445,0.07045717592592593,0.10546875,0.07364004629629631,0.4243344907407407,0.6455439814814814,0.6106770833333333,0.4007523148148148,0.3732638888888889,0.5859375,0.5778356481481481,0.3295717592592593,0.03920717592592592,0.04571759259259259,0.07103587962962962,0.0959201388888889
1185,2047680,0.061487268518518524,0.07103587962962962,0.10633680555555555,0.0703125,0.44111689814814814,0.6508969907407407,0.6098090277777778,0.4194155092592593,0.37861689814814814,0.5591724537037037,0.5510706018518519,0.3292824074074074,0.04557291666666667,0.040219907407407406,0.05497685185185186,0.09577546296296297
1186,2049408,0.07089120370370369,0.08405671296296295,0.1076388888888889,0.07175925925925926,0.44892939814814814,0.6811342592592593,0.6043113425925926,0.3744212962962963,0.38252314814814814,0.5679976851851851,0.53515625,0.2868923611111111,0.04673032407407408,0.05381944444444444,0.0708912037037037,0.11299189814814815
1187,2051136,0.05946180555555555,0.07421875,0.09837962962962964,0.07523148148148148,0.4253472222222222,0.6950231481481481,0.615162037037037,0.3505497685185185,0.37630208333333337,0.6082175925925926,0.5724826388888888,0.28587962962962965,0.050347222222222224,0.04383680555555555,0.0685763888888889,0.10489004629629631
1188,2052864,0.05627893518518519,0.06944444444444445,0.10865162037037038,0.05685763888888889,0.3914930555555556,0.7112268518518519,0.6362847222222222,0.3324652777777778,0.3447627314814815,0.6455439814814815,0.6047453703703705,0.27228009259259256,0.04166666666666667,0.054253472222222224,0.07089120370370369,0.11024305555555557
1189,2054592,0.05902777777777778,0.0798611111111111,0.11125578703703703,0.061921296296296294,0.37688078703703703,0.679542824074074,0.6607349537037037,0.3654513888888889,0.3383969907407407,0.6070601851851851,0.6147280092592593,0.3013599537037037,0.04267939814814815,0.043258101851851846,0.06785300925925926,0.10054976851851852
1190,2056320,0.06235532407407407,0.07494212962962962,0.10387731481481481,0.0787037037037037,0.43894675925925924,0.6640625,0.595630787037037,0.3742766203703704,0.37890625,0.5842013888888888,0.5532407407407407,0.30324074074074076,0.047453703703703706,0.04441550925925926,0.06973379629629631,0.10619212962962964
1191,2058048,0.062065972222222224,0.07436342592592593,0.10677083333333333,0.06799768518518517,0.44386574074074076,0.6660879629629629,0.60546875,0.37861689814814814,0.37962962962962965,0.5810185185185186,0.5545428240740741,0.3013599537037037,0.04427083333333333,0.050202546296296294,0.0658275462962963,0.1037326388888889
1192,2059776,0.06929976851851852,0.08767361111111112,0.11848958333333331,0.07783564814814814,0.45905671296296297,0.6796875,0.595630787037037,0.37471064814814814,0.3755787037037037,0.5600405092592592,0.5315393518518519,0.2945601851851852,0.052662037037037035,0.05367476851851852,0.07002314814814814,0.1111111111111111
1193,2061504,0.05700231481481481,0.06785300925925926,0.09809027777777778,0.07552083333333334,0.45833333333333337,0.6472800925925926,0.578125,0.39076967592592593,0.3984375,0.5808738425925927,0.5366030092592593,0.31770833333333337,0.047453703703703706,0.05353009259259259,0.06872106481481481,0.09924768518518519
1194,2063232,0.06843171296296297,0.08723958333333334,0.11140046296296297,0.07465277777777778,0.4658564814814815,0.7096354166666666,0.5989583333333333,0.3389756944444444,0.3838252314814815,0.5788483796296297,0.5289351851851851,0.25462962962962965,0.04513888888888889,0.04832175925925926,0.05975115740740741,0.11921296296296297
1195,2064960,0.06669560185185186,0.08622685185185185,0.11024305555555555,0.06958912037037036,0.44386574074074076,0.6725983796296297,0.6047453703703703,0.38498263888888884,0.375,0.5652488425925926,0.5426793981481481,0.3025173611111111,0.04369212962962963,0.05251736111111112,0.06640625,0.10402199074074076
1196,2066688,0.06684027777777778,0.0763888888888889,0.1072048611111111,0.07320601851851852,0.47511574074074076,0.6744791666666667,0.5690104166666666,0.3728298611111111,0.3971354166666667,0.5779803240740741,0.525462962962963,0.29658564814814814,0.04788773148148148,0.05309606481481481,0.07146990740740741,0.10214120370370372
1197,2068416,0.062065972222222224,0.07494212962962962,0.09881365740740741,0.07682291666666667,0.4398148148148148,0.63671875,0.5966435185185185,0.4027777777777778,0.38310185185185186,0.5659722222222222,0.5533854166666667,0.32798032407407407,0.051938657407407406,0.04470486111111111,0.06539351851851852,0.09722222222222224
1198,2070144,0.06119791666666667,0.07928240740740741,0.10706018518518517,0.07798032407407407,0.4091435185185185,0.6818576388888888,0.6173321759259259,0.35662615740740744,0.37181712962962965,0.6109664351851851,0.5672743055555556,0.2912326388888889,0.050347222222222224,0.055266203703703706,0.07769097222222221,0.09461805555555555
1199,2071872,0.06235532407407407,0.07826967592592592,0.10908564814814814,0.06481481481481481,0.4561631944444444,0.6872106481481481,0.5960648148148149,0.36342592592592593,0.38483796296296297,0.58984375,0.5416666666666666,0.2857349537037037,0.041087962962962965,0.050347222222222224,0.0669849537037037,0.10228587962962964
1200,2073600,0.06061921296296296,0.07581018518518519,0.10619212962962964,0.07653356481481481,0.4370659722222222,0.6863425925925926,0.6059027777777778,0.3511284722222222,0.3781828703703704,0.6022858796296297,0.5570023148148148,0.2855902777777778,0.05063657407407407,0.054108796296296294,0.06958912037037038,0.09910300925925926
1201,2075328,0.05237268518518519,0.07060185185185185,0.09852430555555555,0.07060185185185186,0.41218171296296297,0.6830150462962963,0.6297743055555556,0.3589409722222222,0.3638599537037037,0.6041666666666667,0.5755208333333334,0.30107060185185186,0.0474537037037037,0.046296296296296294,0.06322337962962964,0.09114583333333334
1202,2077056,0.06148726851851852,0.08043981481481483,0.10980902777777778,0.07146990740740741,0.4453125,0.6767939814814814,0.603443287037037,0.3797743055555556,0.37471064814814814,0.5798611111111112,0.5428240740740741,0.3003472222222222,0.051938657407407406,0.06148726851851852,0.07219328703703703,0.10300925925925926
1203,2078784,0.0625,0.08058449074074073,0.11747685185185185,0.07609953703703703,0.4429976851851852,0.6892361111111112,0.603443287037037,0.3563368055555555,0.37659143518518523,0.6063368055555556,0.5447048611111112,0.27546296296296297,0.04774305555555556,0.06597222222222222,0.07407407407407407,0.1015625
1204,2080512,0.05280671296296296,0.06770833333333333,0.10460069444444445,0.06901041666666666,0.4408275462962963,0.6979166666666667,0.599681712962963,0.34953703703703703,0.37745949074074076,0.6166087962962963,0.5575810185185186,0.2789351851851852,0.04441550925925926,0.05758101851851852,0.06481481481481481,0.10185185185185185
1205,2082240,0.06568287037037038,0.08449074074074074,0.11154513888888888,0.0802951388888889,0.4519675925925926,0.6669560185185186,0.5938946759259259,0.37731481481481477,0.3858506944444444,0.5642361111111112,0.5306712962962963,0.30338541666666663,0.04658564814814815,0.059895833333333336,0.07581018518518517,0.10257523148148148
1206,2083968,0.06221064814814815,0.07740162037037036,0.10792824074074076,0.06973379629629631,0.44849537037037035,0.6843171296296295,0.5910011574074074,0.3559027777777778,0.3862847222222222,0.5983796296296297,0.5363136574074074,0.2842881944444444,0.046296296296296294,0.06524884259259259,0.06915509259259259,0.10358796296296297
1207,2085696,0.0763888888888889,0.08998842592592592,0.12167245370370369,0.0720486111111111,0.46600115740740744,0.7131076388888888,0.5979456018518519,0.3538773148148148,0.39380787037037035,0.56640625,0.5037615740740741,0.2611400462962963,0.05092592592592593,0.0703125,0.06958912037037038,0.11516203703703703
1208,2087424,0.054108796296296294,0.07609953703703703,0.10344328703703705,0.07132523148148148,0.40263310185185186,0.6753472222222222,0.6351273148148149,0.3676215277777778,0.37138310185185186,0.6008391203703703,0.5782696759259259,0.30367476851851855,0.04224537037037037,0.05541087962962963,0.06828703703703703,0.09273726851851852
1209,2089152,0.06004050925925926,0.07103587962962964,0.10546875,0.07118055555555555,0.43373842592592593,0.6578414351851851,0.6038773148148148,0.38020833333333337,0.3875868055555556,0.5771122685185185,0.5517939814814814,0.31756365740740744,0.046875,0.05541087962962963,0.06640625,0.09505208333333334
1210,2090880,0.0669849537037037,0.08015046296296297,0.11950231481481481,0.07378472222222222,0.45442708333333337,0.6834490740740741,0.5964988425925926,0.36617476851851855,0.37861689814814814,0.5740740740740741,0.529369212962963,0.2847222222222222,0.05092592592592593,0.0642361111111111,0.06756365740740741,0.11125578703703703
1211,2092608,0.06076388888888889,0.07552083333333334,0.10604745370370369,0.07421875,0.4615162037037037,0.6647858796296295,0.5700231481481481,0.3715277777777778,0.39872685185185186,0.5863715277777777,0.5303819444444444,0.30353009259259256,0.04976851851851852,0.05743634259259259,0.0787037037037037,0.09765625
1212,2094336,0.06640625,0.08116319444444443,0.11675347222222222,0.06828703703703703,0.42607060185185186,0.7178819444444444,0.6096643518518519,0.33058449074074076,0.3695023148148148,0.6106770833333334,0.5418113425925926,0.25911458333333337,0.047453703703703706,0.07711226851851852,0.07161458333333334,0.1171875
1213,2096064,0.06032986111111111,0.07002314814814815,0.0982349537037037,0.07060185185185186,0.4321469907407407,0.6765046296296295,0.6060474537037037,0.3702256944444444,0.3797743055555556,0.5938946759259259,0.552806712962963,0.2974537037037037,0.044994212962962965,0.06148726851851852,0.06799768518518519,0.10517939814814815
1214,2097792,0.06987847222222222,0.07855902777777778,0.1111111111111111,0.07291666666666667,0.43142361111111116,0.6773726851851851,0.6127025462962963,0.37528935185185186,0.37109375,0.5729166666666666,0.5425347222222222,0.29296875,0.043547453703703706,0.06293402777777778,0.05946180555555555,0.11328124999999999
1215,2099520,0.06351273148148148,0.07335069444444445,0.10416666666666666,0.07465277777777779,0.44314236111111116,0.6616030092592593,0.5991030092592593,0.3980034722222222,0.38353587962962965,0.5675636574074074,0.5380497685185185,0.31611689814814814,0.04542824074074074,0.06611689814814814,0.06293402777777778,0.0998263888888889
1216,2101248,0.0658275462962963,0.07060185185185185,0.09244791666666666,0.07884837962962962,0.4816261574074074,0.6412037037037037,0.5593171296296297,0.40899884259259256,0.40263310185185186,0.5652488425925926,0.5169270833333334,0.3302951388888889,0.0474537037037037,0.06365740740740741,0.07175925925925926,0.09447337962962964
1217,2102976,0.07190393518518519,0.07754629629629631,0.10604745370370369,0.07798032407407407,0.42693865740740744,0.6857638888888888,0.5988136574074074,0.34259259259259256,0.3725405092592593,0.6115451388888888,0.556568287037037,0.27748842592592593,0.050347222222222224,0.06799768518518517,0.07581018518518517,0.10185185185185186
1218,2104704,0.05367476851851852,0.0546875,0.08969907407407407,0.0646701388888889,0.39800347222222227,0.689525462962963,0.6241319444444444,0.33955439814814814,0.36154513888888884,0.6478587962962963,0.5979456018518519,0.2860243055555556,0.044994212962962965,0.05483217592592593,0.05931712962962963,0.09736689814814815
1219,2106432,0.06886574074074076,0.05844907407407408,0.0993923611111111,0.07074652777777778,0.46079282407407407,0.6427951388888888,0.5805844907407407,0.39916087962962965,0.39424189814814814,0.5784143518518519,0.5379050925925926,0.3203125,0.04427083333333333,0.051359953703703706,0.057870370370370364,0.09505208333333333
1220,2108160,0.08174189814814814,0.08130787037037038,0.10807291666666666,0.07277199074074074,0.4278067129629629,0.7032696759259259,0.6293402777777777,0.3466435185185185,0.3638599537037037,0.5883969907407407,0.5454282407407407,0.2743055555555556,0.05150462962962963,0.0685763888888889,0.06944444444444445,0.1087962962962963
1221,2109888,0.08391203703703703,0.08637152777777779,0.10474537037037038,0.0681423611111111,0.42201967592592593,0.6903935185185186,0.6215277777777777,0.36313657407407407,0.36472800925925924,0.5853587962962963,0.5474537037037037,0.2923900462962963,0.046440972222222224,0.06655092592592593,0.07233796296296297,0.10474537037037036
1222,2111616,0.08434606481481483,0.08998842592592593,0.11284722222222222,0.0724826388888889,0.42505787037037035,0.6698495370370371,0.6265914351851851,0.38686342592592593,0.36299189814814814,0.5607638888888888,0.5425347222222222,0.30454282407407407,0.04875578703703704,0.06553819444444445,0.0646701388888889,0.11053240740740741
1223,2113344,0.07045717592592593,0.07349537037037038,0.09895833333333334,0.06684027777777778,0.4088541666666667,0.6487268518518519,0.6309317129629629,0.39858217592592593,0.35951967592592593,0.5815972222222223,0.5775462962962963,0.3369502314814815,0.04456018518518519,0.05844907407407407,0.06828703703703703,0.08159722222222222
1224,2115072,0.07957175925925926,0.07812500000000001,0.10546875,0.07407407407407407,0.4208622685185185,0.6941550925925926,0.6254340277777778,0.3585069444444444,0.3642939814814815,0.5895543981481481,0.5545428240740741,0.2740162037037037,0.05078125,0.06163194444444445,0.06510416666666666,0.10951967592592593
1225,2116800,0.08246527777777778,0.07465277777777778,0.09563078703703703,0.07913773148148148,0.4901620370370371,0.6108217592592593,0.5578703703703705,0.453125,0.40653935185185186,0.5173611111111112,0.49406828703703703,0.35344328703703703,0.044126157407407406,0.05541087962962963,0.06524884259259259,0.09519675925925926
1226,2118528,0.08072916666666666,0.07841435185185185,0.11371527777777779,0.06973379629629631,0.4500868055555556,0.6892361111111112,0.6051793981481481,0.36183449074074076,0.37094907407407407,0.5875289351851852,0.5422453703703703,0.26851851851851855,0.0390625,0.062065972222222224,0.0646701388888889,0.11183449074074074
1227,2120256,0.06438078703703703,0.06886574074074074,0.09953703703703703,0.06785300925925926,0.4076967592592593,0.7022569444444444,0.6167534722222222,0.34375,0.36053240740740744,0.6274594907407407,0.5784143518518519,0.27879050925925924,0.04456018518518519,0.055410879629629636,0.06264467592592593,0.09910300925925924
1228,2121984,0.07581018518518517,0.07653356481481483,0.10228587962962964,0.07089120370370369,0.44806134259259256,0.6843171296296295,0.607494212962963,0.36328125,0.3807870370370371,0.5946180555555556,0.55078125,0.2919560185185185,0.04007523148148148,0.055989583333333336,0.06018518518518519,0.09447337962962962
1229,2123712,0.07609953703703703,0.07928240740740741,0.10344328703703703,0.07132523148148148,0.43547453703703703,0.6786747685185185,0.6208043981481481,0.3794849537037037,0.3683449074074074,0.5739293981481481,0.5467303240740741,0.29832175925925924,0.043402777777777776,0.05714699074074074,0.06032986111111112,0.09577546296296297
1230,2125440,0.06886574074074074,0.07335069444444445,0.10228587962962962,0.07204861111111112,0.45587384259259256,0.6860532407407407,0.5982349537037037,0.36892361111111116,0.3852719907407407,0.5891203703703703,0.5298032407407407,0.27806712962962965,0.039351851851851846,0.06148726851851852,0.061776620370370364,0.10792824074074074
1231,2127168,0.07870370370370369,0.07465277777777779,0.09678819444444443,0.07682291666666667,0.46759259259259256,0.6474247685185185,0.5818865740740741,0.41420717592592593,0.3974247685185185,0.548755787037037,0.5209780092592593,0.32826967592592593,0.03530092592592593,0.0574363425925926,0.05873842592592593,0.09519675925925926
1232,2128896,0.07233796296296297,0.07624421296296295,0.10185185185185186,0.08072916666666667,0.4535590277777778,0.666087962962963,0.5963541666666667,0.38252314814814814,0.3893229166666667,0.5802951388888888,0.5348668981481481,0.2899305555555556,0.04210069444444445,0.05946180555555555,0.06438078703703703,0.0998263888888889
1233,2130624,0.06655092592592593,0.06510416666666667,0.09635416666666666,0.07465277777777778,0.44328703703703703,0.6623263888888888,0.5986689814814814,0.3828125,0.3862847222222222,0.5949074074074074,0.5493344907407407,0.30396412037037035,0.03993055555555555,0.05309606481481481,0.059172453703703706,0.08969907407407407
1234,2132352,0.05989583333333333,0.06221064814814815,0.09027777777777778,0.07349537037037036,0.41160300925925924,0.6673900462962963,0.6205150462962963,0.37991898148148145,0.37485532407407407,0.6018518518518519,0.5707465277777777,0.3140914351851852,0.037037037037037035,0.05367476851851852,0.05353009259259259,0.08709490740740741
1235,2134080,0.06597222222222222,0.06264467592592593,0.09042245370370369,0.08463541666666666,0.4357638888888889,0.6477141203703705,0.5975115740740741,0.39453125,0.3935185185185185,0.5852141203703705,0.556568287037037,0.3129340277777778,0.041666666666666664,0.05179398148148148,0.061053240740740734,0.09056712962962964
1236,2135808,0.06929976851851852,0.07508680555555555,0.11805555555555555,0.06409143518518519,0.44646990740740744,0.7013888888888888,0.6177662037037037,0.35257523148148145,0.38136574074074076,0.6024305555555556,0.5461516203703703,0.2595486111111111,0.03385416666666667,0.06293402777777778,0.062065972222222224,0.10243055555555555
1237,2137536,0.0724826388888889,0.08000578703703703,0.10894097222222221,0.06872106481481483,0.4331597222222222,0.6744791666666667,0.6079282407407407,0.37282986111111116,0.3800636574074074,0.5814525462962963,0.5455729166666666,0.2857349537037037,0.03993055555555555,0.05946180555555555,0.06438078703703703,0.09953703703703703
1238,2139264,0.06524884259259259,0.07407407407407407,0.11226851851851852,0.06495949074074074,0.4385127314814815,0.6896701388888888,0.5972222222222223,0.3619791666666667,0.38425925925925924,0.5999710648148148,0.5394965277777777,0.27025462962962965,0.0390625,0.06684027777777778,0.06727430555555555,0.10980902777777779
1239,2140992,0.06452546296296297,0.06626157407407407,0.09563078703703705,0.07306134259259259,0.48249421296296297,0.6420717592592593,0.5695891203703703,0.41724537037037035,0.40219907407407407,0.5541087962962963,0.5135995370370371,0.31221064814814814,0.03877314814814815,0.05107060185185185,0.05873842592592593,0.10127314814814815
1240,2142720,0.06770833333333334,0.06886574074074074,0.1032986111111111,0.06987847222222222,0.4515335648148148,0.6785300925925926,0.5940393518518519,0.3611111111111111,0.3910590277777778,0.6032986111111112,0.5432581018518519,0.27705439814814814,0.03761574074074074,0.05367476851851852,0.0646701388888889,0.09519675925925926
1241,2144448,0.06886574074074076,0.07769097222222222,0.1127025462962963,0.0685763888888889,0.42476851851851855,0.6977719907407407,0.609375,0.34302662037037035,0.37818287037037035,0.6138599537037037,0.5557002314814815,0.26157407407407407,0.03978587962962963,0.0630787037037037,0.06987847222222221,0.10908564814814815
1242,2146176,0.07624421296296297,0.0730613425925926,0.10329861111111112,0.07335069444444445,0.43518518518518523,0.6575520833333333,0.6060474537037036,0.3922164351851852,0.3891782407407407,0.5626446759259259,0.5484664351851851,0.31235532407407407,0.038628472222222224,0.047598379629629636,0.06018518518518518,0.09100115740740741
1243,2147904,0.07711226851851852,0.08246527777777776,0.10865162037037038,0.06741898148148148,0.4592013888888889,0.677662037037037,0.5891203703703703,0.3739872685185185,0.3951099537037037,0.5695891203703703,0.5234375,0.29484953703703703,0.04050925925925926,0.05946180555555556,0.06712962962962962,0.09852430555555557
1244,2149632,0.07566550925925926,0.07523148148148148,0.11038773148148148,0.07175925925925926,0.4574652777777778,0.66015625,0.5863715277777777,0.3940972222222222,0.3929398148148148,0.5572916666666666,0.5280671296296297,0.3142361111111111,0.038628472222222224,0.04976851851851852,0.06409143518518517,0.08825231481481481
1245,2151360,0.07002314814814814,0.07262731481481481,0.10691550925925924,0.07335069444444445,0.42549189814814814,0.6809895833333333,0.6129918981481481,0.35923032407407407,0.3765914351851852,0.6038773148148148,0.5690104166666667,0.2857349537037037,0.03544560185185185,0.05381944444444444,0.06655092592592593,0.08521412037037038
1246,2153088,0.0652488425925926,0.07349537037037038,0.1072048611111111,0.0669849537037037,0.4275173611111111,0.6966145833333334,0.6103877314814815,0.3492476851851852,0.37601273148148145,0.6064814814814814,0.5661168981481481,0.27459490740740744,0.03689236111111111,0.052662037037037035,0.07002314814814815,0.09186921296296297
1247,2154816,0.07016782407407407,0.0720486111111111,0.10344328703703703,0.07045717592592593,0.4597800925925926,0.6877893518518519,0.5814525462962963,0.35966435185185186,0.40248842592592593,0.6006944444444444,0.5347222222222222,0.2832754629629629,0.041666666666666664,0.055410879629629636,0.07407407407407407,0.09186921296296297
1248,2156544,0.0720486111111111,0.07942708333333333,0.09895833333333334,0.08174189814814814,0.44936342592592593,0.66015625,0.5933159722222223,0.3858506944444444,0.3910590277777778,0.5745081018518519,0.5392071759259259,0.2991898148148148,0.03790509259259259,0.049623842592592594,0.06336805555555555,0.08796296296296297
1249,2158272,0.07320601851851852,0.08275462962962964,0.09924768518518519,0.07798032407407407,0.44603587962962965,0.6873553240740741,0.6086516203703703,0.36660879629629634,0.3872974537037037,0.5771122685185186,0.5309606481481481,0.2829861111111111,0.03269675925925926,0.052083333333333336,0.0642361111111111,0.09143518518518519
1250,2160000,0.07552083333333333,0.07450810185185185,0.10054976851851852,0.07233796296296297,0.42766203703703703,0.6805555555555556,0.6186342592592593,0.3780381944444444,0.37919560185185186,0.5889756944444444,0.5522280092592593,0.29658564814814814,0.03356481481481481,0.052662037037037035,0.06365740740740741,0.08637152777777778
1251,2161728,0.07653356481481481,0.08217592592592592,0.09505208333333334,0.08622685185185186,0.42635995370370366,0.6676793981481481,0.6124131944444444,0.37702546296296297,0.38151041666666663,0.5846354166666667,0.5512152777777778,0.2981770833333333,0.03732638888888889,0.05078125,0.07349537037037038,0.0802951388888889
1252,2163456,0.07624421296296297,0.08188657407407407,0.10604745370370369,0.07508680555555555,0.4262152777777778,0.7000868055555556,0.6322337962962963,0.3449074074074074,0.37254050925925924,0.6047453703703703,0.5559895833333334,0.26707175925925924,0.03298611111111111,0.052083333333333336,0.06843171296296297,0.08984375000000001
1253,2165184,0.06640625,0.07624421296296297,0.10387731481481483,0.07074652777777778,0.4144965277777778,0.7003761574074074,0.6374421296296297,0.35358796296296297,0.35792824074074076,0.6025752314814815,0.57421875,0.2780671296296296,0.029947916666666664,0.04600694444444445,0.05873842592592593,0.09157986111111112
1254,2166912,0.07971643518518519,0.08940972222222222,0.11342592592592593,0.07783564814814814,0.41652199074074076,0.6997974537037037,0.6291956018518519,0.3524305555555555,0.3598090277777778,0.5947627314814815,0.5481770833333333,0.2605613425925926,0.03356481481481481,0.05512152777777778,0.07002314814814814,0.10923032407407407
1255,2168640,0.07899305555555555,0.09172453703703703,0.1072048611111111,0.0826099537037037,0.43938078703703703,0.6723090277777778,0.6127025462962963,0.38541666666666663,0.38642939814814814,0.5687210648148149,0.5309606481481481,0.2935474537037037,0.03747106481481481,0.044849537037037035,0.0669849537037037,0.09620949074074074
1256,2170368,0.07262731481481481,0.07841435185185186,0.1004050925925926,0.07552083333333333,0.4383680555555556,0.6737557870370371,0.6040219907407408,0.37774884259259256,0.3764467592592593,0.591724537037037,0.5574363425925926,0.296875,0.03443287037037037,0.046440972222222224,0.07913773148148148,0.08680555555555555
1257,2172096,0.07146990740740741,0.07913773148148148,0.10026041666666666,0.07537615740740741,0.4253472222222222,0.6766493055555556,0.622974537037037,0.3744212962962963,0.3723958333333333,0.5896990740740741,0.5620659722222222,0.29108796296296297,0.03747106481481481,0.04079861111111111,0.06409143518518517,0.09418402777777779
1258,2173824,0.07335069444444445,0.07899305555555555,0.10083912037037038,0.06828703703703703,0.4396701388888889,0.6773726851851851,0.6083622685185185,0.36906828703703703,0.3784722222222222,0.5805844907407407,0.5403645833333333,0.2999131944444445,0.03284143518518519,0.03747106481481481,0.06351273148148148,0.09346064814814815
1259,2175552,0.06958912037037038,0.08145254629629631,0.09939236111111112,0.06929976851851852,0.45717592592592593,0.6830150462962963,0.5989583333333334,0.3700810185185185,0.3914930555555556,0.5798611111111112,0.5321180555555556,0.28761574074074076,0.027488425925925927,0.04152199074074074,0.06611689814814814,0.09071180555555555
1260,2177280,0.0759548611111111,0.08969907407407407,0.10662615740740741,0.0802951388888889,0.4700520833333333,0.630931712962963,0.580150462962963,0.4312789351851852,0.39612268518518523,0.5230034722222222,0.509837962962963,0.3376736111111111,0.029658564814814815,0.03616898148148148,0.06322337962962962,0.09085648148148148
1261,2179008,0.07696759259259259,0.08333333333333333,0.10344328703703703,0.07407407407407407,0.4458912037037037,0.6792534722222222,0.5998263888888888,0.3627025462962963,0.38932291666666663,0.5842013888888888,0.533275462962963,0.28920717592592593,0.035734953703703706,0.04398148148148148,0.0708912037037037,0.09736689814814815
1262,2180736,0.06394675925925926,0.07392939814814815,0.0904224537037037,0.07262731481481481,0.4249131944444444,0.648582175925926,0.6102430555555556,0.39438657407407407,0.38425925925925924,0.5818865740740741,0.55859375,0.3307291666666667,0.03125,0.03616898148148148,0.06221064814814815,0.08159722222222221
1263,2182464,0.07537615740740741,0.08434606481481481,0.10734953703703703,0.07798032407407407,0.41811342592592593,0.6762152777777778,0.6212384259259259,0.3680555555555556,0.37760416666666663,0.5802951388888888,0.5493344907407407,0.28935185185185186,0.03370949074074074,0.039785879629629636,0.06452546296296297,0.10185185185185185
1264,2184192,0.07349537037037036,0.08232060185185186,0.09852430555555555,0.08738425925925926,0.4448784722222222,0.6724537037037037,0.6002604166666666,0.38266782407407407,0.390625,0.5648148148148148,0.5335648148148149,0.29803240740740744,0.03616898148148148,0.033420138888888895,0.05743634259259259,0.08969907407407407
1265,2185920,0.07335069444444445,0.08130787037037038,0.10807291666666667,0.08130787037037036,0.4401041666666667,0.6872106481481481,0.6050347222222223,0.36979166666666663,0.38107638888888884,0.5791377314814815,0.5321180555555556,0.2783564814814815,0.03356481481481482,0.03761574074074074,0.06380208333333334,0.09895833333333334
1266,2187648,0.07060185185185186,0.07523148148148148,0.10619212962962962,0.09273726851851852,0.43822337962962965,0.6569733796296297,0.5973668981481481,0.38006365740740744,0.37962962962962965,0.5810185185185185,0.5536747685185186,0.2962962962962963,0.03602430555555555,0.03732638888888889,0.0703125,0.09143518518518519
1267,2189376,0.07335069444444445,0.07855902777777778,0.10344328703703703,0.09230324074074076,0.43127893518518523,0.6791087962962963,0.6082175925925926,0.3648726851851852,0.37905092592592593,0.5843460648148148,0.5421006944444444,0.2767650462962963,0.03689236111111111,0.037037037037037035,0.061342592592592594,0.09678819444444445
1268,2191104,0.06915509259259259,0.08101851851851852,0.10706018518518517,0.08579282407407407,0.4327256944444444,0.6986400462962963,0.6128472222222223,0.3511284722222222,0.3832465277777778,0.5930266203703703,0.5387731481481481,0.27068865740740744,0.03428819444444445,0.04195601851851852,0.0646701388888889,0.09751157407407407
1269,2192832,0.07175925925925927,0.0865162037037037,0.11053240740740741,0.08839699074074073,0.42983217592592593,0.6833043981481481,0.6238425925925926,0.36834490740740744,0.37991898148148145,0.5785590277777778,0.5435474537037037,0.2745949074074074,0.03645833333333333,0.03602430555555555,0.06409143518518517,0.09519675925925926
1270,2194560,0.06365740740740741,0.08000578703703703,0.0993923611111111,0.07928240740740741,0.4230324074074074,0.6825810185185185,0.6092303240740741,0.3563368055555556,0.37991898148148145,0.5923032407407407,0.5538194444444444,0.2964409722222222,0.029947916666666664,0.03674768518518519,0.06568287037037036,0.0925925925925926
1271,2196288,0.06944444444444445,0.08000578703703703,0.09678819444444445,0.08666087962962962,0.45978009259259256,0.6607349537037037,0.5695891203703703,0.3833912037037037,0.40610532407407407,0.5759548611111112,0.5241608796296295,0.30179398148148145,0.03501157407407407,0.040943287037037035,0.07826967592592593,0.08940972222222224
1272,2198016,0.06293402777777778,0.08101851851851852,0.09635416666666666,0.0892650462962963,0.39207175925925924,0.6723090277777778,0.6223958333333333,0.37369791666666663,0.3723958333333333,0.595775462962963,0.5672743055555556,0.3110532407407407,0.03616898148148148,0.03732638888888889,0.06915509259259259,0.08478009259259259
1273,2199744,0.07523148148148148,0.08738425925925926,0.10170717592592593,0.09244791666666666,0.4654224537037037,0.6419270833333333,0.5701678240740741,0.4092881944444444,0.4105902777777778,0.5283564814814815,0.5075231481481481,0.3291377314814815,0.036892361111111105,0.03833912037037037,0.06828703703703703,0.08912037037037038
1274,2201472,0.055266203703703706,0.07450810185185186,0.09143518518518517,0.08449074074074074,0.42650462962962965,0.6741898148148149,0.5930266203703703,0.3648726851851852,0.38990162037037035,0.6064814814814814,0.5558449074074074,0.2981770833333333,0.02879050925925926,0.03790509259259259,0.06481481481481481,0.08535879629629631
1275,2203200,0.058883101851851846,0.0724826388888889,0.08608217592592593,0.0920138888888889,0.45732060185185186,0.6488715277777778,0.5776909722222223,0.3939525462962963,0.4078414351851852,0.5749421296296297,0.5345775462962963,0.3090277777777778,0.03009259259259259,0.033130787037037035,0.06539351851851852,0.08058449074074073
1276,2204928,0.05541087962962962,0.07942708333333333,0.09476273148148148,0.07957175925925926,0.4424189814814815,0.6666666666666666,0.6048900462962963,0.38961226851851855,0.3935185185185185,0.5609085648148149,0.5358796296296297,0.31438078703703703,0.028211805555555552,0.026475694444444444,0.04759837962962963,0.08318865740740741
1277,2206656,0.05859375,0.08333333333333334,0.1087962962962963,0.07841435185185186,0.4189814814814815,0.6741898148148149,0.6247106481481481,0.3774594907407407,0.3760127314814815,0.5672743055555556,0.5587384259259259,0.30714699074074076,0.027488425925925923,0.03298611111111111,0.06018518518518518,0.08622685185185186
1278,2208384,0.0630787037037037,0.07957175925925926,0.11660879629629631,0.0881076388888889,0.44921875,0.6743344907407407,0.595775462962963,0.3783275462962963,0.39424189814814814,0.5658275462962963,0.5290798611111112,0.29615162037037035,0.032696759259259266,0.031684027777777776,0.06944444444444445,0.09375
1279,2210112,0.06756365740740741,0.07884837962962962,0.11299189814814814,0.09230324074074074,0.39322916666666663,0.6840277777777777,0.6323784722222222,0.3603877314814815,0.3650173611111111,0.5882523148148148,0.5666956018518519,0.28443287037037035,0.03645833333333333,0.02936921296296296,0.07146990740740741,0.09389467592592593
1280,2211840,0.05931712962962962,0.07392939814814815,0.1111111111111111,0.08217592592592593,0.4166666666666667,0.6867766203703703,0.6053240740740741,0.3564814814814815,0.38252314814814814,0.6103877314814814,0.5729166666666667,0.2925347222222222,0.028645833333333336,0.03153935185185185,0.07262731481481481,0.07711226851851852
1281,2213568,0.06495949074074074,0.08116319444444445,0.11038773148148148,0.08246527777777778,0.4379340277777778,0.6941550925925926,0.5963541666666666,0.34765625,0.40306712962962965,0.5978009259259259,0.5412326388888888,0.27734375,0.03211805555555556,0.03240740740740741,0.07204861111111112,0.08289930555555555
1282,2215296,0.06553819444444445,0.07523148148148148,0.1076388888888889,0.0798611111111111,0.44849537037037035,0.6676793981481481,0.5915798611111112,0.38541666666666663,0.39525462962962965,0.5685763888888888,0.5360243055555556,0.30787037037037035,0.02806712962962963,0.03052662037037037,0.07103587962962962,0.08738425925925924
1283,2217024,0.06929976851851852,0.07262731481481481,0.10778356481481481,0.09056712962962962,0.4743923611111111,0.6435185185185185,0.5570023148148149,0.3923611111111111,0.4188368055555556,0.556712962962963,0.5095486111111112,0.31380208333333337,0.030960648148148147,0.03530092592592593,0.0730613425925926,0.08449074074074074
1284,2218752,0.06727430555555555,0.07494212962962964,0.11168981481481481,0.07783564814814814,0.43721064814814814,0.6585648148148148,0.5951967592592593,0.38946759259259256,0.3930844907407407,0.5627893518518519,0.5338541666666667,0.3129340277777778,0.025028935185185185,0.03139467592592593,0.07074652777777778,0.09953703703703703
1285,2220480,0.07233796296296297,0.0853587962962963,0.1271701388888889,0.07450810185185185,0.44936342592592593,0.6759259259259258,0.6103877314814814,0.377025462962963,0.38831018518518523,0.5442708333333333,0.5241608796296297,0.2962962962962963,0.027633101851851853,0.02502893518518519,0.05888310185185186,0.10069444444444445
1286,2222208,0.07045717592592593,0.07884837962962962,0.1160300925925926,0.06626157407407407,0.4609375,0.6905381944444444,0.5868055555555556,0.34953703703703703,0.40885416666666663,0.576244212962963,0.5221354166666666,0.28515625,0.02879050925925926,0.029369212962962965,0.0708912037037037,0.08810763888888888
1287,2223936,0.0658275462962963,0.07624421296296297,0.10561342592592593,0.0853587962962963,0.42578125,0.6808449074074074,0.6056134259259259,0.36472800925925924,0.3883101851851852,0.5862268518518519,0.5481770833333333,0.3065682870370371,0.03674768518518519,0.025462962962962965,0.06611689814814815,0.08015046296296297
1288,2225664,0.07320601851851852,0.08101851851851853,0.11067708333333334,0.07421875,0.46759259259259256,0.6617476851851851,0.5828993055555556,0.38252314814814814,0.41276041666666663,0.5536747685185185,0.5107060185185186,0.30888310185185186,0.026765046296296297,0.030960648148148147,0.06553819444444445,0.09476273148148148
1289,2227392,0.06611689814814815,0.07942708333333334,0.10865162037037036,0.07884837962962962,0.46672453703703703,0.6633391203703703,0.578125,0.3761574074074074,0.41044560185185186,0.5571469907407407,0.5198206018518519,0.30208333333333337,0.029079861111111112,0.028501157407407406,0.07436342592592593,0.09505208333333331
1290,2229120,0.06597222222222222,0.08000578703703703,0.11458333333333334,0.07421875,0.4175347222222222,0.6802662037037037,0.6183449074074074,0.3602430555555556,0.38845486111111116,0.5787037037037037,0.5574363425925926,0.29166666666666663,0.03530092592592592,0.024305555555555556,0.07378472222222222,0.09302662037037036
1291,2230848,0.07465277777777778,0.08463541666666666,0.11863425925925927,0.07204861111111112,0.4469039351851852,0.6830150462962963,0.5979456018518519,0.3716724537037037,0.3980034722222222,0.5679976851851852,0.5298032407407407,0.2826967592592593,0.034722222222222224,0.028356481481481483,0.07450810185185186,0.09678819444444445
1292,2232576,0.062065972222222224,0.07335069444444445,0.11675347222222221,0.05989583333333333,0.4270833333333333,0.7067418981481481,0.615306712962963,0.34085648148148145,0.38266782407407407,0.59765625,0.5559895833333333,0.2751736111111111,0.02936921296296296,0.02271412037037037,0.0630787037037037,0.10257523148148148
1293,2234304,0.055700231481481476,0.0703125,0.09968171296296297,0.07146990740740741,0.4266493055555556,0.6811342592592593,0.6051793981481481,0.35431134259259256,0.3939525462962963,0.6109664351851851,0.5632233796296297,0.3042534722222222,0.029658564814814815,0.028501157407407406,0.07146990740740741,0.08434606481481483
1294,2236032,0.07335069444444445,0.07190393518518517,0.10908564814814814,0.0775462962962963,0.4911747685185185,0.6592881944444444,0.5600405092592593,0.38483796296296297,0.41724537037037035,0.5497685185185186,0.5065104166666667,0.3062789351851852,0.031105324074074073,0.02662037037037037,0.06756365740740741,0.09837962962962964
1295,2237760,0.07407407407407407,0.07624421296296297,0.10894097222222222,0.07942708333333334,0.4275173611111111,0.6824363425925926,0.6148726851851851,0.3625578703703704,0.3823784722222222,0.5736400462962963,0.5535300925925926,0.29470486111111116,0.02936921296296296,0.024450231481481483,0.06611689814814814,0.09678819444444445
1296,2239488,0.06886574074074074,0.07132523148148148,0.09997106481481483,0.07392939814814815,0.4105902777777778,0.6927083333333333,0.6106770833333333,0.34114583333333337,0.3883101851851852,0.6171875,0.5653935185185185,0.2864583333333333,0.03370949074074074,0.03269675925925926,0.07349537037037038,0.08666087962962964
1297,2241216,0.07667824074074074,0.0763888888888889,0.10315393518518517,0.07899305555555555,0.48191550925925924,0.6698495370370371,0.5561342592592593,0.36906828703703703,0.4286747685185185,0.5697337962962963,0.5049189814814814,0.28891782407407407,0.03298611111111111,0.03602430555555556,0.08101851851851852,0.09447337962962962
1298,2242944,0.06365740740740741,0.06626157407407407,0.09273726851851852,0.06915509259259259,0.40726273148148145,0.6630497685185185,0.6134259259259259,0.3794849537037037,0.3812210648148148,0.5885416666666667,0.5740740740740741,0.32407407407407407,0.027488425925925927,0.025462962962962965,0.061487268518518524,0.08420138888888888
1299,2244672,0.07523148148148148,0.07826967592592593,0.09924768518518517,0.08145254629629631,0.4127604166666667,0.6951678240740741,0.6138599537037037,0.3447627314814815,0.38483796296296297,0.5846354166666667,0.5538194444444444,0.29947916666666663,0.03370949074074074,0.030815972222222224,0.0697337962962963,0.08709490740740741
1300,2246400,0.07335069444444445,0.07175925925925926,0.10257523148148148,0.08796296296296297,0.47381365740740744,0.6381655092592592,0.5600405092592593,0.4035011574074074,0.4146412037037037,0.5390625,0.5140335648148149,0.33318865740740744,0.034866898148148154,0.030381944444444448,0.06901041666666666,0.0876736111111111
1301,2248128,0.06278935185185186,0.062210648148148154,0.09765625,0.07277199074074074,0.3978587962962963,0.6828703703703703,0.6085069444444444,0.3485243055555556,0.3800636574074074,0.6166087962962963,0.5857928240740741,0.31061921296296297,0.03139467592592592,0.032552083333333336,0.0736400462962963,0.07957175925925927
1302,2249856,0.06626157407407407,0.061921296296296294,0.09678819444444445,0.08275462962962962,0.3780381944444445,0.6922743055555556,0.6404803240740741,0.33449074074074076,0.3676215277777778,0.6144386574074074,0.583912037037037,0.28790509259259256,0.03125,0.02763310185185185,0.06004050925925926,0.09968171296296297
1303,2251584,0.06987847222222222,0.06901041666666667,0.10923032407407407,0.07986111111111112,0.40451388888888884,0.6888020833333333,0.6235532407407407,0.34273726851851855,0.37962962962962965,0.5951967592592593,0.5736400462962963,0.2980324074074074,0.030671296296296294,0.03240740740740741,0.07045717592592593,0.08622685185185185
1304,2253312,0.06351273148148148,0.06915509259259259,0.0954861111111111,0.07624421296296297,0.3857060185185185,0.6960358796296297,0.6261574074074074,0.32407407407407407,0.37123842592592593,0.6284722222222223,0.587818287037037,0.2912326388888889,0.03255208333333333,0.038483796296296294,0.0736400462962963,0.08232060185185186
1305,2255040,0.06741898148148148,0.07190393518518519,0.10445601851851852,0.0847800925925926,0.40827546296296297,0.6608796296296297,0.6150173611111112,0.3765914351851852,0.3838252314814815,0.5643807870370371,0.5598958333333334,0.3271122685185185,0.03327546296296296,0.03081597222222222,0.06278935185185185,0.08608217592592593
1306,2256768,0.0747974537037037,0.07320601851851852,0.09664351851851852,0.07653356481481481,0.4157986111111111,0.69140625,0.6158854166666667,0.3381076388888889,0.3838252314814815,0.5881076388888888,0.5515046296296297,0.2902199074074074,0.034577546296296294,0.035734953703703706,0.06322337962962962,0.09157986111111112
1307,2258496,0.0681423611111111,0.06843171296296297,0.09346064814814814,0.08391203703703703,0.42346643518518523,0.681712962962963,0.6072048611111112,0.33767361111111116,0.3958333333333333,0.5923032407407407,0.5491898148148149,0.2860243055555556,0.03269675925925926,0.03747106481481481,0.06655092592592593,0.09244791666666666
1308,2260224,0.07349537037037036,0.07682291666666667,0.10460069444444445,0.07928240740740741,0.3962673611111111,0.6844618055555556,0.6345486111111112,0.34953703703703703,0.3637152777777778,0.5892650462962963,0.5752314814814815,0.29962384259259256,0.03515625,0.02936921296296296,0.05787037037037037,0.09273726851851852
1309,2261952,0.07190393518518517,0.07595486111111112,0.10199652777777778,0.08174189814814815,0.43561921296296297,0.6775173611111112,0.6006944444444444,0.3443287037037037,0.39337384259259256,0.5762442129629629,0.5435474537037037,0.2942708333333333,0.029947916666666664,0.03428819444444445,0.06438078703703703,0.09895833333333334
1310,2263680,0.07291666666666666,0.07074652777777778,0.09620949074074073,0.07928240740740741,0.42751736111111116,0.6749131944444444,0.6100983796296297,0.3505497685185185,0.38208912037037035,0.5723379629629629,0.5559895833333334,0.30671296296296297,0.029947916666666668,0.032552083333333336,0.05714699074074074,0.0925925925925926
1311,2265408,0.07045717592592593,0.07552083333333333,0.0904224537037037,0.08984375,0.42954282407407407,0.6539351851851852,0.6144386574074074,0.38035300925925924,0.37962962962962965,0.5513599537037037,0.55078125,0.3208912037037037,0.032407407407407406,0.02980324074074074,0.053385416666666664,0.09375
1312,2267136,0.05714699074074074,0.06785300925925926,0.0954861111111111,0.07740162037037038,0.37427662037037035,0.7157118055555556,0.6449652777777778,0.3038194444444444,0.3540219907407407,0.6319444444444444,0.5988136574074074,0.2740162037037037,0.03515625,0.029803240740740738,0.05049189814814815,0.10069444444444445
1313,2268864,0.07103587962962964,0.07595486111111112,0.0998263888888889,0.08333333333333333,0.48828125,0.6675347222222222,0.5729166666666666,0.37644675925925924,0.41276041666666663,0.5344328703703703,0.5001446759259259,0.3017939814814815,0.031684027777777776,0.030815972222222224,0.050202546296296294,0.09866898148148148
1314,2270592,0.06061921296296296,0.06770833333333334,0.09013310185185185,0.07855902777777778,0.41782407407407407,0.6715856481481481,0.6057581018518519,0.3488136574074074,0.39453125,0.6051793981481481,0.5632233796296297,0.3091724537037037,0.030960648148148147,0.03530092592592593,0.061197916666666664,0.09027777777777778
1315,2272320,0.0708912037037037,0.06872106481481483,0.09432870370370369,0.09244791666666667,0.43561921296296297,0.6820023148148148,0.6040219907407407,0.33695023148148145,0.4000289351851852,0.5842013888888888,0.5441261574074074,0.2881944444444444,0.03211805555555556,0.031684027777777776,0.05700231481481482,0.09953703703703703
1316,2274048,0.06597222222222221,0.07175925925925926,0.09259259259259259,0.07320601851851852,0.4169560185185185,0.70703125,0.630931712962963,0.32682291666666663,0.3803530092592593,0.5775462962962963,0.5610532407407407,0.2925347222222222,0.030671296296296297,0.026186342592592594,0.052083333333333336,0.09953703703703705
1317,2275776,0.05873842592592593,0.06915509259259259,0.08868634259259259,0.08116319444444445,0.39612268518518523,0.6979166666666666,0.6277488425925926,0.3232060185185185,0.3745659722222222,0.6027199074074074,0.5795717592592593,0.3030960648148148,0.033998842592592594,0.02690972222222222,0.058883101851851846,0.09027777777777779
1318,2277504,0.06293402777777778,0.0669849537037037,0.08810763888888888,0.07841435185185185,0.3993055555555556,0.6711516203703703,0.6306423611111112,0.3642939814814815,0.37311921296296297,0.5640914351851852,0.5724826388888888,0.3207465277777778,0.03269675925925926,0.023582175925925927,0.048755787037037035,0.09881365740740741
1319,2279232,0.0642361111111111,0.07855902777777776,0.10315393518518519,0.08347800925925926,0.4704861111111111,0.6896701388888888,0.5931712962962963,0.3457754629629629,0.4126157407407407,0.5578703703703703,0.5128761574074074,0.2884837962962963,0.03414351851851852,0.03226273148148148,0.060474537037037035,0.10691550925925926
1320,2280960,0.06438078703703703,0.06192129629629629,0.08868634259259259,0.06944444444444445,0.44343171296296297,0.6637731481481481,0.5991030092592593,0.3705150462962963,0.39568865740740744,0.5590277777777777,0.5462962962962963,0.3259548611111111,0.029369212962962965,0.026041666666666668,0.0541087962962963,0.0925925925925926
1321,2282688,0.06510416666666667,0.06828703703703703,0.10706018518518517,0.07392939814814814,0.4197048611111111,0.7026909722222222,0.6310763888888888,0.32103587962962965,0.3729745370370371,0.5850694444444444,0.5627893518518519,0.2744502314814815,0.03153935185185185,0.031828703703703706,0.0546875,0.11284722222222222
1322,2284416,0.06394675925925926,0.07161458333333334,0.09360532407407407,0.07696759259259259,0.3836805555555556,0.701244212962963,0.6517650462962963,0.32682291666666663,0.36212384259259256,0.5934606481481481,0.5792824074074074,0.2906539351851852,0.03298611111111111,0.030092592592592594,0.05772569444444445,0.09678819444444445
1323,2286144,0.0642361111111111,0.06278935185185186,0.09360532407407407,0.0802951388888889,0.40610532407407407,0.7094907407407407,0.6173321759259259,0.30902777777777773,0.37890625,0.6206597222222222,0.5678530092592593,0.2709780092592593,0.037037037037037035,0.035590277777777776,0.06785300925925926,0.10214120370370369
1324,2287872,0.06669560185185186,0.055989583333333336,0.0826099537037037,0.08752893518518517,0.41304976851851855,0.6482928240740741,0.6015625,0.3603877314814815,0.39048032407407407,0.5934606481481481,0.5681423611111112,0.31872106481481477,0.03197337962962963,0.027054398148148147,0.06018518518518519,0.08940972222222222
1325,2289600,0.06134259259259259,0.06221064814814815,0.09592013888888888,0.07523148148148148,0.40625,0.7120949074074074,0.6380208333333334,0.31221064814814814,0.3780381944444444,0.6087962962962963,0.57421875,0.2717013888888889,0.032407407407407406,0.023148148148148147,0.054398148148148154,0.09881365740740741
1326,2291328,0.0697337962962963,0.06539351851851852,0.09418402777777778,0.07826967592592593,0.4542824074074074,0.6723090277777777,0.6002604166666667,0.3705150462962963,0.3990162037037037,0.537181712962963,0.5198206018518519,0.30396412037037035,0.027488425925925927,0.02416087962962963,0.04673032407407407,0.10460069444444445
1327,2293056,0.06640625,0.06307870370370369,0.08854166666666666,0.08912037037037038,0.4305555555555556,0.7094907407407407,0.6018518518518519,0.3068576388888889,0.39641203703703703,0.6116898148148148,0.5439814814814815,0.2677951388888889,0.03747106481481481,0.03342013888888889,0.06322337962962962,0.09403935185185185
1328,2294784,0.07089120370370369,0.058015046296296294,0.09346064814814815,0.08159722222222222,0.41304976851851855,0.703125,0.6083622685185186,0.3192997685185185,0.38208912037037035,0.6085069444444444,0.5636574074074074,0.2728587962962963,0.03139467592592592,0.030381944444444444,0.059027777777777776,0.1009837962962963
1329,2296512,0.06409143518518519,0.06684027777777778,0.08550347222222224,0.07175925925925926,0.41825810185185186,0.6983506944444444,0.6291956018518519,0.3224826388888889,0.3862847222222222,0.6070601851851851,0.5732060185185186,0.2896412037037037,0.026475694444444444,0.028645833333333332,0.0646701388888889,0.08463541666666667
1330,2298240,0.07494212962962962,0.06553819444444443,0.09606481481481483,0.08188657407407407,0.41623263888888884,0.6805555555555556,0.6138599537037037,0.3340567129629629,0.38310185185185186,0.5868055555555556,0.5504918981481481,0.29441550925925924,0.036313657407407406,0.03877314814814815,0.06394675925925926,0.09534143518518519
1331,2299968,0.06148726851851852,0.06351273148148148,0.08289930555555555,0.08955439814814814,0.3953993055555555,0.6695601851851852,0.630787037037037,0.3546006944444444,0.37123842592592593,0.5888310185185186,0.5745081018518519,0.3159722222222222,0.033998842592592594,0.031828703703703706,0.06785300925925926,0.08897569444444445
1332,2301696,0.07783564814814815,0.0708912037037037,0.09649884259259259,0.0814525462962963,0.38859953703703703,0.6925636574074074,0.6381655092592593,0.3324652777777778,0.3664641203703704,0.5927372685185185,0.5753761574074074,0.2958622685185185,0.02936921296296296,0.028211805555555552,0.0642361111111111,0.08723958333333333
1333,2303424,0.0802951388888889,0.0787037037037037,0.10604745370370372,0.08434606481481483,0.4973958333333333,0.673900462962963,0.5620659722222223,0.36689814814814814,0.42650462962962965,0.5376157407407407,0.48857060185185186,0.29817708333333337,0.029947916666666668,0.033420138888888895,0.0724826388888889,0.08955439814814814
1334,2305152,0.06568287037037038,0.05353009259259259,0.08434606481481483,0.08796296296296297,0.39308449074074076,0.6594328703703703,0.6242766203703703,0.35619212962962965,0.3771701388888889,0.6028645833333334,0.5834780092592593,0.32103587962962965,0.031249999999999997,0.02589699074074074,0.06004050925925926,0.08015046296296297
1335,2306880,0.06799768518518517,0.05844907407407408,0.09129050925925926,0.08203125,0.4309895833333333,0.6796875,0.60546875,0.3404224537037037,0.39814814814814814,0.5907118055555556,0.5517939814814815,0.30107060185185186,0.030381944444444444,0.03125,0.06741898148148148,0.08478009259259259
1336,2308608,0.06785300925925926,0.06958912037037038,0.09534143518518519,0.07175925925925926,0.380787037037037,0.7060185185185186,0.650462962962963,0.3219039351851852,0.3603877314814815,0.6118344907407407,0.595775462962963,0.28313078703703703,0.026041666666666664,0.029947916666666668,0.06452546296296297,0.08275462962962962
1337,2310336,0.07349537037037038,0.059895833333333336,0.08695023148148148,0.08506944444444445,0.3993055555555556,0.6669560185185185,0.6257233796296297,0.3519965277777778,0.3817997685185185,0.5860821759259259,0.5737847222222223,0.31626157407407407,0.030381944444444448,0.029947916666666668,0.06785300925925926,0.08333333333333333
1338,2312064,0.06756365740740741,0.05295138888888889,0.08492476851851852,0.08101851851851852,0.4236111111111111,0.6725983796296295,0.6030092592592593,0.35344328703703703,0.3933738425925926,0.5892650462962963,0.5607638888888888,0.30367476851851855,0.02531828703703704,0.033998842592592594,0.06799768518518517,0.08579282407407407
1339,2313792,0.06756365740740741,0.06336805555555555,0.08854166666666666,0.0826099537037037,0.4146412037037037,0.6778067129629629,0.6157407407407407,0.3511284722222222,0.3861400462962963,0.5837673611111112,0.55859375,0.30844907407407407,0.027777777777777783,0.03284143518518519,0.058015046296296294,0.0881076388888889
1340,2315520,0.07508680555555555,0.06177662037037038,0.08289930555555555,0.09085648148148148,0.46296296296296297,0.6079282407407407,0.5763888888888888,0.42578125,0.41001157407407407,0.517650462962963,0.5264756944444444,0.36646412037037035,0.025028935185185185,0.026475694444444444,0.06032986111111111,0.07508680555555555
1341,2317248,0.0685763888888889,0.06322337962962962,0.08998842592592593,0.08637152777777778,0.38498263888888884,0.7015335648148149,0.6432291666666667,0.31365740740740744,0.3648726851851852,0.6141493055555556,0.5856481481481481,0.2798032407407407,0.03284143518518518,0.03370949074074074,0.06351273148148148,0.08998842592592593
1342,2318976,0.06712962962962964,0.05598958333333333,0.08449074074074074,0.07928240740740741,0.4194155092592593,0.6536458333333333,0.6106770833333333,0.37398726851851855,0.3817997685185185,0.5695891203703703,0.5677083333333334,0.3298611111111111,0.025752314814814815,0.024016203703703703,0.059027777777777776,0.08405671296296295
1343,2320704,0.0720486111111111,0.061921296296296294,0.08883101851851852,0.08449074074074074,0.4545717592592593,0.6550925925925926,0.59375,0.3765914351851852,0.4010416666666667,0.5458622685185186,0.5311053240740741,0.3229166666666667,0.031105324074074073,0.019965277777777776,0.055410879629629636,0.08854166666666667
1344,2322432,0.06698495370370369,0.055989583333333336,0.08318865740740741,0.08405671296296297,0.4392361111111111,0.6582754629629629,0.5908564814814814,0.3676215277777778,0.3998842592592593,0.572337962962963,0.5489004629629629,0.3142361111111111,0.028356481481481483,0.028211805555555552,0.06524884259259259,0.08767361111111112
1345,2324160,0.07074652777777778,0.06553819444444443,0.09100115740740741,0.07581018518518517,0.43981481481481477,0.6841724537037037,0.6089409722222222,0.349537037037037,0.38483796296296297,0.5701678240740741,0.5506365740740741,0.3090277777777778,0.02734375,0.027922453703703703,0.06409143518518517,0.08232060185185186
1346,2325888,0.07392939814814814,0.06018518518518519,0.09693287037037038,0.08058449074074074,0.4357638888888889,0.6980613425925927,0.6072048611111112,0.3217592592592593,0.39207175925925924,0.591724537037037,0.5502025462962963,0.27546296296296297,0.033998842592592594,0.03052662037037037,0.06901041666666666,0.09548611111111112
1347,2327616,0.06264467592592593,0.06727430555555555,0.09259259259259259,0.07537615740740741,0.42042824074074076,0.6848958333333333,0.6310763888888888,0.35257523148148145,0.3765914351851852,0.575954861111111,0.5688657407407407,0.3091724537037037,0.030960648148148147,0.023148148148148147,0.055266203703703706,0.08521412037037036
1348,2329344,0.06843171296296297,0.06264467592592593,0.09375,0.07465277777777778,0.4301215277777778,0.6966145833333334,0.6164641203703703,0.33174189814814814,0.38961226851851855,0.5855034722222222,0.5478877314814814,0.2863136574074074,0.02734375,0.02980324074074074,0.05714699074074074,0.08998842592592593
1349,2331072,0.06322337962962964,0.059751157407407406,0.08058449074074074,0.07523148148148148,0.39482060185185186,0.6844618055555556,0.6339699074074074,0.33810763888888884,0.3760127314814815,0.5943287037037037,0.5792824074074074,0.31221064814814814,0.028211805555555556,0.024450231481481483,0.05758101851851852,0.07740162037037038
1350,2332800,0.06698495370370369,0.06351273148148148,0.08883101851851852,0.08116319444444445,0.46325231481481477,0.6869212962962963,0.5784143518518519,0.34230324074074076,0.4027777777777778,0.5763888888888888,0.5338541666666667,0.29427083333333337,0.02980324074074074,0.02806712962962963,0.06235532407407407,0.08579282407407408
1351,2334528,0.06235532407407407,0.05541087962962962,0.08159722222222222,0.0814525462962963,0.43981481481481477,0.6459780092592593,0.5989583333333334,0.3828125,0.3955439814814815,0.5584490740740741,0.5530960648148149,0.3420138888888889,0.03211805555555555,0.021122685185185185,0.05222800925925926,0.07682291666666667
1352,2336256,0.0685763888888889,0.06221064814814815,0.09635416666666666,0.08391203703703703,0.4156539351851852,0.646412037037037,0.6161747685185185,0.3765914351851852,0.3836805555555556,0.5591724537037037,0.5646701388888888,0.3324652777777778,0.033420138888888895,0.02155671296296296,0.05338541666666667,0.08246527777777778
1353,2337984,0.06770833333333333,0.062210648148148154,0.08868634259259259,0.0826099537037037,0.4603587962962963,0.6597222222222223,0.5925925925925926,0.3754340277777778,0.3968460648148148,0.5467303240740742,0.5397858796296297,0.32392939814814814,0.03052662037037037,0.019820601851851853,0.052806712962962965,0.08043981481481483
1354,2339712,0.07074652777777778,0.05859375,0.08883101851851852,0.08275462962962962,0.4350405092592593,0.6882233796296297,0.6022858796296295,0.34013310185185186,0.3802083333333333,0.5872395833333333,0.55859375,0.296875,0.03255208333333333,0.01808449074074074,0.05078125,0.09143518518518519
1355,2341440,0.06799768518518519,0.06293402777777778,0.08839699074074074,0.07783564814814814,0.4029224537037037,0.681568287037037,0.631076388888889,0.34129050925925924,0.3686342592592593,0.5894097222222222,0.5769675925925926,0.3138020833333333,0.03269675925925926,0.022135416666666664,0.05208333333333333,0.08463541666666666
1356,2343168,0.06785300925925926,0.05685763888888889,0.08506944444444445,0.08246527777777778,0.4230324074074074,0.689670138888889,0.6158854166666666,0.33868634259259256,0.3862847222222222,0.5910011574074074,0.5620659722222222,0.3055555555555556,0.03356481481481481,0.023292824074074077,0.05570023148148148,0.08203125
1357,2344896,0.07219328703703703,0.05700231481481481,0.08796296296296297,0.09331597222222222,0.43431712962962965,0.6427951388888888,0.5947627314814815,0.3776041666666667,0.39293981481481477,0.5552662037037037,0.5478877314814814,0.33275462962962965,0.03544560185185185,0.02097800925925926,0.05570023148148148,0.08854166666666667
1358,2346624,0.06987847222222222,0.05454282407407407,0.0892650462962963,0.07986111111111112,0.4058159722222222,0.7010995370370371,0.6319444444444444,0.32421875,0.37123842592592593,0.6019965277777778,0.5852141203703703,0.2835648148148148,0.03443287037037037,0.015769675925925927,0.05324074074074074,0.08810763888888888
1359,2348352,0.06741898148148148,0.06611689814814814,0.09693287037037036,0.07581018518518519,0.41594328703703703,0.6873553240740742,0.6255787037037037,0.34519675925925924,0.36863425925925924,0.5853587962962963,0.5752314814814815,0.2958622685185185,0.028935185185185182,0.019820601851851853,0.05381944444444445,0.08984375
1360,2350080,0.06973379629629631,0.06495949074074074,0.09157986111111112,0.0837673611111111,0.4314236111111111,0.6804108796296295,0.615017361111111,0.3519965277777778,0.3812210648148148,0.5681423611111112,0.5515046296296297,0.30367476851851855,0.030960648148148147,0.01808449074074074,0.053530092592592594,0.09230324074074074
1361,2351808,0.07349537037037038,0.07783564814814815,0.09346064814814814,0.09056712962962962,0.39482060185185186,0.6915509259259259,0.6384548611111112,0.33998842592592593,0.36559606481481477,0.576099537037037,0.5791377314814814,0.2916666666666667,0.035590277777777776,0.020543981481481483,0.058015046296296294,0.09114583333333333
1362,2353536,0.06177662037037037,0.05729166666666667,0.08087384259259259,0.08304398148148148,0.42433449074074076,0.6666666666666666,0.6222511574074074,0.3666087962962963,0.3739872685185185,0.5703125,0.5733506944444444,0.3263888888888889,0.025173611111111112,0.015480324074074073,0.05005787037037037,0.078125
1363,2355264,0.06712962962962962,0.0658275462962963,0.08680555555555555,0.08839699074074074,0.4105902777777778,0.6824363425925926,0.6277488425925926,0.3447627314814815,0.36617476851851855,0.5756655092592593,0.5701678240740741,0.30497685185185186,0.03602430555555555,0.021267361111111112,0.05295138888888889,0.08897569444444445
1364,2356992,0.07725694444444445,0.06032986111111111,0.08738425925925926,0.08275462962962964,0.41044560185185186,0.6701388888888888,0.625,0.3511284722222222,0.3739872685185185,0.580150462962963,0.5765335648148149,0.31669560185185186,0.032552083333333336,0.019386574074074077,0.05598958333333333,0.08130787037037038
1365,2358720,0.07060185185185186,0.056857638888888895,0.0826099537037037,0.08434606481481483,0.4447337962962963,0.6749131944444444,0.599681712962963,0.3498263888888889,0.38874421296296297,0.5716145833333333,0.5458622685185185,0.3023726851851852,0.034577546296296294,0.019097222222222224,0.05700231481481481,0.0865162037037037
1366,2360448,0.06524884259259259,0.05642361111111111,0.08174189814814814,0.08232060185185186,0.36834490740740744,0.6744791666666667,0.6535011574074073,0.3515625,0.3486689814814815,0.5950520833333334,0.6141493055555556,0.3256655092592593,0.030092592592592594,0.01634837962962963,0.051359953703703706,0.08289930555555555
1367,2362176,0.07045717592592593,0.062065972222222224,0.0910011574074074,0.08506944444444445,0.42853009259259256,0.6685474537037037,0.6030092592592593,0.3666087962962963,0.38657407407407407,0.5701678240740741,0.5561342592592593,0.31886574074074076,0.03501157407407408,0.021701388888888888,0.05555555555555556,0.08275462962962964
1368,2363904,0.07175925925925926,0.05439814814814815,0.08275462962962964,0.08391203703703703,0.3972800925925926,0.6956018518518519,0.638599537037037,0.33232060185185186,0.3611111111111111,0.6098090277777778,0.5869502314814815,0.28891782407407407,0.032407407407407406,0.021556712962962965,0.055989583333333336,0.09201388888888888
1369,2365632,0.07045717592592593,0.05396412037037037,0.08318865740740741,0.08608217592592593,0.40870949074074076,0.6924189814814815,0.6215277777777777,0.3259548611111111,0.36747685185185186,0.6089409722222222,0.5824652777777778,0.2921006944444444,0.03255208333333333,0.022424768518518517,0.06004050925925926,0.08825231481481483
1370,2367360,0.07436342592592593,0.05367476851851852,0.08362268518518517,0.07696759259259259,0.4398148148148148,0.7249710648148148,0.5964988425925926,0.2980324074074074,0.38599537037037035,0.62890625,0.5583043981481481,0.25390625,0.04079861111111111,0.03530092592592592,0.06611689814814814,0.09027777777777778
1371,2369088,0.0736400462962963,0.05960648148148148,0.09765625,0.07884837962962962,0.41015625,0.693431712962963,0.6300636574074074,0.33275462962962965,0.37138310185185186,0.6012731481481481,0.5798611111111112,0.2973090277777778,0.031684027777777776,0.02907986111111111,0.06177662037037037,0.08130787037037036
1372,2370816,0.08188657407407407,0.06047453703703704,0.10026041666666669,0.07175925925925927,0.39308449074074076,0.7015335648148149,0.6456886574074074,0.32392939814814814,0.3538773148148148,0.6024305555555556,0.5970775462962963,0.28501157407407407,0.03544560185185185,0.023726851851851853,0.05598958333333333,0.09288194444444445
1373,2372544,0.07740162037037038,0.05555555555555555,0.0853587962962963,0.07841435185185186,0.41724537037037035,0.6847511574074074,0.6147280092592593,0.3389756944444444,0.37528935185185186,0.5925925925925926,0.5707465277777778,0.29701967592592593,0.03891782407407407,0.02459490740740741,0.05613425925925926,0.09259259259259259
1374,2374272,0.07667824074074074,0.06553819444444445,0.09866898148148147,0.07118055555555555,0.4131944444444444,0.6876446759259259,0.6232638888888888,0.3519965277777778,0.3739872685185185,0.5792824074074074,0.574363425925926,0.2983217592592593,0.03443287037037037,0.027633101851851853,0.05758101851851852,0.09563078703703703
1375,2376000,0.07826967592592593,0.06712962962962964,0.1009837962962963,0.07060185185185185,0.43619791666666663,0.7152777777777778,0.6025752314814814,0.3237847222222222,0.38107638888888884,0.5866608796296297,0.5539641203703703,0.2744502314814815,0.040943287037037035,0.024016203703703703,0.05541087962962963,0.10026041666666667
1376,2377728,0.07233796296296297,0.055266203703703706,0.08781828703703703,0.0837673611111111,0.4461805555555556,0.6760706018518519,0.5844907407407407,0.3532986111111111,0.3916377314814815,0.5810185185185185,0.5494791666666666,0.3013599537037037,0.038628472222222224,0.025752314814814815,0.05237268518518519,0.09114583333333333
1377,2379456,0.07306134259259259,0.059172453703703706,0.09013310185185186,0.06886574074074074,0.4152199074074074,0.7107928240740741,0.6109664351851851,0.3168402777777778,0.38295717592592593,0.6221064814814814,0.5736400462962963,0.27604166666666663,0.034577546296296294,0.034722222222222224,0.0646701388888889,0.09273726851851852
1378,2381184,0.07320601851851852,0.05555555555555556,0.09129050925925926,0.07450810185185185,0.41015625,0.6916956018518519,0.6222511574074073,0.3313078703703704,0.36689814814814814,0.6103877314814814,0.5904224537037037,0.28732638888888884,0.03428819444444444,0.02199074074074074,0.05671296296296296,0.09114583333333334
1379,2382912,0.07537615740740741,0.05859375,0.09288194444444443,0.06756365740740741,0.44487847222222227,0.7210648148148149,0.5863715277777778,0.3077256944444444,0.3877314814814815,0.6183449074074074,0.5535300925925926,0.2567997685185185,0.04296875,0.02951388888888889,0.06322337962962962,0.0959201388888889
1380,2384640,0.07624421296296297,0.06510416666666667,0.08506944444444445,0.07508680555555555,0.43952546296296297,0.6966145833333333,0.5870949074074074,0.33723958333333337,0.3920717592592593,0.5950520833333333,0.5525173611111112,0.2896412037037037,0.04065393518518519,0.024739583333333336,0.06264467592592592,0.08478009259259259
1381,2386368,0.0775462962962963,0.07204861111111112,0.1015625,0.07552083333333334,0.4205729166666667,0.6961805555555556,0.6212384259259259,0.3383969907407407,0.3706597222222222,0.5810185185185185,0.5672743055555556,0.2816840277777778,0.039641203703703706,0.021556712962962965,0.054108796296296294,0.09953703703703703
1382,2388096,0.07378472222222222,0.05960648148148149,0.08912037037037038,0.08333333333333334,0.453125,0.6603009259259259,0.5876736111111112,0.37225115740740744,0.3949652777777778,0.5682870370370371,0.5448495370370371,0.31148726851851855,0.04050925925925926,0.027488425925925927,0.06090856481481482,0.08666087962962962
1383,2389824,0.07175925925925924,0.055266203703703706,0.08897569444444445,0.07957175925925926,0.39829282407407407,0.6979166666666667,0.6325231481481481,0.3208912037037037,0.3682002314814815,0.6176215277777778,0.5979456018518519,0.2819733796296296,0.039641203703703706,0.02199074074074074,0.05714699074074074,0.08478009259259259
1384,2391552,0.08159722222222222,0.06611689814814815,0.09346064814814814,0.07855902777777778,0.45601851851851855,0.6889467592592593,0.5870949074074074,0.34837962962962965,0.39178240740740744,0.5776909722222222,0.5405092592592593,0.29282407407407407,0.038628472222222224,0.024450231481481483,0.05193865740740741,0.08752893518518517
1385,2393280,0.07841435185185186,0.0708912037037037,0.09953703703703703,0.0708912037037037,0.3975694444444444,0.716869212962963,0.6358506944444444,0.3158275462962963,0.36357060185185186,0.5986689814814815,0.5739293981481481,0.2672164351851852,0.04195601851851852,0.027054398148148147,0.05164930555555555,0.1015625
1386,2395008,0.07855902777777776,0.06336805555555555,0.09664351851851852,0.07450810185185186,0.4320023148148148,0.697482638888889,0.6111111111111112,0.3420138888888889,0.38802083333333337,0.587818287037037,0.5574363425925926,0.28052662037037035,0.037181712962962965,0.02662037037037037,0.046875,0.08940972222222222
1387,2396736,0.07161458333333334,0.05251736111111111,0.08362268518518519,0.08000578703703703,0.3872974537037037,0.6808449074074074,0.6203703703703705,0.33839699074074076,0.37615740740740744,0.6170428240740741,0.5964988425925926,0.30237268518518523,0.03530092592592593,0.02416087962962963,0.05150462962962963,0.08145254629629631
1388,2398464,0.07320601851851852,0.0625,0.09273726851851852,0.0703125,0.4560185185185185,0.67578125,0.5791377314814815,0.3615451388888889,0.4040798611111111,0.5706018518518519,0.5392071759259259,0.30280671296296297,0.037181712962962965,0.025607638888888888,0.046875,0.08622685185185185
1389,2400192,0.07378472222222222,0.06872106481481481,0.09693287037037038,0.08043981481481481,0.40306712962962965,0.6915509259259259,0.6173321759259258,0.3365162037037037,0.3745659722222222,0.5804398148148149,0.5678530092592593,0.2855902777777778,0.038628472222222224,0.024016203703703703,0.05222800925925926,0.09794560185185185
1390,2401920,0.0859375,0.06901041666666667,0.10170717592592593,0.07378472222222222,0.4224537037037037,0.6847511574074073,0.6099537037037037,0.35720486111111116,0.3852719907407407,0.5623553240740741,0.5490451388888888,0.29224537037037035,0.03877314814814815,0.031539351851851846,0.05772569444444445,0.09476273148148147
1391,2403648,0.08275462962962962,0.06553819444444445,0.10011574074074074,0.06235532407407408,0.3872974537037037,0.7316261574074074,0.6396122685185186,0.2944155092592593,0.3671875,0.6148726851851851,0.5833333333333333,0.24971064814814817,0.03443287037037037,0.03052662037037037,0.05150462962962963,0.10141782407407407
1392,2405376,0.08087384259259259,0.07161458333333333,0.09288194444444445,0.078125,0.40625,0.6846064814814814,0.6137152777777778,0.34953703703703703,0.3734085648148148,0.5846354166666666,0.5656828703703705,0.2955729166666667,0.03674768518518519,0.03342013888888889,0.06032986111111111,0.09071180555555555
1393,2407104,0.09447337962962964,0.07696759259259259,0.10040509259259259,0.07566550925925926,0.44820601851851855,0.6935763888888888,0.5905671296296295,0.34794560185185186,0.39048032407407407,0.5548321759259259,0.5357349537037037,0.2845775462962963,0.036313657407407406,0.02734375,0.056568287037037035,0.09649884259259259
1394,2408832,0.09230324074074074,0.08550347222222221,0.10416666666666667,0.0697337962962963,0.43431712962962965,0.7080439814814815,0.6116898148148149,0.34302662037037035,0.38006365740740744,0.5565682870370371,0.5407986111111112,0.2782118055555556,0.03515625,0.030381944444444444,0.04947916666666667,0.10054976851851852
1395,2410560,0.07725694444444445,0.05454282407407407,0.0814525462962963,0.07378472222222222,0.44401041666666663,0.6749131944444444,0.5855034722222222,0.3628472222222222,0.3949652777777778,0.5756655092592592,0.5454282407407408,0.30324074074074076,0.037037037037037035,0.029224537037037035,0.05150462962962962,0.08839699074074073
1396,2412288,0.08087384259259259,0.06741898148148148,0.08825231481481481,0.06568287037037038,0.37919560185185186,0.7025462962962963,0.6490162037037037,0.3376736111111111,0.3546006944444444,0.5896990740740741,0.5882523148148149,0.2881944444444444,0.03616898148148148,0.02517361111111111,0.042534722222222224,0.09534143518518519
1397,2414016,0.08130787037037036,0.07335069444444445,0.09722222222222222,0.0703125,0.40465856481481477,0.7144097222222222,0.6377314814814815,0.3308738425925926,0.36588541666666663,0.5782696759259259,0.5719039351851851,0.2685185185185185,0.03515625,0.02416087962962963,0.048032407407407406,0.0998263888888889
1398,2415744,0.07783564814814814,0.06510416666666667,0.09577546296296297,0.06756365740740741,0.4006076388888889,0.6857638888888888,0.6355613425925926,0.36183449074074076,0.3682002314814815,0.5755208333333333,0.5798611111111112,0.3041087962962963,0.03269675925925926,0.028067129629629633,0.04904513888888889,0.08666087962962962
1399,2417472,0.06828703703703703,0.055266203703703706,0.07798032407407407,0.07508680555555555,0.4175347222222222,0.7096354166666667,0.6086516203703705,0.3265335648148148,0.38035300925925924,0.6082175925925926,0.5740740740740742,0.28298611111111116,0.029658564814814815,0.029658564814814815,0.05309606481481481,0.08912037037037036
1400,2419200,0.07826967592592593,0.06264467592592593,0.08955439814814814,0.06785300925925926,0.42549189814814814,0.6772280092592593,0.6099537037037037,0.37355324074074076,0.3804976851851852,0.5638020833333333,0.5572916666666667,0.30844907407407407,0.03211805555555556,0.026765046296296297,0.048900462962962965,0.09230324074074074
1401,2420928,0.07769097222222221,0.06669560185185186,0.08362268518518519,0.07233796296296297,0.4068287037037037,0.6983506944444444,0.6189236111111112,0.3408564814814815,0.37818287037037035,0.5842013888888888,0.5661168981481481,0.2939814814814815,0.037037037037037035,0.028645833333333332,0.053385416666666664,0.09085648148148148
1402,2422656,0.0826099537037037,0.06958912037037036,0.09317129629629631,0.07103587962962962,0.4305555555555556,0.7076099537037037,0.618923611111111,0.33695023148148145,0.37340856481481477,0.5817418981481481,0.5590277777777778,0.28197337962962965,0.03284143518518519,0.02734375,0.04904513888888889,0.08680555555555555
1403,2424384,0.08043981481481481,0.06264467592592593,0.08463541666666667,0.07175925925925926,0.3923611111111111,0.7039930555555556,0.6412037037037037,0.33015046296296297,0.36863425925925924,0.5934606481481481,0.5805844907407407,0.28327546296296297,0.03486689814814815,0.022858796296296294,0.04803240740740741,0.08854166666666666
1404,2426112,0.09259259259259259,0.07711226851851852,0.09924768518518519,0.06626157407407407,0.40755208333333337,0.7119502314814814,0.6412037037037037,0.3355034722222222,0.36328125,0.5691550925925926,0.5674189814814814,0.2786458333333333,0.03284143518518519,0.02850115740740741,0.048900462962962965,0.09505208333333334
1405,2427840,0.08116319444444445,0.055121527777777776,0.08912037037037036,0.0720486111111111,0.45674189814814814,0.6487268518518519,0.5857928240740741,0.4019097222222222,0.3893229166666667,0.5419560185185185,0.5392071759259259,0.32740162037037035,0.02980324074074074,0.023292824074074073,0.04542824074074074,0.08492476851851852
1406,2429568,0.09447337962962962,0.06438078703703703,0.09013310185185185,0.08318865740740741,0.4736689814814815,0.6705729166666666,0.5849247685185186,0.37919560185185186,0.39641203703703703,0.5348668981481481,0.5164930555555556,0.30222800925925924,0.03761574074074074,0.031684027777777776,0.04861111111111111,0.09346064814814814
1407,2431296,0.0837673611111111,0.06582754629629631,0.0904224537037037,0.07436342592592593,0.4252025462962963,0.7039930555555555,0.6089409722222222,0.3402777777777778,0.3692129629629629,0.5794270833333334,0.5530960648148149,0.27980324074074076,0.037760416666666664,0.033130787037037035,0.04673032407407407,0.09259259259259259
1408,2433024,0.08275462962962962,0.05714699074074074,0.09809027777777778,0.07002314814814814,0.43098958333333337,0.6896701388888888,0.6025752314814815,0.34172453703703703,0.3781828703703704,0.5828993055555556,0.5536747685185186,0.2894965277777778,0.035445601851851846,0.02907986111111111,0.05107060185185185,0.09606481481481483
1409,2434752,0.07277199074074074,0.05063657407407407,0.08666087962962962,0.07407407407407407,0.41594328703703703,0.677517361111111,0.6208043981481481,0.3572048611111111,0.3693576388888889,0.5811631944444444,0.5695891203703703,0.30005787037037035,0.030381944444444444,0.02589699074074074,0.040943287037037035,0.09447337962962962
1410,2436480,0.07190393518518517,0.04933449074074074,0.07682291666666666,0.07609953703703703,0.42954282407407407,0.6843171296296295,0.6031539351851852,0.3501157407407407,0.3888888888888889,0.595630787037037,0.5623553240740741,0.30598958333333337,0.033130787037037035,0.02951388888888889,0.045138888888888895,0.08318865740740741
1411,2438208,0.07653356481481481,0.054108796296296294,0.07957175925925926,0.08188657407407407,0.41377314814814814,0.6702835648148149,0.611545138888889,0.3642939814814815,0.3773148148148148,0.5753761574074074,0.5640914351851851,0.3159722222222222,0.03587962962962962,0.026041666666666668,0.04369212962962963,0.09418402777777779
1412,2439936,0.08478009259259259,0.058304398148148154,0.08015046296296297,0.07682291666666666,0.4544270833333333,0.6578414351851852,0.5782696759259259,0.3797743055555556,0.4014756944444444,0.5532407407407407,0.5335648148148149,0.3198784722222222,0.031105324074074073,0.02806712962962963,0.04846643518518519,0.09230324074074076
1413,2441664,0.08550347222222222,0.055844907407407406,0.08087384259259259,0.07016782407407407,0.43822337962962965,0.685619212962963,0.6015625,0.34736689814814814,0.38483796296296297,0.5706018518518519,0.5513599537037037,0.2942708333333333,0.03501157407407407,0.024594907407407406,0.043547453703703706,0.09490740740740741
1414,2443392,0.07798032407407407,0.05381944444444445,0.08492476851851852,0.0703125,0.41030092592592593,0.7068865740740741,0.6242766203703705,0.3208912037037037,0.37109375,0.607494212962963,0.5733506944444444,0.2724247685185185,0.03530092592592593,0.027777777777777776,0.044126157407407406,0.09649884259259259
1415,2445120,0.08101851851851852,0.059895833333333336,0.09186921296296297,0.06886574074074074,0.4201388888888889,0.7105034722222222,0.6173321759259258,0.3129340277777778,0.3764467592592593,0.6064814814814814,0.5691550925925926,0.2677951388888889,0.03660300925925926,0.03255208333333333,0.05150462962962962,0.09534143518518519
1416,2446848,0.0954861111111111,0.06626157407407407,0.09215856481481483,0.08058449074074076,0.4360532407407407,0.6899594907407407,0.5966435185185186,0.3425925925925926,0.3933738425925926,0.5769675925925926,0.5396412037037037,0.2802372685185185,0.03616898148148148,0.03674768518518519,0.04716435185185185,0.09895833333333333
1417,2448576,0.08000578703703703,0.06264467592592593,0.08738425925925926,0.06872106481481483,0.42954282407407407,0.6957465277777778,0.6106770833333333,0.3389756944444444,0.37890625,0.58203125,0.5619212962962963,0.28645833333333337,0.03645833333333333,0.029224537037037035,0.03891782407407407,0.09823495370370372
1418,2450304,0.08622685185185186,0.06004050925925926,0.07971643518518517,0.06944444444444445,0.4486400462962963,0.6915509259259259,0.5946180555555556,0.35054976851851855,0.39293981481481477,0.5788483796296297,0.5389178240740741,0.28920717592592593,0.037037037037037035,0.028356481481481483,0.038773148148148154,0.09780092592592593
1419,2452032,0.08391203703703703,0.0552662037037037,0.0798611111111111,0.06684027777777778,0.4043692129629629,0.6848958333333333,0.6244212962962963,0.3383969907407407,0.3719618055555556,0.5989583333333334,0.5804398148148149,0.30353009259259256,0.03587962962962963,0.027922453703703706,0.04079861111111111,0.08897569444444445
1420,2453760,0.09085648148148148,0.0703125,0.0910011574074074,0.07407407407407407,0.45167824074074076,0.6769386574074074,0.5963541666666667,0.36183449074074076,0.38541666666666663,0.5465856481481481,0.5410879629629629,0.30859375,0.03602430555555555,0.026475694444444448,0.04021990740740741,0.09403935185185186
1421,2455488,0.07928240740740741,0.05222800925925926,0.07826967592592593,0.06394675925925926,0.3927951388888889,0.6851851851851852,0.631076388888889,0.3366608796296296,0.3628472222222222,0.609230324074074,0.5959201388888888,0.3070023148148148,0.03298611111111111,0.021267361111111112,0.03819444444444444,0.08622685185185186
1422,2457216,0.0859375,0.0642361111111111,0.0798611111111111,0.07262731481481481,0.4351851851851852,0.6589988425925926,0.6043113425925926,0.37630208333333337,0.38657407407407407,0.5542534722222222,0.5487557870370371,0.3207465277777778,0.02980324074074074,0.021701388888888888,0.03935185185185185,0.09172453703703703
1423,2458944,0.07769097222222222,0.04933449074074074,0.07320601851851852,0.07002314814814814,0.40465856481481477,0.6899594907407407,0.6164641203703703,0.3342013888888889,0.3763020833333333,0.617332175925926,0.5911458333333333,0.29890046296296297,0.03530092592592592,0.023871527777777776,0.04282407407407407,0.08449074074074076
1424,2460672,0.09129050925925926,0.07074652777777778,0.08043981481481481,0.06409143518518517,0.4082754629629629,0.6899594907407407,0.6264467592592593,0.34866898148148145,0.3667534722222222,0.572048611111111,0.5732060185185185,0.30931712962962965,0.03342013888888889,0.017939814814814815,0.038483796296296294,0.09186921296296297
1425,2462400,0.0759548611111111,0.04311342592592593,0.06886574074074074,0.059027777777777776,0.3990162037037037,0.6890914351851851,0.6306423611111112,0.3203125,0.37123842592592593,0.6215277777777778,0.6018518518518519,0.29456018518518523,0.026331018518518517,0.020543981481481483,0.03747106481481482,0.09215856481481481
1426,2464128,0.0853587962962963,0.06539351851851852,0.08246527777777776,0.05439814814814815,0.4169560185185185,0.7118055555555556,0.61328125,0.3174189814814815,0.37847222222222227,0.6050347222222222,0.5619212962962963,0.27213541666666663,0.03414351851851852,0.024739583333333336,0.03920717592592592,0.10373263888888888
1427,2465856,0.10170717592592593,0.07725694444444445,0.09056712962962962,0.06770833333333333,0.4600694444444444,0.6682581018518519,0.59375,0.3619791666666667,0.38483796296296297,0.533130787037037,0.5211226851851851,0.3046875,0.035590277777777776,0.02097800925925926,0.038628472222222224,0.10633680555555555
1428,2467584,0.0837673611111111,0.05787037037037037,0.08043981481481481,0.06958912037037038,0.43229166666666663,0.6734664351851851,0.5960648148148149,0.34997106481481477,0.38845486111111116,0.5941840277777778,0.5539641203703703,0.2984664351851852,0.03313078703703704,0.025752314814814815,0.048900462962962965,0.09476273148148148
1429,2469312,0.08362268518518517,0.046875,0.07667824074074074,0.07103587962962962,0.4665798611111111,0.6235532407407407,0.5810185185185185,0.4089988425925926,0.39916087962962965,0.5425347222222222,0.5422453703703703,0.3428819444444444,0.02806712962962963,0.020399305555555556,0.035590277777777776,0.08752893518518517
1430,2471040,0.09563078703703703,0.06741898148148148,0.08622685185185186,0.06221064814814814,0.4116030092592593,0.6922743055555556,0.6294849537037037,0.3324652777777778,0.3628472222222222,0.5720486111111112,0.5632233796296295,0.28877314814814814,0.03833912037037037,0.015190972222222224,0.037037037037037035,0.10344328703703703
1431,2472768,0.09056712962962962,0.06785300925925926,0.09360532407407407,0.059172453703703706,0.3956886574074074,0.6909722222222222,0.638744212962963,0.33492476851851855,0.3564814814814815,0.5886863425925926,0.5756655092592593,0.2818287037037037,0.03616898148148148,0.021846064814814815,0.049479166666666664,0.10112847222222222
1432,2474496,0.08825231481481483,0.06105324074074074,0.08839699074074074,0.06684027777777778,0.41478587962962965,0.6730324074074074,0.6116898148148148,0.3462094907407407,0.37745949074074076,0.59375,0.5671296296296297,0.2991898148148148,0.03761574074074074,0.022424768518518517,0.049479166666666664,0.09375
1433,2476224,0.07740162037037038,0.05743634259259259,0.07653356481481481,0.05946180555555555,0.40697337962962965,0.6827256944444444,0.62109375,0.3388310185185185,0.37239583333333337,0.6005497685185186,0.5813078703703703,0.2991898148148148,0.03501157407407408,0.017505787037037035,0.041087962962962965,0.09577546296296297
1434,2477952,0.08984375,0.0681423611111111,0.08506944444444445,0.05960648148148148,0.43359375,0.6966145833333333,0.6098090277777778,0.3266782407407407,0.3806423611111111,0.5843460648148149,0.5455729166666666,0.27734375,0.04065393518518519,0.015190972222222224,0.03645833333333333,0.10127314814814814
1435,2479680,0.08318865740740741,0.05367476851851852,0.0787037037037037,0.06336805555555555,0.40769675925925924,0.6540798611111112,0.6265914351851851,0.3627025462962963,0.36791087962962965,0.5817418981481481,0.5791377314814815,0.3219039351851852,0.033275462962962965,0.015625,0.03747106481481481,0.09837962962962962
1436,2481408,0.08940972222222224,0.0625,0.08434606481481483,0.062065972222222224,0.4131944444444444,0.6491608796296295,0.6164641203703703,0.3803530092592593,0.3693576388888889,0.5571469907407407,0.5564236111111112,0.32740162037037035,0.03674768518518519,0.013454861111111112,0.038773148148148154,0.10474537037037038
1437,2483136,0.07986111111111112,0.06293402777777778,0.08854166666666667,0.05685763888888888,0.38064236111111116,0.704861111111111,0.6387442129629629,0.30266203703703703,0.34664351851851855,0.6255787037037037,0.5969328703703703,0.2767650462962963,0.03602430555555555,0.014901620370370369,0.04673032407407407,0.10734953703703703
