lagrangian/avg_J_B,eval/J_B,eval/J_P,eval/mean_coverage,eval/mean_n_tiles,time/total_timesteps,physical/mean_stall_seconds,lagrangian/mu_P,lagrangian/avg_J_D,tiles/enhancement_freq_max,eval/mean_stall_sec,physical/mean_n_enhanced_tiles,tiles/enhancement_freq_std,lagrangian/mu_D,eval/mean_psnr_db,time/iterations,lagrangian/avg_J_P,lagrangian/n_episodes,physical/mean_coverage,eval/feasible,physical/mean_power_mW,time/time_elapsed,rollout/ep_rew_mean,eval/violation,rollout/ep_len_mean,eval/J_Q,lagrangian/mu_B,eval/mean_power_mw,eval/J_D,time/fps,train/approx_kl,train/loss,train/explained_variance,train/entropy_loss,train/pds_value_loss,train/n_updates,train/policy_gradient_loss,train/clip_fraction,train/learning_rate,train/value_loss,train/clip_range
18.48514107796508,18.714202729488058,10.584349249508264,0.9114484763064148,39.4537037037037,1728,0.5541977422415153,1.008931460555155,16.835226819252274,0.8391203703703703,0.4864843328307806,38.964699074074076,0.11795318440941768,1.0417880670481308,53.15757227177087,1,7.572584222061994,48,0.9265257694033097,0.0,24.920428240740723,12,-17.485188458333333,32.47633617309616,36.0,27.66772723860667,1.0277128526949126,34.72222222222222,14.697784194099833,135,,,,,,,,,,,
18.429193357112897,18.452351041631008,7.774216175409492,0.9247575488649362,38.87962962962963,3456,0.5575763244300828,1.0177943195288706,16.939783687786942,0.8506944444444444,0.46387423042662235,38.8431712962963,0.1206531189120362,1.083837526267598,53.333822481324425,2,7.545143589486252,48,0.9277278638412894,0.0,24.891493055555515,20,-18.24714796875,28.808787171573776,36.0,28.09959073420899,1.0552858360876949,25.462962962962962,14.102219954533277,171,0.022091648,31.928831100463867,-0.0006874799728393555,-45.95183467158565,0.051549906649247364,10,-0.03967149816625924,0.23859953703703704,0.0003,113.20324048642759,0.2
18.486679282253974,18.147534695733583,7.80623814559462,0.9211397769518511,38.24074074074074,5184,0.5537454205041159,1.026720675565382,16.812085569174922,0.8350694444444444,0.47990120486128784,38.964120370370374,0.11871829894199276,1.1255677401905355,53.2516728187004,3,7.570542414604514,48,0.9236498656017951,0.0,24.913194444444414,27,-19.70513171,29.0258901151701,36.0,27.986143438651922,1.0830025342933298,25.694444444444446,14.592117273841898,189,0.010490917,1231.0250244140625,-0.03635454177856445,-45.94044542665835,5.424609501935818,20,-0.01915689234069928,0.052835648148148145,0.0003,2601.514565700955,0.2
18.431485748809553,18.013456935221893,8.211151603289087,0.9180852682421632,37.97222222222222,6912,0.55387683762539,1.0356228343505542,16.85502864104092,0.828125,0.4598216838468782,38.845486111111114,0.11448705026630851,1.1674053117931378,53.139513053631994,4,7.560863514068902,48,0.9240146320645816,0.0,24.94212962962963,34,-21.198517860000003,28.704186134526715,36.0,27.909225933890372,1.1105812486653537,26.967592592592595,13.999577596015738,199,0.011648788,2245.0859375,-0.01461482048034668,-45.92703016775626,8.894746983492816,30,-0.027954915685027285,0.08987268518518518,0.0003,5315.940861906829,0.2
18.452499902566128,18.235941508589917,8.35095023316813,0.9180028948047051,38.47222222222222,8640,0.5497461517694961,1.0451157652238172,16.68274054155284,0.8368055555555556,0.4352683687159848,38.891782407407405,0.11353969526896393,1.20881216314702,53.23575619522535,5,7.797172349305193,48,0.9220665390575152,0.0,25.665509259259245,42,-22.86228712,28.264840106610507,36.0,27.880695796963696,1.138212498421769,27.430555555555557,13.19794836485246,205,0.017435566,1217.379638671875,-0.008154511451721191,-45.90979512532552,2.594508926956742,40,-0.02983981929374514,0.1259259259259259,0.0003,2412.0299397786457,0.2
18.390769214081953,18.38064849335362,6.219785278617617,0.9199054982033402,38.75,10368,0.5579974115337835,1.0536093401852171,16.95229956464757,0.8559027777777778,0.5447379915257067,38.75578703703704,0.12162456526783255,1.2508929120586387,53.38625329361283,6,7.397429984559967,48,0.9285305477389492,0.0,24.37065972222224,49,-24.211794480000002,29.665278671280767,36.0,27.933443146865642,1.1656894214569737,20.60185185185185,16.584844899309534,210,0.019420722,2053.7724609375,-0.007961511611938477,-45.88668231257686,6.036776640680102,50,-0.03582860438360108,0.18113425925925927,0.0003,3762.7754575376157,0.2
18.459023425711695,18.314407583041223,9.293502003412266,0.9157796809008566,38.60185185185185,12096,0.5536306933580901,1.0623595586833057,16.795843556222895,0.8697916666666666,0.4396265034269054,38.89699074074074,0.12244757348692711,1.292582520949196,53.21029712887665,7,7.5000873992353805,48,0.9323111439693804,0.0,24.67447916666665,56,-25.44571471,29.43797772663023,36.0,27.809696794417615,1.193336980021253,30.555555555555554,13.35006814017674,214,0.02039109,687.050537109375,-0.014440774917602539,-45.872860505845814,3.2748608739287763,60,-0.027651137110121824,0.1587962962962963,0.0003,1695.3740130389178,0.2
18.40359167570615,17.866885118186165,8.476746790702565,0.9132723255165242,37.648148148148145,13824,0.5478651172645389,1.0712638173496645,16.657823476758008,0.8559027777777778,0.43727609837011977,38.77430555555556,0.11674386794297556,1.333927079641091,53.203040505310696,8,7.5617034665434915,48,0.9222365084943802,0.0,24.956597222222236,63,-26.99406965,28.10878713058146,36.0,27.758480929206353,1.2208459592105183,28.009259259259263,13.285155221692733,216,0.022349732,1607.7060546875,-0.006512641906738281,-45.851228389033565,6.681850600242615,70,-0.037079069247745254,0.22025462962962963,0.0003,3457.0377992983217,0.2
18.436341536299018,18.460486488609032,9.195526321434336,0.9235103715463197,38.90740740740741,15552,0.5527163721523005,1.079909929936739,16.797773888708665,0.8165509259259259,0.4580266212058561,38.85706018518518,0.1122547150640062,1.3756215143628625,53.519883562357556,9,7.458445034829778,48,0.9260613286730146,0.0,24.60937500000003,71,-28.51538841,30.05161693966864,36.0,28.046674367275504,1.2484368130512657,30.324074074074076,13.91560412962527,218,0.03292328,639.6265258789062,-0.04096877574920654,-45.83116101865415,5.016575996964066,80,-0.03778711212798953,0.25688657407407406,0.0003,1371.4925939489294,0.2
18.435041275584794,18.212034254465067,8.183999585556084,0.9223501621432445,38.388888888888886,17280,0.5435694800868247,1.0892281649041453,16.532122336067044,0.8582175925925926,0.49174448931218556,38.845486111111114,0.11729299247538955,1.41665182020303,53.41301272337336,10,7.727293986962557,48,0.9203012941877162,0.0,25.4557291666667,78,-30.03468717,29.854593343916,36.0,28.022101153100824,1.2760244162402277,27.083333333333332,14.97855950389485,220,0.025512733,1107.7008056640625,-0.004399657249450684,-45.81389725296586,2.330083057615492,90,-0.039954794753618815,0.27037037037037037,0.0003,2357.0104261610245,0.2
18.34618461283656,17.42154540527562,9.718848538506313,0.9302381060430704,36.71296296296296,19008,0.5451828014827429,1.098215678516,16.556027788725658,0.8535879629629629,0.4318647206011131,38.661458333333336,0.11923586780703177,1.4577418896748442,53.680263722320746,11,7.595005444741896,48,0.9265848162271636,0.0,25.021701388888843,85,-31.35039911,28.730307865375423,36.0,28.2787170173233,1.303389877772319,32.06018518518518,13.10991392159349,222,0.035911996,310.2137451171875,-0.021247506141662598,-45.79462608054832,2.7876942934813322,100,-0.03513885079710572,0.2982060185185185,0.0003,661.5636267768012,0.2
18.25366133836825,18.07933300368141,9.940353229894418,0.933503749246826,38.101851851851855,20736,0.5533274682403618,1.106573048121121,16.79961904181361,0.8287037037037037,0.44005475725283133,38.48148148148148,0.11466285922818825,1.4994409372793782,53.722350459400765,12,7.342947842048318,48,0.9303187375595882,0.0,24.18981481481481,92,-32.587170809999996,29.857620346888197,36.0,28.360249144415082,1.3305240311182396,32.754629629629626,13.357934113312373,223,0.023427727,748.796142578125,-0.01050722599029541,-45.78935012817383,2.4803796348748386,110,-0.03652151216649347,0.2404513888888889,0.0003,1949.6822328920719,0.2
18.357128052849315,17.704054147368307,9.305930729195522,0.9208840776917366,37.370370370370374,22464,0.5411080075952908,1.1154869951882778,16.443577049582007,0.8483796296296297,0.42564769868597013,38.701388888888886,0.11467531153893434,1.5402498799033333,53.39646755622598,13,7.565578826862762,48,0.9185092758277085,0.0,24.971064814814845,100,-34.10688949,28.384038183756857,36.0,27.956404999871825,1.3579168512503628,30.671296296296294,12.894053307193031,224,0.034881655,246.5866241455078,-0.04976832866668701,-45.771074379815,5.1589068412780765,120,-0.03940937249334874,0.28888888888888886,0.0003,549.3269550464771,0.2
18.31613115497321,18.084757261043823,9.462113786991734,0.9250317189164982,38.175925925925924,24192,0.5398032334666146,1.1244689693736587,16.368665533244158,0.8385416666666666,0.4360933285448483,38.601273148148145,0.11391576720019485,1.5808715437364438,53.55416028232997,14,7.592789674152416,48,0.9233082514386185,0.0,24.963831018518526,107,-35.52948459,29.239748944196073,36.0,28.067976641839675,1.3852071791377958,31.25,13.212877896160515,225,0.025822015,1177.639892578125,-0.0038099288940429688,-45.757322000574185,7.508357090420193,130,-0.03603186072367761,0.20966435185185187,0.0003,2518.977339228877,0.2
18.480211368313732,17.934629634104354,10.040141398272722,0.9172179069910115,37.84259259259259,25920,0.5487540347429215,1.1332456984051786,16.689466010385043,0.8489583333333334,0.42351415453619534,38.94039351851852,0.11817015105129236,1.6222952087624063,53.279315612275674,15,7.510691612607961,48,0.920379026932302,0.0,24.761284722222243,114,-37.28224191,29.28699644547507,36.0,27.84020713969981,1.41290770755858,32.98611111111111,12.832225413097992,226,0.03265684,243.4799346923828,-0.017197012901306152,-45.762479598433885,2.5914953615930347,140,-0.03529942118114343,0.27881944444444445,0.0003,519.5629232901114,0.2
18.389260443140678,17.425332653300487,8.785783332726902,0.9170475192646731,36.76851851851852,27648,0.5327002259146929,1.1427090827363533,16.17930572457851,0.8547453703703703,0.4230299201949674,38.760416666666664,0.12250288128264297,1.6624434730738527,53.17970986306651,16,7.7853537324698925,48,0.9318841682133139,0.0,25.643807870370384,121,-38.546218100000004,27.506134321133842,36.0,27.827258681710784,1.4403808586664317,28.93518518518519,12.81501833510645,226,0.023850666,1018.8792114257812,-0.0031671524047851562,-45.751223217999495,6.360859043509872,150,-0.03854823530548149,0.21053240740740742,0.0003,2000.0050039785879,0.2
18.423042545478683,17.28191196194633,8.579089415603482,0.9175594596250494,36.47222222222222,29376,0.5412353411148604,1.1515967469298107,16.444799870479695,0.8813657407407407,0.41397374147702276,38.822916666666664,0.12671102439702336,1.703255472750052,53.19275691584181,17,7.555065677382996,48,0.926573924547795,0.0,24.90596064814819,129,-39.75382581,26.886850669380053,36.0,27.854389962997672,1.4679384650301284,28.240740740740744,12.545849291830242,227,0.03460474,166.18963623046875,-0.055909037590026855,-45.749640768545646,3.3762503853550663,160,-0.038103405186147604,0.2886574074074074,0.0003,411.181601856373,0.2
18.356458698872455,16.71278561579067,8.724461315481712,0.9123872080721626,35.25925925925926,31104,0.5349096601272862,1.1611985802241895,16.261422150958463,0.8321759259259259,0.39486606113114303,38.704282407407405,0.11859642983248729,1.7436090281274481,53.180307644552364,18,7.840733317751517,48,0.9174712837367633,0.0,25.81018518518518,136,-41.428777929999995,25.88641639204073,36.0,27.69062784883901,1.4953296117773096,28.703703703703706,11.96916946076835,227,0.019607402,1099.420654296875,-0.01517033576965332,-45.735504644888415,7.930275710423787,170,-0.03420857434954356,0.17806712962962962,0.0003,2311.859787778501,0.2
18.2564423630263,16.586114664128228,9.034275973413271,0.9140175496024677,34.9537037037037,32832,0.5369947937310987,1.1702863568829651,16.293097065874903,0.8188657407407407,0.39400381519657796,38.46238425925926,0.11218388999301947,1.7840417707921354,53.2031396407124,19,7.635110663510218,48,0.9230970918498023,0.0,25.122974537037084,143,-42.84742326000001,26.063905492638064,36.0,27.747547850227992,1.5224707176848753,29.74537037037037,11.963514855096564,228,0.04496992,157.24325561523438,-0.05228149890899658,-45.717671175356266,3.082282857541685,180,-0.04849807129465734,0.3291087962962963,0.0003,396.67835727267794,0.2
18.250805122943447,16.542671832223174,8.604399346773285,0.9171600916846261,34.861111111111114,34560,0.524614924607481,1.1799838731005703,15.959299353635272,0.8663194444444444,0.39862831595696785,38.46643518518518,0.11741949837903025,1.8236400191762236,53.223525877554415,20,7.87900648704204,48,0.9207877520188404,0.0,25.991030092592613,151,-43.88678522,25.714965111824334,36.0,27.837732763487036,1.549597730492234,28.240740740740744,12.087893932827876,228,0.022811197,855.7110595703125,0.012075483798980713,-45.702704648618344,3.178632518538722,190,-0.03909584517004313,0.2245949074074074,0.0003,1600.3731825086807,0.2
18.20296519824546,16.799515648316774,8.963461752956723,0.9129736132436107,35.44444444444445,36288,0.5356941612537314,1.1890497315065152,16.266589162262886,0.8524305555555556,0.39988767660759184,38.35243055555556,0.11845623570588186,1.8640064920818809,53.01770304546904,21,7.626343362377988,48,0.9254875550686329,0.0,25.12297453703709,158,-45.171185539999996,26.351233027066904,36.0,27.711413816571284,1.5766051434878476,29.513888888888896,12.10825562579341,229,0.039001018,152.525634765625,-0.07795560359954834,-45.6926688865379,5.068517936600579,200,-0.03867663315117911,0.2920138888888889,0.0003,342.35738875777633,0.2
18.32013671175791,16.282265522605787,9.029255097384036,0.9128067053464868,34.34259259259259,38016,0.5335387783410415,1.1990225296307246,16.241100783687276,0.8547453703703703,0.3908333177893141,38.597800925925924,0.11897489959976709,1.9043092440410991,53.05259379330557,22,7.989119249683804,48,0.920097524880564,0.0,26.316550925925938,165,-46.952950300000005,25.632462213082782,36.0,27.70845549919743,1.6039054852672425,29.629629629629633,11.840941593092959,229,0.018338308,1270.32080078125,-0.0072242021560668945,-45.69522933959961,4.799255776405334,210,-0.031990281251017695,0.15590277777777778,0.0003,2327.02724609375,0.2
18.223011403086392,16.012960212422858,9.66383226395067,0.9194695913607626,33.77777777777778,39744,0.5357416714751124,1.2083706017991247,16.284863244369955,0.8680555555555556,0.38845013547477963,38.398726851851855,0.12244553388159343,1.944721402152024,53.24407895201307,23,7.73922886736005,48,0.9306300828034665,0.0,25.448495370370434,172,-48.33560867,25.931048297400622,36.0,27.939375314089748,1.6309630137749584,31.828703703703706,11.774255821027092,229,0.03741217,141.5125274658203,-0.05504870414733887,-45.67699115894459,3.9382176708292076,220,-0.04146467251013274,0.2991898148148148,0.0003,313.5490515814887,0.2
18.271647479022995,15.960154253926751,9.205241987850705,0.9165696701659646,33.657407407407405,41472,0.5262233123461809,1.2179532321005733,15.983983398118307,0.8744212962962963,0.38759639173509614,38.504050925925924,0.12313322147030865,1.9843813606473197,52.986549159980235,24,7.833052120579434,48,0.9230665992404867,0.0,25.802951388888967,180,-49.454319209999994,25.397576292416453,36.0,27.841710922339093,1.6581421324725159,30.324074074074076,11.752180050638996,230,0.01996167,837.58837890625,-0.0038492679595947266,-45.69652466950593,2.7100278902936865,230,-0.03395528303355806,0.16649305555555555,0.0003,1891.7774291992187,0.2
18.15189203903704,16.567104637187622,8.752131602015494,0.9117912094173661,34.97222222222222,43200,0.5172318861660801,1.2276794460493,15.725251261724287,0.8715277777777778,0.4013867594767198,38.24710648148148,0.11862332225582486,2.0233944888016304,52.84950531731954,25,7.890485579490666,48,0.9228599822184634,0.0,25.983796296296372,187,-50.41663359999998,25.959514667932076,36.0,27.674490269166373,1.6850218625701086,28.819444444444446,12.16027842872896,230,0.036674317,73.40137481689453,-0.08820688724517822,-45.66595189129865,3.8620718090622512,240,-0.04227936895633185,0.31655092592592593,0.0003,193.68523291128653,0.2
18.212660448380277,16.18901110571459,8.286408333079349,0.9028450120795798,34.14814814814815,44928,0.5272876020753656,1.2372014869916466,16.012513700807606,0.8721064814814815,0.395686811740492,38.38194444444444,0.11957453790346198,2.0631257730536494,52.659909462238296,26,7.808816376938669,48,0.9164176993528398,0.0,25.651041666666703,194,-51.83693796999998,24.94944038905902,36.0,27.413512852484,1.7120535136910593,27.199074074074073,11.994020950265076,230,0.017707206,952.4374389648438,0.002104520797729492,-45.66143140439634,2.739913805325826,250,-0.03258707473330476,0.15358796296296295,0.0003,1817.190547688802,0.2
18.155020647137263,16.01034975654048,7.668394061313375,0.9005171456964086,33.75925925925926,46656,0.5227403152532833,1.2467129176222582,15.867120272372427,0.8373842592592593,0.39066196316366214,38.25925925925926,0.11977834281053293,2.1024935737345807,52.74709131697055,27,7.80457225224464,48,0.9211735906748911,0.0,25.651041666666735,201,-53.36723816999998,24.00803244918007,36.0,27.353975669852275,1.7389410653089024,25.23148148148148,11.849288631326212,231,0.03822646,45.81433868408203,-0.09382808208465576,-45.65887879265679,3.0576493276490107,260,-0.03990114227420202,0.3346064814814815,0.0003,107.42684180648239,0.2
18.158581483158695,16.223799286980597,7.884285589463911,0.9043121843178262,34.2037037037037,48384,0.5208430367695603,1.2563751525276126,15.795452521273416,0.8732638888888888,0.3920756981884501,38.282986111111114,0.12330477883205311,2.1416822050377644,52.79667433808052,28,7.864893962141715,48,0.9236736956709082,0.0,25.868055555555603,209,-54.52256002,24.480536791872833,36.0,27.477644172066174,1.7658375190167992,25.925925925925924,11.892451915428325,231,0.016963677,787.0462036132812,0.005528569221496582,-45.65414699978299,2.280000750223796,270,-0.0362643840343312,0.16064814814814815,0.0003,1736.3000393337675,0.2
18.220548018735077,15.718447039101292,7.861840328881297,0.8950037789602455,33.15740740740741,50112,0.5166359097573301,1.2657453788301516,15.688644449027295,0.8634259259259259,0.375989429004961,38.390625,0.12216371832280636,2.1806038161603327,52.63974619467479,29,7.748090521015592,48,0.9268760144541879,0.0,25.542534722222218,216,-55.56863590000001,23.460165201292703,36.0,27.189548386949983,1.792888889063637,25.810185185185187,11.399877833310116,231,0.029502992,61.67864990234375,-0.08472871780395508,-45.65778745015462,3.1342307909771248,280,-0.03483838532119989,0.246875,0.0003,150.72006174723307,0.2
18.188583597703406,15.477616596615619,8.33412804423162,0.8955181015176296,32.666666666666664,51840,0.5159829279333534,1.275648604690108,15.6924284685199,0.8883101851851852,0.3584381143349586,38.329282407407405,0.1259795113200554,2.2195348873316325,52.635216560933316,30,7.961290343982565,48,0.9300981866746324,0.0,26.258680555555642,223,-56.80497212,23.147422770812884,36.0,27.1920284728814,1.8198603480578954,27.314814814814813,10.855678129965645,231,0.015271906,1139.102294921875,0.004184246063232422,-45.65764172871908,3.1660805066426594,290,-0.032541521545499566,0.1284722222222222,0.0003,2210.5186161747683,0.2
18.24271918370788,16.196454449281816,8.316980904566966,0.8928405823263076,34.166666666666664,53568,0.5196032194258331,1.2849535118409747,15.800157883404404,0.8553240740740741,0.3808875509988902,38.454861111111114,0.12455343085772431,2.2587352820401434,52.672011417698094,31,7.721962860346622,48,0.934113308515555,0.0,25.426793981481495,231,-58.20789204999999,24.55343508869996,36.0,27.123644335283757,1.846967146017165,27.314814814814813,11.559999734851177,231,0.028288165,61.57826614379883,-0.07101356983184814,-45.66814657140661,2.7205469338982193,300,-0.034882216221066534,0.22962962962962963,0.0003,175.72333266646774,0.2
18.150838277225276,16.238218130470326,8.467162306073918,0.8941041052258889,34.24074074074074,55296,0.5106242142799567,1.294436599059829,15.486884237795863,0.875,0.37941697149433246,38.25231481481482,0.12302537054443295,2.297152492634633,52.61614426809107,32,7.793234887541669,48,0.9235842893893604,0.0,25.600405092592638,238,-59.377082310000006,24.707670447435767,36.0,27.16423591524865,1.8738442417102283,27.89351851851852,11.522290010891524,231,0.013148357,1201.5701904296875,0.004841506481170654,-45.65622906155056,3.913537448865396,310,-0.02839654982952332,0.10491898148148149,0.0003,2457.218757233796,0.2
18.226428900122137,15.987949740336779,8.277211379353439,0.8939700957315116,33.73148148148148,57024,0.4959644427375402,1.3049772290797292,15.051502357951554,0.8813657407407407,0.3715679348524394,38.420138888888886,0.1270710663651545,2.334481248529512,52.60376512176047,33,8.216252007960131,48,0.928026443935319,0.0,27.047164351851922,245,-60.12822321999999,24.00428748894216,36.0,27.129559317307855,1.9009103139605337,27.199074074074076,11.259126369251945,231,0.032566197,57.38977813720703,-0.08168244361877441,-45.64383424829553,2.390714660397282,320,-0.03892023084961154,0.2666087962962963,0.0003,164.91881603664822,0.2
18.274697587058693,15.980147432008211,8.074682513946396,0.8862179215317513,33.71296296296296,58752,0.5046189568467556,1.3151422084264637,15.335776630229885,0.8258101851851852,0.35975675552871794,38.505208333333336,0.11475871764048343,2.3725206901050866,52.42699224740932,34,8.065991738693796,48,0.9224047217496879,0.0,26.548032407407465,253,-61.602000909999994,23.435880251872938,36.0,26.897759126915073,1.9280970579281804,26.504629629629633,10.90105030591833,232,0.014516766,1210.1895751953125,-0.004086017608642578,-45.648485494543,3.4009833923092594,330,-0.0326990018012347,0.12262731481481481,0.0003,2323.4977765118633,0.2
18.25195947708813,16.205234722678757,7.108985311895904,0.894232164740752,34.166666666666664,60480,0.49616385566684407,1.3253560746342878,15.080534469777257,0.8709490740740741,0.3755168492674166,38.46006944444444,0.12244878441348722,2.4099220262795296,52.67060367672786,35,8.085546483129688,48,0.927596111198038,0.0,26.613136574074133,260,-62.97306124999999,23.162981050969286,36.0,27.16253330282065,1.9552269566209008,23.26388888888889,11.368761016394627,232,0.042988665,36.920780181884766,-0.08165144920349121,-45.630602829544635,2.346532987223731,340,-0.04632925884798169,0.3273726851851852,0.0003,99.43795709963199,0.2
18.180272462129984,16.108392808433848,7.266589980962095,0.9005108974043142,33.96296296296296,62208,0.5027338060301063,1.335272807963345,15.280688439232122,0.8715277777777778,0.37367452111746274,38.31539351851852,0.1241214049201572,2.4478237473776097,52.76501081738064,36,7.966693331622788,48,0.9296547699521696,0.0,26.28038194444452,267,-64.05498685,23.16997428062917,36.0,27.366068480174434,1.982177637776226,23.84259259259259,11.314991491233224,232,0.012325419,890.7970581054688,0.008891880512237549,-45.63837933010525,2.4631060326540912,350,-0.02870214362628758,0.1078125,0.0003,2110.8328011971935,0.2
18.13436374790893,16.153221532207265,5.67980954228069,0.8970172347151341,34.06481481481482,63936,0.4960592790754014,1.3450860251592345,15.077128792753939,0.8645833333333334,0.39182090984110607,38.21180555555556,0.11948836611832198,2.4852165693594945,52.66421478594511,37,7.925286878355858,48,0.9107010562623405,0.0,26.099537037037084,275,-65.29611761,22.193854758909488,36.0,27.24327699783741,2.0090135471459982,18.75,11.880823684421534,232,0.035070784,28.877302169799805,-0.10790252685546875,-45.63277825249566,2.4997086842854817,360,-0.04020994418404168,0.28431712962962963,0.0003,86.80581857186776,0.2
18.17396001830109,16.072703720607944,5.849110940105273,0.8984942237277195,33.879629629629626,65664,0.5006497877854288,1.3549641404471815,15.223642546565435,0.859375,0.39002842944908395,38.291666666666664,0.1210703480930131,2.5229756757259083,52.715502452141834,38,7.951246115178805,48,0.9218528782507895,0.0,26.21527777777782,282,-66.83232765,22.237955095475517,36.0,27.283870992881603,2.035948447191751,19.328703703703702,11.8361404347623,232,0.013803463,965.5384521484375,0.006065726280212402,-45.61549099109791,2.6416337896276403,370,-0.034658324063100196,0.12488425925925926,0.0003,2215.811187970197,0.2
18.04282057581172,15.787108163581143,6.008092095777428,0.894147110722609,33.28703703703704,67392,0.4832847299969896,1.365063531183532,14.667405919751403,0.8559027777777778,0.38093911062754887,38.030092592592595,0.12214512453761647,2.559344190525287,52.62382795444923,39,8.039756294540167,48,0.9248067978970047,0.0,26.49016203703704,290,-67.30539087,21.830899363995005,36.0,27.161550852849,2.0625554986312804,19.791666666666668,11.555699104636433,232,0.035626743,13.221837043762207,-0.025552034378051758,-45.60707636232729,0.6554339653915829,380,-0.03795413789166897,0.3111111111111111,0.0003,49.62708310021294,0.2
18.204025872347515,16.209923903829036,5.875716150928871,0.8972358108252848,34.175925925925924,69120,0.5020467564377324,1.3748358115371577,15.247297834143273,0.8425925925925926,0.3965771795140364,38.37152777777778,0.12212567733450692,2.5971624351106453,52.66680293187725,40,7.908912141450313,48,0.9234705605641774,0.0,26.048900462962965,297,-68.65802163000001,22.594838753016482,36.0,27.257661846419285,2.0895655633121493,19.328703703703706,12.029198698258577,232,0.011149049,1314.1383056640625,-0.001326441764831543,-45.61716148941605,4.10313261879815,390,-0.027870674384757876,0.07731481481481481,0.0003,2834.8207184968173,0.2
18.175556795078712,16.274219544884893,5.450418378969755,0.8929772413774413,34.305555555555564,70848,0.49925082073728977,1.384821198671391,15.14771950582496,0.8402777777777778,0.4011088871847425,38.317708333333336,0.11920825759671273,2.6347317338752076,52.62918148381615,41,7.994154853693343,48,0.9279876176771246,0.0,26.352719907407483,304,-70.73171643,22.38194563260862,36.0,27.122006929502703,2.116504455299846,17.939814814814813,12.177307708753974,232,0.025834007,70.92510986328125,-0.07772707939147949,-45.622036644264504,3.905375325679779,400,-0.036748515799883065,0.21221064814814813,0.0003,195.01067454020182,0.2
18.231989665457707,16.25690777166154,5.1569484457998165,0.8919689832448464,34.27777777777777,72576,0.4922823896461073,1.395349531360032,14.978458776613918,0.8443287037037037,0.4038758476569509,38.425925925925924,0.119513961885339,2.6718778808167425,52.61344168066122,42,8.211333075456347,48,0.9210402305230454,0.0,27.032696759259288,312,-71.88668533,22.151806082738606,36.0,27.077172938033623,2.1435844294634903,17.01388888888889,12.257949865277247,232,0.010744802,1377.8975830078125,0.002483367919921875,-45.644488666675706,3.92016866295426,410,-0.026369446871319303,0.07934027777777777,0.0003,2885.2634738498264,0.2
18.139185854125,15.757712340643991,5.6919513661080385,0.898830392359653,33.231481481481474,74304,0.48834084886644774,1.4053845577910042,14.838308677715759,0.8668981481481481,0.3810291386110491,38.22106481481482,0.1251423748362592,2.708673652511032,52.80259056454252,43,8.014010572388909,48,0.9285567863476608,0.0,26.38165509259275,319,-72.65742328,21.5011258540897,36.0,27.313053563956245,2.170432394098803,18.75,11.571462147337668,232,0.043916006,19.856931686401367,-0.1357506513595581,-45.62730067217792,2.598915806964592,420,-0.040305481278510004,0.31516203703703705,0.0003,56.376524232935026,0.2
18.149166693443686,15.473327506720333,5.976210598446222,0.893385453369952,32.601851851851855,76032,0.49900018019781517,1.4159296087460214,15.141120208702844,0.8541666666666666,0.37183458136594766,38.260416666666664,0.12253939765587125,2.746226453032789,52.63616894488629,44,8.218020382006882,48,0.9216669858055235,0.0,27.0326967592593,327,-74.24970572000001,21.234864359818268,36.0,27.136190043427803,2.197305310832412,19.675925925925927,11.305326254651712,232,0.010652636,1152.6248779296875,0.0023920536041259766,-45.620544320565685,2.493568823514161,430,-0.02485168241309347,0.0771412037037037,0.0003,2430.1790048104745,0.2
18.03917214852309,14.882125405455282,5.651939383740465,0.8888955621251914,31.36111111111111,77760,0.4861597024190379,1.4262732611580755,14.781402437438503,0.8802083333333334,0.35250509110712686,38.02199074074074,0.12891058203550543,2.7828799591263853,52.51585613302135,45,8.137460964821702,48,0.9298964679729796,0.0,26.873553240740836,334,-75.46316695,19.73358699228731,36.0,27.008499626697084,2.2239032412037196,18.63425925925926,10.719522203091563,232,0.03575094,24.96739387512207,-0.09534013271331787,-45.58989489520037,2.1764322678248087,440,-0.04638976784319514,0.28379629629629627,0.0003,80.85094774034289,0.2
18.088425162298986,15.09679526515036,6.425827280928094,0.8907005884419265,31.814814814814813,79488,0.4921507396029277,1.4366685446159504,14.954195311382122,0.8506944444444444,0.3490852215825006,38.116898148148145,0.12630789255755118,2.8199654474048406,52.5250569940716,46,8.158113383149916,48,0.9262789278546427,0.0,26.793981481481556,341,-76.44650741000001,20.609832918983447,36.0,27.064451338903336,2.250624304109467,21.180555555555554,10.607210372904992,232,0.009548988,1366.0206298828125,0.005750536918640137,-45.57857995209871,3.3598581707036055,450,-0.02398824408236477,0.0728587962962963,0.0003,2913.2570439091437,0.2
17.99026307794585,14.919517834688529,6.386446976079984,0.8889246261175732,31.444444444444446,81216,0.48705433632942463,1.446810306230911,14.793549541630997,0.8518518518518519,0.3374637271493754,37.913773148148145,0.12079733977908202,2.856649321258918,52.4917550698789,47,8.056704645984277,48,0.917363259701437,0.0,26.5046296296297,349,-77.58723917,20.04858158703694,36.0,26.99440661753566,2.277099961804332,21.064814814814813,10.262616776268425,232,0.032877676,13.557014465332031,-0.10083949565887451,-45.57254652800383,2.309996324998361,460,-0.03673568033026876,0.24525462962962963,0.0003,74.65734973483616,0.2
18.13244361369945,15.118086284562509,6.210932621894337,0.8889877267941658,31.87962962962963,82944,0.4864523483727733,1.4570531429239804,14.805348818968575,0.8587962962962963,0.35036852764624077,38.19965277777778,0.12573247844998528,2.8933626933063397,52.48534863546152,48,8.097134677227757,48,0.9254021819762123,0.0,26.69994212962968,356,-78.83182871000001,20.45491082616877,36.0,27.00699721571085,2.3039310708385807,20.48611111111111,10.645891919711927,232,0.0104707135,1247.0546875,0.0024820566177368164,-45.59043751469365,3.081790671525178,470,-0.024319506350352807,0.0849537037037037,0.0003,2781.931042480469,0.2
18.07968362901516,14.737440021220712,6.155388042205474,0.8865955987016415,31.037037037037038,84672,0.485031118643457,1.4675753016079138,14.762389113615965,0.8715277777777778,0.337115870573058,38.0931712962963,0.12579161985219303,2.9299686660903794,52.39873543186976,49,8.20886347357339,48,0.9215209826055515,0.0,27.068865740740844,364,-80.16995384,19.623546839013887,36.0,26.93355810807887,2.3306302799111185,20.25462962962963,10.2507187755877,232,0.051277954,10.123650550842285,-0.10086143016815186,-45.56502443949382,1.4987569428152507,480,-0.04504043450579047,0.34270833333333334,0.0003,30.172167124571622,0.2
18.04096794884035,14.549500063267537,5.979195792065398,0.8817002724937928,30.64814814814815,86400,0.48100359668304393,1.4776789329817455,14.646362232508245,0.875,0.3307005021638124,38.010995370370374,0.12927786433543514,2.96628457167165,52.33487176595373,50,8.041452549532673,48,0.923401570914619,0.0,26.533564814814824,371,-81.09744289999999,19.063694195393893,36.0,26.779661495638496,2.357232699783219,19.675925925925924,10.054998340060958,232,0.008577864,1351.0921630859375,0.004630327224731445,-45.5300442872224,2.453919996155633,490,-0.02150340731497164,0.08136574074074074,0.0003,2817.529170283565,0.2
18.02372247108813,14.61291717432133,7.021877242238777,0.8819789042194874,30.824074074074076,88128,0.4748207612283019,1.488196993201797,14.454188109306871,0.8460648148148148,0.32818330702313,37.982638888888886,0.12353803395640853,3.002120041944917,52.38262197118709,51,8.207224088020642,48,0.9169470690495616,0.0,27.076099537037113,378,-81.98209413999999,20.068624302832085,36.0,26.782282703305672,2.3837920059609394,23.14814814814815,9.953829886271976,232,0.026102897,33.45061492919922,-0.08395516872406006,-45.520094327573425,1.945606306526396,500,-0.039527149998617395,0.20815972222222223,0.0003,87.81327760484484,0.2
18.032267365045563,14.772393232775295,6.73845461863755,0.8847344408283792,31.15740740740741,89856,0.46939106930226343,1.498652145784297,14.265073297877334,0.8576388888888888,0.3353606959445774,37.99131944444444,0.12283615504225272,3.0374827251896104,52.36358975875503,52,8.182061032999949,48,0.9199401311980149,0.0,26.938657407407444,386,-82.58917339000001,20.154374581180853,36.0,26.873328914553156,2.410372674373553,22.222222222222225,10.163526729768007,232,0.008634923,1461.069580078125,0.002145051956176758,-45.540016711199726,3.0043711523214975,510,-0.025341814975426705,0.05677083333333333,0.0003,3069.875860821759,0.2
18.03583907904434,14.588305116783053,6.035235335490678,0.8882011777151916,30.777777777777782,91584,0.46501375693557784,1.5094365542867056,14.140146852470847,0.8686342592592593,0.3377292956380027,38.00289351851852,0.12828971231486255,3.0725330923207874,52.415481504626655,53,8.313763400963472,48,0.9254886771878796,0.0,27.394386574074193,393,-83.49558705000001,19.336680418816798,36.0,26.968460046679,2.436962272071164,19.90740740740741,10.233139966543066,232,0.0426299,6.152434349060059,-0.07042229175567627,-45.505937293723775,0.9518350288271904,520,-0.03944729442052819,0.3101273148148148,0.0003,20.6496666625694,0.2
17.927857348466485,14.62395827471577,6.070161716649305,0.8908573565197755,30.824074074074076,93312,0.46292690140858533,1.51996660181492,14.088516889574372,0.8634259259259259,0.3354362602129384,37.78472222222222,0.12259976060768592,3.1074543845447233,52.460295385233515,54,8.212019011285795,48,0.9217128840827615,0.0,27.126736111111157,401,-84.16669654999998,19.36387826938057,36.0,27.050102880266788,2.46328191544233,20.02314814814815,10.189758278015496,232,0.0058337925,1494.815185546875,0.005935072898864746,-45.522155337863495,1.7945506717319841,530,-0.012194844562974242,0.04699074074074074,0.0003,2947.063592303241,0.2
17.97668385616264,14.675521422875098,6.111159256037844,0.8879949805793169,30.953703703703706,95040,0.4626836770795742,1.5308344181550626,14.055122929113823,0.8796296296296297,0.3372126757776282,37.892361111111114,0.13037222512327432,3.142292191867508,52.404514955620506,55,8.347126536057006,48,0.9279805115532627,0.0,27.473958333333414,408,-85.06133581,19.48922195817532,36.0,26.977017925690784,2.489723625082737,20.13888888888889,10.222541279262378,232,0.024985222,17.27015495300293,-0.09937083721160889,-45.53046305621112,1.7398038028566927,540,-0.03429983610425282,0.17667824074074073,0.0003,60.9797806068703,0.2
18.053629653064103,14.654893444583378,6.03905184062697,0.8894905188270896,30.916666666666668,96768,0.4779599193428023,1.5411320596272413,14.524959923491146,0.8506944444444444,0.33707948230918144,38.04340277777778,0.12311966155473883,3.178304591676236,52.397851647371795,56,8.119056588871464,48,0.9200972627135359,0.0,26.80844907407416,415,-87.40342823,19.39285030810841,36.0,27.016395244122688,2.516357699215397,19.90740740740741,10.218905022898062,232,0.006101743,1568.307861328125,0.0037747621536254883,-45.57025005199291,2.5432841115527682,550,-0.018232929899736686,0.034722222222222224,0.0003,3433.7080087167246,0.2
17.955240898216584,14.394432268338688,5.263754939072964,0.8900523208258221,30.36111111111111,98496,0.4669950320338015,1.5516584891790561,14.190045079167534,0.8541666666666666,0.34133439636053814,37.838541666666664,0.12538209418802418,3.2134797043741545,52.46210845931853,57,8.210571820725898,48,0.9198079589456637,0.0,27.04716435185191,423,-88.79490159999999,18.483407868214382,36.0,27.036747754015533,2.5427458014609385,17.36111111111111,10.34522066080273,232,0.04450187,1.0564873218536377,-0.05015838146209717,-45.541229502360025,0.663578799146193,560,-0.040948149993049875,0.30752314814814813,0.0003,12.923700745900472,0.2
18.051695366225534,14.358318809983848,5.434845488410171,0.8947798207899668,30.26851851851852,100224,0.4699373457867342,1.5621797620619935,14.270311153296545,0.8738425925925926,0.33799577360870825,38.042245370370374,0.12927074777594605,3.248855482257396,52.51254411350059,58,8.208509153174981,48,0.9285558868261096,0.0,27.00376157407408,430,-89.6554217,18.52592161972997,36.0,27.172311439275603,2.5693750398765025,17.939814814814813,10.25275732133595,232,0.009037659,1312.0111083984375,-0.0003603696823120117,-45.525215714066114,1.5364212017368388,570,-0.01274383427678711,0.12991898148148148,0.0003,2830.7025481047453,0.2
17.98567419525623,13.804639726089325,5.4276633628240445,0.8937100683948537,29.12037037037037,101952,0.4676529019558624,1.5719182933445142,14.21993200396234,0.8651620370370371,0.31549410725833876,37.9056712962963,0.1294377407236454,3.284105312267302,52.55268958989899,59,7.895412513008284,48,0.9288203341842144,0.0,25.97656250000008,438,-90.5433191,17.267340765963286,36.0,27.140556902511772,2.595839225364643,17.939814814814817,9.555037677049915,232,0.03424732,5.786904335021973,-0.08191919326782227,-45.50939882066515,1.0700028749527755,580,-0.036433483987908674,0.2318287037037037,0.0003,21.310928136331064,0.2
17.89092891573095,13.796753970097434,5.20742228920783,0.8919145286976807,29.11111111111111,103680,0.46573771523860247,1.581655153801429,14.149774747085068,0.8535879629629629,0.31788791038722564,37.7037037037037,0.12102614655706528,3.3191797491350146,52.52217138601498,60,7.894744182765948,48,0.9176075249787777,0.0,26.07060185185199,445,-91.18808425000002,17.109188681008114,36.0,27.086496681856413,2.6220665476539704,17.24537037037037,9.625012421702849,232,0.0052805273,1803.0640869140625,0.0023030638694763184,-45.50351594995569,3.0900791978394544,590,-0.013257019537397557,0.04103009259259259,0.0003,3741.0276611328127,0.2
17.90513902399393,13.951751852636235,4.950557473473139,0.8902022818383797,29.425925925925924,105408,0.457043500265597,1.5916377614128252,13.892409160607523,0.8362268518518519,0.328020034034672,37.729166666666664,0.12075539223313293,3.3536107720365336,52.48831749600452,61,7.993043044558504,48,0.9172030653156484,0.0,26.345486111111153,452,-91.98023322,17.325248450806747,36.0,27.035917645752352,2.6483293952139553,16.435185185185187,9.942939124697373,232,0.029269932,16.221342086791992,-0.10329902172088623,-45.4854042618363,2.3271739630787462,600,-0.04306352977744407,0.20630787037037038,0.0003,50.97660155826145,0.2
17.865150975687335,13.959441148466617,5.177727570479762,0.8859464817887591,29.435185185185187,107136,0.4576992556325429,1.601972121014345,13.897295464438324,0.8553240740740741,0.33054800299956094,37.65277777777778,0.12589912794281158,3.3880540106976293,52.44815066439864,62,8.133743840607876,48,0.9306647164993299,0.0,26.772280092592702,460,-92.66392695999998,17.636998640352278,36.0,26.908885103568707,2.6744922726531737,17.12962962962963,10.019829921405899,232,0.0072023,1964.867431640625,0.0009709000587463379,-45.48130587825069,1.6013262599154754,610,-0.023436152679776705,0.04971064814814815,0.0003,3673.6426748770255,0.2
17.83031502386375,13.800714937481374,5.674991077934436,0.887268393042369,29.12962962962963,108864,0.4511267031127354,1.6121154007207676,13.703729592037178,0.84375,0.32281183242772565,37.58101851851852,0.12607732389825227,3.422013334677722,52.46926689593829,63,8.057311882569092,48,0.9256203589900497,0.0,26.605902777777782,467,-93.27546405999999,17.723848262065985,36.0,26.931986725810617,2.700568060212833,18.75,9.768142246650177,232,0.047628686,1.985905408859253,-0.13013434410095215,-45.46932658442744,1.1091105438492916,620,-0.03917364978265983,0.3744212962962963,0.0003,6.630774361115915,0.2
17.8615219634346,13.79985009897563,5.606832166468,0.8896501038659879,29.11111111111111,110592,0.4508024737268237,1.62227343349452,13.704027698815935,0.8657407407407407,0.32545970055346046,37.63078703703704,0.1250651193861313,3.455973403924762,52.49523097236847,64,8.063213109500895,48,0.92548643662489,0.0,26.569733796296404,475,-94.14316763000001,17.74672128867584,36.0,27.00544156210843,2.7267218651214193,18.51851851851852,9.860039023232208,232,0.0033895958,501.0060729980469,-0.001730203628540039,-45.476562655413595,0.4948689845977006,630,-0.008265672320569004,0.020196759259259258,0.0003,1427.3110240794995,0.2
17.826404204735876,13.69844639123771,5.644137927062114,0.8905797876080442,28.89814814814815,112320,0.44829030305696127,1.6327902135873142,13.630401860939346,0.8333333333333334,0.32158041197998694,37.566550925925924,0.12071056837929008,3.48974940857711,52.51277072734326,65,8.206712037117734,48,0.9120743182033486,0.0,27.032696759259302,482,-95.40528780000001,17.566020810282325,36.0,27.025878096558305,2.752787875633259,18.634259259259256,9.743436491982502,232,0.0006747166,833.032958984375,-0.010821700096130371,-45.479177757545756,20.530789573104293,640,-0.0054364342380453035,0.0005208333333333333,0.0003,1876.1005904586227,0.2
17.87093503609722,13.706049117506808,5.712296838528549,0.8918555597821992,28.916666666666668,114048,0.45498284731802524,1.6430286340969473,13.811144796438674,0.8663194444444444,0.321332572154545,37.67881944444444,0.12483860285516951,3.523977270568207,52.50934221716869,66,8.095368203853235,48,0.9274215233587042,0.0,26.634837962962987,489,-96.95686468000002,17.6296020384314,36.0,27.069898822433842,2.778965213223502,18.86574074074074,9.731256082396042,232,0.00038302768,2502.891357421875,0.0003783702850341797,-45.47265341016981,11.217455289981983,650,-0.0046354803808585365,0.0004050925925925926,0.0003,5656.6307689525465,0.2
17.87409384766754,13.412034786235935,5.603952888479674,0.8862990566701869,28.287037037037038,115776,0.45756901220885665,1.653024746788026,13.90943225564593,0.8310185185185185,0.3069262033221026,37.652199074074076,0.12439516008206644,3.5584508512073216,52.45133493708522,67,7.998445076431472,48,0.9297785195953048,0.0,26.323784722222236,497,-98.21482876999998,16.79834519553603,36.0,26.91500305126128,2.8051504478426708,18.51851851851852,9.30235752082042,232,0.0064535593,65.74150848388672,-0.040061235427856445,-45.473564359876846,5.446484166383743,660,-0.01854361939692387,0.02060185185185185,0.0003,233.47843461213287,0.2
17.747799803229356,13.403105032441205,5.575124125436815,0.8867330844479647,28.26851851851852,117504,0.450954995179385,1.6636430163184683,13.699301282157322,0.8402777777777778,0.3080897674288187,37.40046296296296,0.12486424550728732,3.592399104412715,52.45579184353719,68,8.247307812177004,48,0.9189719972834017,0.0,27.13396990740745,504,-99.44338821,16.791922306586827,36.0,26.93001236391753,2.831019947350744,18.40277777777778,9.333693148708806,232,0.00042250587,4401.6650390625,0.0045653581619262695,-45.468896018134224,25.093223257418032,670,-0.005342545377142314,0.0007523148148148148,0.0003,9538.62107204861,0.2
17.749304448042626,13.274326712091636,5.643319352297783,0.8853364892998113,28.01851851851852,119232,0.4485115509482104,1.6743894458369755,13.620190653654932,0.8165509259259259,0.2995442033466891,37.40277777777778,0.11991978399661812,3.6261495810468523,52.44851805859994,69,8.298571807402869,48,0.9282812215684257,0.0,27.278645833333414,512,-100.26799417999999,16.466889525682255,36.0,26.889672923431252,2.8568932084708507,18.63425925925926,9.069243461292837,232,0.011994153,34.619110107421875,-0.031664371490478516,-45.45547411883319,3.942434314114076,680,-0.02514843444719359,0.06458333333333334,0.0003,127.48899373654966,0.2
17.798021105285507,13.338654064321481,5.573074086182455,0.8859194248168372,28.166666666666668,120960,0.4489458736852313,1.6848266894450514,13.653011724311035,0.8292824074074074,0.30235160162115055,37.50578703703704,0.12105589926266506,3.65998211035763,52.44300467757839,70,8.174897443230366,48,0.9191139295727121,0.0,26.960358796296347,519,-101.18685848,16.53846202577394,36.0,26.898312368373713,2.8828882612340645,18.40277777777778,9.146733875270003,232,0.0011459207,3804.057861328125,-0.003446221351623535,-45.45308148419416,17.152442487080894,690,-0.008425910908866812,0.002025462962962963,0.0003,8213.504759837962,0.2
17.81309773220266,12.880872329322726,5.21311554600839,0.8853819865654513,27.194444444444446,122688,0.44551697368427207,1.6954390088630422,13.539065781528613,0.8472222222222222,0.28623671168436177,37.545138888888886,0.1228234054279464,3.6935297748114517,52.41885464609859,71,8.244927767196325,48,0.9221804063330502,0.0,27.170138888888957,526,-102.48602504,15.23263201389603,36.0,26.875504762806532,2.9089210055645713,17.24537037037037,8.658644138564915,232,0.016391262,13.23707389831543,-0.05750119686126709,-45.439317547833475,3.3866468812580464,700,-0.033711143836586015,0.12112268518518518,0.0003,67.92851337150292,0.2
17.883337622107724,12.817033591576385,5.290422717879591,0.8834974999130942,27.074074074074076,124416,0.454872941344276,1.706068450842616,13.821833021770844,0.8547453703703703,0.28302919203807103,37.697916666666664,0.127652104885688,3.727784357365879,52.39009029750154,72,8.25177679182951,48,0.9249836558578516,0.0,27.19184027777786,534,-104.07160877999999,15.141623045426691,36.0,26.8142589226912,2.9351293496198405,17.47685185185185,8.554166735970716,232,0.0015936187,4181.9619140625,-0.001104593276977539,-45.444669794153285,11.701581327782737,710,-0.007523060722828464,0.004861111111111111,0.0003,8611.613444010416,0.2
17.784356966672952,13.04275389634128,5.444625519396226,0.8807228194530371,27.51851851851852,126144,0.4426214323262878,1.716673511929533,13.450019656358156,0.8402777777777778,0.2836189228688056,37.469907407407405,0.12345803283725279,3.7611094065067743,52.37136482024383,73,8.242024434766842,48,0.9251126564529942,0.0,27.15567129629632,541,-104.96795048,15.552412717920873,36.0,26.735731465663875,2.961090242036523,17.939814814814813,8.585033302183367,232,0.008428279,289.36663818359375,-0.013775825500488281,-45.446767778749816,5.521922444634967,720,-0.022496280705349314,0.03582175925925926,0.0003,715.4292102955005,0.2
17.803901601421796,13.055648028094884,5.543099010862332,0.8817996226667718,27.546296296296294,127872,0.44660132720283546,1.7270602805194526,13.562101722660968,0.8825231481481481,0.282322047057658,37.520833333333336,0.1294095578183917,3.7947146608134266,52.36370388231998,74,8.154707435967802,48,0.9248611965751736,0.0,26.83015046296304,549,-105.47415570999998,15.628244495904067,36.0,26.768557405744343,2.9870999960400773,18.287037037037038,8.54949745694685,232,0.0014886685,4023.9853515625,-0.000937342643737793,-45.4447354917173,16.626992255670054,730,-0.009301134247194838,0.003587962962962963,0.0003,8853.693462456597,0.2
17.804429232627367,12.98680788458919,5.530734981594549,0.884910097451297,27.40740740740741,129600,0.4472505706816576,1.7376464376381804,13.599715387265986,0.8506944444444444,0.28149415685953644,37.53125,0.12594873303878876,3.8284139492815914,52.407422601280025,75,8.234462847491079,48,0.9230459992899352,0.0,27.155671296296436,556,-106.91937882000002,15.531876243039095,36.0,26.86122665755197,3.0131110691216456,18.287037037037038,8.534333376855356,232,0.010725204,144.77218627929688,-0.01668524742126465,-45.44449417679398,4.526089781026045,740,-0.024888065797104328,0.062037037037037036,0.0003,391.29150430184825,0.2
17.952723508606372,13.102996951193168,5.599088116053973,0.8874248904819678,27.64814814814815,131328,0.4482518681072386,1.7487382283530841,13.612313727494877,0.8668981481481481,0.2865773639844983,37.833333333333336,0.12983211466354033,3.8621447336003287,52.44223243523232,76,8.436716285961486,48,0.929441512424676,0.0,27.792245370370456,563,-108.71126037,15.867485209075912,36.0,26.94050122145229,3.0394928778931614,18.51851851851852,8.68540014182877,232,0.0028228855,4601.9609375,-0.0010085105895996094,-45.43377720868146,18.120129426320393,750,-0.01298634898158963,0.009895833333333333,0.0003,9241.705519386574,0.2
17.781846810848766,13.065021238352221,5.512136063406498,0.8919642834866407,27.564814814814813,133056,0.4458108327801125,1.759335174906674,13.560509185013705,0.8570601851851852,0.2835079024674731,37.46296296296296,0.12621533913733715,3.895746006562863,52.48619289861301,77,8.238778621435882,48,0.920713864228731,0.0,27.170138888888935,571,-109.90836741000003,15.64484530715604,36.0,27.074406419922827,3.0654474949202832,18.171296296296294,8.58768800539732,232,0.021839552,20.91164207458496,-0.024208545684814453,-45.4255153938576,3.5743409766643137,760,-0.03614036195601026,0.1646412037037037,0.0003,102.35460244637949,0.2
17.834662463801315,13.242081867964865,5.626796565392578,0.8900341709708716,27.935185185185187,134784,0.44903764712682026,1.7699649861802746,13.645033272542593,0.8946759259259259,0.28581752295713536,37.56539351851852,0.13648888343012186,3.9295585897442193,52.42391259415724,78,8.251924509440286,48,0.9279055113790541,0.0,27.119502314814753,578,-110.66292175000001,16.008349048452047,36.0,27.02301320365933,3.0915341510797867,18.51851851851852,8.659470615094603,232,0.0035477995,3568.978759765625,-0.0015031099319458008,-45.424959140353735,16.0755028574555,770,-0.014534450613859076,0.017939814814814815,0.0003,9001.25962818287,0.2
17.777470243801556,13.403737788349384,5.828001753644995,0.8913897356968873,28.26851851851852,136512,0.4492508386719561,1.7802775837477947,13.664914871656961,0.8478009259259259,0.29306815957939514,37.454861111111114,0.12686971186517906,3.9634208769233616,52.502733529661214,79,8.12503902700798,48,0.9180903769021898,0.0,26.78674768518525,586,-112.06771679999999,16.594591477877128,36.0,27.077730336583457,3.1174778266892904,19.212962962962962,8.882851935882748,232,0.012351824,401.9818420410156,-0.020301103591918945,-45.43527806599935,5.3312188798630675,780,-0.030355001598838027,0.07881944444444444,0.0003,986.6614630805121,0.2
17.98581559881025,13.303754129100746,5.686495243443166,0.8884326028383983,28.055555555555554,138240,0.4473483567214473,1.7910732060116075,13.592541967625573,0.8576388888888888,0.29150209319371817,37.90914351851852,0.13020137783986083,3.9971022318424256,52.4543141065373,80,8.318248905525126,48,0.9240070723912609,0.0,27.452256944444404,593,-113.69310676,16.307885770545703,36.0,26.996076552692937,3.143942365686316,18.75,8.837636398001793,232,0.004720584,4516.77880859375,-0.0022121667861938477,-45.43558834217213,17.11588215386426,790,-0.019437762577500607,0.023900462962962964,0.0003,9467.674242259838,0.2
17.890499214372152,13.121968757667771,5.758872717018566,0.880815672845562,27.694444444444443,139968,0.44677451806806506,1.8015223231805617,13.592338133622492,0.8559027777777778,0.2860605477326678,37.69039351851852,0.12545994692028106,4.030783077176482,52.358161281135644,81,8.179646867581662,48,0.9257309339463856,0.0,26.97482638888899,600,-114.64334481999998,16.01446922445283,36.0,26.74472960065695,3.1701686137222462,18.98148148148148,8.653627749766493,232,0.019037368,111.24329376220703,-0.013203978538513184,-45.42968570567943,4.584989573696145,800,-0.035098970219216964,0.14988425925925927,0.0003,353.45224112051505,0.2
17.783081353832902,12.987211764481549,5.740864721971032,0.8822827875347518,27.398148148148152,141696,0.44459330822560933,1.8120536087251187,13.513983529195777,0.8854166666666666,0.27937897008903995,37.485532407407405,0.13505879777608615,4.064268035999471,52.35683448232737,82,8.212514217822786,48,0.9220348033966396,0.0,27.04716435185185,608,-115.34407702,15.671154815651807,36.0,26.801191127761882,3.1961263171068284,18.86574074074074,8.463078329199226,232,0.0058078715,4751.6630859375,-0.002009868621826172,-45.42955316614221,13.897758696697377,810,-0.020334468647423717,0.026909722222222224,0.0003,9230.634443721065,0.2
17.743630532466955,12.588780001887812,5.874239064368569,0.8819285972801563,26.564814814814813,143424,0.43801227754318495,1.823278534346263,13.308369971535086,0.8541666666666666,0.260570803533503,37.40277777777778,0.1259669409550424,4.097238960928309,52.30563065257018,83,8.489970248457706,48,0.9161042610032479,0.0,27.9586226851852,615,-116.04485147000001,14.831245900408332,36.0,26.783579200349305,3.2219853934379956,19.328703703703706,7.88822683415195,232,0.025379872,76.79187774658203,-0.021532177925109863,-45.391870413886174,3.862804224204134,820,-0.04370544433110842,0.21197916666666666,0.0003,225.9166631627966,0.2
17.80311269691366,12.714453686271412,5.4564377852386,0.8793261465462532,26.824074074074076,145152,0.44216978644071153,1.834017788959924,13.437225383982572,0.8755787037037037,0.2686222581629417,37.52199074074074,0.12919166163081566,4.130532024388266,52.32150616558314,84,8.295701845464448,48,0.9266094211816076,0.0,27.35098379629632,623,-117.14229724,14.79277863730819,36.0,26.708310982309467,3.2479931751802797,18.055555555555554,8.141887165798178,232,0.009560035,3750.14111328125,-0.0010280609130859375,-45.393978104767974,10.859558525791874,830,-0.02594434902485874,0.0724537037037037,0.0003,8207.37013888889,0.2
17.739740120176013,12.65168733467339,4.347207184671794,0.8746972085554181,26.694444444444446,146880,0.4443432204889182,1.8446500328294706,13.482518545571223,0.8674768518518519,0.2758296115142113,37.395254629629626,0.1333425924707623,4.1639383207521945,52.28769865054759,85,8.252897547818646,48,0.9257687423340987,0.0,27.17737268518519,630,-118.23592457999999,13.835015727519048,36.0,26.564703055083964,3.27384252548072,14.351851851851853,8.356121208173862,232,0.040574905,11.610054969787598,-0.028928637504577637,-45.37438540988498,2.883531146137803,840,-0.04362489323959583,0.3170138888888889,0.0003,50.759030970820675,0.2
17.86998493123254,12.871713903637469,5.135127955733238,0.876295951942598,27.185185185185187,148608,0.44660223223564166,1.8554718417159763,13.573220015736688,0.8686342592592593,0.2802937191120421,37.6880787037037,0.13233604314794237,4.197571370791536,52.29673377162223,86,8.328723554602318,48,0.9270996174271059,0.0,27.459490740740787,638,-120.01905524999998,14.957128744741421,36.0,26.614232885162778,3.3000174878088013,16.89814814814815,8.470286885370713,232,0.009231947,4183.70849609375,-0.0005679130554199219,-45.40551267553259,13.609127367867364,850,-0.016738799812824084,0.10625,0.0003,8494.536096643518,0.2
17.60596466253423,11.981085089824878,5.683156331822384,0.8778915680239793,25.287037037037038,150336,0.434069667621639,1.8664635273516534,13.158456902023163,0.8472222222222222,0.23376459831577076,37.120949074074076,0.12652512491909296,4.230167513046594,52.36600869119048,87,8.396674254270826,48,0.9240689088644084,0.0,27.64756944444451,645,-120.42931597,13.222354692398127,36.0,26.670282052210407,3.325532399465137,18.75,7.078113270750866,232,0.034978088,16.536041259765625,-0.05464136600494385,-45.38792563544379,3.705964864072976,860,-0.041289763492359605,0.2679398148148148,0.0003,67.6067983980532,0.2
17.751804119929457,12.425386555326734,5.776821876637988,0.8786775631363811,26.240740740740737,152064,0.44269072546471505,1.877157561126682,13.445942463512369,0.8379629629629629,0.24929495939315616,37.407986111111114,0.12416914032101366,4.263482369205375,52.383992291344946,88,8.277613510011419,48,0.9145570407426727,0.0,27.20630787037042,652,-121.19476157,14.216405969110124,36.0,26.674939391381372,3.3514119097649604,19.09722222222222,7.5341975371454035,232,0.006790233,4209.18017578125,-0.002234220504760742,-45.38417015075684,11.819646230008868,870,-0.018859214646120868,0.052083333333333336,0.0003,9439.830759910301,0.2
17.707687213874102,12.249492443505153,6.5413595042233,0.8794314712553565,25.888888888888886,153792,0.44141217595059107,1.887397972608341,13.418197287765167,0.8721064814814815,0.2291938169346682,37.32118055555556,0.13162444693055275,4.296727862424788,52.402678926820336,89,8.096164592663627,48,0.9242159843456399,0.0,26.68547453703705,660,-122.69823507999999,14.206584488876697,36.0,26.697711541851913,3.3771811277996457,21.64351851851852,6.935732541148245,232,0.017446503,146.1939239501953,-0.010300278663635254,-45.38928769429525,4.937957440123514,880,-0.03312503180156152,0.1519097222222222,0.0003,395.22010424578633,0.2
17.74104079293303,12.310310649296554,6.4737594596821175,0.8771458519372967,26.009259259259256,155520,0.44964190822752376,1.8984864461760376,13.64829353085778,0.8535879629629629,0.23144253698570125,37.385995370370374,0.1298341622902154,4.330548596251933,52.448466409169534,90,8.435389427078684,48,0.9141203764613666,0.0,27.690972222222285,667,-124.77725772999999,14.268121326154887,36.0,26.62980995593178,3.403033729781978,21.412037037037038,7.004051217176216,232,0.0066503915,4145.77734375,-0.0018440485000610352,-45.40843832227919,9.250929330565311,890,-0.02227052447075645,0.04079861111111111,0.0003,8844.881803385417,0.2
17.731059914047112,12.243128767157613,6.587631034319432,0.8745355963394933,25.87037037037037,157248,0.4425592065301926,1.9096479649474118,13.438884354954126,0.8489583333333334,0.2223196314715918,37.376736111111114,0.12595273543587998,4.363845807139318,52.41870845672736,91,8.464607508549754,48,0.9102428576151548,0.0,27.857349537037138,674,-126.57861632999999,14.018814573883873,36.0,26.536381284013448,3.428861379567096,21.759259259259256,6.708054772406828,232,0.022022163,161.27183532714844,-0.018305420875549316,-45.41203271371347,4.076966693335109,900,-0.040264301926449496,0.1908564814814815,0.0003,421.71155519838686,0.2
17.73170084927414,12.522259763041383,6.804969473955012,0.8741145372235494,26.43518518518518,158976,0.4367813858476272,1.9209221077500631,13.294839535111992,0.8697916666666666,0.23913220523370604,37.351273148148145,0.13312300085583653,4.396782905977098,52.40144783351448,92,8.509657121060513,48,0.9226268233252201,0.0,28.03096064814819,682,-126.80385254000001,15.043733391634388,36.0,26.52425546540181,3.4546906316902812,22.453703703703706,7.236504154637995,233,0.008794082,4514.9423828125,-0.001420736312866211,-45.42849464416504,12.809036894197817,910,-0.027768868468788073,0.05439814814814815,0.0003,9181.663465711805,0.2
17.86455845760975,12.808860453370402,6.359592913196818,0.875764531971034,27.083333333333332,160704,0.4484133874368859,1.9312995253788177,13.6355414060907,0.8587962962962963,0.2779950281876091,37.6400462962963,0.12746357431139457,4.430571759492325,52.41288186965403,93,8.15096705150181,48,0.9251246345132883,0.0,26.888020833333393,689,-128.02361378,16.003748461813622,36.0,26.587909518944254,3.4808520278343056,20.949074074074073,8.355295095246403,233,0.045042053,4.929460525512695,-0.05523025989532471,-45.42577523125543,3.0715149101283816,920,-0.03423413700182681,0.3166087962962963,0.0003,31.7727072680438,0.2
17.737243277409974,13.097770073213859,6.581550647393933,0.8754367643299145,27.685185185185187,162432,0.44207520584950094,1.9419896161650982,13.430822901615764,0.8501157407407407,0.2834488102442048,37.389467592592595,0.12287015553114701,4.463848816746364,52.43264503864396,94,8.27603631451225,48,0.9165337744868127,0.0,27.285879629629694,696,-129.29937149,16.681927227759743,36.0,26.582758922657334,3.5066951360278305,21.64351851851852,8.522606507151954,233,0.008454077,4065.20458984375,-0.0002503395080566406,-45.38613350479691,12.395163800098278,930,-0.008161477420341085,0.0990162037037037,0.0003,8883.99738317419,0.2
17.815163161937978,12.950125672958606,6.8099764330625545,0.8760981233572052,27.324074074074076,164160,0.447649142342783,1.9529942358423815,13.619475910224688,0.8553240740740741,0.2727411594801312,37.54050925925926,0.12823624397082417,4.4975975065219265,52.38063859330217,95,8.401847870913294,48,0.9170037824061195,0.0,27.741608796296322,704,-130.93303401,16.494348020820695,36.0,26.607278935442604,3.532733043932675,22.453703703703706,8.254245914799531,233,0.01860685,61.01527404785156,-0.0209273099899292,-45.37749177438241,4.055429580255791,940,-0.03723526706712114,0.1658564814814815,0.0003,188.6632436964247,0.2
17.847582864166068,12.94210355256093,6.7559145830281535,0.8767418001704769,27.305555555555557,165888,0.4505983160906488,1.9632402145734167,13.686657015529638,0.8802083333333334,0.2706333783542575,37.619791666666664,0.13595108471506848,4.531514149060751,52.407930599596,96,8.098391492414054,48,0.927006541589392,0.0,26.714409722222292,711,-132.63445468,16.35174060141111,36.0,26.62671946795955,3.5588520010930904,22.222222222222225,8.173722465822024,233,0.0042800913,3884.63525390625,0.0026494264602661133,-45.367140974821865,14.559932911837542,950,-0.01589449579413566,0.01579861111111111,0.0003,9531.227824797454,0.2
17.651669378373423,12.384336608591234,6.097946366592197,0.8672440923875815,26.10185185185185,167616,0.4443719455604242,1.9733940775072243,13.508041695576964,0.8686342592592593,0.25751787856588404,37.2025462962963,0.12935674165742123,4.564984253299693,52.19832002611469,97,8.061545173523038,48,0.9257180165466694,0.0,26.52633101851855,719,-132.72087610999998,14.7873808814588,36.0,26.34788341199334,3.584481174539024,20.02314814814815,7.82509790627537,233,0.061252505,2.497605800628662,-0.09297871589660645,-45.29446769996925,2.575758942299419,960,-0.041494408744835745,0.469849537037037,0.0003,8.964110025653133,0.2
17.630316087777018,12.542813517100997,6.170364397972084,0.8645009974609525,26.416666666666668,169344,0.44102935017336725,1.9837490823963744,13.40003011741363,0.8553240740740741,0.2527963509784584,37.157986111111114,0.12452064740092098,4.598184328593227,52.20493912809085,98,8.142001955659994,48,0.9209170393477086,0.0,26.87355324074077,726,-132.98791332,14.88558236735345,36.0,26.271727806338998,3.6100569647584666,20.25462962962963,7.6924044522803685,233,0.0046650567,425.61773681640625,-0.006408572196960449,-45.310242363258645,2.172205710300693,970,-0.005687718647014763,0.033680555555555554,0.0003,906.2793178982205,0.2
17.66418808556428,12.38502197701427,6.0808999013485705,0.8656818083773539,26.083333333333332,171072,0.43853995315350763,1.9940167565507345,13.324339124458303,0.8344907407407407,0.24959543339895654,37.23090277777778,0.12069682841511363,4.631195176404373,52.203820338815525,99,8.107069661744081,48,0.9207559659318983,0.0,26.70717592592598,733,-133.67923294,14.56534240944337,36.0,26.304588059775725,3.6357174349723773,20.02314814814815,7.619420531080529,233,0.0013390862,580.818115234375,-0.0034995079040527344,-45.31306591740361,32.4982288784451,980,-0.007777790004318511,0.0014467592592592592,0.0003,1428.1310673466435,0.2
17.566347362525345,12.479685025682635,6.283138119993723,0.8659357857508829,26.259259259259263,172800,0.43311398922832695,2.004390632391647,13.151863961896543,0.8692129629629629,0.2474047012234211,37.03125,0.1315337003768164,4.6637748363091145,52.20700421734957,100,8.14955033636498,48,0.9302973430915702,0.0,26.81568287037042,741,-133.92102692999998,14.786434332182399,36.0,26.317924131071777,3.6611333033786906,20.60185185185185,7.543611186506042,233,0.00039319336,1833.43310546875,-0.002194046974182129,-45.32899636162652,7.994225709526627,990,-0.004456789522535271,0.0002314814814814815,0.0003,4269.989132125289,0.2
17.61200601097438,12.360142508052983,6.5326530736806285,0.8687110256177631,26.027777777777775,174528,0.4358180720777292,2.0149005024628295,13.239904339077148,0.8732638888888888,0.24663898896319073,37.13194444444444,0.13470994763062713,4.696574597156808,52.23567685550938,101,8.203948028473087,48,0.9257044836631805,0.0,27.018229166666746,748,-134.66759915,14.861852536213554,36.0,26.394726950682397,3.6866633184061266,21.412037037037038,7.489056954479945,233,0.010811265,16.960857391357422,-0.007192373275756836,-45.31215999744557,10.099115569172081,1000,-0.025447925499260976,0.058159722222222224,0.0003,87.33895010771575,0.2
17.59288101461843,12.31115064789775,6.608723464882956,0.8681543913215682,25.944444444444446,176256,0.4388529721508834,2.025009291736114,13.334878250866659,0.8645833333333334,0.24313256731046987,37.09953703703704,0.1303526028091944,4.729611792783974,52.231719844431105,102,8.043515709313814,48,0.9208952838033321,0.0,26.555266203703745,755,-136.39389963,14.769081797471106,36.0,26.37490227985441,3.7121455209426726,21.64351851851852,7.3692076846904015,233,0.00047732456,5262.1875,0.0003968477249145508,-45.29516995747884,33.36701675697609,1010,-0.004181342320171771,0.000462962962962963,0.0003,10640.998589409723,0.2
17.56697871069565,12.472300620612378,6.5686830461895696,0.8703244554535848,26.259259259259256,177984,0.4348404435997851,2.0357125882375073,13.202493348426897,0.8553240740740741,0.2564648095374695,37.035300925925924,0.12679214535535147,4.762318026155041,52.194884558790896,103,8.281318600557332,48,0.9245572935789708,0.0,27.2569444444445,763,-137.57392705,15.289565265137838,36.0,26.45885721835386,3.7375629677194118,21.412037037037038,7.768581598335891,233,0.009082399,55.86514663696289,0.014179825782775879,-45.30483705026132,6.2647118273708555,1020,-0.025452724623459357,0.047453703703703706,0.0003,165.91153541847513,0.2
17.697070132150774,12.199271268524356,6.274582834373035,0.8697892375294791,25.759259259259256,179712,0.44174350394219414,2.046265763527811,13.415667551950671,0.8622685185185185,0.2529799585378371,37.298032407407405,0.13069355761303117,4.795557195034918,52.274726890910905,104,8.221270116121584,48,0.9266752530610143,0.0,27.06886574074074,770,-139.14819789999999,14.602242620285848,36.0,26.41260184084523,3.763305643049789,20.60185185185185,7.648388517388457,233,0.0048893015,289.5019836425781,-0.006302952766418457,-45.32436839916088,23.259143273035686,1030,-0.01608658438824393,0.015162037037037036,0.0003,703.8981316460504,0.2
17.635883406003092,12.31629227127811,6.511525141608423,0.8726002478296334,25.981481481481485,181440,0.4361591535408974,2.057157810816797,13.262015775200199,0.8339120370370371,0.25173705946415076,37.182870370370374,0.1258363673310363,4.828412234472918,52.29089500968652,105,8.356818915594234,48,0.9263192281783409,0.0,27.553530092592638,777,-140.66662118,14.930053008574834,36.0,26.512334697295206,3.7888953515647965,21.296296296296294,7.622235595688302,233,0.0010067972,2784.457763671875,0.011788249015808105,-45.308616878368234,17.843051156291256,1040,-0.007792348092145942,0.002777777777777778,0.0003,6209.385445601852,0.2
17.477392151518227,12.063289753720786,5.380838038443554,0.8682846076792089,25.453703703703706,183168,0.42889709646191193,2.067843591034175,13.047943287395386,0.8535879629629629,0.24154574519091251,36.82581018518518,0.1277822496667753,4.860732092691406,52.241449617280416,106,8.274312086951218,48,0.920216459369547,0.0,27.27864583333337,785,-140.6007284,13.269498480428465,36.0,26.374212131092435,3.814088831943592,17.824074074074073,7.345370688264126,233,0.06344615,3.3786919116973877,0.065243661403656,-45.24796203330711,11.684190391445602,1050,-0.039776142145058625,0.39849537037037036,0.0003,7.647123319131357,0.2
17.495629087693644,12.040837338405524,5.260713262181425,0.8688582127894592,25.425925925925924,184896,0.42812459225227784,2.0784628627713952,13.015863700892673,0.8842592592592593,0.24234535430470683,36.87789351851852,0.13453899213953274,4.892971751943638,52.25638392981947,107,8.247708694888098,48,0.9246511477996321,0.0,27.20630787037048,792,-140.44791325999998,13.111041013026531,36.0,26.38870979754745,3.8393279046628264,17.36111111111111,7.329490412439582,233,0.005790469,81.40055847167969,0.06906932592391968,-45.23353271484375,14.905059153503842,1060,-0.014016157960415714,0.030555555555555555,0.0003,224.82307507550274,0.2
17.555766515987983,12.129401038119092,5.884893414260529,0.8694706886977274,25.60185185185185,186624,0.43356472424015846,2.088567648902966,13.170238255444486,0.8547453703703703,0.2305610993061388,37.00289351851852,0.12764046600348913,4.925597347582249,52.314113957319556,108,8.041914452628328,48,0.9132371170823859,0.0,26.482928240740762,799,-142.04292770999996,13.49596150745559,36.0,26.409981532084007,3.8647173209527965,19.444444444444446,7.00166705507597,233,0.0022886244,351.6152648925781,-0.03930044174194336,-45.21613626833315,38.26224757653696,1070,-0.01069390353643232,0.004629629629629629,0.0003,891.5615073875144,0.2
17.483136681652176,12.122443811101862,5.888201347341798,0.8686650475959797,25.59259259259259,188352,0.42813275002348317,2.099121305297624,13.01238068496424,0.8865740740740741,0.22804453355878782,36.847800925925924,0.13732181004460114,4.957828299294659,52.29640987596614,109,8.22146255786323,48,0.9262535269128472,0.0,27.112268518518583,807,-143.05575818,13.396376944372406,36.0,26.382959011829524,3.889925162656927,19.444444444444443,6.905731785928748,233,0.000981892,1184.9635009765625,0.024956941604614258,-45.22895156012641,18.83055342722822,1080,-0.0070205018734904355,0.002372685185185185,0.0003,3226.6901358145255,0.2
17.385364662431275,12.103238419019553,5.07261275635853,0.8695468238396274,25.546296296296294,190080,0.42616576076348356,2.1097753560243073,12.96029745100774,0.8489583333333334,0.25881374935269147,36.63483796296296,0.13099711521280863,4.989929042922179,52.33329705029568,110,8.261620290673415,48,0.9285544004794106,0.0,27.235243055555642,814,-143.11986552,13.447392620818963,36.0,26.406942175534997,3.914888574313005,16.550925925925927,7.79154144544088,233,0.016715243,4.854571342468262,-0.008293509483337402,-45.1948821456344,22.5780503752055,1090,-0.035423710466259056,0.13333333333333333,0.0003,28.673192765977646,0.2
17.52498675653582,12.14138062170853,4.9496877563585295,0.8706657759718962,25.638888888888886,191808,0.42939566897256964,2.1200370254165115,13.04469202323878,0.8692129629629629,0.26546984731982165,36.929976851851855,0.13223791637721616,5.022240772980275,52.36931053207132,111,8.104667756881629,48,0.9239259261945273,0.0,26.642071759259327,821,-144.41421137,13.575116506966644,36.0,26.435427253640498,3.9402010412043444,16.203703703703702,8.004048128899585,233,0.0015157235,3630.14990234375,0.0003280043601989746,-45.20097729718243,29.222902151390358,1100,-0.006611276173067314,0.0016782407407407408,0.0003,7031.244675925926,0.2
17.382702017220257,11.933871842188926,4.975730529018953,0.8711403351872722,25.175925925925927,193536,0.42402207177092854,2.131048883424289,12.892511561771778,0.8668981481481481,0.255057779077555,36.62789351851852,0.13166929827426568,5.054172051884705,52.37284478712161,112,8.40474320311101,48,0.9177809607489985,0.0,27.633101851851936,828,-145.52978427,13.112925591511441,36.0,26.462694930708775,3.965157796247395,16.319444444444446,7.723323220303562,233,0.013128944,34.3123893737793,0.0014323592185974121,-45.17666169625741,20.527335785053396,1110,-0.031831319499071,0.09918981481481481,0.0003,138.73898015905309,0.2
17.406162289351734,12.009870959900768,4.98878728943527,0.8740356374249266,25.305555555555554,195264,0.4237689667436016,2.1414938773571786,12.888889000572652,0.8518518518518519,0.2573548885039768,36.66493055555556,0.12905406552106866,5.086094274386136,52.40265474876234,113,8.177997573155858,48,0.9201550593786771,0.0,26.967592592592677,836,-146.01203645,13.289716993378468,36.0,26.556336379366318,3.9901732019707743,16.319444444444446,7.81105874404243,233,0.0010946437,3762.501953125,0.01472163200378418,-45.17701380694354,23.40427235055853,1120,-0.007957131413880873,0.0016782407407407408,0.0003,7264.070216652199,0.2
17.393096091238633,12.175200602573506,4.7299935401721775,0.8728682371819989,25.601851851851848,196992,0.42648612177059964,2.1517603209098923,12.991266380197489,0.859375,0.2727428734252204,36.6412037037037,0.13084071435386277,5.1182724403366295,52.36850966009277,114,8.106577421085474,48,0.9202421885649344,0.0,26.728877314814902,843,-147.02578473999998,13.69349152221585,36.0,26.5343724922096,4.015155942198871,15.393518518518519,8.308297379470167,233,0.012886072,89.01053619384766,0.0006167888641357422,-45.15530665362323,22.068698306436893,1130,-0.03364431009006997,0.10862268518518518,0.0003,207.389848836263,0.2
17.40595622027606,12.089955704433313,4.603889409908754,0.8760318096213258,25.435185185185187,198720,0.4286412799592036,2.1618257439866833,13.02470681993431,0.8616898148148148,0.27190574256479466,36.69328703703704,0.1314174135330357,5.150534207386466,52.41255169148624,115,8.02616923071637,48,0.9140232880616487,0.0,26.43229166666675,850,-148.58988109,13.470296067330974,36.0,26.631867331706303,4.040170832749561,15.046296296296296,8.296450952988907,233,0.0017032397,3741.16064453125,0.012751519680023193,-45.159650025544344,22.622904961197463,1140,-0.009631214965203846,0.003587962962962963,0.0003,7613.974160879629,0.2
17.203944801193938,11.892435791394233,4.835291396843997,0.8715638194958792,25.01851851851852,200448,0.41655703936368094,2.1720810192258053,12.658506469706992,0.8784722222222222,0.2520163844956142,36.260416666666664,0.140294699213075,5.181880473560733,52.31977392150728,116,8.10211009564875,48,0.9310917199378451,0.0,26.634837962963033,857,-148.22754407000002,12.876897887305347,36.0,26.496594420837763,4.064680694752545,15.74074074074074,7.669170699067117,233,0.011916504,124.11958312988281,-0.008696794509887695,-45.1339574319345,20.465571880119818,1150,-0.02735580379591772,0.07951388888888888,0.0003,352.91558617485896,0.2
17.29020078726162,11.912526348676707,4.75698160380983,0.8757678218839114,25.046296296296294,202176,0.4214276130189013,2.1823753521061526,12.812971396053003,0.8605324074074074,0.255246757200329,36.449074074074076,0.13426941191383243,5.2136129020508655,52.425518948656105,117,8.117733152139,48,0.92256075443416,0.0,26.815682870370438,865,-148.04958366,12.926747310909905,36.0,26.619533339517478,4.0894061967207,15.50925925925926,7.777239358423368,233,0.0021180233,3634.03271484375,0.0036104321479797363,-45.138703692400895,27.115810858761822,1160,-0.009366386792519027,0.002025462962962963,0.0003,8384.219377531828,0.2
17.266841141954778,11.507968200167474,4.434251965959436,0.8664430143506766,24.305555555555557,203904,0.4193433615646242,2.192641426965853,12.735925913578788,0.8339120370370371,0.24697091022506804,36.38483796296296,0.13116919842128838,5.245152716834813,52.31611044303664,118,8.106429943880114,48,0.923285943655062,0.0,26.634837962962983,872,-149.77672348,11.830096234169055,36.0,26.317269516227707,4.114073299575587,14.467592592592593,7.407876068042147,233,0.013931357,157.2252960205078,-0.00880122184753418,-45.12153889691388,21.67862405732826,1170,-0.033106836293720535,0.11383101851851851,0.0003,341.4977569580078,0.2
17.16951359729037,11.415992214181415,4.335210843614132,0.8643479493833944,24.10185185185185,205632,0.41296363039102607,2.2027285895962416,12.55059704093368,0.8501157407407407,0.2475512670027256,36.179398148148145,0.1309215300495136,5.2762292094371475,52.221463598029686,119,8.034865052155483,48,0.9148023996074892,0.0,26.490162037037116,879,-149.95705442,11.661096222764066,36.0,26.250664525654894,4.138497083568812,14.120370370370372,7.429893164968518,233,0.003606814,3763.666748046875,-0.003896951675415039,-45.11181226659704,28.245868130966468,1180,-0.014442915022718134,0.009548611111111112,0.0003,8740.713460286459,0.2
17.203065622887248,11.784100967681198,4.602963632737186,0.8768464543092848,24.842592592592595,207360,0.4163110473454132,2.2129590281198204,12.642009436146386,0.8645833333333334,0.2522887321178702,36.25231481481482,0.13784544545890523,5.307534233027513,52.464091905549445,120,8.092175409431517,48,0.9300329496744187,0.0,26.598668981481616,887,-150.41400737,12.485963278092578,36.0,26.652810009294853,4.16300474762603,15.046296296296298,7.618898677674196,233,0.013810347,215.68865966796875,-0.006767749786376953,-45.100548129611546,21.00131441089842,1190,-0.031204907330511896,0.1166087962962963,0.0003,574.4449427851924,0.2
17.279459849809427,11.598619203926441,4.179249687923242,0.871056561472682,24.472222222222225,209088,0.4220132561800027,2.2227853501313044,12.819271074692558,0.8414351851851852,0.2464735572187571,36.42881944444444,0.12953872337765573,5.339282410714245,52.4191831554036,121,7.930528804593645,48,0.9205136550323645,0.0,26.15740740740752,894,-152.45585013,11.680507809626018,36.0,26.453075381079188,4.187703397250554,13.657407407407407,7.422638917776335,233,0.005191224,3634.874755859375,0.014681994915008545,-45.108733890674735,21.108112953768835,1200,-0.016912301129627008,0.01915509259259259,0.0003,7879.446164279514,0.2
17.252833510986246,11.469269634102695,4.254272405323846,0.8771046407707828,24.166666666666668,210816,0.4211985584813195,2.231928541796018,12.799644102826976,0.8408564814814815,0.2364473236659824,36.34143518518518,0.132539947052128,5.370981520971312,52.43552166602141,122,7.6572766658855,48,0.9191332431943138,0.0,25.166377314814863,901,-153.56304149000002,11.345386267568733,36.0,26.659664686699916,4.21233548102802,13.888888888888891,7.141844228142193,233,0.020935405,65.66119384765625,0.0005877017974853516,-45.07725086918584,21.50347254784019,1210,-0.044128943360583095,0.21828703703703703,0.0003,222.62900043063695,0.2
17.330840711892645,11.515939287279274,4.22859528447223,0.8762607098767852,24.25,212544,0.4233500656246291,2.2413464008691575,12.877129774742643,0.8460648148148148,0.23563230275821354,36.517361111111114,0.1354219593198421,5.4028743454081685,52.398070338006995,123,7.767143629255773,48,0.9232018463940516,0.0,25.60763888888891,909,-154.72373554,11.343904217359313,36.0,26.631503542510856,4.237162582807751,13.77314814814815,7.119369645607811,233,0.005599803,3465.611083984375,0.011832356452941895,-45.073838283397535,21.590363785514125,1220,-0.016700872920315576,0.02638888888888889,0.0003,8245.188413266782,0.2
17.336803241924105,11.822374931129113,4.376328275746167,0.8796956759397472,24.89814814814815,214272,0.4221278845562851,2.2505810432028146,12.838907120797407,0.8223379629629629,0.2392660208335231,36.5318287037037,0.12615962096231864,5.434671613210162,52.49462815076047,124,7.693856933462776,48,0.9141333825647125,0.0,25.33998842592591,916,-155.85106356,11.972582160503787,36.0,26.730469684292885,4.262004590912562,14.351851851851853,7.293878953628507,233,0.019287195,133.32737731933594,-0.0012688636779785156,-45.072715038723416,22.26424812100552,1230,-0.035385158168220965,0.2004050925925926,0.0003,334.59140031602647,0.2
17.30162967835744,11.9443251830359,4.743835205164886,0.8805428998645112,25.175925925925924,216000,0.4210272409497359,2.2603359561880882,12.800588787256524,0.8518518518518519,0.2362092762617758,36.467013888888886,0.13602390305626663,5.466373085178303,52.5145373508685,125,7.901965194109482,48,0.916272758020216,0.0,26.0416666666667,923,-157.18743521,12.319179955866812,36.0,26.756294539816736,4.286758665108455,15.509259259259261,7.151019567666026,233,0.009262217,3965.89892578125,0.02107483148574829,-45.08668177569354,20.94190662348712,1240,-0.026686068182742155,0.06053240740740741,0.0003,8194.643858506945,0.2
17.304348643297406,12.434808519103301,4.432799085702911,0.8753745509499402,26.259259259259256,217728,0.4188292954167206,2.2700780188208816,12.729753734052721,0.8616898148148148,0.27557613241482587,36.470486111111114,0.13443794606435078,5.497897469513434,52.50050525806348,126,7.896825053117266,48,0.9215445812513047,0.0,25.99826388888892,931,-158.22489052,13.65769706684882,36.0,26.57297803760387,4.311519536716699,14.467592592592593,8.310089462042608,233,0.022202102,85.76376342773438,-0.0012892484664916992,-45.06420483059353,19.370898964228452,1250,-0.03829337711342507,0.2300925925925926,0.0003,229.48700962773077,0.2
17.33865562306484,12.221460011317403,4.141455236164898,0.8746980315254943,25.759259259259263,219456,0.42381700078247075,2.2798944259925547,12.881709521471109,0.8813657407407407,0.2631347187977661,36.53414351851852,0.14311647987926457,5.529801743317112,52.462379747281155,127,7.926562868669152,48,0.9211126635599105,0.0,26.092303240740755,938,-159.46994675999997,12.867138651701328,36.0,26.547394363692153,4.336366175774361,13.65740740740741,8.024223404219029,233,0.008311109,3381.61328125,0.011830270290374756,-45.09499606379756,20.017913550359232,1260,-0.022425455431005468,0.048553240740740744,0.0003,8282.982933666088,0.2
17.267849557021083,12.08255404092128,4.038230561441202,0.8744712568189706,25.462962962962962,221184,0.41942991815058783,2.28973059101884,12.745863874406666,0.8605324074074074,0.2666725492992161,36.391782407407405,0.13483574331357903,5.561366403003128,52.389716354582895,128,7.934466010514278,48,0.923571527091712,0.0,26.142939814814888,945,-160.52708017999998,12.737967455721554,36.0,26.5535485424261,4.361035799666914,13.310185185185185,8.13718285335907,233,0.026412388,61.60057067871094,0.008583903312683105,-45.081855660897716,20.084433575912758,1270,-0.03672785813471785,0.25729166666666664,0.0003,134.75219107733832,0.2
17.257458555411855,12.3183335106769,3.7280171769424446,0.8752844630761141,25.990740740740744,222912,0.4184401909444139,2.2995425768977897,12.718504416120014,0.8287037037037037,0.2745148413021801,36.35706018518518,0.12745741202088684,5.5928626640434285,52.40103813978276,129,7.924794351579795,48,0.9150033099816192,0.0,26.09230324074076,952,-160.82005997999997,13.131835331068016,36.0,26.573363453393856,4.385679446055444,12.268518518518519,8.333501820391115,233,0.008697555,4230.2041015625,0.008676111698150635,-45.109984150639285,20.380154301943602,1280,-0.02218996347790515,0.055844907407407406,0.0003,8396.976421440972,0.2
17.317969704372064,12.297901079044744,3.503358672549913,0.8785319256079275,25.953703703703706,224640,0.41906729055811126,2.309670865946701,12.751332792166544,0.8478009259259259,0.28230612270715344,36.47569444444444,0.13479694524191113,5.624440996023845,52.47100621194114,130,8.051315619564633,48,0.917600820792276,0.0,26.519097222222285,960,-162.30287183,13.353728462052526,36.0,26.65312747408692,4.410474370316374,11.574074074074074,8.575827383007782,233,0.03046488,61.6428337097168,0.006183326244354248,-45.084982751916954,20.28700423969163,1290,-0.04369717678745036,0.29658564814814814,0.0003,150.56711194073714,0.2
17.37739455182467,12.112373961551882,3.4403715436410423,0.875926536327931,25.555555555555554,226368,0.42279165943850877,2.3199616129311873,12.841789699596175,0.8541666666666666,0.2676141354124654,36.61921296296296,0.13444256965809837,5.656245470272835,52.43290775789828,131,8.116298793794492,48,0.9275173974404178,0.0,26.699942129629612,967,-164.20259838,12.723182446172345,36.0,26.570415389255853,4.435417856695936,11.342592592592593,8.130808484620463,234,0.008831926,4058.019287109375,0.007897913455963135,-45.105741034613715,21.620874630521843,1300,-0.024186706677493123,0.052835648148148145,0.0003,8181.626967592592,0.2
17.30043376923314,11.81114364278477,5.102438977082783,0.8766968091127733,24.925925925925927,228096,0.41943538057058305,2.3299948478168404,12.753299824047076,0.8373842592592593,0.20707083830372197,36.454861111111114,0.13323590320677897,5.687828719832953,52.40004098426191,132,8.013293954261304,48,0.921387631984175,0.0,26.439525462962994,974,-165.15508487,11.67143504536416,36.0,26.6102581390732,4.460168941119019,16.78240740740741,6.277852425496605,234,0.03235448,33.45198059082031,0.008032083511352539,-45.0485413869222,21.645707126237728,1310,-0.0412077598222014,0.31765046296296295,0.0003,77.1714003527606,0.2
17.286427908640256,11.843922031671184,5.079890087742807,0.8778919150923205,25.009259259259256,229824,0.41794321481044916,2.3401744567634766,12.711584922258298,0.8501157407407407,0.21283635303291445,36.417824074074076,0.13454738481176218,5.719307682138599,52.50423045093743,133,8.071843578654468,48,0.917731984422459,0.0,26.57696759259261,981,-165.63699472999997,11.857439719413616,36.0,26.63968573750198,4.484885010890619,16.782407407407405,6.453627599999627,234,0.009474522,4520.8994140625,0.008775472640991211,-45.0888653366654,22.578301090664333,1320,-0.024939083609798993,0.07228009259259259,0.0003,8545.834333405672,0.2
17.273763231407894,11.892652773225635,5.418356539258386,0.8777125224178345,25.037037037037035,231552,0.4137450520756385,2.3499609302670197,12.570339995312073,0.859375,0.21906170180608286,36.401041666666664,0.13879962660637923,5.750433532126879,52.42444909497658,134,7.9145894014172065,48,0.9281406770405392,0.0,26.0344328703704,989,-165.84256941,12.453608076425638,36.0,26.669179416610845,4.509569418969139,17.708333333333332,6.6625987639416175,234,0.039216686,34.36561584472656,0.02149730920791626,-45.02755933690954,19.62301318888311,1330,-0.039877134961662467,0.3292824074074074,0.0003,56.65625079826072,0.2
17.29506236806942,11.801552536832546,5.418696876092638,0.8800454840121176,24.833333333333332,233280,0.418208065351144,2.3601145796619294,12.713268075945725,0.8530092592592593,0.2209346314173001,36.433449074074076,0.1345140197721565,5.781916702316743,52.49061854769326,135,8.061459757963867,48,0.9265153230065832,0.0,26.526331018518537,996,-166.7407146,12.432969498269857,36.0,26.747491569436676,4.534307074889313,17.708333333333332,6.732720085344674,234,0.0072469595,4028.5556640625,0.006078660488128662,-45.053519354926216,24.6548706346088,1340,-0.009546335129481222,0.09554398148148148,0.0003,8079.838856336805,0.2
17.072421119658504,11.931643142181988,5.675789506793232,0.8736337278695565,25.138888888888886,235008,0.4148908481874275,2.370403103363784,12.625812359388645,0.8559027777777778,0.21781638261508074,35.97858796296296,0.13558376028433616,5.813181233215215,52.34115331756178,136,8.115409480741782,48,0.9199740866486261,0.0,26.77951388888894,1003,-167.89097805,12.70534609092806,36.0,26.530709056467032,4.558488127688459,18.634259259259256,6.617913441952839,234,0.05534325,24.41461753845215,0.04746931791305542,-45.01168537846318,20.353309331558368,1350,-0.039374182335342525,0.46869212962962964,0.0003,26.28926300119471,0.2
17.257499378765708,11.645197699770932,5.622435599324983,0.8758798201249886,24.509259259259256,236736,0.4209530883995343,2.380248887032311,12.786485873470648,0.8842592592592593,0.20471920045012926,36.366898148148145,0.14280297047707682,5.844847447898892,52.36985332223009,137,7.938313467410847,48,0.9262500083979524,0.0,26.121238425926077,1010,-168.85561536999998,11.98424548707552,36.0,26.621046455702643,4.583131876135373,18.402777777777782,6.236612187979606,234,0.0057903845,285.18682861328125,0.04031813144683838,-45.03894309997558,23.05032477113936,1360,-0.01546330439892632,0.033101851851851855,0.0003,747.7290412055122,0.2
17.189020763244077,11.654740152516673,5.569289671842477,0.8755243290420873,24.527777777777782,238464,0.41751504762382424,2.390661762626417,12.681181776787318,0.8478009259259259,0.20523610486330537,36.239583333333336,0.13411676706170633,5.87625040234086,52.355601308634014,138,8.165150237642386,48,0.9182903604476678,0.0,26.924189814814856,1018,-170.73264123,11.947115445875063,36.0,26.611914587517585,4.607604428043484,18.171296296296294,6.243085621515913,234,0.006576183,179.44635009765625,-0.029993891716003418,-45.014319059583876,41.96120436633075,1370,-0.020257964559520284,0.029340277777777778,0.0003,458.20087766294125,0.2
17.28626120279633,11.775604686509903,5.549418994284857,0.8731915828711768,24.805555555555557,240192,0.4177539926392833,2.400969972302841,12.70174397084787,0.8703703703703703,0.21005165984257812,36.414351851851855,0.13587668720953638,5.907704762267979,52.36216060749039,139,8.123283870569681,48,0.9184816262020248,0.0,26.75781250000006,1025,-171.99354461000001,12.181665343265657,36.0,26.528000462211196,4.632320081050475,18.171296296296294,6.376641662470898,234,0.0015056292,2799.047607421875,0.012373149394989014,-45.02540704232675,34.04590042785362,1380,-0.008554833616923403,0.002199074074074074,0.0003,5947.347222222223,0.2
17.172079216319805,11.846319920421614,6.037916932764389,0.8780364661641937,24.944444444444443,241920,0.4128401464975579,2.411304621239312,12.552165761447128,0.8402777777777778,0.1985474592389056,36.17766203703704,0.13144503282505857,5.938785176671597,52.360167811612165,140,8.133859574588454,48,0.9207802103059474,0.0,26.77228009259264,1032,-172.53963385,12.407022207545374,36.0,26.69735156787519,4.656750279091274,19.791666666666668,6.0427853543593715,234,0.02069254,34.28842544555664,0.14143049716949463,-45.005163249263056,28.380100032135292,1390,-0.04244976516088678,0.18599537037037037,0.0003,70.7302232671667,0.2
17.119530437178636,12.062036233257507,6.488253822867098,0.8759109703478668,25.425925925925924,243648,0.41508600725041694,2.4214136345843795,12.611142124923717,0.8396990740740741,0.1973677030040256,36.08506944444444,0.1362665090279282,5.970013031983906,52.28697848852386,141,8.043605338026994,48,0.9231727984838612,0.0,26.511863425926006,1039,-172.44366649,13.022253313184226,36.0,26.623759670707773,4.681049105184221,21.296296296296298,5.991963257059623,234,0.014207615,87.40314483642578,0.002302408218383789,-44.98761428550438,48.644762122189555,1400,-0.03201349961260955,0.1146412037037037,0.0003,208.49149661593967,0.2
17.134563414293506,12.295780078147407,6.509316583799634,0.8814335618520944,25.925925925925924,245376,0.4180183198041462,2.431846354505295,12.704200519995211,0.8686342592592593,0.20714844700370016,36.10243055555556,0.1362592918341463,6.001473533283894,52.4183756452346,142,8.173087968366131,48,0.9227938306128981,0.0,26.90972222222224,1047,-174.09649990000003,13.571721860250566,36.0,26.804725761743715,4.705385513719955,21.412037037037038,6.2866251983035255,234,0.0026325753,3591.8046875,0.014260292053222656,-45.00617453963668,47.396136320961844,1410,-0.01077492972318497,0.00636574074074074,0.0003,7296.989154730903,0.2
17.170915937852655,12.29881240162562,6.295652960406795,0.8791894527763008,25.93518518518518,247104,0.4148242769537788,2.4423226626177232,12.61538711479921,0.8396990740740741,0.20817448645345418,36.186342592592595,0.13128477250540332,6.032712001070892,52.35776900713292,143,8.190523244971194,48,0.9119336373022533,0.0,26.996527777777796,1054,-175.50634872000003,13.390258759674804,36.0,26.740388025867684,4.729812803564587,20.71759259259259,6.31579339764239,234,0.0172627,72.70989990234375,0.038632750511169434,-45.01810708222566,41.29588586136147,1420,-0.03403872049551595,0.15052083333333333,0.0003,157.3553547611943,0.2
17.11971588361934,12.098733113353932,6.626811944392048,0.8796238048982534,25.490740740740744,248832,0.41241255707030156,2.4530768689567584,12.541339230550314,0.8171296296296297,0.19393288205191347,36.0630787037037,0.12958875868358405,6.063765349147268,52.392308449945936,144,8.301682535613962,48,0.9187671960329252,0.0,27.33651620370372,1061,-176.16984683000007,13.108973109413721,36.0,26.747766748473794,4.754112093273635,21.759259259259256,5.903428051667743,234,0.014270667,173.73072814941406,-0.04378056526184082,-45.000239774915904,57.84713174502055,1430,-0.035337081592943936,0.12100694444444444,0.0003,390.4932334052192,0.2
17.233960712995763,12.10719868915991,6.526477685004015,0.8794136051683153,25.51851851851852,250560,0.42089983310882817,2.4633702714682006,12.796271651133786,0.8333333333333334,0.2022826714532516,36.30960648148148,0.13234725519221707,6.095456028275102,52.43574453385806,145,8.117361004576944,48,0.9158672771080772,0.0,26.77228009259261,1068,-177.94230197000002,13.258065200367103,36.0,26.74658434059134,4.778696995056125,21.412037037037038,6.144388826203179,234,0.0039645834,3666.1416015625,0.009116172790527344,-45.043515537403245,59.541868432362875,1440,-0.015710782445967197,0.013136574074074075,0.0003,7169.0210177951385,0.2
17.126107357122926,11.924799203641259,6.325235775215197,0.8793593432379893,25.194444444444446,252288,0.4142630064750672,2.4733907422867043,12.596203396914042,0.8333333333333334,0.19576813553626096,36.08449074074074,0.1330961302972622,6.126646536767387,52.39930950422311,146,8.008188327401543,48,0.9166618002754904,0.0,26.388888888888975,1076,-178.92089457999998,12.651463507073462,36.0,26.701855918923457,4.803012263448932,20.833333333333332,5.921428528217007,234,0.04605792,75.69556427001953,0.11768841743469238,-45.006357715747974,45.51911391124681,1450,-0.03540213879853211,0.35983796296296294,0.0003,58.20556237962511,0.2
17.10155689826522,11.786562031544095,6.0914707977030575,0.8796813590751941,24.85185185185185,254016,0.4138278455005793,2.483711271503697,12.577828216398439,0.8373842592592593,0.19243727982422573,36.046875,0.137847926854569,6.157791107308383,52.42093597139842,147,8.128211686796938,48,0.9206555012638978,0.0,26.801215277777946,1083,-178.86200673999997,12.20334831447098,36.0,26.71439027588951,4.827266155694595,20.02314814814815,5.845315485223826,234,0.0053359186,1501.244873046875,0.03278237581253052,-44.989710814864544,53.30907603425008,1460,-0.017205645958030664,0.026851851851851852,0.0003,2999.854240813079,0.2
17.042780221703424,11.759587913611801,6.380859676765176,0.8771682474352853,24.805555555555557,255744,0.4105919936466022,2.494018612026712,12.486579891034735,0.8269675925925926,0.18770057216289585,35.904513888888886,0.13381427494748502,6.18870755703597,52.35831149062691,148,8.122936209206138,48,0.916383666716149,0.0,26.76504629629638,1090,-179.29908154,12.319076720335845,36.0,26.649764191746794,4.851373106248853,20.949074074074073,5.698629129958868,234,0.014748586,104.00143432617188,0.030560851097106934,-44.949524589821145,68.01497250486304,1470,-0.032628533889160115,0.13003472222222223,0.0003,255.5261915701407,0.2
17.09712658789161,11.870602011711787,6.575560590638365,0.8754265753249136,25.064814814814813,257472,0.41401455097888806,2.5043970389267107,12.587975435133565,0.8530092592592593,0.18705711840875436,36.039351851851855,0.1396911012006793,6.2198774956238045,52.361948378097686,149,8.15137075999948,48,0.917580896472995,0.0,26.837384259259313,1098,-180.55625163000002,12.593042245774186,36.0,26.593119414884157,4.875615922718582,21.64351851851852,5.666879643424033,234,0.0025000693,2603.465576171875,0.02824985980987549,-44.95829401369448,64.40736844716248,1480,-0.011781655762482572,0.005902777777777778,0.0003,6808.617569082755,0.2
17.039672644121485,12.151568169086142,6.492564890137942,0.8733568532446706,25.62962962962963,259200,0.4056027655302113,2.5150006101657327,12.340511196311496,0.8848379629629629,0.19913131659040784,35.901041666666664,0.14591035345228048,6.250428773614583,52.397399321112545,150,8.241428495608849,48,0.9307431951096952,0.0,27.206307870370413,1105,-180.95068141999997,13.171494127828034,36.0,26.537346513616868,4.899715104328886,21.296296296296294,6.0473610686039505,234,0.036980752,54.42369079589844,0.11559951305389404,-44.94621094597711,56.02454300677335,1490,-0.042398836142900916,0.28651620370370373,0.0003,104.82518680713795,0.2
17.03019147030082,12.17528734015153,6.301848533559231,0.8740938558811671,25.722222222222225,260928,0.410228645189774,2.5253466382939087,12.481562204445295,0.8478009259259259,0.20216307207622478,35.879629629629626,0.1359574646123909,6.281332679125697,52.38642040377011,151,8.138411251270442,48,0.9173004655221701,0.0,26.844618055555614,1112,-181.33192501999997,13.06955653491354,36.0,26.54409971095768,4.923790583004638,20.71759259259259,6.11242066120278,234,0.020824611,19.043041229248047,0.08815222978591919,-44.895575007685906,72.76570319422969,1500,-0.03858205473429903,0.2089699074074074,0.0003,75.66522188539858,0.2
17.023341288205366,12.201886174353263,6.226965218872041,0.8753312631728338,25.777777777777775,262656,0.4132676593940196,2.5347437918782276,12.559874354543739,0.8194444444444444,0.2013378341413633,35.869791666666664,0.13123406395638695,6.312432365012056,52.410228341409784,152,7.758861433727545,48,0.9189149043916159,0.0,25.499131944444525,1119,-182.38431334999999,13.005771074795733,36.0,26.58560012374984,4.947848936225151,20.48611111111111,6.096919681570429,234,0.0050929463,3427.70947265625,0.02842181921005249,-44.938722963686345,75.08566317028469,1510,-0.01599813612108981,0.025752314814814815,0.0003,6890.062720630787,0.2
17.0489231258187,12.343518790238633,5.952812132555155,0.8691141552824663,26.037037037037038,264384,0.40936405985781976,2.5448306355611208,12.445984296877748,0.8564814814814815,0.2006125111207767,35.935763888888886,0.133823090346184,6.343247325754251,52.36018683807245,153,8.034737473157248,48,0.9191109163694404,0.0,26.490162037037095,1127,-183.19913910999995,12.861647835227634,36.0,26.39702127417249,4.971971244039698,19.560185185185187,6.085316912433846,234,0.031661212,57.39006423950195,0.13604891300201416,-44.88371522691515,73.74811852817182,1520,-0.04053899460748114,0.27216435185185184,0.0003,104.25617137485081,0.2
17.081141047572796,12.372839742247962,6.089920344637567,0.8633467669950923,26.185185185185187,266112,0.4117758096254227,2.554250583629491,12.528215872832655,0.8582175925925926,0.20045195419281392,35.98090277777778,0.13800801785543798,6.374267865436333,52.265885068267444,154,7.76797922734811,48,0.9214783343583165,0.0,25.578703703703727,1134,-184.66781601,12.980866261986597,36.0,26.20994462067378,4.996174096658629,20.13888888888889,6.038106175101068,234,0.016507857,100.15034484863281,0.050624191761016846,-44.857389520715785,91.25484194049129,1530,-0.03432878332591995,0.15081018518518519,0.0003,247.7902559068468,0.2
17.066263926502863,12.386439784773982,6.206295687395882,0.8699420811317823,26.194444444444446,267840,0.41409178913269745,2.563803316565122,12.593856083575538,0.8385416666666666,0.19628855261485664,35.96585648148148,0.13608477474154293,6.405452505645272,52.35117854120214,155,7.821093174252489,48,0.9162792709702005,0.0,25.79571759259266,1141,-185.94553391999997,13.000289150804207,36.0,26.409363030890404,5.020339756474886,20.48611111111111,5.927553678634344,234,0.0039751716,2891.206298828125,0.03662616014480591,-44.863876526444045,79.91085317399767,1540,-0.014707466226967949,0.013831018518518519,0.0003,6309.569410083912,0.2
17.083249204746718,12.316787625454003,6.313899888044374,0.863612220017746,26.046296296296294,269568,0.41617705066561367,2.5730091013612006,12.658503065962256,0.8379629629629629,0.1934202012417493,36.00578703703704,0.1360265421031887,6.436798763310177,52.28839997140617,156,7.6823139184314435,48,0.9223524012608876,0.0,25.274884259259306,1148,-187.05927447000002,12.939792406280965,36.0,26.209705440837382,5.044547879486753,20.833333333333332,5.829104892782588,234,0.036790773,40.92076873779297,0.06016552448272705,-44.85260241473163,88.60042806996239,1550,-0.03810008909053135,0.3166087962962963,0.0003,84.56724175347222,0.2
17.043005803318838,12.17751285179966,6.159924330452939,0.8650488302819586,25.73148148148148,271296,0.41324124641987514,2.582444438423443,12.570333632229598,0.8703703703703703,0.19237242347734482,35.923611111111114,0.14523603509725705,6.467924597390751,52.30060088415424,157,7.7741348248969295,48,0.9242743637133162,0.0,25.622106481481527,1156,-187.94002908,12.618686392660944,36.0,26.265708101391606,5.0686553939950505,20.25462962962963,5.801249210408346,234,0.025290294,83.48902130126953,0.16492342948913574,-44.74579248781557,101.44844240612454,1560,-0.0417206972182073,0.23657407407407408,0.0003,74.82470479894567,0.2
17.066653777465106,12.36880243202392,6.2337486877021,0.8652415194936459,26.111111111111114,273024,0.4124485384497232,2.592019077996737,12.536595204624883,0.8611111111111112,0.19617662621146179,35.967013888888886,0.1411682387205467,6.498966085402313,52.23821707866242,158,7.829855829317673,48,0.9171694025020771,0.0,25.774016203703624,1163,-188.8264674,13.018245804522056,36.0,26.269849567586096,5.092822028438714,20.48611111111111,5.9356946847960375,234,0.007325291,2463.13916015625,0.051284849643707275,-44.78457264370388,92.5810247403604,1570,-0.018475380627852346,0.049652777777777775,0.0003,5363.908604600694,0.2
17.07792621559594,12.275483713654175,6.158980931343934,0.8588595160167406,25.916666666666668,274752,0.4084284926166459,2.6018558860005836,12.42071994929492,0.8269675925925926,0.19612497376348767,35.979745370370374,0.1286881150380748,6.52971788527555,52.133019642586625,159,7.934723201538531,48,0.9131675224072233,0.0,26.106770833333385,1170,-189.61423706000002,12.845230742612962,36.0,26.08144318094915,5.117016843977703,20.25462962962963,5.930766097614854,234,0.03082106,96.9174575805664,0.13071054220199585,-44.813665347629126,93.76303755265695,1580,-0.041141584995030255,0.2755787037037037,0.0003,109.8138866989701,0.2
17.11208667053985,12.311318498517105,6.164442584254494,0.8625252507941892,26.009259259259256,276480,0.4108157342519866,2.612168468671709,12.483006766831954,0.8194444444444444,0.19662846778835583,36.061342592592595,0.12742184722050753,6.56062540219263,52.2123405816694,160,8.125033068450216,48,0.9111154252584716,0.0,26.75057870370372,1177,-191.35745208,12.888475523412353,36.0,26.18307337155193,5.141297060654053,20.25462962962963,5.932714440640756,234,0.0056005875,2092.365234375,0.036689043045043945,-44.83339548464175,103.30317838721805,1590,-0.016695296221102277,0.025173611111111112,0.0003,4923.50626808449,0.2
17.095811572736743,12.269457143231497,5.992336877886134,0.8597569230731242,25.89814814814815,278208,0.40939878977797156,2.6219240637360923,12.46189587321516,0.8773148148148148,0.20354034538936627,36.02199074074074,0.14045431124177457,6.591480141875668,52.16724527462236,161,7.902238025753312,48,0.92599247346076,0.0,26.077835648148184,1185,-192.21751862999997,12.894507667762458,36.0,26.10660000336826,5.165536589585895,19.675925925925927,6.152713646644826,234,0.032750044,66.90394592285156,0.21957510709762573,-44.745044524581346,103.05044667720794,1600,-0.044129288310392034,0.2824652777777778,0.0003,85.08003764682346,0.2
16.9527067054544,12.236917542863162,6.034117776995139,0.8631728103127075,25.833333333333332,279936,0.40084273859433006,2.631940660221772,12.17966664241456,0.8506944444444444,0.20175322787713404,35.729745370370374,0.1348138874725187,6.621629308481705,52.203066607486655,162,8.006638594271912,48,0.9189264661341296,0.0,26.388888888888893,1192,-191.54392943,12.84263085072359,36.0,26.1985152093705,5.189418356349531,19.791666666666668,6.0915955308652885,234,0.0052854028,2395.30810546875,0.05833393335342407,-44.744830237494575,101.69651496586977,1610,-0.013341821464537471,0.01765046296296296,0.0003,5250.101392505787,0.2
17.21714552278538,12.067553333577282,6.043820959636736,0.8592126922224015,25.48148148148148,281664,0.41576213935788964,2.6416637620877856,12.642167047099617,0.8206018518518519,0.1950601669056912,36.264467592592595,0.1293934226065712,6.652934726099454,52.14812138484103,163,7.889240746405364,48,0.912721541670963,0.0,25.991030092592634,1199,-193.57948320000003,12.490062477741713,36.0,26.087833961941655,5.213961220156494,19.90740740740741,5.898688184527697,234,0.014333743,183.08995056152344,0.020227909088134766,-44.74549210159867,111.03177920447456,1620,-0.03253265008744266,0.1285300925925926,0.0003,486.4222078676577,0.2
17.04171749088597,12.102500221768482,6.152414186232858,0.8611138683617664,25.555555555555557,283392,0.4046706120118524,2.6512705486583745,12.312020456651162,0.8472222222222222,0.19797602466063555,35.9068287037037,0.13272492454784843,6.683414777241081,52.18888193534386,164,7.842714628235528,48,0.921318645184604,0.0,25.84635416666668,1206,-195.01753873,12.724501684488112,36.0,26.1428840604972,5.23806551388371,20.25462962962963,5.989587276486773,234,0.006610467,3348.384765625,0.01787853240966797,-44.77686151575159,116.21071385630854,1630,-0.017279642536649827,0.02332175925925926,0.0003,6689.409161603009,0.2
17.040199669273903,12.210943252021295,6.1652010174746605,0.8593539295984716,25.787037037037038,285120,0.41312691649466315,2.6605108356275164,12.560847050572884,0.8153935185185185,0.19907531202653214,35.907407407407405,0.12794906921088567,6.714516894867513,52.06106106075043,165,7.6961147876567475,48,0.9170008576076355,0.0,25.33998842592593,1214,-195.06510196000002,12.868201063979045,36.0,26.088573587251446,5.262166013056894,20.25462962962963,6.012056794483091,234,0.024665318,67.02864837646484,0.05871403217315674,-44.7678125028257,103.45914477065757,1640,-0.03958371417355482,0.23153935185185184,0.0003,146.31817118326822,0.2
17.056962472943038,12.369445199061522,6.166438559141326,0.8592696655830626,26.10185185185185,286848,0.40891526170121667,2.6702759892146344,12.428860493163269,0.8368055555555556,0.20546349487734208,35.939236111111114,0.12749599800435735,6.745289046100421,52.03122031044895,166,7.906061434847191,48,0.9195702647987472,0.0,26.056134259259366,1221,-196.66770213,13.229944788997779,36.0,26.087307975543467,5.286308419239251,20.25462962962963,6.214061030794931,234,0.006974959,2493.0078125,0.028156042098999023,-44.77326767532914,110.90883175796932,1650,-0.01959186944662145,0.03715277777777778,0.0003,5912.805662254051,0.2
17.119531958084792,12.44706538782745,6.032810112772236,0.8556734396191729,26.240740740740737,288576,0.4089025671466969,2.680101252809204,12.418792499380237,0.8582175925925926,0.20584170067323426,36.09722222222222,0.13725622859624637,6.776036027348871,52.01812853223472,167,7.930105437827797,48,0.9195161506579191,0.0,26.142939814814824,1228,-197.89637391999995,13.198994274575922,36.0,25.974501697861783,5.310607249134463,19.791666666666668,6.239118773976236,234,0.02230428,224.93490600585938,-0.0024063587188720703,-44.72325199268482,120.51757440213804,1660,-0.04023599765539445,0.20121527777777778,0.0003,392.622765717683,0.2
17.095152016443915,12.735902129866561,6.184488418929014,0.8603621921758687,26.86111111111111,290304,0.40989935242484005,2.6906752773530074,12.471316599258204,0.8483796296296297,0.2158368123771466,36.015625,0.12940320639649452,6.806914318847016,52.109590218569146,168,8.22960981752142,48,0.9168267524342257,0.0,27.08333333333335,1235,-199.59608504999997,13.945384023574178,36.0,26.125706531186836,5.334845129175573,20.37037037037037,6.544993474778604,234,0.009294759,3099.993896484375,0.050286173820495605,-44.749229770236546,98.21203871391438,1670,-0.022375972944104837,0.0609375,0.0003,6320.552710865162,0.2
17.234931344491034,12.56687662831419,5.727623739313986,0.854785257932714,26.48148148148148,292032,0.4152222944635829,2.700941538392197,12.62529643756452,0.8321759259259259,0.2132721820673369,36.31944444444444,0.1268380740547719,6.838177559940927,52.0000681391721,169,8.106504415675756,48,0.9128797252564624,0.0,26.671006944444507,1243,-202.12619003999995,13.244571935335076,36.0,25.96584672547544,5.3594324575368,18.749999999999996,6.470071567706899,234,0.028124545,132.22625732421875,0.1052849292755127,-44.76256983721698,110.84356400701735,1680,-0.04064769414081066,0.25798611111111114,0.0003,215.4297553733543,0.2
17.26766946919553,12.606463274979049,5.699797836266568,0.8561095278609102,26.60185185185185,293760,0.41533969272045723,2.711077843146013,12.622277103783217,0.8327546296296297,0.21246879830318743,36.38194444444444,0.12761256788679684,6.869433252700385,52.02406007311043,170,8.054521901526526,48,0.9168359996934148,0.0,26.490162037037035,1250,-204.12771923,13.219721137287044,36.0,26.002270314431755,5.38410163120979,18.75,6.433460026041426,234,0.009850849,2735.70263671875,0.07285946607589722,-44.81495877018681,103.3768791852174,1690,-0.023914235264614777,0.06701388888888889,0.0003,6355.533383969908,0.2
17.14956688859304,12.46110728812147,5.706561263391765,0.8496887194094747,26.23148148148148,295488,0.40631323621682475,2.7214589087479633,12.357453078648104,0.8454861111111112,0.20283558521208164,36.13194444444444,0.12947448145081067,6.900026885397005,51.964504379455285,171,8.152426240780065,48,0.9134461569840368,0.0,26.837384259259178,1257,-204.09518953,12.812463047565753,36.0,25.80495421400794,5.408475548431272,18.63425925925926,6.16479449605252,234,0.026199954,116.13984680175781,0.07805842161178589,-44.840724309285484,117.28211502675657,1700,-0.03952186650907,0.26469907407407406,0.0003,240.8163446497034,0.2
17.129172239469103,12.666171396003287,5.594198506984047,0.8526078862939653,26.64814814814815,297216,0.4077190269896118,2.732145026452954,12.393651948809385,0.8396990740740741,0.21211402047534336,36.098379629629626,0.1231527940558409,6.930711015269028,52.019888943521345,172,8.274447081996376,48,0.9168755298959647,0.0,27.26417824074074,1264,-203.87395252000005,13.205918463342341,36.0,25.900869878489917,5.432798479029945,18.287037037037038,6.465548560355007,234,0.0104515515,2837.179931640625,0.04477351903915405,-44.84348507633916,109.78665308687422,1710,-0.02407282767817378,0.06637731481481482,0.0003,6432.292467809607,0.2
17.230179782900514,12.757677486846253,5.595919894157887,0.8531840855367648,26.888888888888886,298944,0.40895823669509734,2.742435620726274,12.431206072600093,0.8310185185185185,0.21991308303414678,36.31539351851852,0.12603839149575177,6.961489030450529,52.03691336303107,173,8.116237709327969,48,0.9145625173205942,0.0,26.74334490740737,1272,-205.49960696000002,13.515431142954238,36.0,25.91026714298053,5.457373928487196,18.402777777777775,6.681833761950099,235,0.027917888,162.90032958984375,0.04537230730056763,-44.8062461287887,111.49495463636187,1720,-0.04253177583148634,0.275,0.0003,282.71013517026546,0.2
17.205744804927836,12.90105707495124,5.58868890238842,0.8539164756217845,27.212962962962962,300672,0.4093261947146126,2.753050102169974,12.453586338990867,0.8119212962962963,0.22405537577863555,36.254050925925924,0.12119926677382281,6.992322996298006,51.96953319815217,174,8.245792577480035,48,0.9085772116201062,0.0,27.184606481481453,1279,-206.99031866,13.763886315591485,36.0,25.931898024758272,5.481888290499516,18.402777777777782,6.794140338251825,235,0.0113615515,3526.4306640625,0.04469263553619385,-44.83640074553313,114.16216497068052,1730,-0.027050055501361688,0.08194444444444444,0.0003,6762.567377387153,0.2
17.34670814355916,12.829312741995759,5.46277039940037,0.8545055350647942,27.074074074074073,302400,0.41476784290765234,2.7633271546274005,12.611691054390413,0.8518518518518519,0.2226848624964041,36.55266203703704,0.13202815006421195,7.023552223933982,52.040990032429214,175,8.110820982970695,48,0.918405272087838,0.0,26.743344907407412,1286,-209.35861748000002,13.521914566732827,36.0,25.95339516891657,5.5067550608584135,18.055555555555557,6.749831425336699,235,0.029244976,120.08919525146484,0.08391326665878296,-44.83154069406015,112.66181630381831,1740,-0.04229456209491386,0.2611111111111111,0.0003,337.8500796282733,0.2
17.312573489687058,12.963657629599183,5.303381465452663,0.8540669905667112,27.35185185185185,304128,0.4106864096732892,2.7739846248241684,12.495680013174644,0.8350694444444444,0.23269654329776124,36.47569444444444,0.12322020747544354,7.054491423966919,52.03842872214099,176,8.262988078707199,48,0.9113567389801717,0.0,27.199074074074083,1293,-210.80015475999997,13.798704156484304,36.0,25.935947704296535,5.531536494582631,17.47685185185185,7.051665061432459,235,0.010678841,3533.525390625,0.046453893184661865,-44.84918811939381,107.07704720762041,1750,-0.026953978353628404,0.07893518518518519,0.0003,6729.836313657407,0.2
17.410124342175795,13.071726675266873,4.589821962984082,0.8508110055850951,27.60185185185185,305856,0.41472446860331497,2.783942612571324,12.606165683718821,0.8339120370370371,0.24260333950969262,36.69386574074074,0.12336535979291624,7.085706838176216,51.94609812208142,177,7.983195098862183,48,0.9115498507266538,0.0,26.30931712962965,1301,-212.06289557999997,13.488142984478394,36.0,25.83144055869522,5.55656180543807,15.162037037037038,7.346594346227438,235,0.031903666,223.92308044433594,0.11090505123138428,-44.84127611230921,104.10074371761746,1760,-0.040396429122322136,0.28628472222222223,0.0003,237.49991438123914,0.2
17.268558034192385,13.167173117745653,4.9063096712134255,0.8560257080841499,27.805555555555557,307584,0.40787220656943546,2.7947467413253917,12.403760993978878,0.8391203703703703,0.24433795898139735,36.38368055555556,0.12770539011933346,7.116416240661163,52.009336012235714,178,8.32165150162704,48,0.9138048430132533,0.0,27.394386574074083,1308,-212.79169662000004,13.94805781110792,36.0,25.975304380388565,5.581233200523552,16.203703703703706,7.394575022148842,235,0.011499851,3801.780517578125,0.08241397142410278,-44.89700332924172,117.18424553694548,1770,-0.026430068582434345,0.09965277777777778,0.0003,7393.336725983796,0.2
17.36555857951095,13.163182841464995,4.210999897219607,0.8546473981748837,27.805555555555554,309312,0.4174755842623906,2.805286715890568,12.692222973162856,0.8587962962962963,0.2485744725596888,36.58449074074074,0.1309609833361233,7.14784679809407,52.00241789836932,179,8.215989826070459,48,0.917709152201334,0.0,27.061631944444436,1315,-214.05614832999998,13.378489592892485,36.0,25.93673277908189,5.606147096972329,13.888888888888891,7.524306854207883,235,0.024982095,226.93612670898438,0.04798382520675659,-44.9013119591607,118.3878195118021,1780,-0.04276415586333584,0.27337962962962964,0.0003,343.5868694729275,0.2
17.388336276991456,13.267735365698632,4.149801174001867,0.85456736080895,28.0,311040,0.41221169766892746,2.81611522958952,12.533896511643555,0.8431712962962963,0.25734975475247995,36.648726851851855,0.12436315967327571,7.1788815393731795,52.009832314000015,180,8.331405479580871,48,0.9124627231378291,0.0,27.42332175925922,1322,-216.08998357000002,13.698653845812363,36.0,25.95116306191242,5.631117937664808,13.657407407407407,7.8011173061118635,235,0.009911201,3180.892578125,0.024694442749023438,-44.938489023844404,120.28741875842765,1790,-0.024613141737602377,0.07847222222222222,0.0003,7141.806539351852,0.2
17.411708706334494,13.027323140833365,4.186939127516334,0.8612941734850724,27.48148148148148,312768,0.417937975333247,2.8272298918272285,12.692901059249285,0.8483796296296297,0.25181456225351845,36.7037037037037,0.12784277368099564,7.210313792021303,52.09985859041482,181,8.445864895083327,48,0.9190942650246635,0.0,27.813946759259352,1330,-217.74150737,13.330491846539571,36.0,26.15408779149402,5.656147209430644,13.773148148148147,7.636229578189872,235,0.030376533,195.9287872314453,0.07011890411376953,-44.936633583351416,124.48918248459145,1800,-0.04065176679200872,0.2695023148148148,0.0003,370.3885062888817,0.2
17.521842311807898,13.058072525606732,4.4071871702384415,0.8609885514662722,27.59259259259259,314496,0.4195185878418091,2.8381750721717944,12.757377334540523,0.8408564814814815,0.2504308011829585,36.91550925925926,0.12513436708026937,7.241907235357655,52.094727911481336,182,8.378072137826384,48,0.918648484534275,0.0,27.611400462963044,1337,-220.26174799000003,13.527113972763818,36.0,26.13562888025305,5.681451815210164,14.583333333333334,7.581854276918643,235,0.011448762,3316.950927734375,0.05019962787628174,-45.00962617662218,127.19918617142571,1810,-0.026587753174654036,0.09328703703703704,0.0003,7799.898739510995,0.2
17.54471000522587,13.056100479089467,4.228222838313887,0.8549217738098026,27.5,316224,0.42515030241012425,2.8483539465476144,12.933905128076802,0.8339120370370371,0.2504587564663362,36.96296296296296,0.12494673987514421,7.273941998177847,52.01974654701082,183,8.071549750327943,48,0.9229566357402361,0.0,26.555266203703713,1344,-221.96746966999996,13.390844487067532,36.0,25.96209099790293,5.706813590223229,13.888888888888888,7.626521169664179,235,0.030827763,125.1867904663086,0.09223312139511108,-44.97752524481879,138.5212695421996,1820,-0.040653525054868724,0.290162037037037,0.0003,202.30565391823097,0.2
17.489403837398278,13.067651181884571,4.364494587765625,0.8576937556843652,27.546296296296294,317952,0.42234701282621684,2.859051833013143,12.842634043858657,0.8425925925925926,0.25118534215959304,36.844907407407405,0.12758332781801635,7.305748583287493,52.0697410985037,184,8.279154586211309,48,0.9265981128623749,0.0,27.271412037037088,1351,-223.01364979000002,13.5440744043176,36.0,26.042448721769574,5.732037099816725,14.351851851851853,7.631928634667404,235,0.009438121,3398.175537109375,0.048674702644348145,-45.004831045645254,130.89988622312194,1830,-0.02277225800531192,0.06655092592592593,0.0003,7438.4777488425925,0.2
17.456579462882203,12.878496121193187,4.6012001894289,0.852995370488051,27.12962962962963,319680,0.4226411047065645,2.8695363862778334,12.849342021584862,0.8263888888888888,0.2370846769895626,36.78819444444444,0.12314651597592462,7.337571938341456,52.044055023860516,185,8.193821305876169,48,0.9136838430557367,0.0,27.025462962963008,1359,-224.08736162000002,13.17488225135115,36.0,25.893964936635484,5.75717854847393,15.162037037037038,7.215185940729064,235,0.029684134,83.91427612304688,0.06816041469573975,-44.98812377364547,131.8046450773875,1840,-0.04575444686192053,0.28072916666666664,0.0003,254.97255308363174,0.2
17.509115571482663,12.940500541939537,4.628278586527773,0.856676768005277,27.26851851851852,321408,0.4201575255936931,2.8805177872384644,12.756005958789833,0.8460648148148148,0.24312436634012272,36.90625,0.13004313597664158,7.3691619532384305,52.07627857958649,186,8.392560384252361,48,0.9229777715844839,0.0,27.611400462963015,1366,-225.07181436999997,13.450534605821002,36.0,26.01042744702447,5.7824513374026365,15.277777777777779,7.401755477353693,235,0.011224703,3866.282470703125,0.07570797204971313,-44.98697263929579,130.6269817352295,1850,-0.03184703830974522,0.0931712962962963,0.0003,7035.774900535301,0.2
17.488102721178883,13.126011246174803,4.968553252678344,0.8557635988461962,27.694444444444446,323136,0.4233246305508118,2.8912803005309935,12.85646803816505,0.8425925925925926,0.2491104521978367,36.86226851851852,0.12630541716416624,7.401003123333843,52.0750862948461,187,8.305005317011618,48,0.917455384761176,0.0,27.387152777777807,1373,-226.55673143,14.14009652481128,36.0,25.981996170204557,5.807671594205583,16.435185185185187,7.5655320259581345,235,0.032878794,247.52842712402344,0.06506747007369995,-44.95286889252839,139.52631109908776,1860,-0.04581763943726266,0.28958333333333336,0.0003,283.267911557798,0.2
17.48028665630215,13.303862032331828,5.014263188224785,0.8587649577904238,28.046296296296294,324864,0.4242017331790344,2.902101131055349,12.898804431827932,0.8171296296296297,0.25693200545159517,36.847800925925924,0.12176536164156306,7.432950134413413,52.09595067622209,188,8.32833220974206,48,0.9250031304512154,0.0,27.39438657407411,1380,-227.98650957000007,14.611759675881318,36.0,26.068009304684363,5.832872310846339,16.550925925925927,7.813634455324706,235,0.009790744,3904.42578125,0.05193781852722168,-44.97041609022352,128.1485973905634,1870,-0.023438120245312652,0.06620370370370371,0.0003,7721.300645616319,0.2
17.43480590921961,13.221948456895463,5.508743581068502,0.86067007545903,27.916666666666668,326592,0.41749212476652736,2.913317712438545,12.685618124442632,0.8634259259259259,0.25215467429751953,36.75231481481482,0.12905104250190663,7.4643641797245195,52.0994266945705,189,8.486632553278548,48,0.9208099282617516,0.0,28.01649305555552,1388,-228.48929442,14.850652401440795,36.0,26.13071435290882,5.857959325619388,18.171296296296294,7.639960363476831,235,0.037467513,86.6098403930664,0.04771310091018677,-44.9243369491012,140.2767901217496,1880,-0.04465382319737088,0.34270833333333334,0.0003,184.6552286501284,0.2
17.480065831347535,13.232969381914563,5.539875751665652,0.8550704068970086,27.89814814814815,328320,0.4192734251082254,2.9245053650389234,12.74673283271462,0.8489583333333334,0.2511019112199436,36.83449074074074,0.12739206019376464,7.495931011806306,52.035197611870764,190,8.475061040151239,48,0.9187230058016093,0.0,27.929687500000007,1395,-229.29409462000004,14.883928689374542,36.0,25.96298762271232,5.883159490197756,18.287037037037035,7.631083555794329,235,0.009349384,3501.921875,0.057090699672698975,-44.960746369538484,146.52608414314412,1890,-0.02091807684585176,0.07216435185185185,0.0003,6876.484326171875,0.2
17.42372562651722,13.140623754868665,5.642834374069738,0.8553032413791787,27.722222222222225,330048,0.4163630373229598,2.936094059946169,12.65976535755397,0.8420138888888888,0.2461484762055217,36.71238425925926,0.12311928700894237,7.527280425200191,52.06349505134631,191,8.635477962898209,48,0.9179494556622548,0.0,28.472222222222214,1402,-230.56494247999998,14.736711836431727,36.0,25.959027154275407,5.908218804264049,18.634259259259256,7.473253707493324,235,0.030016813,165.03134155273438,0.09337437152862549,-44.96207504272461,127.37530948939147,1900,-0.041572998331307814,0.2814814814814815,0.0003,236.60545032642506,0.2
17.600042730663873,13.123679288480313,5.6808975927148895,0.8603067399564948,27.703703703703706,331776,0.4254107463149049,2.947436954778358,12.92664479601717,0.8269675925925926,0.24689430498670376,37.088541666666664,0.12045040316053299,7.559297037190234,52.08794536740745,192,8.537157932875475,48,0.9141127524080764,0.0,28.096064814814778,1409,-233.01710308999998,14.767236753801715,36.0,26.120499990808685,5.9337189110907085,18.75,7.482659872606514,235,0.009775536,3591.52587890625,0.038444459438323975,-45.006446301495586,136.69080126903674,1910,-0.023734886704564646,0.06545138888888889,0.0003,6894.234461805556,0.2
17.483177869056142,13.220105907448724,6.4795840949892325,0.8585578147233767,27.90740740740741,333504,0.42298850353380585,2.9585744210236715,12.870524480492127,0.8420138888888888,0.24027535090665586,36.8287037037037,0.12169634180961997,7.5911733483914645,52.093985759616,193,8.454986498125386,48,0.9103907361673569,0.0,27.821180555555657,1417,-234.86179533000004,15.450867032220241,36.0,26.063722816370063,5.958926855763349,21.296296296296294,7.271177029782284,235,0.03167565,49.31222152709961,0.07242041826248169,-44.987092887030705,150.68288223566833,1920,-0.03670845923738347,0.2951388888888889,0.0003,165.78515543054652,0.2
17.460391822596872,13.18873929329161,6.483341036182736,0.8582094140788904,27.824074074074073,335232,0.42110081038447295,2.9700173293761547,12.787208831935814,0.8449074074074074,0.235674881277924,36.80960648148148,0.12448276279631215,7.622841370471304,52.04540513136883,194,8.577163340993193,48,0.9117861149294599,0.0,28.26244212962957,1424,-235.36578242999997,15.29967169588297,36.0,26.050910658983195,5.984077835319841,21.296296296296294,7.147591366408626,235,0.009687432,2488.156982421875,0.05720937252044678,-44.96981728165238,138.10968197893214,1930,-0.02622581233477427,0.07604166666666666,0.0003,5540.923696108218,0.2
17.46807776816907,13.01928706692439,6.442091036182737,0.8576328124096199,27.472222222222225,336960,0.4222791911972256,2.9814438150529194,12.828331285145152,0.8072916666666666,0.22775860095682385,36.810763888888886,0.11622723624963256,7.654612198684166,52.031759140177904,195,8.57059427070586,48,0.9132662511276176,0.0,28.197337962962976,1431,-236.34713544,14.847334668697115,36.0,26.02821002926358,6.009248029740264,21.180555555555557,6.90595656558999,235,0.024087563,166.68238830566406,0.07993727922439575,-44.97927754720052,146.84623259438408,1940,-0.0388436504225764,0.23778935185185185,0.0003,361.0499636614764,0.2
17.42777774522995,13.29513479706994,6.509790449132926,0.8547254845617441,28.046296296296294,338688,0.4227452945843548,2.992940103759052,12.85106973123343,0.8553240740740741,0.24050496151871478,36.71006944444444,0.12802689592854707,7.68643987301225,51.99462764038842,196,8.598515482453069,48,0.9163023542662379,0.0,28.327546296296326,1439,-237.50712027999995,15.578234421194542,36.0,25.943252382442015,6.0343174741033385,21.412037037037038,7.293309174991677,235,0.00882359,3317.50048828125,0.041218578815460205,-44.97840583236129,149.8513319404037,1950,-0.023918065038958082,0.05451388888888889,0.0003,7536.231559244791,0.2
17.441852190464104,12.99270544547771,6.290307645336813,0.855687210932638,27.425925925925924,340416,0.42332092215461337,3.00398489221058,12.860453071262851,0.8454861111111112,0.23589609315007667,36.767361111111114,0.12802607496318624,7.718291005690407,51.99353066917795,197,8.417915380611179,48,0.9198998012393836,0.0,27.7560763888889,1446,-238.51928761,14.901492833317514,36.0,25.96339112995995,6.0594221045794985,20.71759259259259,7.138479742502992,235,0.026450293,200.25054931640625,0.10590106248855591,-44.925776107222944,123.61174661318461,1960,-0.04241252454618613,0.23269675925925926,0.0003,410.4265979908131,0.2
17.56759909953802,13.19479418590893,6.001310544566156,0.8568216558040476,27.86111111111111,342144,0.42525082275052656,3.014998866848767,12.92926767633283,0.8368055555555556,0.2461250560755872,37.014467592592595,0.1233163319759948,7.750314174881239,52.03760304976556,198,8.405589855274732,48,0.9169621713715147,0.0,27.719907407407412,1453,-239.92318419999995,15.12346884655819,36.0,26.000260265982323,6.084841102328344,19.791666666666664,7.4473641160831034,235,0.008964233,4005.540771484375,0.05452835559844971,-44.94913356922291,129.4236353662279,1970,-0.023963224200566333,0.052083333333333336,0.0003,7717.132194010416,0.2
17.49835052094664,13.322334008541446,6.182637629316734,0.8617669437781393,28.13888888888889,343872,0.4243706707296409,3.026076699403487,12.902916970289482,0.8396990740740741,0.24688546498156275,36.883101851851855,0.12524888361754935,7.782271467306963,52.118413410943816,199,8.431133021888028,48,0.9181754437399775,0.0,27.79224537037033,1460,-241.32360366,15.45807476612191,36.0,26.15558209814994,6.110086978630711,20.37037037037037,7.47310312826373,235,0.03325611,258.8719177246094,0.0369335412979126,-44.95236754240813,161.80084123964662,1980,-0.03495813614378373,0.31550925925925927,0.0003,252.2398030033818,0.2
17.492846616267837,13.369708581142987,6.584978869649654,0.8592714703292396,28.23148148148148,345600,0.4230716769902665,3.0377751705348994,12.850199124548668,0.8524305555555556,0.2394852027003699,36.86805555555556,0.129065760640659,7.814096965118335,52.08625985970057,200,8.679388452565059,48,0.9211139689924477,0.0,28.602430555555575,1468,-242.50998795999993,15.681883817873443,36.0,26.08636639820808,6.13531909517138,21.64351851851852,7.247196367080801,235,0.008686668,3496.25,0.06644898653030396,-44.98283007586444,145.2201291260896,1990,-0.021054569255836583,0.057118055555555554,0.0003,6754.2572898582175,0.2
17.58895924166526,13.27594639640185,5.691808335668707,0.8590292151341323,28.027777777777775,347328,0.43078775528608754,3.0487362558020776,13.084657684017737,0.8697916666666666,0.25413089398645233,37.08101851851852,0.1367829540038504,7.846508609328379,52.06859799195734,201,8.384434106871334,48,0.9259877811574347,0.0,27.596932870370363,1475,-244.85122337999996,15.147422601062974,36.0,26.079834745051034,6.160791493275544,18.75,7.699667868992418,235,0.022852052,221.80984497070312,0.08553922176361084,-44.99133615846987,156.90079710925068,2000,-0.0388113507931983,0.23391203703703703,0.0003,335.68033130787035,0.2
17.620253595822273,13.38934900026682,5.830571228455121,0.8601588164132609,28.287037037037038,349056,0.4284066575532845,3.0602482779145,13.020855633439181,0.8530092592592593,0.2555611136516903,37.140625,0.12854760020352496,7.878760748411977,52.09143691590695,202,8.604808844968941,48,0.9182485145582958,0.0,28.378182870370367,1482,-246.7635902,15.42727822991234,36.0,26.116260528373417,6.1863421272651,19.212962962962962,7.727358001190399,235,0.009152646,3825.6904296875,0.08098101615905762,-45.03489218817817,162.7293904904966,2010,-0.02396491634900923,0.060474537037037035,0.0003,7859.3539822048615,0.2
17.50213393468913,13.24558270111452,6.8422306135327515,0.8577448201782687,27.944444444444446,350784,0.42487581819749254,3.071542420798851,12.9209033122955,0.8524305555555556,0.23297073514696984,36.873842592592595,0.1281157286573197,7.910763006692715,52.06176172680066,203,8.517657153740293,48,0.9208349666493884,0.0,28.05989583333332,1489,-247.01336816000003,15.637214462328409,36.0,26.053350421938433,6.211597462101823,22.569444444444446,7.069401147681138,235,0.039758936,234.3123016357422,0.11700457334518433,-45.02974696689182,155.67139279135952,2020,-0.04621330660043491,0.33761574074074074,0.0003,260.48752153184677,0.2
17.509672999751114,13.304076905731316,6.849400026729261,0.8536359930069106,28.083333333333332,352512,0.42552645278411705,3.0830429407239235,12.92471037058737,0.8547453703703703,0.23665113041622945,36.901620370370374,0.1258199132814315,7.942774782619184,51.965773572909335,204,8.600207970029013,48,0.9119765653569716,0.0,28.334780092592627,1497,-247.60998548999999,15.80765411523167,36.0,25.91194767005486,6.236871644601201,22.569444444444446,7.174177182771094,235,0.009716523,2498.349365234375,0.034082651138305664,-45.06827312045627,161.3167060746087,2030,-0.023452771541283085,0.06898148148148148,0.0003,5506.047715928819,0.2
17.48807951155597,13.398434973819326,6.6417544879062005,0.8595595633793741,28.259259259259256,354240,0.4229437965473062,3.094291855366008,12.849325335978222,0.8466435185185185,0.2455619704168952,36.83796296296296,0.12426055592530327,7.974598095959129,52.08638684583885,205,8.499565856833733,48,0.917818239265071,0.0,28.009259259259267,1504,-248.2322923,15.969561678937534,36.0,26.093666157865698,6.262091843380091,21.875,7.449372217212008,235,0.025457695,397.7892761230469,0.0915563702583313,-45.048179598207824,156.0858015678547,2040,-0.04717930637093054,0.24288194444444444,0.0003,442.05902811686195,0.2
17.497361408800597,13.381020146901882,6.456523581930544,0.8592814799945816,28.212962962962962,355968,0.4281035207585248,3.105430511502174,12.997114170938863,0.8391203703703703,0.2520938823996186,36.88194444444444,0.12468038652209458,8.006790881386475,52.12670908566985,206,8.455462454466458,48,0.9157680771507856,0.0,27.813946759259224,1511,-249.61546960999996,15.9693245413138,36.0,26.083628043051167,6.287335246902092,21.296296296296294,7.651780812481373,235,0.010162248,3185.480712890625,0.05256432294845581,-45.068890592787,154.31152222774648,2050,-0.027294519640229366,0.06643518518518518,0.0003,6226.690458622686,0.2
17.473256637029177,13.110219042002186,7.529406132832942,0.8616113979327921,27.666666666666668,357696,0.4293657659916628,3.116588246459047,13.043329428592871,0.8402777777777778,0.22997994618064413,36.81828703703704,0.1250683305994496,8.039099204957958,52.09539173000493,207,8.463093982749237,48,0.9168293429927267,0.0,27.907986111111068,1518,-251.45707896,16.099275604268172,36.0,26.16199437063462,6.312518388494665,25.0,6.979650429433044,235,0.030115351,185.88316345214844,0.07447099685668945,-45.03209925051089,177.5687760176482,2060,-0.04628590581662677,0.28350694444444446,0.0003,334.723134415238,0.2
17.426538319541443,12.979213795320845,7.084920896953496,0.8615312369797917,27.37962962962963,359424,0.4280906410145471,3.128214510130345,13.010241792279428,0.8483796296296297,0.22920286541358592,36.70659722222222,0.1265818161312204,8.071324809438657,52.116230812172695,208,8.650505468519182,48,0.924890652524703,0.0,28.40711805555561,1526,-252.37992376,15.499040644926302,36.0,26.14930068038434,6.337584734293518,23.37962962962963,6.95490595265196,235,0.00974764,3465.1240234375,0.08161944150924683,-45.04191546969943,148.6014104101393,2070,-0.025954468382729426,0.0660300925925926,0.0003,7000.845484302662,0.2
17.383057975633335,13.418806910227248,6.712154896352472,0.8638694564104709,28.296296296296294,361152,0.42603863306201206,3.1399274553276006,12.96252732888648,0.8466435185185185,0.255080861153539,36.63194444444444,0.1294463491797413,8.103431127760873,52.18596249205759,209,8.685178078902352,48,0.9231299789255181,0.0,28.638599537037045,1533,-252.97070734000002,16.369248735880518,36.0,26.23534504268807,6.362542379232601,22.222222222222225,7.758286929300798,235,0.03343371,269.8965148925781,0.044573426246643066,-44.99511609960486,192.0445480823517,2080,-0.042626985860988495,0.2939236111111111,0.0003,389.9946125736943,0.2
17.386439017952153,13.568740605488612,7.040124803852938,0.8641635426813324,28.63888888888889,362880,0.4277227846058289,3.151332956109954,12.992776858550995,0.8420138888888888,0.25774622718454315,36.654513888888886,0.12742179941641998,8.13561306990725,52.197259266452136,210,8.562200312941316,48,0.9105240705509343,0.0,28.22627314814811,1540,-254.17453658,16.910147754725422,36.0,26.233012839432092,6.387508476777482,23.263888888888886,7.821282345383874,235,0.011101317,3528.343994140625,0.09174984693527222,-44.98040269922327,171.00571991779185,2090,-0.029078567076336454,0.08773148148148148,0.0003,7172.359022352431,0.2
17.45221454260909,13.122198166669605,7.235771999634134,0.8624568968768583,27.685185185185187,364608,0.42767235425341843,3.16303908944011,13.005480483681543,0.8454861111111112,0.242705579394456,36.766782407407405,0.12898135404643127,8.167826771116454,52.072609717565776,211,8.682453332062348,48,0.9207357939259836,0.0,28.5951967592592,1547,-255.77820782000006,16.204644236872355,36.0,26.192729027679764,6.4126390131340045,23.84259259259259,7.366674070568618,235,0.03492742,416.80645751953125,0.09479355812072754,-44.983437856038414,174.4031188717595,2100,-0.043810924998036134,0.28935185185185186,0.0003,511.81089183666086,0.2
17.50141729688771,12.95403808079035,7.021055775312566,0.8637088005949215,27.314814814814813,366336,0.42827223634826955,3.1748899050091475,13.024736597008035,0.8506944444444444,0.23950307015001607,36.86516203703704,0.12836861688884552,8.200088612608974,52.09781515358213,212,8.740326227614952,48,0.9194235691858651,0.0,28.768807870370342,1554,-257.58604822,15.737102289785605,36.0,26.226887058444856,6.437892556376224,23.14814814814815,7.282008433682691,235,0.010339076,3486.921630859375,0.06449824571609497,-44.98872704682527,194.53318730813484,2110,-0.02665733871291633,0.07233796296296297,0.0003,7928.765729890047,0.2
17.357121392046672,13.045296327527424,7.489006380890179,0.8651158884898856,27.509259259259263,368064,0.4184138819914998,3.1867470327168066,12.707588132694186,0.8327546296296297,0.23492232207417804,36.57581018518518,0.1256828725723307,8.23155758294071,52.193098986100786,213,8.742851083063604,48,0.9165904230983009,0.0,28.776041666666714,1562,-256.8915849,16.152511931981643,36.0,26.261693187531915,6.4627853598563405,24.652777777777775,7.138209223564037,235,0.032957923,193.80422973632812,0.12558597326278687,-44.961020957099066,181.69560224391796,2120,-0.045587392992995406,0.2874421296296296,0.0003,379.21744723849827,0.2
17.336564206232342,13.13481605694597,7.636748723489831,0.8635660508164943,27.722222222222225,369792,0.4148044339444516,3.199143576511908,12.612049478654109,0.8072916666666666,0.23559411536507271,36.53414351851852,0.12237799571020708,8.262787706637345,52.169185256686006,214,8.95861751804044,48,0.9096139825995967,0.0,29.528356481481463,1569,-256.3537092,16.395432807077288,36.0,26.21502683866163,6.4876267703719215,25.23148148148148,7.143868026641488,235,0.011137729,3912.428955078125,0.053526341915130615,-44.988724602593315,186.05520072689762,2130,-0.02813851066554586,0.07887731481481482,0.0003,7099.426419632523,0.2
17.335589540238754,13.492892007871498,7.698983727883712,0.8618780976585816,28.444444444444443,371520,0.4162457003038185,3.210918359075645,12.654710152612353,0.8478009259259259,0.24588479284508966,36.520254629629626,0.13052769275451734,8.294124482018876,52.162282162444036,215,8.709913025494979,48,0.9155311649924668,0.0,28.696469907407366,1576,-256.57050464,17.13926170678772,36.0,26.163543077246732,6.512465744222518,25.347222222222225,7.467385971032513,235,0.0390847,361.25067138671875,0.0779302716255188,-44.97667773211444,194.41110406804967,2140,-0.03965313739177805,0.32743055555555556,0.0003,342.5070701316551,0.2
17.342649251741836,13.2122461720667,7.927774390270051,0.8607688152122429,27.89814814814815,373248,0.4202511965591925,3.222492200234619,12.782786948079712,0.8703703703703703,0.2305621839142101,36.54398148148148,0.1335806571976956,8.325781449389076,52.16424337894819,216,8.629536463589544,48,0.926123383377083,0.0,28.472222222222218,1583,-258.06714094,16.599070549839503,36.0,26.132770703031778,6.537322367351873,26.15740740740741,6.979049987502751,235,0.011480536,2433.413330078125,0.053244948387145996,-44.98202824062771,180.7608304094385,2150,-0.028785384706807908,0.0842013888888889,0.0003,5387.565814887153,0.2
17.418945771920118,13.190832262143829,8.045757973294664,0.8567303779246953,27.824074074074076,374976,0.42754674887411953,3.233977115306127,12.983397071711186,0.8391203703703703,0.2293854436562817,36.729745370370374,0.12757581391180794,8.357939942068354,52.106899750184105,217,8.593966028603313,48,0.9153286022118058,0.0,28.269675925925952,1591,-260.81773127,16.66670071983598,36.0,26.006915245088404,6.562369731781673,26.50462962962963,6.950110484397484,235,0.020342298,232.2531280517578,0.05733215808868408,-44.99047482808431,216.532717261491,2160,-0.03536546390538138,0.19872685185185185,0.0003,516.5070524992766,0.2
17.3889797808905,13.425712896698771,7.8386107221972905,0.8648391986780414,28.37037037037037,376704,0.4199949386235796,3.2458274623401397,12.775577014273763,0.8321759259259259,0.24990042911922447,36.626157407407405,0.12659783047461848,8.389578884604038,52.209392117996764,218,8.740138813605066,48,0.9129537046797912,0.0,28.82667824074079,1598,-262.48464366,17.301903755381524,36.0,26.26525559336225,6.5873421812338995,25.925925925925924,7.557580136485463,235,0.009978412,4084.57666015625,0.056444644927978516,-45.03144067834925,196.8452967290525,2170,-0.025302373276402553,0.06302083333333333,0.0003,8202.460067635995,0.2
17.46390894161402,12.969257915726331,7.059834605292053,0.8610143786611099,27.388888888888886,378432,0.42604950522442564,3.2578586235867735,12.958179605735124,0.8391203703703703,0.23879760683064663,36.7962962962963,0.13068349034451537,8.421674333618377,52.145556384478006,219,8.81246449865347,48,0.9248503048013762,0.0,29.043692129629605,1605,-263.76269198,15.749238389752579,36.0,26.147974722571224,6.612501953587935,23.37962962962963,7.240145868734195,235,0.029380433,392.2812805175781,0.08199858665466309,-45.045708112363464,198.16988849463286,2180,-0.039334228621036915,0.2589699074074074,0.0003,483.99921343768085,0.2
17.424314772885094,13.096894123361364,7.884352098570843,0.8615695418429968,27.62962962962963,380160,0.4197310377584331,3.269569890544086,12.748027060581036,0.8645833333333334,0.2301773046511367,36.729166666666664,0.12919766241429192,8.45324440126983,52.18190216839222,220,8.684506782925132,48,0.911262109432721,0.0,28.587962962962926,1612,-264.83857211000003,16.444653860163164,36.0,26.170225050234,6.637562740520147,25.925925925925927,6.9834076382309584,235,0.009694565,3317.283935546875,0.02661806344985962,-45.008372963799374,229.1671909014384,2190,-0.026274902393386045,0.06070601851851852,0.0003,7533.538337311921,0.2
17.437405387865745,13.032465875468352,6.7991129804596016,0.8615570619805725,27.509259259259256,381888,0.4229830441096263,3.2815720941427258,12.841568006029954,0.8148148148148148,0.2410784523574471,36.73726851851852,0.12461971919120748,8.485048321284905,52.20440763725903,221,8.800881439455788,48,0.9263927396482371,0.0,28.93518518518515,1620,-265.66055098,15.6215130849225,36.0,26.164423793686463,6.6626562539898115,22.453703703703706,7.309934228994546,235,0.02632982,372.8285827636719,0.06530094146728516,-45.04428767451534,188.77915586718805,2200,-0.03767278001609224,0.24716435185185184,0.0003,496.8205276489258,0.2
17.41798612281735,13.114030706001067,6.537684155292183,0.8639432838057988,27.65740740740741,383616,0.42141606962001676,3.293339353390128,12.811177293430733,0.8640046296296297,0.25486585548112023,36.699074074074076,0.13232760846728445,8.516776264518482,52.20427246991304,222,8.706903698960767,48,0.924051947579587,0.0,28.71817129629635,1627,-266.65231933,15.871651651320962,36.0,26.25034681870557,6.687701219296855,21.527777777777775,7.739936790027713,235,0.012286662,3506.71875,0.02370351552963257,-45.030785101431384,231.28618543059738,2210,-0.03148148954432044,0.09780092592592593,0.0003,6759.782984302662,0.2
17.442894360835933,12.832091714226431,6.455802394198546,0.864001624542729,27.046296296296294,385344,0.4241803122731494,3.3051646151659986,12.901031567698084,0.8616898148148148,0.2429346627921015,36.760416666666664,0.13049772403074572,8.548728843437727,52.20135622004335,223,8.730104710348305,48,0.9145459004750537,0.0,28.833912037037003,1634,-268.6265898,15.15842375839605,36.0,26.252955308409494,6.712808455198945,21.412037037037038,7.390529649971074,235,0.027291294,242.05438232421875,0.10430902242660522,-44.990600204467775,238.24062960589373,2220,-0.04039814984253435,0.27685185185185185,0.0003,347.6516682377568,0.2
17.4767020972084,12.872719802687108,7.468765340840638,0.8654182651743382,27.12037037037037,387072,0.4272634840225501,3.3170440003159407,12.988815692157255,0.8466435185185185,0.23166898334349748,36.826967592592595,0.12874227117977735,8.58090088266812,52.212918575950845,224,8.751754059976914,48,0.9213131442614854,0.0,28.819444444444457,1642,-270.72559731,15.879165499646582,36.0,26.295956701275163,6.7380002104419665,24.652777777777782,7.057680356118837,235,0.01238743,2794.013916015625,0.08889275789260864,-44.99432039614077,198.36270765551814,2230,-0.03130353919437362,0.09583333333333334,0.0003,5856.603831199363,0.2
17.36962887692233,12.85754574859238,7.315844264310933,0.8676572350194777,27.10185185185185,388800,0.41842160069428946,3.3288262042435526,12.714966340487903,0.8599537037037037,0.23635519185062678,36.611111111111114,0.13309017504889778,8.61238829851934,52.21254012573374,225,8.712881571044747,48,0.9250556557560214,0.0,28.7109375,1649,-270.18366503,15.835666758713254,36.0,26.360349668105783,6.762924282634272,24.074074074074076,7.182276745809943,235,0.03714371,288.8567199707031,0.14809167385101318,-44.984828765304,235.24482650403624,2240,-0.03937507853670805,0.31145833333333334,0.0003,386.1098336678964,0.2
17.35334189297503,13.01895542561324,6.525193555989439,0.8658303925219745,27.490740740740737,390528,0.413221926424345,3.34046749251871,12.556540986874756,0.8518518518518519,0.24727452958710336,36.58101851851852,0.1274016267367024,8.643479650986526,52.186705394209355,226,8.656515310062968,48,0.9151171751139244,0.0,28.515625000000085,1656,-269.07490658,15.524818804580505,36.0,26.306613552129008,6.78780763736671,21.64351851851852,7.500669822977827,235,0.010323341,3000.241943359375,0.08063989877700806,-44.98558393407751,217.62610974841647,2250,-0.026168024484758023,0.06903935185185185,0.0003,6604.547158926504,0.2
17.41866827422581,13.232476504444753,6.269814968850163,0.8662068762368554,27.935185185185187,392256,0.4208425693417205,3.3519977987890095,12.80978318538908,0.8674768518518519,0.26086657237321204,36.69965277777778,0.1355303857125727,8.675204108949998,52.23446330453601,227,8.61212250811982,48,0.9127030485238454,0.0,28.399884259259256,1663,-270.12352661000006,15.890690244130155,36.0,26.30296142519225,6.812854308052274,20.60185185185185,7.908398770835241,235,0.030480249,184.09742736816406,0.11235713958740234,-45.00109406930429,204.44687418231257,2260,-0.04103075315554937,0.26209490740740743,0.0003,509.8666637279369,0.2
17.436669899358336,13.018443212969574,7.036670770409735,0.863704417484873,27.462962962962962,393984,0.41989299616853326,3.363685772085544,12.777486085151102,0.8443287037037037,0.24170811014433516,36.7349537037037,0.1302934721472238,8.706847824162876,52.19182811858352,228,8.675189318613826,48,0.9242509238331885,0.0,28.609664351851897,1670,-272.34888608,15.86273268415154,36.0,26.22941835543061,6.83794598280067,23.14814814814815,7.3276187007722315,235,0.010095965,2874.197021484375,0.06541627645492554,-45.03692342970106,212.61876563142846,2270,-0.026853795453078217,0.07644675925925926,0.0003,6313.777454065394,0.2
17.35508714866447,12.639425967041902,7.262390815967577,0.8643667878896957,26.685185185185187,395712,0.4236016311505053,3.3754058976055465,12.868882032644578,0.8559027777777778,0.22533628817733872,36.5619212962963,0.13252313056463216,8.738720029244488,52.12752709051062,229,8.688050208000904,48,0.9154070770086923,0.0,28.55902777777771,1678,-274.05860565999996,15.202066963136074,36.0,26.25651141944922,6.862833700672331,23.958333333333332,6.820250180126595,235,0.028474841,199.76515197753906,0.10114902257919312,-45.005655938607674,270.79281572765774,2280,-0.04028649857543685,0.2836226851851852,0.0003,381.4204153555411,0.2
17.400541599204452,12.315224991798466,7.000466557214281,0.8658956982127607,26.009259259259256,397440,0.4215562399498285,3.3877389334392,12.808462435623236,0.8709490740740741,0.2198651116560182,36.661458333333336,0.13850624657158447,8.770441185333546,52.22843197369132,230,8.933214333461283,48,0.9274796206992932,0.0,29.42708333333331,1685,-275.47613681000007,14.456823908938327,36.0,26.299137628606214,6.887835054670342,23.14814814814815,6.661132359925581,235,0.011627885,2537.0732421875,0.03022444248199463,-45.03813175625271,214.29580025849518,2290,-0.02677598509730564,0.08269675925925926,0.0003,5571.855589916088,0.2
17.400700121725972,12.320359259909926,7.158771026751073,0.8668388900845377,25.98148148148148,399168,0.4262693255218576,3.399339032437488,12.970959858314716,0.8153935185185185,0.21901927458432166,36.6556712962963,0.12215565452507932,8.802568584979333,52.2339247214752,231,8.640039599315378,48,0.9123573378809022,0.0,28.421585648148138,1692,-277.62301821,14.606087622831424,36.0,26.345330001943164,6.912836804974657,23.49537037037037,6.646957336170424,235,0.030115198,365.09002685546875,0.10338366031646729,-44.98322185940213,270.3038843119586,2300,-0.04416000324611862,0.27262731481481484,0.0003,557.3834906684028,0.2
17.23409156767173,12.250650093779486,6.75237675302153,0.861519165088288,25.824074074074076,400896,0.41708117674440154,3.411197748915389,12.688830735005775,0.8304398148148148,0.21953994897853676,36.30613425925926,0.13009259107164106,8.833990661816848,52.1992104677476,232,8.743486591160313,48,0.9132863469799138,0.0,28.81221064814815,1699,-276.86055304,14.1496053618494,36.0,26.185635122435514,6.937422033893837,22.10648148148148,6.666578515048383,235,0.010018673,4078.054443359375,0.0617179274559021,-44.99392467074924,257.48256127039593,2310,-0.026351383245653576,0.0681712962962963,0.0003,7995.762250434028,0.2
17.25816216012775,12.152698737444501,5.723268972233805,0.8616300083283831,25.657407407407405,402624,0.42035116112388693,3.423167275943865,12.784480924775492,0.8645833333333334,0.23170796882791642,36.367476851851855,0.1354436092859,8.865651864128788,52.22662477045233,233,8.787810811390413,48,0.9162361920212982,0.0,28.935185185185205,1707,-277.08744556,13.390816685963912,36.0,26.183309341470306,6.962067439294156,18.86574074074074,7.034848976285606,235,0.025147164,546.7454833984375,0.08988785743713379,-44.95670013427734,256.9399672826131,2320,-0.04351553459720755,0.24212962962962964,0.0003,794.038010208695,0.2
17.40928028578088,12.17113154815255,5.388774896037742,0.8656951866336772,25.722222222222225,404352,0.4234924512002164,3.434988161624585,12.867963053199729,0.8553240740740741,0.2506519513781063,36.689236111111114,0.13633445959439588,8.897521771761786,52.25657759691902,234,8.728354272287964,48,0.9201614355386797,0.0,28.739872685185155,1714,-279.68336457999993,13.623585578314726,36.0,26.303104797283098,6.987090640008608,17.824074074074076,7.583679134124434,235,0.012827867,3674.31689453125,0.06473654508590698,-44.962373111866135,248.214434365873,2330,-0.03124526196366383,0.0990162037037037,0.0003,8048.362903284144,0.2
17.404242329494377,12.668919866677454,5.643487013308401,0.8672955274488933,26.73148148148148,406080,0.42968276693688634,3.4465203968100964,13.078540569937472,0.8506944444444444,0.2588262112864727,36.65393518518518,0.1282888930313554,8.92991812318663,52.228385189525135,235,8.612894074204483,48,0.9155773665462422,0.0,28.421585648148135,1721,-282.44005209000005,14.666622869580586,36.0,26.352253369064304,7.012101245832344,18.634259259259256,7.874215989594731,235,0.03168251,237.37657165527344,0.14396941661834717,-44.94515734072085,255.94216015427202,2340,-0.037144183837463735,0.30225694444444445,0.0003,477.69551951090494,0.2
17.297708570030327,12.356788413323846,6.288615438964539,0.8677287670775432,26.06481481481482,407808,0.4230862716264537,3.4581383347624812,12.874910393719029,0.8570601851851852,0.2346705897918293,36.453125,0.13321144365263715,8.961805399170927,52.19442100807913,236,8.647175180954012,48,0.9105763781850642,0.0,28.58072916666667,1728,-283.09981081,14.249759492672222,36.0,26.36939376287552,7.03684551725742,20.71759259259259,7.124355640383837,235,0.010326607,3636.623779296875,0.047522783279418945,-44.979843351576065,250.39350714506926,2350,-0.02627887575438729,0.07696759259259259,0.0003,7424.087308304398,0.2
17.204122941427624,12.431718234306539,7.341394373801094,0.8673052529737175,26.222222222222225,409536,0.42127127459279456,3.46960186737286,12.799523456288275,0.8871527777777778,0.23924935775704,36.2505787037037,0.13882304355625938,8.993504207811648,52.219409696142456,237,8.585413044151641,48,0.9172072060951921,0.0,28.29861111111106,1736,-281.74154904999995,15.496996050241112,36.0,26.343955972855753,7.061355824610988,24.074074074074076,7.2438834421334795,235,0.026391733,541.028564453125,0.0861746072769165,-45.00097464102286,232.81100390928762,2360,-0.03842181628225026,0.24004629629629629,0.0003,847.9283953631366,0.2
17.406896081375912,12.524268018748609,7.080686061222942,0.8655901044622579,26.453703703703706,411264,0.4237417576366042,3.481743536087221,12.88840564354397,0.8356481481481481,0.23222644577054108,36.6869212962963,0.1276028925315556,9.025425221920509,52.1678322081558,238,8.856667485744461,48,0.9148484715227201,0.0,29.1811342592593,1743,-283.89886305999994,15.095057202490382,36.0,26.29686609874197,7.086373064814428,23.26388888888889,7.0101031225188315,235,0.010882283,3935.962646484375,0.038684189319610596,-44.9976998647054,220.44278818413062,2370,-0.026905352187653383,0.07233796296296297,0.0003,7912.531165002893,0.2
17.34204101751963,12.496638791675272,5.491768347462245,0.8628429134299967,26.38888888888889,412992,0.4192842617685036,3.4934407369640237,12.770220289493942,0.8373842592592593,0.24707804226060484,36.51909722222222,0.12912488458089047,9.057050772644244,52.15780561209427,239,8.678880350721114,48,0.9157662248331349,0.0,28.60966435185189,1750,-285.26905001,13.95895422817015,36.0,26.207065726150535,7.1112281673582265,18.171296296296294,7.490547089032632,235,0.042233724,534.4856567382812,0.09563261270523071,-44.98704148751718,260.07184783352744,2380,-0.039206729618901454,0.3285300925925926,0.0003,553.8556363706235,0.2
17.279062807167065,12.572939082283815,5.655638699181746,0.8614523137497266,26.537037037037038,414720,0.41398303886851473,3.5054852683620688,12.613264504216248,0.8414351851851852,0.24673467945910096,36.40625,0.13284236043154238,9.088283933904785,52.151237988931435,240,8.817812559218021,48,0.9171137157057286,0.0,29.108796296296426,1757,-284.51620154,14.194573201289753,36.0,26.16749643547593,7.1359258243761445,18.75,7.485995419824192,235,0.0116828345,2944.9033203125,0.05336791276931763,-44.95440776966236,245.71873285682113,2390,-0.032376436302783314,0.08952546296296296,0.0003,5984.60267650463,0.2
17.382386736078328,12.563400519933067,6.020904762488045,0.8647725776523137,26.527777777777775,416448,0.4210910235218781,3.517539731756227,12.799017783594946,0.8559027777777778,0.2464134071508934,36.6244212962963,0.136582383000655,9.119981478363773,52.21838689114181,241,8.82178535766329,48,0.9182028877301431,0.0,29.000289351851915,1764,-286.11029654999993,14.541821899576577,36.0,26.27404850881412,7.16088179121634,20.02314814814815,7.477516617155466,235,0.025367431,556.0392456054688,0.05821371078491211,-44.92696755020707,296.77254785431757,2400,-0.03717866982505829,0.22233796296296296,0.0003,715.1926547580296,0.2
17.318573421516593,12.449667751733656,6.520378057625327,0.864723815490917,26.26851851851852,418176,0.41909059748861605,3.5296631401707286,12.726391280217916,0.8622685185185185,0.23770925234030327,36.49768518518518,0.13363094611160456,9.151497456564318,52.25351097292753,242,8.849363365800748,48,0.9273495345032594,0.0,29.144965277777786,1772,-287.93277134999994,14.657092494494437,36.0,26.263806206458593,7.185678224770132,21.527777777777782,7.207046685135455,235,0.010890811,4466.91162109375,0.07684135437011719,-44.9760844901756,325.9926199807061,2410,-0.027150984791417917,0.0791087962962963,0.0003,8415.895144314236,0.2
17.31508626394056,12.73921325893172,7.4078574739895915,0.8690211902736652,26.916666666666668,419904,0.4185185700980939,3.5420169755070803,12.73439727603546,0.8506944444444444,0.24042671231242116,36.476851851851855,0.13204317817041672,9.183033449754406,52.34147408889657,243,8.941534134540715,48,0.9137939952140476,0.0,29.477719907407383,1779,-288.87041029000005,15.905880622788798,36.0,26.382960516698063,7.210465940429983,24.537037037037038,7.278809889867488,235,0.027607517,332.23681640625,0.0944439172744751,-44.98167002642596,293.0338039044981,2420,-0.039711508893028456,0.2503472222222222,0.0003,646.8477895100912,0.2
17.393298012104747,12.594176538492874,7.25498720980825,0.8705539182139429,26.574074074074076,421632,0.4220566432803678,3.554093239369563,12.830610601627967,0.8258101851851852,0.23686576884699498,36.65277777777778,0.12788523293479961,9.214809976258476,52.34800523401258,244,8.830505544992997,48,0.9097480431406175,0.0,29.094328703703766,1786,-291.36120283,15.518320238651066,36.0,26.432042914700418,7.2354491854602445,23.958333333333332,7.189156490349942,236,0.011962085,3858.424560546875,0.09530961513519287,-44.99758706269441,294.52646400310374,2430,-0.02740362445409927,0.08587962962962963,0.0003,7684.881852213542,0.2
17.341754040026654,12.36690980752308,7.89068584492527,0.8644215890052876,26.092592592592595,423360,0.4243168076069386,3.5660846421455745,12.897126464336417,0.8350694444444444,0.22020863839803287,36.5462962962963,0.12747229908949476,9.246752792419317,52.19404357409271,245,8.796561110404737,48,0.9085942868288027,0.0,29.000289351851947,1793,-293.2337564,15.439998062101225,36.0,26.249624965149533,7.260303570560311,26.15740740740741,6.702402409652876,236,0.034833163,270.105224609375,0.12848824262619019,-44.976068298904984,311.72770465215046,2440,-0.037637793239102595,0.284375,0.0003,512.4763871934679,0.2
17.38683940510254,12.761737867537823,8.431105688786388,0.8697135066901881,26.944444444444443,425088,0.42205475014135035,3.578599728870206,12.853121886874817,0.8402777777777778,0.22796387392500153,36.61863425925926,0.12742297494260627,9.278585597136503,52.36366446137884,246,9.006034689852656,48,0.9162705468869831,0.0,29.709201388888957,1801,-294.48837217999994,16.59992333063597,36.0,26.387017286565058,7.285270669073068,28.009259259259256,6.92707977431176,236,0.01108334,2919.4521484375,0.05365443229675293,-45.01143569946289,255.11302350185537,2450,-0.02936751981507297,0.08153935185185185,0.0003,6492.3771484375,0.2
17.29053852380534,12.732525648356583,7.7387459538871655,0.8642943643083473,26.85185185185185,426816,0.4187729681371486,3.590846711222739,12.728525687942929,0.8258101851851852,0.2312489890978927,36.435763888888886,0.13126770303564225,9.31010691135636,52.200245168664175,247,8.898792941013058,48,0.9154147200521621,0.0,29.29687500000006,1808,-294.62349846,16.00260268783865,36.0,26.24407609626805,7.3099970153825815,25.694444444444446,7.051331085594902,236,0.02683555,409.3700866699219,0.0664106011390686,-44.97109666047273,320.91479336420696,2460,-0.03984956270325239,0.2513888888888889,0.0003,656.5610107421875,0.2
17.379094951810742,12.858377163039558,8.057349368992107,0.8679806646774729,27.13888888888889,428544,0.4211491534025593,3.6029719876473365,12.809794278816035,0.8344907407407407,0.2383008215432343,36.62731481481482,0.12738729141519523,9.3418313970534,52.23663650040424,248,8.850110569838959,48,0.9141873639844691,0.0,29.20283564814825,1815,-295.31637656,16.640628307059558,36.0,26.357138636405832,7.334944752762109,26.736111111111114,7.244901775027894,236,0.011888366,2699.428955078125,0.09535974264144897,-45.01646118164062,313.4269623049983,2470,-0.025013111085044566,0.09380787037037037,0.0003,5324.368343098959,0.2
17.33462344098613,12.9006337596386,8.561813457084535,0.8681242008378276,27.222222222222218,430272,0.4189445439399271,3.615117383554007,12.753691264576693,0.8425925925925926,0.22929798365196283,36.50578703703704,0.1295424968300141,9.373415625214843,52.25383899907391,249,8.85815836266819,48,0.9118059963115863,0.0,29.21730324074072,1822,-296.31493198,16.89880274178107,36.0,26.346792841121523,7.359781311364574,28.240740740740744,6.956355525057933,236,0.028345145,260.4571228027344,0.18169206380844116,-45.007057204069916,347.17872071795995,2480,-0.038471456948253845,0.2581597222222222,0.0003,380.4386474044235,0.2
17.354142518538886,12.75289423268663,8.623499738765789,0.8690007863887651,26.90740740740741,432000,0.420069512328523,3.627280397790348,12.783726098134402,0.8136574074074074,0.22166899176077992,36.576388888888886,0.12398937343408327,9.40507494046018,52.25899853704764,250,8.86520569453654,48,0.9176683188814361,0.0,29.333043981481456,1829,-297.39306861,16.57116272758983,36.0,26.379567919340957,7.384666667660921,28.35648148148148,6.71476875613741,236,0.01265921,2908.694580078125,0.05378842353820801,-44.96077099552861,285.92390355004204,2490,-0.03482209618927704,0.10966435185185185,0.0003,5504.213878942419,0.2
17.32301466259061,12.797966544664972,9.848295621260725,0.8709088961333088,26.962962962962962,433728,0.41679150656000424,3.6401811926296923,12.66989892337672,0.8645833333333334,0.2203080095163464,36.510416666666664,0.134177326667861,9.436449687768622,52.34147225216694,251,9.16031793573766,48,0.9176185704120505,0.0,30.186631944444485,1837,-298.6650794899999,17.837653459378956,36.0,26.440933965735727,7.409474204317398,32.407407407407405,6.711391293453258,236,0.026141103,474.1039123535156,0.12130945920944214,-44.9666884386981,374.5260834481981,2500,-0.03944551228476619,0.23958333333333334,0.0003,656.6269689489294,0.2
17.420827300800205,12.747979388692988,10.408591620759035,0.8705993772557142,26.88888888888889,435456,0.4157546724098242,3.6534740078209813,12.654368267384456,0.8692129629629629,0.21441433503044674,36.69328703703704,0.13354902477137146,9.467785608437083,52.237426703719336,252,9.317126076515654,48,0.914434421340114,0.0,30.69299768518519,1844,-300.24953992999997,18.147616146354775,36.0,26.422836105860952,7.434526272569398,34.25925925925926,6.5110451369027516,236,0.011938275,3290.412109375,0.07090914249420166,-45.03388303120931,299.2139700218483,2510,-0.027047315138150698,0.09496527777777777,0.0003,7537.405400028935,0.2
17.419958620302847,12.547021681488047,9.499774704480936,0.8768158850025185,26.462962962962962,437184,0.42088361017186277,3.6660873168333077,12.793104667886533,0.8240740740740741,0.21804827648043137,36.70023148148148,0.12557469166409815,9.499468370106799,52.40548599718335,253,9.045323604930498,48,0.9145099169835371,0.0,29.78877314814819,1851,-302.24160679,17.15077032126463,36.0,26.608756744643486,7.459576169120155,31.25,6.6239739352956475,236,0.032075625,351.4393005371094,0.17139774560928345,-45.03853471544054,310.83735121267813,2520,-0.04068119725626376,0.2771412037037037,0.0003,615.7916250158239,0.2
17.427469882836196,12.577022244895787,9.57927523332445,0.8776985081062731,26.5,438912,0.4180852239205218,3.6789444869139523,12.722168714022962,0.8651620370370371,0.22118448083098174,36.708333333333336,0.135127876323532,9.530973791891856,52.31926080127024,254,9.142868032257832,48,0.916959609789209,0.0,30.063657407407376,1858,-303.84131691,17.3937301711223,36.0,26.664634857875626,7.484644843827246,31.597222222222218,6.757432692902065,236,0.011546809,3753.660888671875,0.09197622537612915,-45.0705862681071,331.8788627412584,2530,-0.027928386476856693,0.08871527777777778,0.0003,7555.062451171875,0.2
17.51365918263605,12.765343988895756,9.222050183943606,0.8719832783384556,26.935185185185187,440640,0.4223915169292809,3.6914669794355572,12.828777345799118,0.8831018518518519,0.23179804106739785,36.921875,0.1372445093788943,9.562745735256355,52.25725917065716,255,9.008997008641943,48,0.9200914378808465,0.0,29.687499999999993,1866,-305.03855374,17.500930525960488,36.0,26.466268038000127,7.509928991783836,30.324074074074076,7.033536353121126,236,0.02501473,285.7019348144531,0.17450350522994995,-45.0507465645119,313.8587340990702,2540,-0.04024053651977468,0.23136574074074073,0.0003,733.7172987761321,0.2
17.54534149395337,13.008041212629633,9.785701400259548,0.8730237996792755,27.425925925925924,442368,0.42711789243982434,3.704282067217701,12.995458431310547,0.8460648148148148,0.22912595602164887,36.964699074074076,0.12919651031332954,9.594934381334632,52.260246824294335,256,9.126035112857508,48,0.9157805347932935,0.0,30.03472222222222,1873,-308.48239465,18.24227011009198,36.0,26.522574387591302,7.5352923455187195,32.291666666666664,6.9685274972028,236,0.015965862,3444.600341796875,0.09809184074401855,-45.10689667595757,317.4717183254383,2550,-0.03207182208145106,0.13842592592592592,0.0003,6733.556995081019,0.2
17.509914566699226,13.039218512881078,9.376483155581926,0.8761628749809991,27.472222222222225,444096,0.4277959735362267,3.717216120021891,13.001585004858468,0.8408564814814815,0.23965795157412695,36.898726851851855,0.12957727261725285,9.627138343846777,52.53652750353054,257,9.173621121676131,48,0.9208588857143666,0.0,30.26620370370362,1880,-310.93925846999997,18.203068919162195,36.0,26.62396925791086,7.560567131935468,30.902777777777782,7.307367250699191,236,0.039549533,489.34844970703125,0.21026694774627686,-45.11084122834382,373.19232109917533,2560,-0.041265436422286764,0.34756944444444443,0.0003,516.8281340422453,0.2
17.46659609443355,13.107105514463653,9.548151676636438,0.8765008097302722,27.638888888888886,445824,0.4270771600204483,3.7299406581663592,12.974020079489039,0.8472222222222222,0.23756048011974107,36.80671296296296,0.1271228704847251,9.6592733940455,52.40081064432084,258,9.089815257787171,48,0.9174867029118817,0.0,29.91898148148145,1887,-311.31536848,18.365477166164975,36.0,26.628539233983798,7.585733622171552,31.481481481481477,7.230219975064884,236,0.011615666,2974.315673828125,0.09070640802383423,-45.1269349416097,349.42094152238633,2570,-0.02908487895986548,0.09108796296296297,0.0003,6065.080271629051,0.2
17.574189929327574,13.185846462770309,9.922849997881476,0.876199154547344,27.796296296296294,447552,0.4268708006031981,3.743214940850345,12.982469495330728,0.8431712962962963,0.23617105857374807,37.032986111111114,0.12462909933656209,9.691429567783826,52.34710803323221,259,9.309713073594295,48,0.9170967487185459,0.0,30.671296296296287,1894,-312.95435545,18.77669218636551,36.0,26.633135163105077,7.611169096994871,32.63888888888889,7.1879957257137255,236,0.026013521,1118.69677734375,0.03196483850479126,-45.12244733174642,393.4213120849044,2580,-0.03844995382414372,0.2177662037037037,0.0003,1170.148281069155,0.2
17.579934786567673,13.1764615786756,9.995969912657907,0.8753778182877542,27.796296296296294,449280,0.42780169353080655,3.7560087828025495,13.015570769122531,0.8605324074074074,0.23412034342688004,37.041666666666664,0.1255934746137335,9.723668494706633,52.32853644065158,260,9.117536780881915,48,0.9152402570800778,0.0,30.020254629629523,1902,-314.59388917,18.774505284994426,36.0,26.60113185726591,7.63661893396129,32.870370370370374,7.122073793660918,236,0.010693442,3832.66015625,0.06880736351013184,-45.16965597647208,368.04029631084865,2590,-0.028562345735176846,0.08153935185185185,0.0003,8340.887622974536,0.2
17.577948918132027,13.375328527019095,9.172553242612954,0.880884697135128,28.203703703703706,451008,0.42815294548543115,3.768969641078889,12.999638461011008,0.8472222222222222,0.24882814191448765,37.039351851851855,0.12436374381367121,9.755867590859161,52.47174060803594,261,9.184343310535832,48,0.9153853400797131,0.0,30.201099537037,1909,-316.05287479000003,18.598121992617525,36.0,26.769286014499812,7.66206380625662,30.208333333333332,7.5702402229854755,236,0.032103773,301.1755676269531,0.08575505018234253,-45.13578258090549,384.1559216040152,2600,-0.04202607443418216,0.2634837962962963,0.0003,807.3670247395834,0.2
17.579033731697713,13.283632753813654,9.026604085130026,0.8789027679615214,28.046296296296294,452736,0.4223162939246269,3.7820535912598006,12.847692640537742,0.8813657407407407,0.24825295054335184,37.04108796296296,0.1303771377657988,9.787686822460506,52.44420057714549,262,9.233580072364694,48,0.9251624494486352,0.0,30.44704861111104,1916,-316.27275684000006,18.318109712296312,36.0,26.699219471550816,7.687511390585865,29.74537037037037,7.5278728733526314,236,0.012016611,3739.616943359375,0.0735023021697998,-45.184852571840636,409.22102944056195,2610,-0.027887148389385805,0.09207175925925926,0.0003,7503.939105902778,0.2
17.501740696815997,13.004513952885508,8.769680776223174,0.8788197037434177,27.48148148148148,454464,0.4300001196286832,3.7943905486299165,13.073281604876007,0.8483796296296297,0.24148436133459336,36.8755787037037,0.12544130171170895,9.820070026472695,52.41724682986321,263,8.934782948046415,48,0.920124229819166,0.0,29.39814814814818,1923,-316.83862149000004,17.557510338697853,36.0,26.684940324361246,7.712765742327905,28.935185185185187,7.303315609589169,236,0.028929753,289.971435546875,0.06123703718185425,-45.19280351709436,402.3755586694788,2620,-0.042384972554390075,0.25862268518518516,0.0003,734.1335663972078,0.2
17.59830098584378,13.002885330902169,8.363180728794875,0.8813841834122972,27.416666666666668,456192,0.4328605653075679,3.8071470725038457,13.14674857896919,0.8292824074074074,0.2470734640189285,37.085648148148145,0.12096836301996741,9.852636897920119,52.40808258046402,264,9.102609549571591,48,0.9091853996377123,0.0,29.95515046296298,1931,-319.87418927000004,17.360226853552184,36.0,26.78401424719428,7.738261494792514,27.546296296296294,7.51416079385514,236,0.012800966,3175.750244140625,0.07132738828659058,-45.199289307770904,361.44560502546807,2630,-0.029119607813104437,0.0920138888888889,0.0003,6720.53564453125,0.2
17.528284872849508,12.91710583789412,8.206667257656944,0.8759488121552303,27.25,457920,0.42803853803818254,3.819782220811016,13.002644505565312,0.8628472222222222,0.23639556549033938,36.94444444444444,0.13036870428748262,9.884843509184032,52.38163009264678,265,9.054059322868149,48,0.9175528432349188,0.0,29.781539351851816,1938,-321.22637046,16.76717366611848,36.0,26.607079583188252,7.763582206974638,26.96759259259259,7.1634005705674175,236,0.030692937,226.8035430908203,0.12837010622024536,-45.19150753727666,363.8871769092701,2640,-0.036155324732815776,0.2745949074074074,0.0003,622.8505317970559,0.2
17.539826040979452,12.956985397161006,8.005768178227719,0.8789162465747764,27.314814814814813,459648,0.43148384166691817,3.832144386519372,13.125105585922448,0.8651620370370371,0.24576454912187926,36.964120370370374,0.1331992353634686,9.917356273148838,52.4092778426899,266,8.94486628334235,48,0.9223137731596495,0.0,29.4487847222222,1945,-321.10669209,16.90685220725564,36.0,26.688621318119175,7.7889317720770865,26.273148148148152,7.464098631866913,236,0.015723998,2590.5634765625,0.014446139335632324,-45.237207596390334,368.44970048268635,2650,-0.03144641139337586,0.13049768518518517,0.0003,4893.755021158854,0.2
17.595264419194216,13.038150111298854,7.496961387247672,0.8785383847829035,27.462962962962962,461376,0.4325846494467805,3.8442364269368303,13.149186410480368,0.8651620370370371,0.25960320217669364,37.079861111111114,0.12778567060950535,9.94992923917504,52.386702865621935,267,8.836816166983269,48,0.9218511504742708,0.0,29.12326388888885,1952,-322.87239081,16.910175332300284,36.0,26.677204115832794,7.814419933125072,24.652777777777782,7.89506383375376,236,0.030813185,663.5332641601562,0.0832321047782898,-45.24697624489113,410.4991640338191,2660,-0.037769662426715644,0.26307870370370373,0.0003,979.3694177698206,0.2
17.667053118961395,12.928111873497969,7.62604005149914,0.8766341907841859,27.25,463104,0.43871963063171726,3.856146454863364,13.34147820851648,0.8611111111111112,0.24646897948889487,37.232638888888886,0.12969034655112543,9.98298293469633,52.32782590157638,268,8.764011170613587,48,0.9206479618748346,0.0,28.833912037037088,1960,-325.86257584,16.51882912314089,36.0,26.625114977621436,7.840087565922476,25.115740740740744,7.484677198143783,236,0.01080246,3295.0771484375,0.044046998023986816,-45.25688133239746,407.3505249306008,2670,-0.02836402359729012,0.08194444444444444,0.0003,7770.74615162037,0.2
17.733118558379093,13.211228055725499,7.017904013782904,0.8831365288011687,27.833333333333332,464832,0.44328853045616595,3.868274495075359,13.49369887061352,0.8489583333333334,0.2645726614869965,37.37210648148148,0.12916220014509666,10.016417181872864,52.464833788296204,269,8.85121608479796,48,0.9239366249399841,0.0,29.181134259259192,1967,-329.34642146000004,16.74926823765265,36.0,26.836055012073107,7.865920362318423,23.032407407407405,8.040136168144246,236,0.030219765,260.0516662597656,0.07467108964920044,-45.24893179999457,453.67022586398656,2680,-0.03760673738584888,0.269212962962963,0.0003,777.3788452148438,0.2
17.643224871044108,13.060634038376207,6.844722252188089,0.8773146472810067,27.546296296296294,466560,0.43533707454138737,3.8799389004518794,13.224761769089378,0.8599537037037037,0.25357858580514475,37.16956018518518,0.12653879546627228,10.049179086295588,52.37930094076373,270,8.665762150608264,48,0.9237459278072689,0.0,28.46498842592595,1974,-329.83815695,16.078752315327755,36.0,26.649746847755143,7.891528424496034,22.569444444444443,7.693396024763458,236,0.013940524,2338.771240234375,0.06410998106002808,-45.26194246080187,428.4348608476144,2690,-0.0335211125926839,0.12118055555555556,0.0003,5335.415247938368,0.2
17.644946636603034,12.922553632620028,6.621240843935897,0.8746784598941376,27.240740740740744,468288,0.4320524724563684,3.8921300112748267,13.148118503713695,0.8090277777777778,0.25950504927928114,37.17766203703704,0.11854283911959303,10.081749382554872,52.23122754997677,271,8.87644432917893,48,0.9182741901732361,0.0,29.210069444444397,1981,-328.65342241999997,15.898479820636624,36.0,26.570622733016023,7.917140791087542,21.759259259259256,7.874685344080699,236,0.024061732,969.3496704101562,0.06683015823364258,-45.26046427973994,463.83472512916285,2700,-0.037902938371041306,0.2274884259259259,0.0003,1064.6708209002459,0.2
17.579151377075796,12.879941950960202,6.486746061969138,0.8721677156094411,27.138888888888886,470016,0.42777644968541995,3.9043533411546503,13.00217096364434,0.8616898148148148,0.25500963606784266,37.048611111111114,0.12840254851011318,10.113954809963982,52.24848409450831,272,8.889331951929508,48,0.9216753919829246,0.0,29.26793981481484,1989,-328.8674926300001,15.590505885114206,36.0,26.50961628762521,7.942588669530232,21.296296296296294,7.743817872184866,236,0.010496731,4248.1494140625,0.04697906970977783,-45.26464480647334,460.49591272848625,2710,-0.025235758737350504,0.07806712962962963,0.0003,8456.670126229745,0.2
17.71690655659704,13.145312827643627,7.275220384849178,0.8763364288839796,27.722222222222218,471744,0.441648397699679,3.9160146258671302,13.428934013243719,0.8501157407407407,0.25840455419720826,37.33506944444444,0.1258808774170368,10.14722714499709,52.226660581009874,273,8.664513884992045,48,0.9252794125832928,0.0,28.537326388888882,1996,-331.45751694,16.733801752477113,36.0,26.630684991283733,7.968380935921725,23.958333333333332,7.833268539984309,236,0.029458134,456.8373107910156,0.07329660654067993,-45.223231887817384,471.6511120337027,2720,-0.040675035467440335,0.2659722222222222,0.0003,919.6329836244936,0.2
17.782358481487268,13.263877795156153,7.423216908234525,0.875232276783665,27.962962962962962,473472,0.43939564604170483,3.9282604418031917,13.360833944831663,0.8449074074074074,0.26587545264700196,37.458333333333336,0.12122502367113092,10.18032922985917,52.23603367838683,274,8.898326374424627,48,0.9210974852979661,0.0,29.296874999999925,2003,-335.12286123999996,17.226000810160322,36.0,26.59623778719605,7.994336832125443,24.421296296296294,8.058906106769642,236,0.013063718,3279.57568359375,0.12288790941238403,-45.21725531684028,469.7110488679674,2730,-0.030915453571274325,0.10243055555555555,0.0003,6025.148059534144,0.2
17.770128628843878,13.390304489660783,8.917031047554543,0.8803579262214951,28.222222222222225,475200,0.4361201283261304,3.9408946624319903,13.268832011356677,0.8530092592592593,0.26116366891759935,37.442129629629626,0.12763782460036455,10.213201309887562,52.40277237485255,275,9.053688251519477,48,0.9233299984429076,0.0,29.846643518518494,2010,-336.66723277999995,18.70885161944555,36.0,26.744809047833105,8.020262153697553,29.28240740740741,7.921516082230223,236,0.029838176,564.093505859375,0.19751107692718506,-45.19210070857295,500.68680995658593,2740,-0.0388090196289812,0.3035300925925926,0.0003,609.2850260416667,0.2
17.74357086765,13.265868898494405,8.90487871137154,0.8763708156995359,27.962962962962962,476928,0.44591961252413886,3.9527769989970527,13.541126461879768,0.8101851851851852,0.25901167566349353,37.390625,0.120546562148344,10.246754126042262,52.35702457172627,276,8.752934626025057,48,0.9098491206395182,0.0,28.754340277777732,2018,-338.94990780999996,18.501939802738313,36.0,26.61865105348332,8.046121080866678,29.28240740740741,7.851192192872371,236,0.009991162,3708.320068359375,0.10322451591491699,-45.216556012188946,441.80548531391,2750,-0.02427767197498017,0.0625,0.0003,7174.0510290075235,0.2
17.653503229835447,13.547584235206402,8.424995725327884,0.8795987123171575,28.564814814814813,478656,0.4452157968654806,3.964076330021579,13.554214820567283,0.8506944444444444,0.2815138408941874,37.182870370370374,0.1250007482854269,10.280339663093681,52.378897005190886,277,8.519732409810466,48,0.9202352668673366,0.0,28.081597222222292,2025,-340.04588706000004,18.990374449142365,36.0,26.721149469021,8.071754838941267,27.777777777777775,8.53779448860808,236,0.030315781,931.5413818359375,0.19251835346221924,-45.207024270516854,474.97556530987777,2760,-0.03953542294049704,0.26967592592592593,0.0003,746.9424377441406,0.2
17.77196157933279,13.304455982326653,8.402078420422985,0.876767566603001,28.06481481481482,480384,0.4436173623107133,3.9761177263897727,13.471483528439125,0.8657407407407407,0.2678331079569423,37.473958333333336,0.12982655980581512,10.31371837191478,52.33869264713251,278,8.816558547277467,48,0.9252285740053262,0.0,29.043692129629644,2032,-340.57591830999996,18.302878818995104,36.0,26.627891329184013,8.0976847428896,27.662037037037038,8.116344416245468,236,0.011209666,2828.118408203125,0.05958825349807739,-45.21057542871546,450.9627680178042,2770,-0.026725759591769288,0.08182870370370371,0.0003,5295.322120949074,0.2
17.644610168410058,13.682847707473046,8.094211648269146,0.8799707407336563,28.842592592592595,482112,0.4291764919329906,3.9884445237017054,13.044087215151285,0.8026620370370371,0.2861611278899518,37.177083333333336,0.11683803617289905,10.346028589952658,52.3436493004637,279,8.930718924773123,48,0.9170534610181315,0.0,29.369212962962937,2039,-339.94986621000004,18.949368369802485,36.0,26.725406401069325,8.123296268310625,26.62037037037037,8.692309014060292,236,0.029909382,954.113525390625,0.07179713249206543,-45.23454627990723,548.8670784985578,2780,-0.04007928007523771,0.26643518518518516,0.0003,853.3222304732711,0.2
17.652695139111596,13.68976357457086,8.188196533842005,0.8816087689176313,28.85185185185185,483840,0.43202452717566747,4.000844059471723,13.152025325712364,0.8310185185185185,0.28332084657180623,37.192129629629626,0.12105125911631869,10.378608653266939,52.369935446716475,280,8.959814308007195,48,0.9271454843209883,0.0,29.506655092592563,2047,-338.67959168,18.964560213318638,36.0,26.779912140427097,8.148928006158403,26.96759259259259,8.606600104905773,236,0.012728272,3050.685302734375,0.058934688568115234,-45.256576651114,531.7041369261565,2790,-0.028758812507752467,0.09577546296296297,0.0003,5809.647201425058,0.2
17.699389982163634,13.962616897022448,7.462185090826053,0.8786315073601552,29.435185185185187,485568,0.4413182802970445,4.0126828695133945,13.39725406252959,0.8362268518518519,0.29549177453233644,37.30324074074074,0.12645527875378998,10.411801788423263,52.37900633818945,281,8.735524016668611,48,0.9225228140703498,0.0,28.768807870370345,2054,-342.04264916999995,18.883397256501965,36.0,26.7020516485078,8.174676481113812,24.652777777777775,8.978595268653464,236,0.02736067,642.7757568359375,0.10710126161575317,-45.25955722950123,582.7841560293127,2800,-0.04299396124013044,0.22795138888888888,0.0003,971.417903193721,0.2
17.743422956442725,13.894889413778964,7.339154686391685,0.8812758151369504,29.259259259259256,487296,0.444133448444498,4.0243737272017075,13.522234576982397,0.8385416666666666,0.29571911750262764,37.376157407407405,0.12548763230204812,10.445307374865719,52.4406889158357,282,8.676343075325155,48,0.9167931377210705,0.0,28.62413194444443,2061,-345.27033273000006,18.716119524008793,36.0,26.808856706711087,8.200535038504919,24.189814814814813,9.002075423838145,236,0.010479398,4669.85595703125,0.08385360240936279,-45.283362551088686,533.5661939197116,2810,-0.025457446052934284,0.07170138888888888,0.0003,8576.515984881366,0.2
17.803273231401942,13.864672454713249,7.201517106551297,0.8760340424088916,29.23148148148148,489024,0.4468175967465776,4.03642585859238,13.57350206632123,0.8165509259259259,0.2969227020565748,37.5,0.12031610466604047,10.478941130031522,52.40056341699423,283,8.820852556268791,48,0.9191296399545036,0.0,28.985821759259267,2068,-348.24819227999996,18.55442779275137,36.0,26.633886925223077,8.226543221583423,23.72685185185185,9.008238231486823,236,0.02290116,691.1072387695312,0.09618234634399414,-45.286528212935835,460.23195220452766,2820,-0.03975285978435918,0.22077546296296297,0.0003,1390.488851815683,0.2
17.673675996327006,13.82951639842726,7.175652821831126,0.8751639654731149,29.157407407407405,490752,0.44363011877762654,4.0480956651291,13.48445566406996,0.8148148148148148,0.29225277723141935,37.23784722222222,0.1210607225974396,10.512352269191696,52.39992245569789,284,8.667922614688228,48,0.9142886586232971,0.0,28.530092592592528,2076,-349.05591273,18.342697884229807,36.0,26.590565020780048,8.252227411574241,23.611111111111114,8.85752866397142,236,0.013134529,3764.338623046875,0.12371605634689331,-45.276234520806206,507.95751675146596,2830,-0.0318726888668068,0.10543981481481482,0.0003,7934.756447120949,0.2
17.80550040830813,13.767621811989025,7.5068531319651255,0.8704801676458137,29.009259259259256,492480,0.4404658833299408,4.060527275328764,13.390793628732899,0.8466435185185185,0.28073301052476246,37.51851851851852,0.12566726148137514,10.54552925326353,52.399682150020034,285,8.972644079865582,48,0.9230327557676977,0.0,29.578993055555493,2083,-349.30505646999995,18.294573911380056,36.0,26.44693059117493,8.27824116259501,24.76851851851852,8.540098967425903,236,0.030619362,741.208740234375,0.10080742835998535,-45.256244320339626,507.4470589037295,2840,-0.04039085323542908,0.2980324074074074,0.0003,1285.009545220269,0.2
17.666611454122172,13.6492386475975,7.383536982545454,0.8733982167710818,28.787037037037038,494208,0.440653940147181,4.072116253252307,13.384715753330875,0.8234953703703703,0.2842017649420213,37.2349537037037,0.12288809337302699,10.578691042646856,52.40621264492352,286,8.635591169417284,48,0.9199597825991658,0.0,28.479456018518558,2090,-349.86861259,18.128512202694054,36.0,26.528771973286478,8.303907691230316,24.305555555555554,8.6157365725511,236,0.013182459,3956.9912109375,0.1493062973022461,-45.26129651952673,511.92459861967296,2850,-0.029635207575780375,0.10150462962962963,0.0003,6622.528794126158,0.2
17.613143667961072,13.600542829252992,7.111915092559554,0.8744877776783294,28.666666666666668,495936,0.4356920658498594,4.084183659050366,13.240612333432365,0.8587962962962963,0.2840259312052001,37.1255787037037,0.13008544617413434,10.611492573480437,52.424942060580776,287,8.826962319223279,48,0.9279257562733191,0.0,29.079861111111153,2097,-348.89096080999997,17.823194760361122,36.0,26.568553371774055,8.32944055040022,23.49537037037037,8.630736838548577,236,0.027532686,516.3706665039062,0.08424431085586548,-45.245896883364075,541.8229191038344,2860,-0.03951167939403267,0.2488425925925926,0.0003,1192.602000257704,0.2
17.723368679710386,13.477908888630365,6.588399315266671,0.8743837661924428,28.40740740740741,497664,0.4489318897599006,4.095544006873783,13.646907701625977,0.8721064814814815,0.28746975307798167,37.34375,0.13423156330817915,10.645309842734502,52.51800551085781,288,8.544139129366778,48,0.9259700707472457,0.0,28.197337962962983,2105,-351.50319261,17.28062624052382,36.0,26.56862218374783,8.355248972099496,21.759259259259256,8.734318036626782,236,0.014098053,2210.69921875,0.05243784189224243,-45.24386102181894,534.9782921649792,2870,-0.034359688122101405,0.12546296296296297,0.0003,5460.759613715278,0.2
17.65345419281203,13.25894125144697,7.666341236326542,0.8735865208839636,27.962962962962962,499392,0.44315226277738634,4.107166325852946,13.45553223744007,0.8466435185185185,0.2674747848382585,37.204282407407405,0.12750115389016917,10.678648673328102,52.4236156900644,289,8.648927591665347,48,0.9258423156738217,0.0,28.45052083333332,2112,-353.83140877,17.5190605665955,36.0,26.55487198496222,8.380882607581526,25.347222222222218,8.113778078821985,236,0.025199793,870.1961059570312,0.07135415077209473,-45.2404525898121,520.0954778212088,2880,-0.038301043171021676,0.24612268518518518,0.0003,1497.5661608660662,0.2
17.728431702023176,13.193640219831034,7.174405909652599,0.8738987273977035,27.805555555555557,501120,0.4422969441232179,4.119181081798037,13.45479030847107,0.8373842592592593,0.2692782359621869,37.37847222222222,0.12649742163581507,10.71198564909928,52.456919369279454,290,8.805902378036523,48,0.9200817389667746,0.0,29.021990740740748,2119,-354.54394245000003,17.04342986029183,36.0,26.563686979967454,8.406703686836584,23.726851851851848,8.195383730808198,236,0.012812982,4536.0517578125,0.09145337343215942,-45.241260585078486,545.8706107810691,2890,-0.030390738706207936,0.1025462962962963,0.0003,7907.904754412616,0.2
17.698484844471423,13.450907318618015,6.383673524835824,0.8724143563523948,28.35185185185185,502848,0.44654964515849227,4.131189558624565,13.591964609032573,0.8298611111111112,0.2858658488902254,37.29108796296296,0.12208903286613854,10.74566556062186,52.366723071584765,291,8.803390730611163,48,0.9174111033601616,0.0,29.000289351851922,2127,-357.25189848,16.98258011705277,36.0,26.51564676559273,8.432449898947763,20.949074074074073,8.667999273598928,236,0.026331492,845.6685180664062,0.07190096378326416,-45.24988759358724,563.8261746971696,2900,-0.03500265762623814,0.2351273148148148,0.0003,1356.5758284957321,0.2
17.68835558211277,13.277653106440567,6.231376124199699,0.8706839780792727,27.972222222222225,504576,0.4402591291511154,4.143355897967258,13.379090866626035,0.8084490740740741,0.2805044792067102,37.28125,0.11832424412807972,10.778813287788426,52.32970079755342,292,8.8665357370769,48,0.910850417520634,0.0,29.181134259259288,2134,-358.28279161,16.499887469130464,36.0,26.461091119446593,8.458170787903045,20.37037037037037,8.510858238490194,236,0.014840237,3247.4326171875,0.051785826683044434,-45.26884680853949,538.0612562991955,2910,-0.03300671983268802,0.12546296296296297,0.0003,5890.568942599826,0.2
17.69064664703252,13.896790411923234,6.561715691700681,0.8753634082368337,29.333333333333332,506304,0.4491839856775777,4.154530402215993,13.674940820134127,0.8402777777777778,0.29521862975131735,37.276041666666664,0.12385915187990507,10.812700639838761,52.378032313287825,293,8.469801699494106,48,0.9162008557046003,0.0,27.936921296296347,2141,-358.96438535,17.872399273824236,36.0,26.609298390044405,8.483897404520626,21.64351851851852,8.93389317020032,236,0.029476322,1414.3443603515625,0.02317720651626587,-45.27168117099338,661.1784219741821,2920,-0.03802851075651469,0.2757523148148148,0.0003,1074.9796716760707,0.2
17.841376036961844,13.903888980777111,5.774419710694545,0.8782756763803811,29.35185185185185,508032,0.45704437868577624,4.165899853718015,13.895711750585333,0.8570601851851852,0.3037939790688044,37.60069444444444,0.1274346696183948,10.847139919215225,52.48076831805304,294,8.547780600808574,48,0.9192960102754197,0.0,28.16840277777781,2148,-363.4053115999999,17.34790686420235,36.0,26.70656766228474,8.51000084461303,18.981481481481485,9.189598172730692,236,0.013599549,3526.3115234375,0.06857115030288696,-45.27618038036205,542.5611185674314,2930,-0.03165212856191728,0.10358796296296297,0.0003,7080.81572265625,0.2
17.758155424663485,13.724336953378213,6.890301837728084,0.8802117593777293,28.962962962962962,509760,0.45152146101452906,4.177032432166521,13.742778851056782,0.8356481481481481,0.29544520757677567,37.41261574074074,0.12267084757680047,10.881196866342867,52.52240368599059,295,8.453031379402471,48,0.9194492800071986,0.0,27.85734953703713,2156,-365.59279560999994,18.030159638607458,36.0,26.74491311993363,8.53589623317469,22.569444444444446,8.935520847501161,236,0.028002536,635.8427124023438,0.10585558414459229,-45.27109253494828,619.8956740414654,2940,-0.03892697317663718,0.23292824074074073,0.0003,1397.1714171233,0.2
17.72898563728998,13.359501162010126,7.222265567893449,0.8792898399672637,28.166666666666668,511488,0.4442374163331966,4.188689490271819,13.519651400326788,0.8518518518518519,0.28091221296739144,37.35706018518518,0.12522829104867245,10.914695994843683,52.50780801267541,296,8.662823242119336,48,0.9218937280408177,0.0,28.544560185185173,2163,-363.61250039999993,17.567164488730313,36.0,26.713920975747765,8.561718697267914,23.611111111111114,8.50539775882674,236,0.012786788,3889.1181640625,0.05231350660324097,-45.254367461027925,655.7016023635864,2950,-0.030544812396962058,0.10243055555555555,0.0003,6795.724488208912,0.2
17.70283066136041,13.279017164642317,6.194198481379686,0.8808201429401449,28.009259259259256,513216,0.4421635483446401,4.200590181270191,13.452333178178456,0.8425925925925926,0.28761443718399665,37.292245370370374,0.1259109154519798,10.948026827789128,52.44617398320057,297,8.760276399348847,48,0.9181930597366489,0.0,28.862847222222328,2170,-363.2536311,16.671558335659995,36.0,26.762763019838648,8.587475773921314,20.48611111111111,8.718342689637991,236,0.023954805,1686.2064208984375,0.05571538209915161,-45.2405318931297,618.8085933296769,2960,-0.03485692730863337,0.20700231481481482,0.0003,1871.1208468967013,0.2
17.776936697151815,13.163190497431614,5.390091999390099,0.8767294730964427,27.740740740740737,514944,0.4507135243620337,4.212158870087006,13.70373292231262,0.8298611111111112,0.28835600853706017,37.45659722222222,0.12364735667895356,10.98198616009491,52.41825646224345,298,8.627475526725911,48,0.9179471936410446,0.0,28.457754629629672,2177,-366.36813632999997,15.801003993452854,36.0,26.65376163528749,8.613418115664194,17.824074074074073,8.767721496631141,236,0.013852202,3891.872802734375,0.04563969373703003,-45.278571870591904,622.7566534678141,2970,-0.029459378930429617,0.10954861111111111,0.0003,7413.913803891783,0.2
17.71080898848121,13.015121525872303,4.98531368698166,0.8816222524821488,27.43518518518518,516672,0.43993549177263624,4.2234602940538055,13.367371664510229,0.8396990740740741,0.2933694907777587,37.338541666666664,0.11994349184787312,11.015104589256186,52.45105007447776,299,8.520569586719995,48,0.9216297764305681,0.0,28.03096064814826,2185,-366.31329306,15.382821219516009,36.0,26.79494220294951,8.639195138135397,16.435185185185187,8.902386006662047,236,0.026447475,1117.2327880859375,0.0432281494140625,-45.27713122897678,614.6644116260387,2980,-0.03790128994215694,0.23211805555555556,0.0003,1265.2515768545645,0.2
17.81016051616618,13.453319986726791,5.0643485399064225,0.8836230165904592,28.35185185185185,518400,0.44630340060240786,4.23455335723305,13.573804666115445,0.8258101851851852,0.30611824479046895,37.52256944444444,0.1189425352752389,11.048739100921475,52.49307981191731,300,8.437225271697832,48,0.9265620369832888,0.0,27.799479166666785,2192,-366.43427719999994,16.281610053614635,36.0,26.86024677653802,8.665220539425812,16.666666666666668,9.283941526981422,236,0.013159794,3840.955322265625,0.05918484926223755,-45.29056457236961,669.9008501017535,2990,-0.028518917475378623,0.09924768518518519,0.0003,6249.435834418403,0.2
17.830193236812345,13.936752387533076,6.313880848264721,0.8860825872440907,29.37962962962963,520128,0.4531729960219433,4.245727824197726,13.770728334208854,0.8425925925925926,0.3179413943053166,37.588541666666664,0.12569582813298305,11.082865921756998,52.576501382457685,301,8.46978678587003,48,0.9197819538246829,0.0,27.94415509259261,2199,-370.2861991200001,18.3882405165946,36.0,26.939189256024108,8.691296022517843,20.833333333333332,9.657607280796801,236,0.025211241,1485.991455078125,0.026136398315429688,-45.27488695780436,687.4376858887849,3000,-0.0341251983065848,0.228125,0.0003,1796.0464563440394,0.2
17.784684327197695,14.128119842842404,6.6671680392465085,0.8858357700871077,29.787037037037038,521856,0.44644449469496084,4.257739851045653,13.56938634397659,0.8686342592592593,0.316697840240372,37.49074074074074,0.13261121168064074,11.116489387616939,52.538463763275615,302,8.804810739170614,48,0.9265800929423796,0.0,29.00028935185197,2206,-372.51053881,18.890180848682537,36.0,26.926793644263626,8.717257733335837,21.990740740740744,9.614892966593624,236,0.014473102,3900.760986328125,0.08289754390716553,-45.26235016716851,597.0130597114563,3010,-0.03275007578820266,0.11267361111111111,0.0003,7833.548039641204,0.2
17.749189283897227,13.929140499702271,6.4981224784690506,0.882718333244962,29.34259259259259,523584,0.451867319954727,4.268919300310373,13.731780816000132,0.8535879629629629,0.3162203217562361,37.39756944444444,0.12822430867902251,11.15051883965694,52.53080875499279,303,8.471779705888148,48,0.9249285533904257,0.0,27.99479166666667,2214,-372.73423081999994,18.53571148124005,36.0,26.848345882804,8.74313070654558,21.527777777777782,9.628448503068729,236,0.030049644,972.3679809570312,0.06314772367477417,-45.260796511614764,735.0872429600469,3020,-0.03281092677368886,0.2546875,0.0003,1271.8501889829283,0.2
17.81314234304839,13.840258814490374,6.81476160874722,0.8848414606984111,29.15740740740741,525312,0.45300128074259377,4.28053479547353,13.75862018696499,0.8478009259259259,0.31182409642101544,37.53993055555556,0.1222559001469961,11.184615390124351,52.53947881426302,304,8.646198065262611,48,0.9103725301383826,0.0,28.457754629629722,2221,-375.22500160999994,18.633175993053968,36.0,26.909530125779185,8.7691635624032,22.569444444444446,9.498155569816372,236,0.0140599925,2410.152099609375,0.08419352769851685,-45.269247210467306,712.29388961792,3030,-0.03116555600254624,0.11626157407407407,0.0003,5143.131389250579,0.2
17.806285040963008,13.766292790938735,6.376804801114527,0.8902242139911194,29.027777777777775,527040,0.4530348265783132,4.292595669071576,13.76922771640214,0.8350694444444444,0.3221813744619479,37.516782407407405,0.12188620180911065,11.218738459415357,52.68201093322643,305,8.824349439218407,48,0.9184997241648442,0.0,29.050925925925938,2228,-377.91982085999996,18.403299828730695,36.0,27.058832477307146,8.795179275005609,20.949074074074073,9.780202236677432,236,0.025557633,1319.6058349609375,0.05913263559341431,-45.27339146931966,613.2988838054516,3040,-0.038737432736282544,0.23032407407407407,0.0003,2059.2089515968605,0.2
17.772835843683513,13.949025155635828,7.040143472911349,0.8918736228502988,29.40740740740741,528768,0.4510737624849248,4.304432688693479,13.717358329797039,0.8726851851851852,0.3204971891007003,37.45081018518518,0.12917561439940403,11.25273185523985,52.75048799030757,306,8.734807848761275,48,0.918283037455006,0.0,28.754340277777807,2235,-378.96238847,19.20203684078385,36.0,27.113224924673123,8.821111364614817,23.14814814814815,9.732868212236674,236,0.012026016,5655.3798828125,0.11906832456588745,-45.28381456445764,632.9596125920614,3050,-0.02932096998276258,0.09085648148148148,0.0003,9159.745460792825,0.2
17.780880664815488,13.971513532079598,6.649249155135322,0.8890136112349118,29.462962962962962,530496,0.446023573891019,4.316524184732932,13.551509450948783,0.8796296296296297,0.32248256426021804,37.489583333333336,0.13513445814506403,11.286310628867222,52.69698941633743,307,8.83659841578107,48,0.9334173714052383,0.0,29.13773148148154,2243,-378.61495565999996,18.892066348934378,36.0,27.028556494042267,8.847063566276855,21.875,9.79130366171946,236,0.03252575,1216.7498779296875,0.06876885890960693,-45.26638169465242,668.8463219571996,3060,-0.03778153876084144,0.2494212962962963,0.0003,1398.449664758753,0.2
17.74037928450537,13.941101411993586,6.6097588123654525,0.8807145220489551,29.38888888888889,532224,0.44989740877708423,4.327927986730297,13.658033542657959,0.8454861111111112,0.3120558508959627,37.376736111111114,0.12586774602716355,11.320155712723867,52.480252912690624,308,8.561520798945915,48,0.92414711646232,0.0,28.161168981481506,2250,-378.44960618,18.515164785804416,36.0,26.781076229964793,8.872914514488118,21.759259259259263,9.484304561445379,236,0.013733953,3525.4990234375,0.061878085136413574,-45.26091355217828,793.8875312734533,3070,-0.034156752046611574,0.12337962962962963,0.0003,6481.078653067129,0.2
17.791236853074803,13.912562483231,6.401437517904802,0.8780018987351429,29.35185185185185,533952,0.4488434629510485,4.33978623582641,13.638546809685515,0.8287037037037037,0.3062226304957482,37.501157407407405,0.12188236103917471,11.353952079748082,52.47714958175427,309,8.74329963844506,48,0.9174660632586333,0.0,28.833912037037173,2257,-380.55929218999995,18.084381460560593,36.0,26.701330085636883,8.898892606620805,21.064814814814817,9.290381459424793,236,0.021531196,666.200927734375,0.005078792572021484,-45.27809660169813,751.2475530200535,3080,-0.035789392716078845,0.18408564814814815,0.0003,1875.5213769983363,0.2
17.881413768531683,14.08370458998561,7.242222449456602,0.8732651639708421,29.722222222222218,535680,0.4489052253667492,4.351887186521115,13.653529165115755,0.8501157407407407,0.3021902403593096,37.670717592592595,0.12682035837189573,11.387785902660871,52.44725664982324,310,8.840380277881827,48,0.9284936859627726,0.0,29.1666666666667,2265,-382.96539679,18.95536579136445,36.0,26.537083817978054,8.925096141042134,23.72685185185185,9.14943875192224,236,0.013648243,3422.416015625,0.06190800666809082,-45.28372391594781,694.3802722471731,3090,-0.03003694929648191,0.10538194444444444,0.0003,6200.6202329282405,0.2
17.839581867470557,14.203394459595259,7.086444907959092,0.878881669230101,29.935185185185187,537408,0.44865344769105925,4.363992723009962,13.623373669362673,0.8854166666666666,0.3082394616416828,37.61516203703704,0.131454763436462,11.421544336834279,52.50138006968374,311,8.842214595538907,48,0.9262183119106647,0.0,29.094328703703717,2272,-384.75344534,19.14111387887518,36.0,26.708601971773035,8.95119509571081,23.37962962962963,9.371274511320829,236,0.025163786,941.337890625,0.08698856830596924,-45.26165517171224,739.1039725338971,3100,-0.03706695552984322,0.21597222222222223,0.0003,1600.7683485243056,0.2
17.823475125042098,14.06309508111756,6.577485177856489,0.8797276019109267,29.65740740740741,539136,0.45022698169622494,4.3755878311261105,13.679507025279849,0.8645833333333334,0.30942719059841783,37.56481481481482,0.12629296825536487,11.455443104397478,52.56111501207266,312,8.638043246459398,48,0.9211082787423123,0.0,28.486689814814877,2279,-385.2900537900001,18.518506836624773,36.0,26.74013706813974,8.977253783523416,21.759259259259256,9.397926577650722,236,0.012460683,4412.1123046875,0.1627357006072998,-45.26064530831796,699.5173311021592,3110,-0.02756556627702796,0.0920138888888889,0.0003,7867.636530671296,0.2
17.810341457462236,14.075284183133517,7.599636230026675,0.8763568655881669,29.694444444444443,540864,0.4486841719095815,4.387421050059784,13.612994032690736,0.8263888888888888,0.2989807513321556,37.54340277777778,0.12131406605631788,11.489175589479204,52.54607287752456,313,8.733287573469363,48,0.921155982341417,0.0,28.79774305555559,2286,-386.44546692000006,19.232166507454295,36.0,26.6526222712135,9.003279637167072,25.115740740740744,9.077246094294102,236,0.025199626,1423.915771484375,0.11504477262496948,-45.2747439066569,696.5124828267981,3120,-0.03451131487920604,0.22378472222222223,0.0003,1804.5589149757668,0.2
17.883502223517223,14.279266198226162,8.13599473204498,0.881547702535972,30.129629629629633,542592,0.4513211982225224,4.399520403536821,13.730774611891798,0.8645833333333334,0.3026278236196614,37.673611111111114,0.1305516417998663,11.523202526008934,52.643494444721206,314,8.839741390814675,48,0.9240177568650293,0.0,29.137731481481577,2293,-388.48279243000013,20.0845040548769,36.0,26.7896120754197,9.029488392725865,26.85185185185186,9.189243124605756,236,0.019290708,2995.870849609375,0.09517306089401245,-45.30285698219582,747.447180168717,3130,-0.03755511255520913,0.16898148148148148,0.0003,5304.356780779804,0.2
17.734408430164784,13.989202796987778,8.321442032412406,0.880060592952488,29.5,544320,0.44702262566644074,4.411656612426452,13.586716316883363,0.8391203703703703,0.29490843747995266,37.376736111111114,0.1250306207725575,11.556869316801142,52.57588639874374,315,8.854483555852168,48,0.9191144940329328,0.0,29.166666666666746,2301,-389.27385925999994,19.731846844747217,36.0,26.753616888639726,9.055324413801277,27.31481481481482,8.94120201534703,236,0.021993078,1758.093994140625,0.051937103271484375,-45.28311703999837,753.02126471908,3140,-0.03967381077904806,0.19924768518518518,0.0003,2549.1446198640047,0.2
17.769395589496618,13.807813655963466,7.925272193089234,0.8771039815520251,29.10185185185185,546048,0.4512742024628262,4.423257002504634,13.710595065917978,0.8506944444444444,0.2931797932341114,37.43460648148148,0.1277868181548363,11.590845804465937,52.542790409099176,316,8.64015603127312,48,0.9213568885926383,0.0,28.40711805555551,2308,-389.47539231,19.123514795942885,36.0,26.671454575545837,9.081247902775019,26.041666666666668,8.910428946890185,236,0.01478052,4082.13623046875,0.027114927768707275,-45.29742228190104,712.3690704486988,3150,-0.03267009828101706,0.12991898148148148,0.0003,8117.240129484953,0.2
17.81765787556053,14.04496483570261,7.794331908556251,0.8829695526773774,29.62962962962963,547776,0.44602714902663937,4.435176129715002,13.552536075926596,0.8391203703703703,0.3110537590439441,37.561342592592595,0.12565302891472285,11.624427144655753,52.526642002270115,317,8.767650884146915,48,0.9208245304458619,0.0,28.891782407407533,2315,-390.63463703,19.75494708435566,36.0,26.850866643614083,9.10729204746392,25.694444444444446,9.435650340096798,236,0.02560359,1357.263427734375,0.058185040950775146,-45.30316162109375,688.6448618288393,3160,-0.03718503579083416,0.2285300925925926,0.0003,1908.1686457881221,0.2
17.832558280696556,13.997920370712906,8.428411071139456,0.8774444305128961,29.537037037037038,549504,0.4502141386834605,4.447135476439541,13.674232446093848,0.8292824074074074,0.3028268048130936,37.58391203703704,0.11934605294968972,11.658312725770987,52.46640530521159,318,8.783738689815761,48,0.9233461442885165,0.0,28.891782407407483,2322,-392.7579378100001,20.078903524665293,36.0,26.67482361435229,9.133373443165661,27.777777777777782,9.172572082812929,236,0.014747991,4198.19287109375,0.07800912857055664,-45.320503319634334,826.6768341276381,3170,-0.029217314216549748,0.11359953703703704,0.0003,7966.234224898727,0.2
17.863226723666706,14.172215897456539,8.361013408226151,0.8869698914340048,29.90740740740741,551232,0.46024757373733904,4.458894880873453,13.982983440350985,0.8564814814814815,0.3112312082212967,37.65046296296296,0.1272206533023596,11.692970184371864,52.63681066213943,319,8.703761773564691,48,0.9187554753960138,0.0,28.689236111111224,2329,-396.07540722000005,20.446501201639162,36.0,26.967514069946812,9.159531509974828,27.5462962962963,9.433271895956471,236,0.028277222,722.2926635742188,0.09335637092590332,-45.3016313623499,779.2040887832642,3180,-0.03890053742668695,0.25833333333333336,0.0003,1522.0585200557002,0.2
17.892831643691178,14.222353059235507,8.7474774155314,0.8881542706665565,30.0,552960,0.45613335089296364,4.470690489460611,13.87125596759939,0.8489583333333334,0.3135342652628641,37.70659722222222,0.12992773362456433,11.727348324290864,52.612636183709185,320,8.718243434862954,48,0.9296428828771893,0.0,28.75434027777788,2337,-398.54290696000004,20.953721412097686,36.0,27.002793912030388,9.185763589084056,28.819444444444446,9.50389093733078,236,0.01401766,4311.16162109375,0.16539925336837769,-45.31183855975116,773.3883944264164,3190,-0.03386787874624133,0.12546296296296297,0.0003,7993.71886754919,0.2
17.81018745021312,13.916199311966913,8.026811213228976,0.8843483728581015,29.34259259259259,554688,0.44918415601453227,4.482548614421995,13.658945580374374,0.8263888888888888,0.305845186753662,37.52546296296296,0.12275630294515401,11.7611956882418,52.64072923889944,321,8.74324998455347,48,0.9125735865212824,0.0,28.84114583333338,2344,-397.71870344999996,19.726223122000352,36.0,26.873065855064265,9.21178905770959,26.504629629629633,9.303212596804462,236,0.02412398,1464.2449951171875,0.13697081804275513,-45.32304289076063,877.189459934941,3200,-0.036648252088990474,0.21886574074074075,0.0003,1736.747935655382,0.2
17.83998444571971,13.732897602065274,8.426334680910717,0.8842379871304814,28.962962962962962,556416,0.45951907850819645,4.493702447523322,13.965796350647787,0.8501157407407407,0.29786455157685254,37.58506944444444,0.12377865415985739,11.79581017911842,52.58126397920348,322,8.461533240531073,48,0.9172793624973584,0.0,27.864583333333364,2351,-399.32581846,19.695389595401746,36.0,26.879015167759945,9.23788901882389,27.893518518518523,9.056157312425755,236,0.01639693,2938.7216796875,0.046040475368499756,-45.30123590540003,692.2669306507817,3210,-0.03374885133364135,0.13541666666666666,0.0003,6619.004801432292,0.2
17.905868504208378,13.837077858817887,9.270516245141877,0.8821285307338149,29.194444444444443,558144,0.45888702671520487,4.505763406519631,13.95356235022746,0.8449074074074074,0.2914838906465313,37.71643518518518,0.12682778939019443,11.830394084993987,52.67614054045828,323,8.824383598523644,48,0.9235942082887076,0.0,29.079861111111185,2358,-402.37669101000006,20.44499466054365,36.0,26.81538923967337,9.26415369008441,30.55555555555556,8.857400556583885,236,0.02764834,774.8479614257812,0.04496389627456665,-45.315536668565535,805.8737899921558,3220,-0.036510201203809295,0.2609375,0.0003,2043.3500617133247,0.2
17.869396058761733,13.77187234901418,9.210002200712594,0.8819266250328438,29.046296296296294,559872,0.45902176140294737,4.51745512492096,13.975630675085947,0.8425925925925926,0.2868608206011635,37.6412037037037,0.12192129106872125,11.865033161681701,52.56733360170126,324,8.676687360531528,48,0.9164584612258373,0.0,28.64583333333337,2366,-404.54653959,20.18112704693123,36.0,26.81160919276446,9.290327180231314,30.324074074074076,8.719252497204458,236,0.014394794,3290.91455078125,0.07759171724319458,-45.3518393057364,794.6973395806772,3230,-0.029107500816246978,0.11967592592592592,0.0003,6573.554370117187,0.2
17.788018758960487,13.476900709961905,9.773473943159276,0.8803264344617064,28.425925925925924,561600,0.45219793027562866,4.529699262634402,13.753074367505308,0.8402777777777778,0.27101768737614257,37.483217592592595,0.12477589593750306,11.899115847600465,52.57819418405739,325,8.897655085377096,48,0.9223977735363463,0.0,29.31857638888896,2373,-404.46008936,19.963603924880317,36.0,26.75760576426048,9.316297227128715,32.17592592592593,8.233229271759134,236,0.025615023,1270.734619140625,0.10406404733657837,-45.33311407301161,776.4269731945461,3240,-0.0342435274583598,0.20561342592592594,0.0003,2030.8879970974392,0.2
17.6684783581902,13.34110262522079,9.861470806027642,0.8789912327408272,28.120370370370367,563328,0.44911457651419184,4.541431073982026,13.635758968836496,0.8541666666666666,0.2597274122427539,37.23668981481482,0.1285260822346638,11.932905245022555,52.5352740640594,326,8.692724539049612,48,0.9199045208552967,0.0,28.587962962963054,2380,-402.07231067,19.582182685683744,36.0,26.704411822165298,9.34196842302419,32.523148148148145,7.899609254435313,236,0.016074233,3839.736328125,0.06728404760360718,-45.345208952162004,874.8388487992463,3250,-0.032991545274853706,0.15133101851851852,0.0003,5804.671273690683,0.2
17.780015156551734,13.834687785432129,9.683533444820986,0.8795146097185848,29.175925925925924,565056,0.445826215273868,4.553785768335461,13.565293650459312,0.8246527777777778,0.27764174287094784,37.45601851851852,0.12194017411437136,11.966518479148704,52.57600825246087,327,8.941877741373679,48,0.9146111899522587,0.0,29.427083333333403,2387,-402.13961228000005,20.42117273282405,36.0,26.723894131891523,9.367918460915568,31.82870370370371,8.422951502570935,236,0.022181584,1380.544189453125,0.05864006280899048,-45.34280702096444,887.8442006782249,3260,-0.03661855043222507,0.22025462962962963,0.0003,2186.992788809317,0.2
17.662678234480833,13.832218441077359,9.03745649985422,0.8819313733970621,29.14814814814815,566784,0.44858008159759505,4.565068642812868,13.643950862548222,0.8356481481481481,0.28509704987883816,37.213541666666664,0.124189672489433,12.000328356305074,52.654602672168444,328,8.513149790963011,48,0.9142887240257058,0.0,28.139467592592617,2395,-403.04227568000005,20.023557455587966,36.0,26.805885049347594,9.39357515650177,29.861111111111114,8.673882514656386,236,0.015253298,3961.02392578125,0.1196664571762085,-45.32506746362757,803.4898781741107,3270,-0.03759532210037664,0.1451388888888889,0.0003,6972.928611472801,0.2
17.784409044888356,13.760554257203355,8.887297439222278,0.8831530247559979,28.990740740740744,568512,0.4488627125140802,4.57737462286759,13.655156379242193,0.8420138888888888,0.2825931865655978,37.473958333333336,0.1247879628506142,12.034166247253179,52.65997758789778,329,8.922392021888932,48,0.9191518927107258,0.0,29.40538194444446,2402,-405.39127454999993,19.72236572124004,36.0,26.833862696112906,9.41953617911399,29.28240740740741,8.594514024814403,236,0.023639813,1552.2935791015625,0.05800342559814453,-45.32518878512912,685.246733933908,3280,-0.03073852667671249,0.21903935185185186,0.0003,2502.342840576172,0.2
17.750404980047957,13.583649686167059,9.618243181415245,0.8780285069243599,28.60185185185185,570240,0.44452702523480775,4.589576709140223,13.529404654797922,0.8628472222222222,0.26491468127058926,37.41319444444444,0.13332250491272332,12.067689758890173,52.50186197874874,330,8.880834509053075,48,0.9296905813670739,0.0,29.296875000000032,2409,-406.4815444899999,19.754271863683655,36.0,26.68708559215557,9.44541219156411,31.712962962962965,8.072378996101351,236,0.013702125,4127.4111328125,0.09979057312011719,-45.333102007265445,770.726835681774,3290,-0.030079240487302067,0.1021412037037037,0.0003,8521.085505280671,0.2
17.618448266014177,13.408432959556102,8.791251710507737,0.8752466376871638,28.259259259259256,571968,0.4430976110413059,4.601890914179558,13.467776574968086,0.8587962962962963,0.26780680643286375,37.12731481481482,0.13015977244382973,12.101059200327594,52.45511614534582,331,8.92568201573387,48,0.9187494846336606,0.0,29.44155092592596,2416,-405.4511437399999,18.82501608312944,36.0,26.602424758676126,9.470958312229145,28.93518518518519,8.145331413065604,236,0.023502694,1188.1732177734375,0.09201329946517944,-45.33458403128165,932.4143133728593,3300,-0.03399219209052346,0.22517361111111112,0.0003,1761.1112146448206,0.2
17.740599527539626,13.540432206478286,8.469076328373497,0.879573332843397,28.564814814814813,573696,0.4517474703397905,4.6136924715500305,13.721383630662539,0.8258101851851852,0.2777102002044885,37.375,0.12044283867193482,12.13506265940425,52.614465677118936,332,8.720622948189119,48,0.9244226300004563,0.0,28.68923611111117,2424,-408.16780545,18.920812813977868,36.0,26.725035983155706,9.496809811047994,27.89351851851852,8.431304279126087,236,0.017253015,3274.989013671875,0.06793773174285889,-45.33946629276982,855.8385268176044,3310,-0.03481413426084651,0.15225694444444443,0.0003,5600.722907624421,0.2
17.678696695098903,13.47883619726773,8.376177477551558,0.873881899522302,28.38888888888889,575424,0.4371078177187336,4.626123108710365,13.277280504714021,0.8420138888888888,0.2683362778745044,37.270254629629626,0.12704489219902096,12.167955860666035,52.438151881985846,333,8.972254864133758,48,0.9225285724563299,0.0,29.59346064814828,2431,-408.12408847000006,18.495971458899906,36.0,26.558230458590444,9.52250655278574,27.546296296296305,8.160957784080617,236,0.024195246,1990.2442626953125,0.09425342082977295,-45.31586959273727,959.7540293022438,3320,-0.038281969134523364,0.2089699074074074,0.0003,1887.9208204481338,0.2
17.721030113417257,13.681502776453321,8.752415654344944,0.8773775842739963,28.824074074074076,577152,0.45238728906827663,4.637739316038789,13.75680389926309,0.8402777777777778,0.27387858259663145,37.339120370370374,0.12269709387348586,12.202047870414193,52.51157748698288,334,8.646482931369565,48,0.9219611769018751,0.0,28.43605324074086,2438,-409.33817885999997,19.244648842184464,36.0,26.664379311855537,9.548309128069285,28.819444444444446,8.330730411386199,236,0.014520587,4158.40087890625,0.07763147354125977,-45.32737031159578,937.7855300832678,3330,-0.02943176715462296,0.1140625,0.0003,7800.55232566551,0.2
17.833241016447538,13.670571933594367,8.879509040077323,0.8741972650281985,28.76851851851852,578880,0.4509912558597981,4.650016384030349,13.686282340562046,0.8668981481481481,0.2679552773637293,37.578125,0.13044874030431608,12.235963576265597,52.41007519343918,335,8.910827196623943,48,0.9188768032528493,0.0,29.267939814814877,2446,-413.37639021,19.190631219124327,36.0,26.57055001352477,9.574392230610403,29.16666666666667,8.160550245452638,236,0.018965295,735.2608642578125,0.10518515110015869,-45.338698902836555,919.7477937345152,3340,-0.032331115702443104,0.1700810185185185,0.0003,1907.5246900770398,0.2
17.758458122223058,13.512883535510698,8.859729123123856,0.8767915686801127,28.444444444444443,580608,0.45787276601819143,4.6613148273668585,13.918892821845319,0.8709490740740741,0.26284578480240245,37.41550925925926,0.1323229409412182,12.27046080832021,52.51018445480156,336,8.51937733460373,48,0.9264016410275226,0.0,28.059895833333393,2453,-415.90078216999996,18.865181602242952,36.0,26.653711354625802,9.60028837591596,29.16666666666667,8.012568943608398,236,0.014967202,3158.151123046875,0.07288140058517456,-45.3312139723036,727.0864197448448,3350,-0.030658269949533322,0.12002314814814814,0.0003,6751.527652994791,0.2
17.719604082704844,13.520739259164314,8.757103616284317,0.8769256851216628,28.453703703703706,582336,0.4503967279450805,4.67319422733054,13.690388683826754,0.8454861111111112,0.26736529777451007,37.34143518518518,0.12490579406795643,12.304386780029777,52.434750535201374,337,8.75175998547266,48,0.9175578217686087,0.0,28.841145833333385,2460,-416.13144308000005,18.90631502937552,36.0,26.660334422775573,9.626087386122723,28.819444444444446,8.148472153926887,236,0.023060907,1758.58056640625,0.08944302797317505,-45.32650366889106,993.1143219771209,3360,-0.031591385977204754,0.2029513888888889,0.0003,1910.5211862069589,0.2
17.651093763855215,13.290093438054512,8.653543678480874,0.8745865722838335,28.009259259259263,584064,0.45204863695392955,4.684973460524928,13.738744098873335,0.8350694444444444,0.2621426454917985,37.203125,0.12634570198120398,12.33843364027696,52.44339968512016,338,8.711693277755067,48,0.9238667188236307,0.0,28.725405092592652,2468,-416.08682514,18.393535000471466,36.0,26.58467941191333,9.65171512053236,28.472222222222225,7.96989788393608,236,0.016752757,3162.019775390625,0.09158945083618164,-45.32175917448821,808.8982845942179,3370,-0.036542863332390506,0.14537037037037037,0.0003,6902.619612630208,0.2
17.669306593806056,13.471621615439906,8.203726102552706,0.8777852918659722,28.37037037037037,585792,0.4488821591603878,4.696839130568094,13.6552965189524,0.8391203703703703,0.2760708258493442,37.232638888888886,0.1266479895477228,12.372271881574342,52.46259341107416,339,8.746268017266306,48,0.9219442095825919,0.0,28.84837962962963,2475,-416.58891965000004,18.55947364165636,36.0,26.677998038009232,9.677388387016876,27.083333333333332,8.404125923663747,236,0.026198622,2028.3621826171875,0.022814810276031494,-45.30712951377586,1096.4752224251076,3380,-0.03817628158808306,0.23940972222222223,0.0003,1733.695566700123,0.2
17.70503861614961,13.48370337640742,8.141600531882178,0.8764649012768521,28.39814814814815,587520,0.442909966959948,4.709153656858882,13.47194907175885,0.8587962962962963,0.27817952096776194,37.28703703703704,0.13012009130551871,12.40565175425374,52.488502591639076,340,8.925810516315147,48,0.9249020930650935,0.0,29.448784722222243,2482,-416.8116409700001,18.5608450051199,36.0,26.640590171643577,9.70315098355725,26.736111111111114,8.455541096830306,236,0.013411454,2640.8173828125,0.11037230491638184,-45.32282425209328,841.3454404407078,3390,-0.029128111088303505,0.10787037037037037,0.0003,6467.149066840278,0.2
17.720267390725635,13.34404762850822,8.818201534644714,0.8722780599208401,28.101851851851848,589248,0.4454316553197896,4.721111339819229,13.519695282707323,0.8414351851851852,0.26289424681200396,37.33043981481482,0.12564811832470624,12.439150992460508,52.35329973316946,341,8.783073184139143,48,0.9235952962921672,0.0,28.906250000000053,2490,-417.3115300199999,18.645723703563384,36.0,26.512705830387556,9.728951652034064,29.050925925925927,8.00347454041045,236,0.021677123,565.3201904296875,0.10021597146987915,-45.31249789485225,931.2662587130511,3400,-0.03543558604670344,0.19236111111111112,0.0003,2366.176777479384,0.2
17.663572031765124,13.456695179473705,9.536140272052839,0.8700278152088968,28.34259259259259,590976,0.43993617269179525,4.733786570649774,13.370973410239174,0.8055555555555556,0.2587600330057182,37.226851851851855,0.1181861747685127,12.472278425986106,52.302081559822284,342,9.070092332218035,48,0.9158255765890422,0.0,29.882812500000085,2497,-418.32354159000005,19.336126800834613,36.0,26.438881573035758,9.754610582113477,31.365740740740744,7.863291349308068,236,0.015286934,4490.65478515625,0.07234549522399902,-45.30877333747016,992.1519863128663,3410,-0.033634511395185085,0.13229166666666667,0.0003,6951.123533347801,0.2
17.72123803101572,13.682745257326177,8.906454865148639,0.8727803316186963,28.814814814814813,592704,0.4474758817502914,4.746239351540365,13.609285528411894,0.7667824074074074,0.27976060234415573,37.332175925925924,0.11360082168041304,12.506001639807137,52.372512995613896,343,8.981112356236329,48,0.9091536053046214,0.0,29.586226851851936,2505,-421.03674072,19.57664109383473,36.0,26.544204330833935,9.780413677191016,29.28240740740741,8.507440971359914,236,0.02369118,1675.1055908203125,0.1705307960510254,-45.307377370198566,983.6178374820286,3420,-0.038626031110201166,0.22378472222222223,0.0003,1944.1105545609087,0.2
17.656534899701224,13.449919230080525,8.883628597351974,0.8726235740363516,28.314814814814813,594432,0.4480132019907651,4.758268434760263,13.633031174239305,0.8472222222222222,0.2662884915606196,37.204282407407405,0.12405106449490533,12.539784217742735,52.38657975597039,344,8.811633287959182,48,0.9205638190038092,0.0,29.05815972222229,2512,-423.0320841200001,18.916098223077782,36.0,26.527665902783042,9.806055014440268,29.166666666666668,8.102550395645286,236,0.015457845,3926.4345703125,0.12192130088806152,-45.306032491613315,1015.3326334070276,3430,-0.03206215044828477,0.13541666666666666,0.0003,6214.706168619791,0.2
17.7399609944597,13.508386000809375,7.574137357314676,0.8697839019180825,28.453703703703706,596160,0.451810059885777,4.770121711785251,13.733571895668128,0.8310185185185185,0.2782426887980127,37.366898148148145,0.12185242229655804,12.573818147481905,52.37672265107498,345,8.741310809995152,48,0.92410808909431,0.0,28.819444444444525,2519,-424.66488319,18.01662558734028,36.0,26.447027934190757,9.831904916926417,24.884259259259256,8.454102229216227,236,0.018864669,1796.1304931640625,0.13484042882919312,-45.30174252545392,1062.8393503259729,3440,-0.03285500915307138,0.16770833333333332,0.0003,2610.7321953667533,0.2
17.78863580560277,13.3826200239842,7.788080137888069,0.8639497847012446,28.18518518518518,597888,0.44542240381312903,4.782097136142476,13.556857276450927,0.8414351851851852,0.27258815609933423,37.47569444444444,0.12574656970567508,12.607410290673032,52.24392344128564,346,8.790169742890123,48,0.921148999634349,0.0,28.956886574074094,2527,-425.39608986,17.93524619340651,36.0,26.272268920199565,9.857876506440425,25.578703703703706,8.28454603153424,236,0.014177137,6080.50634765625,0.10148370265960693,-45.29206470913357,1052.7394003338284,3450,-0.030719907095448837,0.12065972222222222,0.0003,7171.553841145834,0.2
17.68874261268881,13.158100610642657,7.7864658422334925,0.8732742262844454,27.712962962962962,599616,0.4397253397205925,4.794860243063606,13.360130798898057,0.8454861111111112,0.2690776133324881,37.282986111111114,0.128440870609692,12.640510617670277,52.349963944523466,347,9.105242768451616,48,0.9272098678021464,0.0,29.96238425925924,2534,-425.5430431500001,17.602903378155254,36.0,26.553333377786117,9.883598362972148,25.694444444444446,8.178336925279103,236,0.021088611,2529.64697265625,0.054734766483306885,-45.26605305141873,942.5119692767108,3460,-0.0382384504881446,0.19230324074074073,0.0003,2980.351216182002,0.2
17.767138736783956,13.326436654378087,6.9926115278245105,0.8671231899024908,28.074074074074076,601344,0.4422719771936802,4.807495707250421,13.4543636178674,0.8576388888888888,0.2783245696745554,37.432870370370374,0.12778926005349595,12.673846526714945,52.30920769421419,348,9.054185674726238,48,0.9157728521247153,0.0,29.861111111111178,2541,-426.21571621,17.248177202941278,36.0,26.35539773293652,9.909516209814107,23.03240740740741,8.44912902073868,236,0.017349733,2819.058349609375,0.10567891597747803,-45.2677146770336,1004.0973311177006,3470,-0.035802265798190125,0.16863425925925926,0.0003,5751.349351671007,0.2
17.666518673348122,13.09600744136659,7.236448720314875,0.867425170273776,27.592592592592595,603072,0.4406663536862502,4.819730498589416,13.3935358690147,0.8645833333333334,0.2677558001845298,37.23784722222222,0.128777251953992,12.707030366387482,52.2390765287538,349,8.893916535597961,48,0.9206061679818793,0.0,29.267939814814845,2549,-426.85603846000004,16.938741352684712,36.0,26.35888742129146,9.935182506497478,23.84259259259259,8.126285191003246,236,0.02303993,2933.232421875,0.10377192497253418,-45.28598604555483,875.6303326642072,3480,-0.03438597227343255,0.21134259259259258,0.0003,3149.3583548086663,0.2
17.80968196942294,13.293646296279205,7.057253005375259,0.8699750430280734,28.0,604800,0.44968475031381444,4.83150003517263,13.688459509778758,0.8697916666666666,0.27848241767151477,37.50289351851852,0.13300462418141232,12.740951515161928,52.24633000884777,350,8.70781463328575,48,0.9187413105361242,0.0,28.710937500000014,2556,-429.0677534199999,17.303330318492385,36.0,26.441985634791376,9.961206711421035,23.37962962962963,8.472431016837922,236,0.018971547,4340.498046875,0.06671273708343506,-45.31257519192166,959.6743719524808,3490,-0.03448554251549973,0.17754629629629629,0.0003,6752.295209418403,0.2
17.701951258337306,13.009037552351984,7.541711965604939,0.8658335780311739,27.407407407407405,606528,0.452753865573425,4.843463600463136,13.770226224410225,0.8234953703703703,0.2656809188621301,37.292245370370374,0.12064723665043774,12.775077080722953,52.24325099311259,351,8.785426116202434,48,0.9199691964758236,0.0,28.956886574074073,2563,-432.6782677700001,17.101516395760612,36.0,26.288723212585797,9.986961589566878,24.884259259259263,8.070766877803688,236,0.023022518,1046.392822265625,0.0639849305152893,-45.309760680022066,973.0835846300479,3500,-0.03765895571904602,0.21435185185185185,0.0003,3191.9497956452547,0.2
17.72482033920499,13.03243585122813,7.855111534751077,0.8685721721232683,27.48148148148148,608256,0.44734685633617605,4.855755715759507,13.595649527005207,0.8512731481481481,0.2670204493151822,37.34606481481482,0.12415682261698438,12.808766204540467,52.27525172958798,352,8.916846118548394,48,0.9212080768649817,0.0,29.376446759259245,2570,-434.1892020199999,17.468037585257726,36.0,26.38744003415037,10.01277364041489,25.925925925925924,8.100490199278521,236,0.013947416,5648.86474609375,0.11152923107147217,-45.316002386587634,1136.61622666253,3510,-0.03191581518492765,0.11626157407407407,0.0003,8514.629691116897,0.2
17.81270960792386,13.01080964994847,7.7218126207407245,0.8703490312962132,27.453703703703706,609984,0.4487234116413996,4.867758611756576,13.639125965474756,0.8651620370370371,0.2672864777684239,37.5318287037037,0.13174744480992415,12.842564019454153,52.40910790837455,353,8.801158398827669,48,0.9169318628605745,0.0,28.971354166666742,2577,-435.00556487,17.293531025918966,36.0,26.40141923640248,10.0388054144347,25.462962962962962,8.08090875522977,236,0.023791242,1839.5731201171875,0.06748414039611816,-45.314855815746164,1015.320452534711,3520,-0.03173312336827318,0.19502314814814814,0.0003,2984.361161295573,0.2
17.730115816022877,13.146073995839918,7.54491116286106,0.8741198044901076,27.712962962962962,611712,0.45050755288028355,4.879631721773814,13.701069248426224,0.8385416666666666,0.2691857305300967,37.367476851851855,0.12493720361072981,12.876516692575219,52.477192536112796,354,8.749244006894907,48,0.9185504493830615,0.0,28.7977430555555,2585,-436.28330244000006,17.331640919390694,36.0,26.54229986374948,10.064630703974757,24.884259259259256,8.160655760689716,236,0.018423997,3293.19970703125,0.13020122051239014,-45.318867690474896,1035.702111117045,3530,-0.03408881494327,0.1554976851851852,0.0003,6327.53160083912,0.2
17.77120911608439,13.210633410878927,7.5050060326988515,0.8705911515715314,27.84259259259259,613440,0.45537495739250006,4.891530213820379,13.843390853463786,0.8223379629629629,0.2689528319409022,37.45023148148148,0.1245372865704055,12.910825169708879,52.322864869274134,355,8.759396818625806,48,0.9170651391490123,0.0,28.942418981481477,2592,-438.67384641999996,17.371024992384143,36.0,26.461293078810538,10.090558726764968,24.76851851851852,8.175385548806366,236,0.025008418,2198.27587890625,0.135223388671875,-45.337027825249564,1171.8381101608277,3540,-0.03618941079756176,0.22777777777777777,0.0003,1799.7993665907118,0.2
17.781644395051636,13.396874633663986,7.976147727796025,0.8797230383717135,28.222222222222225,615168,0.44924133544631356,4.9038126312998145,13.662643650281117,0.8402777777777778,0.2747591529421447,37.45081018518518,0.12262885248561872,12.944681778834582,52.48483530293447,356,8.91296699177418,48,0.9190552010215881,0.0,29.354745370370434,2599,-440.19821913,18.21030808111756,36.0,26.73604740025043,10.116512837752596,26.273148148148152,8.357285719657549,236,0.016388621,2729.98193359375,0.10404503345489502,-45.349221279003004,1145.6900654545536,3550,-0.03258399032573733,0.14774305555555556,0.0003,4359.896261031539,0.2
17.70270479475582,13.304358465582446,7.720998014530373,0.8759715546997505,28.009259259259256,616896,0.45320373401159375,4.915578738203193,13.783237562855831,0.8582175925925926,0.27685685783059627,37.30960648148148,0.1317772698565053,12.978839872741721,52.49127336082599,357,8.70644276135143,48,0.9205150665092683,0.0,28.725405092592595,2606,-440.3284717499999,17.930015571622782,36.0,26.61093785404209,10.142269599739485,25.347222222222225,8.424659091509964,236,0.019108461,1243.6749267578125,0.10761427879333496,-45.33450193051939,1121.1971496652675,3560,-0.0350726650648371,0.16672453703703705,0.0003,2788.481428810402,0.2
17.727939043304247,13.348916149898587,7.531678881861855,0.8705693428423827,28.083333333333332,618624,0.4488450897188599,4.927713309398445,13.642971938988053,0.8234953703703703,0.277955456003183,37.342592592592595,0.12749442330139904,13.012647302589192,52.395569014866794,358,8.853828478100981,48,0.9232600665082792,0.0,29.15219907407411,2614,-441.01449025,17.828533858203425,36.0,26.460587516610275,10.168089447347747,24.76851851851852,8.467938826442984,236,0.01708098,3746.962890625,0.1467651128768921,-45.32237801728425,1002.8749048939458,3570,-0.03429962612205634,0.15,0.0003,5572.997601996528,0.2
17.622528500817886,13.52147584293084,7.372482380219554,0.8736725703406775,28.472222222222225,620352,0.4486497849483183,4.939618773166447,13.641863489480142,0.8275462962962963,0.2865877310152432,37.11574074074074,0.1251319429604035,13.046451961312892,52.418794786179056,359,8.762185507200568,48,0.9197858990365327,0.0,28.84114583333343,2621,-440.4651350800001,18.08656619650425,36.0,26.557873692031155,10.193645768599792,24.189814814814813,8.712607973353855,236,0.022045793,2193.64306640625,0.11598485708236694,-45.32966341089319,1344.1654436182093,3580,-0.03468933229645093,0.21140046296296297,0.0003,2248.0799777560765,0.2
17.594397955820238,13.429130258503038,7.552080054607782,0.877021625625181,28.296296296296294,622080,0.4483220693760301,4.951236174902331,13.632057312885477,0.8784722222222222,0.28126047589128905,37.07233796296296,0.12954008166906245,13.080232104595105,52.48436421835038,360,8.646960694353657,48,0.9166917765758698,0.0,28.551793981481538,2629,-440.85032982999996,18.010759609086808,36.0,26.655409245172113,10.219131763489342,24.884259259259263,8.549549295975988,236,0.014655966,4598.7626953125,0.09165477752685547,-45.33934680797436,1141.078220544038,3590,-0.034495922052129,0.12390046296296296,0.0003,7691.955609809028,0.2
17.73296957956207,13.915016347284562,8.303171214914373,0.8758010840713878,29.324074074074076,623808,0.45646591959765326,4.963314220606417,13.87246950435049,0.8385416666666666,0.2932096540085361,37.379629629629626,0.12686164943936398,13.11461327835598,52.450398980260445,361,8.831218281634536,48,0.9262264538553063,0.0,29.10156250000003,2636,-444.55682959000006,19.608989134360442,36.0,26.62804382626662,10.244964187438248,27.430555555555557,8.910801572161509,236,0.02202094,2631.62548828125,0.08555793762207031,-45.35910435429326,930.6539011778655,3600,-0.036391211866780564,0.19027777777777777,0.0003,3843.5053869176795,0.2
17.735168769932056,13.845149471049979,8.039417436152911,0.8739900303178141,29.203703703703706,625536,0.4481393506651454,4.975785201461074,13.601488972108191,0.8379629629629629,0.2878788797247787,37.38483796296296,0.12931080589152388,13.148317000786252,52.460274385066306,362,8.988392341862497,48,0.9267836678815462,0.0,29.57175925925932,2643,-447.4178578699999,19.08889532167585,36.0,26.56583311969742,10.270802109363078,26.50462962962963,8.72432841447296,236,0.013855626,6235.8095703125,0.03786885738372803,-45.350487080326786,1299.8192941806935,3610,-0.031432253208563285,0.11539351851851852,0.0003,10693.26298828125,0.2
17.69205116356496,13.867188062708777,7.556374948350933,0.8697283677381513,29.222222222222218,627264,0.45414056126742225,4.987917399423364,13.810393777344812,0.8125,0.2957235518999248,37.270833333333336,0.12207411688173236,13.182542985229613,52.38420480606893,363,8.852879184916153,48,0.9197218248610177,0.0,29.202835648148145,2650,-448.00703192000003,18.895981315124736,36.0,26.43897676616328,10.296532237271991,24.884259259259256,8.992418304065026,236,0.022190072,1553.1719970703125,0.04739117622375488,-45.33280013755516,1364.022883436415,3620,-0.03886638396695532,0.2065972222222222,0.0003,2127.3072613751447,0.2
17.729642598178817,14.069123059065285,7.557639752326132,0.8724186705430444,29.64814814814815,628992,0.44869019542794,5.000197518671397,13.623292811265296,0.8373842592592593,0.30076766822354967,37.35706018518518,0.12852452492366512,13.216301217257776,52.4508805517942,364,8.912047699213455,48,0.915510867468197,0.0,29.333043981481584,2658,-449.48901693000005,19.23583723117123,36.0,26.520308788994857,10.322356343767439,24.76851851851852,9.129074419779812,236,0.01711593,2831.133056640625,0.10584449768066406,-45.33389470135724,1047.2867908230535,3630,-0.034398614901497405,0.14276620370370371,0.0003,5306.481060112847,0.2
17.733367027385565,13.93497348996761,7.622065044700823,0.8765091360583882,29.38888888888889,630720,0.447093334841031,5.012526139774219,13.575331583940319,0.84375,0.29516790346865834,37.395254629629626,0.1277220532198101,13.249939546217627,52.51621553054493,365,8.931448441128817,48,0.927406114605233,0.0,29.441550925925988,2665,-449.26563113000003,18.982535462697292,36.0,26.637477995062863,10.348189761335902,25.000000000000004,8.945496928028861,236,0.024333121,1894.1214599609375,0.05621403455734253,-45.33536694844564,1150.1288024690416,3640,-0.03259785584588018,0.20190972222222223,0.0003,3011.7234809027777,0.2
17.811820818287135,13.954185322357963,7.984941562349877,0.8724521716544564,29.40740740740741,632448,0.4505708811094725,5.024761749504266,13.70504564494511,0.8217592592592593,0.2959483642083429,37.532407407407405,0.12012182152732938,13.28390216032999,52.40928074536006,366,8.894243892018407,48,0.9254724754866447,0.0,29.311342592592663,2672,-451.12832395,19.40984793755752,36.0,26.50706906358639,10.37421931338162,26.27314814814815,8.990721052849679,236,0.017920557,1399.0072021484375,0.09072840213775635,-45.366562115704575,1299.7340306670578,3650,-0.03334325971599254,0.17164351851851853,0.0003,4148.334858760128,0.2
17.78237967523456,13.843887303990181,7.932094811825745,0.8729377579806773,29.18518518518518,634176,0.45716319348698814,5.036883055908817,13.894928778580585,0.8431712962962963,0.2859435372970543,37.46238425925926,0.1296372181195113,13.318339482276443,52.4462591280029,367,8.848522561820426,48,0.9235569378422601,0.0,29.137731481481584,2680,-454.7392678300001,18.921245931386387,36.0,26.53077248664998,10.400175262569705,26.041666666666668,8.665263815570462,236,0.02433666,2731.658935546875,0.14791452884674072,-45.3609858194987,1400.8288004839862,3660,-0.032914071650830684,0.21388888888888888,0.0003,1881.6656136971933,0.2
17.820186439691167,13.753404343378326,7.526429186152179,0.8684824528552202,28.962962962962962,635904,0.4546008752652149,5.049158215596107,13.816491764469156,0.8177083333333334,0.2820214255365265,37.551504629629626,0.12075882604342407,13.352580711687615,52.35622510258267,368,8.91006387491595,48,0.9128480032963252,0.0,29.340277777777796,2687,-457.68720796,18.330753057508872,36.0,26.382275055391123,10.426225728668934,24.76851851851852,8.570919527978367,236,0.017688517,2602.75,0.08854293823242188,-45.35738723189743,1238.2767884854918,3670,-0.03364306471517516,0.1631365740740741,0.0003,5854.213948567708,0.2
17.79364862017738,13.976156366431157,8.184874076901025,0.8665425324830868,29.444444444444443,637632,0.4581684535622475,5.061251547572508,13.946115207781702,0.8304398148148148,0.28597077421769773,37.49016203703704,0.12462484284892039,13.38714599970707,52.291610945385976,369,8.837332790560607,48,0.918581726174332,0.0,29.173900462962965,2695,-458.97149447000004,19.31793608062586,36.0,26.315676456254163,10.452209850219377,26.96759259259259,8.676905637293677,236,0.021646274,2584.0869140625,0.07808834314346313,-45.3751385724103,1292.506127859045,3680,-0.03679931227600685,0.21059027777777778,0.0003,2671.836545138889,0.2
17.781161593742272,13.565342717560995,7.534023136643893,0.8667633487929013,28.574074074074076,639360,0.46069980273396544,5.073369981255505,14.000233139188397,0.8026620370370371,0.2803483805405952,37.480324074074076,0.12192451400002835,13.421846582555041,52.31041033438362,370,8.847373473199008,48,0.9157213687936575,0.0,29.19560185185185,2702,-460.6182906700001,18.0855786405753,36.0,26.326000910623915,10.478162754203733,24.652777777777782,8.506212786370414,236,0.016907355,3294.729736328125,0.05540359020233154,-45.356059844405564,1358.2261064388133,3690,-0.03504214042418257,0.15555555555555556,0.0003,6181.778453233507,0.2
17.750023557772703,13.592473711679736,7.918841396616254,0.8680228672399769,28.62037037037037,641088,0.45041804430040205,5.085909173709501,13.676823168045424,0.8495370370370371,0.2834801212943028,37.402199074074076,0.12470711793793086,13.455738640475154,52.39006205359971,371,9.015676981598553,48,0.9216352191718611,0.0,29.694733796296358,2709,-461.2086087,18.600711109232765,36.0,26.37944689371207,10.504037813098165,26.041666666666668,8.609396000936776,236,0.0226168,1355.0062255859375,0.12272500991821289,-45.34851120842828,1383.6147436565823,3700,-0.03318523851016329,0.19693287037037038,0.0003,2223.2043655960647,0.2
17.597637085605125,13.328147307491092,7.303873469499728,0.8755442799514969,28.083333333333332,642816,0.45532014804919807,5.097996115177496,13.825288445084304,0.8096064814814815,0.2874389906700345,37.076388888888886,0.12102657351951568,13.490001861587865,52.553129492086576,372,8.834776587198185,48,0.9160452656287409,0.0,29.06539351851851,2716,-459.6699385600001,17.8529192297144,36.0,26.60800335898004,10.529531905812178,24.189814814814813,8.74089845272358,236,0.018004866,3607.555419921875,0.10006725788116455,-45.36182218480993,1195.4013073462027,3710,-0.030846220232477344,0.1633101851851852,0.0003,5008.937813765914,0.2
17.711260977523434,13.450857362681253,8.660588053042488,0.874214119620342,28.314814814814813,644544,0.4546514014096842,5.110303130670803,13.80413208870359,0.8234953703703703,0.27543044962128843,37.31481481481482,0.12337065152388894,13.524212191809625,52.41398107641216,373,8.922806197322679,48,0.9182945017077421,0.0,29.3619791666667,2724,-461.00388351000004,18.98696502852089,36.0,26.57792197273984,10.555310058255987,28.587962962962962,8.395519612797147,236,0.024668729,1208.1312255859375,0.08368611335754395,-45.3758866486726,1295.0867105978507,3720,-0.034993605845159405,0.2282986111111111,0.0003,2767.2300482855903,0.2
17.74820057413612,13.548690115242408,8.94688757797991,0.8750541174344463,28.481481481481485,646272,0.45732160456309356,5.1229829825641335,13.880153906951918,0.8518518518518519,0.27179985997429223,37.39699074074074,0.12681422478638274,13.558612576577005,52.49645033728503,374,9.07194075733219,48,0.9299394827154454,0.0,29.803240740740755,2731,-464.20256818,19.279177754890142,36.0,26.6056970584247,10.581180559691328,29.513888888888886,8.303600061667826,236,0.023738202,1812.4527587890625,0.09403848648071289,-45.382999660350656,1397.5145985285442,3730,-0.03239686318017818,0.20353009259259258,0.0003,3433.1398261176214,0.2
17.797894627715003,13.758146298992758,8.090444857720618,0.8738611424462303,28.962962962962962,648000,0.4571024925969734,5.135444946127844,13.904828114503344,0.8466435185185185,0.29225102416998033,37.513888888888886,0.12696594321697643,13.593074646863263,52.41403824216906,375,8.98478542548438,48,0.9234602820582848,0.0,29.56452546296296,2738,-466.4547067,19.221916011978934,36.0,26.548327302496045,10.607175296260616,26.73611111111111,8.89332485526556,236,0.026523056,813.5692749023438,0.056749701499938965,-45.363440873887804,1522.48498750616,3740,-0.033519260919894336,0.24369212962962963,0.0003,2229.471176260489,0.2
17.71648976729473,13.506232612078781,7.651570963982588,0.875799017709717,28.462962962962962,649728,0.45465581441041936,5.14759602570496,13.812053187119155,0.8211805555555556,0.28327494165667094,37.33449074074074,0.12185531021899634,13.62730477983106,52.40854492072535,376,8.860431830846455,48,0.9240939460301797,0.0,29.181134259259235,2745,-467.03104186999997,18.23877277828711,36.0,26.60829057409478,10.632966520678853,25.23148148148148,8.60096920222574,236,0.01627609,2589.5146484375,0.1008690595626831,-45.36504291958279,1413.851491963422,3750,-0.03210357177174754,0.14375,0.0003,4641.6255289713545,0.2
17.803954235773997,13.373695071104626,7.07445138652401,0.8692091863473084,28.194444444444443,651456,0.4558755833395924,5.1596178808638005,13.841303756265836,0.8680555555555556,0.2779006270497802,37.514467592592595,0.13046392245411495,13.661608039221726,52.30666905410299,377,8.80874206353615,48,0.9241868629609178,0.0,29.00028935185183,2753,-466.855777,17.365703954601695,36.0,26.399014497988745,10.658976406268287,23.37962962962963,8.437557496973058,236,0.015300173,2401.350341796875,0.09127086400985718,-45.35933248731825,1425.316357195819,3760,-0.03193606414521734,0.12256944444444444,0.0003,3951.5740966796875,0.2
17.84492567274999,13.36963625108495,8.427128352871657,0.8715851313010762,28.185185185185187,653184,0.45807894670807814,5.172286308964087,13.92922731384035,0.8512731481481481,0.26569738089271233,37.611111111111114,0.12876515028325455,13.696131107506327,52.348355243093614,378,9.067371240114609,48,0.9241325430975187,0.0,29.897280092592545,2760,-470.4918682899999,18.33267862199876,36.0,26.455486854385338,10.685088720450162,27.777777777777775,8.055914018042154,236,0.0139833605,3325.472412109375,0.09948641061782837,-45.36978395250109,1382.397264042607,3770,-0.029473242781090515,0.10086805555555556,0.0003,7020.427452256945,0.2
17.77152222448032,13.175045544274788,6.609147829440012,0.8653680653558089,27.824074074074073,654912,0.45895904166546975,5.184305972054693,13.949134901433197,0.8333333333333334,0.2753812060354055,37.457754629629626,0.1250598222075923,13.73070394475991,52.183648071694655,379,8.807865236242497,48,0.9167849368686524,0.0,29.000289351851887,2767,-472.76757317000005,16.60742702477752,36.0,26.265639318353877,10.711017526011362,21.875,8.34323365106272,236,0.026163967,2443.02880859375,0.19180649518966675,-45.359780869660554,1444.5406830116553,3780,-0.03726162981690356,0.23541666666666666,0.0003,2706.0056929976854,0.2
17.81889786232863,13.162609911213238,6.065938721090191,0.8678183240472467,27.740740740740744,656640,0.45228929661922246,5.196610943564914,13.747275845053244,0.8449074074074074,0.27734519654998013,37.54456018518518,0.12329634668763348,13.764772134372542,52.1854696313217,380,8.92198860408858,48,0.9284544381675561,0.0,29.412615740740815,2774,-471.4058395799999,16.132783124736832,36.0,26.3518561092939,10.737064770667184,20.02314814814815,8.424234492433401,236,0.015733978,3525.468017578125,0.1376405954360962,-45.376685304994936,1218.2851723353067,3790,-0.03205933664683942,0.1417824074074074,0.0003,7233.992232711227,0.2
17.768680993020197,13.22314596252618,6.874459236871746,0.8679831305914848,27.87037037037037,658368,0.45290037853920173,5.208903480252004,13.762551196699564,0.8454861111111112,0.27376065782677467,37.447916666666664,0.1253352320634725,13.798878512364292,52.22312724855135,381,8.917014674835874,48,0.9188557643658043,0.0,29.3619791666667,2782,-472.15591019,16.88242774974957,36.0,26.352723148433498,10.762986473149734,22.685185185185187,8.304822550351643,236,0.018994892,1523.535400390625,0.031942009925842285,-45.356843595151545,1478.504519978276,3800,-0.03742015101360502,0.17297453703703702,0.0003,3776.0634318033854,0.2
17.722433571552227,13.2583685075468,6.129146794936116,0.8645027092762795,27.925925925925927,660096,0.44838218302215405,5.220581090045193,13.638922227472023,0.8287037037037037,0.2832260989081576,37.358217592592595,0.11829312113884347,13.832675817932971,52.144619015691035,382,8.671043917275613,48,0.9190325709581829,0.0,28.638599537037045,2789,-471.26798331,16.46350787681643,36.0,26.262290914559042,10.788792557078615,20.138888888888886,8.595992574333513,236,0.016000567,5438.34912109375,0.014742553234100342,-45.354653365523724,1308.5607418130946,3810,-0.030664670955458724,0.12199074074074075,0.0003,9909.932101779514,0.2
17.76890837074895,13.33181839068306,6.559927156992597,0.8631630951663066,28.083333333333332,661824,0.4530053916435978,5.232700478721868,13.779170664787545,0.8478009259259259,0.2724464009650445,37.45601851851852,0.12385648792728782,13.86682374459494,52.136486363730455,383,8.8477554706699,48,0.9180165280090562,0.0,29.16666666666671,2796,-471.98095185,16.63855245820145,36.0,26.217666475018518,10.814714828005487,21.527777777777775,8.266806910525792,236,0.020168187,2286.258056640625,0.1119038462638855,-45.35046591582122,1418.7513790130615,3820,-0.030939520779928124,0.1699074074074074,0.0003,2961.8143511736835,0.2
17.763997709721227,13.404703092591964,6.681069782352831,0.8677976329146762,28.23148148148148,663552,0.4527512079612744,5.244570791645278,13.761398378921307,0.8287037037037037,0.28035670790414335,37.43981481481482,0.1225703759885626,13.900927240542243,52.264308003570136,384,8.748125169364135,48,0.9165257721273259,0.0,28.826678240740804,2803,-474.52962599,17.06161432335539,36.0,26.36304220384504,10.84062482227979,21.875,8.495841448410593,236,0.017475406,2830.288330078125,0.12757915258407593,-45.35213658368146,1284.7245284151147,3830,-0.03317860854893095,0.14878472222222222,0.0003,5763.042983217592,0.2
17.850069693808734,13.438882381740875,5.879898530406233,0.8717412912781509,28.287037037037038,665280,0.4510206453104136,5.256286525192266,13.720564631601425,0.8524305555555556,0.29113254777491465,37.60300925925926,0.1216806879431174,13.934928652121247,52.264904516641984,385,8.686293418795278,48,0.9199556806285222,0.0,28.645833333333425,2810,-475.50402113,16.63487276689765,36.0,26.46932218099489,10.866749996514312,19.328703703703706,8.836091854750546,236,0.028169982,2698.722412109375,0.11127704381942749,-45.32944679260254,1317.2004527445192,3840,-0.03254478182471185,0.20341435185185186,0.0003,4369.159031394676,0.2
17.737230033290135,13.125564536794238,5.625082545349305,0.872385020854494,27.648148148148152,667008,0.45039560303983095,5.267713375336837,13.70113974098553,0.8541666666666666,0.2818398547210387,37.379050925925924,0.12449587214233382,13.96888150147371,52.31700355705417,386,8.570740057828214,48,0.9274995868397644,0.0,28.21903935185191,2818,-474.86470452000003,15.77679904644015,36.0,26.47585034121469,10.892593071597537,18.51851851851852,8.546151964296605,236,0.015833084,4501.93896484375,0.08034777641296387,-45.3122807820638,1401.9419170026426,3850,-0.03515749298105085,0.1373263888888889,0.0003,7938.637968388311,0.2
17.809437748886065,12.791344155398123,6.088895989052048,0.8734457173534812,26.944444444444443,668736,0.44615462835120456,5.2794476069171825,13.56188922798224,0.8206018518518519,0.26468740487365666,37.51909722222222,0.11652330080080787,14.002486224543667,52.35723433432829,387,8.693692632138356,48,0.9152646447697083,0.0,28.645833333333368,2825,-475.2272681800001,15.38226330881539,36.0,26.52260347877773,10.918616665969752,20.02314814814815,8.02202316436522,236,0.021782033,2840.794921875,0.07647675275802612,-45.31655245180483,1535.7180092564336,3860,-0.03526289859717643,0.18744212962962964,0.0003,3970.9845734772857,0.2
17.674975664194875,13.038063678157002,6.124358770461289,0.8679458929281066,27.462962962962965,670464,0.4412634732213029,5.291205142600199,13.431914005590206,0.8159722222222222,0.2754307977533966,37.223379629629626,0.11742360941333939,14.035766009557642,52.176980325016444,388,8.703014273206469,48,0.9191712101880062,0.0,28.69646990740745,2832,-473.7436578600001,15.996573143807352,36.0,26.35528380673981,10.94430410513024,20.13888888888889,8.354150695189059,236,0.014788089,4116.583984375,0.12182658910751343,-45.294757546318905,1331.5930910393045,3870,-0.031848605691144866,0.12471064814814815,0.0003,7544.854644097222,0.2
17.63843718483868,12.906784290139974,5.667050517421143,0.8681438148042925,27.194444444444446,672192,0.44521335664323397,5.302522619896022,13.542924135546896,0.8159722222222222,0.2718223673263778,37.15914351851852,0.1186565178422044,14.06932331989651,52.16401412315005,389,8.526990918329446,48,0.9145976539033107,0.0,28.13223379629637,2839,-473.2944221000001,15.296797186990537,36.0,26.352830885979316,10.969900198092336,18.63425925925926,8.24296237942942,236,0.02565757,2221.407470703125,0.017354905605316162,-45.261770742910876,1652.0588491298533,3880,-0.03574646546815832,0.24508101851851852,0.0003,3505.927458134404,0.2
17.637921854640798,12.70016405658926,5.509951061687537,0.8672001057678002,26.712962962962962,673920,0.4355108430147857,5.314565743985437,13.273154645878774,0.8333333333333334,0.26080914674632877,37.13773148148148,0.12380462069629948,14.102206206511207,52.15599749409612,390,8.817249635765691,48,0.9272814036999967,0.0,29.09432870370372,2847,-472.76338107000004,14.630231091093883,36.0,26.335357310549657,10.995495002728939,18.055555555555557,7.940115972817085,236,0.017762287,3657.510986328125,0.04835397005081177,-45.272097750063296,1507.5289476535938,3890,-0.036004507619266705,0.1544560185185185,0.0003,7614.296567563658,0.2
17.64674368440559,12.675782825083445,5.971694760073151,0.8740777623868548,26.666666666666668,675648,0.439281798722454,5.3264447778380095,13.349316933022015,0.8460648148148148,0.2641034821333254,37.186342592592595,0.12832097979650128,14.135279498843762,52.37459378649039,391,8.751613541029117,48,0.9199260567675701,0.0,28.891782407407483,2854,-473.38329999,15.16619527767357,36.0,26.535515220407024,11.021111861939954,19.560185185185187,8.038717692516974,236,0.02032187,5485.42138671875,0.04440039396286011,-45.29122043185764,1514.5720942320647,3900,-0.03614708114484394,0.1778935185185185,0.0003,5163.049291992187,0.2
17.66514158288517,12.85649888772882,6.232163965431603,0.8762449870453702,27.083333333333332,677376,0.44576332826293924,5.338475015143756,13.55280587774245,0.8182870370370371,0.2707202034729356,37.20659722222222,0.12183825377745043,14.168861513538118,52.39899172362783,392,8.812094922298604,48,0.914210613342813,0.0,29.00752314814811,2861,-477.21260681000007,15.779649908922927,36.0,26.59753794765842,11.046774715897167,20.48611111111111,8.210987055762503,236,0.015820364,5883.81982421875,0.09435206651687622,-45.302316157023114,1320.087423550641,3910,-0.02978994266854392,0.11637731481481481,0.0003,9766.850027126737,0.2
17.70693933153716,12.610874584506123,5.801421714628177,0.8755888242076967,26.546296296296294,679104,0.4483208558799387,5.350183137069785,13.618999831772397,0.8234953703703703,0.2662999590703304,37.30671296296296,0.12520648113670085,14.202609013117549,52.408280812427456,393,8.683248770411675,48,0.9191489678956061,0.0,28.559027777777878,2869,-480.59097473,14.984334072982403,36.0,26.577483811797112,11.07254206422601,19.09722222222222,8.092037773848105,236,0.025037184,3557.349609375,0.07859522104263306,-45.29625653867368,1407.0106593944408,3920,-0.03377436464479952,0.22615740740740742,0.0003,4444.294391095197,0.2
17.667412148962423,12.630756081531297,5.679720776703305,0.8710872846144332,26.60185185185185,680832,0.44364256098570487,5.362303607289207,13.483217679244662,0.8339120370370371,0.26864763956364374,37.222800925925924,0.12610610887211693,14.23601705731566,52.31225392202,394,8.848188087768776,48,0.9150525699528015,0.0,29.13773148148153,2876,-482.05675933000003,14.935820053256393,36.0,26.439398099024555,11.098210594598417,18.634259259259256,8.145343195021791,236,0.015058491,4298.810546875,0.09647685289382935,-45.30203523989077,1551.964066254651,3930,-0.03241039902765166,0.1337384259259259,0.0003,8630.063060619214,0.2
17.604784341261656,12.7311419366766,5.93848924140416,0.8703657005905749,26.814814814814813,682560,0.43934211891732877,5.374394115214603,13.363093986888268,0.8483796296296297,0.27317091692900136,37.098379629629626,0.12594150366867898,14.26912479228288,52.26431131871789,395,8.836203170158136,48,0.9197834961440953,0.0,29.10879629629637,2883,-480.96038743,15.432908927669876,36.0,26.42241831185326,11.12372255545157,19.444444444444446,8.283277749589116,236,0.018964985,2390.935302734375,0.08937472105026245,-45.295638981571905,1418.697482363383,3940,-0.030058885186358734,0.16435185185185186,0.0003,5180.181585467303,0.2
17.754263399808934,12.662359409344665,5.297682663369026,0.866953270942024,26.65740740740741,684288,0.4440163144071889,5.385967218330527,13.4960390104184,0.8298611111111112,0.2742464329866154,37.420138888888886,0.12292977376466559,14.302564889808927,52.252859964684625,396,8.629241246369554,48,0.917024032770309,0.0,28.457754629629715,2890,-481.82308224,14.779374304357486,36.0,26.32375903818381,11.149608213951092,17.47685185185185,8.339332231643793,236,0.018662337,5260.3671875,0.04334461688995361,-45.288925114384405,1559.5110045115152,3950,-0.03405197582518061,0.18587962962962962,0.0003,8172.022989004629,0.2
17.709345440791274,12.748818494857383,5.036152241030986,0.8706946819945843,26.85185185185185,686016,0.4446043681456767,5.397922424524402,13.521892140603912,0.8246527777777778,0.2847815279112367,37.313657407407405,0.12298576885449959,14.336069620160437,52.315797402649544,397,8.782082477550048,48,0.9197692883539761,0.0,28.96412037037042,2898,-485.0073076400001,14.931277829014906,36.0,26.44071312466175,11.17538157755307,16.666666666666668,8.666307093126537,236,0.02260157,4025.560546875,0.08893191814422607,-45.31990801493327,1418.0096812636764,3960,-0.03410750847240841,0.20931712962962962,0.0003,4237.091193757234,0.2
17.7850283561073,13.361058988343578,5.269983187649503,0.8746305444628598,28.13888888888889,687744,0.4446004562524805,5.409654997335115,13.520493304907305,0.8541666666666666,0.30667920186939807,37.48148148148148,0.1239008464447981,14.369570853422704,52.33527123030825,398,8.693029124285022,48,0.92334439396559,0.0,28.64583333333342,2905,-486.52091370999995,16.43092845234376,36.0,26.548658103465637,11.201344148443338,17.36111111111111,9.31988627635068,236,0.016929386,3944.088623046875,0.10815328359603882,-45.31024545740198,1560.4807740388094,3970,-0.029991944235990997,0.1517939814814815,0.0003,6569.160015190972,0.2
17.776127340591227,13.291929714689951,5.642275546525984,0.8716555327516922,28.01851851851852,689472,0.44317235003101946,5.421358093024652,13.467694942604929,0.8524305555555556,0.2926162825329543,37.457175925925924,0.12669052912003353,14.402940090779216,52.31091321659207,399,8.681238275814724,48,0.9253977166775177,0.0,28.595196759259323,2912,-487.2536516,16.29002021152917,36.0,26.464375532799078,11.227284466794817,18.518518518518515,8.875814950313236,236,0.026033916,2637.672119140625,0.09606027603149414,-45.32541813320584,1618.136279353389,3980,-0.034957220971032425,0.21712962962962962,0.0003,3252.897982675058,0.2
17.791870111292756,13.379172934035594,5.821597725416449,0.8733397536022124,28.222222222222225,691200,0.4420721579422295,5.43337706722082,13.431315301755767,0.8182870370370371,0.2968807779776906,37.49710648148148,0.12202476558058337,14.436218379033606,52.37558820022179,400,8.807589678467446,48,0.9204815168745213,0.0,29.007523148148167,2920,-488.80937108,16.66983614734204,36.0,26.509904928699125,11.253264142073048,19.097222222222225,8.989065487889997,236,0.025422856,4536.81982421875,0.11585068702697754,-45.31587712323224,1494.7001666810777,3990,-0.03843314873261584,0.2212962962962963,0.0003,5890.506528501158,0.2
17.744134243412287,13.608604184214835,6.404904730113,0.8787768088009545,28.703703703703706,692928,0.44953462732849436,5.445076250079037,13.653430223421692,0.8402777777777778,0.30922912426594157,37.3912037037037,0.12600616504151244,14.470051954592162,52.508130603695236,401,8.679673143286779,48,0.9222568144906566,0.0,28.573495370370345,2927,-490.82885206,17.85982944690336,36.0,26.672784131612477,11.279124477681579,21.064814814814813,9.366320532575521,236,0.020273404,3249.651611328125,0.10622352361679077,-45.32903915687844,1705.2308120586254,4000,-0.03308569400881727,0.16846064814814815,0.0003,3417.5737173574944,0.2
17.71946495453976,13.400368317731855,6.06462286312349,0.8791834095077041,28.287037037037038,694656,0.44449907366690256,5.457279422998909,13.51341398513572,0.8315972222222222,0.29923515127416994,37.33680555555556,0.1224553189367757,14.503535489555,52.424388064914034,402,8.881269167948695,48,0.9196727787600736,0.0,29.26793981481483,2934,-492.47805731,17.014315073136224,36.0,26.695191937184138,11.30492314006793,20.02314814814815,9.069323892280877,236,0.015592315,4307.39501953125,0.08405333757400513,-45.331952766135885,1677.8830691302264,4010,-0.033689940634563015,0.1398726851851852,0.0003,5981.964456741898,0.2
17.796409979646306,13.458200034782855,5.39627594419852,0.8752738540968412,28.37962962962963,696384,0.4474345098994294,5.46932369383714,13.603521663520866,0.8211805555555556,0.301386143057158,37.486111111111114,0.12199846243664174,14.537244293713803,52.308699991244545,403,8.81770833529253,48,0.9177590354804882,0.0,29.021990740740645,2941,-494.12304902000005,16.48708336999016,36.0,26.585482351971052,11.330914165017045,17.824074074074073,9.152607391008784,236,0.02130573,2934.07373046875,3.5762786865234375e-07,-45.34729557743779,1712.108340298688,4020,-0.03398340921849012,0.18292824074074074,0.0003,4567.469245062934,0.2
17.82599411919709,13.56659411352369,6.516088745163718,0.8752228120149345,28.583333333333332,698112,0.45018231216986515,5.481096264373315,13.684606394407139,0.8379629629629629,0.2957932322698326,37.563657407407405,0.12496602286051123,14.571155809699821,52.30545767568268,404,8.709028214470097,48,0.9196959443829414,0.0,28.689236111111157,2949,-497.53720543000003,17.56298304212531,36.0,26.59985232621676,11.356979150315038,21.527777777777775,9.000300183437902,236,0.015471332,6268.80908203125,0.08985602855682373,-45.35919221948694,1477.2425560280128,4030,-0.03350273308654626,0.12777777777777777,0.0003,10479.673933015047,0.2
17.80163929984758,13.6453256077969,6.324767127194615,0.874318980176131,28.73148148148148,699840,0.4470439956276621,5.492634669557135,13.595081379667688,0.8483796296296297,0.2941257581041042,37.52777777777778,0.12697770928340998,14.60484351314899,52.288831669162484,405,8.61536207352801,48,0.9232842487911099,0.0,28.457754629629637,2956,-497.7239924599999,17.41851100280404,36.0,26.569342719196914,11.382983248564656,20.949074074074073,8.968418267812522,236,0.023966633,3437.244384765625,0.06295377016067505,-45.3752931382921,1555.6826807516593,4040,-0.03411465660599923,0.1865740740740741,0.0003,5057.121701841002,0.2
17.783105215002227,13.706820620419677,7.053597475464311,0.87094347575942,28.861111111111114,701568,0.4516862764015826,5.504274605188332,13.731317659918327,0.859375,0.2874407835552166,37.469907407407405,0.12912915514461534,14.638871807298786,52.24257240624371,406,8.655974252478702,48,0.9255801480513415,0.0,28.493923611111114,2963,-498.42144904,17.995294179915994,36.0,26.472499527303466,11.408941011602161,23.263888888888886,8.754876084032007,236,0.016324671,6013.90771484375,0.057578086853027344,-45.3684666245072,1666.4415330533627,4050,-0.034585583382458596,0.13912037037037037,0.0003,8315.922224030672,0.2
17.832039300966912,13.863086148185303,7.3111448031902535,0.8735695862079708,29.175925925925924,703296,0.44636469166104475,5.516047263777492,13.562070410538253,0.8258101851851852,0.2924220820172246,37.570023148148145,0.11730588768378718,14.672476983325131,52.35239156542719,407,8.709063435664063,48,0.9179186045963237,0.0,28.7109375,2970,-499.9779342,18.57063314681639,36.0,26.550933920031937,11.43502110985458,24.074074074074076,8.916402195440837,236,0.022531293,4043.644775390625,0.10137540102005005,-45.386767337940356,1760.2425658614548,4060,-0.0344242424066006,0.17980324074074075,0.0003,3870.2038090458623,0.2
17.847129797288268,13.847542350913562,7.272264436963394,0.8752867171716249,29.175925925925927,705024,0.4503276833670083,5.527869991420523,13.707793399089491,0.8564814814814815,0.2928137597643207,37.604745370370374,0.12899057833329763,14.706446466822856,52.32823932914092,408,8.729091057212555,48,0.9271525207579681,0.0,28.80497685185189,2977,-501.92195582,18.505424225256633,36.0,26.60319418631156,11.461138934347801,23.958333333333332,8.905617437379677,236,0.018060861,5258.83740234375,0.09149658679962158,-45.40914224695276,1703.528949991862,4070,-0.03402951497205153,0.1528935185185185,0.0003,8330.602956814237,0.2
17.884982714614207,14.025049343975077,6.445381101760432,0.8719639366579813,29.564814814814813,706752,0.4568261175942736,5.539532774172443,13.88728868781192,0.8512731481481481,0.3112517573304783,37.695023148148145,0.12394846592541103,14.740864688542386,52.25405907619955,409,8.665113100767652,48,0.9231890039204127,0.0,28.624131944444365,2985,-506.04289854,18.40066141665298,36.0,26.4885557565751,11.487351391134336,21.180555555555554,9.450230970917469,236,0.022556676,1313.84423828125,0.08150267601013184,-45.43594197873716,1837.4889270923757,4080,-0.0342749134844376,0.17754629629629629,0.0003,3815.571769205729,0.2
17.907601396509968,14.102478697177178,6.865371224784305,0.8759561295440405,29.722222222222218,708480,0.46152264963625356,5.5516692269544725,14.031415950574626,0.8570601851851852,0.31440593006996337,37.726851851851855,0.1246372186034829,14.775643228418822,52.381729458291915,410,8.854581112811859,48,0.9174716674515431,0.0,29.159432870370384,2992,-511.1859493200001,18.998868440780512,36.0,26.613020447184955,11.51362039462561,22.569444444444446,9.55101851881903,236,0.01480097,5109.44677734375,0.14180058240890503,-45.44793639006438,1931.3155989964803,4090,-0.027261116929973166,0.12251157407407408,0.0003,6273.383742042824,0.2
17.861567231561537,14.045260167173865,6.5655197592613606,0.8797144176190175,29.60185185185185,710208,0.4508237697638484,5.56370093175175,13.707251371648782,0.8327546296296297,0.31413616428800223,37.639467592592595,0.1219942478713585,14.809611356847943,52.45934334861054,411,8.812681918910988,48,0.9269336717553507,0.0,28.99305555555552,2999,-510.86166806000006,18.63096386396623,36.0,26.733769107045603,11.539774312704514,21.527777777777782,9.540183937531005,236,0.022670057,3404.1884765625,0.03914165496826172,-45.45144359447338,1560.2077945850513,4100,-0.0350765451323241,0.19467592592592592,0.0003,5573.698513906973,0.2
17.926732392900494,13.810549639736296,6.417542648718668,0.8783570321875942,29.111111111111114,711936,0.4625527212399163,5.575163878078855,14.054322997905585,0.8362268518518519,0.3092657272235072,37.782986111111114,0.12271887005577038,14.844447164342707,52.417168374797605,412,8.58517853084186,48,0.9197885357869735,0.0,28.291377314814863,3006,-511.41392267000003,18.11525312298781,36.0,26.68630224893437,11.566091143686766,21.180555555555557,9.407160834532846,236,0.013748433,5447.599609375,0.11895179748535156,-45.46072407475224,1774.7165904998778,4110,-0.0307901736918009,0.11649305555555556,0.0003,10936.386172598379,0.2
17.882225160827648,14.145104744983117,6.530312044900594,0.8813731197425003,29.842592592592595,713664,0.4531227354658884,5.587040804303259,13.794330333328281,0.8605324074074074,0.3210513189819375,37.66840277777778,0.12820995055284357,14.878632990176028,52.44550459886059,413,8.750770489761624,48,0.9252583241310388,0.0,28.891782407407437,3014,-513.12091201,18.902413660771437,36.0,26.771883329800403,11.592296706588835,21.527777777777782,9.746996870887726,236,0.02024021,2992.22216796875,0.15597093105316162,-45.461263529459636,1586.7950782069454,4120,-0.03265197908298837,0.16765046296296296,0.0003,4168.339617241753,0.2
17.78808539214008,13.963474871303028,7.2941517330632735,0.8829505170499475,29.48148148148148,715392,0.4512534308586871,5.598607870028596,13.718684315626085,0.8634259259259259,0.31354838703044846,37.49016203703704,0.13153499424435414,14.912629700965093,52.50426897241857,414,8.626826290134987,48,0.9301253970216082,0.0,28.493923611111118,3021,-511.10123783999995,19.24235685331422,36.0,26.828398564128737,11.618266920069185,23.958333333333332,9.50473024894792,236,0.013586097,3306.890380859375,0.13400202989578247,-45.434360080295136,1654.6680870338723,4130,-0.02883289670744152,0.11261574074074074,0.0003,6962.185277416088,0.2
17.821267406580947,14.034344068308615,8.176168230908372,0.8813431201789573,29.60185185185185,717120,0.44256156322079326,5.611375556157944,13.453719845833488,0.8651620370370371,0.3028512136123241,37.563657407407405,0.1286138251211299,14.945964000579677,52.45691976232525,415,9.10707445173914,48,0.9162124300219465,0.0,29.998553240740712,3028,-510.2857716600001,19.894491545195788,36.0,26.784703854219142,11.644320088585637,26.96759259259259,9.2039792459788,236,0.030310543,2160.899658203125,0.10144680738449097,-45.43957728633174,2102.9204433158593,4140,-0.032855908907260055,0.25127314814814816,0.0003,3568.2033831561052,0.2
17.931130337639487,14.247029887606764,6.980397473501415,0.8836121968824978,30.055555555555557,718848,0.4554098612536079,5.623519002684884,13.843738576951152,0.8778935185185185,0.324797502170568,37.785300925925924,0.13186606216242186,14.980273347022054,52.56290546736299,416,8.857378610775795,48,0.9308552575899769,0.0,29.181134259259277,3035,-514.0840725600001,19.553068110837025,36.0,26.8374330497389,11.670647914429736,22.916666666666668,9.845640749728844,236,0.027562333,4295.1884765625,0.09682440757751465,-45.46409211335359,1661.3582665337456,4150,-0.03168823556560609,0.21753472222222223,0.0003,6693.151260489005,0.2
17.952387195437638,14.675085706376578,6.469028732707202,0.8849780824804266,30.935185185185187,720576,0.4544538011075367,5.635745022999616,13.817028626882722,0.8703703703703703,0.3501795590366746,37.83043981481482,0.12850731945265936,15.014515918589261,52.587186279389094,417,8.890408125892874,48,0.9209038346227797,0.0,29.282407407407366,3042,-518.4083988199999,20.254659801228684,36.0,26.884700507225812,11.69702888241833,21.180555555555557,10.630545362144906,236,0.022625688,2556.354736328125,0.1384885311126709,-45.473271447640876,1730.5048180898032,4160,-0.031472063090445264,0.18738425925925925,0.0003,3612.1431147822627,0.2
17.998417658480545,15.057416771653239,7.013673932989209,0.8856072012341816,31.759259259259256,722304,0.4604668540676009,5.6476243830820065,14.014413767051517,0.8472222222222222,0.35677530665400486,37.902199074074076,0.1238671549453988,15.04925195300689,52.55863295610379,418,8.751744032956186,48,0.9280883492989018,0.0,28.826678240740748,3050,-521.1266398900001,21.382052480927513,36.0,26.9196527711007,11.723524926564531,23.14814814814815,10.830961776285065,236,0.026132243,4630.00244140625,0.09849011898040771,-45.44216195565683,1625.5517790123267,4170,-0.03298872881051567,0.22644675925925925,0.0003,6257.886380570023,0.2
17.8483966766311,14.63592201997965,5.700430046405955,0.8796909358793936,30.861111111111114,724032,0.4521704850257609,5.659758246875117,13.721213788167383,0.8263888888888888,0.349247961129002,37.61226851851852,0.12088740532744925,15.083254987477307,52.469075433292964,419,8.853545517244056,48,0.9123634410285913,0.0,29.116030092592606,3057,-521.3658189100001,19.425649087935863,36.0,26.735861003015756,11.749645918256109,18.865740740740744,10.609297021550256,236,0.022454217,2884.77392578125,0.058694303035736084,-45.411328110871494,2002.1609516285084,4180,-0.0376760834897006,0.1880787037037037,0.0003,5270.430163122107,0.2
17.826687074718173,14.572352846620717,5.348696344602068,0.8830132483883276,30.73148148148148,725760,0.4509244954516663,5.671396587333934,13.723461384133465,0.8298611111111112,0.343472234563426,37.54976851851852,0.12258304286639493,15.11726364093764,52.54751485893653,420,8.655336183526716,48,0.9293705449034574,0.0,28.595196759259327,3064,-518.95622971,18.837643359149162,36.0,26.831904246255434,11.775712635942904,17.708333333333332,10.436594167926375,236,0.015929325,2604.31982421875,0.1440299153327942,-45.40164831655997,1994.7920579415782,4190,-0.03145847428866007,0.1362847222222222,0.0003,2810.3640349211514,0.2
17.792875730214636,14.237441382532966,5.028119104982334,0.8775977159688599,30.01851851851852,727488,0.45243783061052834,5.683062615714929,13.757319805319701,0.859375,0.3360177341871817,37.482638888888886,0.1291578059649545,15.15135694045094,52.46917506384792,421,8.66641135239803,48,0.9315346954034959,0.0,28.566261574074034,3071,-518.9902025499999,17.96531103595256,36.0,26.68530748843443,11.801694825268441,16.666666666666668,10.21975054843726,236,0.021574834,2573.218017578125,0.06023532152175903,-45.387071722525135,2073.013327351323,4200,-0.03568133107145075,0.19409722222222223,0.0003,5114.64048755787,0.2
17.788617935133207,14.255262086045752,5.4619993965223586,0.8788724884399968,30.037037037037038,729216,0.4489340447941063,5.695292408387703,13.639038150826174,0.8518518518518519,0.332266020527228,37.480324074074076,0.12683759832523883,15.185154535828005,52.52185718459915,422,8.89191706910919,48,0.9243533408458087,0.0,29.253472222222143,3079,-519.5759876699999,18.308663746613156,36.0,26.708339812010603,11.827666370106275,18.055555555555554,10.111402264045047,236,0.024241878,1449.0299072265625,0.120067298412323,-45.385175959269205,2118.621272023519,4210,-0.036575413738480875,0.1840277777777778,0.0003,3731.1387064615888,0.2
17.819132483996174,14.293056497673447,6.293559528698946,0.8775038512185719,30.12962962962963,730944,0.4483194164299877,5.707164363417316,13.61901046735346,0.8726851851851852,0.32356905973892636,37.54050925925926,0.13146101698314558,15.218902061996388,52.41876347766137,423,8.748782011845547,48,0.922870839326592,0.0,28.819444444444475,3086,-520.90075559,18.8998538574072,36.0,26.673271634890256,11.853714201316265,20.717592592592595,9.833237831034806,236,0.016174639,5752.4140625,0.07938390970230103,-45.38537103158456,1740.2166652820729,4220,-0.028948845798839575,0.11574074074074074,0.0003,10473.100376157407,0.2
17.841952765432953,14.218446367964447,6.159486605038333,0.8742954405574928,29.990740740740737,732672,0.44632184664963576,5.719174668916155,13.560247218979972,0.8703703703703703,0.31945016884706606,37.59664351851852,0.13009572343992004,15.252502680043838,52.354029482322424,424,8.804122199535461,48,0.922460192809743,0.0,28.978587962963026,3093,-521.24554528,18.55147636147983,36.0,26.566646055421188,11.879819083229847,20.25462962962963,9.693543388477051,236,0.017135225,3042.43896484375,0.05468255281448364,-45.39001991837113,1626.661380259196,4230,-0.03269404793779055,0.14108796296296297,0.0003,7236.7828432436345,0.2
17.902034852851042,14.172679946988325,5.801003175677973,0.8793013404826858,29.87037037037037,734400,0.44442610139096467,5.731263532192913,13.516296127747223,0.8530092592592593,0.3238272651210709,37.735532407407405,0.12571675612748254,15.285993420363207,52.46549000981051,425,8.835545310703155,48,0.9271341331598036,0.0,29.10156250000004,3100,-522.0900719499999,18.301013203130942,36.0,26.716518093451175,11.906074170361975,19.097222222222225,9.847330080464642,236,0.01876573,3978.48828125,0.12819570302963257,-45.39272487781666,1530.7782708627205,4240,-0.03310289363963185,0.1451388888888889,0.0003,9499.439172815393,0.2
17.802060744887303,13.916575438817377,6.03718355488497,0.8810690016409022,29.333333333333332,736128,0.4464757987072599,5.743343727743931,13.571745647333815,0.8356481481481481,0.3125578475136798,37.52893518518518,0.12361067714818712,15.319622784481542,52.53433467178343,426,8.8320782204072,48,0.9291661790366272,0.0,29.07986111111114,3108,-522.97496375,17.9340954573344,36.0,26.764332899642763,11.932079322224194,19.90740740740741,9.500336463632054,236,0.024461234,3464.85546875,0.10081183910369873,-45.38210779825847,2022.3349322424995,4250,-0.033098624986423936,0.21846064814814814,0.0003,3844.8105853045427,0.2
17.822459320076668,14.220315277560152,6.228652495431113,0.8726823551203523,29.98148148148148,737856,0.448661020665228,5.755014117477849,13.64174191952499,0.8587962962962963,0.31581785155546216,37.548611111111114,0.1255870320855686,15.353427139280354,52.3398420498857,427,8.66815589356717,48,0.9242798736623679,0.0,28.566261574074044,3115,-524.12059797,18.5121497242583,36.0,26.513992147997495,11.958135470524386,20.48611111111111,9.583181951267033,236,0.01889085,5574.75048828125,0.046182334423065186,-45.39239692687988,2189.202342386599,4260,-0.034573687723389375,0.16244212962962962,0.0003,6373.072982675058,0.2
17.963934920435737,14.201397907815192,6.575270212111371,0.8815584411073472,29.935185185185187,739584,0.44970799330932315,5.767075372085611,13.670895500314666,0.8327546296296297,0.3163052585636071,37.854745370370374,0.12243089874185928,15.387304378031141,52.61601327974818,428,8.824501843105038,48,0.9198401184908277,0.0,29.06539351851853,3122,-527.3889588300001,18.857918250781722,36.0,26.765538316278775,11.984545307825476,21.64351851851852,9.601250130855158,236,0.029302051,4077.24951171875,-5.960464477539062e-07,-45.390773886221425,2044.4939726370353,4270,-0.03133428310630498,0.18177083333333333,0.0003,3840.702425130208,0.2
17.918267384624674,14.18252740561376,6.657317227839108,0.8776903720089546,29.90740740740741,741312,0.4477802611129853,5.779420805936671,13.611051014492404,0.8431712962962963,0.31657649371635016,37.76331018518518,0.12465502350822617,15.421032005567373,52.4777872755898,429,8.938173540423845,48,0.9187148992320876,0.0,29.46325231481485,3129,-530.5023819800001,18.920774766922484,36.0,26.661081897849968,12.010840976287037,21.875,9.600930133469616,236,0.014321023,3235.958251953125,0.12561720609664917,-45.3868819060149,2140.1575669041385,4280,-0.027958642302460417,0.10902777777777778,0.0003,6201.31233271846,0.2
17.895372580547875,14.16269117648954,6.56059672828248,0.8789691964565627,29.87037037037037,743040,0.45003623717907365,5.79112373069678,13.691956754926146,0.828125,0.31676877018165095,37.71585648148148,0.1184742604151118,15.454961897454687,52.53780570919369,430,8.681169904043758,48,0.9192018501910157,0.0,28.60966435185185,3136,-530.99557545,18.799326556291525,36.0,26.69794882119325,12.037079407738407,21.527777777777775,9.596038651519507,236,0.013559797,3594.087646484375,0.0851517915725708,-45.39453801755552,1794.00034421285,4290,-0.02990673549335312,0.09565972222222222,0.0003,8972.553233506944,0.2
17.88324229681397,14.228105626008052,6.14814779947874,0.8791913699651106,29.990740740740744,744768,0.4502023733516608,5.8031601236078645,13.686320534851864,0.8420138888888888,0.32198669745543435,37.679398148148145,0.12746705351814064,15.488877698791818,52.56422421342552,431,8.814557164433795,48,0.9212676351522515,0.0,29.10156249999995,3144,-532.3218171,18.622500542846495,36.0,26.699193896482075,12.063287513480441,20.25462962962963,9.766247117359702,236,0.014650869,3278.752197265625,0.05540186166763306,-45.398969918710215,2060.0940388432255,4300,-0.0319634011377477,0.12627314814814813,0.0003,8035.128938802083,0.2
17.869849115758303,13.919338300382142,5.69194801965282,0.8749311926081731,29.34259259259259,746496,0.44331205718278827,5.81556935524113,13.490155087294537,0.8269675925925926,0.3210973427351556,37.638888888888886,0.1199023066346355,15.522303086510053,52.5325606323862,432,8.963692653306142,48,0.911676069026779,0.0,29.54282407407407,3151,-532.6043706799999,17.839400278745025,36.0,26.580833750725844,12.089462136269837,18.75,9.748113958710062,236,0.016589953,2418.09033203125,0.0587809681892395,-45.38242796438712,1967.6440226095694,4310,-0.03320268928245814,0.13831018518518517,0.0003,5455.124276168258,0.2
17.841075100459094,14.042870877690115,6.041324584473862,0.8731979809955783,29.60185185185185,748224,0.4490273144599832,5.827427689253759,13.64639053955078,0.8634259259259259,0.3232053445504947,37.5931712962963,0.12888300769762573,15.55611906285893,52.46411576091432,433,8.74333360505185,48,0.9217379895847366,0.0,28.761574074074034,3158,-532.6862995099999,18.37995827263638,36.0,26.530879410662475,12.115564824020986,19.907407407407405,9.815762810472402,236,0.02032176,4555.33740234375,0.06587046384811401,-45.36649865044488,1790.7239322026571,4320,-0.03561155806399054,0.17528935185185185,0.0003,9248.386686197917,0.2
17.865199294189065,13.875118935992626,6.499745932735667,0.8696163339573096,29.212962962962962,749952,0.4501612740137168,5.839253456671581,13.666403470987346,0.8379629629629629,0.30829600810043445,37.6568287037037,0.123169195158086,15.589985071536399,52.36243955292363,434,8.730306967128712,48,0.9233210452511748,0.0,28.703703703703667,3165,-534.42851822,18.236919198902175,36.0,26.428435233256835,12.141727822256458,21.412037037037038,9.382054330173881,236,0.025882788,2982.806884765625,0.0951494574546814,-45.37483267607512,1576.2015472412108,4330,-0.03503999745266305,0.1987847222222222,0.0003,7186.8633156105325,0.2
17.883718540775995,14.360580170575622,6.411110535135228,0.8748985784471998,30.259259259259263,751680,0.45675098812682835,5.85107465423433,13.90028320839864,0.8229166666666666,0.32710113231589205,37.682870370370374,0.12177897332525796,15.624435779557395,52.47143310505754,435,8.72847902509995,48,0.9242391373753712,0.0,28.776041666666604,3172,-537.93104414,19.197196155413966,36.0,26.572020112227808,12.167937118608398,21.180555555555554,9.945505449703115,236,0.013951754,5571.591796875,0.11708027124404907,-45.397011269463434,2089.5496772766114,4340,-0.02891433673600356,0.11898148148148148,0.0003,11318.373441116899,0.2
17.877247343498603,14.170223258588708,6.397221915155711,0.8716951318492644,29.861111111111114,753408,0.45260784055661524,5.862803038341812,13.759764565756404,0.8466435185185185,0.3164202267636402,37.682291666666664,0.12494044952338787,15.658535190971786,52.37247071881689,436,8.69135364299275,48,0.9231867195252561,0.0,28.645833333333385,3180,-540.24162632,18.669341710074434,36.0,26.46990162002976,12.194130236967144,21.180555555555557,9.621896536330015,236,0.022058515,2856.18701171875,0.0449863076210022,-45.40633044772678,2367.0765514797636,4350,-0.03341811902614104,0.18472222222222223,0.0003,3962.0807730215565,0.2
18.05126406125191,14.295638133844157,6.505841113362621,0.8746756351131237,30.138888888888886,755136,0.44902666439455907,5.874861712859239,13.654576366631217,0.8501157407407407,0.31973102934811753,38.02488425925926,0.1280699478817144,15.692371631888365,52.38045419999751,437,8.823469806970927,48,0.92259643177947,0.0,29.0798611111111,3187,-541.06996866,19.003228066497797,36.0,26.564275731653126,12.220758397120274,21.527777777777775,9.721748819291017,236,0.015016396,4207.60888671875,0.1106223464012146,-45.39250498171206,2052.9752484074347,4360,-0.029830689255700066,0.12291666666666666,0.0003,7855.628830295139,0.2
17.86110277999315,13.903423680139765,6.576113791884868,0.8714087885047554,29.314814814814813,756864,0.45097996306735577,5.886922757663657,13.687767004338305,0.8304398148148148,0.3006423484875393,37.63831018518518,0.12142153844406833,15.726291049399212,52.31909551207468,438,8.824417921767271,48,0.9240038903791384,0.0,28.985821759259245,3194,-541.51794603,18.094994073254625,36.0,26.46628994850627,12.246911154070258,21.759259259259256,9.135456601229993,236,0.022548974,3434.44775390625,0.08547347784042358,-45.404967315108685,1859.6767225124217,4370,-0.03181237039949607,0.19670138888888888,0.0003,5450.17235921224,0.2
17.86516004407779,13.634528056059485,6.6784892514577665,0.8711207843688392,28.759259259259256,758592,0.45004858415481136,5.8986582392394915,13.668307936714363,0.8339120370370371,0.29377956731720806,37.65856481481482,0.12178471364582981,15.760161819240997,52.288612906650634,439,8.694192630333772,48,0.9266019975152638,0.0,28.63136574074071,3201,-542.08664034,17.715532418323868,36.0,26.450739156872974,12.273074054180451,22.10648148148148,8.922515110806616,236,0.017759422,5116.39453125,0.054651081562042236,-45.43048261006673,2074.0516510504262,4380,-0.0361626071424258,0.15844907407407408,0.0003,9268.615764250579,0.2
17.79408249410956,13.565378247712012,7.1433145407524465,0.8692078178492036,28.61111111111111,760320,0.4504160844255157,5.910300449095581,13.687917417014829,0.8096064814814815,0.2902764590961569,37.49652777777778,0.1156613550969707,15.794081612783534,52.27534060970464,440,8.6568839424356,48,0.9129874878431983,0.0,28.515624999999996,3209,-541.78359513,17.99867399282845,36.0,26.39344910495123,12.299059260415726,23.61111111111111,8.809981204363993,236,0.020766437,3933.787109375,0.08932816982269287,-45.43529205322265,2265.9255519725657,4390,-0.031043577629693404,0.15625,0.0003,4624.073323567708,0.2
18.028990908670036,13.772367457786515,7.1573793057853194,0.8710949551164026,29.027777777777775,762048,0.4566356062168438,5.921882622414336,13.878157944737962,0.8385416666666666,0.2962264645998128,37.99131944444444,0.12470371384079267,15.828477007645379,52.31138694396904,441,8.632869327502112,48,0.9234327570887031,0.0,28.46498842592594,3216,-545.6544123200001,18.41528374250517,36.0,26.45285132342704,12.3256317376874,23.61111111111111,9.005536978933335,236,0.017472124,5247.80419921875,0.05352067947387695,-45.44975032099971,2021.3009098582797,4400,-0.03491857492847851,0.16099537037037037,0.0003,9402.119243706597,0.2
17.93249271395956,13.79412774619892,7.261907695622845,0.8733954620323856,29.074074074074076,763776,0.45243641356970515,5.933471553277954,13.783691601971318,0.8553240740740741,0.2944684000298739,37.770833333333336,0.12761752942145782,15.862636236650307,52.35973355848673,442,8.635572345447036,48,0.9267603506611549,0.0,28.53732638888887,3223,-548.0154341199999,18.480567756582108,36.0,26.51676679152148,12.3519629694723,23.958333333333332,8.944532314760343,236,0.021257222,3306.77392578125,0.07018566131591797,-45.43993721008301,2339.094574963605,4410,-0.03392471108861544,0.17042824074074073,0.0003,5057.64441370081,0.2
17.806667744562034,13.698667967028163,7.571145649671941,0.8689648723415017,28.86111111111111,765504,0.4485633363844616,5.945217774535088,13.626424705251077,0.8263888888888888,0.2803491234260217,37.52256944444444,0.11832501355547687,15.896402298413435,52.308592025423216,443,8.698488502853555,48,0.9163454166235896,0.0,28.638599537037063,3230,-545.85977545,18.275172926162625,36.0,26.384234126683655,12.377979638833706,25.0,8.52535930946252,236,0.01498696,5595.99609375,0.12499761581420898,-45.427297450878,2113.925015555488,4420,-0.03182308732152537,0.12939814814814815,0.0003,9405.417053674768,0.2
17.957825856646245,13.533645299626741,8.03001472931498,0.8655154891603111,28.537037037037038,767232,0.4504662056498608,5.957020552555015,13.698464374044958,0.8350694444444444,0.2760263492162795,37.83796296296296,0.12434420304181823,15.930348459348547,52.253800370682974,444,8.721111207970692,48,0.9209069930664566,0.0,28.79050925925917,3237,-547.1410624300001,18.43105302624359,36.0,26.293898215044383,12.40437420347532,26.50462962962963,8.38739299730187,236,0.018334337,4623.24658203125,0.061952292919158936,-45.41489110876013,2130.4174923225687,4430,-0.03259761286209579,0.17175925925925925,0.0003,5752.478769712095,0.2
17.88104401178792,13.455487063508656,8.343667417374194,0.8621846094601868,28.35185185185185,768960,0.45100081842645934,5.968950762945683,13.704211743825638,0.8472222222222222,0.26769171494683525,37.6869212962963,0.12486651079763211,15.964308988708112,52.20147873293613,445,8.772084156267125,48,0.917711110741896,0.0,28.89178240740737,3245,-550.5067018800002,18.404953419808436,36.0,26.18965367194926,12.430576813504791,27.314814814814813,8.125798938925588,236,0.019884095,7126.126953125,0.09598833322525024,-45.42039547672978,2075.327954256976,4440,-0.03694608563695241,0.1623263888888889,0.0003,9199.236337167245,0.2
17.857352535453114,13.51715548216219,7.664850604529222,0.8611560218844824,28.527777777777782,770688,0.44785996771736114,5.98133181755626,13.612144547891155,0.8501157407407407,0.26806980236370964,37.6412037037037,0.12645991328328954,15.998039350077839,52.17521890895466,446,8.952421844230614,48,0.9294465702523744,0.0,29.477719907407405,3252,-551.0699082200001,17.782045198886408,36.0,26.15803596023835,12.456720194843424,25.231481481481485,8.120039112194997,236,0.019620344,3780.288818359375,0.13311225175857544,-45.39232793737341,1935.3856018207691,4450,-0.03279931791195715,0.17413194444444444,0.0003,5562.410174786603,0.2
17.849262792006773,13.802502616090408,7.419725873902467,0.8659295716206885,29.12962962962963,772416,0.44949763948391197,5.993175675142122,13.641564794248564,0.8339120370370371,0.28016591146792136,37.614004629629626,0.11866953221174809,16.03184326206346,52.217303653127686,447,8.737543034344524,48,0.9198341016619865,0.0,28.77604166666666,3259,-550.93267828,18.18793617112736,36.0,26.301514552010556,12.48284335182344,24.421296296296294,8.485707681134485,236,0.016529717,3678.1884765625,0.08184564113616943,-45.40836444430881,2549.9664700755366,4460,-0.03526263899790744,0.14021990740740742,0.0003,5905.354020182292,0.2
17.814726186453157,13.771508971612965,8.001023303729754,0.8617090829903873,29.009259259259256,774144,0.4501801108576444,6.004956595263925,13.701362773233498,0.8512731481481481,0.2737721681343721,37.545717592592595,0.12573658299478996,16.065796668996544,52.15925877023966,448,8.712368048721554,48,0.9210838642021625,0.0,28.725405092592595,3266,-551.11925049,18.58385287013387,36.0,26.18027591412321,12.508880167289574,26.27314814814815,8.331320594791151,236,0.020975789,2989.644287109375,0.08550691604614258,-45.44891153971354,2073.142657838044,4470,-0.03109327729239508,0.1700810185185185,0.0003,4636.696688277633,0.2
17.810707057283476,13.605009212675549,7.992199920633752,0.8659904654849644,28.712962962962962,775872,0.44111740925004395,6.017299862473443,13.39892368105889,0.8391203703703703,0.2699643124266184,37.539351851851855,0.11919359847522194,16.098993978199193,52.13439929361721,449,8.937306883807379,48,0.920310349807874,0.0,29.43431712962961,3273,-551.22595001,18.264459387410167,36.0,26.291643973541102,12.534906934932783,26.38888888888889,8.187250254100865,236,0.017587105,2315.070068359375,0.06040138006210327,-45.44682782491048,2315.472776497735,4480,-0.03057628863801559,0.15486111111111112,0.0003,8164.39395525897,0.2
17.89421031165757,13.924841678612816,7.980559779172907,0.8732106587483185,29.37037037037037,777600,0.45108665466941056,6.029197778830898,13.711352013568693,0.84375,0.28106182371629523,37.704282407407405,0.12201377365156289,16.132972358233115,52.23242121830298,450,8.759166542981914,48,0.9237187329336848,0.0,28.85561342592591,3281,-552.53516335,18.91524892854621,36.0,26.52160110608173,12.561142460711928,26.27314814814815,8.529847470760485,236,0.02312134,3383.1103515625,0.06516677141189575,-45.43158559445982,2365.8060183489765,4490,-0.03198566031469791,0.2152777777777778,0.0003,5674.154475459346,0.2
17.853261334564653,13.791334996606885,8.102886189655843,0.8731569384547379,29.055555555555554,779328,0.4447720190331767,6.041613217023425,13.51571755623445,0.8217592592592593,0.26987985507439954,37.60011574074074,0.11773457068903648,16.1664616521237,52.25646729752279,451,8.966175277010652,48,0.9193260707553349,0.0,29.47771990740745,3288,-555.2810075799999,18.57879873825945,36.0,26.514601418609058,12.58727561404834,26.736111111111114,8.204577551996723,237,0.013761261,4345.625,0.04722464084625244,-45.428247635452834,2438.624881560714,4500,-0.029874843421944037,0.11805555555555555,0.0003,7280.439221643518,0.2
17.945608636115704,13.961063981710987,7.775497902232739,0.8726429181633425,29.425925925925927,781056,0.4494610928956,6.053738400336825,13.653294155850618,0.8512731481481481,0.27679074143632815,37.82118055555556,0.12584051234399188,16.200294887513326,52.24887033644678,452,8.850073325360075,48,0.9220039913287488,0.0,29.1594328703704,3295,-557.16539387,18.624670553486048,36.0,26.50705844967393,12.613639635638629,25.694444444444446,8.408108669542322,237,0.015539091,4580.822265625,0.06584495306015015,-45.41270986486364,2130.590385945638,4510,-0.028809431431539082,0.12065972222222222,0.0003,5997.949119285301,0.2
17.963188122289115,14.377713851761508,7.2858139655565894,0.8735003999916024,30.296296296296294,782784,0.45600795513200504,6.0651874259029,13.8659656223156,0.8234953703703703,0.2938253155533761,37.83506944444444,0.11951426529332325,16.234659801569116,52.26551346973582,453,8.579610226430033,48,0.9251390079684051,0.0,28.262442129629612,3302,-561.2868808300001,19.074927679987066,36.0,26.531552954798993,12.640047605944352,24.074074074074073,8.93139986266897,237,0.013992393,7553.9775390625,0.11210763454437256,-45.435119247436525,2300.103694181089,4520,-0.030252966170923577,0.10711805555555555,0.0003,10537.272592954283,0.2
17.95328497574832,14.646874508190288,7.575432489099742,0.8686665744348351,30.888888888888886,784512,0.4488663445281592,6.076876887671075,13.647434641771413,0.8460648148148148,0.3003831674308793,37.81944444444444,0.11531499477234687,16.268478388173545,52.226579739796506,454,8.675784707269614,48,0.9124731347153792,0.0,28.566261574074023,3309,-561.3208090200001,19.831809134824205,36.0,26.370237556661493,12.666430818383722,25.0,9.129502137534173,237,0.020902501,2804.9638671875,0.09421271085739136,-45.44429514849627,2583.362729574133,4530,-0.033282275884239765,0.16689814814814816,0.0003,4151.456490071615,0.2
17.967454735045425,14.39872244708802,7.315964403392496,0.8715321880931883,30.37037037037037,786240,0.45006806540383504,6.088846121852208,13.696347389720238,0.8258101851851852,0.2895760302002185,37.86863425925926,0.11808320783335927,16.302419256647845,52.23720387739931,455,8.787693672453305,48,0.9212863032956256,0.0,29.021990740740716,3317,-562.52255553,18.983617569925684,36.0,26.450033489024957,12.692849455221335,24.189814814814813,8.788930719445167,237,0.020631935,5643.5458984375,0.04927229881286621,-45.434821969491466,2085.380621397937,4540,-0.03804453322663903,0.1865740740740741,0.0003,9245.631098090278,0.2
17.867928880830217,14.792676334988565,7.196826192726257,0.8676886265144726,31.15740740740741,787968,0.44656325814199277,6.10073890124848,13.582072383565295,0.8732638888888888,0.3030474925208498,37.63368055555556,0.12330867243675138,16.336074437606758,52.14630732398886,456,8.757111758509076,48,0.9188255614808335,0.0,28.819444444444432,3324,-562.0617424799999,19.677764432733966,36.0,26.339173198261346,12.71901927742341,23.611111111111114,9.208261905019143,237,0.022742275,3906.403076171875,0.030060291290283203,-45.4266598171658,2420.915711989226,4550,-0.036693258202393296,0.18171296296296297,0.0003,6753.115843822338,0.2
17.90968295400183,14.264142999722246,7.50933426147314,0.8593543125585983,30.074074074074076,789696,0.44909901678425407,6.112240850825939,13.634202803199473,0.8425925925925926,0.28219750402595656,37.732638888888886,0.11855816834646947,16.369859944614756,52.052445056749185,457,8.600779830983887,48,0.9227159206879215,0.0,28.313078703703656,3331,-562.1247101800001,18.827532655173705,36.0,26.091197459373717,12.745293484808414,24.76851851851852,8.574055393978318,237,0.01873345,4563.056640625,0.07641106843948364,-45.42060747499819,1912.8715634310688,4560,-0.03273058321188997,0.16140046296296295,0.0003,12442.132215711805,0.2
17.7955354141802,14.32626804245947,7.819666897737428,0.8619407120065294,30.25,791424,0.44191225677371004,6.12432789728971,13.418845294219437,0.8657407407407407,0.28173608062614436,37.50289351851852,0.12260014174240592,16.403107057850306,52.06134873576076,458,8.83481858550819,48,0.917875232753188,0.0,29.072627314814756,3338,-561.36841443,19.16649584049699,36.0,26.15584996765723,12.771282323343865,25.810185185185187,8.540560900300092,237,0.026937356,4215.60498046875,0.07614582777023315,-45.39894378096969,2421.018021519979,4570,-0.036955783419586996,0.22719907407407408,0.0003,6074.888498263889,0.2
17.893351517993317,14.087869819720419,7.832903859820181,0.862093220595313,29.722222222222225,793152,0.4435141820438307,6.136432514918629,13.483073556558962,0.8530092592592593,0.2819342619415472,37.70543981481482,0.12731890142028018,16.436514741741703,52.08159083677284,459,8.841847051567328,48,0.9252808691551918,0.0,29.159432870370388,3345,-562.08155449,18.94698477617832,36.0,26.163263220897374,12.797515702138847,25.81018518518518,8.54621109663772,237,0.030221649,5732.20556640625,0.07183575630187988,-45.39177215011031,1842.1031908176562,4580,-0.03649240618364678,0.2412615740740741,0.0003,11458.238939525463,0.2
17.83713011241542,14.052750329475833,8.211201274233945,0.8598851707896101,29.638888888888886,794880,0.44434238344178323,6.1485263512754775,13.504101327366017,0.8356481481481481,0.2790670367663801,37.582175925925924,0.11849693475990446,16.46997499506012,52.053614893435544,460,8.837534542739414,48,0.9173425433494422,0.0,29.130497685185087,3353,-564.09311145,19.209020033832658,36.0,26.09628217645489,12.823608527419886,27.083333333333332,8.46506843012288,237,0.024254274,3540.007568359375,0.13707780838012695,-45.415779947351524,2558.834001597652,4590,-0.03060076113583313,0.19508101851851853,0.0003,4681.024140534578,0.2
17.98710264550667,13.906897247315188,8.204438280467441,0.8601033956482471,29.333333333333332,796608,0.4503965646761709,6.161050400568927,13.688371789009855,0.8304398148148148,0.27331394070276416,37.9056712962963,0.11957379634607145,16.503895924532646,52.11029459538153,461,9.00961971737966,48,0.9224932922126766,0.0,29.70196759259254,3360,-568.89431714,18.88141271767848,36.0,26.112867956029103,12.850076284033653,27.083333333333332,8.290077189895852,237,0.018081294,4513.6162109375,0.07461535930633545,-45.403579231544775,2070.7728409378615,4600,-0.029650057441796416,0.15480324074074073,0.0003,6266.790458622685,0.2
18.024372616517063,13.981302431935505,8.068902994648743,0.8631952349335886,29.490740740740744,798336,0.4591341368707912,6.172873911205689,13.959215463008432,0.8616898148148148,0.27547494267086137,37.99305555555556,0.13042419875671665,16.538493963190167,52.14330530675039,462,8.729404254704926,48,0.929059214347023,0.0,28.783275462962948,3367,-574.53522692,18.88308247006917,36.0,26.203689161155378,12.876637215574945,26.62037037037037,8.352877043484922,237,0.019192012,2834.44921875,0.06425559520721436,-45.3933959113227,2578.9761295036033,4610,-0.03649923379050085,0.16927083333333334,0.0003,5309.000875289352,0.2
17.993192276349266,14.107218397572792,8.22352474070823,0.8625933560985958,29.73148148148148,800064,0.45089154643696516,6.184790418852247,13.71502958971328,0.8622685185185185,0.27422119452108323,37.91956018518518,0.12375846076808075,16.57248153716445,52.105867574670235,463,8.766603058623053,48,0.9252247946641428,0.0,28.93518518518521,3374,-575.8526243199999,19.150049238570013,36.0,26.180130517108527,12.903120196265819,27.083333333333332,8.339306100288992,237,0.022551434,2332.21484375,0.07652550935745239,-45.42026557922363,2517.8098848837394,4620,-0.031294445338210575,0.17980324074074075,0.0003,5464.513011791088,0.2
17.976089470449725,14.199870530592888,8.829001819079634,0.8615355353225512,30.0,801792,0.4506266588791374,6.196740542699064,13.695000007978727,0.8640046296296297,0.27074196637569786,37.8912037037037,0.12174657001566146,16.606419037184395,52.111975628776406,464,8.780049538726624,48,0.9180655934796332,0.0,28.956886574074044,3381,-575.4212331499999,19.70381582372726,36.0,26.151952059096534,12.929560419941943,29.166666666666668,8.194943474054739,237,0.019442022,7217.61083984375,0.09855324029922485,-45.41979268391927,2188.791741915102,4630,-0.03218078443918515,0.13940972222222223,0.0003,7421.019850441262,0.2
18.05173062378688,14.559014183520054,8.66748190717297,0.8626157775344349,30.759259259259263,803520,0.46233182665913375,6.208610910323705,14.068613658306175,0.84375,0.28704030521424057,38.029513888888886,0.11959931777194573,16.64129057133016,52.14192038492725,465,8.748147049856225,48,0.9244336645252509,0.0,28.870081018518515,3389,-579.40940677,20.390563667418224,36.0,26.17732635120859,12.95618974650141,28.587962962962962,8.6840675767252,237,0.019629886,4012.259765625,0.08273112773895264,-45.43493868509928,2431.972412052861,4640,-0.03448833366511045,0.1685185185185185,0.0003,7132.551431839554,0.2
17.9338881143882,14.501886577131808,8.561965829666626,0.8630681029376156,30.61111111111111,805248,0.450944039885282,6.220230445193773,13.71319188815673,0.8495370370370371,0.28630391299747493,37.78356481481482,0.118779693751155,16.67527355105055,52.14713174828148,466,8.647813948027476,48,0.9280473268959608,0.0,28.493923611111068,3396,-580.67678661,20.218203760179158,36.0,26.200613927743984,12.98252446678738,28.240740740740744,8.674351353380723,237,0.012423457,8473.7548828125,0.09705543518066406,-45.440330039130316,2479.6114065664788,4650,-0.0267531370933823,0.1,0.0003,9813.408150679978,0.2
17.89969374120865,14.345958368883506,8.299748925945563,0.8611992608720639,30.25,806976,0.4464951770633675,6.231809297445447,13.579776634086121,0.8396990740740741,0.27510654891264147,37.708333333333336,0.12028189339080303,16.708922992635767,52.075753276777135,467,8.631540900669437,48,0.9209266006157533,0.0,28.421585648148152,3403,-575.51837277,19.48005809346077,36.0,26.141061870606,13.008773701140402,27.314814814814813,8.3543507986317,237,0.017659273,6955.54296875,0.02850353717803955,-45.419380583586516,2703.249124399821,4660,-0.03655503299604687,0.16799768518518518,0.0003,7638.654021990741,0.2
18.019069202340688,14.16624803224866,8.080917579751153,0.8653249548875724,29.888888888888886,808704,0.45177100568511946,6.243944513874842,13.739063282392765,0.8240740740740741,0.27213482830502095,37.94444444444444,0.11223159771392412,16.742970650841748,52.132877762743675,468,8.854086571758137,48,0.9138307635059318,0.0,29.13049768518519,3410,-578.0538180599999,18.97477803261063,36.0,26.25904472599176,13.035321374146253,26.62037037037037,8.247612420610814,237,0.014520824,7781.51416015625,0.0852130651473999,-45.42239204689309,2322.056886242054,4670,-0.028610729981489755,0.10225694444444444,0.0003,12599.306821469907,0.2
17.99107629507401,13.894102732817181,8.415095286407974,0.865956857952658,29.305555555555554,810432,0.4532868062576807,6.256223727207347,13.784372530638684,0.8408564814814815,0.26204265618049966,37.921875,0.1231030662233048,16.777131582168344,52.182432884703665,469,8.911685333002108,48,0.9260599772435122,0.0,29.427083333333226,3417,-582.55286189,18.738950498992164,36.0,26.277091370571554,13.061799064883939,27.662037037037038,7.949752479767009,237,0.020229796,4881.85400390625,0.09555113315582275,-45.40824950889305,2392.965028678046,4680,-0.03717319533159887,0.18206018518518519,0.0003,6365.638630280671,0.2
17.8900243512211,13.96759216413553,8.213860097717147,0.8683482098614058,29.462962962962962,812160,0.44853063661703935,6.26844679375538,13.627832497660519,0.8535879629629629,0.2710723722425287,37.70659722222222,0.12511679572155548,16.810901163412495,52.16074889658871,470,8.889226619213156,48,0.9303545827018562,0.0,29.239004629629623,3425,-582.2051498999999,18.877313508360714,36.0,26.365809014471314,13.088024125761992,26.96759259259259,8.21586124650804,237,0.015204986,5091.15771484375,0.1194913387298584,-45.422784635755754,2625.8120231487133,4690,-0.03157644261847491,0.11846064814814815,0.0003,9362.997162543403,0.2
17.94859892043465,13.908908731779043,7.940526194872754,0.8681996851524764,29.34259259259259,813888,0.45463207858149907,6.280297756838783,13.828850908810894,0.8385416666666666,0.27138887170203546,37.8130787037037,0.11822990799955663,16.845173290684524,52.156683431003195,471,8.740385233361215,48,0.9124563454794867,0.0,28.804976851851848,3432,-582.9772614100001,18.564438232443322,36.0,26.368096047827574,13.114395623063078,26.157407407407405,8.235003305791526,237,0.023601547,5127.5498046875,0.063912034034729,-45.420631691261576,2864.2909412949175,4700,-0.036470883429326396,0.1900462962962963,0.0003,5463.832875343605,0.2
17.925675983009608,14.032575834952546,7.775714483792119,0.8656535941169716,29.59259259259259,815616,0.4465155237602137,6.292592039672494,13.566372978256489,0.84375,0.27494052651269363,37.761574074074076,0.11887369778240668,16.878789223130166,52.117180629383036,472,8.917713133484254,48,0.9212096548143796,0.0,29.369212962962845,3439,-584.3607537299999,18.620918683162373,36.0,26.286799748163826,13.140709813020603,25.578703703703706,8.332628364417706,237,0.01907094,7962.19384765625,0.07041871547698975,-45.38942813166866,2244.24293583764,4710,-0.03281937121862063,0.1578125,0.0003,11970.659145326968,0.2
17.91995981241888,14.023092719327948,7.982446343785739,0.8670497277498438,29.546296296296294,817344,0.453121310351552,6.304249085457018,13.775579248234228,0.8425925925925926,0.28036845373584546,37.7662037037037,0.12599295845334219,16.91292817125075,52.168083053231165,473,8.662818313809645,48,0.9222863239248682,0.0,28.544560185185187,3446,-584.7296863099999,18.997334452257725,36.0,26.33730811366857,13.16700971255165,26.27314814814815,8.511795389144035,237,0.016880617,4482.53369140625,0.05340909957885742,-45.36967300132469,2742.2787274537263,4720,-0.031722393228362004,0.1416087962962963,0.0003,5756.902719003183,0.2
17.8945603408971,14.082467938274698,7.822211809897715,0.8714966958198783,29.703703703703706,819072,0.4518620667629218,6.3160894634960645,13.735865288375686,0.8524305555555556,0.29239372498295246,37.70659722222222,0.12159494330231814,16.94696783447169,52.29821713895726,474,8.736151215618765,48,0.9221609682341033,0.0,28.797743055555493,3454,-586.1608747600001,19.24740766709688,36.0,26.4597705803283,13.193246113403893,25.694444444444443,8.862727918924465,237,0.01800572,6332.76611328125,0.12404656410217285,-45.37610836735478,2275.226919018781,4730,-0.031795397629374986,0.13802083333333334,0.0003,9621.952998408566,0.2
17.81233808143191,14.093712610972569,7.934385295739987,0.8712654062176156,29.712962962962962,820800,0.4474182610268321,6.327669791326827,13.599045143805041,0.8495370370370371,0.28635464203614847,37.545717592592595,0.12303155346038401,16.9806654473312,52.23326378384082,475,8.632131132305199,48,0.9224941945326697,0.0,28.457754629629644,3461,-584.66270091,19.207342843326092,36.0,26.459586244312163,13.219276958607473,26.15740740740741,8.699244936613537,237,0.021738123,3579.286865234375,0.07036608457565308,-45.38628127486618,2586.04606968915,4740,-0.03566631038190314,0.1909722222222222,0.0003,7204.951486545139,0.2
17.923884063900317,13.949523797417044,7.841923037439049,0.8667952461675011,29.425925925925927,822528,0.44768940055039474,6.339809308542807,13.596365111306708,0.8674768518518519,0.2834003748703906,37.7650462962963,0.12888279359053462,17.014356360109467,52.174592089886914,476,8.85580688639174,48,0.9209842730469496,0.0,29.18836805555557,3468,-585.5383150700001,18.867929934729545,36.0,26.326708559749708,13.245586668767224,25.810185185185187,8.596483099873451,237,0.017665328,6529.99365234375,0.049810588359832764,-45.41222751758717,2569.472129390858,4750,-0.03232701873165314,0.15381944444444445,0.0003,10808.936872468172,0.2
17.872381539604863,13.810605372073981,7.998998535152602,0.8649860353024675,29.11111111111111,824256,0.451869706214143,6.351547235387167,13.733114030114812,0.8478009259259259,0.2720692685222055,37.6568287037037,0.12378461747702313,17.048389145184753,52.196143690416136,477,8.695170737743926,48,0.9232563338514072,0.0,28.631365740740787,3475,-588.3601888799999,18.559747886129934,36.0,26.273176839309986,13.271767622616236,26.38888888888889,8.27014397890335,237,0.020789945,3949.654052734375,0.08335006237030029,-45.40922479982729,2482.6250675060132,4760,-0.03725125763082394,0.184375,0.0003,7468.544930013021,0.2
17.919213375258895,13.931166901182126,7.825704135841311,0.8711979357565397,29.361111111111114,825984,0.4572151511268134,6.363052971055198,13.921212594531218,0.8321759259259259,0.2801126954213175,37.7650462962963,0.1211706103508405,17.08289217667108,52.248970857932505,478,8.602294267212562,48,0.9212722038977008,0.0,28.43605324074073,3483,-591.34342824,18.74791504540813,36.0,26.45803866562269,13.298065656054384,25.81018518518518,8.511044008384694,237,0.01649804,5430.994140625,0.038228750228881836,-45.41310087133337,2930.6872219085694,4770,-0.03237680016361453,0.14600694444444445,0.0003,11938.015731698495,0.2
17.89320577956454,13.766609419194326,7.885117438360105,0.8694715113493663,29.01851851851852,827712,0.4464600246284969,6.3751983817665066,13.573546093833203,0.8773148148148148,0.27526186540857484,37.71296296296296,0.13029029056479158,17.116526041905665,52.245789148443144,479,8.858164284523697,48,0.9223985976280724,0.0,29.210069444444425,3490,-592.4376991800001,18.501161471113463,36.0,26.40724336152339,13.324298670503294,26.041666666666668,8.369434613559031,237,0.016590072,3932.49951171875,0.09056025743484497,-45.39644304911295,3007.829892504657,4780,-0.029754968315224957,0.14681712962962962,0.0003,5855.451871292679,0.2
17.91354550853669,13.773774810145662,8.549329498454597,0.8723446511576394,29.01851851851852,829440,0.44759689748683584,6.387149404959728,13.59898938388959,0.8333333333333334,0.27269418986526955,37.74074074074074,0.11846021171654665,17.15022351536539,52.28888729673773,480,8.780409277288598,48,0.9220884465454309,0.0,28.95688657407415,3497,-591.4939087299999,19.098072682215328,36.0,26.50026772591225,13.350582534274636,28.240740740740744,8.294968373615069,237,0.02239307,4839.294921875,0.08763468265533447,-45.35620412473325,2538.8804120028462,4790,-0.0335547759697807,0.1841435185185185,0.0003,8297.943091724537,0.2
17.889237381798246,13.668106104532399,9.365145908526253,0.873813577247541,28.824074074074076,831168,0.44621460219037634,6.399599219514998,13.566209121085548,0.8327546296296297,0.26224643832654104,37.70949074074074,0.11937680554013029,17.183839038168102,52.319697352660626,481,8.979925822108054,48,0.9114526756631866,0.0,29.636863425926027,3505,-592.59996195,19.467751678655908,36.0,26.53888689806368,13.376805627729132,30.787037037037038,7.954499665597254,237,0.022475433,4222.845703125,0.06540083885192871,-45.381690470377606,2966.3402790210866,4800,-0.02793321385807185,0.18541666666666667,0.0003,5913.945289894386,0.2
17.880807117275246,13.883341514954372,9.533426050753008,0.8737114569239409,29.305555555555554,832896,0.45168994420357306,6.4112305962985765,13.73968616503064,0.8657407407407407,0.26828527786932427,37.66493055555556,0.12788498455079672,17.21788825358068,52.25430134229499,482,8.652550713431323,48,0.9192343727087914,0.0,28.486689814814856,3512,-594.9097452199999,20.018941888674327,36.0,26.521776487186553,13.40300764552232,31.365740740740737,8.122174322966945,237,0.020876931,4743.271484375,0.059973955154418945,-45.396368238661026,2800.5110431953713,4810,-0.03101225606062346,0.19010416666666666,0.0003,6287.636946614583,0.2
17.854257941891337,13.819496074476127,9.392114469921948,0.8698091495233663,29.12037037037037,834624,0.4503314750867845,6.423225046168337,13.680964816820962,0.8859953703703703,0.2596402457249703,37.635995370370374,0.1282198731104825,17.251790665622732,52.12057803708044,483,8.797779947904322,48,0.9183264485747016,0.0,29.021990740740744,3519,-596.40447796,19.582004486623575,36.0,26.407733604610673,13.429143290377048,30.902777777777775,7.890393942225498,237,0.022897674,6282.06396484375,0.08133506774902344,-45.40770023487232,2698.4825625808153,4820,-0.029346954739756053,0.18512731481481481,0.0003,7101.140341073496,0.2
17.909219301407788,13.990032244847816,8.841145732631555,0.8739447297307023,29.51851851851852,836352,0.4497638480906317,6.434936862745241,13.666362450115107,0.8634259259259259,0.27830464984004344,37.735532407407405,0.12642788158093907,17.28565657174802,52.268459118369584,484,8.684726630761697,48,0.9217736927695925,0.0,28.559027777777768,3527,-597.3692865400001,19.752049975033657,36.0,26.544735941279473,13.455416338630569,29.166666666666668,8.440871997554288,237,0.01947268,5918.701171875,0.09370672702789307,-45.410971577962236,2188.298080776356,4830,-0.03334286894338826,0.17378472222222222,0.0003,12436.646880425347,0.2
17.783673777042566,13.858756015482209,8.793487387165968,0.8758974294916126,29.23148148148148,838080,0.44671003712322155,6.4468020902438,13.562082859221753,0.8755787037037037,0.27841524675627105,37.49421296296296,0.1287448791272372,17.319261778896074,52.31523002794872,485,8.746090999423435,48,0.9256169898097746,0.0,28.7688078703704,3534,-596.1220317699999,19.567779889484036,36.0,26.573227200218735,13.481375523073176,28.93518518518519,8.435536486835861,237,0.02109861,6047.876953125,0.09055536985397339,-45.42428672225387,2443.10325249566,4840,-0.03363659069011057,0.1970486111111111,0.0003,8286.0263192636,0.2
17.930986913732042,14.080411108118492,6.696395858620286,0.8787518864282525,29.703703703703706,839808,0.45450839205924015,6.458119659485615,13.81195738364515,0.8605324074074074,0.30801102300052424,37.792245370370374,0.1259068633462168,17.353491672355187,52.38598293443787,486,8.52702769672605,48,0.9286172311763652,0.0,28.02372685185188,3541,-598.27276446,18.59563672819262,36.0,26.671863469717533,13.507702990357506,22.10648148148148,9.338829761453843,237,0.016511688,5458.7529296875,0.04550260305404663,-45.45411597357856,2688.3400628337154,4850,-0.03158465544520705,0.12893518518518518,0.0003,11686.837635633681,0.2
17.912594065191183,14.023599161620519,4.813242043541524,0.8791181779545965,29.583333333333332,841536,0.4524307786707993,6.469623185859686,13.764254917949286,0.8182870370370371,0.3206565524885878,37.74305555555556,0.12096403719929942,17.38760230965006,52.31221108928372,487,8.601410549628273,48,0.918822246967183,0.0,28.392650462963047,3548,-602.74572796,17.044939839288375,36.0,26.672219127247924,13.533984475520484,15.972222222222223,9.728098634126333,237,0.022150628,2568.84375,0.12892353534698486,-45.4545399983724,3100.7326367130986,4860,-0.02989545007477756,0.1994212962962963,0.0003,4997.321684660735,0.2
17.826899260330162,14.18584682836358,4.97301370902557,0.8794189061438599,29.925925925925924,843264,0.448847356089152,6.481131143949634,13.6484099397885,0.8611111111111112,0.3212259190210268,37.576967592592595,0.12712580686444672,17.42142333449953,52.340310576660364,488,8.603183235979227,48,0.9160921109276415,0.0,28.31307870370377,3556,-601.5526983899999,17.38078358837734,36.0,26.695851928021085,13.56005172367131,16.435185185185183,9.741923050988191,237,0.014357473,5714.373046875,0.08572554588317871,-45.43931840967249,2822.284465408325,4870,-0.029547359428747935,0.1068287037037037,0.0003,9682.842854817709,0.2
18.0535873859081,14.20925072533339,4.296156565286974,0.8830809100397233,29.962962962962962,844992,0.4552189260223132,6.492357995894808,13.837855644633983,0.8344907407407407,0.33067039065627585,38.038773148148145,0.12276510751676797,17.455717973611115,52.37044966364456,489,8.490740778069622,48,0.9211957185347041,0.0,27.973090277777846,3563,-603.86541962,17.02305478913329,36.0,26.79841473998218,13.58668569213608,14.236111111111112,10.037647498512923,237,0.020074753,3461.212890625,0.033490538597106934,-45.44170677750199,2326.5697737093324,4880,-0.03311957141591443,0.15590277777777778,0.0003,10152.908121744791,0.2
17.93728893447999,14.297905274011697,4.296156565286974,0.8813014676323957,30.12962962962963,846720,0.44895137384340844,6.504021490951994,13.654269046874168,0.8466435185185185,0.337281075511258,37.7962962962963,0.1254208443881503,17.489553646228302,52.33357485130514,490,8.6653980228742,48,0.9189988186397486,0.0,28.573495370370456,3570,-606.3199375299998,17.32953988298585,36.0,26.758468755205058,13.61302891447228,14.236111111111112,10.255478043687178,237,0.0142825795,9319.2587890625,0.11041444540023804,-45.43200709025065,2801.4076233969795,4890,-0.031057318370720302,0.11278935185185185,0.0003,13051.146903935185,0.2
17.948829559819977,14.348572654789516,4.261732872627158,0.8874192998283309,30.259259259259256,848448,0.4505392167856186,6.515409512654946,13.68669492225053,0.8709490740740741,0.3365343519324487,37.81481481481482,0.12846651977876597,17.52347038353393,52.38247728348127,491,8.555208681180945,48,0.9220438286388684,0.0,28.168402777777807,3578,-605.9688577000001,17.31557430222312,36.0,26.943398634635482,13.639400988371829,14.120370370370372,10.225268774806443,237,0.020129226,2751.088134765625,0.11138391494750977,-45.42877532111274,2647.990295099329,4900,-0.03095039208419621,0.15908564814814816,0.0003,7868.512810601129,0.2
17.867817649988968,14.111171156933182,4.092977991166198,0.8823943500180329,29.76851851851852,850176,0.4509567205219485,6.526451489198764,13.716703938941377,0.8304398148148148,0.3317011049618958,37.645254629629626,0.12400498476501705,17.557462143381283,52.288611076932035,492,8.416790617527324,48,0.9158627226881139,0.0,27.770543981481566,3585,-605.55443141,16.75387298815351,36.0,26.794107991889103,13.665570532496801,13.541666666666666,10.06972384005413,237,0.011234938,4875.15673828125,0.10237568616867065,-45.44016397264269,2551.7873753724275,4910,-0.022892952463762075,0.07864583333333333,0.0003,11701.484053096065,0.2
17.77585039743823,14.165667734743467,4.231539479594136,0.8857431925874307,29.888888888888886,851904,0.44313328056754103,6.537738932499397,13.47263213563933,0.8599537037037037,0.33920230336405416,37.451967592592595,0.1286771865263099,17.590843723720383,52.34689356215441,493,8.514977320253243,48,0.9264430884307869,0.0,27.980324074074172,3592,-603.3485274399999,17.169686263583053,36.0,26.89514275761515,13.691510158490397,14.004629629629628,10.292479049245449,237,0.020192537,8089.458984375,0.08542042970657349,-45.43800637986925,2837.904849158393,4920,-0.03007787226492332,0.1517939814814815,0.0003,7486.96424786603,0.2
17.822317675696706,13.931138867873157,5.247315121797615,0.8870107387003969,29.39814814814815,853632,0.4460563149980595,6.54934255681303,13.56968666438027,0.8541666666666666,0.31928185181372876,37.545138888888886,0.12543717609792263,17.624467940381333,52.43865249205199,494,8.641449725453212,48,0.9193137993690806,0.0,28.522858796296298,3599,-602.96248656,17.340431059580066,36.0,26.927918914719935,13.717565952679639,17.24537037037037,9.681977069909292,237,0.022966977,4464.45556640625,0.030066311359405518,-45.436186430189345,2771.3360543003787,4930,-0.0399873827998009,0.2162037037037037,0.0003,10353.198137297453,0.2
17.88133094564602,14.050859405763946,5.778199006352946,0.8854616793191802,29.638888888888886,855360,0.4504430013489241,6.560836745587783,13.68933234880406,0.8443287037037037,0.3132107814476941,37.67534722222222,0.12637853054699355,17.658391271253343,52.41885893905604,495,8.597675509901078,48,0.925808913538287,0.0,28.255208333333375,3607,-607.30616176,17.817247116425797,36.0,26.88708701655173,13.743769280043754,19.09722222222222,9.508188704308907,237,0.019159408,2738.882568359375,0.097889244556427,-45.418165051495585,2254.1285168117947,4940,-0.030762089556083082,0.1866898148148148,0.0003,9118.39614981192,0.2
17.84013637317583,14.205211349142374,5.641358695926442,0.8906084995225134,29.972222222222225,857088,0.4465444413239606,6.5720950401433305,13.569081970592203,0.8142361111111112,0.32446739042019196,37.588541666666664,0.11899650390660556,17.692013976179823,52.50666390433553,496,8.503317822219183,48,0.9207550160411837,0.0,28.002025462962948,3614,-608.62027526,18.171396618969723,36.0,27.045789899139876,13.769869620976694,18.63425925925926,9.844826573900908,237,0.015143741,8204.0595703125,0.12504446506500244,-45.43178374679,2872.0452177754155,4950,-0.03159021801418728,0.13877314814814815,0.0003,14133.038013599536,0.2
17.83307555148607,14.219066966456145,5.0847253996496375,0.8917648099978593,30.009259259259256,858816,0.45246549397446256,6.583125351114254,13.751089667067282,0.8252314814814815,0.335748782446916,37.56539351851852,0.12363428698139474,17.726091700347492,52.4838880238867,497,8.412124388369252,48,0.9169638327066167,0.0,27.705439814814916,3621,-608.8942928499999,17.95508950154165,36.0,27.072049998416215,13.795952309855409,16.78240740740741,10.171297135435866,237,0.021521535,4531.5869140625,0.1012306809425354,-45.40836729826751,3199.297094203808,4960,-0.03402671566819427,0.19496527777777778,0.0003,5852.115919325087,0.2
17.78207431696369,13.965101440278339,5.212297593489002,0.888532642578459,29.462962962962962,860544,0.45317025546218703,6.594106220762335,13.783200437418719,0.8182870370370371,0.32711707861885486,37.47743055555556,0.12046519474652441,17.76024970144104,52.45134582504031,498,8.392347859232217,48,0.9220063594448976,0.0,27.69097222222228,3628,-612.33025087,17.572231377354456,36.0,26.968959366795232,13.821907495647817,17.24537037037037,9.914832343587111,237,0.012922648,8887.787109375,0.07508444786071777,-45.39288937603986,2910.164702662715,4970,-0.026774731040414838,0.10248842592592593,0.0003,9108.672106481481,0.2
17.892259107241177,14.123090381091723,4.781072884646563,0.8874431361206604,29.805555555555554,862272,0.45609961006606026,6.605175027892523,13.849616977248735,0.8611111111111112,0.338804416938885,37.72453703703704,0.13119326219887986,17.79457374388416,52.434661529265306,499,8.42752285207518,48,0.9244904657738878,0.0,27.69820601851863,3636,-614.19331008,17.65981123462423,36.0,26.939459144956164,13.84813814341592,15.856481481481481,10.275647968885941,237,0.020762846,4024.864013671875,0.08738207817077637,-45.403696046052154,3272.5716888992874,4980,-0.032235739697460776,0.17494212962962963,0.0003,5429.4667561848955,0.2
17.872838217722844,14.43760770331859,4.622820439642781,0.8921430988736475,30.48148148148148,864000,0.46283893332917336,6.615266837178106,14.078699671292009,0.8553240740740741,0.3483938519523114,37.670138888888886,0.13176703842462384,17.82947049306239,52.56609296980823,500,8.036723714232968,48,0.9237654770439827,0.0,26.482928240740783,3643,-617.8740617599999,18.094552974583202,36.0,27.084348918474358,13.874320238960227,15.277777777777777,10.554124831621833,237,0.02067035,8250.9423828125,0.07000291347503662,-45.43583642465097,2574.9123118789107,4990,-0.027472888116069415,0.16001157407407407,0.0003,9935.346782769097,0.2
17.8822770013951,14.329749760446726,4.7894489420972315,0.8904311890381345,30.259259259259263,865728,0.4510284783385337,6.626364853471282,13.700578059258545,0.8420138888888888,0.34077637201308514,37.69097222222222,0.1248348791197369,17.86342193821054,52.573742586165515,501,8.439206517270495,48,0.9191664587154201,0.0,27.792245370370374,3650,-618.1916230399999,17.91052181390369,36.0,27.026173099776372,13.900525931463715,15.74074074074074,10.311323111359732,237,0.020804815,6173.5595703125,0.09526407718658447,-45.43731060734502,2744.3901455702603,5000,-0.028749540658598697,0.16724537037037038,0.0003,8404.930866608796,0.2
18.005879991696943,14.479251545328262,5.035930631263509,0.8888067274997908,30.51851851851852,867456,0.46587164596736974,6.636830033898713,14.160958668268956,0.8570601851851852,0.34500298650924616,37.94444444444444,0.12807174342066077,17.898524334881213,52.56013031413173,502,8.186072170972551,48,0.9279476989488857,0.0,26.996527777777835,3658,-622.3154439499999,18.4663313918756,36.0,26.996365779271613,13.927040631442958,16.550925925925927,10.471149215283829,237,0.0200181,6648.35791015625,0.09496784210205078,-45.42884443777579,2569.6370345645482,5010,-0.029765688110556868,0.1560763888888889,0.0003,10245.58285409433,0.2
17.840100601409272,14.258000737874639,5.1989545362884355,0.8933776725268304,30.074074074074073,869184,0.45770160420431044,6.647818022092975,13.890213996514587,0.8726851851851852,0.3364259065424878,37.607638888888886,0.12993648958286036,17.9329498698725,52.58495607478508,503,8.39519527770456,48,0.9251123266583869,0.0,27.67650462962968,3665,-623.89330262,18.142725589751713,36.0,27.140685156480362,13.953140882946482,17.12962962962963,10.205770315588639,237,0.016900051,4793.833984375,0.16782057285308838,-45.42484978569878,2996.1253787146675,5020,-0.028032475692668448,0.13038194444444445,0.0003,6731.898585792824,0.2
17.91586070014814,14.553127898007453,5.281306208356214,0.8909897033251845,30.694444444444446,870912,0.4582133402320351,6.658411928005981,13.928391279788201,0.875,0.3354653917813087,37.75347222222222,0.13102440937499657,17.96747084807197,52.559719856557564,504,8.237562365202564,48,0.9297880900971884,0.0,27.177372685185244,3673,-623.3914620700001,18.492449265434054,36.0,27.05632262949044,13.979430534696853,17.36111111111111,10.17801515907039,237,0.020544585,6170.41064453125,0.09281539916992188,-45.433304694846825,2776.308840673941,5030,-0.03170825002921952,0.20775462962962962,0.0003,8550.341684751158,0.2
17.92109016363666,14.773699864069775,5.734992652540959,0.8852295466206779,31.14814814814815,872640,0.4642832509925746,6.668889354522722,14.110717322156987,0.8651620370370371,0.3335142180626816,37.75231481481482,0.12738453917748888,18.002447641377362,52.46011371761088,505,8.190970606696661,48,0.9216486655751195,0.0,27.00376157407409,3680,-625.7321110500001,19.110068907059723,36.0,26.878549706514406,14.005733260105945,18.865740740740744,10.121376390448988,237,0.020238832,8174.31298828125,0.07203775644302368,-45.438173124525285,3261.657078919587,5040,-0.030019729329204117,0.1711226851851852,0.0003,8125.376498300058,0.2
18.090261529986055,14.751017380578554,6.1858125828344255,0.8905632268130947,31.092592592592595,874368,0.46633521672876826,6.679805282348532,14.170775086963774,0.8553240740740741,0.3318790012995379,38.11226851851852,0.1250715208111674,18.03757457909477,52.59966806326812,506,8.366371130323968,48,0.9202899626114394,0.0,27.589699074074066,3688,-631.7020293200001,19.495077257400553,36.0,27.043435291056227,14.03245891393091,20.37037037037037,10.078247293987571,237,0.017308941,10467.7392578125,0.0769612193107605,-45.45502343354402,2634.459684838189,5050,-0.033001289209695875,0.15260416666666668,0.0003,9783.711534288195,0.2
17.99161012511559,14.67718559646154,6.317962096402236,0.8856767573761353,30.916666666666668,876096,0.4688821599434486,6.690314931561415,14.253059059665885,0.8541666666666666,0.3257751183411735,37.92418981481482,0.13059706912195135,18.072907226743933,52.50349238660095,507,8.20385968515323,48,0.9228360892965815,0.0,27.01822916666667,3695,-635.25213298,19.383266248692554,36.0,26.894953714514212,14.058937939243698,20.833333333333332,9.908118555828777,237,0.016420595,9105.4150390625,0.08457815647125244,-45.454548602634006,2645.4776317879005,5060,-0.03207657117120646,0.11990740740740741,0.0003,16060.763328269675,0.2
17.99602903419393,14.638683297788981,6.022623035049982,0.8915052889703726,30.842592592592595,877824,0.46666275443518956,6.7010594074438385,14.182826372217386,0.8373842592592593,0.32750349958325803,37.933449074074076,0.12195288868269316,18.108064292674477,52.53958522114902,508,8.29779035296933,48,0.9166878769794247,0.0,27.408854166666654,3703,-635.9543869299999,19.093972468982948,36.0,27.067138596893397,14.085428011829183,19.791666666666668,9.952666136143984,237,0.0192598,2880.9658203125,0.1320737600326538,-45.472440281620734,3241.7940983101175,5070,-0.031932283139408185,0.16238425925925926,0.0003,7382.658443196615,0.2
17.954897162177513,14.3862045352169,6.355868643686747,0.8901246168957875,30.305555555555557,879552,0.46599871499617485,6.712262504315537,14.149215074409751,0.8489583333333334,0.31914263753948163,37.839120370370374,0.12402863094689343,18.143137330360503,52.46064296989274,509,8.481238748679177,48,0.9227074581582118,0.0,27.850115740740716,3710,-636.5782309000001,18.928737539987686,36.0,27.035108404106058,14.111815254734626,20.949074074074073,9.706664361084039,237,0.01489132,7951.22607421875,0.08977782726287842,-45.4752710836905,3247.9871283213297,5080,-0.0331167743920728,0.1316550925925926,0.0003,11013.79929651331,0.2
17.967152432555434,14.730695831024548,6.349408733369053,0.8946795427792406,31.055555555555557,881280,0.46699950946410695,6.722843144310776,14.18617095455482,0.8755787037037037,0.3390708832952103,37.858217592592595,0.12913919163225063,18.17830275774689,52.526476809190456,510,8.232255998095534,48,0.9237325335678497,0.0,27.076099537037,3718,-637.39313852,19.862033237486614,36.0,27.167431380028887,14.138233135816014,20.949074074074073,10.301928673093014,237,0.021541122,5958.61083984375,0.06640869379043579,-45.47721664993851,2952.278194116663,5090,-0.03398769186395738,0.17083333333333334,0.0003,9160.864933268229,0.2
18.016104291981815,14.516560549124724,6.2445654530024575,0.8960412101398522,30.61111111111111,883008,0.4635204940472088,6.7337411835784,14.086093611482761,0.8478009259259259,0.3308703941210174,37.97858796296296,0.12546025712892278,18.213217991775597,52.50613996907892,511,8.359215707049662,48,0.9207743659018114,0.0,27.524594907407415,3725,-638.01478413,19.289538649607415,36.0,27.2034241647922,14.164773396545968,20.60185185185185,10.048412647480234,237,0.017147569,8095.4990234375,0.030970394611358643,-45.4869876437717,2963.0087271372477,5100,-0.03048499426632016,0.13975694444444445,0.0003,13139.550689019097,0.2
17.986768057579763,14.333730675299583,6.56852717277808,0.8930294973361832,30.212962962962962,884736,0.4734949594934929,6.743884770686717,14.381887363508278,0.8535879629629629,0.32343725734921946,37.885416666666664,0.12712819071368525,18.24887271018437,52.52056807836746,512,8.057434843326698,48,0.9230944380900538,0.0,26.555266203703688,3732,-641.04728126,19.20626430461853,36.0,27.117586321345907,14.191240316689917,21.64351851851852,9.824006456540866,237,0.020679796,4493.74755859375,0.07547152042388916,-45.49234107688621,2562.754648010819,5110,-0.031188335558572026,0.16105324074074073,0.0003,10060.137509042246,0.2
18.065610064189116,14.608108121792847,6.680933557599698,0.8930501710786505,30.805555555555557,886464,0.4786126454775708,6.754135075575074,14.555425443397878,0.8755787037037037,0.33432660413732873,38.067708333333336,0.12768470354404046,18.284961273792863,52.520329486491796,513,8.100121955342788,48,0.9234814120001618,0.0,26.714409722222285,3739,-646.73375236,19.91952665737318,36.0,27.120551352997328,14.21790434185039,21.990740740740744,10.150484977980634,237,0.01565915,8409.748046875,0.049777090549468994,-45.51061942489059,2549.2532721978646,5120,-0.02677790678485676,0.13414351851851852,0.0003,14636.944683159722,0.2
17.97634694589265,14.564468425624243,6.430797355999885,0.8921564490827504,30.712962962962962,888192,0.4713432529983147,6.765135730586515,14.321957434203947,0.8651620370370371,0.3366672129106967,37.89756944444444,0.12862734328467523,18.320466167378374,52.51273596865159,514,8.400262004576389,48,0.922174357289842,0.0,27.647569444444397,3747,-648.83789012,19.703572772095608,36.0,27.099893260066846,14.244345209215123,21.180555555555557,10.22830699047148,237,0.020337954,6969.474609375,0.11359351873397827,-45.52375527841073,2557.4645482663755,5130,-0.027201977213499724,0.1666087962962963,0.0003,9876.283997034143,0.2
18.065712457758476,14.985512489481541,5.746071033058617,0.8853934919536023,31.60185185185185,889920,0.4714415412046182,6.77532367720988,14.335886984427495,0.8703703703703703,0.3477182792447366,38.06944444444444,0.1280019999126768,18.356005884839444,52.43155232640573,515,8.075178649346425,48,0.9238283641225877,0.0,26.663773148148135,3754,-647.5045022500002,19.784909345608146,36.0,26.891483672708876,14.27100949035952,18.98148148148148,10.573325823067988,237,0.016924223,6402.28515625,0.08521676063537598,-45.523437372843425,2954.390334807502,5140,-0.0271587862253741,0.12795138888888888,0.0003,13415.695619936343,0.2
18.061193880793194,14.814467404886619,6.080545828750634,0.8846019871779011,31.259259259259263,891648,0.46730615221898586,6.786005904091964,14.201433800870452,0.875,0.33522929662704026,38.06886574074074,0.12434602805109837,18.39120946934162,52.431838239848155,516,8.272890752833373,48,0.9213168783682584,0.0,27.24971064814816,3761,-647.8644476999999,19.549427232284142,36.0,26.874526899456693,14.297662475061502,20.02314814814815,10.17441399864689,237,0.019774286,5495.45263671875,0.0668383240699768,-45.51480188722964,2915.152707742762,5150,-0.03292470465897134,0.16996527777777778,0.0003,9750.020700412326,0.2
18.073399096355484,15.048881549412025,6.781738437376358,0.8891402838978436,31.76851851851852,893376,0.4678703622687086,6.7969869879290075,14.220851799791497,0.8391203703703703,0.3364431036468969,38.09606481481482,0.1220789539015263,18.4264615988411,52.49694429019214,517,8.392433534817444,48,0.9235274086086648,0.0,27.640335648148067,3769,-649.31548816,20.514894633311535,36.0,26.99494585541196,14.32434597280239,22.337962962962962,10.204274646523153,237,0.014011748,5160.4052734375,0.08115953207015991,-45.51691853558576,3174.836940101341,5160,-0.02855228973656065,0.10549768518518518,0.0003,11499.642268880209,0.2
18.034518735557636,14.89519956158309,7.172311418769308,0.8865374509491567,31.416666666666668,895104,0.4713166468230398,6.8078914888065665,14.308090956604362,0.8472222222222222,0.33050409806307623,38.00347222222222,0.1245180199258211,18.46193182623261,52.52544669367825,518,8.361800351023447,48,0.9192964778327087,0.0,27.560763888888825,3776,-651.89325914,20.58372597291428,36.0,26.92241778766986,14.350932269641286,23.61111111111111,10.036214992561884,237,0.017637653,1379.3197021484375,0.06796318292617798,-45.5306866257279,3563.8909347958033,5170,-0.031737106317585265,0.1475115740740741,0.0003,6414.220262767651,0.2
18.014834614389507,14.679072022510782,7.248552883286512,0.8851030623567403,30.962962962962962,896832,0.46486140096041695,6.819394752564771,14.136198084554117,0.8576388888888888,0.320157319597373,37.95891203703704,0.12708205675571121,18.496972321443998,52.459036093641345,519,8.60130550328203,48,0.9232138216530444,0.0,28.334780092592585,3783,-652.7499126800001,20.12290856263112,36.0,26.872810786224477,14.37746935617726,23.84259259259259,9.715283656833826,237,0.015600743,7716.9140625,0.08985698223114014,-45.53343029728642,2970.7127433353,5180,-0.030917217546246118,0.13605324074074074,0.0003,9945.412972005208,0.2
17.974286387579042,14.479683981446064,6.891082494103486,0.8836696121300357,30.537037037037038,898560,0.4634887110356358,6.830583686094787,14.079936155044047,0.8530092592592593,0.3179800936695072,37.880208333333336,0.12564147295912784,18.531872161831608,52.509896947434605,520,8.475573412006437,48,0.9282666687750647,0.0,27.929687500000007,3790,-651.3343456999999,19.50135861545583,36.0,26.81819710520448,14.403905072146207,22.685185185185187,9.650592139906278,237,0.017288836,7595.83203125,0.07148194313049316,-45.54076692086679,3041.975643165023,5190,-0.03294667959627178,0.13391203703703702,0.0003,11998.750786675348,0.2
17.999055297833344,14.501256959579402,6.365544322068863,0.8852742423489769,30.564814814814813,900288,0.4702648287153919,6.841139245190849,14.322041858924758,0.8535879629629629,0.3237341399004763,37.921875,0.12226066443708272,18.56737726647892,52.58684852779683,521,8.222223638424797,48,0.919349455374597,0.0,27.148437500000107,3798,-651.73984752,19.184510445303594,36.0,26.88833497546506,14.43040271039079,20.949074074074073,9.837709163655328,237,0.01818384,6766.32568359375,0.06002300977706909,-45.52341947202329,3510.119262398614,5200,-0.02985579511668119,0.14809027777777778,0.0003,7687.411061378762,0.2
17.9957452904017,14.67558931882568,6.387600214492938,0.8879527623401221,30.89814814814815,902016,0.47220195504231666,6.851740468133523,14.358060178929387,0.8616898148148148,0.3301543856202169,37.93055555555556,0.12300931816826562,18.602972416926246,52.6579219432096,522,8.24048917706971,48,0.9249428399040608,0.0,27.177372685185166,3805,-655.2475065399999,19.60060707307123,36.0,26.96472942432415,14.456892073616794,21.064814814814813,10.057417539752615,237,0.020952215,4655.10498046875,0.055660247802734375,-45.49564834877297,3534.492215262519,5210,-0.029655777913069836,0.17997685185185186,0.0003,8188.213669162326,0.2
17.93836916256089,14.6564577925031,6.350093958698738,0.8857352431059007,30.88888888888889,903744,0.4609910604432281,6.862587509294358,14.015405894805452,0.8570601851851852,0.32709395959001725,37.79050925925926,0.12640413635592115,18.63771093166326,52.59561301872851,523,8.338816464334004,48,0.9232505113388604,0.0,27.488425925925927,3812,-654.3399318600001,19.43797977625557,36.0,26.89589112608192,14.483237996523197,20.949074074074076,9.951428025053731,237,0.016611906,6304.5966796875,0.06941264867782593,-45.51735261987757,3060.149751112196,5220,-0.03229249505395139,0.1293402777777778,0.0003,9089.443640588832,0.2
17.988216466607337,14.213952812042756,6.287845848113794,0.88843902436794,29.925925925925924,905472,0.4736319753875166,6.873186088995419,14.385102454751019,0.8431712962962963,0.31595376444288353,37.92418981481482,0.12329777905228824,18.673373687800137,52.61525852209109,524,8.239431880424155,48,0.9250795912882559,0.0,27.119502314814785,3820,-654.74959443,18.613974220329695,36.0,26.977629262668753,14.509708537689715,20.71759259259259,9.632175560173147,237,0.019593975,6203.189453125,0.09185755252838135,-45.50169330173068,3244.1053916789865,5230,-0.0303213846973247,0.17575231481481482,0.0003,8944.617703812211,0.2
17.936807099684263,14.14984583148835,5.964259161987243,0.88524433504614,29.796296296296294,907200,0.4689458507813864,6.883706949616364,14.25860286242461,0.8784722222222222,0.31601942303816594,37.80671296296296,0.12792082517901512,18.708720194956197,52.59232904005055,525,8.208344248378156,48,0.9289267629838521,0.0,27.068865740740762,3827,-658.10723379,18.226644660736852,36.0,26.872786562851775,14.536050555438926,19.675925925925927,9.632539667261259,237,0.013418962,7572.298828125,0.10297811031341553,-45.49779000458894,3384.9593085394963,5240,-0.028887859059290755,0.10023148148148148,0.0003,14303.949233217592,0.2
17.810966354728485,14.046211210351741,5.830926755151256,0.888358405918102,29.60185185185185,908928,0.464141618878987,6.894405880080967,14.09458465600956,0.8686342592592593,0.31413405649093246,37.53125,0.12839640867875304,18.74365665659622,52.62137564607591,526,8.279572185841102,48,0.9184250734156473,0.0,27.307581018518498,3834,-655.07038625,17.90263687084375,36.0,26.966341398073883,14.562077971325747,19.212962962962962,9.545498905340752,237,0.015781956,11360.8291015625,0.06321632862091064,-45.500553116975006,3261.8358647946957,5250,-0.028281267006295147,0.12511574074074075,0.0003,10822.15822120949,0.2
17.974506339386785,14.157104247274278,5.502586763972707,0.8881321631524853,29.824074074074076,910656,0.4626837998261789,6.905280984946487,14.056446866832127,0.8547453703703703,0.3232300402207,37.902199074074076,0.1266012052772264,18.7784977737633,52.606479031213716,527,8.35004194620821,48,0.9298053421640402,0.0,27.596932870370456,3842,-655.3751897200001,17.975616378960375,36.0,26.960642106596435,14.588514237174214,18.171296296296294,9.835925367713388,237,0.01814513,7015.89599609375,0.03947806358337402,-45.5059351461905,2828.8207302799933,5260,-0.0332555105978692,0.14565972222222223,0.0003,17778.728327546298,0.2
17.920543743975614,14.230229179441586,5.359832826113238,0.89036765129477,29.990740740740737,912384,0.4660007700756745,6.91574347804785,14.153508082912358,0.8645833333333334,0.3223638247204476,37.765625,0.12427540159550965,18.813581543970578,52.60621744550536,528,8.184997240545163,48,0.9233110046523442,0.0,26.960358796296365,3849,-657.82941305,17.874221698446974,36.0,27.02836291704595,14.614815596534154,17.708333333333332,9.80415969289215,236,0.017403666,4777.1162109375,0.12954431772232056,-45.49965301796242,3938.1149824071813,5270,-0.032843630300420854,0.15769675925925927,0.0003,5186.681180826823,0.2
17.94872197145252,14.297803278380686,5.366668398037491,0.890433907999214,30.11111111111111,914112,0.46707211033573054,6.926163106911843,14.21244858525088,0.8599537037037037,0.3288487997476136,37.83043981481482,0.12954050076725326,18.848812665433705,52.63227147346731,529,8.167851545596921,48,0.9221152527664969,0.0,26.953125,3857,-659.0000228400002,18.14800597008215,36.0,27.025213881810874,14.641187401462785,17.708333333333332,10.003534293663973,236,0.016062383,4785.27734375,0.06691044569015503,-45.51171726650662,3259.1185504489476,5280,-0.027763571938568796,0.11666666666666667,0.0003,8790.943941695601,0.2
17.99426437706343,14.08421069653789,5.405198990789973,0.8959193924366039,29.68518518518518,915840,0.4750564899733479,6.936523705492281,14.436409784907818,0.875,0.326248669235971,37.93171296296296,0.13404000918931022,18.884603689895975,52.65673862952797,530,8.144239432175077,48,0.9314516425308225,0.0,26.83738425925928,3864,-665.1909751899999,17.883368481060092,36.0,27.179694165347197,14.667673062405443,17.824074074074076,9.91395879373223,236,0.016511364,14148.14453125,0.04406780004501343,-45.51837784096047,3463.574982961019,5290,-0.032093460818200754,0.13784722222222223,0.0003,11448.911559606482,0.2
18.00947283041592,13.910651777365665,5.573650178637269,0.8969229248390262,29.314814814814813,917568,0.4737815288108711,6.946644970801516,14.414078478025624,0.8732638888888888,0.320505000717581,37.9380787037037,0.12689254263579938,18.920338886091038,52.66868704111985,531,8.048506123693848,48,0.9185653381054124,0.0,26.605902777777764,3872,-667.5208888100001,17.708231519363707,36.0,27.218574709697368,14.694196744481482,18.402777777777775,9.743929563360775,236,0.016505184,3668.8818359375,0.04378533363342285,-45.525718152081524,4021.49368947347,5300,-0.02882934319269326,0.13767361111111112,0.0003,6302.039283130787,0.2
17.95552448065374,13.902706235542054,5.998684915496891,0.8916435232156807,29.314814814814813,919296,0.4679474573630192,6.957563872366669,14.225677244820723,0.8802083333333334,0.3153038379474604,37.84375,0.13157539610407726,18.95560307920309,52.62286910065108,532,8.367560626061335,48,0.9244230576082186,0.0,27.60416666666661,3879,-667.82230754,17.95121429906357,36.0,27.05538148520567,14.720585555683117,19.791666666666668,9.569823148024623,236,0.016745683,6850.9736328125,0.04972618818283081,-45.51018863254123,2669.1923594722043,5310,-0.03428467650794321,0.13136574074074073,0.0003,14310.781266276043,0.2
17.91012623153721,13.949905803363535,5.997857956593066,0.8854788075469772,29.40740740740741,921024,0.46475839963340715,6.967985034839724,14.115994255889047,0.8229166666666666,0.31673633342229235,37.7505787037037,0.12066133733370273,18.990593064842813,52.506223753860816,533,8.168464989221956,48,0.9214985265902818,0.0,26.90248842592589,3886,-666.89241868,18.04266206250687,36.0,26.866997717637616,14.74686087126196,19.791666666666668,9.614898302550268,236,0.014864278,11279.0,0.043347954750061035,-45.518495616206415,3324.135012490661,5320,-0.027675420499441248,0.11637731481481481,0.0003,18096.547779224536,0.2
17.84717124088341,13.725226262538085,5.69677881348625,0.8827365554497292,28.962962962962962,922752,0.4655847838618373,6.978359277419638,14.151578660506752,0.8651620370370371,0.3076843960016557,37.614583333333336,0.1284874024712831,19.02567201149408,52.48420002836709,534,8.149697031965468,48,0.9179096617707553,0.0,26.909722222222218,3894,-664.4412530899999,17.225494492516944,36.0,26.78005947657607,14.772978799364168,18.750000000000004,9.323489416492608,236,0.01891931,3843.106689453125,0.08811509609222412,-45.49227635418927,3457.777247944585,5330,-0.03210415181324438,0.15758101851851852,0.0003,8343.083365885417,0.2
17.892711635180063,13.894261458676624,6.146092439790235,0.8850998308626311,29.305555555555557,924480,0.4636935369729858,6.989214778518744,14.093146034545306,0.8391203703703703,0.31027327286672074,37.707175925925924,0.1218341269522795,19.060604876580445,52.51360803434465,535,8.342200439642482,48,0.9241773881042626,0.0,27.502893518518537,3901,-665.4293517199999,17.93609600475422,36.0,26.858075047857515,14.799210578452119,20.25462962962963,9.41574210628736,236,0.018909227,5204.8193359375,0.07614529132843018,-45.50321697658963,2715.677302593655,5340,-0.02792512659949285,0.14594907407407406,0.0003,11997.538017216435,0.2
18.009067285475137,14.185038604355626,6.310362832580464,0.8905054577066164,29.90740740740741,926208,0.47133345011908406,6.999863488162612,14.330009555581208,0.8315972222222222,0.3238067256376232,37.95891203703704,0.12505420476308185,19.0961299004694,52.60611371993525,536,8.259483857547254,48,0.9237720523015872,0.0,27.206307870370424,3908,-671.09654801,18.793857053576737,36.0,27.032616342836963,14.825733246665806,20.717592592592595,9.818455616640648,236,0.014111135,6293.71240234375,0.12038153409957886,-45.51616171377677,3277.5949802963823,5350,-0.02881675065771021,0.1129050925925926,0.0003,10348.15935510706,0.2
17.92885040867046,14.174294095993043,6.205698859127652,0.8901588555297293,29.888888888888886,927936,0.46813832015325096,7.010699310138316,14.226763632790949,0.8674768518518519,0.325901629231473,37.78703703703704,0.1296048014443355,19.131396809551376,52.58502226768682,537,8.334328790281498,48,0.9305062584828526,0.0,27.459490740740787,3916,-673.22548753,18.755100916642476,36.0,27.02450563831768,14.85205537268748,20.48611111111111,9.89510796152178,236,0.015817048,4956.2255859375,0.07125145196914673,-45.50847009729456,3708.1260148507577,5360,-0.030369161459168903,0.14484953703703704,0.0003,8579.816804108796,0.2
17.851983904099203,14.40327583940549,6.277356027498311,0.8897166621653948,30.36111111111111,929664,0.46497179781026976,7.0215843899387345,14.13810890558318,0.8576388888888888,0.3319258937566269,37.62210648148148,0.12896023560287453,19.166442081815333,52.64135270546763,538,8.354031920167452,48,0.9214268644507434,0.0,27.604166666666675,3923,-671.68565265,19.243830019420987,36.0,27.0193175471225,14.878185332447728,20.71759259259259,10.083198152517184,236,0.021229913,7655.65478515625,0.0480118989944458,-45.505158770525895,3742.4304386704057,5370,-0.03246572821539034,0.17482638888888888,0.0003,10509.745949074075,0.2
17.8177125956492,14.23869876182107,6.5922278603015,0.8888260278872965,30.01851851851852,931392,0.4641957687932739,7.032722044066597,14.115297397158558,0.8501157407407407,0.32300686109272364,37.54340277777778,0.12458890883513651,19.20143032530823,52.635845578561494,539,8.455061651145106,48,0.9225236195804974,0.0,27.886284722222232,3931,-672.0472940299999,19.116139170262656,36.0,26.97541898880014,14.90422961393685,21.759259259259256,9.805212548140085,236,0.022738146,9839.0126953125,0.08528679609298706,-45.485720782809786,2926.514780199969,5380,-0.0352319464104733,0.18206018518518519,0.0003,13854.382588252314,0.2
17.932859381734684,14.355011839503613,5.936900137417172,0.8833639379379156,30.277777777777782,933120,0.4627547755347169,7.0435273432774235,14.066213276397617,0.84375,0.3253239173442482,37.78472222222222,0.12119127946905581,19.236295858499226,52.46249842340986,540,8.322119684330344,48,0.9242313341842723,0.0,27.387152777777835,3938,-672.51224401,18.642433851419074,36.0,26.801876099394452,14.930561762391187,19.560185185185187,9.870521874498289,236,0.018636556,6140.529296875,0.05026799440383911,-45.48933089927391,3563.19686410692,5390,-0.032860100086502454,0.15561342592592592,0.0003,10061.589076967593,0.2
17.90627865579445,14.349200802667625,5.262112744809432,0.8842469165883746,30.287037037037038,934848,0.4632204773695179,7.054362868137597,14.083649067942796,0.84375,0.33157489471779056,37.72800925925926,0.12502872335874154,19.27120498116908,52.506352807291194,541,8.334209944069416,48,0.9183948105430727,0.0,27.502893518518565,3946,-673.56553902,18.132293250402192,36.0,26.84030776246917,14.956827459030674,17.24537037037037,10.040979702925135,236,0.017327674,7989.796875,0.06481355428695679,-45.49809163411458,3696.280895303797,5400,-0.029596252077155643,0.14322916666666666,0.0003,10951.028647641782,0.2
17.939716112563335,14.269565986862773,5.4714559364533955,0.8809778659074192,30.111111111111114,936576,0.4635417269789844,7.0653813549673385,14.076117464930592,0.8582175925925926,0.33057308500618254,37.8119212962963,0.1282248825625341,19.306095274831407,52.4828874771435,542,8.407394731896837,48,0.9298845035572166,0.0,27.712673611111132,3953,-675.49844875,18.244208220774922,36.0,26.742585261679846,14.983176749312081,18.055555555555554,10.023186297458752,236,0.015891481,7818.1044921875,0.06877946853637695,-45.495650369149665,2864.676404204192,5410,-0.029680432815587632,0.13315972222222222,0.0003,14672.027983940972,0.2
17.86041700048921,14.222200080036304,5.703319378344595,0.8804607421899275,30.009259259259256,938304,0.46185846415696397,7.076901446783467,14.039256664538902,0.8165509259259259,0.32730615073713704,37.635416666666664,0.1179854226934428,19.340893416492754,52.49646500834191,543,8.608036726451394,48,0.9173732153954403,0.0,28.334780092592673,3961,-677.0011049399999,18.32764058917684,36.0,26.739359692902713,15.009327791813304,18.75,9.922121130795942,236,0.011734076,12114.4345703125,0.1552550196647644,-45.50770361158583,3707.8528742048475,5420,-0.02604682660765118,0.07482638888888889,0.0003,21990.405107060185,0.2
17.956223555419985,14.152842612452199,5.816835551555694,0.8790649309963477,29.833333333333332,940032,0.45924975477261804,7.088069240921237,13.957687588767646,0.8524305555555556,0.32310473699020553,37.838541666666664,0.1280398441965925,19.375487635464673,52.506896739378334,544,8.46711765510768,48,0.9199168095741095,0.0,27.922453703703777,3968,-677.0399989399999,18.267597284096258,36.0,26.720260321846585,15.035718350701854,19.097222222222225,9.817919120088364,236,0.015002956,1780.8280029296875,0.0777139663696289,-45.50189425150553,3521.1618716204607,5430,-0.03074178808817157,0.11498842592592592,0.0003,9545.349697989004,0.2
18.010187068425,14.305381798990473,6.497365394849049,0.8756674516589884,30.175925925925924,941760,0.4618892281636906,7.099397814054394,14.041979367636896,0.8559027777777778,0.31812192756833496,37.961226851851855,0.127134064767343,19.410292583883766,52.425087777952534,545,8.53142925326294,48,0.9195273593003706,0.0,28.124999999999975,3975,-680.2566738500001,18.940490734805685,36.0,26.598811972490036,15.062243818372917,21.412037037037038,9.657743540966162,236,0.0152695915,8509.4619140625,0.09483450651168823,-45.505707818490485,3740.1652043943054,5440,-0.0286313206423074,0.1300925925925926,0.0003,11793.988199869791,0.2
17.98628532960839,14.577427452076392,5.815359363789395,0.8707911765896617,30.76851851851852,943488,0.46789919981914885,7.110548968923649,14.216560788460756,0.8373842592592593,0.3306130633549981,37.90277777777778,0.12138295096804509,19.44553398585492,52.325407441389444,546,8.460461947701951,48,0.9220720957950133,0.0,27.90075231481483,3983,-684.29738116,18.891435881135322,36.0,26.431158866199628,15.088709531696937,19.097222222222225,10.018649065269535,236,0.018777914,3351.4189453125,0.16024857759475708,-45.50272920396593,3531.8099503411186,5450,-0.030785948938379683,0.1681712962962963,0.0003,9868.478309461805,0.2
18.002441596336723,14.717518044912396,6.6008941758230675,0.8689031492847578,31.074074074074076,945216,0.4622696988048279,7.1217406534366186,14.062149626558503,0.8391203703703703,0.32840500138869083,37.91840277777778,0.12224983818216867,19.480389359921315,52.289077859006596,547,8.47667380518766,48,0.9249575550306076,0.0,27.94415509259256,3990,-685.3770874199998,19.746470039693158,36.0,26.373166362887314,15.115215635687779,21.759259259259256,9.948057818957693,236,0.014836401,7950.234375,0.07939732074737549,-45.51102851585106,3569.056899162575,5460,-0.02866837865397058,0.12471064814814815,0.0003,11253.386380570024,0.2
17.96095499695184,14.47511184859993,6.33121040141593,0.8690763475863399,30.527777777777782,946944,0.46110801692061837,7.133322934418643,14.015320395777877,0.8310185185185185,0.3204434035989776,37.855324074074076,0.12199358201235176,19.51512766091076,52.235631905347645,548,8.632912392809688,48,0.918258280856549,0.0,28.450520833333343,3997,-684.3445464700002,19.016133150531267,36.0,26.38880862092829,15.14161802318016,20.833333333333332,9.729810900515409,236,0.016146604,7196.89990234375,0.07884889841079712,-45.499873606363934,3757.8846838209365,5470,-0.03171456105903619,0.1240162037037037,0.0003,11861.921170609086,0.2
17.953135845513295,14.256158622371215,6.090234225050761,0.8688511152844239,30.074074074074076,948672,0.4617512339411248,7.144869203219042,14.03819912093249,0.8414351851851852,0.31375942981059984,37.833333333333336,0.12330450862246459,19.549923158713092,52.28576479591569,549,8.618507520159854,48,0.9235021808318985,0.0,28.414351851851865,4005,-686.0399842800001,18.347604268911468,36.0,26.379396180342855,15.168000862793942,20.02314814814815,9.521211421489491,236,0.012496423,6975.11865234375,0.09898698329925537,-45.47993682578758,3462.1308043868453,5480,-0.02750142694933823,0.09033564814814815,0.0003,15683.020330584492,0.2
17.99770054366922,14.000632826850707,5.742462704502045,0.8683054946562555,29.527777777777775,950400,0.45989186146057803,7.156221147738697,13.985085533819754,0.828125,0.30792877207805014,37.941550925925924,0.12032235884842696,19.584585872547642,52.20126261661915,550,8.540777807861874,48,0.9267948942834681,0.0,28.139467592592577,4012,-686.2339161599999,17.571154059938298,36.0,26.358672790547445,15.194495114153115,18.86574074074074,9.348058528585545,236,0.01792994,5115.1513671875,0.04541051387786865,-45.48564682006836,3946.057393109357,5490,-0.03255828434463452,0.15387731481481481,0.0003,10564.389069733796,0.2
17.850297655301826,13.865518389414794,4.966817181727112,0.8682932848072843,29.277777777777775,952128,0.45228510170688996,7.167720080729395,13.756049032255497,0.8478009259259259,0.3121188533316422,37.62210648148148,0.12708201815283565,19.61867599512828,52.216448118835785,551,8.599573196279088,48,0.9212742411218263,0.0,28.356481481481545,4019,-684.2606612999999,16.76519894194515,36.0,26.36414122211845,15.22062085829137,16.319444444444443,9.452863370803245,236,0.012162157,11492.7158203125,0.09871739149093628,-45.50400057192202,3791.4477177937824,5500,-0.026513336471247453,0.09056712962962964,0.0003,16221.989879918981,0.2
18.016195122450632,14.252642600522789,5.389535355084629,0.8757187388183342,30.055555555555554,953856,0.46160602625593716,7.179104641199738,14.024435232368297,0.8524305555555556,0.32294051195603374,37.983217592592595,0.1253238425265535,19.6534370832092,52.29891828614719,552,8.55382418813742,48,0.9234481772168764,0.0,28.190104166666725,4027,-685.8853566500001,17.937350816009115,36.0,26.584785659680378,15.247161346097498,17.824074074074073,9.815172860401697,236,0.019016733,8503.1435546875,0.054415345191955566,-45.48970471134892,3150.3966733720567,5510,-0.032187841522196926,0.15497685185185187,0.0003,14228.94343713831,0.2
17.925145576191923,14.51201060166183,6.058251270015355,0.8757613401174792,30.60185185185185,955584,0.46073341550507724,7.189968995485449,13.99482981641603,0.8252314814814815,0.3244098750577689,37.78472222222222,0.12170207662215589,19.68812415775024,52.2698818821817,553,8.345741714284427,48,0.9169296989460364,0.0,27.45949074074073,4034,-689.01685459,18.902579617573497,36.0,26.575063059953532,15.273474210037977,20.02314814814815,9.852317745896313,236,0.013850821,10357.541015625,0.09638118743896484,-45.4948422325982,3646.9513824462892,5520,-0.02924962086878993,0.10567129629629629,0.0003,18489.587612123843,0.2
17.98550370917021,14.572513257328756,5.81845385000317,0.8722357772985475,30.722222222222225,957312,0.4626902032046501,7.200825197320466,14.070148651231356,0.8258101851851852,0.32822458878953875,37.911458333333336,0.1237116058554719,19.72299952937832,52.24134292639261,554,8.342480734006827,48,0.9230798227993628,0.0,27.488425925925952,4041,-689.4430966000001,18.838282497157653,36.0,26.46629871037652,15.299937969310902,19.212962962962962,9.967315389825727,236,0.017936485,6446.76318359375,0.0850943922996521,-45.45070019474736,3501.662730082759,5530,-0.03076950339772911,0.1673611111111111,0.0003,11151.42195276331,0.2
17.952340104368556,14.552692866831729,5.526630106394994,0.8767278240827867,30.675925925925924,959040,0.45450268153070456,7.212192888393778,13.816485502728005,0.8263888888888888,0.32667802889029723,37.83043981481482,0.12232718727520552,19.757240743135142,52.29125326139334,555,8.547076429324912,48,0.9124052227727885,0.0,28.226273148148167,4049,-690.1676681299999,18.487686057334766,36.0,26.5897614473008,15.326318819571823,18.287037037037038,9.928363084108044,236,0.01633302,8989.396484375,0.060745418071746826,-45.453979647601095,3771.19428336532,5540,-0.030424974507790196,0.1245949074074074,0.0003,13058.483702256945,0.2
17.959806618231326,14.473209011800686,5.031467907732755,0.8756821958476685,30.527777777777782,960768,0.45251227590934373,7.223729624621278,13.759445108207395,0.8292824074074074,0.3270833225509366,37.8443287037037,0.12112465086124947,19.79133935590566,52.2037849191132,556,8.614694490999947,48,0.9262658776887412,0.0,28.370949074074137,4056,-688.5856419,17.90955674779794,36.0,26.558395184512325,15.3527183361174,16.550925925925927,9.924879828264498,236,0.0156059265,7555.02783203125,0.0924871563911438,-45.452107973451966,3419.878740762781,5550,-0.025823287777947606,0.13657407407407407,0.0003,11219.866478587963,0.2
17.912303318567645,14.056308410609164,5.580722694005021,0.8746741918378507,29.611111111111114,962496,0.45761901246860154,7.235184106977595,13.915546387948103,0.8310185185185185,0.3086696261181578,37.74768518518518,0.12423328056291238,19.82582822187553,52.23492373952373,557,8.58179294252678,48,0.922016641661316,0.0,28.298611111111118,4064,-690.95234698,17.50403026116134,36.0,26.54457485611169,15.37899909441382,18.402777777777775,9.386999156547153,236,0.01600884,9191.35546875,0.0819125771522522,-45.44941871077926,3737.371122204816,5560,-0.03151263139659056,0.12876157407407407,0.0003,11732.95572012442,0.2
17.98453285193331,14.5958463911823,5.509606648954136,0.881170103311535,30.777777777777782,964224,0.45124792312286394,7.247188445237712,13.708315618173637,0.8634259259259259,0.3277914227055804,37.91203703703704,0.12833282677739724,19.859799010920963,52.33715458976769,558,8.801735304046616,48,0.9187483417449994,0.0,29.021990740740847,4071,-691.9230323299998,18.542570929940887,36.0,26.73797580250002,15.405460426543653,18.171296296296294,9.957117889804449,236,0.017905714,7756.453125,0.06470966339111328,-45.466667344835066,3808.856747987535,5570,-0.03146730053100597,0.13512731481481483,0.0003,11207.687843605325,0.2
18.041055092909136,14.496651978774736,5.541691780029351,0.8817091421419363,30.574074074074076,965952,0.45091982213101456,7.2593502281118445,13.712501633595538,0.8275462962962963,0.33347102606452167,38.02256944444444,0.12377626293957938,19.893780265004953,52.3234285171337,559,8.864713149652939,48,0.9165928909226182,0.0,29.19560185185188,4078,-694.3742899699998,18.64640959836197,36.0,26.75492332654919,15.432063064275926,18.287037037037038,10.128065839557882,236,0.018963663,10882.888671875,0.09139680862426758,-45.450801072297274,3754.0199367664477,5580,-0.03379552098577497,0.1613425925925926,0.0003,12163.004826750579,0.2
18.031037442233735,14.471435057260138,4.991953887819074,0.8819625516345989,30.51851851851852,967680,0.45502372016434683,7.271232897090628,13.826272542131933,0.8640046296296297,0.3403772314781895,38.004050925925924,0.12874394017062535,19.92804594636028,52.340114954087646,560,8.753067591513302,48,0.9298053583287015,0.0,28.87008101851863,4085,-696.78785801,18.27927092572225,36.0,26.7761822053826,15.45864065788151,16.435185185185187,10.335881980643038,236,0.019374443,8235.62109375,0.0926140546798706,-45.462957057246456,3750.032453720658,5590,-0.030848040942240643,0.16765046296296296,0.0003,11104.380767144097,0.2
17.969264691969673,14.890384422153808,5.058129518880829,0.8805556654433949,31.38888888888889,969408,0.4558876628079341,7.282428161773057,13.865666643544985,0.8020833333333334,0.3561505419792171,37.86631944444444,0.11859180238625823,19.962410112969145,52.335309398914944,561,8.478105872971335,48,0.9152495328137914,0.0,27.89351851851863,4093,-697.2825575200001,19.247621088206415,36.0,26.74170808828464,15.485063819611435,16.666666666666668,10.819107147171778,236,0.015346963,8072.50537109375,0.13937872648239136,-45.46831026430483,4167.578584925333,5600,-0.030769526153044017,0.11597222222222223,0.0003,12081.38789243345,0.2
18.01334457339311,15.030692549133946,4.982960685279639,0.8838992613798018,31.712962962962962,971136,0.4577247952355335,7.293836036577617,13.922123964564832,0.8321759259259259,0.36051976256835633,37.94965277777778,0.12317565794212396,19.99691542288056,52.39931106741551,562,8.563149921824326,48,0.9229665755481143,0.0,28.22627314814819,4100,-697.8491986800001,19.43255661760351,36.0,26.841377699352346,15.511597181044918,16.435185185185187,10.938903383189924,236,0.015226544,9613.8232421875,0.08444178104400635,-45.471324058815284,3804.883627488878,5610,-0.027585300206448192,0.11157407407407408,0.0003,11710.287779405382,0.2
17.969578796049703,14.896986080851063,5.3227048489759285,0.8835301404990167,31.416666666666668,972864,0.451755611893496,7.305381561640127,13.733514014255375,0.8466435185185185,0.351137722422253,37.867476851851855,0.12315439107766721,20.030949207916198,52.408365544215314,563,8.618210025003966,48,0.9132813394832484,0.0,28.399884259259334,4108,-698.75653914,19.371092486021592,36.0,26.830757153383228,15.538021128035043,17.59259259259259,10.671401556194601,236,0.013928788,8312.3974609375,0.059373676776885986,-45.45525854605216,4254.52333705337,5620,-0.030073988241040045,0.11307870370370371,0.0003,13623.519574652777,0.2
17.972286113739248,14.720277332288726,5.4706544292955295,0.881411194008853,31.037037037037038,974592,0.457124768507439,7.3170271048771145,13.899308386111436,0.8373842592592593,0.34678528255442553,37.873263888888886,0.12077640421446995,20.065397478881476,52.33722128469001,564,8.658217294795003,48,0.9187303455014262,0.0,28.50115740740744,4115,-700.98464041,19.20614433655323,36.0,26.759557719701988,15.564451843319391,18.055555555555557,10.535212574968973,236,0.014322258,15664.171875,0.07020866870880127,-45.45375525863082,3511.786863538954,5630,-0.029010635619569156,0.12083333333333333,0.0003,14446.839993851274,0.2
17.940142837234728,14.704216973166497,5.267699340529151,0.8792695275339204,31.01851851851852,976320,0.45538843993890493,7.328701228104696,13.846717916489943,0.8489583333333334,0.35076198116255397,37.81018518518518,0.1213243938902044,20.0997142736727,52.29691609170366,565,8.669649291032588,48,0.9198337748149034,0.0,28.559027777777835,4122,-702.69863327,19.099846941464875,36.0,26.700894735667152,15.590802200412478,17.36111111111111,10.647930627769226,236,0.0140390955,12015.3017578125,0.10884445905685425,-45.467654913443106,3449.2420128998933,5640,-0.03203256129183703,0.11278935185185185,0.0003,16723.223383246528,0.2
17.998454474130813,14.809307749918268,5.688920323770938,0.8770169464506887,31.23148148148148,978048,0.4597296044367205,7.340163990931828,13.97005261111782,0.8634259259259259,0.34782574873648126,37.94618055555556,0.12483583110452949,20.134339405200492,52.28045934999221,566,8.585105130852652,48,0.926776278541042,0.0,28.262442129629612,4129,-704.8322310399999,19.545094053734793,36.0,26.635655008011227,15.617298336597806,18.75,10.566865980045586,236,0.015722433,6770.49365234375,0.08972519636154175,-45.47125814932364,3432.2312132234924,5650,-0.029823215631768107,0.1181712962962963,0.0003,12984.807143373842,0.2
18.059444634819414,15.133060838090096,5.261631452444427,0.8797860114340296,31.925925925925924,979776,0.4546945561292961,7.352276628688208,13.796930098052924,0.8443287037037037,0.3636146179844497,38.06481481481482,0.12233677728530779,20.168531730445626,52.32887932904115,567,8.845055102552282,48,0.9196551842639109,0.0,29.08709490740745,4137,-706.69595627,19.90285899262365,36.0,26.726710061379805,15.643946948184855,17.24537037037037,11.028166702089129,236,0.014871397,9255.1171875,0.08365613222122192,-45.485023442021124,3895.1549480862086,5660,-0.03043153003996445,0.11255787037037036,0.0003,13532.200457537616,0.2
18.024381508397436,14.872958589394473,5.1251553287467475,0.88221909053608,31.37962962962963,981504,0.46066485363772663,7.363692575090834,13.989646157998438,0.8512731481481481,0.3527251082258345,37.988425925925924,0.12362627181711679,20.20320584584062,52.345376554590594,568,8.566378561050229,48,0.9234413981213827,0.0,28.161168981481506,4144,-708.6395385199999,19.17667281866327,36.0,26.7940975128483,15.670507901955848,16.78240740740741,10.69855890052205,236,0.01976439,10691.1484375,0.07927656173706055,-45.513552842316805,3711.361846641258,5670,-0.03316256749892124,0.17158564814814814,0.0003,13232.608801721644,0.2
18.078665634333834,14.77520751369609,5.080018457204805,0.8808620363283731,31.14814814814815,983232,0.45366888741808836,7.375726663108052,13.794650235651417,0.8582175925925926,0.35430755033557054,38.101273148148145,0.12270212722921561,20.23739247142975,52.40775760903548,569,8.813635206887467,48,0.9275536418657552,0.0,29.029224537037027,4151,-710.7682635399998,19.088094790583593,36.0,26.758137003982785,15.697204566041682,16.666666666666668,10.752868819682698,236,0.018487139,9529.783203125,0.0965350866317749,-45.52497783237033,3544.174950302972,5680,-0.03266520811313832,0.15520833333333334,0.0003,15157.372649016204,0.2
18.106591903046212,14.3772761784985,4.937715210334619,0.8801528936118085,30.296296296296294,984960,0.4515434796312462,7.387757836209998,13.730920272842484,0.8518518518518519,0.33742587179542266,38.145254629629626,0.12694466693424927,20.271419772111855,52.35257903132532,570,8.81246924077826,48,0.9239337734737874,0.0,29.07986111111109,4159,-709.7582277099999,18.045274243442947,36.0,26.73689076690485,15.723971045799297,16.203703703703706,10.250282854609827,236,0.01559835,8821.322265625,0.06458282470703125,-45.53506437230993,4394.5596708227085,5690,-0.03071099827497232,0.1267939814814815,0.0003,9487.064467592592,0.2
18.044048589821823,14.056161591261692,5.084966360471566,0.8801619512877301,29.61111111111111,986688,0.463491044999002,7.399178439416148,14.070272109115185,0.8061342592592593,0.32803745425514585,38.03125,0.11520929323671611,20.306295452384642,52.422587521995375,571,8.568241282460084,48,0.9248129798580349,0.0,28.1828703703704,4166,-713.17624493,17.585783747383843,36.0,26.72705090028175,15.750581167273852,16.666666666666668,9.964655795650582,236,0.016191455,7490.552734375,0.036685049533843994,-45.522697590015554,4240.791845109728,5700,-0.03179647885780368,0.12378472222222223,0.0003,11036.141603370948,0.2
17.986169941371596,14.375611327903329,4.861420851433284,0.8836718157414946,30.314814814814813,988416,0.45747606514230665,7.410574798130822,13.918506845929452,0.8559027777777778,0.3451496063094828,37.898148148148145,0.1258661847322652,20.340791719499467,52.48419663566521,572,8.558543485869611,48,0.9235087500971305,0.0,28.175636574074222,4173,-713.8086373900001,18.19472738727694,36.0,26.827498730929907,15.777046592127281,15.972222222222223,10.477695207940329,236,0.011569638,5464.87109375,0.011757612228393555,-45.52517257973,5113.494235964175,5710,-0.023959644734687,0.07847222222222222,0.0003,8809.371082899306,0.2
18.023799412176277,14.30523792189725,4.372737911466039,0.8799222531574958,30.14814814814815,990144,0.4554637610644323,7.422261346096682,13.849924321947839,0.8657407407407407,0.3495787151506194,37.979166666666664,0.13646620940793774,20.375116530304336,52.457051208368576,573,8.674619186343898,48,0.9293675779270602,0.0,28.530092592592638,4181,-712.77905189,17.76687493524745,36.0,26.72754906035554,15.803606090657722,14.351851851851853,10.60889910188416,236,0.015639216,10753.640625,0.032168567180633545,-45.48859819482874,4054.526966631854,5720,-0.028939942501623322,0.11822916666666666,0.0003,16985.70710720486,0.2
17.983004722561354,14.1366378279788,4.314794188852685,0.875746356549317,29.787037037037038,991872,0.4433637742429084,7.434227802241593,13.47600848197204,0.8385416666666666,0.34008738248097575,37.87731481481482,0.12114964885545187,20.408506551509266,52.39551918315578,574,8.786582457964416,48,0.9199622501686212,0.0,28.971354166666703,4188,-709.9731530599998,17.25992223607593,36.0,26.60986388979279,15.830063602464126,14.236111111111112,10.328490219244445,236,0.012192539,16569.193359375,0.10839945077896118,-45.48190112643772,4332.434603867708,5730,-0.028197636253510912,0.0972800925925926,0.0003,21854.641977719908,0.2
17.99744669169869,13.763011609558513,4.372737911466039,0.8764003076089145,29.0,993600,0.4539100231931416,7.445496415979352,13.801325019755991,0.8478009259259259,0.32567931558088686,37.941550925925924,0.12657497432196044,20.442709864058656,52.42775533612658,575,8.507445495103383,48,0.9237089193490887,0.0,28.096064814814948,4195,-709.81414752,16.511875186811523,36.0,26.628273695938258,15.856557219193373,14.351851851851853,9.89612566578697,236,0.01340393,10022.66015625,0.09173619747161865,-45.4819455464681,4029.208428757279,5740,-0.027473926392418368,0.10393518518518519,0.0003,9482.531249095775,0.2
18.00345246901017,14.2103842130583,4.372737911466039,0.8806043118188981,29.953703703703706,995328,0.45421900840645424,7.456892158454322,13.812597209190104,0.8385416666666666,0.3513834070101451,37.942708333333336,0.12260411641008621,20.476941357081632,52.443646989810624,576,8.558296989988229,48,0.9215711350424844,0.0,28.255208333333467,4203,-713.7777670799999,17.729876673077467,36.0,26.753754988141722,15.883065850365899,14.351851851851853,10.666754548553127,236,0.017296525,7889.08837890625,0.09663403034210205,-45.502173882943616,4237.871806618019,5750,-0.029077929094502773,0.14820601851851853,0.0003,12712.861561414931,0.2
18.000400462289235,14.450957022061369,4.68258535188625,0.8791104206507968,30.444444444444443,997056,0.4497839598189276,7.4686229689526495,13.666986123791562,0.8350694444444444,0.35379557239495324,37.933449074074076,0.12107461305215253,20.510808822391112,52.39756111232345,577,8.692324199330814,48,0.9324603333682657,0.0,28.631365740740794,4210,-714.6613915699999,18.37231544559651,36.0,26.71313507604486,15.909566851521621,15.50925925925926,10.75877307164889,236,0.020430151,6289.9677734375,0.11247885227203369,-45.51799258479365,3848.853569369846,5760,-0.0324619287693942,0.1597800925925926,0.0003,12013.38007993345,0.2
18.028940672145435,14.609819240003015,4.901895395760053,0.874363872926755,30.777777777777775,998784,0.4569148784201399,7.480380697304048,13.886827751632993,0.8142361111111112,0.357435167825513,37.99016203703704,0.11769732218136919,20.545225891770194,52.336498809784615,578,8.703091340559096,48,0.9128650143770023,0.0,28.63859953703709,4217,-717.3341455999999,18.86132638633253,36.0,26.56562481740346,15.936139203201984,16.203703703703706,10.869611750569462,236,0.013407378,11133.359375,0.06839114427566528,-45.52693029333044,4381.217641364204,5770,-0.028202721852533242,0.10931712962962963,0.0003,16407.525575086805,0.2
17.990675225494194,14.59631420392662,4.861735591206851,0.8751224381568979,30.76851851851852,1000512,0.45730753891909304,7.49164779097082,13.900886068124452,0.8420138888888888,0.358888337844909,37.923611111111114,0.1232238449776131,20.579678106940506,52.38979472358954,579,8.506837466708724,48,0.9173616215812594,0.0,28.08159722222227,4224,-721.2136400199997,18.834505595080287,36.0,26.57844264107246,15.962615891265719,15.972222222222223,10.896455799946816,236,0.016010778,6486.703125,0.12714481353759766,-45.514851619579176,4005.790646334048,5780,-0.03070526740004964,0.11851851851851852,0.0003,10713.931821469907,0.2
17.96327567461447,14.799630326655665,5.045419438853904,0.8824556150572235,31.175925925925924,1002240,0.46008011093485524,7.503287276366276,13.98395167131313,0.8234953703703703,0.3676256402902493,37.854745370370374,0.11872492515778103,20.614337986118787,52.50546118814676,580,8.655794158182234,48,0.9130803913463006,0.0,28.537326388888932,4231,-722.4446462300001,19.507607694483113,36.0,26.83081365250254,15.989024080452255,16.666666666666668,11.182557928973543,236,0.019848581,3957.671142578125,0.07163119316101074,-45.51709919682256,3823.372089993512,5790,-0.0304488943234362,0.1642361111111111,0.0003,14434.904446976274,0.2
18.059195054236973,14.734135040772863,5.547274344827219,0.8792872908987027,31.046296296296294,1003968,0.4666629209372279,7.5150116961832,14.176568845877943,0.8350694444444444,0.3630723165439817,38.05381944444444,0.12023844342966225,20.649479408233482,52.381827254869314,581,8.689767926769926,48,0.9190548159111821,0.0,28.631365740740858,4239,-729.10119303,19.80168654266393,36.0,26.733977726931517,16.01567206808785,18.287037037037038,11.040277157063848,236,0.011850898,5990.5283203125,0.10821270942687988,-45.519615752608686,3514.1659863224736,5800,-0.023488109234582496,0.08547453703703704,0.0003,13464.75876736111,0.2
18.085393247083093,14.674438612535758,4.980205015067189,0.8834801706166281,30.89814814814815,1005696,0.46228146838495005,7.526583435186969,14.051658063175916,0.8697916666666666,0.3595343906987334,38.1099537037037,0.1264151371906348,20.68430855339142,52.46361021760612,582,8.628695601507244,48,0.9239661869678434,0.0,28.46498842592603,4246,-731.1767648399999,19.080245902917326,36.0,26.85951477057489,16.042385551205555,16.435185185185187,10.94560227531438,236,0.015245378,6915.7998046875,0.08625167608261108,-45.51252974051016,4182.895560653122,5810,-0.025301300029753258,0.10601851851851851,0.0003,14159.35273618345,0.2
17.97318381131733,14.25978061085111,4.906025273428024,0.8747242698176381,30.055555555555554,1007424,0.4588756473326807,7.538312102078145,13.956444301094288,0.8582175925925926,0.3497707312960457,37.88136574074074,0.127321850296499,20.718899664144157,52.36943033833654,583,8.691466756470827,48,0.9239336897741756,0.0,28.66030092592594,4253,-728.7735698700002,18.26866835124399,36.0,26.57352400243647,16.06881851073385,16.203703703703706,10.622862466964857,236,0.015285625,11243.8994140625,0.04937088489532471,-45.507677742286965,4278.3685216409185,5820,-0.029663492065716397,0.1277199074074074,0.0003,15153.164382595485,0.2
17.98666612708126,14.269880550482078,5.569722186219269,0.8752294663350527,30.074074074074076,1009152,0.4572510225035402,7.549796262275151,13.881636682313593,0.84375,0.34054525404660446,37.89930555555556,0.12461231823553086,20.75330375584994,52.41819001931193,584,8.593664078801938,48,0.9169581751093319,0.0,28.284143518518608,4260,-727.7035030999999,18.663718309762444,36.0,26.599128147253605,16.09528517605155,18.402777777777775,10.344115573061094,236,0.0174319,7343.05615234375,0.10628378391265869,-45.49173417267976,4119.2366742169415,5830,-0.030795634566392335,0.13096064814814815,0.0003,13001.72617368345,0.2
17.99358955927038,14.33593926054869,4.837725446520379,0.875606183856025,30.203703703703706,1010880,0.4559117090625113,7.561576500615207,13.850335609612367,0.8425925925925926,0.35144732100010945,37.9068287037037,0.11980887593310212,20.787629594873973,52.37748998344451,585,8.712095336022426,48,0.9199597288893195,0.0,28.6820023148149,4268,-728.2132413100001,18.330598349365218,36.0,26.60072265523652,16.121769149949728,15.972222222222223,10.676933642296149,236,0.015334035,10271.2255859375,0.0972449779510498,-45.50266829596625,3880.6369344781947,5840,-0.028213246649614086,0.11342592592592593,0.0003,16772.06422164352,0.2
17.99915902108141,14.275196603996335,4.56295354871132,0.8729042029530786,30.083333333333332,1012608,0.4603260239795669,7.572717257291802,14.000165871076247,0.8252314814814815,0.3512929725607458,37.920138888888886,0.12168192430764413,20.822330009551663,52.31190498435344,586,8.456302670638157,48,0.9221985230196524,0.0,27.900752314814866,4275,-730.57636255,17.987203487712115,36.0,26.520177303296446,16.148267047502433,15.046296296296296,10.669053335004458,236,0.022550711,7871.86328125,0.02861189842224121,-45.4968209584554,4440.152965291341,5850,-0.03226966475205565,0.15659722222222222,0.0003,10545.632377567998,0.2
18.031497402042945,14.411707455493207,4.870511841773969,0.8750504280291028,30.37037037037037,1014336,0.46667269272056083,7.584130241281258,14.18447518205209,0.8686342592592593,0.3509547072309543,38.011574074074076,0.1303281532594278,20.857491197506793,52.38839518294248,587,8.565193595782624,48,0.9200573091438171,0.0,28.255208333333364,4282,-735.2120458999999,18.425399047679797,36.0,26.590238170572984,16.17484579100754,16.087962962962962,10.663179750412622,236,0.015438688,6768.0986328125,0.07671284675598145,-45.489966032240126,5149.794529469808,5860,-0.03164666849360974,0.1255787037037037,0.0003,10074.626951316552,0.2
17.98790498602118,14.662857877516027,5.69900603644702,0.8746928718227719,30.90740740740741,1016064,0.4580606557580733,7.59565994259918,13.925994043154686,0.8466435185185185,0.34450479264085737,37.902199074074076,0.12047754139777062,20.89200618261468,52.345947962701736,588,8.61188052716887,48,0.922877442751386,0.0,28.35648148148157,4289,-735.77924719,19.303440170437558,36.0,26.569380654360796,16.201315553472593,18.75,10.46157625647451,236,0.019290172,6377.96044921875,0.15924036502838135,-45.50364957738806,4444.362186431885,5870,-0.031715231447446125,0.15052083333333333,0.0003,8480.339464879919,0.2
17.98150850107186,14.372245268791366,5.504903739602672,0.8703633423912533,30.296296296296294,1017792,0.4555211788372558,7.607788166503108,13.856322652449009,0.8385416666666666,0.337837843101547,37.882523148148145,0.12082928307951388,20.9263469892458,52.33317939230292,589,8.851289561571038,48,0.9145631990380048,0.0,29.195601851851933,4297,-733.2975580500001,18.620467787116638,36.0,26.458993140100002,16.227769324725273,18.171296296296294,10.263318778722601,236,0.015861796,8300.5029296875,0.05432254076004028,-45.503518676757814,4337.128222769278,5880,-0.03369502924486167,0.13778935185185184,0.0003,13689.012548828125,0.2
17.858558713082793,13.984839417308928,5.954911669155082,0.8761644491754379,29.481481481481485,1019520,0.452679239562261,7.619317540495525,13.784060171601654,0.8350694444444444,0.3149973418885322,37.629050925925924,0.11981785102937478,20.960507139674803,52.35760426361784,590,8.611749596966911,48,0.9225723209646114,0.0,28.428819444444525,4304,-732.49625984,17.98501223679922,36.0,26.634067941494962,16.25391572150798,19.675925925925927,9.565261150335212,236,0.018427461,7811.05615234375,0.062153756618499756,-45.49031849613896,4389.939151721531,5890,-0.030297580297553427,0.13767361111111112,0.0003,12571.874625651042,0.2
17.928549478882072,13.984223379492166,6.190162211297614,0.8813997328392508,29.472222222222218,1021248,0.44731996915787886,7.631294672442262,13.600857532014482,0.8512731481481481,0.3132327152188628,37.77488425925926,0.12293999313502983,20.99420928350484,52.410482312099695,591,8.790852778694793,48,0.9163171132106362,0.0,29.007523148148245,4311,-730.25048411,18.16886821160591,36.0,26.786775442653838,16.280237095205184,20.486111111111114,9.51448262081613,236,0.015968977,12166.0,0.0706789493560791,-45.49336321795428,4126.378763212981,5900,-0.028366863663756736,0.12256944444444444,0.0003,14916.542970558448,0.2
17.988212300989442,14.376000275006495,5.484482223869835,0.8808791788544598,30.277777777777782,1022976,0.4603976745929486,7.643280384765082,13.991418199123219,0.8362268518518519,0.3329287526817029,37.914351851851855,0.1205396141671515,21.02888782900265,52.3483376460876,592,8.794284929127931,48,0.9122287805731538,0.0,28.9713541666667,4319,-735.1803967899998,18.470842647375704,36.0,26.77683391239906,16.306707625957657,18.171296296296294,10.130360148499372,236,0.023086391,11100.8095703125,0.03487133979797363,-45.493095270792644,3530.1749984034786,5910,-0.03518671581901058,0.2119212962962963,0.0003,18266.866959635416,0.2
17.930184825016912,14.54453638191645,5.283228321576851,0.8874586159465251,30.65740740740741,1024704,0.4538732203486496,7.655281312219946,13.80236410400965,0.8425925925925926,0.3438284806570871,37.79050925925926,0.12036842360919274,21.063093739262673,52.45196432484203,593,8.800370981945651,48,0.9232558367884784,0.0,29.050925925925963,4326,-739.1591871100001,18.754345767146425,36.0,26.961856300430114,16.333033088020198,17.47685185185185,10.446581063653126,236,0.016945109,10792.5478515625,0.10947543382644653,-45.481345932571976,3497.3973372565374,5920,-0.03162777326587174,0.15150462962962963,0.0003,19659.818565538193,0.2
17.935014447259675,14.618184119986887,6.042010394110288,0.887846048348532,30.787037037037038,1026432,0.45866190944167307,7.6673466629228315,13.944642075446403,0.8067129629629629,0.3332662818779647,37.792245370370374,0.11515761203099087,21.09765534445129,52.58132277939279,594,8.826140281153997,48,0.91747259397073,0.0,29.079861111111136,4333,-739.83993099,19.279344030475553,36.0,26.98205293621675,16.359370624138347,19.907407407407405,10.139149516378376,236,0.01581708,4715.17431640625,0.05930286645889282,-45.46110708448622,4336.413023729678,5930,-0.029557128573112466,0.12008101851851852,0.0003,11923.222083875868,0.2
17.92910187243441,14.228688387302006,5.948369050349224,0.8832301287526638,29.962962962962962,1028160,0.453882915479877,7.679472506712094,13.783775693957699,0.8518518518518519,0.32154955132175084,37.795717592592595,0.12196274912844458,21.131814783686185,52.40876059178288,595,8.850337515705222,48,0.9253347812290207,0.0,29.11603009259266,4340,-740.7999655800002,18.450041322198658,36.0,26.854308767118397,16.385693378819433,19.560185185185187,9.792983884547429,236,0.013900487,6494.1494140625,0.061567068099975586,-45.43481369018555,4347.638281871655,5940,-0.030638484494691646,0.10711805555555555,0.0003,14882.468192997685,0.2
17.917217968578253,14.275474001415661,5.752103423057508,0.8838332563201671,30.10185185185185,1029888,0.45782158563337605,7.690927425441298,13.908359098929113,0.8651620370370371,0.3220949483556011,37.755208333333336,0.12500546780938893,21.166285681433507,52.42380309997301,596,8.58196749168149,48,0.9210710827941673,0.0,28.247974537037116,4347,-740.7575874299998,18.28604491614958,36.0,26.847294665789715,16.411986423740878,18.98148148148148,9.77846749167641,236,0.015429669,9249.568359375,0.08837330341339111,-45.42295631126121,4515.488113940203,5950,-0.024825894216903382,0.11597222222222223,0.0003,11513.289728009258,0.2
17.825001263075183,14.06120946778926,5.367172593577422,0.8846009560931547,29.65740740740741,1031616,0.44455303336193075,7.702938451026707,13.517350017505349,0.8344907407407407,0.32143110416496135,37.5625,0.12150960042869964,21.199779056477272,52.37866807338162,597,8.804410234163685,48,0.926679935898931,0.0,29.000289351851887,4355,-736.9370416399998,17.666651394979,36.0,26.887109694624687,16.438048926898567,17.708333333333332,9.758269333612319,236,0.020292774,10313.35546875,0.08822745084762573,-45.40198834737142,4045.8866112461797,5960,-0.028896655963250886,0.17997685185185186,0.0003,15836.183347800927,0.2
17.832351634304278,13.974696572290704,5.696678531474961,0.8813078299123943,29.48148148148148,1033344,0.4484427668692257,7.714897319321576,13.628310807613929,0.8240740740740741,0.31606360582904386,37.55555555555556,0.12160340769746976,21.23354983349631,52.380845875343596,598,8.78354731794765,48,0.9238060950188691,0.0,28.870081018518583,4362,-734.3492584799999,17.743021863529826,36.0,26.78219318515211,16.464129805984328,18.86574074074074,9.591646759764162,236,0.012116949,6462.4169921875,0.06682437658309937,-45.41645417390046,4717.209440090038,5970,-0.027608659265010996,0.09143518518518519,0.0003,14301.683857783564,0.2
17.860886007715774,13.292236772629485,4.036438347793621,0.8806966010927079,28.009259259259256,1035072,0.4521231014701405,7.72654382515793,13.737693042036385,0.8553240740740741,0.3105558878604215,37.64409722222222,0.12067952320972034,21.2675940661014,52.390363421725596,599,8.658602334541504,48,0.9119646824589589,0.0,28.587962962962997,4369,-738.08048819,15.248239403131112,36.0,26.775929388467564,16.49028202100362,13.310185185185185,9.439564282708005,236,0.015468685,6051.1064453125,0.03178364038467407,-45.41958031830964,4356.547793635616,5980,-0.029494916502800252,0.12349537037037037,0.0003,14515.346808087384,0.2
17.892964965022085,13.991866980727062,4.153434047771461,0.8841657096575997,29.490740740740744,1036800,0.45119796715201904,7.73857593018479,13.72723370425009,0.8628472222222222,0.3338968614239395,37.71238425925926,0.13006754952535476,21.301612150362025,52.42058659992906,600,8.812842010743948,48,0.9223838281320754,0.0,29.043692129629818,4377,-741.28204116,16.766647296559526,36.0,26.877327846692868,16.516514433416173,13.65740740740741,10.141346268061003,236,0.0137329465,8569.986328125,0.13241183757781982,-45.41083571822555,4105.650836902195,5990,-0.027615002996322732,0.10381944444444445,0.0003,17898.64314236111,0.2
17.839013210431183,13.967936126064425,5.0199327301563486,0.8799893003062823,29.453703703703706,1038528,0.44423005330007953,7.7507116024409575,13.496222430873358,0.8599537037037037,0.32309893048634414,37.594907407407405,0.12978933981175864,21.33505270643921,52.36617944070193,601,8.854268902467197,48,0.9193043073384174,0.0,29.137731481481556,4384,-739.7133344,17.285685208019196,36.0,26.746812894904036,16.54261196644225,16.550925925925927,9.817816351798422,236,0.012930734,8073.0693359375,0.10855275392532349,-45.39737743801541,4895.949587504069,6000,-0.02694498270198151,0.09189814814814815,0.0003,10859.81874819155,0.2
17.863374906457825,13.714422248205635,4.4831474460868055,0.8758171765498778,28.916666666666668,1040256,0.44859758335167194,7.762656419017887,13.642493721833944,0.84375,0.32107590849293327,37.63136574074074,0.12237558513855044,21.368858940743795,52.3013641031422,602,8.777926630771576,48,0.9209213253178942,0.0,28.906250000000032,4391,-740.9431879399999,16.413958731737132,36.0,26.634701379067604,16.568770403708395,14.699074074074076,9.736389037444694,236,0.012513213,9822.732421875,0.08192771673202515,-45.39373259367766,4670.576024726585,6010,-0.027275228807357728,0.09224537037037037,0.0003,10183.16516836661,0.2
17.704884981419642,13.772565524004618,4.3180447649353075,0.8727625788559488,29.027777777777775,1041984,0.4383255341479136,7.774794444075776,13.314386163003894,0.8217592592592593,0.3230268993814125,37.30902777777778,0.12200943028011761,21.401844906151304,52.29188131400205,603,8.855210023155847,48,0.9180085165693634,0.0,29.173900462963026,4398,-737.6741134600001,16.391900281580583,36.0,26.53171943679726,16.594532616161946,14.236111111111112,9.821289992640658,236,0.014365991,9206.9990234375,0.11980879306793213,-45.37729932996962,4791.371284767433,6020,-0.033418283997862425,0.12447916666666667,0.0003,13080.130774377894,0.2
17.74536748842807,13.707372932391621,3.9599664155136165,0.873668442441346,28.87962962962963,1043712,0.44734002245862653,7.786475092710689,13.596421299861825,0.8385416666666666,0.32061611697520165,37.385416666666664,0.11992489880698011,21.43553595940096,52.248827679231795,604,8.672259453965244,48,0.9179629416493604,0.0,28.559027777777892,4405,-737.6389059799997,15.946833447202694,36.0,26.551607468449536,16.620396034883015,13.078703703703704,9.759460514811073,236,0.017115189,7013.15234375,0.05643594264984131,-45.396594534979926,4807.398223198785,6030,-0.02933726971106673,0.12957175925925926,0.0003,11589.815026403356,0.2
17.810556687054962,13.748994861391369,4.344909967684776,0.877627908760481,28.972222222222225,1045440,0.45129520924389577,7.798003541377184,13.71399881652461,0.8373842592592593,0.322940598117248,37.52430555555556,0.12279280121886416,21.46952095644227,52.339622777630446,605,8.611379466598244,48,0.9183200478034814,0.0,28.370949074074133,4413,-741.95352571,16.39370649726888,36.0,26.677448660159218,16.64642242660065,14.351851851851853,9.819801668192737,236,0.015919898,6990.00537109375,0.002012491226196289,-45.428086302015515,5177.8919945328325,6040,-0.02611874372491406,0.1287037037037037,0.0003,12278.210436559606,0.2
17.835113897491414,13.556158047006045,4.139802436780436,0.878718251815435,28.564814814814813,1047168,0.4486597244461023,7.809870136765264,13.63499121415033,0.8391203703703703,0.30503932756487373,37.58506944444444,0.12544442247452856,21.503308434477646,52.29131152459431,606,8.746638155231945,48,0.9343195861171972,0.0,28.790509259259395,4420,-745.2537315200002,15.448024730437034,36.0,26.71231677114007,16.67251021134438,13.657407407407407,9.272064246650551,236,0.01642582,8917.3212890625,0.0757647156715393,-45.44782796789099,4605.1518783286765,6050,-0.026490437796477365,0.12228009259259259,0.0003,10780.141427047165,0.2
17.832407608642736,13.722438485618923,4.947050918591326,0.8773681770778485,28.916666666666668,1048896,0.4423777153335746,7.821632676496387,13.451070271245763,0.8634259259259259,0.30255436498756777,37.57523148148148,0.1268193619705277,21.53663611015576,52.238931602776745,607,8.70501589244917,48,0.9213963496154337,0.0,28.66030092592598,4427,-743.8354616000001,16.35120931837863,36.0,26.666926673180743,16.698591230365988,16.319444444444443,9.201719914168377,236,0.01361785,10149.546875,0.09132647514343262,-45.43624367890535,5304.907352927879,6060,-0.02928025319620415,0.11585648148148148,0.0003,14158.910299117477,0.2
17.784827683369958,13.460645256448222,5.913422765600255,0.8860503527447073,28.388888888888886,1050624,0.4465355619121339,7.833728267843654,13.560982963915535,0.7974537037037037,0.27840176339468514,37.463541666666664,0.11725651296617245,21.57023856756555,52.45567740769851,608,8.838236538906711,48,0.9213615139475769,0.0,29.10879629629637,4435,-745.22945169,16.323679864532664,36.0,26.930096210287815,16.724553299574414,19.560185185185187,8.469611842484186,236,0.015212051,6727.6630859375,0.07528084516525269,-45.451393325240524,4989.52317437066,6070,-0.027179028547403436,0.13767361111111112,0.0003,8432.968960684317,0.2
17.87687702980543,13.35223683193413,6.539174669623443,0.884861162607052,28.12962962962963,1052352,0.4486933257690192,7.845431268158326,13.628537823900054,0.8287037037037037,0.2668870992792176,37.670138888888886,0.12181943715228039,21.6040099121253,52.43173977458855,609,8.681200125869044,48,0.9229411718002555,0.0,28.61689814814819,4442,-748.75911208,16.50172700862947,36.0,26.90207689260232,16.750745492148926,21.527777777777782,8.130315507071897,236,0.0132797705,13462.4580078125,0.07426941394805908,-45.44780854119195,4899.009121845386,6080,-0.026050156199683747,0.10567129629629629,0.0003,13403.78117404514,0.2
17.82376440712525,13.32504015483533,7.939685386082175,0.8840134390949824,28.10185185185185,1054080,0.44463380141524006,7.857497848036465,13.511761832208824,0.8802083333333334,0.2597022298224146,37.56018518518518,0.13165093905612307,21.63748931670582,52.302688268753634,610,8.826631951255449,48,0.930654256787704,0.0,29.0581597222223,4449,-749.64842207,17.626376192008703,36.0,26.85654098576781,16.776804903166738,26.041666666666668,7.881650651091199,236,0.014760654,7991.91259765625,0.023815393447875977,-45.43350489581073,4977.284464871442,6090,-0.027711242235576115,0.11030092592592593,0.0003,12032.670082826968,0.2
17.81278008167264,13.123596554165259,7.7160925483262295,0.8861032825796403,27.740740740740744,1055808,0.44538120527400005,7.869429982102152,13.524433686010765,0.8616898148148148,0.262453738688386,37.538773148148145,0.12655488599725945,21.67100040092085,52.35217979172517,611,8.772853626274873,48,0.918247436534397,0.0,28.783275462963047,4457,-748.54935054,17.25271432388812,36.0,26.910881226845124,16.80283685337092,25.347222222222218,7.933025221396633,236,0.013438658,8186.65771484375,0.08825141191482544,-45.43583498354311,4821.348834172001,6100,-0.026852383907815372,0.10104166666666667,0.0003,13612.617532913773,0.2
17.802020179557164,13.224060951532133,6.901395367215742,0.8817371499003058,27.962962962962962,1057536,0.4454133653308451,7.881049415758457,13.53319492687548,0.8530092592592593,0.26095842515659895,37.526620370370374,0.12774681370347565,21.704533388238037,52.30547800759541,612,8.647773462521913,48,0.9266930516218499,0.0,28.50839120370379,4464,-750.3749246799999,16.494687696655433,36.0,26.77130058355091,16.828841903819814,22.685185185185187,7.889231377907559,236,0.01709672,13447.0498046875,0.11973387002944946,-45.44960523534704,4261.120509055809,6110,-0.03282776408897782,0.1472800925925926,0.0003,19249.413462094908,0.2
17.85009433126227,13.316961862230345,7.174391292633259,0.8830725985369795,28.12962962962963,1059264,0.4475058263569292,7.892684717547958,13.605545937246994,0.8576388888888888,0.26734004583551374,37.61921296296296,0.12467327641369297,21.738247253081155,52.329623468671635,613,8.654120715800534,48,0.9251165613799541,0.0,28.537326388888964,4471,-751.90899165,17.069018702135473,36.0,26.812677449585518,16.85496713964797,23.49537037037037,8.097665547271871,236,0.012472568,11560.138671875,0.07691025733947754,-45.446845287746854,5255.148505599411,6120,-0.02669769613141263,0.10202546296296296,0.0003,10985.914158347801,0.2
17.922663787571178,13.359405257290554,7.34886707531604,0.8730556249036158,28.185185185185187,1060992,0.44567244919230425,7.904666552059133,13.554839637063798,0.8559027777777778,0.27160296638268133,37.760416666666664,0.1242222484234835,21.771834352173816,52.3179205955768,614,8.792733804469961,48,0.9158612026967752,0.0,28.98582175925932,4478,-754.1724216000001,17.430087681517854,36.0,26.527530619994952,16.8812737991169,24.074074074074076,8.241815348911262,236,0.016191442,10422.5283203125,0.07957321405410767,-45.4429131825765,4316.88084896229,6130,-0.028113433487575362,0.1261574074074074,0.0003,15295.82189489294,0.2
17.976157724089294,13.692077030322643,7.0759990752326205,0.8804105409119528,28.86111111111111,1062720,0.4488316493760099,7.9164505751674445,13.646559048862928,0.8721064814814815,0.2896511951825762,37.87789351851852,0.12997232500144865,21.805650749795973,52.46728028586987,615,8.713609243324635,48,0.9227259375898735,0.0,28.689236111111168,4485,-757.9185510699998,18.044815953160693,36.0,26.759445552413876,16.907714193427125,23.14814814814815,8.796739847605426,236,0.017884854,9003.4169921875,0.09873044490814209,-45.46251524466055,4075.4385505817554,6140,-0.026296092093818717,0.15208333333333332,0.0003,19909.459834346064,0.2
17.99769415848635,13.728106350231373,7.488302033498715,0.8857871195576682,28.990740740740744,1064448,0.4491572660728144,7.928348144263284,13.653830530706315,0.8628472222222222,0.28060308538036544,37.923611111111114,0.12520854596550623,21.839485326122738,52.46105696567554,616,8.759027638335757,48,0.9243788934049204,0.0,28.82667824074083,4493,-760.67539283,18.19022279971321,36.0,26.886797438906896,16.934208428823343,24.537037037037038,8.493814415983124,236,0.013367592,13582.70703125,0.10671013593673706,-45.47364489237467,4473.636114304154,6150,-0.02922460117411834,0.10081018518518518,0.0003,18941.84587311921,0.2
17.92301492892241,13.433707284400214,7.113290276053533,0.8738102431162259,28.324074074074076,1066176,0.4434359959760925,7.940134116393064,13.482588320627682,0.8211805555555556,0.277864250748457,37.76331018518518,0.11965908802751957,21.872891796924307,52.34902960613292,617,8.71438885191204,48,0.9225307314380221,0.0,28.76880787037046,4500,-759.8196469499998,17.456158803947034,36.0,26.542438717029672,16.96051596614565,23.26388888888889,8.429161243493285,236,0.01669053,9767.2138671875,0.07788193225860596,-45.48286948027434,4343.145099978977,6160,-0.032792509461028706,0.12314814814814815,0.0003,15801.216491247107,0.2
17.82678614178749,13.385107285078021,8.069199619667014,0.8783377399993381,28.203703703703706,1067904,0.4487201014965397,7.952240705533041,13.640141213067196,0.8258101851851852,0.26407112790350906,37.55555555555556,0.11962446501030925,21.906692149956974,52.38696964340992,618,8.842635655990692,48,0.9245154323332203,0.0,29.094328703703788,4507,-759.29352291,17.971511232727565,36.0,26.690906970926818,16.98658293150012,26.504629629629633,8.037204327982533,236,0.013994487,14229.435546875,0.021404027938842773,-45.481074001170974,5114.088993623522,6170,-0.02865002494374359,0.10856481481481481,0.0003,18905.704857494213,0.2
17.926020590120057,13.602967930200755,7.913571330879971,0.8810770601035788,28.638888888888886,1069632,0.4494317154127137,7.9642082454447936,13.656273773607943,0.8368055555555556,0.27433280125917975,37.7650462962963,0.12359817776941691,21.940532834390993,52.43257486763863,619,8.787015964701189,48,0.9128099071066422,0.0,28.98582175925932,4515,-762.3602511299999,18.34894542908279,36.0,26.78224001321259,17.01289798297542,25.925925925925927,8.352406168002062,236,0.014565892,3765.243896484375,0.0429953932762146,-45.48638565628617,5507.222239798087,6180,-0.028693595440644357,0.12013888888888889,0.0003,10524.025648328992,0.2
17.866687960111502,13.534021216848656,8.083209997139525,0.8812258004253529,28.546296296296294,1071360,0.4451641195448983,7.975952668268716,13.524477766647118,0.8431712962962963,0.26386625618377263,37.661458333333336,0.12112895744597432,21.97404402880761,52.40970232411965,620,8.697769129569151,48,0.9205027927174103,0.0,28.667534722222307,4522,-763.64206775,18.093647608724716,36.0,26.791341489072508,17.0390647028757,26.50462962962963,7.996416394736535,236,0.016048793,7052.08349609375,0.11921823024749756,-45.475971659907586,4513.756239997016,6190,-0.03126392977105247,0.13304398148148147,0.0003,15757.264892578125,0.2
17.877765954066444,13.645871404375098,7.979303582729656,0.8792507750928644,28.759259259259256,1073088,0.4455340260238351,7.987898514917222,13.547166366166367,0.8587962962962963,0.2671634755641306,37.67881944444444,0.12168320735852645,22.007611944723028,52.40984593519256,621,8.778338659402243,48,0.9199564756660366,0.0,28.971354166666767,4529,-762.3563155699999,18.22531567205244,36.0,26.719163001845434,17.065259117760863,26.273148148148152,8.120140684947685,236,0.014939975,11492.3408203125,0.08077669143676758,-45.49557355244954,4428.502674908108,6200,-0.026486557059817843,0.10844907407407407,0.0003,16409.029985894096,0.2
17.923724208860154,13.523355560163388,8.589051144050913,0.8839013103735182,28.472222222222218,1074816,0.4490796818557854,7.999898937927085,13.64732330817292,0.8628472222222222,0.268236691772825,37.77430555555556,0.12668972369635798,22.04143025299346,52.52833118745539,622,8.800169203945176,48,0.9269986413779565,0.0,29.007523148148252,4536,-765.7637385,18.761303578151264,36.0,26.871028617537036,17.091568428283015,28.240740740740744,8.168896873936962,236,0.019150708,12163.9326171875,0.07059919834136963,-45.495076200697156,4644.134250881054,6210,-0.030144747205216576,0.14884259259259258,0.0003,17461.256843171297,0.2
17.83367442793332,13.413014412375446,8.644584694428286,0.8832702486025417,28.23148148148148,1076544,0.44736951243611345,8.011401533248904,13.600450045297206,0.8611111111111112,0.25716233356463913,37.58159722222222,0.12912270381302227,22.075131378106704,52.55401173593125,623,8.601038128727566,48,0.9247518436033849,0.0,28.334780092592684,4544,-765.951908,18.372615026742046,36.0,26.851422813812164,17.11765261435285,28.47222222222223,7.835015919938317,236,0.013306002,7117.1298828125,0.10829895734786987,-45.48606062995063,5290.139481523302,6220,-0.029493752449612925,0.11452546296296297,0.0003,12696.168162254051,0.2
17.844236425745645,13.469793402699723,8.712772773497592,0.882222930221662,28.36111111111111,1078272,0.44856264357878856,8.023033469304826,13.632324649599092,0.8663194444444444,0.2624926945332177,37.598379629629626,0.12659355234464711,22.108912189730702,52.53946697002389,624,8.652774422368973,48,0.9278185649656949,0.0,28.486689814814895,4551,-765.92840409,18.643384926423263,36.0,26.808004414820914,17.143763205417212,28.587962962962973,7.9808187502259464,236,0.01491909,14462.62109375,0.06585544347763062,-45.48231264750163,4948.548632162589,6230,-0.027653736131334747,0.1162037037037037,0.0003,14255.29459273727,0.2
17.87371634572303,13.35696818105846,7.638994732014922,0.87359729022045,28.10185185185185,1080000,0.449612303783903,8.035184895042502,13.660964536159371,0.8524305555555556,0.2561086136575969,37.66840277777778,0.12551828654126596,22.1427646010711,52.29149601859816,625,8.86057029507021,48,0.9228825543727127,0.0,29.123263888889014,4558,-769.3632461100001,17.28068080815108,36.0,26.546822126430385,17.16994749628152,25.115740740740744,7.8047178950776965,236,0.016725954,8398.4306640625,0.06842517852783203,-45.4696937278465,4400.766961528637,6240,-0.031552688453208515,0.13842592592592592,0.0003,20584.58474392361,0.2
17.84238338933307,13.53682910849089,7.131741135158376,0.8797309791053974,28.51851851851852,1081728,0.4466432104650118,8.046885699677418,13.56601039791986,0.8460648148148148,0.27392616301092115,37.604745370370374,0.12095643115276004,22.1763796270659,52.468481145775634,626,8.680321853966303,48,0.9194100987165653,0.0,28.573495370370512,4566,-769.8433508499999,17.470564583341414,36.0,26.72846653452709,17.196053454754853,23.49537037037037,8.321994339692148,236,0.014498811,10479.3388671875,0.06432485580444336,-45.45263916298195,4869.230628684715,6250,-0.029289285290158458,0.12123842592592593,0.0003,17289.17781213831,0.2
17.9477620200029,13.886136242993922,7.039377506923377,0.8859061678416239,29.296296296296294,1083456,0.44859153946725167,8.058602868554052,13.618123231387877,0.8836805555555556,0.290389373486673,37.83449074074074,0.12920228337187264,22.210124935144368,52.541781028515395,627,8.686867550653849,48,0.9308403061523737,0.0,28.580729166666718,4573,-770.28793987,18.22503273217013,36.0,26.92581584341923,17.222422859804862,23.26388888888889,8.819518982252832,236,0.01310191,9690.0146484375,0.13535922765731812,-45.46917374222367,4852.0229982729315,6260,-0.026616422781996704,0.09230324074074074,0.0003,15806.809573929399,0.2
18.01139395069332,13.795460212972081,7.0230017584793485,0.8810776783719209,29.09259259259259,1085184,0.4572365800560266,8.069889349111614,13.902717359093321,0.8582175925925926,0.2969262470223094,37.942129629629626,0.12573831561611057,22.2445817285421,52.45639053755975,628,8.514592223024767,48,0.9238079713704309,0.0,28.074363425925956,4580,-776.4354086499999,18.312459248542936,36.0,26.7776396605949,17.248951344681593,23.148148148148152,9.013997277091509,236,0.018962204,10738.1865234375,0.058412253856658936,-45.48509880348488,5305.448135969374,6270,-0.029816660228081875,0.14444444444444443,0.0003,12414.958450882523,0.2
17.906082399992208,13.698454999273892,7.342050852510291,0.8840283424370837,28.87037037037037,1086912,0.4538692612672818,8.08161078016595,13.790273732645069,0.8425925925925926,0.295744224597926,37.733217592592595,0.12329933871932153,22.278757412873713,52.586645962144964,629,8.688572421733985,48,0.9239207242707541,0.0,28.61689814814832,4588,-780.3399610900001,18.51427549020277,36.0,26.880596510966882,17.275216550681574,24.305555555555557,8.99376963841859,236,0.01627049,10922.3486328125,0.1861553192138672,-45.46893909595631,4899.964761324282,6280,-0.02980592396903645,0.12939814814814815,0.0003,15705.383852358218,0.2
17.84442559440869,13.59234356887857,7.671219488538156,0.8786269210494527,28.63888888888889,1088640,0.4490335862248855,8.093426320905303,13.662281626683267,0.8148148148148148,0.28982008915913227,37.604166666666664,0.11962424082517148,22.312613116940422,52.47253609909197,630,8.726216295741652,48,0.9177583360765743,0.0,28.78327546296305,4595,-777.9959832500001,18.562116200439583,36.0,26.697585649152938,17.301327614667596,25.347222222222225,8.818553143022855,236,0.014470311,13948.91015625,0.13948392868041992,-45.4446822837547,5400.604802929914,6290,-0.026156706295700535,0.13043981481481481,0.0003,12740.928978587963,0.2
17.842224528039058,13.621736434717404,7.502402582519584,0.8812476526272944,28.712962962962962,1090368,0.4466071016457714,8.105868542573646,13.584218091764674,0.8396990740740741,0.2867769054105329,37.61226851851852,0.12277143873205054,22.346273662169835,52.49619748594805,631,8.976888667336642,48,0.9227943704127647,0.0,29.62239583333338,4602,-776.7994815399999,18.31367161930907,36.0,26.76496825449064,17.327433175987693,24.768518518518523,8.70953260207208,236,0.016304169,5319.896484375,0.11553800106048584,-45.43268507498282,4905.671487949513,6300,-0.031065741495263796,0.13153935185185187,0.0003,14805.559635416666,0.2
17.835612140436933,13.472376228488523,6.804089282087749,0.8781408472435371,28.37962962962963,1092096,0.44059288996525625,8.117737319778092,13.406314132329229,0.8211805555555556,0.2883020856088267,37.57523148148148,0.11776966808797411,22.37948944750066,52.413173885386335,632,8.747510881778224,48,0.9144151232800771,0.0,28.8917824074075,4609,-775.59639643,17.529440881306503,36.0,26.66948536410277,17.353522206338784,22.453703703703706,8.77297537073023,236,0.013051827,9737.869140625,0.10030519962310791,-45.44653214348687,4709.455613729689,6310,-0.026647575558335693,0.10457175925925925,0.0003,15951.492019314235,0.2
17.972549127832092,13.676662175222214,7.151904374840368,0.8797074482591252,28.805555555555557,1093824,0.4474516870123646,8.129640264534528,13.600540805121945,0.84375,0.2954044389841938,37.879050925925924,0.11945581339611007,22.413190799513465,52.48256447365844,633,8.761177902574184,48,0.9210336174663608,0.0,28.8483796296297,4616,-776.5583804299999,18.29810511481942,36.0,26.714380206204087,17.379953579158364,23.611111111111114,8.98953856475684,236,0.015766822,9565.8701171875,0.05428111553192139,-45.43263792815032,4048.3233852103904,6320,-0.029196287562242813,0.12905092592592593,0.0003,20117.985443793405,0.2
17.91829758679655,13.97787369921599,6.88441060295252,0.8770555817091651,29.472222222222218,1095552,0.4468390254430122,8.141899020622835,13.582702577737692,0.8460648148148148,0.3047056340261958,37.754050925925924,0.12054675477471355,22.44684755595781,52.474402450856076,634,8.903502435322817,48,0.9201357734810108,0.0,29.33304398148154,4624,-781.7128655399999,18.596156556209046,36.0,26.628920288529972,17.406249323125355,22.68518518518519,9.253872254040536,236,0.010985061,13401.4306640625,0.07656198740005493,-45.42216969242802,4844.749199083117,6330,-0.026331994661854374,0.075,0.0003,26873.512897858796,0.2
17.931300717469156,14.257999699232455,7.773511356736368,0.8793028370965251,30.10185185185185,1097280,0.4439498053188859,8.154118664208383,13.489743446728061,0.8518518518518519,0.3070216984428858,37.77546296296296,0.1220688014309767,22.48027191457463,52.48706999261748,635,8.887857434218834,48,0.9249662431640486,0.0,29.289641203703813,4631,-781.2708374500002,19.815092208346584,36.0,26.686075023394874,17.432577574919026,25.578703703703706,9.30358115237776,236,0.013700313,6976.9638671875,0.1608508825302124,-45.425509982638886,4951.4822977984395,6340,-0.02775143417529762,0.08425925925925926,0.0003,12381.426654730903,0.2
18.005879654972397,14.051868733868728,7.694856511113151,0.8827762086026255,29.666666666666668,1099008,0.45100178951540065,8.166076503862367,13.708861691245701,0.8408564814814815,0.3035560420979994,37.929398148148145,0.12325334843830339,22.514244068802743,52.504466178804556,636,8.783135861593605,48,0.9132631531000263,0.0,28.95688657407416,4638,-784.19823611,19.42460654678081,36.0,26.796847066767636,17.459092274056456,25.34722222222223,9.197881301798931,236,0.018131282,12558.7568359375,0.0676766037940979,-45.445747771086516,5152.522474797567,6350,-0.030163470021000616,0.13119212962962962,0.0003,17210.28506221065,0.2
17.822326931593164,13.661275922679659,7.160753938873647,0.8851444555047713,28.842592592592595,1100736,0.44925626823467546,8.177964231631126,13.65685005233115,0.8391203703703703,0.29483776524574884,37.55266203703704,0.122034649698291,22.54808619393357,52.5262833978448,637,8.755091107503226,48,0.928690887312217,0.0,28.884548611111246,4645,-786.3655454899999,18.238488053302497,36.0,26.874130768778254,17.48514809138544,23.611111111111114,8.93645819174919,236,0.024142684,8869.8720703125,0.12976819276809692,-45.42874792593497,3709.6502981821695,6360,-0.029720033391344325,0.1849537037037037,0.0003,20443.35570203993,0.2
17.796781905676195,13.453098258207083,6.810449511348975,0.877351649988828,28.388888888888886,1102464,0.44447477171415956,8.189538877743686,13.50421249207781,0.8252314814814815,0.28353083984171984,37.48784722222222,0.11712159831641605,22.581546725163765,52.45162884739005,638,8.629858445023816,48,0.9234739490808429,0.0,28.392650462962976,4652,-782.21831102,17.34043441109809,36.0,26.624210656473547,17.51114004614963,22.453703703703706,8.596886641542033,236,0.011165019,11354.7421875,0.03676724433898926,-45.43759874414515,5875.866985886185,6370,-0.027201317773304052,0.07673611111111112,0.0003,23419.422023292824,0.2
17.744676120967906,13.216704990384827,6.718274505221686,0.8774993610314491,27.89814814814815,1104192,0.4345682216893418,8.201862915399639,13.210170289618391,0.8628472222222222,0.2779127693034339,37.38483796296296,0.12597890903557737,22.61427215088781,52.368507054334806,639,8.929615062380979,48,0.9192483839118702,0.0,29.39091435185199,4660,-778.1424750799998,16.839164570220454,36.0,26.63930387635771,17.53700173645205,22.106481481481485,8.42418507461394,236,0.013433181,7180.70361328125,0.06025874614715576,-45.431078366880065,5202.487183690954,6380,-0.02503000363552322,0.0921875,0.0003,12274.012957537616,0.2
17.817338430325382,13.134931004079204,6.726930900864297,0.8781418261045673,27.712962962962962,1105920,0.44263033923835493,8.213795699437032,13.451293329543136,0.8356481481481481,0.2752033533691593,37.55034722222222,0.12006436512925367,22.647600384211668,52.456678620492305,640,8.773113614957042,48,0.9199811746740125,0.0,28.9496527777779,4667,-779.2117361099997,16.700314833338414,36.0,26.67275273379457,17.563045082527864,22.222222222222218,8.358452928394911,236,0.0175156,12162.19140625,0.05518031120300293,-45.377066096553094,4354.6527783853035,6390,-0.03501564077515569,0.14270833333333333,0.0003,20344.167552806714,0.2
17.891876389881137,13.308788453741073,6.879059330843063,0.8768286333907516,28.074074074074073,1107648,0.44209388697494445,8.22573240866333,13.435751187135471,0.859375,0.2839382890234486,37.71296296296296,0.12510866901985637,22.680889762179508,52.481903010612434,641,8.774683690519376,48,0.924080479869889,0.0,28.913483796296433,4674,-784.58528443,17.29343869570789,36.0,26.63499470900794,17.589274773502567,22.685185185185187,8.625590911123757,236,0.014124586,12144.80859375,0.09192824363708496,-45.38329500269007,4815.309583028157,6400,-0.027513368653685408,0.09832175925925926,0.0003,22221.275795717593,0.2
17.783119994611607,13.250579605207408,7.6090994409453385,0.8740009797147487,27.953703703703706,1109376,0.43840242609011615,8.238514444297921,13.315685518417913,0.8373842592592593,0.2760295949015557,37.467592592592595,0.12174865994547737,22.713878975975554,52.48684248051418,642,9.112814253836904,48,0.9222645446449076,0.0,30.063657407407526,4682,-784.76433919,17.717290380367555,36.0,26.550373821393112,17.615232573489095,25.0,8.377611334214807,236,0.014947043,8565.5732421875,0.08666682243347168,-45.38149641531485,5805.991425380001,6410,-0.025750048742284655,0.11377314814814815,0.0003,11551.369353117767,0.2
17.809172616621854,13.483005936672347,7.914027924196542,0.8709723711562062,28.40740740740741,1111104,0.4474989281117055,8.250485637343157,13.602688658490855,0.8784722222222222,0.27643798283675824,37.526620370370374,0.12723819854871035,22.74758569762178,52.43949940043336,643,8.788477218094256,48,0.9251160679397853,0.0,28.89178240740752,4689,-787.24748499,18.27938988842928,36.0,26.460234411576213,17.64125550503065,25.925925925925924,8.402356027560387,236,0.015450102,13241.26171875,0.07144308090209961,-45.397351794772675,5384.231570236771,6420,-0.02781062030957805,0.1207175925925926,0.0003,13969.817896412036,0.2
17.65959831791669,13.228423359581072,6.9212692966828415,0.8712388343458595,27.916666666666668,1112832,0.44109802872494336,8.262410048221158,13.41451849897863,0.8304398148148148,0.27166940074856577,37.201967592592595,0.12431926338623324,22.780821993869225,52.43664375932616,644,8.76976435120012,48,0.9228728575338881,0.0,28.89901620370389,4696,-785.3010308900001,16.884844231274357,36.0,26.461404277761527,17.666904500825442,22.916666666666668,8.255151575010442,236,0.017398132,11303.9716796875,0.09866070747375488,-45.372316416987665,5429.2986171863695,6430,-0.030244103693230835,0.15283564814814815,0.0003,15599.078902633102,0.2
17.786998958188395,13.326438126338857,7.1679082361411135,0.8671617743822343,28.10185185185185,1114560,0.43952850741935084,8.274809786275586,13.371335271394182,0.8535879629629629,0.2717472543424963,37.479745370370374,0.12322586440186316,22.81395033204771,52.343683166959444,645,8.959895221771612,48,0.9203376421645362,0.0,29.550057870370416,4704,-785.1856741199999,17.230643945368648,36.0,26.34529453134554,17.692871998220912,23.611111111111114,8.256297582888676,236,0.019236173,7525.84521484375,0.06662005186080933,-45.38806885613336,5031.582465108236,6440,-0.03239008170483565,0.1613425925925926,0.0003,15219.363711660879,0.2
17.74690807891134,13.228864996525642,7.8270851548226235,0.866712002138331,27.89814814814815,1116288,0.4388027442497662,8.286912053639554,13.33631421971637,0.8518518518518519,0.2607149398259119,37.385995370370374,0.1226830442309759,22.846991117597,52.33993382417089,646,8.840906945586864,48,0.9164963398942577,0.0,29.152199074074232,4711,-787.0323841900001,17.450947295117665,36.0,26.32326863647377,17.71873926841819,25.694444444444446,7.9149971437694004,236,0.014929293,12116.998046875,0.09113240242004395,-45.408532531173144,5093.88448411447,6450,-0.028203194743643203,0.12505787037037036,0.0003,17226.395317925348,0.2
17.699848326100938,13.225305264724826,8.216512552258388,0.8721844877114414,27.87962962962963,1118016,0.4418395955364595,8.29890382464705,13.43994056868298,0.8431712962962963,0.26660113304044214,37.27256944444444,0.12460630890043775,22.880290969018706,52.43385459741143,647,8.796708402998364,48,0.9225823889190194,0.0,28.971354166666764,4718,-787.46160616,18.022011929734866,36.0,26.50765554311938,17.74448888923344,26.967592592592595,8.100194112751652,236,0.014075666,10950.169921875,0.08048504590988159,-45.41590951990198,5244.080131106906,6460,-0.025278040037179986,0.10086805555555556,0.0003,17910.356125217015,0.2
17.713022029713503,13.050482154620966,7.94043522903457,0.8710022224558208,27.5,1119744,0.4335869455132442,8.311049170075387,13.174360663146976,0.8379629629629629,0.26211690985210184,37.32523148148148,0.11995952814812319,22.91292687067657,52.39777199394939,648,8.858138171334794,48,0.9129102483077953,0.0,29.166666666666714,4725,-786.3290859900001,17.429777006628235,36.0,26.463500246735194,17.770271444307724,26.041666666666668,7.9588596229726996,236,0.011918401,11814.55859375,0.05625712871551514,-45.41545116283275,5624.314700430411,6470,-0.025619697962301197,0.09224537037037037,0.0003,17060.101146556714,0.2
17.688261915546676,12.877736963692243,6.594092825347286,0.8687535423341496,27.14814814814815,1121472,0.4418432778485374,8.323038879715146,13.424087451457183,0.8501157407407407,0.2681790056649049,37.2662037037037,0.12384017883885136,22.946187089305216,52.316638038603024,649,8.795883855903583,48,0.9154844513450506,0.0,29.000289351851947,4733,-787.4725410999998,16.083611862005284,36.0,26.384943869570574,17.79599209909659,21.64351851851852,8.131782072965757,236,0.015914265,22853.056640625,0.06553405523300171,-45.42611099525734,5419.327766927084,6480,-0.031037666552044728,0.12633101851851852,0.0003,17842.461789279514,0.2
17.81000751051918,12.926512910642685,6.569889892694458,0.8659970759585329,27.240740740740744,1123200,0.44890035888939334,8.33489682960383,13.644064973008307,0.8495370370370371,0.2715158233825075,37.52256944444444,0.12471203771690477,22.979997251737736,52.223582030360966,650,8.743179955473986,48,0.9173140537185539,0.0,28.77604166666676,4740,-794.46126406,16.230418005758672,36.0,26.309712018404856,17.82201711787289,21.64351851851852,8.254015202421526,236,0.015641544,13590.58984375,0.06195938587188721,-45.445751373856154,4506.273881742689,6490,-0.02683806645994385,0.10920138888888889,0.0003,23977.72755714699,0.2
17.73822060627197,12.921174012099362,6.277959795157966,0.8697661165969967,27.222222222222225,1124928,0.44258691886884033,8.346594956561844,13.467668067036671,0.8165509259259259,0.2755231472653168,37.3744212962963,0.11552380010420776,23.013366421905328,52.258784117038715,651,8.679250783205708,48,0.9130287307182373,0.0,28.59519675925935,4747,-797.2590499800001,16.0475398023768,36.0,26.419263351216518,17.84786266938857,20.60185185185185,8.368405995119472,236,0.015794355,8785.794921875,0.14050811529159546,-45.45798012062355,5987.467266478362,6500,-0.029046778594730076,0.12060185185185185,0.0003,12120.392438874422,0.2
17.647663849162118,12.820326339796006,5.96404633641703,0.8702342073861525,27.009259259259256,1126656,0.4415771757401983,8.357597692302773,13.416803530901769,0.8640046296296297,0.2829297691009577,37.19675925925926,0.1260686906590863,23.046608430732583,52.30585347919501,652,8.401094296371456,48,0.9207616708323129,0.0,27.63310185185193,4755,-791.44336563,15.862774736271497,36.0,26.444186073183857,17.873481829011475,19.560185185185187,8.59840206005846,236,0.011026663,11574.326171875,0.06856942176818848,-45.43805320174606,5342.40787359167,6510,-0.026428911198551456,0.07326388888888889,0.0003,14832.28439308449,0.2
17.832756376639548,13.200695635297079,6.139654512262479,0.869240805042906,27.777777777777782,1128384,0.43910943950872516,8.369621108835158,13.341941666540757,0.8640046296296297,0.28956891104877003,37.58159722222222,0.12817183466916077,23.079663284898935,52.29245916292763,653,8.809366612953573,48,0.9158230809716362,0.0,29.014756944444507,4762,-792.9621074000001,16.636951669021798,36.0,26.420515315210718,17.899563719953072,20.13888888888889,8.81660152146224,236,0.017716112,13463.556640625,0.02879577875137329,-45.428707942256224,4989.462309971562,6520,-0.028434651376058658,0.12511574074074075,0.0003,20480.402023654515,0.2
17.7589890056821,13.154585549410536,6.390895726783825,0.8700496228117859,27.675925925925924,1130112,0.4461162706378754,8.381255750806407,13.56159260728806,0.8506944444444444,0.28710364190612275,37.42534722222222,0.1273591137891506,23.113267266417154,52.286627849250124,654,8.653856788499143,48,0.9186601401436577,0.0,28.450520833333403,4769,-798.0318288199998,16.775805677756523,36.0,26.435733823270724,17.925461192467278,20.949074074074073,8.750324401562164,236,0.010848143,17023.75,0.09403598308563232,-45.44030857792607,5020.838123335661,6530,-0.0251102552300802,0.08177083333333333,0.0003,27441.676873553242,0.2
17.68702593812137,13.132628455922527,6.248671324957447,0.8718436589070612,27.63888888888889,1131840,0.4427873900281604,8.39268800037839,13.46344915647574,0.8339120370370371,0.28400192497003746,37.26793981481482,0.11943252868479694,23.146625889308343,52.384763876505815,655,8.572899828793771,48,0.9145169521539108,0.0,28.269675925926094,4777,-798.05531808,16.51239504448316,36.0,26.504045191209112,17.951178757312583,20.48611111111111,8.651095263603187,236,0.016603384,12131.4228515625,0.09528160095214844,-45.442634102150244,5054.704512617323,6540,-0.027832218488954282,0.1388310185185185,0.0003,17158.65409975405,0.2
17.779876528300303,13.437802589603015,6.760384976583818,0.8745688098881709,28.314814814814813,1133568,0.44707946442142726,8.404347771189094,13.577511739333294,0.8784722222222222,0.2921885341871903,37.47569444444444,0.13033972998030907,23.180269668656678,52.416374172619236,656,8.663908324281719,48,0.9226645908073756,0.0,28.537326388888957,4784,-799.3733445299999,17.56679794820349,36.0,26.573120325838417,17.977128448633334,22.222222222222225,8.888610382016656,236,0.0154196145,14511.0322265625,0.044196486473083496,-45.45071789776837,5114.429943791142,6550,-0.03046617236816221,0.12552083333333333,0.0003,24076.26357421875,0.2
17.77759434962456,13.256650104383747,6.1097119264085284,0.8734499885361325,27.916666666666668,1135296,0.4448301733352685,8.415704588531776,13.521304072339113,0.8628472222222222,0.29571561225975435,37.449074074074076,0.12700092912620872,23.213772928837525,52.42613594610478,657,8.542726937073,48,0.9229952851753622,0.0,28.13946759259266,4791,-803.61807577,16.83846383346879,36.0,26.548520749708278,18.003072434507395,20.02314814814815,8.992101802676514,236,0.019485405,11522.3916015625,0.06977903842926025,-45.45880091631854,5075.405850247984,6560,-0.02866489619223608,0.16799768518518518,0.0003,18490.143815104166,0.2
17.819481021613438,12.883900201247153,6.497917810830232,0.8713544225509217,27.14814814814815,1137024,0.44845003772842457,8.427084012794523,13.63655664538733,0.8269675925925926,0.2748307918166612,37.5462962962963,0.12225411081519066,23.247564320450994,52.329394554119965,658,8.551769705098868,48,0.9237956890739811,0.0,28.175636574074087,4798,-804.21870643,16.216469396451508,36.0,26.478097015490775,18.029121137061427,21.296296296296298,8.354651384374124,236,0.01568408,12081.4794921875,0.11808592081069946,-45.46153390672472,5306.9401350798435,6570,-0.031090314268927884,0.1228587962962963,0.0003,19057.506673177082,0.2
17.86456398214624,12.751867853861798,6.113165089922539,0.8717172591526681,26.86111111111111,1138752,0.4487054490758711,8.43873342502711,13.63850480421137,0.8506944444444444,0.2792837088535984,37.63368055555556,0.12415778770321838,23.281360582461524,52.34642326277719,659,8.65976489303445,48,0.915853220300769,0.0,28.566261574074215,4806,-809.00287698,15.835627519753439,36.0,26.49041388333339,18.05528254701679,20.02314814814815,8.490594575969101,236,0.0130562605,11527.50390625,0.10152339935302734,-45.448648876614044,6230.020047901295,6580,-0.025017756065008816,0.10804398148148148,0.0003,12258.838939525464,0.2
17.72584309121558,12.777642946936437,6.622909653378354,0.8746178267344068,26.916666666666668,1140480,0.4393697715333961,8.450505018197651,13.353403509995067,0.8483796296296297,0.27371362000738886,37.328125,0.12285630836256385,23.31444409123651,52.43144042716131,660,8.70863726821634,48,0.9120236613470148,0.0,28.6458333333335,4813,-805.6607715399998,16.211933920205368,36.0,26.571638620098565,18.08109715474483,21.759259259259256,8.331381319890577,236,0.016673667,6321.94580078125,0.06476110219955444,-45.46460233617712,5762.038354393288,6590,-0.030466084622053635,0.14108796296296297,0.0003,13714.653483072916,0.2
17.693524103680293,12.65568447378967,6.3556241487177845,0.8793016858407482,26.65740740740741,1142208,0.4397643927269273,8.462197512050873,13.383678931288417,0.8628472222222222,0.2777538750287328,37.27488425925926,0.12821192492242398,23.34760328856473,52.44382328567817,661,8.676997541288927,48,0.9225158702758243,0.0,28.59519675925937,4821,-802.01980771,15.947729396079437,36.0,26.712285277916067,18.10683096500403,20.949074074074073,8.456420773571983,236,0.016714087,11707.1064453125,0.0781165361404419,-45.444771406385634,4555.911572618837,6600,-0.032766174114550704,0.13773148148148148,0.0003,18810.438333695023,0.2
17.718374529324112,12.620219610584334,6.062780041069274,0.8770250871009582,26.555555555555557,1143936,0.44062390518590594,8.473671132348725,13.392655398469193,0.8391203703703703,0.280326585201091,37.34085648148148,0.12377095981442178,23.380784927060905,52.434489823385775,662,8.589448119140949,48,0.9203999375377612,0.0,28.284143518518608,4828,-802.4878358000001,15.709416133131453,36.0,26.63945380551952,18.13262690132734,19.90740740740741,8.546416481477845,236,0.015103807,14095.3427734375,0.09142231941223145,-45.44058772899486,5339.690966104578,6610,-0.028567956872629346,0.11215277777777778,0.0003,21826.6982421875,0.2
17.759221357254948,12.778809639172408,6.019931158145492,0.8740805453263495,26.925925925925924,1145664,0.44031454671949743,8.485484581704181,13.364508690702593,0.8420138888888888,0.2925849763147932,37.4375,0.12413088529580034,23.41389619878766,52.43085621983406,663,8.725379742182612,48,0.9192634336510529,0.0,28.710937500000107,4835,-804.8018366,16.183913528930056,36.0,26.561096823867576,18.158524954720477,19.791666666666668,8.905172731612154,236,0.017295806,5695.3193359375,0.08613073825836182,-45.44132214298955,5483.548100619846,6620,-0.029430924852689107,0.11672453703703704,0.0003,15418.56771195023,0.2
17.68845094486503,12.970203600228833,6.159282493389511,0.8790222966144107,27.324074074074076,1147392,0.4360411629334817,8.49733306038343,13.259146420998063,0.8616898148148148,0.2983329464521618,37.2662037037037,0.13007435377286092,23.446744064840157,52.451095755459995,664,8.739391471698871,48,0.9240849571360802,0.0,28.81221064814833,4843,-804.87686987,16.686405552633005,36.0,26.715524302029095,18.18424608208264,20.25462962962963,9.07691945901466,236,0.016873272,13460.0087890625,0.10869437456130981,-45.45098614162869,5537.828112086543,6630,-0.030035652216799835,0.13923611111111112,0.0003,15998.096343315972,0.2
17.90453691767873,13.105663871413283,5.928393236938692,0.885706833208467,27.574074074074073,1149120,0.45355092087321647,8.508607048202784,13.79907169586569,0.8778935185185185,0.3057537273654822,37.733217592592595,0.1294026554303065,23.48094174407982,52.56604338916868,665,8.509595127741935,48,0.9238692656152063,0.0,28.088831018518658,4850,-811.8113295999999,16.836205329057368,36.0,26.94321110121986,18.21050742437684,19.444444444444443,9.322148220705392,236,0.016078113,11294.7265625,0.043519020080566406,-45.45737416302716,5316.478105658072,6640,-0.030600846733001095,0.1404513888888889,0.0003,20346.49168113426,0.2
17.867773656821022,13.081649282308518,6.112947279992582,0.8807135204260828,27.527777777777775,1150848,0.4415387474133933,8.520607892993386,13.417310489995666,0.8553240740740741,0.2974137032686223,37.645254629629626,0.1267948021188235,23.51418502030481,52.49710525517378,666,8.800337916241288,48,0.9208290173780201,0.0,28.97135416666677,4858,-817.2480999300002,16.737230068725495,36.0,26.77109407232982,18.23667685851889,20.02314814814815,9.062633506424392,236,0.015874999,16510.458984375,0.12233781814575195,-45.47076134858308,5939.5133640430595,6650,-0.031900512809968654,0.13425925925925927,0.0003,16000.762926793981,0.2
17.773084472216617,13.246299861966856,6.121360224919194,0.8811762275679657,27.916666666666668,1152576,0.4489498793345891,8.532250001383566,13.644216216567346,0.8408564814814815,0.3000795910470294,37.45023148148148,0.12486086533873417,23.54799556084623,52.43506456876651,667,8.656843356072466,48,0.9240994649696231,0.0,28.522858796296422,4865,-817.0015957499999,16.968337769577367,36.0,26.78552412631667,18.262609569699432,20.13888888888889,9.120677682691317,236,0.018281715,13235.3505859375,0.08574080467224121,-45.46932089063856,5447.289723403365,6660,-0.029305177112972296,0.13258101851851853,0.0003,17387.46751482928,0.2
17.768589591667524,13.236732453679146,5.931733701788532,0.8783182907813591,27.88888888888889,1154304,0.4425345289908125,8.543994560291651,13.453217350203227,0.8686342592592593,0.2982416757528324,37.44328703703704,0.1296397197671646,23.581328604221735,52.42812332939383,668,8.697823563233804,48,0.9236290886212671,0.0,28.696469907407465,4872,-816.2826950599999,16.707857062584345,36.0,26.684379896260037,18.2885310436786,19.444444444444443,9.05939090711667,236,0.013634358,11076.201171875,0.0869138240814209,-45.45556266219528,5638.438194670501,6670,-0.02920010467922246,0.1146412037037037,0.0003,20058.434342447916,0.2
17.760925868692226,12.747874688122655,5.728827711781828,0.8808681146741307,26.87962962962963,1156032,0.43937450321365434,8.55610041847682,13.3504569677685,0.8252314814814815,0.28528243532648395,37.42534722222222,0.12446300947496668,23.614404746641156,52.391527547046195,669,8.84234327406757,48,0.9300264230528721,0.0,29.12326388888901,4880,-814.93285841,15.602061883617225,36.0,26.766945740771433,18.31443335835033,18.75,8.64535948371274,236,0.011098704,11157.96484375,0.0980260968208313,-45.460673805519384,5622.861232333713,6680,-0.021459425483933755,0.08043981481481481,0.0003,17485.294873046874,0.2
17.805223582183825,13.037458625562621,6.086800182524257,0.8862197982530966,27.472222222222225,1157760,0.4436536054172357,8.568262573582805,13.48231297719714,0.8269675925925926,0.3003861720169911,37.510416666666664,0.12395356258115398,23.64781052908415,52.51695039791133,670,8.864862042393948,48,0.9195813883538305,0.0,29.18836805555568,4887,-817.3670311000001,16.73688488315814,36.0,26.933389503332275,18.340446417305788,20.02314814814815,9.132626075071263,236,0.009964294,7920.93212890625,0.10862612724304199,-45.45887456823279,6152.858967547946,6690,-0.024117689952254294,0.0587962962962963,0.0003,20495.719104456017,0.2
17.72233948101705,12.91096156755861,5.921526575777553,0.8843688149156032,27.185185185185187,1159488,0.44866177514845595,8.5798917028018,13.62757239520935,0.8506944444444444,0.2961627941623159,37.34722222222222,0.1277253899960104,23.681579460072175,52.50047035381453,671,8.651651687598536,48,0.9232451976474324,0.0,28.41435185185194,4895,-821.25887115,16.316493845028475,36.0,26.889530564675002,18.36625226600833,19.444444444444443,9.004005701692313,236,0.0109115625,8080.8515625,0.06354236602783203,-45.45409530357078,6368.683807740388,6700,-0.029312321969687388,0.08483796296296296,0.0003,13465.66814416956,0.2
17.867461694066794,12.895243628821822,5.821670058538089,0.8860582068074881,27.166666666666668,1161216,0.4532546660494897,8.59110135540545,13.767543083739225,0.8489583333333334,0.2942239194427774,37.65856481481482,0.1284283259754588,23.715698317781523,52.49695016219721,672,8.483861041459608,48,0.9300987157258176,0.0,27.90798611111125,4902,-823.86738618,16.14021409850715,36.0,26.946023375838735,18.3924209202435,19.097222222222218,8.94330041114724,236,0.01342994,9349.61328125,0.14107656478881836,-45.44832134953251,5466.356556136519,6710,-0.02603898964546345,0.08524305555555556,0.0003,13504.793133318866,0.2
17.78264838695829,13.000630498150874,6.07640719507112,0.8896517664369828,27.40740740740741,1162944,0.45033730390130855,8.602966773327982,13.693585383889996,0.8611111111111112,0.29676456279456714,37.46180555555556,0.12987414389279073,23.749632281241247,52.53484885158176,673,8.746167169012738,48,0.9281615946959377,0.0,28.783275462962994,4909,-827.4767690399999,16.565015156086673,36.0,27.045070582177,18.418377541210894,20.02314814814815,9.007977462864677,236,0.011084224,14159.580078125,0.048389971256256104,-45.45649893018935,6237.035606214735,6720,-0.025803195573044595,0.07743055555555556,0.0003,16724.33206741898,0.2
17.793329950504198,12.922550161541439,5.248362633651127,0.8915126553059062,27.240740740740744,1164672,0.453871084015379,8.614634915408306,13.78471848948419,0.8396990740740741,0.3048436545933479,37.49421296296296,0.12762484195159185,23.783794077464957,52.62556661014683,674,8.667256832129507,48,0.9154273258434555,0.0,28.544560185185283,4917,-829.2239036100001,15.897233749572226,36.0,27.09801665325902,18.444360866087155,17.12962962962963,9.246320954379659,236,0.0148982145,5206.6591796875,0.07008868455886841,-45.44170855769405,5859.197592982539,6730,-0.029786752202306633,0.10931712962962963,0.0003,17820.348229528357,0.2
17.862655343888672,13.261980991575575,5.849885066465506,0.8852808568369542,27.962962962962962,1166400,0.4534257365502045,8.626618246942355,13.798533859346064,0.8703703703703703,0.3153627462058399,37.636574074074076,0.13259115977256056,23.81799041211332,52.58345097906372,675,8.793332613619475,48,0.9290816306856838,0.0,29.0581597222222,4924,-833.6405376400002,17.15716885976091,36.0,26.919501063301038,18.470517504446878,19.212962962962962,9.56530280171983,236,0.012837542,17116.939453125,0.0862613320350647,-45.45450607582375,5196.851541434394,6740,-0.026584865937561347,0.10758101851851852,0.0003,26706.572681568286,0.2
17.82007411401046,13.444071875505111,5.514427519542827,0.8869632153456687,28.324074074074076,1168128,0.4483992370349939,8.63860518588372,13.617186169835527,0.8645833333333334,0.3230768133685149,37.54456018518518,0.1307015350511754,23.85173337753791,52.54738110850272,676,8.794775576545781,48,0.9280599272162284,0.0,28.942418981481563,4932,-833.3762846499999,17.250679692408138,36.0,26.970440704502238,18.496567689731904,18.055555555555554,9.8121802973602,236,0.0141740255,9375.81640625,0.13392800092697144,-45.45833779794199,5817.745046940557,6750,-0.02578269148728362,0.11082175925925926,0.0003,16411.41703197338,0.2
17.845090276159567,13.496213157226322,5.514427519542827,0.8870310698841702,28.435185185185187,1169856,0.45096283921638836,8.650392748837106,13.69185694343525,0.8454861111111112,0.3222211311022387,37.614583333333336,0.12661585076842674,23.885663019896498,52.5685492500294,677,8.715025181354758,48,0.922396665960468,0.0,28.68200231481489,4939,-832.56685328,17.26964955334946,36.0,26.972578809088585,18.522680415422304,18.055555555555554,9.779008876580308,236,0.012578589,15250.80859375,0.06261366605758667,-45.46448718883373,5798.53124564842,6760,-0.02839052490717559,0.10104166666666667,0.0003,19293.825520833332,0.2
17.83529187312796,13.269801082831693,5.230681080267723,0.887509947376033,27.953703703703706,1171584,0.4498673458510774,8.661850462454664,13.659644709137234,0.8576388888888888,0.31826909355863015,37.592013888888886,0.13356661746074985,23.91951213166934,52.519138801962946,678,8.583085447023068,48,0.9312857406260958,0.0,28.284143518518594,4946,-834.70128875,16.658319036101133,36.0,26.98434160264161,18.548768645105124,17.12962962962963,9.677836873001718,236,0.016352499,16515.078125,0.06986582279205322,-45.470695142392756,5835.388953173602,6770,-0.03288842774582682,0.12627314814814813,0.0003,16421.59529079861,0.2
17.848629830640295,13.110817860474,5.782407744113734,0.8858663921445785,27.62962962962963,1173312,0.45162821123966596,8.673410216513867,13.73656437285071,0.8501157407407407,0.3033611008664439,37.598379629629626,0.128731831557538,23.953553542601465,52.50034316224659,679,8.623901623681332,48,0.919110529744266,0.0,28.35648148148164,4954,-834.2934631800001,16.58756778480619,36.0,26.911133509073668,18.574890219681723,18.98148148148148,9.214342180218454,236,0.011880757,12244.8583984375,0.05330926179885864,-45.46646290531865,7104.9472214875395,6780,-0.025762738163272538,0.07980324074074074,0.0003,13452.449211516203,0.2
17.798781814761863,12.972244109518064,5.6956410977468765,0.8830700563197883,27.296296296296294,1175040,0.45262154269543164,8.684752294816994,13.763729278365476,0.8483796296296297,0.28812234365084116,37.510416666666664,0.12625797137918052,23.98766286579738,52.41647985970585,680,8.536831321250299,48,0.9155684504861087,0.0,28.1032986111112,4961,-837.0224619300002,15.932942584030016,36.0,26.837548714967117,18.600887174218627,18.634259259259256,8.785057376765074,236,0.013722028,3413.475341796875,0.11093634366989136,-45.44711057874891,6211.770893916378,6790,-0.027211534442311083,0.09971064814814815,0.0003,13299.367415364582,0.2
17.771623606991795,12.840878191866965,6.556982245104695,0.8864460458969745,27.055555555555557,1176768,0.44699973075566635,8.696845803184141,13.600255412668597,0.8570601851851852,0.2845300247717629,37.429976851851855,0.12534553971822607,24.02136350432905,52.53920885900925,681,8.837403346859144,48,0.9219314452741394,0.0,29.06539351851862,4969,-835.59318428,16.510973558861608,36.0,26.919551845348156,18.626816233236106,21.527777777777782,8.633113121889945,236,0.01596295,14481.29296875,0.10796457529067993,-45.43110641196922,5314.7978163401285,6800,-0.030619643087050428,0.13576388888888888,0.0003,23190.729676649305,0.2
17.81945766443744,13.175006009066957,5.753297747120974,0.8876364795935779,27.75,1178496,0.4547151750457073,8.70824388365052,13.83569499833695,0.8611111111111112,0.3010267276313255,37.54340277777778,0.1327341128957525,24.05565274182489,52.54367241721502,682,8.559232186551595,48,0.9253259854458308,0.0,28.20457175925929,4976,-839.0717413599999,16.539545710799757,36.0,26.95154920541454,18.6528648773972,18.86574074074074,9.131241954611825,236,0.011205221,10723.22265625,0.0626104474067688,-45.42651832015426,5950.903948579011,6810,-0.025728931917843444,0.08327546296296297,0.0003,18238.076784939236,0.2
17.84157704056542,13.213964472015789,5.33223028836629,0.8836958387429829,27.814814814814813,1180224,0.4545472870867028,8.720063810848657,13.799613801078339,0.8616898148148148,0.31126488983567624,37.594907407407405,0.12928697924611257,24.089851776327585,52.43609812813045,683,8.7279708792549,48,0.9238009661016154,0.0,28.71817129629635,4983,-843.0317711,16.486700829827015,36.0,26.850550793668386,18.678968819998612,17.47685185185185,9.460506069444934,236,0.012402255,6826.21484375,0.12764281034469604,-45.43752780490451,6076.648855449535,6820,-0.024179363574108315,0.0828125,0.0003,14793.647008825232,0.2
17.831783111121734,13.053215614007177,5.5926925008624755,0.881819229139357,27.490740740740744,1181952,0.4533197912497882,8.731558650396424,13.784607057779361,0.8564814814814815,0.31198035456208134,37.58449074074074,0.12879466926486963,24.124013293972034,52.448786012573436,684,8.597935819106835,48,0.9189460567058894,0.0,28.33478009259266,4991,-844.0993989499999,16.64238539192475,36.0,26.78180250055081,18.705048277776417,18.402777777777775,9.516477277055097,236,0.013256848,8864.5888671875,0.0373004674911499,-45.45319181371618,6517.23025213171,6830,-0.026816491208349665,0.0931712962962963,0.0003,16428.037818287037,0.2
17.891431875228324,13.36023404591184,6.685894247577075,0.8832886986703635,28.138888888888886,1183680,0.45339749549653685,8.743473312573737,13.777017643892643,0.8339120370370371,0.3022302560626643,37.70601851851852,0.1232009963386412,24.158155838081765,52.44919739709585,685,8.765864870925403,48,0.9195598496376053,0.0,28.913483796296262,4998,-846.5267617999999,17.721471888434888,36.0,26.835399177268542,18.731276857464486,21.990740740740744,9.195343594945973,236,0.015869074,18301.763671875,0.06289666891098022,-45.47639144614891,5156.114827163131,6840,-0.026430389995652216,0.12418981481481481,0.0003,18667.409718605322,0.2
17.825280547022654,13.431277392863057,7.259630204732105,0.8906679322459795,28.277777777777782,1185408,0.4415199817541512,8.756027487964678,13.413910584911237,0.8431712962962963,0.29950349071980636,37.552083333333336,0.1262893103864119,24.191390614544044,52.58330598893067,686,9.021670156376409,48,0.9177535490793586,0.0,29.709201388888946,5006,-844.57015254,18.27103619180429,36.0,27.051671752343424,18.757340058832042,23.84259259259259,9.100128594209126,236,0.0161093,11952.7099609375,0.10809069871902466,-45.47774891323513,5341.956227309615,6850,-0.02784364470625641,0.11076388888888888,0.0003,19969.852745225693,0.2
17.87446040166129,13.861162764491082,6.857263432595157,0.8928949017027029,29.231481481481485,1187136,0.44683480297115624,8.767888549661663,13.582809384751299,0.8559027777777778,0.32071785551071225,37.64930555555556,0.12336017321900344,24.225047638005922,52.570794348911114,687,8.744424678793976,48,0.9213960654779614,0.0,28.79050925925932,5013,-841.7091754300001,18.929210880520834,36.0,27.139319363841988,18.783526209836197,22.569444444444446,9.730784683434594,236,0.019320654,11663.173828125,0.08693897724151611,-45.49983139038086,5480.274235252098,6860,-0.030896484275796898,0.1431712962962963,0.0003,20858.12632559317,0.2
17.853175546859124,13.766954209281167,7.514059337680297,0.8887544428138509,29.0,1188864,0.455597344439418,8.779411398032442,13.8531970424049,0.8200231481481481,0.3093080422501016,37.62210648148148,0.12198163379968353,24.259380630611933,52.486570051783794,688,8.60913934831169,48,0.9200864060006191,0.0,28.35648148148151,5021,-846.7618801899999,19.18832690565877,36.0,27.004738485652563,18.809659148703343,24.884259259259263,9.427313358697305,236,0.014914336,15604.677734375,0.06958770751953125,-45.493813352231626,5488.802384327076,6870,-0.031046795588055693,0.11458333333333333,0.0003,27797.374367042823,0.2
17.993923454010464,14.175427610088187,8.310029480046511,0.8932294693071107,29.888888888888886,1190592,0.4586487129264858,8.790967892351052,13.935821955752202,0.8501157407407407,0.3116635158508208,37.920138888888886,0.12443059973553064,24.293920185501314,52.62113515632591,689,8.622597727443535,48,0.9188398193009183,0.0,28.39988425925932,5028,-854.0909026899999,20.423526540921223,36.0,27.155171556514578,18.83614395733837,27.199074074074073,9.458069450786523,236,0.013169463,12016.466796875,0.10390603542327881,-45.50290530169452,5961.903523056595,6880,-0.025919425396110723,0.09461805555555555,0.0003,16370.210622829862,0.2
17.975849177692403,13.781515756935908,8.710443543190294,0.883665017923397,29.046296296296294,1192320,0.46154998909090417,8.802469653367272,14.024560519142883,0.8570601851851852,0.29618111476608594,37.866898148148145,0.12886048136456357,24.32868158679917,52.508795994489816,690,8.600704406487873,48,0.9213276421920407,0.0,28.33478009259264,5036,-858.79759568,19.9513204803934,36.0,26.85895579456265,18.8625835802826,28.47222222222223,8.979361180267198,236,0.014173148,10932.0908203125,0.12279975414276123,-45.50873875088162,5721.0772213406035,6890,-0.024771490206735,0.1072337962962963,0.0003,19820.547370515047,0.2
17.887633408363488,13.817300303169665,6.716765035084304,0.8933331181629717,29.12037037037037,1194048,0.4508837407655214,8.814686126862636,13.70154841765037,0.8315972222222222,0.3206681329427216,37.6875,0.1225518622492312,24.362635457843297,52.62183237930329,691,8.886589398145933,48,0.9221301967403442,0.0,29.246238425926013,5043,-857.5871071600002,18.750352735752745,36.0,27.145071484791597,18.88880266380351,22.106481481481485,9.736287397498776,236,0.020296423,12682.990234375,0.08977347612380981,-45.51096254984538,5524.672556403832,6900,-0.03189890690285851,0.18993055555555555,0.0003,21634.721903935184,0.2
17.835937418762487,13.49718250528449,6.225735251368299,0.8869483770845211,28.462962962962962,1195776,0.44734896445025846,8.826568979009949,13.581944124074598,0.8576388888888888,0.3106222409258195,37.58506944444444,0.12660500008702874,24.396290318153483,52.52538191971798,692,8.753140858925399,48,0.9224483306234309,0.0,28.790509259259288,5050,-852.81977729,17.61784971236,36.0,26.950373733748563,18.914892507350416,20.48611111111111,9.414931955707212,236,0.015564957,8500.8828125,0.05509757995605469,-45.51253075776277,6571.498472750628,6910,-0.030269114109170107,0.10931712962962963,0.0003,21982.71673538773,0.2
17.954553187885818,13.660545520456816,5.748013444818729,0.8930714368575844,28.814814814814813,1197504,0.4597188318834128,8.838317542596066,13.950649142999941,0.8524305555555556,0.32593063061483263,37.829861111111114,0.1241391408830522,24.430866941010983,52.60826389937851,693,8.699425434446624,48,0.9164183499731453,0.0,28.689236111111114,5058,-857.6715299699999,17.7652122667827,36.0,27.11470667985509,18.94127889032013,18.865740740740744,9.876653301507156,236,0.011733617,11591.4306640625,0.053880929946899414,-45.51702228122287,5684.230884156404,6920,-0.023867810859896796,0.0853587962962963,0.0003,20817.27336606626,0.2
17.842642600746284,13.5617848165142,6.264751387903065,0.889231176136945,28.564814814814813,1199232,0.45910885604790164,8.849642098444537,13.936467060743952,0.7986111111111112,0.308009577737365,37.60300925925926,0.12152396571186845,24.465408108662842,52.51703307475475,694,8.529822339388424,48,0.919263314711879,0.0,28.081597222222232,5065,-862.8402012799999,17.671273832537132,36.0,27.00968158541734,18.967385496821997,20.60185185185185,9.364737628119867,236,0.011667251,13539.724609375,0.10947704315185547,-45.52007868731464,5526.968867238363,6930,-0.024254767782986165,0.07604166666666666,0.0003,20702.69685691551,0.2
17.890365851139716,13.359834629636673,6.2952839579180155,0.886234971919713,28.166666666666668,1200960,0.4588260076003103,8.861159533326676,13.953003753588645,0.8483796296296297,0.2991926515150715,37.707175925925924,0.12966590328420216,24.499990618046812,52.470665285862005,695,8.606973952855462,48,0.9262022754712987,0.0,28.407118055555586,5073,-863.3378219699999,17.217886360259,36.0,26.941160431576048,18.993611411449848,20.71759259259259,9.082767772704313,236,0.013809063,13598.7275390625,0.03929018974304199,-45.51965546784577,6570.750166560985,6940,-0.026326221115542232,0.0990162037037037,0.0003,17896.280495876737,0.2
17.866003149145786,13.343486505888507,6.489195138157847,0.8865799055758012,28.138888888888886,1202688,0.449905687108945,8.873060752618043,13.664549873706356,0.8292824074074074,0.29246572353400907,37.65277777777778,0.12384367005172302,24.53385199273108,52.51387108981513,696,8.760487716546665,48,0.9268207594459191,0.0,28.891782407407398,5080,-861.1267692299999,17.189169465360997,36.0,26.96011239297791,19.019776419322714,21.412037037037038,8.87648782131464,236,0.01213118,7263.64013671875,0.12269175052642822,-45.52133476822465,6254.560682423909,6950,-0.024688830788902664,0.09670138888888889,0.0003,15361.362250434027,0.2
17.90242601180836,13.229180744935524,6.1208369626970045,0.881102326522726,27.916666666666668,1204416,0.4504937810733601,8.885614332031736,13.70044551186893,0.8460648148148148,0.2857287334801985,37.723958333333336,0.12731152379313143,24.567803106510752,52.42634315677751,697,9.021431765476793,48,0.9161428503642713,0.0,29.65133101851857,5088,-860.4329812300001,16.48136853905014,36.0,26.78431379153685,19.046032484352235,20.138888888888886,8.651350831417611,236,0.010727669,11814.384765625,0.08103233575820923,-45.53117985195584,7085.370720616093,6960,-0.025425415677535864,0.06915509259259259,0.0003,16099.236206958913,0.2
17.891738525057473,13.284137116925644,5.54452468945217,0.8773728332279284,28.046296296296294,1206144,0.4547941843355709,8.897426527865035,13.817181276925433,0.8582175925925926,0.2877251489896529,37.70601851851852,0.13138660695267396,24.602046059703067,52.34603459622196,698,8.724878333319642,48,0.9332664597112993,0.0,28.71093749999998,5096,-862.6958810100001,15.99766443898865,36.0,26.653766070056957,19.07226183066488,18.171296296296294,8.689002632610835,236,0.013610086,10977.3486328125,0.14605355262756348,-45.530587697912146,5321.968076762447,6970,-0.02742613176987679,0.09670138888888889,0.0003,17158.1581072772,0.2
17.911865133511796,13.401824326523176,5.197146300530878,0.8728349806041606,28.26851851851852,1207872,0.45329607924479615,8.909064222018406,13.783500959454019,0.8616898148148148,0.2891488943281148,37.73784722222222,0.1276204992664002,24.636204812101703,52.23724216615877,699,8.65507766134857,48,0.9271927598146776,0.0,28.537326388888943,5103,-864.6603910299999,15.840405016865338,36.0,26.518654653531684,19.098541493498658,17.01388888888889,8.761434389811285,236,0.009136447,13977.7080078125,0.06078284978866577,-45.544471966778794,7308.862547500045,6980,-0.022676306233430903,0.057118055555555554,0.0003,22177.053989438657,0.2
17.83789233550306,13.170127760857492,4.808828289053618,0.8732730840515367,27.76851851851852,1209600,0.4565053628165334,8.920781514914935,13.86987407920038,0.8206018518518519,0.2892715682363465,37.58101851851852,0.11791926143769962,24.670579497299702,52.293273572999745,700,8.686917158611374,48,0.917527902763767,0.0,28.60966435185189,5111,-866.3590809200001,15.245980357480924,36.0,26.516459212564314,19.124636224337415,15.856481481481481,8.787024307569816,236,0.01497493,2622.503173828125,0.11485320329666138,-45.537323492544665,7524.953787570529,6990,-0.02727183017672764,0.10538194444444444,0.0003,9922.498384150753,0.2
17.78779795376042,13.076968778085643,4.517359632031084,0.8758991558591506,27.555555555555557,1211328,0.45386950007763577,8.932361533952191,13.785140089390437,0.8697916666666666,0.29026455138781043,37.495370370370374,0.13142760779446291,24.70474234752318,52.29434767695153,701,8.632007614902282,48,0.928187066384048,0.0,28.428819444444525,5118,-865.8055312000001,14.905048620426331,36.0,26.613607968804633,19.150605719221815,14.930555555555555,8.830720210309604,236,0.017974066,12884.810546875,0.10429149866104126,-45.530544125592264,6520.24269784998,7000,-0.027135930981280074,0.13119212962962962,0.0003,18608.269965277777,0.2
17.808576613558277,13.587188753261705,5.03825777972468,0.8792982586768945,28.64814814814815,1213056,0.4518499706082423,8.943721100648117,13.726544375329643,0.8200231481481481,0.30569636062267264,37.52893518518518,0.12076672753257572,24.738758708461503,52.34411527234735,702,8.543826678370761,48,0.9160519405934359,0.0,28.15393518518518,5126,-864.27068015,16.399330089142538,36.0,26.72741650691076,19.17662716075571,16.666666666666668,9.293883556156153,236,0.016525324,9760.0283203125,0.0932818055152893,-45.50526363231518,5879.396830890797,7010,-0.0284693554216237,0.1333912037037037,0.0003,21677.844364872686,0.2
17.876161888168934,13.937003218114947,4.961632567943741,0.8771785735464303,29.36111111111111,1214784,0.45033730849644343,8.955472149084997,13.68882820037212,0.8530092592592593,0.3169141603603416,37.66261574074074,0.12523254269510478,24.772680778962435,52.36730326398339,703,8.700419374751696,48,0.9191303930217063,0.0,28.660300925925977,5133,-865.24610456,17.020158217002308,36.0,26.64951543918706,19.202817565476135,16.319444444444443,9.64152243094362,236,0.015292335,18171.619140625,0.03289461135864258,-45.490546275951246,6634.058717953717,7020,-0.029288888181111326,0.12986111111111112,0.0003,25172.114116753473,0.2
17.879748612025782,13.5324266394981,5.192646849935101,0.8778554704373388,28.527777777777775,1216512,0.45126433383082043,8.967387462729983,13.701446124076464,0.8518518518518519,0.30370500708539444,37.6724537037037,0.12429709137000604,24.806634394272628,52.40492053688549,704,8.766125457994393,48,0.9226914170513588,0.0,28.81944444444446,5141,-867.7708943699998,16.435523383577895,36.0,26.660472067207767,19.2290169370062,17.12962962962963,9.230449894144693,236,0.014582298,12178.6953125,0.06322550773620605,-45.4838518637198,5644.6179574471935,7030,-0.026355478219274017,0.10480324074074074,0.0003,22801.989630353008,0.2
17.88074216333918,13.794536654602359,5.5415019759669555,0.8823478735693707,29.046296296296294,1218240,0.4555238103648468,8.978928122334437,13.837553872839505,0.8414351851851852,0.311254310921032,37.67766203703704,0.12386759059727126,24.840928278954728,52.45500967993791,705,8.616263841781723,48,0.916820117957156,0.0,28.34924768518527,5148,-870.0603281,17.30009175663361,36.0,26.82340127440749,19.25521879241455,18.287037037037035,9.484053126064294,236,0.008826623,20082.18359375,0.14183712005615234,-45.49155043142813,6413.063424159863,7040,-0.02095050885238581,0.04739583333333333,0.0003,20493.63623046875,0.2
17.939842514822455,13.884750958475601,4.8041223941300695,0.8818170423842266,29.222222222222225,1219968,0.4630992362230342,8.990288817534045,14.073833692937818,0.8495370370370371,0.32320242857645004,37.802083333333336,0.1236556157853091,24.875812863187072,52.43984117628486,706,8.544278079843469,48,0.9161287926531243,0.0,28.103298611111224,5155,-877.13156675,17.019648137418283,36.0,26.80878755936907,19.281568398701605,15.856481481481481,9.850774784812613,236,0.011375944,8106.04248046875,0.07959043979644775,-45.50813872725875,5453.228821210508,7050,-0.023657163242912956,0.07928240740740741,0.0003,24569.291726345487,0.2
17.76162797276149,13.853075900265987,4.838759460548039,0.8847899925331016,29.15740740740741,1221696,0.45244906107633337,9.002083178597521,13.752269355256944,0.8443287037037037,0.32816095940510354,37.442129629629626,0.12099461743286673,24.909893536575215,52.52236564822859,707,8.717744425390636,48,0.9194197360732678,0.0,28.73987268518519,5163,-876.1727003399999,17.177810262378962,36.0,26.89532890630514,19.30747246863351,15.972222222222221,10.005974901564935,236,0.012948383,19861.701171875,0.08638882637023926,-45.51340074892397,5847.4520833262695,7060,-0.024247664195933827,0.08524305555555556,0.0003,25846.09123263889,0.2
17.999361178317617,14.347522568992064,5.338690805699559,0.8880152788710142,30.203703703703706,1223424,0.4612583595806137,9.013499160998622,14.02152510138454,0.8865740740740741,0.34280578269306466,37.917824074074076,0.13382755678464986,24.944647349328676,52.49363018728328,708,8.566392960440218,48,0.9277530765175774,0.0,28.226273148148145,5170,-877.6465587700001,18.616569893794136,36.0,26.980598106834304,19.333970871579304,17.59259259259259,10.450356519102513,236,0.0145644015,16877.564453125,0.029068589210510254,-45.50490117956091,6134.034587860107,7070,-0.02637023963034153,0.10758101851851852,0.0003,23483.43417787905,0.2
17.92347174995504,14.403370153092519,5.3072441687327405,0.8888948272125327,30.324074074074073,1225152,0.4563685415212074,9.02526785490334,13.852769815201633,0.8489583333333334,0.3440718740423246,37.773726851851855,0.12292636401513528,24.97897927386668,52.59835347402352,709,8.707477561887304,48,0.9241017545789644,0.0,28.653067129629658,5178,-881.4866359200001,18.672439032597907,36.0,27.01626340080196,19.360279550954193,17.47685185185185,10.481824710772647,236,0.011818052,16954.880859375,0.08079612255096436,-45.493859128598814,6474.059562852648,7080,-0.027735742243627706,0.08275462962962964,0.0003,21816.58220847801,0.2
18.010280988768837,14.181884014478584,5.30762838176317,0.8887823934478826,29.88888888888889,1226880,0.4644714858103428,9.036554463018337,14.11993097287246,0.8298611111111112,0.3428535012153549,37.95023148148148,0.12211887510324074,25.01397910129886,52.62146399670045,710,8.514643245998508,48,0.9175427148086415,0.0,28.009259259259263,5185,-885.0725609599999,18.398666788315914,36.0,27.01273959696053,19.386805253426115,17.47685185185185,10.429154392074159,236,0.015554671,19921.029296875,0.05080902576446533,-45.49932054590296,5961.072679307726,7090,-0.027191219887592728,0.11458333333333333,0.0003,23071.46550564236,0.2
17.901802984965787,13.972421077924855,5.129665767722179,0.8853460365312326,29.462962962962962,1228608,0.45370623618250694,9.048046965461243,13.78947757535046,0.8321759259259259,0.3355652540305208,37.71875,0.11799236343326447,25.04815279523724,52.505169089052806,711,8.597000977162415,48,0.9157539569657188,0.0,28.32031249999997,5193,-884.1312079499999,17.78352603898161,36.0,26.907199864916652,19.41305976088853,16.89814814814815,10.201439193334576,236,0.010673158,23157.935546875,0.07491439580917358,-45.50499387670446,6127.488486572548,7100,-0.026545385607621735,0.07609953703703703,0.0003,28310.418995949072,0.2
18.031226128715243,13.995417384365867,4.651155970401671,0.8890589828687371,29.462962962962962,1230336,0.46911364395812377,9.05882083132988,14.241387146666908,0.8767361111111112,0.3425094516640079,38.004629629629626,0.13316389471492734,25.08345626310391,52.59363422040926,712,8.309546347455035,48,0.9219045505115114,0.0,27.307581018518547,5200,-887.7479677999999,17.56050881420648,36.0,27.018340667019633,19.43963782621032,15.393518518518519,10.433935459438942,236,0.0129959965,21559.63671875,0.05546748638153076,-45.484453215422455,5968.120818639684,7110,-0.027908123946852156,0.08923611111111111,0.0003,22602.29291087963,0.2
17.91019325755337,14.071594725417496,4.770370298214554,0.8857417504778607,29.62037037037037,1232064,0.45316405619568745,9.070360638364212,13.760617848415635,0.8680555555555556,0.3443779680623602,37.739583333333336,0.12424204528829258,25.117557807724946,52.57996845624003,713,8.615922813732512,48,0.9246975808370149,0.0,28.34201388888896,5207,-886.86209354,17.806297480485217,36.0,26.917723438163154,19.465913309354203,15.74074074074074,10.484332456853165,236,0.012393761,6978.27880859375,0.08743327856063843,-45.45712555779351,6959.860990594934,7120,-0.02858129698024304,0.09079861111111111,0.0003,22368.348249421295,0.2
17.923487046029134,14.037953175745768,4.719616213659435,0.8866831276503525,29.546296296296294,1233792,0.45714362670860575,9.08172829840928,13.8931067569846,0.8541666666666666,0.34444374538194095,37.782986111111114,0.12927924813567035,25.151990574617408,52.6737018914937,714,8.54706401802687,48,0.9239584023420707,0.0,28.175636574074094,5215,-884.3793726199999,17.73482740695325,36.0,26.968315198383593,19.492222026969277,15.50925925925926,10.497258017548047,236,0.009525729,15712.1708984375,0.06171625852584839,-45.47315156724718,7069.13201457836,7130,-0.022217724762891453,0.05966435185185185,0.0003,16351.082255497686,0.2
17.936935244967216,13.97298561854745,4.635781709259939,0.8863171582750047,29.435185185185187,1235520,0.45537481435582783,9.093534540111442,13.842855608244557,0.8460648148148148,0.34119765844980643,37.80671296296296,0.12835553521190754,25.18629771363802,52.595405562090356,715,8.722496680864742,48,0.926146420089066,0.0,28.710937499999968,5222,-886.22785892,17.476248484614874,36.0,26.944397080873895,19.518564365081694,15.277777777777779,10.387481156807485,236,0.00865907,15240.0400390625,0.1541363000869751,-45.46489825778537,6805.4611967298715,7140,-0.01976438390987891,0.04363425925925926,0.0003,13482.507884837964,0.2
17.98359665904752,14.027227499730861,4.533083809664678,0.8911013621846672,29.546296296296294,1237248,0.46458556715849514,9.104341135079592,14.121841869350009,0.8715277777777778,0.34695293466013677,37.907986111111114,0.1280761148542338,25.221302318311395,52.70738650776959,716,8.322637987260121,48,0.9270176876949854,0.0,27.488425925925952,5229,-890.6963993100002,17.60000411365059,36.0,27.062456960981876,19.545023356729313,14.930555555555557,10.55969280425505,236,0.011533014,9165.658203125,0.08344215154647827,-45.49049758911133,6864.605860957393,7150,-0.023537630527452738,0.07268518518518519,0.0003,18015.28867006655,0.2
17.903478660937207,14.331559238880972,4.632619886299715,0.8865438741403057,30.194444444444443,1238976,0.4589738847454595,9.115738205326721,13.957893453775666,0.8628472222222222,0.3569911271953305,37.736111111111114,0.12633963466025191,25.255897051945833,52.63635838989719,717,8.558828098851837,48,0.9173998039633425,0.0,28.204571759259245,5237,-892.5807204800002,18.314070474506707,36.0,26.94503069589854,19.571282053381655,15.277777777777779,10.86989134932602,236,0.015297131,15614.7451171875,0.14535504579544067,-45.49889560275608,6429.387354660034,7160,-0.030726422416046263,0.11608796296296296,0.0003,19864.3220666956,0.2
17.878627935261772,14.62716572044098,4.798012501779333,0.8924130521454102,30.824074074074076,1240704,0.45485017439939496,9.126986215201086,13.819989969532225,0.8466435185185185,0.36492443970815475,37.68055555555556,0.123482852115816,25.290147026869665,52.61595953029834,718,8.499203949745526,48,0.9311188635608049,0.0,27.980324074074083,5244,-888.4254312699999,19.01182139715856,36.0,27.101282660025163,19.59747862321981,15.856481481481481,11.106643174938247,236,0.017476715,13951.5517578125,0.09196168184280396,-45.49426581771286,5625.49639704669,7170,-0.030106988312952495,0.13755787037037037,0.0003,23501.181593605324,0.2
17.98451661672624,14.640017825898193,4.826495603319782,0.8942948419393112,30.833333333333332,1242432,0.46390047540491103,9.137937004061628,14.089533305445814,0.8721064814814815,0.36253094369656824,37.90972222222222,0.1334799441250112,25.32507086013328,52.563867511898025,719,8.380315544217002,48,0.9305915925232875,0.0,27.589699074074094,5251,-891.8170177200002,18.994029809342653,36.0,27.16749978663344,19.623939914761625,15.972222222222223,11.047516380124678,236,0.0144834155,14617.86328125,0.05332338809967041,-45.517525312635634,7076.3974363538955,7180,-0.029706189170893696,0.10642361111111111,0.0003,24808.878439670138,0.2
18.005579643663772,14.933984889566098,4.762581688353389,0.8996074212176438,31.48148148148148,1244160,0.46648703394728164,9.148895245037142,14.162911183453573,0.8535879629629629,0.3741634790485464,37.941550925925924,0.12620994123470516,25.360178138091914,52.69541400742423,720,8.383296390205862,48,0.920470564519046,0.0,27.55353009259265,5259,-899.6298041200002,19.55024527246217,36.0,27.32148769537409,19.650453863870784,15.740740740740742,11.373678694542681,236,0.011396814,7487.63330078125,0.10141676664352417,-45.51457410741735,7616.432820920591,7190,-0.022928766413005414,0.0806712962962963,0.0003,15088.907103587962,0.2
18.02175494516788,14.197897555567613,4.626689377862988,0.8902629478744005,29.916666666666668,1245888,0.4653981602174093,9.159975992847196,14.152412783907984,0.8547453703703703,0.3510295447486358,37.979745370370374,0.1244969728442391,25.395259170051684,52.58775189451996,721,8.432299124021556,48,0.9171800492377136,0.0,27.806712962963022,5266,-902.0107280999998,17.98758719226944,36.0,27.04042633894291,19.677008251233705,15.277777777777777,10.68300025883884,236,0.015194948,11911.037109375,0.0619807243347168,-45.50818234196416,6549.32782804701,7200,-0.02535742798268243,0.11880787037037037,0.0003,20381.82437246817,0.2
17.929561714563125,13.78380371568508,4.584785086602821,0.8931197693415703,29.037037037037038,1247616,0.4640900665982831,9.170823518779796,14.11574486633978,0.8541666666666666,0.3373883259524895,37.77430555555556,0.12485166599740956,25.430248532217533,52.65622819794326,722,8.339010373040326,48,0.9261569071649851,0.0,27.47395833333335,5274,-901.9302425999999,17.117641825175383,36.0,27.13320307612229,19.703332155520112,15.162037037037038,10.26905302288748,236,0.011077795,11590.890625,0.0726117491722107,-45.510865147908525,5173.02149076815,7210,-0.021725907907993704,0.07737268518518518,0.0003,32615.74931278935,0.2
17.82649421110644,13.795676428103542,4.551441835696679,0.8867954302720729,29.083333333333332,1249344,0.45768628952486456,9.182166183157284,13.898219549387738,0.8368055555555556,0.33376187278031516,37.570023148148145,0.12214339985314943,25.464694081091004,52.52020563758535,723,8.537065750994751,48,0.915508838810299,0.0,28.132233796296365,5281,-897.51998643,16.973023974645834,36.0,26.926889187048356,19.729398391047877,15.046296296296296,10.145905710845613,236,0.012240588,17009.7890625,0.09346890449523926,-45.48802552399812,7474.999143586336,7220,-0.020743457703954644,0.0630787037037037,0.0003,19185.600596788194,0.2
17.870112965099704,13.741595087347463,4.3379048933953,0.8880194437323313,28.962962962962962,1251072,0.45752500324128625,9.193416050500954,13.913110290526385,0.8339120370370371,0.3330279835255362,37.657986111111114,0.12544194307782475,25.49917685681732,52.55890745448958,724,8.499946937467795,48,0.9254843193455108,0.0,28.0454282407408,5288,-895.97982393,16.69259380037768,36.0,26.961404547716725,19.755573673460624,14.351851851851853,10.133093819634917,236,0.012625623,22825.140625,0.058510661125183105,-45.48779261553729,5680.8165927180535,7230,-0.026534137296214424,0.09305555555555556,0.0003,23674.76736111111,0.2
17.844468989755516,13.602663309175881,4.3379048933953,0.8838690259512432,28.65740740740741,1252800,0.44912937487245513,9.204953704609746,13.637836518595314,0.8258101851851852,0.3281619802259537,37.604745370370374,0.1236059605936545,25.53297144811381,52.51162480378929,725,8.61506164351728,48,0.9234323065147136,0.0,28.3275462962963,5296,-894.23804929,16.41905494676081,36.0,26.840628691650423,19.781684845935015,14.351851851851853,9.998486744189625,236,0.009148144,18202.376953125,0.04668396711349487,-45.483818718239114,7197.728513689394,7240,-0.02178892498249533,0.05017361111111111,0.0003,24495.450126591437,0.2
17.850518419228,13.821620764178457,4.339435188963978,0.882383811413246,29.148148148148152,1254528,0.455778786530384,9.216400231362238,13.854218966698674,0.84375,0.33786773025193995,37.60069444444444,0.12636854007684611,25.567306995530554,52.4956193666521,726,8.578610700996972,48,0.9195331857225705,0.0,28.175636574074105,5303,-894.1364687199999,16.906043430650836,36.0,26.7884442652001,19.807811141983084,14.351851851851853,10.2649874775084,236,0.01011998,7863.7890625,0.05525857210159302,-45.480644098917644,6444.585555041278,7250,-0.024847065188266612,0.06342592592592593,0.0003,21896.019053819444,0.2
17.809029453555613,13.78485895938165,4.548918952327177,0.8890926064761381,29.083333333333332,1256256,0.45540857143193286,9.22746235614714,13.82656482847194,0.8744212962962963,0.3354369413832237,37.5318287037037,0.13261525098393412,25.601573407601734,52.60494558762108,727,8.424849913960392,48,0.9332834778027161,0.0,27.68373842592596,5311,-896.0213921800001,17.005723797232076,36.0,27.01295227725075,19.833833715616972,15.046296296296296,10.191945885523248,236,0.0201443,16895.587890625,0.10894441604614258,-45.46669704295971,5400.633115782561,7260,-0.026416340356485712,0.12476851851851851,0.0003,29050.06134982639,0.2
17.948400378599036,13.774264812255678,4.4435438087065355,0.8913226958247299,29.037037037037038,1257984,0.4520518650676805,9.239156540896204,13.735662933998483,0.8078703703703703,0.34311601871972514,37.804398148148145,0.12123546800737023,25.63561256493673,52.65576863116181,728,8.677673899625512,48,0.9152713154794325,0.0,28.530092592592556,5318,-897.819957,17.132051248422247,36.0,27.06795350393057,19.86020471656347,14.699074074074074,10.434242627460032,236,0.010335177,7260.220703125,0.08231991529464722,-45.46673218056008,7720.765140674733,7270,-0.023638379903234266,0.06076388888888889,0.0003,19245.410123697915,0.2
17.90486395228853,13.563708467621701,4.825533440772836,0.877493591791584,28.61111111111111,1259712,0.4570353051296323,9.250528809260668,13.886873734612756,0.8628472222222222,0.32900258646104646,37.742476851851855,0.13013820407964244,25.67002974927326,52.52964979392092,729,8.548907345785661,48,0.9232344116574713,0.0,28.14670138888887,5325,-900.8478144400002,16.869157818490415,36.0,26.655682873051536,19.886466876444192,15.972222222222223,9.999915910095877,236,0.012749139,13583.673828125,0.10932952165603638,-45.46604961819119,6175.369622463651,7280,-0.025776305199704235,0.07922453703703704,0.0003,20835.76544415509,0.2
17.844259407684202,13.553184553378955,4.998359579252061,0.8796536621163108,28.59259259259259,1261440,0.4556712216887889,9.261981395882838,13.82839519103774,0.8587962962962963,0.31911182392061094,37.60648148148148,0.12700958139798843,25.704300737250858,52.57216022949376,730,8.58103464886809,48,0.918391138095255,0.0,28.211805555555607,5332,-902.8007330899999,16.74024176878183,36.0,26.719646471533505,19.912577524963403,16.550925925925924,9.70869763615081,236,0.014450486,18819.3359375,0.11878663301467896,-45.480733475861726,6149.227395629883,7290,-0.024643426981789094,0.07951388888888888,0.0003,27141.563389756946,0.2
17.880994389133047,13.725064228406112,4.794957802640497,0.8752074290604126,28.925925925925927,1263168,0.4590560071962756,9.272857143613681,13.953954236959625,0.8692129629629629,0.32818693646614483,37.689236111111114,0.12978787797940047,25.738885622843256,52.448960200444255,731,8.350299092337346,48,0.9295449206130199,0.0,27.553530092592617,5340,-904.6920950900001,16.99169898344298,36.0,26.571334088214282,19.938780010936235,15.856481481481481,9.991676952396373,236,0.015768612,17514.572265625,0.0708380937576294,-45.48510294313784,5738.483007233232,7300,-0.02587298453371558,0.11116898148148148,0.0003,27029.423253038196,0.2
17.91258731259053,13.888844662283581,5.014934454935411,0.8720450457677061,29.259259259259256,1264896,0.46350193868473033,9.28358113700149,14.085987159108976,0.8501157407407407,0.3263698143590417,37.741898148148145,0.12370214556264547,25.77380059074103,52.47396814344639,732,8.289597355123055,48,0.9181798544819583,0.0,27.31481481481478,5347,-907.3588279199998,17.325837055983726,36.0,26.47806332354507,19.96506147921771,16.550925925925924,9.942057938764735,236,0.011435143,17410.236328125,0.11062318086624146,-45.50061477378563,7053.769056532118,7310,-0.02440716016313268,0.0697337962962963,0.0003,24024.857957175926,0.2
17.853058325264517,14.064529481760323,4.858368204565843,0.8730769804924422,29.638888888888886,1266624,0.46202755622052116,9.294306467987848,14.043359522992008,0.8396990740740741,0.3308399264307356,37.629050925925924,0.12025439518319014,25.80860898954851,52.43435310519911,733,8.290132394543958,48,0.9140598860364413,0.0,27.31481481481483,5354,-909.4797734099999,17.483034342813983,36.0,26.5233820809087,19.99119412503087,16.087962962962965,10.080136656487818,236,0.013608782,18300.353515625,0.07686758041381836,-45.49741350809733,6610.494704945882,7320,-0.02593103177431557,0.08865740740740741,0.0003,22104.258306206597,0.2
17.85170251356304,14.211389785666853,5.224801613476596,0.8736341900709825,29.962962962962962,1268352,0.45548541038441726,9.305332574727975,13.855016219089308,0.8084490740740741,0.335998936589242,37.614583333333336,0.1150698382366488,25.842946530096235,52.46324623874807,734,8.410442696051197,48,0.9190287759337997,0.0,27.705439814814902,5361,-907.09557561,18.139579899828824,36.0,26.538267420772204,20.017323381314778,17.24537037037037,10.223388500685374,236,0.010919703,15410.2333984375,0.08746868371963501,-45.481763189810295,5771.459744700679,7330,-0.02572095434146899,0.07390046296296296,0.0003,28485.34249855324,0.2
17.883239761463987,14.672372728683884,4.486709363211243,0.876505694658451,30.925925925925924,1270080,0.4601308170440286,9.316357344368681,13.993203570260915,0.8570601851851852,0.360663871252622,37.685763888888886,0.12419617170402573,25.877629539021886,52.497748872843154,735,8.409907856282343,48,0.9278471328731436,0.0,27.756076388888967,5369,-909.0530773599999,18.60989884309607,36.0,26.624085278161118,20.04353148071844,14.814814814814815,10.97081675120094,236,0.014433078,12136.1943359375,0.11176878213882446,-45.48361091613769,6612.875602764553,7340,-0.02841113552502874,0.09947916666666666,0.0003,24454.896831597223,0.2
17.91165086780691,14.563068303505347,4.877461073220668,0.8743734994306188,30.694444444444446,1271808,0.4566124339065118,9.32699830660436,13.855758787262372,0.8356481481481481,0.3477611933663305,37.74710648148148,0.11934271242804352,25.911968935990043,52.46328975627537,736,8.256384894271534,48,0.9204387503692544,0.0,27.177372685185226,5376,-910.8635559300002,18.49558482860086,36.0,26.563485580393138,20.069810607887955,16.087962962962962,10.575055451874848,236,0.009611831,17324.74609375,0.112734854221344,-45.47919700057418,7490.604247086137,7350,-0.024384198991443822,0.06197916666666667,0.0003,19762.014409722222,0.2
17.970525588903275,14.556778361335423,5.335430179935652,0.8738918879902124,30.65740740740741,1273536,0.4628296828567745,9.33849342101379,14.066901268410028,0.8275462962962963,0.3421466398853872,37.86863425925926,0.12098419656994178,25.94683618916107,52.50812838342686,737,8.598045763772644,48,0.9158027999474725,0.0,28.31307870370367,5383,-914.70053127,18.796358472669912,36.0,26.54853686917143,20.096236921860214,17.59259259259259,10.424149931398837,236,0.011964089,19625.357421875,0.03023606538772583,-45.474778182418255,7440.472697137903,7360,-0.024894754412687486,0.08153935185185185,0.0003,24731.634452763312,0.2
18.00773083696941,14.78605602594425,5.181630763733923,0.8743740913774455,31.175925925925927,1275264,0.47256591418876925,9.349200538982341,14.374484781727382,0.8478009259259259,0.3497566404414781,37.95081018518518,0.12274509908972828,25.982472401115388,52.45583166039615,738,8.282847187420389,48,0.9277587551542987,0.0,27.32928240740742,5390,-924.2176500799999,19.084370003710834,36.0,26.56011957769263,20.122756248952637,17.12962962962963,10.63668321403266,236,0.010520684,9800.68359375,0.06200343370437622,-45.49055324130588,5926.333966290509,7370,-0.02310805373514692,0.06736111111111111,0.0003,28556.799913194445,0.2
17.96541582414133,14.912652690614607,5.969945721327329,0.8759559348243332,31.416666666666668,1276992,0.4676254341401189,9.360324568222236,14.204877114545653,0.8321759259259259,0.34542290987176577,37.86863425925926,0.12066505332937902,26.017684593901752,52.506031903605894,739,8.449611695958152,48,0.9200615621467259,0.0,27.821180555555518,5398,-928.2924288400001,19.868502491536468,36.0,26.600084173719978,20.14916978851299,19.675925925925924,10.50590407959453,236,0.011178143,12824.90234375,0.09093981981277466,-45.48862883956344,8208.633620481138,7380,-0.024256094246757804,0.08292824074074075,0.0003,17589.906640625,0.2
18.00490222837254,15.098935411372409,5.775906709754018,0.877090723853743,31.814814814814813,1278720,0.4659121942066222,9.371445855026792,14.156981735642448,0.8321759259259259,0.3596356092506612,37.947916666666664,0.1203841815534921,26.05277704824086,52.51766595532889,740,8.448514721822399,48,0.917458920629973,0.0,27.813946759259256,5405,-926.6920457899998,20.30616041038741,36.0,26.64336812334918,20.17568204408392,19.097222222222218,10.951318289260982,236,0.012666221,17183.177734375,0.055543720722198486,-45.467842709576644,6764.19633273372,7390,-0.02869886488619226,0.08478009259259259,0.0003,26122.101421440973,0.2
17.95115946994836,15.005086620989475,5.309097341032082,0.8775494414139668,31.62962962962963,1280448,0.45885337645619045,9.382876657874835,13.955160050443462,0.8356481481481481,0.35761745510911586,37.84085648148148,0.12054659470493512,26.087364948366968,52.46822927245648,741,8.572321139217197,48,0.9152825328348428,0.0,28.276909722222253,5412,-925.4548526699998,19.668983508729507,36.0,26.65131224198223,20.20205994275879,17.59259259259259,10.87479954670795,236,0.009037981,16735.2109375,0.08154815435409546,-45.46351126211661,6341.946915774875,7400,-0.022386349845436162,0.0515625,0.0003,24533.942397280094,0.2
17.987160582807185,15.07269110803719,5.086537381979571,0.8805515974925294,31.76851851851852,1282176,0.45639626397352134,9.39460749901459,13.866736700100278,0.8055555555555556,0.36260074616027055,37.88194444444444,0.11805151639523508,26.12173179011722,52.510851515043896,742,8.69233645590205,48,0.9182002712734351,0.0,28.595196759259174,5419,-922.6553574699999,19.658807161266417,36.0,26.738080179378514,20.228527844215808,16.78240740740741,11.019578671249652,236,0.012854127,17907.55078125,0.07822799682617188,-45.461910798814564,6043.238747773347,7410,-0.02825838837220713,0.08547453703703704,0.0003,28244.859617332175,0.2
17.941724910284584,15.011202328582646,4.9557378570443325,0.8787279253303238,31.638888888888886,1283904,0.46473067664535106,9.40527308128026,14.1212754023924,0.8483796296296297,0.3539069636869067,37.80671296296296,0.12394495028825787,26.156734978623202,52.50498155632519,743,8.266232906268261,48,0.9228480403690926,0.0,27.307581018518547,5426,-924.8990084500001,19.207480936137273,36.0,26.69755308568641,20.25488215649152,16.319444444444446,10.760540750510293,236,0.009705758,15551.13671875,0.09089034795761108,-45.45202985692907,7419.374501122369,7420,-0.021145302524652194,0.06001157407407407,0.0003,23511.058217592592,0.2
17.99328485197125,15.20264411261236,5.090012901013058,0.8839915152761358,32.0462962962963,1285632,0.46657051487597734,9.416304336871965,14.182317862822238,0.8454861111111112,0.3602970280405758,37.91956018518518,0.12449527581528022,26.191890773280257,52.51235847707266,744,8.412502236682139,48,0.9211177856889814,0.0,27.741608796296365,5434,-929.80515395,19.72663932738993,36.0,26.843132294131664,20.281365368621447,16.782407407407405,10.953982313764511,236,0.01564601,7031.73583984375,0.05258595943450928,-45.46031005294235,6898.260102561668,7430,-0.02741162581541748,0.12378472222222223,0.0003,21914.41025390625,0.2
18.070870717744974,15.356774205300143,4.962984806003571,0.884507491411092,32.351851851851855,1287360,0.4699653597341073,9.427906496328916,14.292233415522148,0.8431712962962963,0.3681519022798801,38.08738425925926,0.12369336340251152,26.22732135681906,52.545144698269574,745,8.640863782780544,48,0.9191624331814666,0.0,28.501157407407412,5441,-936.7730169900001,20.001386906947197,36.0,26.863652043335374,20.30804254541581,16.319444444444443,11.201627895643483,236,0.014813648,11213.52734375,0.06609272956848145,-45.4821583783185,7113.280687657109,7440,-0.028106030004305973,0.11996527777777778,0.0003,23698.80654658565,0.2
18.052047031121443,15.364149354297972,4.826486790962819,0.8795398880360829,32.370370370370374,1289088,0.47169798324922185,9.439348494643966,14.319940588096054,0.8582175925925926,0.3668045025124203,38.046875,0.12168523656037418,26.262821208289303,52.45135214606433,746,8.57679932601996,48,0.927319971816165,0.0,28.175636574074062,5448,-941.1882087399999,19.826774656237568,36.0,26.699627678767744,20.33467266299361,15.856481481481481,11.156138510976774,236,0.014802443,14510.232421875,0.09620505571365356,-45.48720177544488,6040.112926341869,7450,-0.02973634553210879,0.12112268518518518,0.0003,27742.78894314236,0.2
18.097951170891225,15.290445446495825,5.594212566527666,0.8785701910781097,32.18518518518518,1290816,0.46415673324393447,9.450742218428728,14.114486909736968,0.8252314814814815,0.3544521613031623,38.13136574074074,0.1200173760436335,26.297807425563644,52.479367326158126,747,8.557489513904846,48,0.9227703040002413,0.0,28.21903935185188,5455,-939.4262300499998,20.158820435503774,36.0,26.67037249937952,20.36141754092084,18.402777777777775,10.794162422480282,236,0.013943968,19134.12890625,0.07556408643722534,-45.48491366351092,7048.385355009856,7460,-0.02936736583813197,0.11354166666666667,0.0003,32199.49507378472,0.2
18.07871036457229,15.39309341926104,4.928810086142286,0.8802240862873907,32.40740740740741,1292544,0.4607782048629166,9.462178271191668,14.001290578204035,0.8524305555555556,0.3671647893666612,38.0931712962963,0.11922261899587787,26.332510652009155,52.47675353859958,748,8.574421105176178,48,0.9306877657331364,0.0,28.211805555555568,5462,-936.9639461500001,19.978785516224892,36.0,26.737371251340658,20.388114316832272,16.203703703703706,11.176882010821565,236,0.009416129,15418.880859375,0.13333916664123535,-45.48624066953306,7126.365491683395,7470,-0.02204585574325864,0.05590277777777778,0.0003,17648.615733506944,0.2
18.040145364084886,15.548549081964126,5.055069750531916,0.8796941463319558,32.72222222222222,1294272,0.4608966491561837,9.473409684042808,14.002315928787178,0.8414351851851852,0.3643622114775135,38.016782407407405,0.1231094766909274,26.367216441831122,52.4727877501579,749,8.492565140455937,48,0.9273277348116359,0.0,27.98032407407415,5469,-934.45555226,20.18680216815899,36.0,26.724548251535925,20.414714680242483,16.666666666666668,11.103183335662948,236,0.01381436,14373.3076171875,0.05824422836303711,-45.494479469016746,7409.324703117653,7480,-0.02884497551109504,0.10121527777777778,0.0003,22390.01792896412,0.2
18.014151151751573,15.529765799059993,5.1609877187767355,0.8810735072199386,32.71296296296296,1296000,0.4626981168150049,9.484117871287067,14.068144698654962,0.8321759259259259,0.36244811168683616,37.984375,0.11993463250255794,26.40208680357776,52.43848452399785,750,8.283274897703356,48,0.9245780643406661,0.0,27.300347222222246,5477,-935.3848414299999,20.20314468509654,36.0,26.762226332216116,20.441250058121863,17.01388888888889,11.032391167259812,236,0.008106767,13939.01953125,0.11021244525909424,-45.48720926355433,7783.186916323061,7490,-0.021465578292393022,0.05243055555555556,0.0003,19458.788364438657,0.2
18.068068232863244,15.742180422114894,5.522817943203518,0.8799127865088723,33.157407407407405,1297728,0.4614339185075995,9.495534702459352,14.014701723356621,0.8559027777777778,0.36135280613994075,38.092013888888886,0.12385176092893081,26.43682355788615,52.41163935392334,751,8.566732468913896,48,0.9290459188100195,0.0,28.182870370370416,5484,-937.2760155199999,20.740386016743248,36.0,26.73414758601709,20.46792022870402,18.171296296296294,10.995387651424837,236,0.011483003,14133.396484375,0.11823093891143799,-45.46993997361925,6855.8551091512045,7500,-0.022680821763006627,0.08055555555555556,0.0003,22255.802983940972,0.2
18.020636070092316,15.585389611719947,5.538717218324945,0.8810804496040902,32.84259259259259,1299456,0.45958378198794914,9.506961433650664,13.965035859224917,0.8674768518518519,0.3599188298288141,37.991898148148145,0.12460908477224618,26.471436147534213,52.424987376835645,752,8.570692476524647,48,0.9246741765090457,0.0,28.262442129629623,5491,-939.0294177599998,20.54528035527968,36.0,26.76767246553618,20.49447181887925,18.171296296296294,10.941173525234788,236,0.010859464,11357.2314453125,0.1081773042678833,-45.48207184120461,7681.811222019902,7510,-0.02900099780893436,0.0777199074074074,0.0003,26067.33950737847,0.2
18.06902917163693,15.728058369176312,5.228744743820727,0.8831240399519743,33.129629629629626,1301184,0.4567478572454443,9.518208666818149,13.8973758502245,0.8373842592592593,0.36733029375681897,38.08101851851852,0.11747787077040282,26.505879587159775,52.50313630475397,753,8.49889326699379,48,0.9178078234272362,0.0,28.074363425925995,5498,-937.26900878,20.6242111675074,36.0,26.83038445488664,20.521144391808345,17.24537037037037,11.187408054510362,236,0.011978114,23613.818359375,0.07837587594985962,-45.488201720626265,7042.515466449879,7520,-0.02473104557160426,0.08177083333333333,0.0003,24823.89130859375,0.2
18.058532522526807,15.8230170607099,5.114798106853908,0.8822229688784452,33.34259259259259,1302912,0.46138248226414225,9.529626285396528,14.015632513119499,0.8408564814814815,0.3689977071980676,38.060763888888886,0.11980356371328453,26.540618668442573,52.46918265029882,754,8.567047431351474,48,0.923671497466131,0.0,28.240740740740765,5505,-940.0613378300001,20.64357445576921,36.0,26.785718704187058,20.547790723114662,16.89814814814815,11.225759288205401,236,0.011266793,17766.197265625,0.05619174242019653,-45.486529993127895,7801.228861293086,7530,-0.027159713255241514,0.07777777777777778,0.0003,29600.281394675927,0.2
17.927634550989193,15.59617510260622,4.940693607262199,0.881122262891182,32.851851851851855,1304640,0.4546076215562296,9.541480805464111,13.785291213043406,0.8605324074074074,0.36851576218624,37.79976851851852,0.12177381016251938,26.57478189647518,52.48824248572192,755,8.741808027033068,48,0.9245566001973744,0.0,28.718171296296262,5513,-940.8352246899999,20.23941523566974,36.0,26.762384431601447,20.574109809492136,16.319444444444446,11.22254652580132,236,0.012420811,15569.1162109375,0.05927002429962158,-45.46288542570891,7308.308134460449,7540,-0.02934792290734886,0.0884837962962963,0.0003,23691.150121166087,0.2
17.96021335171499,15.197221384648572,5.196741595228898,0.8787437806404577,32.02777777777778,1306368,0.46169944286305453,9.552618702961134,14.029162490861568,0.8449074074074074,0.3545008500067437,37.851273148148145,0.11831273528795215,26.609554802702334,52.475075130426355,756,8.455158998808791,48,0.9215038938563472,0.0,27.864583333333325,5520,-940.33773841,19.661446359978306,36.0,26.689100403620017,20.600510342871424,17.12962962962963,10.787483380100838,236,0.012603867,17910.611328125,0.10217130184173584,-45.47408335650409,6349.46911438836,7550,-0.023762090159235177,0.09722222222222222,0.0003,26101.08101851852,0.2
18.056422430953685,15.188071028010924,5.123238092436076,0.8752143882021143,31.990740740740744,1308096,0.46470121873475584,9.563845976389985,14.109227762377381,0.8402777777777778,0.35556784379922063,38.050925925925924,0.11856933581599725,26.644527872108277,52.371984089053,757,8.49090937154057,48,0.9263403312899692,0.0,27.98032407407407,5527,-945.8034558499999,19.614548659181146,36.0,26.584875075168583,20.627151398948808,16.89814814814815,10.823239538734148,236,0.01202966,27049.177734375,0.08940047025680542,-45.491320829038266,7632.407587715432,7560,-0.025563485578944285,0.07841435185185185,0.0003,27833.250245949075,0.2
18.0922432032688,15.002978249131667,5.156461090129783,0.8755100855304905,31.62037037037037,1309824,0.46244062536204733,9.575094462464767,14.059758305306554,0.8165509259259259,0.3478118725280101,38.120370370370374,0.11502491312849475,26.679377267871544,52.36644689860655,758,8.49939442991286,48,0.9124811158681904,0.0,28.01649305555556,5535,-949.7461856799997,19.219331682484604,36.0,26.589816315269726,20.65388200695698,17.01388888888889,10.579892343223154,236,0.011259783,16561.349609375,0.07299166917800903,-45.4900671782317,7109.872442485668,7570,-0.022484141922797317,0.06556712962962963,0.0003,23906.717961516202,0.2
18.114329206967586,14.937941269771846,5.311398764191421,0.8710875789503065,31.472222222222218,1311552,0.46342086694679796,9.587066290359264,14.069437186491632,0.8379629629629629,0.3409654091752801,38.182291666666664,0.12028914989489814,26.714250860837772,52.18733225496559,759,8.78873115779882,48,0.9213232196282695,0.0,28.935185185185194,5542,-952.2017888,19.097928822142197,36.0,26.452480391440677,20.6806678299744,17.47685185185185,10.368588788178931,236,0.016335087,18040.556640625,0.12331902980804443,-45.49050315574363,5641.114288231179,7580,-0.028192867395571537,0.12037037037037036,0.0003,30840.505128761575,0.2
18.02787471941981,15.128925957072099,5.382191308309493,0.8731305203286536,31.87962962962963,1313280,0.4514179008015222,9.598982271025317,13.729982154060915,0.8645833333333334,0.3476787894861377,37.989583333333336,0.12251059120112444,26.748275816222925,52.2331213147333,760,8.766392266421285,48,0.9218896044339827,0.0,28.870081018518476,5549,-948.4291826200001,19.56089606321833,36.0,26.51922083549165,20.70723751677295,17.708333333333332,10.569778797836738,236,0.008250082,19460.8828125,0.10648119449615479,-45.51193874500416,7753.972246155916,7590,-0.019437090757613382,0.03993055555555555,0.0003,24972.231958912038,0.2
18.1683534630528,15.476939867324143,5.625537409153563,0.8714323855998073,32.583333333333336,1315008,0.46578831310043284,9.61048616298755,14.135531790746796,0.8454861111111112,0.35187503814842747,38.30034722222222,0.12384787911671842,26.783314645699793,52.225880211146404,761,8.601556784893393,48,0.9246685612955174,0.0,28.269675925926,5557,-952.1282291199999,20.29205497480363,36.0,26.475090484549565,20.73415840043058,18.51851851851852,10.709577698325925,236,0.015424575,26401.4609375,0.05739623308181763,-45.52523916739005,5565.398735978868,7600,-0.027581868318978835,0.1109375,0.0003,33913.79854962384,0.2
18.171492661719856,15.541746616261042,5.601670921632876,0.8727966045819816,32.74074074074074,1316736,0.4699028249449344,9.621497392502084,14.284315623388116,0.8396990740740741,0.35252063526104926,38.295138888888886,0.12035150054005395,26.818725434758264,52.18915536590879,762,8.404491805813402,48,0.9274686108002113,0.0,27.698206018518494,5564,-960.1682886400002,20.34325575180435,36.0,26.516640548882787,20.761087132084878,18.402777777777775,10.71983821391043,236,0.010483537,22776.328125,0.1278618574142456,-45.53642247517904,7530.061615145648,7610,-0.02388898050153835,0.07065972222222222,0.0003,38273.30622106481,0.2
18.099989463971543,15.493110750822927,5.667263177251141,0.8760105685043641,32.629629629629626,1318464,0.4611546344251049,9.633053920739306,14.016620539235268,0.8587962962962963,0.3553546678374828,38.148148148148145,0.1213321786943809,26.85346698610635,52.30863232959168,763,8.622611294888356,48,0.9268102034270121,0.0,28.41435185185187,5571,-959.6034562399999,20.448918897373574,36.0,26.60827542259173,20.787837105744806,18.634259259259256,10.808544969299504,236,0.008053505,15576.2158203125,0.0840601921081543,-45.5401560748065,8668.16808279532,7620,-0.0199038523559769,0.041087962962962965,0.0003,17661.763776765045,0.2
18.110910490498018,15.492804243647504,5.833109427937852,0.8790882392114469,32.63888888888889,1320192,0.4656794656435609,9.644297241365061,14.144250153341885,0.8512731481481481,0.35701091385150435,38.170138888888886,0.1172525289122221,26.888527611489707,52.375140554327295,764,8.497328250301965,48,0.9232406793448553,0.0,27.9296875,5579,-957.8982342,20.658561110249256,36.0,26.698738679534177,20.81461438197105,19.212962962962962,10.8526474386639,236,0.00925553,21059.8359375,0.0963902473449707,-45.55022571705006,7760.209570255986,7630,-0.020710876984176813,0.054108796296296294,0.0003,22261.441786024305,0.2
18.057274191368926,15.216729610041094,6.0897764998788055,0.8726904833726237,32.074074074074076,1321920,0.4545141236547112,9.655893204524627,13.815154441454522,0.8622685185185185,0.3411024744590884,38.03993055555556,0.12560938128218016,26.922765497593343,52.269377527853464,765,8.638385263826189,48,0.9260391130395185,0.0,28.457754629629683,5586,-955.44145207,20.15381636709265,36.0,26.511138865461135,20.841257567449475,20.13888888888889,10.367310257172749,236,0.009539328,10429.9853515625,0.0859140157699585,-45.55411980240433,7052.527825108281,7640,-0.022889334820555867,0.05561342592592593,0.0003,27861.33708405671,0.2
18.09743530181516,15.105618508037763,6.078743976352043,0.8746165525853828,31.85185185185185,1323648,0.46173176300669205,9.667395811042768,14.012988056066801,0.8194444444444444,0.3390294672142941,38.151041666666664,0.1140941129557912,26.95749796773351,52.30210743060707,766,8.601042607256533,48,0.9166620750325656,0.0,28.327546296296283,5593,-954.9262521500001,19.959369396639254,36.0,26.569350083666635,20.86800115570401,20.02314814814815,10.295006912249448,236,0.009382022,7684.18896484375,0.044966042041778564,-45.5629072966399,8501.3815190068,7650,-0.02264230047283625,0.05011574074074074,0.0003,21197.02517361111,0.2
18.061844607616173,15.591270343260016,5.83574915205626,0.8779063208478087,32.879629629629626,1325376,0.46647521578074563,9.678564108680133,14.174575835556626,0.8188657407407407,0.3569223806921014,38.070601851851855,0.11760136034016323,26.992634407322402,52.30637529304562,767,8.467319054945804,48,0.9247165915287044,0.0,27.86458333333338,5600,-961.5499489299999,20.75010423458737,36.0,26.674389525435476,20.89465576722305,19.328703703703702,10.843084739271092,236,0.01146229,13488.9794921875,0.08985161781311035,-45.58840907061541,7876.614542558458,7660,-0.024959285307192693,0.07175925925925926,0.0003,23260.733351417824,0.2
18.110600392910772,15.557197794714716,6.069867342755317,0.8720071740664723,32.78703703703704,1327104,0.4652256066256934,9.690364414554114,14.127096354014597,0.8402777777777778,0.3501041050972222,38.15856481481482,0.11967954577539472,27.027652148207437,52.222448401648194,768,8.720122349592655,48,0.9273098452234966,0.0,28.710937500000053,5608,-965.2279170200001,20.74238026920295,36.0,26.4836796525465,20.921432268205326,20.02314814814815,10.635315131732918,236,0.009655561,21403.880859375,0.08561050891876221,-45.590330067387335,8157.072749752469,7670,-0.021570525623651013,0.05949074074074074,0.0003,23770.57976345486,0.2
18.070526650992015,15.65253179240221,5.917977318038116,0.8832872400030253,32.99074074074074,1328832,0.4660220898906858,9.701699880274676,14.166472625280917,0.8576388888888888,0.3585829769776325,38.08449074074074,0.12339586341062268,27.06276832977064,52.534732056406845,769,8.53418628822492,48,0.9280250082991008,0.0,28.132233796296262,5615,-966.0552306599999,20.944103822522315,36.0,26.838796601307973,20.948108584832806,19.560185185185187,10.89359471208199,236,0.010123695,15124.4443359375,0.061408936977386475,-45.583533138699,7776.401010160093,7680,-0.02429310147029658,0.07013888888888889,0.0003,24303.236626519098,0.2
18.110592539501198,15.584287669631008,6.104855422271361,0.8785052733834656,32.84259259259259,1330560,0.4739954598196898,9.712832900628513,14.393403226175467,0.8501157407407407,0.35395955904151694,38.167245370370374,0.1240713947817663,27.09845183783608,52.42137448624613,770,8.45320814153496,48,0.9267129485781926,0.0,27.850115740740733,5622,-970.8569830199999,20.920551810293766,36.0,26.700743365441237,20.97488506618156,20.13888888888889,10.751408718391396,236,0.010167617,25010.912109375,0.0524296760559082,-45.577916364316586,7047.924671257867,7690,-0.023383966679857284,0.06383101851851852,0.0003,30191.84097583912,0.2
18.180342669968166,15.65214613734168,5.893254930710687,0.882185994041468,32.99074074074074,1332288,0.4713438560841862,9.72426416804457,14.346109728897034,0.8709490740740741,0.3591693810529133,38.310763888888886,0.1265699228244057,27.134017112158322,52.47932426011881,771,8.572506966422965,48,0.9287637234285269,0.0,28.320312500000068,5630,-976.6594252699999,20.929126464974427,36.0,26.80906443605204,21.00183592285648,19.444444444444443,10.903725396922061,236,0.011184931,20050.76953125,0.10550373792648315,-45.581845672042284,7589.764482229727,7700,-0.024160716627483016,0.06927083333333334,0.0003,24496.211313657408,0.2
18.083007423004506,15.651986210985527,5.88982996852005,0.8806238431594648,32.96296296296296,1334016,0.4744222033096644,9.735661195358535,14.427044995453771,0.8703703703703703,0.35946545369514893,38.10069444444444,0.12284312954340502,27.169784724646956,52.453176946839164,772,8.558810925586325,48,0.9311782669800679,0.0,28.22627314814819,5637,-977.79774453,20.95666240459076,36.0,26.754608358373776,21.02854344141399,19.444444444444443,10.934846225085181,236,0.01003347,12711.1328125,0.07017481327056885,-45.59303984465422,7294.116612384937,7710,-0.02190441543115648,0.05648148148148148,0.0003,28426.057074652777,0.2
18.096945781685523,15.396694945819467,5.828043416814018,0.88159996764805,32.425925925925924,1335744,0.4690356353721074,9.747306128634062,14.23173755712827,0.828125,0.35805323567034114,38.13078703703704,0.12112870263272303,27.205064068539777,52.43094987077265,773,8.657973310210897,48,0.9305899594683201,0.0,28.46498842592593,5644,-977.4289061700001,20.595158078363227,36.0,26.792620399052023,21.055285805868206,19.212962962962962,10.890419715729742,236,0.008959363,17649.29296875,0.04987823963165283,-45.57619329381872,7850.012955050998,7720,-0.022717778227740414,0.05040509259259259,0.0003,27698.372569444444,0.2
18.07522619555728,15.377427683261246,5.762285091457861,0.8806656113809037,32.379629629629626,1337472,0.46708284363404245,9.759205067984047,14.187692705956033,0.8165509259259259,0.35766957253819753,38.08159722222222,0.117781273726995,27.240233300304666,52.50648823225033,774,8.75957573999422,48,0.9212441575441565,0.0,28.812210648148167,5651,-976.9564355199999,20.492226418553535,36.0,26.739619241366725,21.0819738713571,18.981481481481485,10.872513643834429,236,0.0100393975,16324.044921875,0.07346242666244507,-45.563202667236325,8384.66836194639,7730,-0.023460627849110297,0.05648148148148148,0.0003,21114.589360894097,0.2
18.196521227207665,15.563014266359,6.084967324057583,0.8782620853936053,32.77777777777778,1339200,0.4767384416847387,9.77011423524611,14.498781688566652,0.8339120370370371,0.366320214106914,38.33159722222222,0.1212979921233721,27.276180254526082,52.444733114178234,775,8.363666904825305,48,0.9264792234446586,0.0,27.596932870370434,5659,-980.9247787399997,21.253545386736043,36.0,26.669558236947534,21.10896517442512,20.02314814814815,11.125563796319462,236,0.011175086,11913.794921875,0.06258189678192139,-45.57531447233977,8584.630181630453,7740,-0.026694651537885267,0.08142361111111111,0.0003,22503.51965060764,0.2
18.082448491418575,15.413778171858553,5.884988047492011,0.8808299987014482,32.46296296296296,1340928,0.4648779601254032,9.782190277653571,14.130569088151438,0.8414351851851852,0.36608660517658187,38.10706018518518,0.12283442441806527,27.31120667724646,52.48779678558072,776,8.830416962984197,48,0.9276475269285542,0.0,29.13049768518522,5666,-981.5500302800001,20.8891482973141,36.0,26.737038855300558,21.135671295653665,19.328703703703702,11.110382077963534,236,0.009575701,9193.2080078125,0.10260683298110962,-45.56506644354926,8416.369954709653,7750,-0.02078244923096564,0.06446759259259259,0.0003,20196.747580295138,0.2
18.09799606288175,15.341868953037112,6.23091237708945,0.8792142972781894,32.30555555555556,1342656,0.47142442727657147,9.79372074972947,14.33988297913745,0.8559027777777778,0.3589235209968878,38.13136574074074,0.12501577812791453,27.346756384694302,52.49207075173829,777,8.612188830359344,48,0.9183233215141321,0.0,28.39988425925935,5673,-980.3386559,20.96422000606739,36.0,26.697355395985706,21.16241628581087,20.486111111111114,10.911438675940827,236,0.0078723645,29229.41796875,0.10834598541259766,-45.57646208869086,8194.376869314689,7760,-0.02304588709095562,0.042650462962962966,0.0003,27116.387991898147,0.2
18.051157546572124,14.915005731873,5.690244524048647,0.8807006100098329,31.407407407407405,1344384,0.4695715466056799,9.80527956130269,14.284709470418703,0.8425925925925926,0.35983254812299487,38.026620370370374,0.12402864149441906,27.382168158370348,52.558509553004136,778,8.623524629288282,48,0.9312940918601447,0.0,28.392650462963008,5681,-982.2584380499998,20.009050494804445,36.0,26.74948178871507,21.1890441796773,18.63425925925926,10.923800238882796,236,0.013414045,24311.888671875,0.08584511280059814,-45.569570513124816,7183.535541280111,7770,-0.028443013795617002,0.10144675925925926,0.0003,28837.262044270832,0.2
17.983172137841926,14.441513446590141,5.637839096646208,0.8800705582219169,30.416666666666668,1346112,0.46417087659568196,9.816613388422923,14.087154284944868,0.8634259259259259,0.336974819244888,37.888888888888886,0.12578920742344354,27.41708604408271,52.487697030999925,779,8.533530848092617,48,0.9220651670523308,0.0,28.067129629629623,5688,-978.51006719,18.803927316309878,36.0,26.708802353471764,21.215502110021905,18.518518518518515,10.244574773073529,236,0.0069450913,13895.2509765625,0.04492485523223877,-45.55744619016294,9553.991218114783,7780,-0.021505689427808478,0.04542824074074074,0.0003,30873.240494791666,0.2
17.980409741867607,14.383469617121966,5.556271101002822,0.8806286641307421,30.324074074074076,1347840,0.4677770848043988,9.828143023215675,14.20951423829802,0.8379629629629629,0.3381753442913468,37.88773148148148,0.12130892927514307,27.452309829678452,52.53296189694839,780,8.611853917101033,48,0.9190507795748754,0.0,28.363715277777803,5695,-977.5200419900002,18.68905459927578,36.0,26.731413132723493,21.241953134376573,18.287037037037035,10.269313881150993,236,0.01126032,19855.41015625,0.0863540768623352,-45.5522408803304,7458.133088274355,7790,-0.023033965123748338,0.06163194444444445,0.0003,25886.231640625,0.2
17.905809795649443,14.24214422285849,5.609521647635755,0.8780590243465757,30.01851851851852,1349568,0.45895237410610257,9.839634421978815,13.93686718145799,0.859375,0.33071048788938967,37.735532407407405,0.12749638790947734,27.486851997632098,52.4475101345841,781,8.59655950525548,48,0.9253934222057412,0.0,28.30584490740749,5703,-976.1313547700001,18.367190943677876,36.0,26.66036576073458,21.268217658865698,18.402777777777775,10.03552507318363,236,0.008089808,21104.607421875,0.03957974910736084,-45.546829788773145,7953.667281143754,7800,-0.020213743049168478,0.038425925925925926,0.0003,35735.37905815972,0.2
18.01871643634301,13.745653416529828,5.48083897526899,0.8716754005970193,28.972222222222225,1351296,0.47045823950993887,9.851276500768211,14.29036629100495,0.8478009259259259,0.310616975301556,37.979745370370374,0.12429678450752368,27.52227791335961,52.32897900240855,782,8.656831515758805,48,0.9157894776814307,0.0,28.464988425925966,5710,-979.6561015800002,17.130188998281184,36.0,26.466977362186494,21.294764449956556,17.939814814814813,9.423696606482364,236,0.010590343,9393.7978515625,0.041956424713134766,-45.55619231330024,8268.616807414868,7810,-0.02397742996475211,0.062037037037037036,0.0003,27502.62175564236,0.2
17.925498041487213,13.738407917402746,5.209992585720102,0.8695250766641963,28.972222222222225,1353024,0.4661908614876587,9.862157702460065,14.188059581908597,0.8269675925925926,0.3188738748251445,37.78703703703704,0.12159536053479104,27.557448062314382,52.2927103815133,783,8.352480676741662,48,0.9159187283589076,0.0,27.510127314814923,5717,-982.8481937199999,17.101640849460686,36.0,26.411534056611686,21.321078195060274,17.129629629629633,9.67324034633784,236,0.0073272674,11753.4521484375,0.10362595319747925,-45.54281294080946,7783.4034697073475,7820,-0.019658922038420484,0.0421875,0.0003,31614.100101273147,0.2
17.921136804610967,14.104520044749599,5.34881395185154,0.8704545447894304,29.722222222222225,1354752,0.4608115230750402,9.873722157461927,14.003039325735186,0.8466435185185185,0.32033454930247823,37.788773148148145,0.12731262327163972,27.59215566062872,52.21310131735431,784,8.625782000744907,48,0.9248583368855845,0.0,28.414351851851976,5725,-977.53891592,17.66899101460175,36.0,26.421688436280494,21.347381037071802,17.59259259259259,9.73565701800061,236,0.0129911825,27188.822265625,0.08671963214874268,-45.526044605396415,6331.662944200304,7830,-0.02720820676121447,0.09849537037037037,0.0003,32221.070395688657,0.2
18.00765803677538,14.389698925770276,5.307147285184873,0.8750047072185018,30.314814814814813,1356480,0.4646057588349156,9.88498309320196,14.116113896955886,0.8275462962962963,0.34105977045107005,37.936342592592595,0.12224437152221429,27.627145945371108,52.27111729346256,785,8.504374296012882,48,0.9227211812090744,0.0,27.994791666666632,5732,-981.42735837,18.552799085621743,36.0,26.57090060018025,21.37390018216374,17.47685185185185,10.375952874666593,236,0.010674757,21009.35546875,0.10914605855941772,-45.52264830977828,7444.76253732752,7840,-0.026424339365352083,0.0703125,0.0003,35220.05111400463,0.2
18.02445015306122,14.144658334018041,5.311138415683065,0.8735799460832331,29.814814814814813,1358208,0.4683099094551326,9.896288454163997,14.24338485979807,0.8570601851851852,0.3303134598810297,37.99131944444444,0.1291661425308578,27.662454407520602,52.247895646465906,786,8.52214438481465,48,0.9262555045828001,0.0,28.088831018518547,5739,-985.2851642300001,17.97609869545249,36.0,26.51909120557654,21.400461307546394,17.47685185185185,10.040301945751382,236,0.0095339725,11205.09765625,0.12115675210952759,-45.51761861730505,8672.752596537272,7850,-0.023616582986519294,0.05457175925925926,0.0003,19205.48269314236,0.2
17.97215448728377,14.26242677096086,4.749808913395552,0.8785606091965655,30.037037037037038,1359936,0.4552393690928317,9.908004817062546,13.831649004330458,0.8483796296296297,0.343792934756443,37.87847222222222,0.12599352303216202,27.69673353003143,52.375758713421384,787,8.686545159419486,48,0.9242865675292425,0.0,28.624131944444485,5746,-982.9958657,17.947101843471952,36.0,26.6823276161102,21.426891693764603,15.625,10.454866159115541,236,0.0130091915,15670.4111328125,0.06965857744216919,-45.50874301769115,7940.366128653067,7860,-0.029557837245778904,0.09398148148148149,0.0003,26048.513859953702,0.2
17.917179538332025,14.075490605191135,4.732314260046774,0.8789788261844386,29.64814814814815,1361664,0.4605244617871065,9.918950250431827,14.012175074924793,0.8431712962962963,0.34246520397884345,37.751157407407405,0.12245282976286945,27.731463967718742,52.34868302949251,788,8.378173347712456,48,0.9243425824433115,0.0,27.553530092592656,5754,-978.24612974,17.687710554441345,36.0,26.708725105664303,21.45318464261043,15.509259259259261,10.399905689203434,236,0.00944697,15262.7607421875,0.06447368860244751,-45.510003831651474,7774.700224374842,7870,-0.026014243333634956,0.06498842592592592,0.0003,32890.316630497684,0.2
18.031590046417417,13.912008576600234,4.425521858670962,0.8778956305083278,29.305555555555554,1363392,0.4592667474727004,9.930246094519571,13.9559885957844,0.8425925925925926,0.34197230800041806,37.995370370370374,0.122003394938454,27.766053939208202,52.37093330987051,789,8.518337635097339,48,0.9261452539203818,0.0,28.03096064814816,5761,-980.70357857,17.204679636205142,36.0,26.67138988678975,21.479763617726473,14.467592592592593,10.387149200933946,236,0.011607279,12571.04296875,0.08510619401931763,-45.50045553136755,7886.567347773799,7880,-0.0247987589298713,0.0763888888888889,0.0003,25172.67261646412,0.2
17.883797285370743,13.834168512102622,4.513771340139482,0.8770939868844753,29.138888888888886,1365120,0.4560711681739238,9.94121808009965,13.861633921505003,0.8165509259259259,0.33140654850235945,37.66898148148148,0.12007072843816494,27.800408024011965,52.37133316996383,790,8.38879423203169,48,0.9145460320144196,0.0,27.596932870370456,5769,-980.1817992,16.90149393127993,36.0,26.631174398144847,21.505973110939898,14.814814814814815,10.073554079037828,236,0.012392103,16013.5380859375,0.10736286640167236,-45.5109410321271,8164.912935836227,7890,-0.027836751089327864,0.09288194444444445,0.0003,27952.49461082176,0.2
17.86171791075591,13.649038978955895,4.404081212264612,0.87902971364865,28.740740740740744,1366848,0.46164673422751146,9.952391689653396,14.018745615280793,0.8431712962962963,0.3220550166590472,37.62847222222222,0.1245396710568557,27.835154888050166,52.4734194334435,791,8.469443821498546,48,0.9197451412411468,0.0,27.86458333333338,5776,-980.7532350599998,16.327624351214986,36.0,26.692907687445267,21.53212740571679,14.467592592592593,9.79450415999448,236,0.012137946,26454.205078125,0.11081141233444214,-45.50435218811035,6977.010720260055,7900,-0.02702896475309023,0.08275462962962964,0.0003,31948.15271267361,0.2
17.840184569977946,13.873673630543982,4.7152230809744005,0.8850045714975382,29.194444444444443,1368576,0.4575634985667718,9.963565655061748,13.898224663361203,0.8501157407407407,0.330860058045689,37.61284722222222,0.1277878700356775,27.869600449708567,52.60162970909761,792,8.469586163340487,48,0.9245844257989967,0.0,27.85734953703712,5783,-981.9343823200002,17.14350219920976,36.0,26.87104915269346,21.558227867141735,15.50925925925926,10.074605487691377,236,0.009106722,9503.779296875,0.05841398239135742,-45.502546578866465,8963.308126011601,7910,-0.022204365150106174,0.058506944444444445,0.0003,25886.808821614584,0.2
17.910102477729207,14.149816178349838,4.634843822893388,0.8821507311807338,29.796296296296294,1370304,0.46355115833461913,9.974584795994058,14.08859905760279,0.8368055555555556,0.34026740510716036,37.72743055555556,0.12166391078011136,27.904521947352574,52.54280540867706,793,8.407656372924468,48,0.9183589414352016,0.0,27.676504629629672,5790,-983.94238648,17.620991972078706,36.0,26.77876698525746,21.58450312333606,15.277777777777779,10.356331970835482,236,0.0076722475,18211.056640625,0.03366267681121826,-45.51141507184064,8030.350497351752,7920,-0.022426557605568734,0.04247685185185185,0.0003,26602.168959780094,0.2
17.938086101617404,14.03514607785713,4.597538062299275,0.878983098710758,29.574074074074073,1372032,0.4673717436489249,9.985669494688283,14.206828078389433,0.8425925925925926,0.3345127063855415,37.80671296296296,0.1271786343552888,27.939739017548547,52.438565436931015,794,8.43387947768971,48,0.9234009871248028,0.0,27.79224537037034,5797,-990.7730249700002,17.27136410144047,36.0,26.68249668416298,21.610848338590102,15.162037037037038,10.158679961284061,236,0.0081734145,12894.4921875,0.09177958965301514,-45.49426699037905,8071.45603072555,7930,-0.023968656918171932,0.044502314814814814,0.0003,25956.729437934027,0.2
17.952095498025106,14.218972006451056,4.757952991362237,0.8861860065336788,29.944444444444443,1373760,0.4659568232335127,9.996733519672079,14.165910928278223,0.8466435185185185,0.34320505600332285,37.833333333333336,0.12656795417149977,27.974853794869244,52.58395830078003,795,8.42560999351792,48,0.9134956494956614,0.0,27.756076388888886,5805,-996.0017864400002,17.89074679614627,36.0,26.9012122422328,21.637228577335165,15.625,10.433821798332977,236,0.009516414,10504.8359375,0.06726080179214478,-45.50595495435927,9163.207683648003,7940,-0.021992810037745922,0.05503472222222222,0.0003,23928.51748046875,0.2
18.00382512146987,13.993662982712669,4.892082816717205,0.888567385960644,29.453703703703706,1375488,0.46511863443574986,10.008145501947805,14.140829535352488,0.8535879629629629,0.33452012049972835,37.94733796296296,0.12851293864989735,28.009905868707627,52.61459262542792,796,8.564792910290231,48,0.9348011603690338,0.0,28.204571759259334,5812,-997.4300283800002,17.554834597368725,36.0,26.977750740564233,21.66373814013884,16.087962962962965,10.18908879793885,236,0.013990496,25909.66015625,0.09595334529876709,-45.52000653302228,5748.329001504404,7950,-0.02312943674279032,0.09357638888888889,0.0003,35143.80794994213,0.2
17.973194286264413,14.105679704621068,5.2500118368293895,0.88622223223501,29.703703703703706,1377216,0.468890416813786,10.01928545950853,14.238016202220415,0.8379629629629629,0.33752540949482207,37.89699074074074,0.11945534146303641,28.04520090921318,52.60030760419988,797,8.455983024290463,48,0.9202596008626632,0.0,27.842881944444517,5819,-999.3128941299999,18.09702486794047,36.0,26.901783415736674,21.6901711258545,17.24537037037037,10.261333326490012,236,0.008154964,14842.40625,0.0659942626953125,-45.54144391660337,10283.725529225667,7960,-0.020889395116655916,0.05665509259259259,0.0003,23992.77709056713,0.2
18.05326021013504,14.227739627072888,5.321667121805122,0.8853099864855496,29.962962962962962,1378944,0.47456497022981714,10.030588636504916,14.424267904123413,0.8310185185185185,0.34539742365505055,38.032986111111114,0.12221216218981687,28.080961578973486,52.55319511123716,798,8.521270798553942,48,0.9238283995596392,0.0,28.038194444444482,5826,-1005.5652307700001,18.516761928638424,36.0,26.876581569731723,21.71680427637984,17.36111111111111,10.487355179760412,236,0.008261836,18684.337890625,0.06830942630767822,-45.53267380043312,8665.088491821289,7970,-0.020325519341147607,0.04976851851851852,0.0003,23021.354837601273,0.2
17.972319744628287,14.106745628552131,6.034465240097615,0.8874832331028326,29.694444444444443,1380672,0.46398648980994145,10.04229438347571,14.098580261773089,0.8524305555555556,0.339122201184695,37.88194444444444,0.1297874045576347,28.11590802962792,52.56330063428982,799,8.682298788317443,48,0.9266220240949237,0.0,28.631365740740794,5833,-1006.21249237,18.945570648493124,36.0,26.953159551765136,21.74323507574141,19.90740740740741,10.324359779843377,236,0.0065950295,15552.595703125,0.10186326503753662,-45.54660503246166,9056.542679172093,7980,-0.017228580754319274,0.02795138888888889,0.0003,21399.68927228009,0.2
18.034588032440286,14.17886350207934,4.50563528168045,0.8878218826519851,29.851851851851848,1382400,0.4723114408197822,10.053955242602992,14.33872869556661,0.8362268518518519,0.3594993416689043,38.0,0.12780019795840758,28.151454851366836,52.645591682814164,800,8.664343650913231,48,0.9304598016693015,0.0,28.464988425926023,5841,-1006.71393674,18.106666441843288,36.0,26.958521759268663,21.76982154582251,14.814814814814815,10.942167658083497,236,0.00986343,18431.572265625,0.10588276386260986,-45.54355163574219,8561.287015053078,7990,-0.023220345947063632,0.05630787037037037,0.0003,23093.71759259259,0.2
17.890854454182072,14.13294440492742,4.403194622306888,0.8908449457934139,29.75,1384128,0.4720562512951893,10.064923818174112,14.33894860636071,0.8425925925925926,0.35660729275273845,37.708333333333336,0.12371451944161134,28.187002222882736,52.68732657037179,801,8.387430228447565,48,0.9218263408485932,0.0,27.633101851851887,5848,-1009.40922918,17.876431982360785,36.0,27.057451943430873,21.796048681957963,14.583333333333334,10.860292955126475,236,0.0077764797,14967.08984375,0.09412002563476562,-45.55337449532968,9274.337278662788,8000,-0.01935195627932747,0.038657407407407404,0.0003,20763.012073206017,0.2
18.05622289752449,14.367149824863114,4.606964698234206,0.8961280206742138,30.23148148148148,1385856,0.47381384158913137,10.075829284769817,14.417662409743777,0.8327546296296297,0.36143748286593697,38.045717592592595,0.12004322000111652,28.222746378907097,52.76964031255926,802,8.36218663828188,48,0.9176092247518768,0.0,27.56076388888899,5855,-1011.0624536199998,18.462842249321362,36.0,27.206989373105074,21.822689239201775,15.277777777777779,11.008727726224043,236,0.010455065,19436.146484375,0.05455416440963745,-45.54239785936144,7736.888751051161,8010,-0.025747234627811446,0.06631944444444444,0.0003,29394.555631510415,0.2
17.88819727577012,14.167130718055766,5.52363658801112,0.8890172619705741,29.814814814814813,1387584,0.4665162490864168,10.087159799210768,14.180813391429512,0.8246527777777778,0.34840844754201633,37.7037037037037,0.12150340432943599,28.25789841238567,52.61573489091075,803,8.532205776380659,48,0.9202878676269104,0.0,28.11053240740753,5862,-1008.8979223900001,18.777618285364184,36.0,26.990647520426986,21.8489097323912,18.171296296296294,10.606850979297297,236,0.010048264,19136.97265625,0.07878613471984863,-45.53315895928277,8083.241510490135,8020,-0.02492081153948136,0.0609375,0.0003,33484.980078125,0.2
17.999194946261223,14.489366991971542,6.409707667001946,0.8917049598461535,30.490740740740744,1389312,0.46966266376553095,10.098089497459341,14.295864288607298,0.8726851851851852,0.35223724742381624,37.92881944444444,0.12784839362752584,28.29333807310719,52.59538399650388,804,8.371879299429237,48,0.9238259292121818,0.0,27.54629629629637,5869,-1008.4267906700001,20.11361479198975,36.0,27.09037539512326,21.87540771975685,21.180555555555554,10.734540133016262,236,0.009300013,19284.64453125,0.03807026147842407,-45.543333237259475,8556.719037628174,8030,-0.021185869076806637,0.051909722222222225,0.0003,22980.421516927083,0.2
18.02907671894143,14.476782427983105,5.947918710710684,0.8946374468085997,30.472222222222225,1391040,0.46753854969724734,10.10964835362422,14.199641876671572,0.8385416666666666,0.35786597834228706,37.995949074074076,0.1235467656113322,28.328537177798868,52.70608981986135,805,8.623542465951145,48,0.9213640517943288,0.0,28.392650462963008,5877,-1012.2682582199999,19.79635467952181,36.0,27.17613890066009,21.901980411554206,19.560185185185187,10.891653540828019,236,0.01154568,10801.134765625,0.10375165939331055,-45.53603974801523,8320.080655557138,8040,-0.027882532592586898,0.09241898148148148,0.0003,28587.347804542824,0.2
17.881723090108533,14.498565420862823,5.784711854328073,0.8958424479029969,30.527777777777782,1392768,0.46312320681934893,10.121131631340093,14.10164073264901,0.8732638888888888,0.3652703080713808,37.67881944444444,0.1324770623800376,28.36349127963049,52.82212520045355,806,8.593311086349697,48,0.9173084819115346,0.0,28.30584490740748,5884,-1010.3408500499999,19.880314194638764,36.0,27.206894493104652,21.92818471927948,19.097222222222225,11.11703691944787,236,0.011279832,17667.3671875,0.07956433296203613,-45.537709652936016,8679.722905731202,8050,-0.022383467120083947,0.07395833333333333,0.0003,25753.875679976853,0.2
17.895722599959466,14.080726858316408,5.0525415511237695,0.8897052835880787,29.666666666666668,1394496,0.4613641573434466,10.132279087544113,14.010522560842638,0.8668981481481481,0.3566211498928215,37.714699074074076,0.12616058790194626,28.398217586032597,52.70813103553477,807,8.458982481607537,48,0.9212633633493391,0.0,27.864583333333393,5891,-1005.5247419700002,18.444094282443313,36.0,27.0119653619043,21.954424025779378,16.550925925925927,10.830825873003135,236,0.01557347,21423.455078125,0.0962492823600769,-45.53104536268446,6468.94279171979,8060,-0.025528662386177868,0.10399305555555556,0.0003,35918.95831163194,0.2
17.97588105563264,14.35768751271253,4.865538513288052,0.8901682962849421,30.23148148148148,1396224,0.46117561075164915,10.143563385189896,14.030342359545651,0.8738425925925926,0.3686409940840308,37.879050925925924,0.13208041426061912,28.432993441931462,52.73418211891349,808,8.513719058313612,48,0.9226331084347429,0.0,28.110532407407497,5898,-1006.8030469800002,18.908462658989308,36.0,27.042609280591687,21.98086372841846,15.972222222222221,11.205236632988724,236,0.008773438,29747.900390625,0.06341862678527832,-45.54813900700322,7505.741069059019,8070,-0.023168036464118847,0.05381944444444445,0.0003,40962.24631076389,0.2
18.00191925937694,14.001398203737564,5.9655977951470875,0.8907003884245382,29.462962962962962,1397952,0.4609478758238821,10.155259928680803,13.99066100388903,0.8692129629629629,0.34962707858465186,37.94444444444444,0.12922391019289092,28.467670094441186,52.72392141167931,809,8.67861739636228,48,0.9279716313369996,0.0,28.566261574074133,5905,-1009.2483340500002,19.113386226628357,36.0,27.049362042530472,22.0073685265669,19.791666666666668,10.666390227743705,236,0.012641516,8868.6376953125,0.09638923406600952,-45.55035557217068,7601.070068302861,8080,-0.02502273851833134,0.0958912037037037,0.0003,33925.94069733797,0.2
18.052094045576467,14.079071025248313,5.563623127688035,0.8857332073350578,29.64814814814815,1399680,0.46809978264860136,10.166482905985406,14.20576843275426,0.8547453703703703,0.3508250043570799,38.048032407407405,0.12822065361842883,28.50288451552307,52.65831078136341,810,8.489190921841496,48,0.9244843267632481,0.0,27.929687500000046,5913,-1014.9829724799998,18.803366353637237,36.0,26.898193994514173,22.03399876168084,18.40277777777778,10.68067220070089,236,0.00804268,22230.76171875,0.07680308818817139,-45.544614170215745,8639.155871101662,8090,-0.02149696012062055,0.04016203703703704,0.0003,40761.206828703704,0.2
17.961765734710884,14.205326384657356,6.966193960835149,0.8882531776171746,29.935185185185187,1401408,0.4636916613457148,10.178200155615135,14.095702478002485,0.8628472222222222,0.34066848887352325,37.83796296296296,0.130215024422988,28.537823771718077,52.69935530083296,811,8.686899851891427,48,0.9311727809772177,0.0,28.645833333333492,5920,-1017.6616516900001,20.030142423202246,36.0,26.969982493289617,22.06040317601762,23.14814814814815,10.37862207770974,236,0.0063774707,12174.8515625,0.09950745105743408,-45.54935386092575,10217.02869692202,8100,-0.019109895039798208,0.02841435185185185,0.0003,18099.79669777199,0.2
18.05304793513242,14.487948042742394,6.9126724201558565,0.8969193994967245,30.537037037037038,1403136,0.4692305033340611,10.189839977521983,14.236396716168025,0.8605324074074074,0.3591916023197081,38.045717592592595,0.12743730881645238,28.573114763508496,52.93719691026656,812,8.655928762738885,48,0.9238530762808137,0.0,28.472222222222346,5927,-1020.94673671,20.80931275964864,36.0,27.223910756735375,22.08703579585545,22.916666666666668,10.92869229675039,236,0.00850316,16342.1650390625,0.13786321878433228,-45.570693503485785,9286.150492519802,8110,-0.019269885029643774,0.03935185185185185,0.0003,21245.81947337963,0.2
17.979237081242463,14.124013376263163,5.645966071214392,0.8938110053291192,29.75,1404864,0.46494369612352887,10.201720756869609,14.130705387545902,0.8645833333333334,0.3603138705706712,37.8912037037037,0.12798840132668562,28.60814152697736,52.85324166358234,813,8.752311739050775,48,0.9243789419007653,0.0,28.78327546296298,5934,-1022.8278189900002,19.211094100303967,36.0,27.129438682388415,22.113483888558555,18.634259259259263,10.961114652826412,236,0.011238646,18167.63671875,0.09016966819763184,-45.576591152615016,7728.542574847186,8120,-0.02162496698157931,0.058333333333333334,0.0003,34412.70953414352,0.2
17.942740470019825,14.040621853089581,5.229064292452148,0.8953986556132995,29.574074074074076,1406592,0.4680035842183585,10.212831182310518,14.223792411781844,0.8663194444444444,0.3573859233977601,37.82118055555556,0.12911905138758895,28.643401008006816,52.86622655093239,814,8.444170176363693,48,0.9249401252116277,0.0,27.864583333333325,5941,-1021.7008943600001,18.608543344595546,36.0,27.19373625216571,22.139840739733604,17.12962962962963,10.858857199053817,236,0.009585007,12575.0966796875,0.08474314212799072,-45.557279629177515,8277.999629861337,8130,-0.02270767643564829,0.06244212962962963,0.0003,29506.547233072917,0.2
17.954474252250865,13.723511658293353,5.637113479197825,0.8949227810865117,28.907407407407405,1408320,0.4670474749716033,10.224099147508378,14.186430307420828,0.8645833333333334,0.34013956134911627,37.84722222222222,0.12777061176118876,28.678567083775366,52.74298818851168,815,8.507186079144168,48,0.9140756636219407,0.0,27.965856481481502,5948,-1022.1009855400002,18.178376530613505,36.0,27.165510207838107,22.16622692536423,18.51851851851852,10.337751393122327,236,0.008593801,17235.466796875,0.05294257402420044,-45.549056964450415,7814.323567962647,8140,-0.02372397652189075,0.05028935185185185,0.0003,31780.69290726273,0.2
17.843131005354348,13.774886718736866,5.4674371450214245,0.8920413841410552,29.027777777777775,1410048,0.4656154991016605,10.23499301880897,14.163310968394235,0.8321759259259259,0.3412255882407178,37.6099537037037,0.12260599599622735,28.71367536119635,52.66848806346024,816,8.357548520236534,48,0.9193128657242394,0.0,27.56076388888893,5956,-1019.31280737,18.08001017767409,36.0,27.08319428189311,22.192334752877617,17.939814814814813,10.357686313915801,236,0.011325352,33786.8671875,0.07739609479904175,-45.546022499932185,6997.668012237549,8150,-0.021594310277659033,0.06400462962962963,0.0003,39509.67803819444,0.2
18.022373350516414,14.088869275794098,5.425947083162481,0.8924869151027669,29.685185185185187,1411776,0.4693730397821288,10.24633548677289,14.244961135476132,0.8414351851851852,0.35144361470765295,37.985532407407405,0.12443246684500811,28.748987764035043,52.694552431524585,817,8.536987185568542,48,0.9204149228602431,0.0,28.117766203703724,5963,-1024.04757497,18.673039504855765,36.0,27.090803742996968,22.218890686253907,17.824074074074073,10.678223145899187,236,0.0072164293,19633.478515625,0.077556312084198,-45.540406714545355,9299.092739472566,8160,-0.01886808114402272,0.03391203703703704,0.0003,36402.125745081015,0.2
17.911054494382743,14.143775647845596,5.437534689448257,0.8883965903504464,29.805555555555554,1413504,0.4653297704546574,10.258125540760547,14.131084004039197,0.8506944444444444,0.3540580370517296,37.75347222222222,0.1265801176633252,28.78401547404514,52.59264544155882,818,8.71602159506249,48,0.9141760564150345,0.0,28.660300925926,5970,-1028.58478168,18.81425817668034,36.0,26.97353830034763,22.245168322489864,17.824074074074076,10.752947839386488,236,0.009646494,11740.59375,0.11251920461654663,-45.548850758870444,7978.570078334102,8170,-0.02218402615075724,0.0603587962962963,0.0003,27706.029557291666,0.2
18.01642306515736,14.41038601809803,5.113515670842677,0.8955636568467383,30.37962962962963,1415232,0.46899904496235295,10.269474598857812,14.253692497987814,0.8501157407407407,0.3646758833315278,37.979166666666664,0.12497474928183175,28.81934970529011,52.792770757059806,819,8.539623238905655,48,0.9190340771588772,0.0,28.110532407407458,5977,-1029.07596115,19.074899356596077,36.0,27.164402470495258,22.271709380152757,16.78240740740741,11.070997667655368,236,0.011255908,15368.5,0.06068062782287598,-45.54809763873065,8565.82861082289,8180,-0.027424291980073408,0.090625,0.0003,30916.350578703703,0.2
17.944267495590577,14.446856314224595,4.68967047864199,0.8941473354355861,30.462962962962962,1416960,0.4655147176058944,10.280414255791817,14.124802257439853,0.8489583333333334,0.3692156015154689,37.82233796296296,0.12696803191503192,28.854361710933713,52.76883370398124,820,8.375862773602003,48,0.9249089140693669,0.0,27.58246527777786,5984,-1029.6105475599998,18.817093188109396,36.0,27.13169946690755,22.298070048891734,15.393518518518519,11.20056639524281,236,0.011244486,14275.28515625,0.12783080339431763,-45.552536462854455,7318.666757202149,8190,-0.023629480339931667,0.07592592592592592,0.0003,34740.10619936343,0.2
18.117221806503817,14.390075533785904,4.5456550484283165,0.8866779349058852,30.35185185185185,1418688,0.46545041503262263,10.291824444305357,14.141106965267921,0.8616898148148148,0.3635713203441721,38.177083333333336,0.12861606283114874,28.889414478346882,52.67475595374193,821,8.564075405416107,48,0.9207981655508037,0.0,28.18287037037047,5992,-1029.5680261900002,18.442914479084862,36.0,26.90806905649777,22.324863103407992,14.930555555555557,11.027183896870644,236,0.012503117,24585.23828125,0.07198405265808105,-45.558547521520545,7578.357354383115,8200,-0.0237644134434285,0.07199074074074074,0.0003,37297.31963252315,0.2
18.072832227062573,14.288069444871612,4.903670111341089,0.8881945284131406,30.12962962962963,1420416,0.4706410017328163,10.303278993270483,14.28997805455554,0.8530092592592593,0.3571055624354214,38.098958333333336,0.12863496325265913,28.92483942348327,52.6684237115638,822,8.581819586050406,48,0.9211129760011487,0.0,28.226273148148227,5999,-1035.2390674399999,18.497968803801747,36.0,26.959487080453062,22.35154518397565,16.087962962962962,10.826229247589046,236,0.007367495,20640.140625,0.07699501514434814,-45.56170452259205,9302.878271879974,8210,-0.01984350784957685,0.03553240740740741,0.0003,27188.46353081597,0.2
18.029919170881666,14.344945902731382,4.5488268626213895,0.8931400348233777,30.212962962962962,1422144,0.46928361250259276,10.314676049490695,14.266640838486646,0.8506944444444444,0.36207630296615784,37.99074074074074,0.12538767118592026,28.960206025579488,52.760732625108226,823,8.558822488084296,48,0.9262457165962802,0.0,28.146701388888907,6006,-1037.45709633,18.385582354232334,36.0,27.12129404844786,22.378119981902852,15.046296296296298,11.011809588879563,236,0.011329321,19174.458984375,0.10164189338684082,-45.565805180867514,8543.762913343642,8220,-0.02500472835748008,0.0777199074074074,0.0003,28270.461371527777,0.2
18.017444151045407,14.541773087383719,4.789214355166928,0.8874733083772174,30.638888888888886,1423872,0.4668728489610045,10.326136033486355,14.19040318070101,0.8524305555555556,0.36218911023650274,37.963541666666664,0.1300345456503299,28.99538203353124,52.672955815077955,824,8.583993598264023,48,0.923272798966366,0.0,28.22627314814825,6013,-1036.9301274,18.830475470913704,36.0,26.942195047459176,22.404663592280464,15.856481481481481,11.019488028363057,236,0.011816786,15626.2568359375,0.05344283580780029,-45.56508335537381,8211.68984338266,8230,-0.0267000545454384,0.08350694444444444,0.0003,34378.025159143515,0.2
18.074634830159997,14.303260108384691,4.303969788085028,0.8865301482421654,30.12037037037037,1425600,0.46963589021259533,10.337395589182155,14.261686832554021,0.8501157407407407,0.35414585941576693,38.101273148148145,0.12454459843507508,29.030736250612623,52.64303609824119,825,8.503822278319573,48,0.9267500858700001,0.0,28.009259259259284,6020,-1039.2257430500001,17.86931574253957,36.0,26.90598224645112,22.431350179355864,14.236111111111112,10.782085846069853,236,0.010570055,18742.62890625,0.11553084850311279,-45.54889873928494,8970.967970106336,8240,-0.025966834385568897,0.07094907407407407,0.0003,30243.46080005787,0.2
18.099228101594736,14.58101097627989,4.955872046565543,0.8893674790460424,30.712962962962962,1427328,0.46240172453902983,10.348784932407801,14.07815301035685,0.8501157407407407,0.3609440790192859,38.136574074074076,0.12531139691136292,29.065631633138516,52.7085531319988,826,8.555737290258548,48,0.9192396383111114,0.0,28.19733796296302,6028,-1039.25054885,18.993886368249406,36.0,26.98803715472977,22.45809824960985,16.435185185185187,10.977003345403972,236,0.008183036,14652.0546875,0.10074830055236816,-45.56852381670917,8986.853489911115,8250,-0.020610341541814032,0.04212962962962963,0.0003,24635.40941116898,0.2
17.979185066657,14.637869466444215,5.13609153887912,0.8887544774915139,30.84259259259259,1429056,0.4612223151507426,10.360218870770673,14.010340597964111,0.8778935185185185,0.35683845919003776,37.879050925925924,0.132523394625609,29.100357484633427,52.70864786591908,827,8.573575345149067,48,0.9261976840960018,0.0,28.23350694444441,6035,-1034.52949738,19.107553204016597,36.0,26.973364227699108,22.48454621227649,17.01388888888889,10.853592198693258,236,0.008730686,20878.19921875,0.10627937316894531,-45.559474817911784,8987.067494342946,8260,-0.022860859951901215,0.05028935185185185,0.0003,30290.738823784723,0.2
18.038595924028154,14.378571418591298,5.922280751379145,0.8858918381391114,30.314814814814813,1430784,0.4602448290663003,10.371673616250623,13.99987654514337,0.8535879629629629,0.3505765507889977,38.020254629629626,0.12794379046520274,29.135057175996288,52.72741233908639,828,8.581898191980196,48,0.9229558812361082,0.0,28.33478009259263,6042,-1033.70478222,19.421649601955433,36.0,26.878468905100988,22.511142702086563,19.560185185185183,10.640797431984991,236,0.0095705325,26935.408203125,0.04266345500946045,-45.561984125773115,8641.516961924235,8270,-0.023187162951324825,0.051215277777777776,0.0003,32905.20602213542,0.2
18.062291898664053,14.498060069390926,6.311834921584975,0.8860514231568928,30.546296296296294,1432512,0.46996815935344316,10.382653976472326,14.294293991090102,0.8616898148148148,0.3452259242873838,38.06886574074074,0.13055456744552332,29.170492910974012,52.75753777902704,829,8.392144088681144,48,0.9261061334416383,0.0,27.61140046296298,6049,-1040.34201135,19.78174032893503,36.0,26.88781860558603,22.537798431833224,20.833333333333332,10.491845337959127,236,0.0101148905,11299.8642578125,0.10417133569717407,-45.552630233764646,9596.3938363817,8280,-0.022766991425305604,0.05630787037037037,0.0003,21532.3528302228,0.2
18.022313164632216,14.497522666855986,6.25028444636614,0.8881641571463069,30.555555555555557,1434240,0.46650972528616497,10.39382174330278,14.171504280880315,0.8680555555555556,0.3471553246095964,37.98784722222222,0.1265612999303069,29.205621671676212,52.83329040799139,830,8.46710673218137,48,0.9255868713818874,0.0,27.857349537037134,6056,-1043.32721708,19.775352532532587,36.0,26.970211614500553,22.564354214744803,20.60185185185185,10.547545419310463,236,0.0077232923,29662.349609375,0.07728439569473267,-45.55503641764323,9714.966937792742,8290,-0.023296579838454446,0.04068287037037037,0.0003,27086.747157118054,0.2
18.041026081112843,14.138951593765128,5.336088880258025,0.8917474960479722,29.805555555555554,1435968,0.45787659859286217,10.405014066436834,13.895929055859062,0.8640046296296297,0.3439918933851773,38.0306712962963,0.1276200174841488,29.24006149431586,52.82655128896817,831,8.476929253621634,48,0.9321199170879768,0.0,27.958622685185222,6063,-1039.09793033,18.407942326569966,36.0,27.061433723413874,22.590956779947586,17.708333333333332,10.452901852546814,236,0.0077628787,16786.962890625,0.0875510573387146,-45.54570320977105,9602.959930306894,8300,-0.01998545800646146,0.04415509259259259,0.0003,26567.244241898148,0.2
17.966502830829445,14.147994096470603,6.689341229750052,0.8921610269555943,29.814814814814813,1437696,0.46898166783066014,10.415928548438318,14.249756059762182,0.8408564814814815,0.33594500323923243,37.873263888888886,0.12401110334574458,29.275385884465265,52.85158112297972,832,8.365792800593171,48,0.9156261245994174,0.0,27.51736111111113,6071,-1040.85286529,19.517596472845057,36.0,27.078721421461996,22.61737303702466,21.990740740740744,10.2002611466244,236,0.006411194,20680.513671875,0.08215939998626709,-45.546587922838,9670.899646900318,8310,-0.01985526436560408,0.029976851851851852,0.0003,27630.093800636572,0.2
18.037919591544235,14.483645898606364,5.682524142712411,0.8977940236848765,30.537037037037038,1439424,0.4674913397072328,10.4272389932841,14.180193143748019,0.8478009259259259,0.3575436541743194,38.02430555555556,0.12618250828847802,29.310536367324634,52.95863045892588,833,8.524177938312839,48,0.9150667845804347,0.0,28.045428240740787,6078,-1046.5813680800002,19.51026472794269,36.0,27.255606558696982,22.64396783600352,18.75,10.864094686623915,236,0.010035255,20977.0390625,0.09562033414840698,-45.55410363939073,8069.643498512551,8320,-0.019762913145004186,0.04311342592592592,0.0003,26921.900618489584,0.2
17.99785178692971,14.684985859276054,7.203078449301594,0.9001054702094239,30.935185185185187,1441152,0.469807911985014,10.438093753750211,14.280004952563388,0.8773148148148148,0.35049283002024173,37.93171296296296,0.13153230797091683,29.345936379706043,53.025680996833444,834,8.34190418644497,48,0.9321101845809143,0.0,27.459490740740776,6085,-1049.04752892,21.035676346759487,36.0,27.334319920506516,22.670462465470845,23.84259259259259,10.667612038181838,236,0.011869404,23275.0078125,0.0526965856552124,-45.57243489865903,8442.847522763852,8330,-0.024378591343001636,0.06811342592592592,0.0003,34480.72961877893,0.2
18.044350538790532,14.82547298962009,6.880849767657776,0.8983091122818129,31.23148148148148,1442880,0.4614026102122086,10.449687099363793,14.012801233373088,0.8680555555555556,0.35676784235673714,38.036458333333336,0.13028786039845944,29.380668382789477,53.00997318058753,835,8.637338245432344,48,0.9186314349517142,0.0,28.47945601851856,6092,-1046.85391333,21.02903601127245,36.0,27.271268019039407,22.69707334181782,22.685185185185187,10.842713253994583,236,0.0076230974,18163.435546875,0.05146247148513794,-45.57182916711878,9316.376023017036,8340,-0.019594130961707344,0.034837962962962966,0.0003,29038.7486328125,0.2
18.052102844064112,14.486871795324488,7.032812155156885,0.8960262967190115,30.51851851851852,1444608,0.46236467985888624,10.461333823782745,14.06364393746766,0.8385416666666666,0.3412050955916515,38.017361111111114,0.12101620033778969,29.415527492633146,52.951760752343695,836,8.658689767581107,48,0.9233018136074679,0.0,28.551793981481538,6099,-1047.53544159,20.375897053515683,36.0,27.19911316520683,22.72370359892798,23.26388888888889,10.37621310303431,236,0.0070831873,16380.08203125,0.06817233562469482,-45.57641864352756,8193.72355598167,8350,-0.0184971346485394,0.029861111111111113,0.0003,32163.234722222223,0.2
17.99038006706941,14.375515656184705,7.510272604206634,0.8978450265772575,30.287037037037038,1446336,0.46700481200625815,10.47289168560657,14.193468256314008,0.8622685185185185,0.3331073416927209,37.925925925925924,0.12977886188014923,29.45071116327393,52.95125527690505,837,8.62314472953006,48,0.9220994776348185,0.0,28.457754629629644,6106,-1050.6023355799998,20.50347870724216,36.0,27.271439187853872,22.75017954909565,24.884259259259263,10.13769044685082,236,0.008299357,16331.6220703125,0.0758810043334961,-45.5760434044732,9103.481560290302,8360,-0.018308153477738853,0.04548611111111111,0.0003,32812.23970630787,0.2
17.929298675609854,14.380732936592969,8.431133076027173,0.9025597836962772,30.287037037037038,1448064,0.4625966196781068,10.484420805762738,14.043429155331678,0.8287037037037037,0.32577499631106366,37.792245370370374,0.1196883403193588,29.48551973616226,53.09977365815261,838,8.611648062467577,48,0.9202938725816042,0.0,28.36371527777786,6114,-1050.79949501,21.204107513479087,36.0,27.417886870992636,22.776502795784676,27.777777777777775,9.912241500858945,236,0.008208183,24477.8125,0.07777643203735352,-45.56317761739095,8400.346530773022,8370,-0.02053507691145771,0.040625,0.0003,32569.931651475694,0.2
17.95453050930856,14.612337632766986,8.644602382039997,0.9012270296549127,30.777777777777775,1449792,0.463839857632771,10.495944487127852,14.086579326634583,0.8246527777777778,0.3312440061984377,37.835648148148145,0.11996787723158704,29.520436184478847,53.06053177874508,839,8.609472546045586,48,0.9182425986893639,0.0,28.327546296296312,6121,-1050.4034640399998,21.809871976308294,36.0,27.361996820047093,22.802889122057948,28.472222222222218,10.072931961501313,236,0.00991327,21259.40625,0.04640287160873413,-45.5670622366446,8017.891404229624,8380,-0.019994976321511246,0.061689814814814815,0.0003,36751.4048828125,0.2
17.997159067841253,14.636111927062338,8.466990204272427,0.8998640054617457,30.833333333333332,1451520,0.4704312770773249,10.507223536377307,14.282329165320697,0.8385416666666666,0.33819417275161295,37.92534722222222,0.12362731379471148,29.555842007392148,53.00009814903914,840,8.511619699781534,48,0.9299072629134129,0.0,28.038194444444436,6128,-1054.6273437999998,21.870462507538186,36.0,27.328834392360886,22.82938201972755,27.893518518518515,10.28736037620342,236,0.0101034045,21927.4609375,0.07605957984924316,-45.560948364822956,8541.679057820638,8390,-0.023492468231254154,0.06799768518518519,0.0003,31286.221245659723,0.2
18.16995991167265,14.78185174502022,8.36318148238056,0.9035182275923668,31.157407407407405,1453248,0.4671369622587181,10.518896094842079,14.171442366228751,0.8489583333333334,0.3409802630259688,38.301504629629626,0.12449579333275486,29.590970613307718,53.10797004613292,841,8.669023385908956,48,0.9259478103592419,0.0,28.4866898148148,6135,-1060.6606414999999,21.982215884016636,36.0,27.438322988727453,22.856306919506732,27.546296296296294,10.357182656615857,236,0.0051360517,12341.705078125,0.05196470022201538,-45.56260818198875,11398.686945766873,8400,-0.017427906809650638,0.01875,0.0003,20808.06558521412,0.2
17.973970028831022,15.141181071591951,8.332821965214777,0.9067756835768818,31.916666666666668,1454976,0.46447277363400025,10.530002651279187,14.100693679647605,0.8686342592592593,0.35549111381180687,37.880208333333336,0.12896707513162023,29.625922347506837,53.155085356753,842,8.442622574843304,48,0.9228544724876835,0.0,27.799479166666696,6142,-1058.31856379,22.746546729067628,36.0,27.530762111154417,22.88274184457881,27.430555555555554,10.7925436922609,236,0.0065444554,21238.6171875,0.038993000984191895,-45.56851286711516,9748.249470520019,8410,-0.017865319969132543,0.028587962962962964,0.0003,24628.390460431136,0.2
18.08442390055594,15.025513063535291,8.337256317060968,0.9025429691284405,31.63888888888889,1456704,0.47478520388494244,10.54107045130608,14.441214560284598,0.8512731481481481,0.346811896140933,38.119791666666664,0.1223592203241434,29.661725383907548,53.03438094317991,843,8.42712001075707,48,0.9209844004460167,0.0,27.82118055555554,6150,-1061.2627013799997,22.395764966119216,36.0,27.41992241648823,22.909452904330198,27.430555555555557,10.552995585522956,236,0.009518255,20574.37109375,0.027572154998779297,-45.58523195054796,8635.993052136457,8420,-0.02031406179173953,0.04704861111111111,0.0003,37706.80220992477,0.2
17.944553099204885,15.14446498169719,8.313875367817257,0.9013489943791607,31.925925925925924,1458432,0.47099894820833327,10.552009266049312,14.323546277747793,0.8113425925925926,0.3483205936896505,37.807291666666664,0.12157057793946775,29.697234249601916,53.04760018984729,844,8.37552589729284,48,0.9160262117303902,0.0,27.611400462962926,6157,-1065.12838096,22.528618107006345,36.0,27.37773345267693,22.93581428707821,27.430555555555557,10.590277757491895,236,0.009085178,23189.3984375,0.07569944858551025,-45.56649511831778,9395.898208604036,8430,-0.022203363512677175,0.04849537037037037,0.0003,37831.21682581019,0.2
18.094554384948506,14.987278964240756,8.070502165685241,0.8991195490201803,31.555555555555554,1460160,0.4709951967672345,10.563636832436293,14.309512220564818,0.8640046296296297,0.34055499202167666,38.14756944444444,0.12856112692054858,29.73270803015333,52.960397107620544,845,8.651026554792054,48,0.9263144117474837,0.0,28.508391203703724,6164,-1066.27016747,21.9049660891309,36.0,27.32490783723541,22.96255067304058,26.62037037037037,10.367184959204906,236,0.010134959,17721.51171875,0.07285231351852417,-45.552269066704646,8324.570132672345,8440,-0.01895004298572463,0.04699074074074074,0.0003,32325.564214409722,0.2
18.091231715552478,15.234408143786004,8.09684069490657,0.9028125236989815,32.129629629629626,1461888,0.4692549587413034,10.575112591170482,14.231752389347667,0.8663194444444444,0.3533762293313824,38.13194444444444,0.12820556072392794,29.767987411126697,53.02011947038065,846,8.59030349367587,48,0.9278998410455886,0.0,28.2407407407407,6171,-1069.01830519,22.54165460613588,36.0,27.42579508139205,22.98927875232946,26.736111111111114,10.730405767443306,236,0.012586979,29675.22265625,0.06119334697723389,-45.54684232076009,8211.53723280165,8450,-0.026565296915187327,0.08321759259259259,0.0003,39096.74830005787,0.2
18.073669599676883,15.44580119089811,8.296432328593523,0.9032006034002018,32.574074074074076,1463616,0.4741808233040606,10.58635558128491,14.410182757398003,0.8506944444444444,0.3605531624005807,38.09722222222222,0.12614577223863563,29.80371286802019,53.08098739503904,847,8.497196045770925,48,0.9239089211777688,0.0,27.9803240740741,6178,-1071.9560690700002,23.161070934190377,36.0,27.436126679905687,23.015962926328655,27.314814814814813,10.938837414698746,236,0.006821028,20516.65625,0.03503674268722534,-45.556053853918,9635.687165323894,8460,-0.01942194099020627,0.025578703703703704,0.0003,32385.761454716434,0.2
18.118203378488484,15.64848020364677,8.219547084511605,0.9099667443459957,32.99074074074074,1465344,0.4728127790888134,10.597681161152815,14.384389686035952,0.8570601851851852,0.3672142653841739,38.188657407407405,0.1259113560456833,29.839373842235283,53.21642702211464,848,8.53023194716239,48,0.9252823052072476,0.0,28.132233796296322,6185,-1074.3701156600002,23.49441934770627,36.0,27.64233653734396,23.042758434774875,27.083333333333332,11.146392059547892,236,0.0085814595,23852.30859375,0.09711933135986328,-45.56478758917915,7908.283111120153,8470,-0.020884276057283085,0.04496527777777778,0.0003,33759.96550564236,0.2
18.08795267097047,15.502102938425049,7.972717556846728,0.9084087746691066,32.657407407407405,1467072,0.4682872186651757,10.609004285614661,14.245019120619972,0.8206018518518519,0.36720998322996684,38.109375,0.11903199956663861,29.874686390036832,53.09857009101583,849,8.529249784738198,48,0.9141132722287836,0.0,28.139467592592617,6193,-1072.2659257599998,23.121504362257422,36.0,27.605441304678006,23.0694783164523,26.27314814814815,11.166683866985645,236,0.008556519,19348.181640625,0.10141009092330933,-45.57141726458514,8815.699399835092,8480,-0.021448932225919433,0.0505787037037037,0.0003,37480.54952256945,0.2
18.12896129404881,15.344517047319917,8.003229642920344,0.9035407753661011,32.351851851851855,1468800,0.47534166351794477,10.62005754597325,14.433664249172466,0.8767361111111112,0.36088189238743484,38.20023148148148,0.12902467717624239,29.910470550659763,53.012549673898974,850,8.421304143435705,48,0.9301998842068265,0.0,27.712673611111104,6200,-1073.7537375499999,22.78884969385536,36.0,27.445862185965836,23.096300719687424,26.388888888888886,10.9611030036151,236,0.0111179715,29030.40234375,0.06660693883895874,-45.58068165249295,9078.822397797196,8490,-0.02055479515930293,0.05931712962962963,0.0003,29017.64087818287,0.2
18.082556507531283,15.268311122113927,8.017167391883378,0.9032138060086732,32.17592592592593,1470528,0.4676045591611995,10.631226860162442,14.21169498888318,0.8553240740740741,0.3554501606053842,38.108217592592595,0.12628175185764742,29.94569978813197,52.9482127415855,851,8.467725675676919,48,0.9303931645595457,0.0,27.886284722222214,6207,-1074.01933916,22.573725028835987,36.0,27.451066356907706,23.12300711095625,26.50462962962963,10.80824651483868,236,0.008142944,22331.06640625,0.051333725452423096,-45.59879363731102,10912.489570504647,8500,-0.01886864435876271,0.04421296296296296,0.0003,30893.921589265046,0.2
18.244167344835358,15.695079673348665,8.202694099193808,0.9098054627116349,33.05555555555555,1472256,0.4764158897715368,10.642249220327395,14.484595055110594,0.8668981481481481,0.36819900720678594,38.46296296296296,0.12741814219013442,29.981611275769747,53.14495362827455,852,8.408944065981201,48,0.9293396419736634,0.0,27.683738425925977,6214,-1079.3328468000002,23.57574349769913,36.0,27.641093115489323,23.15011752931834,27.083333333333332,11.197969725156653,236,0.006167056,24043.91015625,0.04703634977340698,-45.591258409288194,9998.125874413385,8510,-0.017548237064922298,0.021064814814814814,0.0003,22222.593162254052,0.2
18.078623355186938,15.582534407168735,8.385848675940283,0.9079874682693393,32.84259259259259,1473984,0.47387976219813993,10.653433234763035,14.397092426379897,0.8408564814814815,0.3635626360132793,38.101851851851855,0.1268354955535441,30.017304006835698,53.11269540041766,853,8.473605774256052,48,0.9265305631710278,0.0,27.86458333333335,6221,-1083.9678733700002,23.493922162444264,36.0,27.57513686624917,23.17681408770631,27.662037037037038,11.045539079335244,236,0.0049999175,17623.642578125,0.018920719623565674,-45.58610971238878,11519.600256234628,8520,-0.015338575146678421,0.01579861111111111,0.0003,24941.577014612267,0.2
18.13970553754905,15.437042094448367,8.317345527547248,0.9059136115961133,32.53703703703704,1475712,0.46641330023103544,10.664600313742724,14.17526365512308,0.8738425925925926,0.36058717194388085,38.22858796296296,0.12986159605047895,30.052442165973506,53.00714195933515,854,8.46683159187583,48,0.9274566274964392,0.0,27.871817129629736,6228,-1079.02905129,23.192578000414684,36.0,27.514091829372536,23.20366335155018,27.430555555555554,10.95819037841907,236,0.0065462203,22603.015625,0.06765091419219971,-45.59848720409252,10166.477386135524,8530,-0.017270022735896486,0.030555555555555555,0.0003,28228.495703125,0.2
18.190005835693263,15.755062276700514,8.842368176035523,0.9047955966794153,33.2037037037037,1477440,0.4794985601850929,10.67579084995869,14.563517424403392,0.8570601851851852,0.3660674328324643,38.332175925925924,0.12671955193358608,30.088550959534516,53.016562621803644,855,8.47621448638634,48,0.9264112505703971,0.0,27.907986111111104,6235,-1084.8361949300001,24.199980430513936,36.0,27.47912499855447,23.230638366139413,29.166666666666668,11.122549977777899,236,0.006538879,21642.181640625,0.09900587797164917,-45.599892736364296,8507.641501589174,8540,-0.01802912944048229,0.02922453703703704,0.0003,31060.507544849537,0.2
18.056314829093896,15.56809137132519,8.813665119823005,0.9055163569749202,32.77777777777778,1479168,0.4614947345703031,10.687761218614497,14.035953303514995,0.8697916666666666,0.3611372099348789,38.048611111111114,0.12482128266160612,30.123340842793304,53.05429511915304,856,8.788147462323382,48,0.9257136012036467,0.0,28.949652777777832,6243,-1083.58644599,23.849269188960953,36.0,27.51221303682028,23.25727915321215,29.050925925925924,10.987512697812756,236,0.007092727,26935.12890625,0.0391772985458374,-45.603827243381076,10903.988519230596,8550,-0.019827523165278964,0.02957175925925926,0.0003,30580.281101707176,0.2
18.196267761327665,15.636299984878628,8.591522349605233,0.9028791877828534,32.90740740740741,1480896,0.4718345369786733,10.699285625538584,14.356827569645937,0.8547453703703703,0.36065843990437935,38.33738425925926,0.12497995128157391,30.158932911717418,53.001073780423525,857,8.609762769634846,48,0.9230043683588408,0.0,28.334780092592634,6250,-1081.1919023599999,23.686297333164724,36.0,27.42086353520703,23.284269822615467,28.35648148148148,10.978474998680861,236,0.009546512,25256.490234375,0.03089439868927002,-45.598693437929505,8603.028586945711,8560,-0.021911008170529923,0.06342592592592593,0.0003,34371.36663773148,0.2
18.086118224059646,15.410236955907779,8.280868162629249,0.9015111561912857,32.4537037037037,1482624,0.471810432831064,10.710598611691452,14.30936610577796,0.8564814814814815,0.35190910190749053,38.129629629629626,0.12433883733966263,30.194406326981863,52.87937674993645,858,8.525194461147075,48,0.9238457086085707,0.0,28.023726851851922,6257,-1086.64108112,22.870519030511517,36.0,27.392159665358673,23.310985118175616,27.314814814814813,10.69941391197449,236,0.008533895,22381.564453125,0.1192217469215393,-45.59100006951226,9169.57452810782,8570,-0.023611892116497512,0.042708333333333334,0.0003,39294.99093605324,0.2
18.08684388901343,15.691535076826014,8.59952682147903,0.9044806491077074,33.0462962962963,1484352,0.4698226200798392,10.722422442386014,14.257755782950554,0.8599537037037037,0.3544729586683804,38.11226851851852,0.12421365475979006,30.229750716439238,52.97814833399028,859,8.72953227782444,48,0.9293845287561303,0.0,28.682002314814888,6264,-1087.4951379099998,23.551350617683333,36.0,27.492086341685365,23.33770222789815,28.35648148148148,10.78028871937829,236,0.008205857,13247.51953125,0.054167747497558594,-45.60538380940755,9497.191993769893,8580,-0.02159843626432121,0.04334490740740741,0.0003,29533.977643952545,0.2
18.105115516137992,15.501553791477955,8.39938930099572,0.9010738961063197,32.666666666666664,1486080,0.4735919414056499,10.733660536353375,14.379037751968271,0.8605324074074074,0.35453542503841357,38.15972222222222,0.12487166296056777,30.265398310819158,52.93792981341687,860,8.495237586944397,48,0.9246255287995397,0.0,27.944155092592652,6271,-1088.56977033,23.131120712709606,36.0,27.38905469006487,23.364465016688495,27.662037037037038,10.750177620235931,236,0.0054898,14018.533203125,0.12133127450942993,-45.604003242210105,9610.515514232495,8590,-0.016571864436587525,0.02210648148148148,0.0003,28430.564214409722,0.2
18.06580143532716,15.374575381550668,8.831071672616895,0.8987949754289111,32.398148148148145,1487808,0.4698332188433413,10.745035279875982,14.293790582431745,0.8391203703703703,0.33973059031600344,38.076967592592595,0.12098373701899148,30.300832787275237,52.84566826192482,861,8.549897409043053,48,0.922105946646822,0.0,28.182870370370363,6278,-1089.93909301,23.008010052673754,36.0,27.32208392929783,23.391129520276813,29.166666666666668,10.322362998506192,236,0.00792154,19166.357421875,0.059700965881347656,-45.60159970036259,8611.982688734266,8600,-0.020578949112031196,0.04207175925925926,0.0003,41101.36179108796,0.2
18.091554692643275,15.434549948682125,8.595122464467929,0.901650929086539,32.52777777777778,1489536,0.46870279252757735,10.756393145837453,14.256222308438772,0.8530092592592593,0.3524606953804231,38.1255787037037,0.12326722628924694,30.336173343046333,52.88577689709236,862,8.543146384588976,48,0.9236262220322726,0.0,28.146701388888893,6286,-1087.9976570600002,23.207441172599026,36.0,27.402765379017023,23.41785840700842,28.35648148148148,10.697768759448971,236,0.0054052775,21653.34375,0.09184849262237549,-45.5937429216173,9970.418880844116,8610,-0.01674097772963621,0.017939814814814815,0.0003,31117.34015480324,0.2
18.171940002167663,15.482624648510793,8.907165827858945,0.9034062654500036,32.638888888888886,1491264,0.4658228271987638,10.767981274133644,14.169402242245406,0.8680555555555556,0.3399517978708971,38.285879629629626,0.1303743423453294,30.371296848651948,52.88569808536116,863,8.635251318476474,48,0.9227059876601662,0.0,28.479456018518526,6293,-1089.4545759599998,23.195071298359004,36.0,27.46594397139641,23.44478825701384,29.39814814814815,10.325280821989265,236,0.004926168,23619.14453125,0.06409794092178345,-45.5952877468533,9302.356287920917,8620,-0.014073223111012743,0.016319444444444445,0.0003,31409.758091001157,0.2
18.105686861678084,15.609895864162644,9.130719605529388,0.9023255912064547,32.870370370370374,1492992,0.4669725146961403,10.779587086059857,14.202033563649195,0.8385416666666666,0.33981238880131476,38.160300925925924,0.11631508315221975,30.40650193256107,52.85528082896369,864,8.64232477048503,48,0.9168936951595419,0.0,28.50115740740737,6300,-1091.0415409500001,23.557569219086012,36.0,27.41248727561298,23.471552474168035,30.09259259259259,10.33695374939398,236,0.0070946943,19866.2890625,0.09023505449295044,-45.5877714086462,8616.969377531828,8630,-0.018974812561646105,0.031886574074074074,0.0003,37699.76367910879,0.2
18.069977457480793,15.287962948188794,8.957835529689762,0.8963774488444525,32.21296296296296,1494720,0.455792648721576,10.791455267097604,13.855296443038162,0.8582175925925926,0.33428176557057343,38.08043981481482,0.12360869113057671,30.440840173668665,52.718880146988376,865,8.747272415098701,48,0.9226597049591432,0.0,28.81221064814815,6307,-1085.80738116,22.885773093622166,36.0,27.24250998060984,23.498227417811737,29.51388888888889,10.15997461574361,236,0.009718209,27906.90625,0.05025225877761841,-45.58122260482223,8516.605443149143,8640,-0.022429584211635368,0.050347222222222224,0.0003,42474.130078125,0.2
18.102753374798166,15.516027881721927,8.816403262391917,0.8978528480822026,32.71296296296296,1496448,0.4635428624136161,10.802917799282579,14.092908612096892,0.8443287037037037,0.351558317609108,38.144675925925924,0.12319143278731409,30.475772445198906,52.7648946807706,866,8.585012873990133,48,0.9305484805425003,0.0,28.269675925925934,6314,-1085.83399335,23.48065683877588,36.0,27.282085915655312,23.524984301248733,29.050925925925927,10.668225694662036,236,0.007578618,17806.642578125,0.03193885087966919,-45.5671694861518,8769.719150543213,8650,-0.02051223761540044,0.03894675925925926,0.0003,37618.20062210648,0.2
18.050597659188348,15.616886390419346,9.082799524727585,0.9004257532061609,32.93518518518519,1498176,0.45465533783234974,10.815270688467024,13.836850038202423,0.8414351851851852,0.3496843342612328,38.045717592592595,0.12245950761883558,30.51006457029441,52.8365139366496,867,8.941155673778,48,0.9251036102464631,0.0,29.521122685185166,6322,-1086.52654023,23.798962562130296,36.0,27.359979268190585,23.551610795396705,29.97685185185185,10.619276646983364,236,0.007098507,25559.63671875,0.07420206069946289,-45.57363043891059,9863.393818777578,8660,-0.01888682108665644,0.03373842592592593,0.0003,36761.77553530093,0.2
18.120251294377407,15.652465627017065,9.138003468060262,0.9052470131405745,32.99074074074074,1499904,0.46457648063725937,10.827264768945536,14.13489986741516,0.8599537037037037,0.35172717828881694,38.189236111111114,0.12672158146210707,30.545101819962948,52.95948612758391,868,8.797632191404642,48,0.9292615310141644,0.0,29.036458333333375,6329,-1088.7763436100001,23.95588456107853,36.0,27.504013002823424,23.578411423632648,30.092592592592595,10.685415466001203,236,0.006043038,22016.68359375,0.07122522592544556,-45.57023752000597,9286.540094361482,8670,-0.01801985871667663,0.025231481481481483,0.0003,34847.66272786458,0.2
18.05336367847491,15.60328805984856,8.894777005985977,0.9054641877767796,32.879629629629626,1501632,0.45492433511817465,10.839251426241336,13.825283035329418,0.8333333333333334,0.34543906827472076,38.051504629629626,0.12168675776764654,30.579365027551273,52.94672971468524,869,8.79466291832042,48,0.922845978020336,0.0,28.9424189814815,6336,-1090.26125081,23.478445464207272,36.0,27.513027081337622,23.605044832828835,29.28240740740741,10.500380398372734,236,0.00644056,22571.2265625,0.09560781717300415,-45.54997513382523,9839.21757120203,8680,-0.019485676229965908,0.02922453703703704,0.0003,40494.15366030092,0.2
18.04906858848746,15.523594667175606,9.174504065090963,0.9039951327749859,32.74074074074074,1503360,0.4595743518944919,10.85143615020424,13.975649002982294,0.8321759259259259,0.34012596538306505,38.010416666666664,0.11890906645202703,30.61400415005873,52.92239402661708,870,8.873889585161168,48,0.9186749882727383,0.0,29.2679398148148,6343,-1088.22480379,23.50609796070293,36.0,27.467143710397256,23.631667504300054,30.208333333333332,10.327999228436362,236,0.004577533,25288.07421875,0.0749824047088623,-45.55783037256312,9479.191169004087,8690,-0.013666232940913351,0.013715277777777778,0.0003,33069.173328993056,0.2
18.056914822161907,15.161660552518624,9.274041501361888,0.8971703490586057,31.962962962962962,1505088,0.4628898532169965,10.863271793671842,14.07015517522221,0.8344907407407407,0.327943819184058,38.057870370370374,0.12228248022702207,30.648879537996784,52.76095533469381,871,8.734257387041042,48,0.9268062280877238,0.0,28.79774305555551,6351,-1093.1622156800001,22.88118374974226,36.0,27.278902565272034,23.65830979135546,30.555555555555557,9.965481695861747,236,0.007155777,29928.173828125,0.0739598274230957,-45.54858772842972,8131.7326028894495,8700,-0.01731213431770879,0.03275462962962963,0.0003,41505.88998842592,0.2
18.106249625737586,14.867977187419408,9.543505533225682,0.8994464331485079,31.324074074074073,1506816,0.4655111505217125,10.875260637480805,14.154952598575695,0.8668981481481481,0.316453862020261,38.15393518518518,0.12585234887092303,30.683966919493223,52.78752294195916,872,8.795537523584963,48,0.9125095317242284,0.0,28.94241898148145,6358,-1097.89058808,22.50351373210716,36.0,27.338742902720515,23.685075415419803,31.365740740740744,9.612031011462067,236,0.0073608328,25997.423828125,0.025324344635009766,-45.56091150354456,10866.728547781486,8710,-0.019454208345807814,0.03153935185185185,0.0003,49750.47893518519,0.2
18.07776217461631,14.580403570755408,9.42187934511851,0.8966888274175032,30.712962962962962,1508544,0.4631593234425126,10.887099818109846,14.094109169190828,0.8391203703703703,0.3125806427375819,38.085648148148145,0.12378451740822005,30.7189021924162,52.73942354007968,873,8.735672251616549,48,0.9178838705811286,0.0,28.776041666666703,6365,-1100.40342313,21.984341108948666,36.0,27.254553853364822,23.711769820856343,31.01851851851852,9.502058193074747,236,0.009565736,31596.87109375,0.0729246735572815,-45.56527704309534,8522.221061847828,8720,-0.022397318256467028,0.054050925925925926,0.0003,36299.88921802662,0.2
17.99250783677076,14.141229899129698,9.044175758391317,0.8971351141950289,29.805555555555557,1510272,0.4582063184314664,10.898571742482797,13.948857915381609,0.8142361111111112,0.302514877609654,37.91319444444444,0.11812305252341786,30.753474337204654,52.70218262735937,874,8.58876974918079,48,0.9242168628362747,0.0,28.32031250000005,6372,-1093.08944504,20.86044648366354,36.0,27.249327283575123,23.73825109044827,29.861111111111114,9.195040826142526,236,0.007170962,25639.09765625,0.10461252927780151,-45.56071162753635,10545.849924666793,8730,-0.01995547654590121,0.02974537037037037,0.0003,31404.83714554398,0.2
17.98114058398303,14.025259719871537,8.915369168494657,0.8927961266225651,29.527777777777775,1512000,0.4525687271537859,10.910792627059054,13.746108960285945,0.8478009259259259,0.29559166625690675,37.891782407407405,0.12473423987010346,30.787539609605368,52.680139447457776,875,8.888353830502453,48,0.9239322066819312,0.0,29.239004629629658,6380,-1090.95703464,20.418940654753257,36.0,27.123831492245316,23.764703941908227,29.398148148148152,8.998311766387062,236,0.004384623,26165.861328125,0.11003291606903076,-45.541627403541845,11390.756979144062,8740,-0.015026357866547727,0.01238425925925926,0.0003,23637.38429542824,0.2
17.950945564944227,14.217729670386483,8.982912597395101,0.8922057506243197,29.962962962962962,1513728,0.4515226516476294,10.92266121731861,13.73616580658179,0.8518518518518519,0.29794892554791247,37.8275462962963,0.1252230614953483,30.821580024121822,52.56799379666137,876,8.747436103822794,48,0.9278116247068786,0.0,28.85561342592594,6387,-1087.1576863999999,20.742445400566627,36.0,27.100591172713308,23.791081305820587,29.629629629629633,9.061803132785043,236,0.0072094817,22856.4921875,0.028439640998840332,-45.522553295559355,9582.795784787779,8750,-0.01862960777900837,0.030324074074074073,0.0003,29569.77955005787,0.2
17.969965251272715,14.299520566341672,9.095573213342938,0.8933952547683107,30.12962962962963,1515456,0.4528842851356793,10.934946264624825,13.756842281714006,0.8258101851851852,0.30097082002779246,37.873263888888886,0.12180556551746921,30.855672129826107,52.612351853204494,877,8.9140189224859,48,0.9262052862031245,0.0,29.30410879629633,6394,-1088.75543201,21.028261280103173,36.0,27.146561785043293,23.81750621894877,29.97685185185186,9.153167500418563,236,0.008021192,33146.21484375,0.05550706386566162,-45.534266747368704,9702.489160551848,8760,-0.019759671838471184,0.04050925925925926,0.0003,40812.63634982639,0.2
18.02612878491788,14.223217207790901,9.333248450314874,0.8922982405784161,29.98148148148148,1517184,0.45325289873181135,10.94687449945837,13.761661883038812,0.84375,0.29117082573631387,37.96643518518518,0.12514926360534692,30.889776284533703,52.61542163395734,878,8.771293933418404,48,0.9143735194327995,0.0,28.8194444444445,6401,-1091.76060433,20.88888024947576,36.0,27.110857444589357,23.844071540911063,30.787037037037038,8.852414591369987,236,0.006535732,19890.916015625,0.08777320384979248,-45.53484959072537,10241.390059972693,8770,-0.01764310433667291,0.03466435185185185,0.0003,31771.231080005786,0.2
17.900481269785775,13.921939256325077,8.932001984543858,0.8904988139527422,29.314814814814813,1518912,0.45141589122595044,10.958868729790437,13.741169462335032,0.8472222222222222,0.277368807039693,37.713541666666664,0.12472777655904127,30.92382920818954,52.59938243041987,879,8.79769213282667,48,0.9229978206953008,0.0,28.94965277777781,6408,-1089.57036895,19.791482758737317,36.0,27.050931987776522,23.870322744085527,29.513888888888886,8.45754151786838,237,0.009113211,21618.58984375,0.07854044437408447,-45.519824798018846,8822.108343957972,8780,-0.021260269186287015,0.05908564814814815,0.0003,37410.90252097801,0.2
17.946531300291106,13.670372730833444,9.41500849750175,0.8853764345265526,28.76851851851852,1520640,0.44304859690083565,10.97131472639166,13.460198366592785,0.8599537037037037,0.26104090858453727,37.82465277777778,0.12761008160101517,30.957179704106025,52.494896791389976,880,8.978398640488951,48,0.931279679024997,0.0,29.571759259259313,6416,-1085.1853495499997,19.527944962448448,36.0,26.88905789455222,23.896689072336255,31.01851851851852,7.962563734113253,237,0.0056710085,22514.611328125,0.07739204168319702,-45.50599654868797,9488.593728411639,8790,-0.016780022052289158,0.021643518518518517,0.0003,31731.390693721063,0.2
17.986057397051514,13.599051380675315,9.405594060635405,0.8805128636109663,28.638888888888886,1522368,0.4521977922131924,10.983185025360676,13.762900106465066,0.8344907407407407,0.2540434184291875,37.90625,0.12321132095505964,30.99128695437219,52.42278690436717,881,8.748119587607034,48,0.9178126262277985,0.0,28.826678240740737,6423,-1089.47108761,19.231013060574256,36.0,26.762258221074973,23.923154215828884,31.01851851851852,7.746367619263538,237,0.0058033885,17329.84765625,0.020034611225128174,-45.51547602900752,10525.585176086426,8800,-0.01912014963346775,0.02511574074074074,0.0003,33208.77505425347,0.2
17.945092025030316,13.741906787020165,10.284228682268624,0.8837100982569647,28.925925925925924,1524096,0.44669922055147143,10.995430395341616,13.563623146390276,0.8101851851851852,0.25764398633555513,37.813657407407405,0.12193253943961938,31.024896012238166,52.475032610840515,882,8.898147992375732,48,0.9188951862551465,0.0,29.267939814814863,6430,-1092.53079241,20.365708645099637,36.0,26.864187045436438,23.94951694589146,33.91203703703704,7.859573175810848,237,0.007297513,29196.650390625,0.12412399053573608,-45.51450695461697,8563.991146115903,8810,-0.016721101491539568,0.02974537037037037,0.0003,34993.37220413773,0.2
18.0246776139895,13.687810039298347,10.249962873665758,0.8808925939949311,28.796296296296294,1525824,0.4538164809060361,11.007544079015208,13.789685864402076,0.8269675925925926,0.2550767552235396,37.983217592592595,0.12223702841695055,31.05907022689917,52.46966349890011,883,8.845473469436376,48,0.9151900772479872,0.0,29.13773148148152,6437,-1095.39784822,20.204712520131217,36.0,26.775108628086347,23.976078639926435,33.7962962962963,7.786939607167111,237,0.009788163,17790.578125,0.06448400020599365,-45.529575757627136,9688.816653018528,8820,-0.02114108942311119,0.06469907407407408,0.0003,42813.50432581019,0.2
17.970641555664148,13.724980792777368,10.447694608915723,0.8765043570546688,28.87962962962963,1527552,0.44906044544012336,11.019390072298085,13.654487979310824,0.8506944444444444,0.2515991467599352,37.8744212962963,0.128692575129102,31.092906446847447,52.40022598463272,884,8.738397313150623,48,0.9233079428833448,0.0,28.819444444444443,6445,-1097.10503728,20.332580404149795,36.0,26.656179196402025,24.002505243815595,34.49074074074074,7.679905002456704,237,0.0070860717,29263.46484375,0.09542238712310791,-45.530910619099934,8540.90311477096,8830,-0.019252857690056167,0.03304398148148148,0.0003,34538.31963252315,0.2
17.967747660776112,13.913832273813767,10.517679629610841,0.8836105124098923,29.259259259259256,1529280,0.44851032812372715,11.03141440776587,13.627013914251135,0.8350694444444444,0.26370956084843117,37.848958333333336,0.12114521848532828,31.126673981633076,52.48773463250192,885,8.809734187114284,48,0.9198223540637689,0.0,29.029224537037116,6452,-1095.49555125,20.972319736726746,36.0,26.870964897700173,24.028924612967536,34.72222222222222,8.06080783330214,237,0.009081029,23516.046875,0.05652737617492676,-45.53314439279062,9627.691254184863,8840,-0.02300557581776822,0.06521990740740741,0.0003,46934.16539351852,0.2
18.00255045722652,13.696783916861648,11.245981835378672,0.8823215651478143,28.833333333333332,1531008,0.45693891237082485,11.043299707347385,13.906341598460314,0.8582175925925926,0.25107957294905575,37.932870370370374,0.1289152564112584,31.161139835629225,52.453035065303986,886,8.754119832606063,48,0.921033143865398,0.0,28.848379629629683,6459,-1100.20089295,21.085579641993924,36.0,26.838561970268554,24.0554309891106,37.037037037037045,7.662813889753607,237,0.009943313,27659.25,0.09481054544448853,-45.5391259793882,7940.606792718393,8850,-0.019271696893567287,0.06099537037037037,0.0003,47432.57973090278,0.2
18.019058426083607,13.836048109122457,11.168381148950923,0.8804128625536563,29.12037037037037,1532736,0.4546590074170207,11.05512304870636,13.820942267006657,0.8194444444444444,0.2559220232075243,37.970486111111114,0.11874818887941287,31.19539219129674,52.437270564062224,887,8.729336543589584,48,0.9195936765403552,0.0,28.754340277777807,6466,-1104.43526843,21.296438843779697,36.0,26.775817268233794,24.08197863517581,36.805555555555564,7.812009585706318,237,0.005200368,19108.533203125,0.1265650987625122,-45.54310675726997,9961.066229248047,8860,-0.01605381707108959,0.02175925925925926,0.0003,41254.85861545139,0.2
18.044622360191454,13.687788587308617,11.202906610321714,0.8859293648043866,28.805555555555557,1534464,0.4556032510912492,11.066926741236848,13.874359891438637,0.8373842592592593,0.2551441652754704,38.023148148148145,0.12103792800620355,31.229778091025338,52.54474121909819,888,8.721477012195416,48,0.9189787679534979,0.0,28.725405092592652,6473,-1106.5363624899996,21.163343612033586,36.0,26.942435663296255,24.10859019107629,36.921296296296305,7.7926484144032555,237,0.006538591,15121.1015625,0.06411319971084595,-45.5552012125651,11148.169556963885,8870,-0.017169424393041817,0.03130787037037037,0.0003,27341.617350260418,0.2
17.886424075517144,13.533531806849425,11.027920857196344,0.8824367029260105,28.462962962962962,1536192,0.44731471786011173,11.079041394999647,13.58043351868365,0.8385416666666666,0.2443717462324654,37.69039351851852,0.12233666467046234,31.263429174822047,52.50872979601317,889,8.845861505119803,48,0.9185016802436285,0.0,29.065393518518594,6481,-1103.18544632,20.521705396403412,36.0,26.829315043922232,24.134806251265083,36.34259259259259,7.480252732357644,237,0.008363404,25171.00390625,0.14149725437164307,-45.54322622793692,8884.34367119118,8880,-0.01667362159738938,0.03564814814814815,0.0003,33634.10891203704,0.2
17.94764537169955,13.737458686964166,10.461205647495495,0.8821028930998981,28.888888888888886,1537920,0.45170292248797117,11.090956199797748,13.729426812342949,0.8582175925925926,0.25335201447058814,37.81828703703704,0.12465721061357479,31.297452741852904,52.518192727735176,890,8.76592191924038,48,0.9200598011262604,0.0,28.906250000000046,6488,-1099.8823271500003,20.43355328551025,36.0,26.823301242911885,24.16117536469433,34.49074074074074,7.754888951050589,237,0.0070959157,30666.650390625,0.08649665117263794,-45.552987501356334,9614.418938926414,8890,-0.017815029038185323,0.0353587962962963,0.0003,41507.88930121528,0.2
17.963635697617345,13.488801830132594,10.426386154474567,0.8820192076962513,28.37962962962963,1539648,0.4544459067570917,11.102991895168893,13.839142384432245,0.8304398148148148,0.24634986048980023,37.854166666666664,0.1227301695729157,31.331750597813986,52.468955600794374,891,8.814278148457733,48,0.9165926346455259,0.0,29.144965277777775,6495,-1106.1984395499999,19.931048707265056,36.0,26.8161755770199,24.187584453938374,34.375,7.535860722657897,237,0.009011905,16944.458984375,0.06362426280975342,-45.5570448840106,9050.027065672697,8900,-0.02065752136728002,0.049652777777777775,0.0003,39811.932667824076,0.2
17.97910897141082,13.763160637634437,10.826115737208115,0.8858225484934191,28.972222222222225,1541376,0.451222935137054,11.115033524860051,13.722682348397099,0.8535879629629629,0.2566092184551992,37.88078703703704,0.12273326467495059,31.36575730368498,52.53143984027912,892,8.816651876463075,48,0.9179766073017704,0.0,29.079861111111214,6502,-1107.53880228,20.895042615460348,36.0,26.94055093866466,24.2140322263669,35.64814814814815,7.825766240617798,237,0.0054413844,34699.53515625,0.14967215061187744,-45.56481098598904,9742.733294762505,8910,-0.015552083439090186,0.019444444444444445,0.0003,40906.35138165509,0.2
17.98281049419014,13.66949772622299,10.731508422948403,0.8904527288120732,28.777777777777775,1543104,0.44996139357272474,11.127523539006535,13.656791928331925,0.8553240740740741,0.2605895094936536,37.907986111111114,0.1254968798193143,31.39959928350581,52.61259609943269,893,8.996005658594125,48,0.9209513773612145,0.0,29.586226851851908,6509,-1108.2362859,20.817046595034743,36.0,27.075895462570518,24.240489252602377,35.30092592592593,7.936040445863349,237,0.0062610656,26013.529296875,0.06954830884933472,-45.57143948872884,8739.64827835648,8920,-0.01700701072846574,0.030497685185185187,0.0003,50284.942064525465,0.2
18.034574423892014,13.884157463927815,11.072463484087933,0.8918446129491414,29.212962962962962,1544832,0.4521175383021834,11.139819972025956,13.73938253812352,0.859375,0.26358258488271286,38.005208333333336,0.1275431678702672,31.43364773985112,52.64505965779733,894,8.918573207768006,48,0.9251837927553132,0.0,29.39814814814819,6516,-1111.481324,21.478905918120947,36.0,27.115668825546305,24.267075688662107,36.45833333333334,8.0422849701052,237,0.0069090803,36566.59765625,0.0794210433959961,-45.574913632428206,9434.866950197573,8930,-0.021362393713314776,0.035069444444444445,0.0003,44856.1232349537,0.2
18.015805582574327,13.888113871734015,11.084018959463513,0.8963339898935319,29.23148148148148,1546560,0.46207291824012126,11.151695125212568,14.04319232775886,0.8321759259259259,0.26392194225706156,37.97743055555556,0.12324455552704369,31.46845572067052,52.69988417748186,895,8.750061274644438,48,0.9184019896727368,0.0,28.790509259259252,6524,-1119.3835379299999,21.502507749909444,36.0,27.262074364166114,24.293615202618543,36.574074074074076,8.050374918711915,237,0.0067600994,30539.060546875,0.05644494295120239,-45.578080579969615,9141.142149126972,8940,-0.01744416864692337,0.030266203703703705,0.0003,43668.30157335069,0.2
17.993508567374665,14.077707249582494,11.190504072746776,0.8952411910831582,29.62962962962963,1548288,0.4507892956650867,11.163837343339491,13.704373617223906,0.8518518518518519,0.2742833367171507,37.907986111111114,0.12657915748114568,31.502416654713578,52.718197743979374,896,8.856887250769308,48,0.9204886186765885,0.0,29.18113425925928,6531,-1118.2418117,22.11531064503447,36.0,27.230603982475795,24.32009897403698,36.9212962962963,8.367099322705197,237,0.010802279,38757.48046875,0.10559237003326416,-45.57654430248119,9445.4610336445,8950,-0.02347199965302867,0.06545138888888889,0.0003,48557.04845920139,0.2
17.84924170139982,14.095464626541114,10.812587210907575,0.8972891206214574,29.675925925925924,1550016,0.4530420550454572,11.17602265164084,13.78044502593003,0.8246527777777778,0.28566745875564664,37.604166666666664,0.122706290828159,31.536567767278402,52.819376862311906,897,8.874123320539793,48,0.9301884793658919,0.0,29.23900462962968,6538,-1113.93633011,22.099279912278476,36.0,27.279152144544327,24.34622207829048,35.64814814814815,8.711228074829789,237,0.019532643,22499.16796875,0.09326285123825073,-45.57047865125868,9191.101515734637,8960,-0.02766277118827458,0.1416087962962963,0.0003,43473.39313512731,0.2
17.98747594921203,13.945893212842279,10.704626828306601,0.8965741705965926,29.37037037037037,1551744,0.45887081918971984,11.18782794730876,13.951055868089762,0.8292824074074074,0.2801913721278155,37.914351851851855,0.12600001875129513,31.571145406948627,52.768622044982955,898,8.722118267167382,48,0.9264338125821866,0.0,28.754340277777782,6545,-1117.31982753,21.67152008597129,36.0,27.265246214529824,24.372690768163512,35.30092592592593,8.541000044822411,237,0.0031185267,22428.685546875,0.002512812614440918,-45.56495495548955,12000.050265276874,8970,-0.012033137817073752,0.008506944444444444,0.0003,29828.646940104165,0.2
18.01269225811666,14.117091177546067,10.58330269708156,0.8957381359048647,29.740740740740744,1553472,0.4509107273658101,11.199900468321779,13.720146183889298,0.8813657407407407,0.28763030506382714,37.9537037037037,0.12930904083607342,31.60514577240835,52.805355357405574,899,8.829008405207405,48,0.924070565117745,0.0,29.050925925926006,6552,-1119.43560921,21.94572177714635,36.0,27.236403930703812,24.399222498808804,34.9537037037037,8.765327902518722,237,0.004709015,9467.4384765625,0.05697512626647949,-45.560382249620226,10920.365840035898,8980,-0.015579603215748514,0.013483796296296296,0.0003,37387.8138744213,0.2
18.06117161177696,14.392299585094962,10.259444258169344,0.8964151087725925,30.305555555555557,1555200,0.4583476420187179,11.211912782556126,13.953917309572745,0.8460648148148148,0.2940436644377332,38.0630787037037,0.1268273958179213,31.63973056568228,52.821056972696766,900,8.804925693738623,48,0.9250095636442524,0.0,29.007523148148156,6560,-1122.15645882,22.10146422016036,36.0,27.26607556152129,24.425875427838246,33.796296296296305,8.969720376896055,237,0.007924022,22653.78125,0.10292607545852661,-45.56060341729058,8452.30456882053,8990,-0.01807216585924228,0.039699074074074074,0.0003,42271.60288628472,0.2
18.036934353157967,14.750777639298292,10.134535141369396,0.896857660071121,31.074074074074076,1556928,0.455415792670041,11.224287737337233,13.83800954952932,0.8304398148148148,0.30448087604865653,38.00636574074074,0.1252653575197666,31.674025589556106,52.820785600263626,901,8.949981912442778,48,0.9251868252170392,0.0,29.434317129629655,6567,-1126.67376566,22.63108120988653,36.0,27.28174651167417,24.452467763721142,33.333333333333336,9.265768429218843,237,0.007260781,30586.322265625,0.07456743717193604,-45.570825011641894,10330.103861321344,9000,-0.018819146020406925,0.03315972222222222,0.0003,56731.37604166667,0.2
18.03065612745853,14.761339789394404,9.774842425397237,0.8952415368742384,31.09259259259259,1558656,0.45871566768360317,11.2361746284621,13.96701887598703,0.84375,0.3081448741745904,37.97453703703704,0.12151571546970279,31.708643136746073,52.777425458564664,902,8.75475644994657,48,0.9226628463656181,0.0,28.85561342592598,6574,-1126.70518733,22.39493824489621,36.0,27.227646066859545,24.479044404039787,32.175925925925924,9.37875603010457,237,0.004281382,17230.712890625,0.031855225563049316,-45.576174107304325,12263.712775675456,9010,-0.015913556759349173,0.013715277777777778,0.0003,22955.03706597222,0.2
17.995866667227425,14.371415732368462,9.490069779485516,0.894411893593077,30.26851851851852,1560384,0.4452218521999072,11.248765442338367,13.515741065515117,0.8373842592592593,0.2928888664579988,37.923032407407405,0.1236790610242877,31.74213248940986,52.74333869095897,903,9.036325550506787,48,0.9289499699064078,0.0,29.687500000000014,6581,-1123.15630942,21.26699067309862,36.0,27.207301889014317,24.505534070707856,31.25,8.925505161244642,237,0.0044480413,26070.92578125,0.06685137748718262,-45.567927268699364,11301.034850565593,9020,-0.014865605308053394,0.013078703703703703,0.0003,37297.12883391204,0.2
17.937369873137712,14.159571846306454,9.198801660783738,0.8907346047505381,29.814814814814813,1562112,0.44733370820989354,11.260642403792112,13.590992532515282,0.8576388888888888,0.28636723639507755,37.80555555555556,0.12730293603832826,31.77580997074115,52.730347901758044,904,8.750784581497472,48,0.9267586298036865,0.0,28.82667824074077,6588,-1117.5526646599997,20.576304314118893,36.0,27.097896541746355,24.531877495390702,30.324074074074076,8.7379308070287,237,0.0038475466,22934.107421875,0.10881537199020386,-45.57112243087204,10821.912069899947,9030,-0.011397340624696679,0.009837962962962963,0.0003,25836.632957175927,0.2
17.959426680171532,14.422919530002867,9.023013750755068,0.8861968656238265,30.37037037037037,1563840,0.4487894317693501,11.27266088083336,13.632879100065425,0.8570601851851852,0.29354536628540195,37.84085648148148,0.12600993591989096,31.809592168491314,52.646481397481615,905,8.807390816499227,48,0.919872378167092,0.0,29.03645833333344,6596,-1118.6463701100004,20.876618812537636,36.0,26.9567491206692,24.55827606209113,29.74537037037037,8.950685531779703,237,0.0069001964,13558.234375,0.08452880382537842,-45.56522021823459,9323.0298507973,9040,-0.01976711705878929,0.02939814814814815,0.0003,37917.141800491896,0.2
18.01731323592724,14.115254055141387,8.528157698291702,0.8828324223624269,29.694444444444443,1565568,0.45209197382352684,11.284441758722798,13.736833623705996,0.8020833333333334,0.2831575746459149,37.973958333333336,0.11776805566929589,31.84363425255058,52.5636125237084,906,8.712351155774977,48,0.9172559695530441,0.0,28.70370370370377,6603,-1122.2350246,19.77678123718635,36.0,26.858587016988235,24.58481934518095,28.125,8.653369483753261,237,0.00657564,31564.724609375,0.064536452293396,-45.5564793198197,9789.675703599718,9050,-0.014632566381866734,0.017997685185185186,0.0003,42003.21226851852,0.2
17.93742854656088,14.183341540835675,7.893337455436772,0.8831889126021312,29.842592592592595,1567296,0.44560151843496515,11.29609317355675,13.559250623469234,0.8310185185185185,0.2900805725558931,37.795717592592595,0.12165912043233186,31.877232379109252,52.499296572355604,907,8.660565933581,48,0.9236883200760978,0.0,28.530092592592627,6610,-1120.37345978,19.414195354772648,36.0,26.86109752812402,24.611162916547354,26.041666666666668,8.8575163585002,237,0.0062529263,24122.595703125,0.04603332281112671,-45.541653343483254,10262.272383202448,9060,-0.016446031041926257,0.02505787037037037,0.0003,40949.51114728009,0.2
17.95453080787762,13.999743030365948,6.9739495177023505,0.8783982586599411,29.472222222222225,1569024,0.44776422647458947,11.308100643786572,13.626669291149803,0.8680555555555556,0.2914403760306727,37.823495370370374,0.1308108704718011,31.910999052337125,52.4044058115466,908,8.802988091928915,48,0.9255433519445544,0.0,29.072627314814895,6617,-1118.8614407999999,18.343846964914633,36.0,26.712038633597558,24.637549243567047,23.03240740740741,8.89015441684633,237,0.004305376,16406.806640625,0.04318124055862427,-45.540260470355,10373.517893021195,9070,-0.01497368660358781,0.012847222222222222,0.0003,29824.926179108796,0.2
17.816502263174673,13.846673406188367,8.435912996475457,0.8787401489407719,29.138888888888886,1570752,0.4463147251020406,11.319757747323493,13.556471850944083,0.8159722222222222,0.2746857512410866,37.54108796296296,0.11701445848579485,31.944590231964487,52.46246311055069,909,8.662841414768545,48,0.913507951601062,0.0,28.54456018518519,6625,-1119.1811001400001,19.141162471139594,36.0,26.709330132133832,24.663590499224984,27.777777777777782,8.378576068475772,237,0.007829239,19392.765625,0.08190643787384033,-45.53192555462873,9531.696059332953,9080,-0.01847431297517485,0.03657407407407407,0.0003,38390.83966290509,0.2
17.958974518232708,13.70106661142601,7.733857995553521,0.8712096993465318,28.851851851851848,1572480,0.44769080581569515,11.332123197146677,13.594958514473822,0.8356481481481481,0.27605429013180144,37.83738425925926,0.12137260925480163,31.97827762825067,52.370164207566006,910,8.946179929273642,48,0.9261456918551241,0.0,29.441550925926006,6632,-1121.37672672,18.315406633631667,36.0,26.475174156088787,24.689987935520566,25.462962962962962,8.400482026652137,237,0.008000014,35162.3515625,0.040765345096588135,-45.529520190203634,8655.956012980143,9090,-0.020262882405788534,0.04137731481481482,0.0003,56411.34947916667,0.2
17.84144487035818,13.623803640095119,7.56525139114832,0.8751078513110372,28.675925925925927,1574208,0.4436264756970036,11.344631774612807,13.48489269791566,0.8287037037037037,0.27379960346383486,37.59664351851852,0.12127925448676233,32.01168985999546,52.42690447639061,911,9.00343098645251,48,0.9184849353507053,0.0,29.636863425925995,6639,-1122.65486305,18.0148421397665,36.0,26.596286361160164,24.71609154769646,24.884259259259263,8.345787108523062,237,0.0047451933,21043.880859375,0.119448721408844,-45.53473575733326,10544.068973739058,9100,-0.01619837940843017,0.016203703703703703,0.0003,33865.718699363424,0.2
17.9711210820131,13.76973373807211,7.2719452668909135,0.875242218456573,29.009259259259256,1575936,0.44638806676426723,11.35714450183276,13.576906978919737,0.8379629629629629,0.285095598545291,37.86226851851852,0.12014198781065204,32.045332127442755,52.41414743867608,912,9.005090887981186,48,0.9168931485331938,0.0,29.716435185185205,6646,-1125.65916435,18.20175200040437,36.0,26.59424170179807,24.742519350401494,23.958333333333332,8.680072995441344,237,0.008108567,12539.46875,0.07212793827056885,-45.53940007245099,9837.37358744586,9110,-0.019048321002197485,0.05028935185185185,0.0003,40575.114489293985,0.2
17.97875014670862,13.448834491471224,8.152847811386382,0.87242862990013,28.305555555555557,1577664,0.45196161977530674,11.369215282253359,13.74934680969943,0.8165509259259259,0.2676452166592104,37.879629629629626,0.12144917093736121,32.079405494467004,52.32835838321432,913,8.828312168239256,48,0.9075549143623641,0.0,29.08709490740736,6653,-1131.4120093600002,18.244964149602428,36.0,26.51149027487648,24.768966225768267,26.85185185185185,8.163281846744821,237,0.008152755,25298.095703125,0.05472654104232788,-45.54258653146249,9604.185819216127,9120,-0.021804291343626877,0.04976851851851852,0.0003,43527.31197916667,0.2
17.844129561522276,13.425623042783903,7.868709501501583,0.8719747124667512,28.240740740740744,1579392,0.44916149833387214,11.381524898125036,13.639278118341004,0.8391203703703703,0.2664324438203538,37.604166666666664,0.1236577594061831,32.113203689762855,52.31427982127195,914,8.923846348671182,48,0.9185964223188754,0.0,29.347511574074108,6661,-1132.19443167,17.916359874552647,36.0,26.50600004899492,24.79507654967207,25.925925925925924,8.14202733026716,237,0.005203947,26231.220703125,0.11967861652374268,-45.54905517012985,8434.25765878183,9130,-0.015879540335111044,0.019444444444444445,0.0003,41649.72439236111,0.2
17.882104424044435,13.341042035907934,8.551992982864151,0.8730086325791201,28.064814814814813,1581120,0.45178900468770267,11.393661656275468,13.723759490534993,0.8350694444444444,0.2568367109344469,37.6875,0.12335053981622472,32.147213088489195,52.367672715688194,915,8.854703260172846,48,0.9162474305752069,0.0,29.144965277777775,6668,-1131.8534196300002,18.221691941132327,36.0,26.544669806974316,24.82128181073218,28.125,7.848656922360242,237,0.004708031,18172.22265625,0.04562735557556152,-45.56121886924461,9985.545574555574,9140,-0.015226342342793941,0.013368055555555555,0.0003,45859.4386646412,0.2
17.843320923788315,13.277071077759024,8.727863881648338,0.867680911469063,27.953703703703706,1582848,0.4477991185988508,11.40589810364188,13.610453798993548,0.8396990740740741,0.25159040392172927,37.59722222222222,0.12322939192852164,32.18093922298668,52.29984768475884,916,8.894578946564886,48,0.9270594782491995,0.0,29.28964120370367,6675,-1132.27697584,18.153340415830378,36.0,26.376188932913095,24.84739011304165,28.703703703703706,7.668405456423017,237,0.005787199,23057.36328125,0.09175527095794678,-45.562432056003146,9539.18073700799,9150,-0.01614920587313396,0.02025462962962963,0.0003,42826.24503761574,0.2
17.981673830408585,13.410738006692648,8.472782897045375,0.868691808314071,28.23148148148148,1584576,0.453330992399139,11.418105524481401,13.773222774093936,0.8541666666666666,0.2616148446587493,37.88773148148148,0.1267541104558403,32.21507227992191,52.34815958678147,917,8.882968335808846,48,0.9236377571519684,0.0,29.21730324074073,6682,-1136.23183551,18.341999353366553,36.0,26.40376095169333,24.873844297617673,27.89351851851852,7.978478449628528,237,0.0072891116,16279.2333984375,0.10937368869781494,-45.57732883029514,10433.938496201126,9160,-0.016379531691954642,0.02980324074074074,0.0003,35756.31232638889,0.2
18.01241630324378,13.490655990023626,8.502657595663836,0.8749996112591197,28.388888888888886,1586304,0.4514477819999311,11.430244120902085,13.719591246741478,0.828125,0.26619194790885853,37.963541666666664,0.12420289176600664,32.24907125803877,52.40531325863429,918,8.855438568273234,48,0.9174777991197492,0.0,29.19560185185184,6690,-1140.9805260399999,18.603881090998996,36.0,26.59578068299025,24.90037533837578,28.009259259259263,8.130567505311532,237,0.005687066,28404.564453125,0.1157984733581543,-45.574759589301216,9803.510160121212,9170,-0.01696004429659634,0.02065972222222222,0.0003,41462.99105902778,0.2
17.875899207578605,13.415176905428204,8.752430599251925,0.8732369809983039,28.23148148148148,1588032,0.44750247952722505,11.442949295941832,13.606555690565974,0.8327546296296297,0.26008041452821345,37.666666666666664,0.1220700928067296,32.28278764726518,52.407023154403554,919,9.082070015898408,48,0.9197418316423126,0.0,29.890046296296283,6697,-1139.86147109,18.599224540032225,36.0,26.547050197832437,24.926565086394728,28.819444444444443,7.951617035352097,237,0.0049120197,29980.59375,0.08713597059249878,-45.578731777049875,11089.894038278086,9180,-0.015404250331360985,0.015625,0.0003,37983.97826967593,0.2
17.866072827307647,13.37219756659733,9.097604602610907,0.8749983015486117,28.175925925925924,1589760,0.4486355499507759,11.455313311869167,13.63716835277061,0.8292824074074074,0.25420855155007765,37.6568287037037,0.11948940722928049,32.31658056814711,52.48276179785921,920,8.945606370934625,48,0.9182145624202446,0.0,29.47048611111115,6704,-1137.7678064600002,18.695928255156666,36.0,26.594612218953007,24.952730268462997,29.97685185185185,7.746126085948426,237,0.0053245523,15667.962890625,0.12195843458175659,-45.57659912109375,9447.880730918601,9190,-0.01586594516756358,0.020023148148148148,0.0003,37258.176468460646,0.2
17.98887691556354,13.166397734367829,9.044375868414974,0.8732102411154127,27.75,1591488,0.4563288210621849,11.467062603395728,13.876712635833618,0.8454861111111112,0.2498915924609009,37.895833333333336,0.12859691516605756,32.35097234973669,52.486750713742985,921,8.699716610624789,48,0.9322552867937145,0.0,28.645833333333403,6712,-1142.70852777,18.3005916660784,36.0,26.540633596062893,24.979202460751907,29.861111111111114,7.609818063295598,237,0.0058826925,23567.1328125,0.022551000118255615,-45.5588129679362,10629.051750578703,9200,-0.017597155986974637,0.02309027777777778,0.0003,44977.57022569444,0.2
17.92735471027373,12.969707572580935,9.044375868414974,0.8707101842544186,27.314814814814813,1593216,0.4419160899964619,11.479790091669882,13.43658059631238,0.8576388888888888,0.2385703752932403,37.78993055555556,0.12787776745822596,32.384263801227476,52.45379267761347,922,9.090995309661658,48,0.9324291266120218,0.0,29.99855324074077,6719,-1141.2076615899998,17.771774984540258,36.0,26.45900069011474,25.005520847527592,29.861111111111114,7.277691543544349,237,0.003800195,19333.498046875,0.08505827188491821,-45.55045793321398,11854.850785827637,9210,-0.012908060653825049,0.008391203703703705,0.0003,26200.79572120949,0.2
17.861836575619172,13.153639119564522,8.415581555100687,0.8728378987819974,27.685185185185187,1594944,0.44342556613494954,11.492090153022495,13.46695813187763,0.8142361111111112,0.24893888555336094,37.632523148148145,0.11909655546185631,32.41763119655717,52.52287610684224,923,8.920024541045551,48,0.9116610533615819,0.0,29.34027777777776,6726,-1135.0313115499998,17.65197535508757,36.0,26.523584862722135,25.03167543896664,27.777777777777775,7.60275468042236,237,0.0072424267,19912.03515625,0.02413541078567505,-45.558617175066914,11437.6696206552,9220,-0.02061722243066739,0.03466435185185185,0.0003,29299.98185763889,0.2
17.916193737604207,13.35644111051785,7.986089822549822,0.871519171472928,28.12037037037037,1596672,0.4534311790385406,11.503759233856774,13.787988329304627,0.8142361111111112,0.26197642536633864,37.751157407407405,0.11926463604248173,32.45180116738043,52.44754320758665,924,8.667632333711493,48,0.918908161146276,0.0,28.616898148148206,6733,-1140.34737488,17.819314472807065,36.0,26.490716632128283,25.05796592331065,26.38888888888889,7.996783539739397,237,0.009245608,43420.24609375,0.06250697374343872,-45.56627269321018,8384.646575362594,9230,-0.02173181402290033,0.04722222222222222,0.0003,46190.493178530094,0.2
17.895893492358795,13.658324010409956,9.17353474003686,0.8724071146742797,28.796296296296294,1598400,0.4483665363522173,11.516340335562775,13.624442217066665,0.8298611111111112,0.2571120498179797,37.707754629629626,0.12419689323280667,32.4855622729231,52.408369821417615,925,9.032440682400642,48,0.923020097155925,0.0,29.709201388888914,6741,-1145.4293922299998,19.126910352682966,36.0,26.519030397850617,25.084205657041547,30.208333333333332,7.81505160223615,237,0.008061839,31337.75390625,0.08247661590576172,-45.559690927576135,9744.390671638206,9240,-0.01791276090985371,0.044328703703703703,0.0003,45901.96975549769,0.2
17.932386679407497,13.39380947018426,8.679344499962179,0.878064073775466,28.212962962962962,1600128,0.4478360308278689,11.528830324126663,13.590077242992924,0.8535879629629629,0.2517118574494644,37.78819444444444,0.12573975527653997,32.51923746603058,52.592605016854804,926,8.995995425554817,48,0.9206980283125491,0.0,29.56452546296294,6748,-1145.91524346,18.219580650651746,36.0,26.682057355181204,25.110536623740067,28.587962962962962,7.666426680505308,237,0.0052231494,21719.66015625,0.08022505044937134,-45.55398603368688,10751.535233052571,9250,-0.018182579139937406,0.01863425925925926,0.0003,35954.61265190972,0.2
17.856691684207863,13.239968278298164,7.941288646585323,0.8819516537839961,27.916666666666668,1601856,0.4426286590176446,11.541348100166928,13.455328858261284,0.8501157407407407,0.25369468304020787,37.61805555555556,0.1253926738077061,32.552575788176235,52.67850256787481,927,9.007110416106164,48,0.9156245107827561,0.0,29.665798611111093,6755,-1143.54643743,17.376401575067263,36.0,26.7986660129709,25.136678352950586,26.15740740740741,7.7151446501837775,237,0.0057804366,19361.392578125,0.07446372509002686,-45.54028061760796,10700.455711647317,9260,-0.018594253496094434,0.02627314814814815,0.0003,34914.83364076968,0.2
17.92287577305736,13.164180076311515,8.309013495218899,0.8764994391917816,27.712962962962962,1603584,0.44476905444383474,11.553301672793804,13.517968403290398,0.8339120370370371,0.25107884209475445,37.757523148148145,0.12356789083759778,32.58607070918446,52.51646104417852,928,8.781429050750614,48,0.9224812291969812,0.0,28.87731481481491,6762,-1140.65632093,17.60692474218691,36.0,26.63196052302274,25.16298554238323,27.31481481481482,7.653731170656495,237,0.014959,38540.0546875,0.04492974281311035,-45.538788336294665,7635.692207018535,9270,-0.02464705804293906,0.10821759259259259,0.0003,55229.622113715275,0.2
17.96739734138361,13.002280674460081,8.487203201739321,0.8705744699849518,27.39814814814815,1605312,0.4534924565099831,11.564810085722199,13.785715522114147,0.8402777777777778,0.24252437706250496,37.86921296296296,0.1260988668031974,32.62023499798975,52.38951315921099,929,8.60336517135757,48,0.9300256486168751,0.0,28.349247685185226,6770,-1147.12389321,17.351786746223347,36.0,26.45270666944918,25.189404035736686,28.009259259259256,7.382302870023945,237,0.008813127,27184.369140625,0.10442960262298584,-45.540869804664894,9345.14407744231,9280,-0.02040007906379523,0.04612268518518518,0.0003,49979.00970052083,0.2
17.79496537213358,12.925304896045136,8.419484419490807,0.8691319235438985,27.240740740740737,1607040,0.44546970727659874,11.577424294786091,13.5323792652163,0.8559027777777778,0.2403106893328424,37.5162037037037,0.13012503263115505,32.65376594615279,52.40354003487801,930,9.045683625556869,48,0.9229482064870044,0.0,29.77430555555554,6777,-1147.71440243,17.13846726063924,36.0,26.417149181571347,25.21539144916702,27.777777777777782,7.313677945103296,237,0.0045063365,15974.6572265625,0.0929456353187561,-45.532585793954354,10996.752489386665,9290,-0.014326063426280464,0.015277777777777777,0.0003,33119.517961516205,0.2
17.905660953720158,13.253458450815438,9.157773104736366,0.8713179726891119,27.935185185185187,1608768,0.4497817848960221,11.590153973376955,13.666763969336648,0.8582175925925926,0.24956334989943918,37.723958333333336,0.12764028664475457,32.68763285607613,52.384135010177026,931,9.091871436345317,48,0.9232758677731263,0.0,29.99131944444447,6784,-1150.1487926400002,18.478281674197618,36.0,26.48020286581422,25.24165560155132,30.208333333333332,7.587050118645813,237,0.007039042,14206.2236328125,0.06934243440628052,-45.54280449196144,11688.476737043593,9300,-0.015420692702065463,0.02476851851851852,0.0003,33988.651627604166,0.2
17.90805998438538,13.180846801711956,9.132292885855241,0.8772177969144958,27.759259259259256,1610496,0.4472749757633126,11.602647544802872,13.610175768345735,0.8287037037037037,0.24309652262570838,37.73784722222222,0.12509471113925727,32.72135829549699,52.45815156328027,932,8.997428570366614,48,0.9204381866062855,0.0,29.651331018518494,6791,-1153.32280735,18.19837734750173,36.0,26.66216433618086,25.267925751512283,30.09259259259259,7.4052376599345315,237,0.004289892,17585.52734375,0.056888461112976074,-45.54990330448857,10775.998290337457,9310,-0.014118994211916019,0.016203703703703703,0.0003,40144.50927010996,0.2
17.872686694930827,13.078646643201893,9.238307499569459,0.8711220120322491,27.564814814814813,1612224,0.45308992422175837,11.61472788914968,13.769376949555104,0.8472222222222222,0.2366854429125397,37.661458333333336,0.1261443355915881,32.75548173787088,52.41232591397562,933,8.832137738723059,48,0.9146947613391831,0.0,29.094328703703756,6799,-1154.87108268,17.99373203741972,36.0,26.478662715238247,25.29410746824961,30.439814814814813,7.196777894648366,237,0.0036997872,12651.5234375,0.1164405345916748,-45.55242700929995,11565.155449083117,9320,-0.012861287988791312,0.009143518518518518,0.0003,27373.257552083334,0.2
17.956344231117985,13.517516412556889,9.481769395138492,0.8764592751334478,28.453703703703706,1613952,0.4534237595282165,11.627141521181708,13.806009859875752,0.8206018518518519,0.2543324665392211,37.832175925925924,0.12171158254021251,32.78969676252057,52.49835732577401,934,8.965452812811161,48,0.9179852588974194,0.0,29.571759259259267,6806,-1159.03000334,19.239506903245733,36.0,26.642487937166425,25.320498328827405,31.25,7.76022109555035,237,0.008621977,25913.705078125,0.061014652252197266,-45.57215708979854,9094.780697250366,9330,-0.015133131410995567,0.04525462962962963,0.0003,44814.094068287035,0.2
17.923026339956554,13.62101533211131,9.898188182258231,0.8741297272701755,28.675925925925924,1615680,0.44593291528923223,11.639796866671956,13.539276017899118,0.8553240740740741,0.2510273253646334,37.773726851851855,0.12253000900904193,32.82324495256532,52.4552462039288,935,9.062138196099054,48,0.9258067034454648,0.0,29.85387731481484,6813,-1160.62437436,19.657939921379583,36.0,26.57334800447427,25.346805894677296,32.63888888888889,7.658736407010042,237,0.0046722046,21057.23046875,0.11627835035324097,-45.57286392494484,10803.761074037906,9340,-0.015756185287264763,0.018344907407407407,0.0003,44671.398025173614,0.2
18.037064556051636,13.911958050211728,9.639245837976388,0.8729732632326647,29.277777777777775,1617408,0.4544182170490828,11.652046869501945,13.79644008020682,0.8269675925925926,0.2664643158358581,37.99710648148148,0.12152529348966024,32.857436052765834,52.44283153863453,936,8.90000113199546,48,0.9226381012981548,0.0,29.22453703703711,6820,-1160.84617264,20.167239142074507,36.0,26.518917186844078,25.373398556067425,31.828703703703706,8.136035253886392,237,0.007895148,20984.5,0.05066037178039551,-45.56802621064363,11014.563057369656,9350,-0.016578570179020365,0.02789351851851852,0.0003,44988.48799913195,0.2
17.962720363134956,13.811459585029974,9.12062911014152,0.8727626100700586,29.06481481481482,1619136,0.44712424513343635,11.664518003084234,13.574951886938672,0.8605324074074074,0.26465139268445365,37.857638888888886,0.12518611573837565,32.89107343248318,52.41956169142184,937,8.988453432916158,48,0.9311108708778376,0.0,29.557291666666675,6827,-1162.34555888,19.495641821337326,36.0,26.51645731240259,25.39980535697526,30.092592592592595,8.083553126165834,237,0.0040065576,22929.03125,0.10948812961578369,-45.56819624724211,11116.064644622802,9360,-0.013299335642821259,0.01105324074074074,0.0003,35055.36377314815,0.2
17.933100044927098,13.72155859126569,10.303198476402983,0.8713563056466976,28.87962962962963,1620864,0.45337960985555426,11.676499343644185,13.76901142435918,0.8454861111111112,0.24912930111483145,37.789351851851855,0.1213456715312267,32.92519596104408,52.391829477609775,938,8.792536223979996,48,0.9230334794098575,0.0,28.94965277777776,6835,-1161.82173972,20.115532040004982,36.0,26.482234714543207,25.426138107087578,33.91203703703704,7.610774972336309,237,0.003405978,19216.826171875,0.00021755695343017578,-45.561868526317454,12768.185941116899,9370,-0.012296674572172817,0.007523148148148148,0.0003,26947.20718315972,0.2
18.033996170390296,13.788210985209185,10.50431993512088,0.8711700852297048,29.037037037037038,1622592,0.4496425244016994,11.689458785188778,13.656513406718775,0.8628472222222222,0.24977893946319887,38.010416666666664,0.12810023756845348,32.95903724456088,52.36250460772627,939,9.183776617837575,48,0.9288391042313984,0.0,30.273437499999932,6842,-1167.5554342199998,20.391660738369712,36.0,26.47410869293004,25.452723097513555,34.60648148148149,7.6191298180396485,237,0.009263069,27442.509765625,0.06202799081802368,-45.560098605685766,10209.405443135014,9380,-0.02283731292139877,0.04837962962962963,0.0003,45610.95923755787,0.2
18.004703756090624,13.908858591521314,10.398841406007849,0.8734360227244671,29.277777777777775,1624320,0.45128585988085423,11.701991298140305,13.726238027488,0.8773148148148148,0.25742987392608524,37.933449074074076,0.12660524807608559,32.993052839629605,52.45749885871353,940,9.01300518061037,48,0.9264100140238712,0.0,29.709201388888882,6849,-1169.2425434,20.647499660309265,36.0,26.544965123430188,25.479234856903783,34.25925925925926,7.859799662780101,237,0.0047758496,23456.8046875,0.07664567232131958,-45.56496052212185,11766.100129530165,9390,-0.01749498652535732,0.016319444444444445,0.0003,48991.86075665509,0.2
18.026908531827406,13.908916937857562,10.720119595825095,0.8719699172113954,29.26851851851852,1626048,0.45391103719846737,11.714645899754485,13.809601865627476,0.8217592592592593,0.2501688148669311,37.97106481481482,0.11838542338304318,33.027276844293674,52.459947405337765,941,9.061840645671936,48,0.9227708851265439,0.0,29.839409722222225,6856,-1172.7245058500002,20.753775256279162,36.0,26.490780670473498,25.505802128233352,35.300925925925924,7.644738722596507,237,0.007151674,32516.625,0.06348282098770142,-45.569977583708585,10054.83699456674,9400,-0.01761126676919284,0.030381944444444444,0.0003,42795.60006510417,0.2
17.907932611401026,14.166373204041227,11.038360924386192,0.8716959397390927,29.796296296296294,1627776,0.4552834374660064,11.727072775240302,13.865934403368648,0.8622685185185185,0.25874414984504684,37.732638888888886,0.12744062353585012,33.061641680302095,52.410302884312124,942,8.970750194326596,48,0.923977398550294,0.0,29.57899305555561,6863,-1174.3600597299999,21.591236493259977,36.0,26.486577008966034,25.532071959761854,36.342592592592595,7.906502364832559,237,0.0056375195,25590.392578125,0.12373685836791992,-45.56938174212421,10763.66812371148,9410,-0.015901540912239363,0.01840277777777778,0.0003,44638.22531105324,0.2
17.93445750924884,14.18261334857777,10.890159849390907,0.8735333596597866,29.85185185185185,1629504,0.45621424947217926,11.739310369948416,13.872166110372921,0.8489583333333334,0.26245214476269535,37.77893518518518,0.12495406736752558,33.09602209557803,52.459157619410384,943,8.895037883246156,48,0.9219180531631459,0.0,29.325810185185258,6871,-1175.2675098400002,21.560417688882012,36.0,26.532624215701706,25.558408103534976,35.879629629629626,8.007644490913336,237,0.0035481844,21582.025390625,0.07229238748550415,-45.57647076359502,10493.967897372775,9420,-0.013365164507801335,0.009259259259259259,0.0003,41758.69370659722,0.2
17.941371950227396,14.310496442857024,10.88176449003961,0.8780862499328511,30.138888888888886,1631232,0.4532381627712627,11.751902567688427,13.791408360690832,0.8657407407407407,0.27187847592536923,37.824074074074076,0.12951129982331716,33.130200616479755,52.47739458204864,944,9.03687909600436,48,0.9194209618250687,0.0,29.745370370370377,6878,-1176.67941899,21.964597128980046,36.0,26.67102751896732,25.584761533410546,35.87962962962964,8.292336196083411,237,0.007281392,26599.779296875,0.05627709627151489,-45.57342862729673,10897.926780870226,9430,-0.018606530028153902,0.03802083333333333,0.0003,48592.73812210648,0.2
17.913261780210423,14.432676305838084,10.227047895870784,0.8788613511447981,30.40740740740741,1632960,0.44955394581112956,11.764422763933968,13.665853478295695,0.8587962962962963,0.2769952639573859,37.73726851851852,0.12732109157104468,33.1640652501755,52.48982297844193,945,9.008078498216303,48,0.9176892933482387,0.0,29.593460648148216,6885,-1173.60715947,21.57738146701452,36.0,26.704683936985912,25.61104468786107,33.68055555555555,8.43765726530565,237,0.0078040296,33325.21484375,0.08331954479217529,-45.57032537107114,9494.697358053701,9440,-0.020858138647896273,0.0369212962962963,0.0003,45863.95200737847,0.2
17.95325661453013,14.156024371251105,9.5238702211453,0.8775559354262391,29.824074074074076,1634688,0.45419834536887876,11.77689953252851,13.815138581009471,0.8564814814814815,0.27219888804025827,37.82465277777778,0.12608754883954248,33.198303096628024,52.53369624120927,946,8.99070743781713,48,0.9241928496135441,0.0,29.60069444444448,6892,-1174.97854269,20.444459333196214,36.0,26.660346428976254,25.637427829397396,31.365740740740744,8.284564740799807,237,0.009028011,37948.4375,0.10876613855361938,-45.55346597742151,7862.989370501483,9450,-0.020484026107523177,0.044444444444444446,0.0003,55069.36629774306,0.2
17.98383826090235,14.142422570220367,9.70839192425072,0.875804277916666,29.777777777777782,1636416,0.4587015833843331,11.78883512558263,13.957214165768633,0.8396990740740741,0.26964954610016134,37.8900462962963,0.12297708878539557,33.23289613204245,52.459628093866996,947,8.774237221647606,48,0.932370915881561,0.0,28.90624999999997,6899,-1181.23860878,20.541159122008995,36.0,26.60413944116935,25.66388742504965,31.944444444444446,8.210344627537909,237,0.0037127745,31936.86328125,0.11600720882415771,-45.567252759580256,11760.560556256329,9460,-0.012386292796926919,0.007523148148148148,0.0003,41188.49582609953,0.2
18.05506244984449,14.227737981823802,9.95003124872798,0.8749481927961303,29.962962962962962,1638144,0.449310856396749,11.80137507081701,13.667197609673503,0.8512731481481481,0.2704635362677741,38.03472222222222,0.12366588393416166,33.26676412606663,52.41281840712605,948,9.015978093751967,48,0.921952569811591,0.0,29.680266203703802,6907,-1182.5307234900001,20.885201010931745,36.0,26.572307724193156,25.69052508117426,32.63888888888889,8.22743178037996,237,0.005711815,19162.642578125,0.0916483998298645,-45.554104275173614,11948.885919613309,9470,-0.017586670003624426,0.02175925925925926,0.0003,35765.47756799769,0.2
17.967216984441688,14.111496878874538,9.888009404674717,0.877830621038615,29.694444444444446,1639872,0.4537389654542604,11.813244991501675,13.781702281708194,0.8206018518518519,0.26297712915104626,37.864004629629626,0.1204133157523102,33.300918381770906,52.47067695768761,949,8.747968273866094,48,0.9207077849093243,0.0,28.790509259259224,6914,-1180.61305058,20.499402856882927,36.0,26.662063624131594,25.716943123635364,32.52314814814815,8.019896573333673,237,0.009013288,28729.34765625,0.07970696687698364,-45.54349271986219,9511.290485551623,9480,-0.019586490629309856,0.048726851851851855,0.0003,52782.03097511574,0.2
18.014381302554373,14.074517257324827,9.948106210973773,0.881534420799988,29.62962962962963,1641600,0.44881483806060607,11.825740783654876,13.658219417984803,0.8611111111111112,0.26107629508849534,37.9681712962963,0.12545442038567256,33.334763930315866,52.51827677599196,950,8.998316861280182,48,0.9272189665129303,0.0,29.658564814814785,6921,-1180.21960558,20.45271326519662,36.0,26.765240479776086,25.74347907689175,32.75462962962964,7.950089796898022,237,0.0070369034,36791.4765625,0.09529340267181396,-45.55280063770436,11881.565432484944,9490,-0.016802770066661414,0.029166666666666667,0.0003,35523.61893084491,0.2
18.015971564546263,13.969852858951157,9.97922715706993,0.8788940787187647,29.435185185185187,1643328,0.4445874699386212,11.838686091391875,13.501420417465345,0.8721064814814815,0.25822322667905184,37.964120370370374,0.12939423552842982,33.36821748135953,52.47594196323093,951,9.178123094799291,48,0.9218272889018827,0.0,30.20833333333333,6928,-1179.2139072999998,20.28038023566456,36.0,26.694566799356405,25.770019005803114,32.870370370370374,7.85130021964347,237,0.004087012,23529.220703125,0.0905153751373291,-45.553756417168515,13125.175119018555,9500,-0.015215543909343305,0.009027777777777777,0.0003,31075.8865234375,0.2
17.994152193658735,13.923156669074713,10.116431484790747,0.8799245476592167,29.333333333333332,1645056,0.4547568098402428,11.851229529755548,13.818734429775388,0.8402777777777778,0.25395913247467,37.91203703703704,0.12591143007306657,33.40246431743397,52.45213765193542,952,9.0173753454692,48,0.921750508078553,0.0,29.687500000000018,6936,-1183.6109366199998,20.24712690351713,36.0,26.73241959061424,25.79650438628726,33.333333333333336,7.727538749651672,237,0.004396718,45481.79296875,0.038395047187805176,-45.552228164672854,10624.03077194779,9510,-0.014144104870933073,0.012962962962962963,0.0003,45692.33839699074,0.2
18.02065735193784,13.878551736025557,10.015032126451658,0.8783893390355085,29.203703703703706,1646784,0.45057141273382584,11.863396608425512,13.701168335090182,0.8449074074074074,0.2518183129267579,37.9537037037037,0.1239242838854455,33.436417238271694,52.42274469522218,953,8.866831467985854,48,0.9192675175863705,0.0,29.2317708333334,6943,-1186.13076676,20.05303591855956,36.0,26.684694482817168,25.823056029667104,32.986111111111114,7.679452056082343,237,0.0031003645,28079.255859375,0.08708703517913818,-45.5661762520119,12691.193400347674,9520,-0.011936657363548875,0.0070023148148148145,0.0003,34357.13246527778,0.2
17.94864124703721,13.461988603490445,10.075944728952665,0.875525121769669,28.35185185185185,1648512,0.4518654621637391,11.875691552158344,13.724907011074626,0.8587962962962963,0.23833150078003287,37.813657407407405,0.12774109935930342,33.47042950579938,52.43127439021108,954,8.917977493132616,48,0.9249564972399873,0.0,29.347511574074126,6950,-1185.2831028399999,19.27571497126841,36.0,26.59899611458091,25.849427632784696,33.21759259259259,7.2577816388253,237,0.008404645,31566.744140625,0.07201462984085083,-45.56273210313585,10314.064242299397,9530,-0.014932301876790545,0.030497685185185187,0.0003,41199.73464265047,0.2
17.87863945021157,13.716520706998432,10.155603532918443,0.8798118297899548,28.90740740740741,1650240,0.4518782178084027,11.887718074759738,13.753517466206048,0.8628472222222222,0.2499714723145031,37.66956018518518,0.12902993261281337,33.5045132994649,52.50160891522364,955,8.810609040557225,48,0.922294701288861,0.0,29.036458333333353,6957,-1184.30652781,19.956697735229994,36.0,26.73089488922393,25.875624231410224,33.449074074074076,7.604573495313119,237,0.006051429,48651.87890625,0.05419212579727173,-45.55098739906594,10660.977645111085,9540,-0.017486772360280158,0.028587962962962964,0.0003,44970.60734230324,0.2
17.916605649723028,13.771456086863514,10.499741498860958,0.8778414282208761,29.009259259259263,1651968,0.448280535228132,11.900238490482954,13.619859598466322,0.8113425925925926,0.24763820287583438,37.74652777777778,0.1190043795011783,33.53826294846106,52.49772112721413,956,9.00816628928621,48,0.9161410582172211,0.0,29.658564814814802,6965,-1183.1659910499998,20.29605202392685,36.0,26.671070545774285,25.90191574553453,34.60648148148149,7.544854438202379,237,0.0061103217,26838.22265625,0.07094919681549072,-45.54541360360605,10484.278198779071,9550,-0.01863643732784247,0.026504629629629628,0.0003,45055.77829137731,0.2
17.938990552424542,13.71278998924562,11.04151136867947,0.879648805410237,28.87962962962963,1653696,0.4545374888420979,11.912335182103144,13.811520885635405,0.8524305555555556,0.23953488451904933,37.814236111111114,0.12348395357090061,33.57249175067515,52.59403131164628,957,8.83867664807611,48,0.9233715760102761,0.0,29.144965277777814,6972,-1188.55473377,20.52626155700979,36.0,26.724378072634654,25.928263221915593,36.342592592592595,7.2919601990846985,237,0.0061729974,33069.27734375,0.06231892108917236,-45.534216280336736,10228.320632397686,9560,-0.017152769373798813,0.022511574074074073,0.0003,46388.91979890046,0.2
17.900916012526135,13.66158552760325,10.879267471568388,0.8809640435504318,28.759259259259256,1655424,0.4481547219304907,11.924995922058537,13.629274424875092,0.8200231481481481,0.23972179452235035,37.711226851851855,0.1175736121214345,33.60626493673733,52.64018010748662,958,9.064295982157187,48,0.9170287854372126,0.0,29.875578703703756,6979,-1189.5297282799997,20.32348091766911,36.0,26.762672121631184,25.95451551194691,35.76388888888889,7.302627918497472,237,0.0038135638,20250.3203125,0.07035404443740845,-45.54656119170012,11343.707959436488,9570,-0.013028822381359835,0.01238425925925926,0.0003,40857.047989004626,0.2
17.8703341896185,13.700382001160312,11.194561826825819,0.8764493714194095,28.861111111111114,1657152,0.4557031168949947,11.937608743732952,13.855413030221234,0.8414351851851852,0.23668300302630618,37.6712962962963,0.12141277920571851,33.640603469312886,52.55288854726323,959,9.045128669765774,48,0.9177533509947748,0.0,29.803240740740783,6986,-1192.087111,20.57435658070768,36.0,26.62281917975601,25.980691347420954,36.80555555555555,7.199412752721549,237,0.007723022,24342.3203125,0.06149202585220337,-45.54882705123336,10801.076768959892,9580,-0.019393016632508347,0.040393518518518516,0.0003,45801.537340856485,0.2
17.98218330768965,13.860801638411926,11.380216799468238,0.8816012800765011,29.203703703703706,1658880,0.454246900315644,11.949892802890464,13.814975693295308,0.8315972222222222,0.24204632845160423,37.875,0.11796441088442748,33.67484090854612,52.585785019629405,960,8.913623663004513,48,0.9195505323731679,0.0,29.37644675925924,6993,-1196.7211222199999,21.077734945996117,36.0,26.77899122630033,26.00714680569018,37.38425925925926,7.356716508115952,237,0.0053874124,27479.388671875,0.09300029277801514,-45.55298957824707,10318.501132258663,9590,-0.013992534005255611,0.01840277777777778,0.0003,42605.28276909722,0.2
17.875695078751807,13.858976552550658,10.885637982133211,0.8804408384182945,29.194444444444443,1660608,0.44881349656197167,11.962292088177533,13.631689557225734,0.8206018518518519,0.2452362309119437,37.67418981481482,0.11869675248950011,33.70862013243919,52.56627494146323,961,8.95971411482783,48,0.9194915868869761,0.0,29.456018518518594,7001,-1192.4689243599998,20.684361302705227,36.0,26.7478683129427,26.03333604338706,35.76388888888889,7.459746768021357,237,0.0057302294,19020.267578125,0.11267268657684326,-45.54650094774034,10738.736533553512,9600,-0.015064971111024972,0.022453703703703705,0.0003,42682.80779079861,0.2
17.921632768881626,13.808270307800546,10.253365375439062,0.8793653330646701,29.074074074074073,1662336,0.45678010034082245,11.974393048498802,13.894650585477725,0.8454861111111112,0.24691353314632547,37.758101851851855,0.12310454766075678,33.74305675890288,52.60029372634469,962,8.840384128508,48,0.9251751887793712,0.0,29.123263888888896,7008,-1194.41774624,20.063307829803275,36.0,26.71749028252593,26.059640125309265,33.7962962962963,7.521672146563667,237,0.0055131814,33967.8984375,0.062353670597076416,-45.54961429172092,10728.469021154333,9610,-0.01627677965702282,0.02337962962962963,0.0003,48742.13806423611,0.2
17.93687633109612,14.023518391024732,10.142555836581117,0.8809171918406232,29.537037037037038,1664064,0.4538685844011538,11.986474089082305,13.797650232747507,0.828125,0.2568369451138615,37.79398148148148,0.11949350760601123,33.77725088448475,52.612549521395856,963,8.832416233401558,48,0.9206803778573822,0.0,29.10156250000004,7015,-1198.0426237499998,20.455221087191347,36.0,26.763909448668283,26.085982316137006,33.333333333333336,7.809146859585501,237,0.004327189,33815.6953125,0.08900970220565796,-45.55131033438224,10498.528630094175,9620,-0.013748658201829703,0.011921296296296296,0.0003,41252.06841724537,0.2
17.935603598013348,14.05703756004928,10.418749437691302,0.8766344901491152,29.60185185185185,1665792,0.4542370641292703,11.998508262910685,13.811487865988376,0.8640046296296297,0.25498157525176707,37.798611111111114,0.12630804403140808,33.811479604149724,52.56152083869038,964,8.813669531351762,48,0.9165741320441023,0.0,29.02922453703704,7022,-1198.5471354299998,20.712101184154236,36.0,26.628291286416914,26.11232132513204,34.25925925925926,7.756314186413654,237,0.0048820865,29204.5859375,0.06408673524856567,-45.547980343853986,11934.691064763952,9630,-0.015178885943842707,0.014583333333333334,0.0003,35650.61349826389,0.2
18.05075042379154,14.376097175646166,10.56028888988721,0.8781877793136105,30.26851851851852,1667520,0.4578564374939934,12.010114000728981,13.929069246586094,0.8454861111111112,0.2667419378459248,38.041666666666664,0.12251674303699432,33.84600227726619,52.592756568854206,965,8.642295127318915,48,0.921782332748043,0.0,28.50115740740744,7030,-1201.9323133799999,21.532273073830382,36.0,26.68698442019957,26.138948201191518,34.72222222222222,8.115887008297006,237,0.008134047,24389.896484375,0.09101474285125732,-45.5381482300935,8171.98865633364,9640,-0.020265182929492934,0.03894675925925926,0.0003,52230.77545211227,0.2
18.06472222883407,14.164173355517105,9.61109534519352,0.8799896942732106,29.861111111111114,1669248,0.458437473174565,12.022160652940224,13.9375765998017,0.8234953703703703,0.2667844510354106,38.0619212962963,0.11742789123956343,33.880546218765694,52.68023822681184,966,8.818660884497397,48,0.9256215922951982,0.0,29.043692129629644,7037,-1208.0491458,20.346982621636815,36.0,26.734144136215164,26.165610006763604,31.59722222222223,8.09171392092619,237,0.0045194295,28801.044921875,0.08846014738082886,-45.545766562002676,10553.969347042508,9650,-0.014767156839715662,0.011516203703703704,0.0003,60059.39250578704,0.2
18.016001547841267,14.25169380383389,9.112094207139625,0.8864955148397233,30.046296296296294,1670976,0.4594785066849686,12.034261484245892,13.971496528931636,0.8298611111111112,0.27122659519239417,37.963541666666664,0.11827380790757659,33.915174960088024,52.74182232733806,967,8.840332522267355,48,0.9268074894009503,0.0,29.173900462962948,7044,-1210.7488995600002,20.073232531204102,36.0,26.93067000665306,26.192150010633206,29.976851851851848,8.229444520230587,237,0.0069646174,28778.09375,0.06407040357589722,-45.554688672666195,10572.318010132401,9660,-0.01753432920926975,0.035069444444444445,0.0003,41587.0296947338,0.2
18.0274481206555,14.032804604969245,9.11116633982882,0.8819684436398103,29.60185185185185,1672704,0.4523951356963997,12.046377541127933,13.746168697172498,0.8576388888888888,0.2649752861655313,37.99363425925926,0.12641478890160035,33.949240381830954,52.598360967510295,968,8.846422752816123,48,0.9216840484700178,0.0,29.10156250000003,7051,-1208.30841136,19.654665127052475,36.0,26.784770545806776,26.218718630934845,29.97685185185185,8.030694182254411,237,0.0038228387,28616.01953125,0.08645564317703247,-45.5592776828342,12741.719289935078,9670,-0.014552836910028148,0.009432870370370371,0.0003,36181.839004629626,0.2
17.991059551546325,14.04923950138812,8.705832374915746,0.8776692096390669,29.62037037037037,1674432,0.4589055335134767,12.058655197615053,13.942219200770916,0.8535879629629629,0.2705190146158117,37.904513888888886,0.12415861745406485,33.98379592983288,52.45293885924081,969,8.91106259484768,48,0.9289212341714195,0.0,29.282407407407362,7059,-1209.38732496,19.45425141193843,36.0,26.660389202034285,26.24519627981371,28.703703703703706,8.219179535634561,237,0.0071382425,44085.46875,0.05576449632644653,-45.56443841722277,10783.07088111595,9680,-0.01724439188665538,0.032928240740740744,0.0003,46760.93431712963,0.2
17.89972628434688,13.902364249748935,8.844839672893949,0.8748500422993538,29.296296296296294,1676160,0.45011512720360963,12.07073386007596,13.687470499950429,0.8159722222222222,0.26195498733720024,37.73206018518518,0.11718351429744592,34.017714606082755,52.417451650993826,970,8.831464984362624,48,0.9184547038722165,0.0,29.1304976851852,7066,-1206.04998777,19.19545752938926,36.0,26.57489355903439,26.27144559552458,29.166666666666668,7.968253606746376,237,0.005098763,24029.083984375,0.12055617570877075,-45.56557371351454,12040.778187448008,9690,-0.01672705028085383,0.016724537037037038,0.0003,43408.96336082176,0.2
18.078212952930116,14.045874662931595,8.939053262942167,0.8786811723199047,29.60185185185185,1677888,0.4607260276214364,12.08258785942756,14.01098369538761,0.8252314814814815,0.2664979850623827,38.08159722222222,0.11704260856609626,34.05244206532122,52.55791260256797,971,8.741599740640643,48,0.9230968838605683,0.0,28.739872685185233,7073,-1210.35513173,19.5641064726965,36.0,26.693501137983333,26.298141127906906,29.513888888888886,8.099178546822737,237,0.006340641,15887.4921875,0.0827288031578064,-45.56513883802626,10621.310522093596,9700,-0.015161502045682736,0.025,0.0003,44106.868395543985,0.2
17.960131666260157,14.063820901833273,8.594468340847818,0.8753386054174367,29.62962962962963,1679616,0.45137592353502165,12.095001181496631,13.722658968536988,0.8414351851851852,0.2704898044230456,37.84953703703704,0.1202520185332675,34.086448712742566,52.47487775737127,972,8.96532882762808,48,0.9164378951140906,0.0,29.557291666666742,7080,-1213.66686718,19.36450861954286,36.0,26.59187407467981,26.324541457072556,28.356481481481477,8.226219376861769,237,0.004615824,24370.537109375,0.12983381748199463,-45.55598965397588,12367.966317466453,9710,-0.014215006227432578,0.014409722222222223,0.0003,38694.53063512732,0.2
17.942790332599383,14.061450033778735,7.869730737817728,0.8763425696895121,29.620370370370367,1681344,0.46062852950195027,12.106616300173794,14.001236501313711,0.8466435185185185,0.2740571184757861,37.798611111111114,0.11966097970886952,34.12115180399585,52.474906888299444,973,8.646047470865549,48,0.9174524741512742,0.0,28.50115740740742,7088,-1212.69336022,18.749095149839754,36.0,26.612549622862023,26.350898432904053,25.925925925925927,8.337914378243289,237,0.011988704,24880.1484375,0.03594481945037842,-45.54014364171911,10342.090817006429,9720,-0.02244391652531232,0.08657407407407407,0.0003,49184.98812934028,0.2
17.92336536230352,13.916088810506993,8.189050660082852,0.8784975867659797,29.287037037037038,1683072,0.4565603102871385,12.118041420966652,13.882439518727304,0.8107638888888888,0.2689982527700377,37.761574074074076,0.11410730123895618,34.155557902792665,52.51136425539127,974,8.57004831714301,48,0.9129381390130306,0.0,28.204571759259277,7095,-1211.56185777,18.784611541220816,36.0,26.689109992258746,26.37720684630981,26.96759259259259,8.19947207063097,237,0.0056041805,38292.7109375,0.08313339948654175,-45.54385891667119,11330.57963889793,9730,-0.018470924363161126,0.02528935185185185,0.0003,50913.43679832176,0.2
17.920634515937394,13.789693033027248,7.5120367214838355,0.8802591430599708,29.064814814814813,1684800,0.4514214694828559,12.13020023957642,13.718528248335724,0.8524305555555556,0.2737352212870233,37.77141203703704,0.12627587797697296,34.1895542234135,52.58176889711452,975,8.863527443907055,48,0.9209875266302424,0.0,29.181134259259252,7102,-1210.38578456,18.105255685220165,36.0,26.74221847850625,26.403508432599654,24.76851851851852,8.323525930709078,237,0.0050101834,29669.03515625,0.06448078155517578,-45.53683385495786,10844.49654614484,9740,-0.014241762035008933,0.01545138888888889,0.0003,43057.859696903935,0.2
17.954833781145805,13.718252988395129,7.693761217737555,0.8759948671911605,28.90740740740741,1686528,0.45539751798319145,12.142388498500246,13.856009160157043,0.8431712962962963,0.26758752608105335,37.84375,0.11994251466610815,34.2238942463139,52.48740728381057,976,8.875303569530837,48,0.9164571078488694,0.0,29.304108796296312,7109,-1214.13614115,18.02603217945805,36.0,26.599407760703816,26.42989551705252,25.347222222222225,8.134017973325362,237,0.0058787186,19142.310546875,0.10610347986221313,-45.54408784089265,10907.903265211316,9750,-0.014926220023038762,0.023032407407407408,0.0003,41000.09756944444,0.2
17.874085509472255,13.546499474588666,8.036748768205642,0.8752550256594547,28.574074074074076,1688256,0.450583640259067,12.15435188911821,13.674822099055902,0.8304398148148148,0.25856034543800216,37.65914351851852,0.11817057449475182,34.257781301561536,52.43379466974187,977,8.785356247185604,48,0.9196653727345944,0.0,28.92071759259268,7117,-1212.23981544,17.902690582152946,36.0,26.577463170180838,26.456080730826198,26.50462962962963,7.839442339358638,237,0.0065627727,44326.3359375,0.06395989656448364,-45.54421246846517,10005.976717517993,9760,-0.014393698822499978,0.023148148148148147,0.0003,54099.60546151621,0.2
18.060824022309543,13.467290256621304,7.954748821122595,0.8773325345037479,28.39814814814815,1689984,0.45084149590152234,12.167000859288033,13.710050985403344,0.8495370370370371,0.25821697487406453,38.05960648148148,0.12098279898898676,34.29175642902504,52.45760792342754,978,9.05958806792894,48,0.9289958906377358,0.0,29.85387731481479,7124,-1214.8850358999998,17.736966324308653,36.0,26.638290759221334,26.482732790881972,26.27314814814815,7.834927246564752,237,0.0051561245,27296.380859375,0.09753626585006714,-45.54583706325955,10738.588930624503,9770,-0.013742760053180434,0.01695601851851852,0.0003,50646.43151765046,0.2
18.05213314014487,13.728394896218616,7.6800848441871965,0.8800644625687037,28.90740740740741,1691712,0.4520359405755627,12.179404737960306,13.754101158432055,0.875,0.2665578866855172,38.041666666666664,0.12572535662975906,34.32584168192112,52.60844722636258,979,8.961551468909256,48,0.9217918759279549,0.0,29.53559027777782,7131,-1218.84413311,17.99717132723265,36.0,26.74285482459456,26.509363123732335,25.23148148148148,8.108691586826836,237,0.004316121,27470.39453125,0.10295164585113525,-45.561508093939885,11448.803925493028,9780,-0.011593093921395915,0.012037037037037037,0.0003,40569.00627893519,0.2
17.981673728843926,13.999746549102085,7.54933844733808,0.8757007405273644,29.527777777777775,1693440,0.45178714561379724,12.191634067730648,13.71564331777091,0.8153935185185185,0.2763725833051602,37.885995370370374,0.11469057097732281,34.35983079021555,52.472030313605266,980,8.891731908137086,48,0.9189944483328005,0.0,29.210069444444414,7139,-1219.12677495,18.408323165871764,36.0,26.589793638822172,26.535817308054444,24.884259259259263,8.379238169431597,237,0.008665868,35105.19140625,0.10052883625030518,-45.56638871652109,11041.928898987946,9790,-0.018913830116529157,0.04739583333333333,0.0003,49546.223307291664,0.2
18.056193425387413,14.080015491935264,7.787685162229937,0.8781609631037428,29.712962962962962,1695168,0.45959025794937414,12.203673142951198,13.962466186933684,0.8304398148148148,0.2794171243407955,38.058449074074076,0.11539335003912143,34.394436955682885,52.5121807165201,981,8.815630088219839,48,0.9112109075104479,0.0,29.05092592592594,7146,-1223.3835617599998,18.81320915202984,36.0,26.673717488964105,26.562457791617913,25.694444444444446,8.465508497864638,237,0.0042772475,23118.98046875,0.06384599208831787,-45.582427695945455,12700.711385034632,9800,-0.014980557658364651,0.010358796296296297,0.0003,39586.97390769676,0.2
18.13041309304083,14.480876465353118,8.175638184065875,0.881715794642243,30.546296296296294,1696896,0.46128163508116937,12.215723297540526,14.034490042435237,0.8269675925925926,0.29030223260166277,38.2037037037037,0.11506089213794075,34.42922318078897,52.540505905698545,982,8.820061835731456,48,0.9241525094751796,0.0,29.087094907407483,7153,-1234.64186986,19.9434167572742,36.0,26.781310787737723,26.589283824350513,26.967592592592595,8.806902107855208,237,0.00794781,25624.599609375,0.06316882371902466,-45.59597297951027,10306.171217628762,9810,-0.018459358249135593,0.047453703703703706,0.0003,48742.265549045136,0.2
18.11827245334268,14.552627255387703,8.256455883351435,0.8769483797825686,30.685185185185187,1698624,0.4601255498279286,12.227745811222997,13.987388870969076,0.8449074074074074,0.29238025614287094,38.17824074074074,0.11682331864209042,34.463891652966396,52.45131379135893,983,8.809005472987975,48,0.923979512309773,0.0,29.014756944444485,7160,-1236.7082002599998,20.163250870841516,36.0,26.624315342140886,26.61607950548387,27.199074074074073,8.874167732102377,237,0.005421939,23593.72265625,0.06881624460220337,-45.59657332808883,12994.610290046974,9820,-0.015087001420626486,0.01568287037037037,0.0003,40072.98700086806,0.2
18.04631946568281,14.484098500734424,8.170857788263346,0.8799128540697732,30.555555555555557,1700352,0.4552463696203606,12.24028968710638,13.852246541997749,0.8431712962962963,0.2902449293595183,38.0150462962963,0.12062488042357702,34.49822226932139,52.55211384342427,984,9.017550353353167,48,0.9261642263855813,0.0,29.680266203703702,7168,-1233.5463334,19.943026709649722,36.0,26.717140557536528,26.642695304148077,26.96759259259259,8.80807042065195,237,0.0060528936,39914.7890625,0.04362279176712036,-45.58913021794072,12131.300353240968,9830,-0.01587676221366834,0.021122685185185185,0.0003,47158.27911603009,0.2
18.106813723994758,14.343715221099515,8.21466586809346,0.8762423553084716,30.259259259259256,1702080,0.46013745304550013,12.252384348515962,13.970166417252278,0.8564814814814815,0.28933773447001404,38.160879629629626,0.12440120064881098,34.532847685364516,52.41821295584476,985,8.837864563832825,48,0.9291143899997664,0.0,29.058159722222204,7175,-1235.50386757,19.817008414172086,36.0,26.594501997672477,26.669462338458064,27.083333333333332,8.778627324979112,237,0.0037259741,34685.1953125,0.1129494309425354,-45.586417798642756,11889.235121041756,9840,-0.013006127028967496,0.013078703703703703,0.0003,41465.40277054398,0.2
18.101381216979707,14.31581597238452,8.155760399469832,0.8763800659453999,30.185185185185187,1703808,0.46138258404668614,12.264157065496551,14.037071230828408,0.8715277777777778,0.28916008891780737,38.148148148148145,0.12839244647863018,34.56764036344158,52.45772434939742,986,8.70908679223535,48,0.9224426761397365,0.0,28.725405092592627,7182,-1237.3559040600003,19.73396852952641,36.0,26.599833028173265,26.696215791500514,26.85185185185185,8.782392157672058,237,0.0046288753,23640.541015625,0.09260016679763794,-45.59217937610767,12691.448271348741,9850,-0.01644200876493145,0.01597222222222222,0.0003,36679.90277777778,0.2
18.069173837094997,14.182771941149506,8.287755921408852,0.8749869974032567,29.88888888888889,1705536,0.4615863501629348,12.276466212594627,14.041879113510062,0.8373842592592593,0.280103182269751,38.06944444444444,0.1183092857693811,34.60244506122536,52.34567913814441,987,8.923658839230681,48,0.9204165074952735,0.0,29.390914351851897,7190,-1239.8213405400002,19.45420532317784,36.0,26.55803833143435,26.722888726093252,27.199074074074073,8.503677460619482,237,0.0041292664,20527.732421875,0.09683823585510254,-45.58340301513672,11012.515055564598,9860,-0.0135348756901092,0.010185185185185186,0.0003,44048.89450954861,0.2
18.063955474069008,14.126406919548904,8.353208097051615,0.8736779788003396,29.76851851851852,1707264,0.4579023693759558,12.288370515476585,13.926703028853817,0.8391203703703703,0.27716627290827683,38.0775462962963,0.11604085794611178,34.636961818797495,52.349147901533435,988,8.761721152783185,48,0.9186716728558184,0.0,28.942418981481524,7197,-1240.8078666299998,19.375464382776165,36.0,26.519670127966013,26.749548614778426,27.430555555555554,8.415849366175648,237,0.003902469,31086.525390625,0.08384567499160767,-45.58320134480794,11862.032081745288,9870,-0.012278642180306767,0.009259259259259259,0.0003,42477.41323784722,0.2
17.997735830579554,14.336998005222322,8.595469435897853,0.8698048534760562,30.240740740740744,1708992,0.45661196321667347,12.300398610897654,13.884101558445865,0.8449074074074074,0.27751280735259765,37.92534722222222,0.1180622702152428,34.67137207269361,52.28088043893169,989,8.81123816842736,48,0.9251859745054417,0.0,29.02199074074074,7204,-1234.9792224500002,19.8294107981594,36.0,26.408531678965797,26.776042954354875,28.35648148148148,8.416943357039225,237,0.0079390975,31526.478515625,0.07281488180160522,-45.580885088885275,10578.845084211562,9880,-0.017977210748250837,0.039641203703703706,0.0003,50929.643692129626,0.2
18.05498971524039,14.351800491065392,8.519677334688781,0.8711782425382464,30.26851851851852,1710720,0.4644443975814521,12.312201232019508,14.116944810499433,0.8564814814814815,0.2766581050802577,38.05324074074074,0.1192661017452929,34.70636443471986,52.31830811070403,990,8.721048448741369,48,0.9134108527318593,0.0,28.732638888888882,7212,-1241.41229313,19.746928070299035,36.0,26.450435971106373,26.802680428642976,28.125,8.395450244544863,237,0.0075242366,45348.05859375,0.06199228763580322,-45.584542422824434,10826.062109035916,9890,-0.017343284560505438,0.0296875,0.0003,50534.43750723379,0.2
18.119822081188268,14.492627303612124,8.312780857658831,0.8712569950644434,30.564814814814813,1712448,0.46586333005781855,12.324201972300841,14.136966832881349,0.8420138888888888,0.28248076684593465,38.188657407407405,0.12027898808345316,34.74140685180206,52.365175886840724,991,8.80029611253311,48,0.9277650650282626,0.0,28.94241898148147,7219,-1248.14632223,19.85156093066758,36.0,26.447895883010926,26.829479983845946,27.430555555555557,8.566152769396625,237,0.0077625993,27001.77734375,0.08389472961425781,-45.59451264275445,10183.898084654631,9900,-0.016106457558150093,0.04375,0.0003,55172.52513744213,0.2
18.037698959870593,14.432793040553436,8.270283608751035,0.8738930928921547,30.40740740740741,1714176,0.45784187075583416,12.336855201733767,13.904864814451374,0.8385416666666666,0.2832902103950052,38.017361111111114,0.1189397130829996,34.77586901383819,52.34202276088647,992,9.061291773170284,48,0.924999199756825,0.0,29.81770833333327,7226,-1248.4280518900002,19.78335449992894,36.0,26.53954156031847,26.85607423124562,27.199074074074073,8.600277850624467,237,0.0041694273,25766.759765625,0.07681745290756226,-45.60121202822085,13620.491675850197,9910,-0.013600243276192083,0.013078703703703703,0.0003,40138.320688657404,0.2
18.0828787838396,14.61971446142717,8.200056017413663,0.8736974228830735,30.824074074074076,1715904,0.460913515840329,12.348706053182092,13.998111873264728,0.8234953703703703,0.29224706868354255,38.101273148148145,0.11296379502192093,34.81056429352135,52.34150502821802,993,8.740340579329622,48,0.9192456954694831,0.0,28.783275462962983,7233,-1245.2718823799999,20.164595414971856,36.0,26.528957117037777,26.88278142820522,26.96759259259259,8.864824936131024,237,0.0043046377,26821.1171875,0.06474381685256958,-45.60701325028031,11619.05554880213,9920,-0.013279797516211316,0.01695601851851852,0.0003,40641.19827112269,0.2
18.043754527570538,14.342646552361034,8.037230927957793,0.8699763582476998,30.212962962962962,1717632,0.45932941607340183,12.361053573260394,13.959002270396162,0.8425925925925926,0.2835065694355216,38.0150462962963,0.11576920759723637,34.84516179919734,52.343751778507,994,8.939008031321036,48,0.9167198663979951,0.0,29.456018518518515,7240,-1247.34484123,19.46823872271765,36.0,26.412174977832862,26.909390814524148,26.38888888888889,8.608361242398823,237,0.006334601,30652.96875,0.06462717056274414,-45.60875559206362,11719.274810141103,9930,-0.01578326561246757,0.021527777777777778,0.0003,50701.12710503472,0.2
18.042993280344827,14.410113833971351,8.373274232836415,0.8736980551538366,30.37037037037037,1719360,0.45308486991054114,12.373215948187603,13.766751307496788,0.8391203703703703,0.2815501305478225,38.02893518518518,0.11816097780027371,34.87927867746608,52.38146807541974,995,8.864949970883664,48,0.9231108261204121,0.0,29.18113425925927,7248,-1244.13033207,19.816952247572125,36.0,26.532417733316407,26.93599829772501,27.546296296296294,8.553564180764356,237,0.008701374,14745.3740234375,0.071430504322052,-45.60727681760435,10305.78975801821,9940,-0.019461808783105678,0.04212962962962963,0.0003,50279.86976996528,0.2
18.106107429625023,14.710360677820747,7.9865570027347035,0.8759894839857724,31.027777777777775,1721088,0.4578621605558294,12.3853723672657,13.918573699998156,0.8530092592592593,0.29570704724392477,38.15046296296296,0.12079711540166638,34.91377511171608,52.396298290498095,996,8.862567631239047,48,0.9232671741969471,0.0,29.137731481481456,7255,-1245.2261023299998,20.142761854691972,36.0,26.606877637400217,26.962763566299074,26.27314814814815,8.965844174136521,237,0.004762452,25031.0078125,0.10207891464233398,-45.62207481949417,12114.182695968062,9950,-0.013212130981049052,0.016319444444444445,0.0003,44516.469950810184,0.2
18.063633493299115,14.745452001999567,7.551818154156659,0.8801964292931599,31.092592592592595,1722816,0.4551392834027276,12.397440918589568,13.83974906443193,0.8443287037037037,0.29602257186059683,38.0474537037037,0.11853883484164159,34.94807448437716,52.469310696989034,997,8.82742052954672,48,0.9254062925941174,0.0,29.1087962962964,7262,-1246.4661348800003,19.758613173106596,36.0,26.72585222283266,26.98942265003232,24.884259259259263,8.981343016950369,237,0.00684824,35334.296875,0.07050633430480957,-45.627894140172884,10423.266973396583,9960,-0.016527831671690498,0.03130787037037037,0.0003,53723.36840277778,0.2
18.141336530455153,14.670170732238093,7.944758552065482,0.880571993091308,30.916666666666668,1724544,0.46470840984975736,12.409116216582074,14.147143448814253,0.8778935185185185,0.2947940937878011,38.22743055555556,0.12601002675958528,34.983142342999194,52.49876573834407,998,8.670119197002583,48,0.9240235868957462,0.0,28.638599537037,7269,-1251.23941907,20.04546551977699,36.0,26.74023227361896,27.01627599135846,26.15740740740741,8.950536235473413,237,0.0056890124,32527.92578125,0.061531901359558105,-45.621823416815865,11798.388667904888,9970,-0.017200375491477272,0.024074074074074074,0.0003,49442.03800636574,0.2
18.15704289074544,14.860640656812476,8.22783120304472,0.8817529817573285,31.314814814814813,1726272,0.4652460401508931,12.42089779895183,14.128103580603716,0.8362268518518519,0.2956626700973835,38.273726851851855,0.11556453678932047,35.018162601950706,52.486331370578945,999,8.71263294790234,48,0.9165990506644227,0.0,28.68200231481484,7276,-1259.2033388400002,20.54399837901081,36.0,26.770091184143848,27.04316859858532,27.083333333333332,8.975526519153611,237,0.005482215,28220.52734375,0.12422060966491699,-45.618865415785045,11085.336576108579,9980,-0.01333114780071709,0.019270833333333334,0.0003,44255.16168258102,0.2
18.1592725914173,14.86881268947271,7.968997236123946,0.8819687727536833,31.333333333333332,1728000,0.4616867260717844,12.432927739880258,14.032427552426102,0.8616898148148148,0.301548448396088,38.269675925925924,0.12019541788016798,35.05294367083177,52.54914711535122,1000,8.811976371371259,48,0.9231282006796868,0.0,29.050925925925927,7284,-1262.4926400900001,20.47823160938833,36.0,26.7889815843143,27.070066780063865,26.273148148148152,9.160421683791673,237,0.0063266596,19103.716796875,0.06987166404724121,-45.629049442432546,11368.224431977449,9990,-0.018289622385054827,0.033796296296296297,0.0003,53886.06481481482,0.2
18.142058678600083,14.610829013495149,7.862066067522069,0.8834338934938225,30.824074074074076,1729728,0.4587534597493155,12.44523966677823,13.950090284041828,0.8449074074074074,0.29485716040228954,38.233217592592595,0.116334634410792,35.08751889654188,52.5432345931575,1001,8.924770759188524,48,0.9197429656203446,0.0,29.398148148148127,7291,-1260.47785447,19.897647284087704,36.0,26.817101232263145,27.096921926760366,25.925925925925927,8.944752203070488,237,0.012132345,28441.078125,0.1365126371383667,-45.619844606187606,11116.363449336865,10000,-0.017816381311664978,0.07418981481481482,0.0003,44974.843337673614,0.2
18.181478409759098,14.723575065002834,8.147427978925696,0.8867138120405292,31.055555555555557,1731456,0.4691470521560156,12.457041132560464,14.258131325333421,0.8315972222222222,0.2978122862515808,38.296875,0.11959609370891608,35.12286422485521,52.68249035133257,1002,8.720586312893492,48,0.918799550370859,0.0,28.696469907407383,7298,-1265.9703227199998,20.3860119131489,36.0,26.914050268017572,27.123875622784762,26.85185185185185,9.035008869220368,237,0.0038976844,24083.521484375,0.0852818489074707,-45.616425846241135,11429.86813535337,10010,-0.011420170968846866,0.008680555555555556,0.0003,49814.40826822917,0.2
18.032538515345397,14.849926518804637,8.15088618099809,0.8822309836301089,31.305555555555557,1733184,0.45716091524842967,12.469273253906657,13.882245985388737,0.8738425925925926,0.2999024615033142,38.016782407407405,0.1255618235592548,35.15726983981869,52.598320450840134,1003,8.892848538477283,48,0.9257736828051508,0.0,29.325810185185137,7305,-1262.5101652899998,20.583339449814318,36.0,26.78339998375525,27.150456969073126,26.85185185185185,9.102526750011593,237,0.004312228,34259.2265625,0.10821467638015747,-45.62669277897587,11848.668010542127,10020,-0.012138421736933566,0.011342592592592593,0.0003,38231.07434895833,0.2
18.026408629917984,14.819750964507866,8.260005130990063,0.8759776463126614,31.240740740740744,1734912,0.45587355421938724,12.48122116152605,13.863207165924734,0.8663194444444444,0.29763210133690055,37.994791666666664,0.1209894704679411,35.1916278577335,52.44834493208851,1004,8.779163047757473,48,0.9121541802353585,0.0,28.92071759259261,7312,-1257.44006905,20.601428938099094,36.0,26.6016329781916,27.17702299064792,27.199074074074076,9.041672842601164,237,0.006556642,19170.62109375,0.0705382227897644,-45.62020971510145,11194.0275070473,10030,-0.015946115441275416,0.024131944444444445,0.0003,50291.738389756945,0.2
18.03381019128205,14.734883680490723,8.037896091399787,0.8734410210919643,31.046296296296294,1736640,0.45890686162757666,12.493606396989549,13.952783385505944,0.8784722222222222,0.29514454079122765,38.01273148148148,0.12527394854679555,35.22620981619727,52.38162127974939,1005,8.954094185399427,48,0.9227792299874806,0.0,29.49942129629622,7319,-1257.46794,20.234710285859528,36.0,26.532389964127518,27.203607516126127,26.50462962962963,8.981930513969019,237,0.013683969,26390.984375,0.06395065784454346,-45.628913935908564,10125.080193795098,10040,-0.01702628555983581,0.04670138888888889,0.0003,49341.895066550926,0.2
18.10604584070298,15.085994319245989,8.300787242457721,0.8784524749179288,31.787037037037038,1738368,0.46237012179008063,12.50580479282167,14.033716649790852,0.8599537037037037,0.30747798955950145,38.155092592592595,0.11997071238001494,35.260994107821745,52.477800480909025,1006,8.879358332848446,48,0.9196787452157609,0.0,29.18113425925923,7327,-1263.78849102,21.205935661799053,36.0,26.690638786665716,27.230372630727885,27.314814814814813,9.339154100095342,237,0.0036873478,31776.455078125,0.07069790363311768,-45.631019097787366,12900.938079975269,10050,-0.01391501990146935,0.02042824074074074,0.0003,57158.116984953704,0.2
18.159382626775603,15.223799282744366,8.039724444864946,0.8867378492272219,32.083333333333336,1740096,0.4706238824764788,12.51764525074573,14.291287552851097,0.8396990740740741,0.3140681166301171,38.2806712962963,0.11535484372711623,35.29642232670387,52.588248413907245,1007,8.736183169624033,48,0.9252656245921801,0.0,28.7398726851852,7334,-1273.38725768,21.282108786985095,36.0,26.93012840183501,27.257271087294825,26.50462962962963,9.538585059375782,237,0.0069856755,21397.189453125,0.07191586494445801,-45.645133053814924,9341.761936498571,10060,-0.014289243859066455,0.027604166666666666,0.0003,55405.08525752315,0.2
18.18542152555858,15.16261859703159,7.907440279261984,0.8790377827909405,31.944444444444446,1741824,0.4637391514351028,12.529762788210226,14.097996887950282,0.8605324074074074,0.3107989807207008,38.324074074074076,0.11915241721730285,35.331367318923746,52.501685117284374,1008,8.847014985798276,48,0.9205523514164239,0.0,29.10156249999996,7341,-1276.3900557700003,20.99952460376172,36.0,26.69468198286751,27.28423464110872,26.041666666666668,9.449465727468146,237,0.0029369134,32272.248046875,0.058883070945739746,-45.65855010703758,11966.221858102304,10070,-0.010959840844454312,0.007060185185185185,0.0003,54045.43584346065,0.2
18.145788701651473,15.162134602667203,8.04660001165861,0.8861771832378974,31.944444444444446,1743552,0.48029313238574667,12.54107125681886,14.59283228970916,0.8425925925925926,0.3169098182766294,38.258101851851855,0.12112420973142583,35.36754939964802,52.622156952836065,1009,8.523387443454002,48,0.9156129772773579,0.0,28.124999999999996,7348,-1283.42501344,21.320520329226827,36.0,26.910011557974638,27.31109911286285,26.50462962962963,9.631785714901014,237,0.0092637595,25234.400390625,0.030028104782104492,-45.67032301161024,10850.210301010697,10080,-0.017757708805233793,0.04131944444444444,0.0003,56110.824117476855,0.2
18.14935225589617,15.504861703413356,8.074572919254564,0.8865442557328819,32.648148148148145,1745280,0.46850485669612996,12.553564095086111,14.23285742028599,0.8165509259259259,0.32727179318845384,38.234375,0.11385802596282164,35.40283154319874,52.6202457407088,1010,8.997135306900537,48,0.9224744943033678,0.0,29.56452546296294,7355,-1287.95862253,22.019418501835034,36.0,26.918908016676024,27.33797249350259,26.62037037037037,9.959983879167112,237,0.005291879,25469.23046875,0.11298877000808716,-45.68502317357947,11849.062643693995,10090,-0.01529929359546966,0.02476851851851852,0.0003,48805.67464554398,0.2
18.206447065821774,15.246883231536358,8.250467523659738,0.8789440614585019,32.13888888888889,1747008,0.4682611964271214,12.56575988507821,14.2328608325521,0.8888888888888888,0.3181737573879022,38.380208333333336,0.1265022107102117,35.438113695280116,52.52427187327697,1011,8.878315996839433,48,0.9341611969862295,0.0,29.239004629629576,7362,-1286.1761660700001,21.639796797472545,36.0,26.67705689046205,27.364988611167146,27.199074074074076,9.662446042276448,237,0.0040242933,36703.26171875,0.0750158429145813,-45.691809011388706,13995.49051711471,10100,-0.011350930980579169,0.013020833333333334,0.0003,38361.916767939816,0.2
18.16837643357758,15.206825712882212,8.288319468514628,0.8839435341698518,32.06481481481482,1748736,0.46789828432644953,12.577621491606124,14.218047929405287,0.8721064814814815,0.31515202042850887,38.289351851851855,0.1218093919280773,35.47335881510363,52.64520188544674,1012,8.744642611165862,48,0.9265598293372379,0.0,28.79050925925924,7370,-1283.9622109000002,21.53890043842675,36.0,26.814043307168372,27.39190955225109,27.314814814814813,9.56375525702991,237,0.0031701506,20175.29296875,0.09502667188644409,-45.6839663611518,11805.953749819155,10110,-0.010359398610200044,0.005902777777777778,0.0003,46875.94381510417,0.2
18.17229966137156,15.11433954221402,8.2549181939505,0.8819990979368962,31.851851851851848,1750464,0.4704805919378161,12.589270981387118,14.28067215069967,0.8391203703703703,0.31169801394350755,38.304976851851855,0.11852931142105078,35.50876049548038,52.60110592233764,1013,8.659795912397536,48,0.9275510176088887,0.0,28.508391203703663,7377,-1285.1241282,21.316924528755592,36.0,26.772091741919652,27.41884030140452,27.199074074074076,9.46766679259107,237,0.004181851,26396.330078125,0.09044617414474487,-45.67715249238191,11761.43691007826,10120,-0.013551319581973883,0.012789351851851852,0.0003,50937.58459924768,0.2
18.114312670909488,15.182918087712357,8.083905772252722,0.8796590672195705,31.981481481481477,1752192,0.4782736872665176,12.600635709730508,14.527484893930101,0.8483796296296297,0.31202862588515984,38.18460648148148,0.12166477635594268,35.54477920771521,52.5341036858004,1014,8.545891337355572,48,0.9315668752874944,0.0,28.15393518518524,7384,-1289.9715946500003,21.22830120143545,36.0,26.707778582049603,27.44562608308179,26.62037037037037,9.481477341470372,237,0.0028775006,28727.974609375,0.003535330295562744,-45.675751806188515,14660.434844066478,10130,-0.010313230739578743,0.006828703703703704,0.0003,31483.437496383103,0.2
18.119144982191486,15.369970230802075,7.991179508385387,0.8769990971861441,32.379629629629626,1753920,0.4695266966750019,12.612647795300708,14.270467894406929,0.8385416666666666,0.32188018541330493,38.16956018518518,0.11800948451203186,35.58015537745123,52.51452555366694,1015,8.804834228079779,48,0.927663686267502,0.0,28.935185185185123,7391,-1291.41527686,21.618896282728564,36.0,26.608717233541167,27.47242394553727,26.27314814814815,9.777746543541099,237,0.004399986,18126.626953125,0.06245523691177368,-45.677740732828774,13790.317285834419,10140,-0.013734853793694466,0.011458333333333333,0.0003,36804.12154586227,0.2
18.183391073696534,15.338818214313179,7.900689067797347,0.8813854616210204,32.324074074074076,1755648,0.4701286554276499,12.624087316412885,14.283618854462894,0.8576388888888888,0.3243413000044457,38.32523148148148,0.12066446957869983,35.61556442458738,52.52660458963163,1016,8.575808444870633,48,0.9188113785279342,0.0,28.247974537037017,7398,-1288.9161848,21.564582604503038,36.0,26.73909838005055,27.499382423221512,26.041666666666668,9.84507532239251,237,0.003427429,26673.3359375,0.07614791393280029,-45.66868440133554,13658.519768043801,10150,-0.011561258265714127,0.0070023148148148145,0.0003,39945.246592881944,0.2
18.16874602132817,15.470477678240472,7.901318000536683,0.8873383913531389,32.611111111111114,1757376,0.4674346489447036,12.63599759819973,14.206510750825538,0.8425925925925926,0.3309382438321798,38.2962962962963,0.11806512930951905,35.65078070146445,52.629476498256516,1017,8.764112714738213,48,0.9250847026145602,0.0,28.862847222222193,7406,-1290.0871258,21.88921641893694,36.0,26.91230462189787,27.526304288274833,26.041666666666668,10.037420740159783,237,0.004614997,23369.984375,0.04415827989578247,-45.67248477229366,11661.457477597836,10160,-0.013049654883367044,0.015335648148148149,0.0003,53244.16068431713,0.2
18.239925275023353,15.140925172633535,8.089162506122326,0.8822719110823635,31.916666666666668,1759104,0.46709987680863674,12.648115177957367,14.205615804692995,0.8501157407407407,0.3114066206742681,38.435763888888886,0.1198716984085562,35.685994740976184,52.54890796695045,1018,8.847031903054742,48,0.9246630323886569,0.0,29.137731481481485,7413,-1291.14332826,21.151717229494963,36.0,26.769601323412008,27.55340410146239,26.62037037037037,9.4416295507391,237,0.005453695,26066.939453125,0.06346994638442993,-45.66091957092285,13094.295326374195,10170,-0.015950320557587678,0.017013888888888887,0.0003,49540.04772858796,0.2
18.085464286862056,15.33266312373091,8.004419841730984,0.8786843322183108,32.31481481481482,1760832,0.4630424408687779,12.659875637238436,14.074984299950671,0.8385416666666666,0.3126035947372387,38.11516203703704,0.11604791040935757,35.72088220172606,52.436742472597444,1019,8.704183712427378,48,0.9268944077234397,0.0,28.653067129629587,7420,-1287.05881738,21.309121100295684,36.0,26.68427694991944,27.580117762179547,26.388888888888886,9.49203813483379,237,0.004546408,26343.775390625,0.08949834108352661,-45.661768425835504,14160.069753717493,10180,-0.01438772092676825,0.015856481481481482,0.0003,36817.32160373264,0.2
18.14300939641184,15.611429148028705,7.942155500536683,0.8855916671637072,32.916666666666664,1762560,0.46229677681945425,12.672301349036285,14.052032952974661,0.8582175925925926,0.31962390496378096,38.23090277777778,0.11975438856440396,35.7557122841085,52.46990207767345,1020,8.970284719139961,48,0.9273538316779519,0.0,29.58622685185183,7427,-1286.45272198,21.726546595677767,36.0,26.87290463933957,27.606975285670575,26.15740740740741,9.692961947112382,237,0.0034989638,53806.265625,0.060339510440826416,-45.66690070540817,11933.651610367386,10190,-0.013245057024889522,0.009027777777777777,0.0003,49914.26987847222,0.2
18.209487610712355,15.753278117413402,7.974536134068053,0.8860998160332931,33.2037037037037,1764288,0.4700065986772576,12.684331398645217,14.26945607598713,0.8443287037037037,0.3231257284595533,38.37731481481482,0.118347422186094,35.791085924298464,52.524660568193745,1021,8.812019843572413,48,0.9226923751791025,0.0,29.065393518518498,7434,-1293.42575544,22.01186785838115,36.0,26.878104133074572,27.633999004697355,26.27314814814815,9.804053606899698,237,0.0037424846,23297.443359375,0.06003212928771973,-45.667405446370445,13956.937768950285,10200,-0.011877133166072544,0.009953703703703704,0.0003,47436.99068287037,0.2
18.0904841472771,15.28570871110665,8.00831015525628,0.8828913886113243,32.22222222222222,1766016,0.46154188145335173,12.696038169168455,14.035079232267615,0.8321759259259259,0.30760888125665425,38.11516203703704,0.11634805748092118,35.825873622379135,52.57002014642715,1022,8.682708209295507,48,0.9127462416619229,0.0,28.64583333333333,7441,-1293.0463032300001,21.10727348765382,36.0,26.80101655798956,27.660725215065547,26.388888888888886,9.33325462129089,237,0.0050554154,15731.623046875,0.08821356296539307,-45.66069570470739,12248.59222112585,10210,-0.014963760044149779,0.016203703703703703,0.0003,40670.09457103588,0.2
18.07926790040496,15.310897239296736,7.985844688135228,0.8810435639189979,32.25925925925926,1767744,0.46569593271757626,12.707678343618262,14.152868690021558,0.8408564814814815,0.30768455806191525,38.094907407407405,0.11524760554866954,35.860955794104186,52.50960869341832,1023,8.656069779923214,48,0.9237548461847067,0.0,28.50839120370362,7449,-1287.36921955,21.123762200039685,36.0,26.746541133059196,27.687423384816558,26.27314814814815,9.347020272607724,237,0.008802561,32837.62109375,0.054324448108673096,-45.654854131627964,10644.852825645165,10220,-0.021026204017646336,0.06273148148148149,0.0003,57180.44048755787,0.2
18.06770774941008,15.22473806176047,8.020967321192892,0.8783769761105994,32.074074074074076,1769472,0.4622041931141508,12.71937794781616,14.054674458150844,0.875,0.30649393329559743,38.08449074074074,0.12575178171443954,35.89579248024956,52.46055031321193,1024,8.679841679158988,48,0.9214774353628578,0.0,28.624131944444418,7456,-1287.40143963,21.029021328323992,36.0,26.667975086924017,27.714092654190082,26.388888888888886,9.30331594537063,237,0.0050257174,35721.16796875,0.05376124382019043,-45.65469837895146,12964.121359902842,10230,-0.014450313789011151,0.018055555555555554,0.0003,66814.00247395833,0.2
18.140747845950763,15.418445923094808,7.864680800004666,0.8754713055085306,32.518518518518526,1771200,0.4592986509736398,12.731680076322197,13.961396233180494,0.8425925925925926,0.3077494284048918,38.2349537037037,0.1195377437252088,35.930395970832514,52.30992141657939,1025,8.92085140241528,48,0.9224775049552422,0.0,29.361979166666604,7463,-1290.56201274,21.097029674121487,36.0,26.583417771559922,27.74094452380496,25.925925925925924,9.333902951022012,237,0.0058195805,45043.7421875,0.08585000038146973,-45.65239160325792,13401.887408729835,10240,-0.01655900494919883,0.017997685185185186,0.0003,40457.742751736114,0.2
18.145952579932583,15.584361302117662,7.838720229059202,0.8772079178111065,32.861111111111114,1772928,0.46141620135469125,12.743589584984083,14.030762570942578,0.8570601851851852,0.312336420335243,38.232638888888886,0.11840708000305686,35.96517287725987,52.328727512099626,1026,8.76380346475382,48,0.9164879361641417,0.0,28.884548611111118,7470,-1292.13394984,21.379008559286067,36.0,26.639358139674247,27.76780940525479,25.810185185185187,9.475927028109203,237,0.003660873,19203.810546875,0.09060949087142944,-45.651252266212744,13068.394136245162,10250,-0.012817481676702974,0.008275462962962964,0.0003,43241.17574508102,0.2
18.13407125540053,15.11662774519524,7.838720229059202,0.8804626529983938,31.87037037037037,1774656,0.4576734616180919,12.75594052601715,13.919851788707158,0.828125,0.3001189943279335,38.203125,0.11546344423254666,35.999672506731635,52.37342450997246,1027,8.94037641322755,48,0.9266572590397385,0.0,29.463252314814767,7477,-1291.0399539,20.536533111027754,36.0,26.73691877329371,27.794644583393293,25.810185185185187,9.101185136773312,237,0.004987497,37338.0546875,0.07892048358917236,-45.65009204723217,11143.406949078595,10260,-0.0132831373527922,0.01724537037037037,0.0003,54481.834121817126,0.2
