family,name,split,J_cov,J_psnr,J_D,J_B,cov,psnr,extra,useful,bits,stall_pct,qvar_dB,buffer_seg
published,predicted viewport only,train,25.83168179189445,1582.3935437394086,1.9206911349718216,6.569821515370775,0.8521667265366497,52.159506720883044,0.0,0.0,124670927.91089727,14.486619739225992,4.80003465238496,59.7403485844838
published,predicted viewport only,val,25.191205639356365,1570.9906335566127,2.4672301752095973,6.6528640989349705,0.8294317664439023,51.743299145247576,0.0,0.0,129073386.96296299,18.398212597748557,5.295441719150363,59.12507011049586
published,predicted viewport only,test,25.19120563935636,1570.990633556613,1.8981722762323552,6.65286409893497,0.8294317664439024,51.743299145247576,0.0,0.0,129073386.96296297,14.16839333506,5.295441719150363,61.3458079349175
published,QER 120x60 (MMSP),train,26.7632867688466,1604.5158374763548,2.6812748745480266,7.704702300301391,0.883394768354817,52.90721739115837,2.412575366063739,0.6574519587751344,146709418.4427812,20.848555050640048,4.27514930398752,57.29579266831131
published,QER 120x60 (MMSP),val,25.899733365940133,1588.9354261216695,3.186506726796153,7.658837931880667,0.8534792723976018,52.34239901588459,2.1296296296296298,0.6018518518518517,148041667.85185185,23.544513190684874,4.654549968427583,57.18960415738568
published,QER 120x60 (MMSP),test,25.899733365940133,1588.9354261216693,2.504883450931224,7.658837931880667,0.8534792723976017,52.34239901588458,2.1296296296296298,0.6018518518518517,148041667.85185185,18.696581196581192,4.654549968427584,59.290085694085505
published,QER 160x80 (MMSP),train,27.568179064816036,1627.2044619648689,3.2320124934136043,8.708595459395397,0.9094602598582779,53.64466702917349,4.507751937984497,1.126563010484422,164940875.9470136,22.389289851198424,3.7076934484687376,55.26453954417094
published,QER 160x80 (MMSP),val,26.882117776569995,1609.0887494297328,3.631290339291862,8.443504118101908,0.8860519281074785,53.01970477491328,3.8055555555555562,1.0092592592592593,162413731.55555555,24.683122797971976,4.204809486507188,55.853010209147904
published,QER 160x80 (MMSP),test,26.88211777657,1609.0887494297328,2.8824032185807016,8.443504118101906,0.8860519281074783,53.019704774913286,3.8055555555555562,1.009259259259259,162413731.55555555,19.801648968315625,4.204809486507187,57.87219484165294
published,QER 200x100 (MMSP),train,28.782603255823176,1655.7778473429514,5.254639755525291,15.814892916572846,0.9492125568672515,54.57774218094599,19.53022067777481,1.9814517805696632,251659752.25922957,27.345629510825976,2.339743663502714,46.699880308073986
published,QER 200x100 (MMSP),val,28.181612020990237,1641.8193650052335,5.861078233251553,16.123343586791535,0.9285386603240743,54.092067495518656,19.944444444444454,2.0370370370370376,257926073.55555558,29.521139468935278,3.077991114754279,46.858969907933826
published,QER 200x100 (MMSP),test,28.181612020990237,1641.8193650052335,4.82537693681037,16.123343586791535,0.9285386603240741,54.092067495518656,19.944444444444457,2.037037037037037,257926073.55555555,24.460416127082784,3.0779911147542793,48.26567344814335
published,"average-based, bounds 30/15 (MMSP)",train,27.97120666467636,1642.9395892610423,4.202320050159726,11.66283328047698,0.9231008796029281,54.16773513973237,10.76162790697674,1.6112224895304288,199848066.33876863,24.532953161662054,2.862590468828401,51.711538294896265
published,"average-based, bounds 30/15 (MMSP)",val,27.768034266825662,1630.5551039984186,4.739437528646844,11.74846004387071,0.91534571279321,53.72342350719133,10.749999999999996,1.6481481481481481,202171508.07407406,26.85077769184497,3.1855833656159263,52.0384033199662
published,"average-based, bounds 30/15 (MMSP)",test,27.768034266825662,1630.5551039984189,3.830881790714156,11.748460043870711,0.9153457127932101,53.72342350719133,10.749999999999996,1.6481481481481484,202171508.07407406,21.747388414055074,3.1855833656159267,53.81097388014409
published,"average-based, fitted to our error data (MMSP rule)",train,28.297876309493297,1649.2338808781883,3.7245444995624397,9.730474777751926,0.933109445109017,54.365113147429106,6.6933083845674055,1.7222519231340405,183065178.15866226,23.429564287623624,2.65248427609261,53.533985713163005
published,"average-based, fitted to our error data (MMSP rule)",val,28.03971545756466,1637.7583087967942,4.370344942726035,9.783489563656621,0.9235525123304197,53.94462141506684,6.564814814814814,1.703703703703704,186656183.33333334,26.073085846867738,3.2446511237341427,53.35780324598391
published,"average-based, fitted to our error data (MMSP rule)",test,28.03971545756466,1637.758308796794,3.5231063929255537,9.783489563656623,0.9235525123304198,53.94462141506684,6.564814814814814,1.703703703703704,186656183.33333334,21.131183631183625,3.2446511237341418,55.2242008685365
published,"threshold 10 s base layer, enlarged viewport (ASL360, adapted)",train,27.71915695477197,1633.7493590879826,2.200842430641655,8.939669353964963,0.9145744410776481,53.866517598526734,5.0770070391161,1.3316032552199353,169043583.79892483,17.099557456413912,3.1776203328199513,53.84777243254882
published,"threshold 10 s base layer, enlarged viewport (ASL360, adapted)",val,27.28315730612301,1620.164405159369,2.729037356920363,8.853266224671307,0.899114797703681,53.37573423846642,4.683391337973704,1.2550378104322422,170289758.83844632,20.556200051559678,3.787169876821592,53.781890373829185
published,"threshold 10 s base layer, enlarged viewport (ASL360, adapted)",test,27.41977364163168,1623.37004695672,2.1563417550719994,8.99620808663446,0.9036593003744038,53.48205715553614,4.9884421134421135,1.3351247517914184,172974350.55451956,16.38932055598722,3.6880506392943397,55.66917083055107
lit,QER 120x60,train,26.7632867688466,1604.5158374763548,2.6812748745480266,7.704702300301391,0.883394768354817,52.90721739115837,2.412575366063739,0.6574519587751344,146709418.4427812,20.848555050640048,4.27514930398752,57.29579266831131
lit,QER 120x60,val,25.899733365940133,1588.9354261216695,3.186506726796153,7.658837931880667,0.8534792723976018,52.34239901588459,2.1296296296296298,0.6018518518518517,148041667.85185185,23.544513190684874,4.654549968427583,57.18960415738568
lit,QER 120x60,test,25.899733365940133,1588.9354261216693,2.504883450931224,7.658837931880667,0.8534792723976017,52.34239901588458,2.1296296296296298,0.6018518518518517,148041667.85185185,18.696581196581192,4.654549968427584,59.290085694085505
lit,QER 160x80,train,27.568179064816036,1627.2044619648689,3.2320124934136043,8.708595459395397,0.9094602598582779,53.64466702917349,4.507751937984497,1.126563010484422,164940875.9470136,22.389289851198424,3.7076934484687376,55.26453954417094
lit,QER 160x80,val,26.882117776569995,1609.0887494297328,3.631290339291862,8.443504118101908,0.8860519281074785,53.01970477491328,3.8055555555555562,1.0092592592592593,162413731.55555555,24.683122797971976,4.204809486507188,55.853010209147904
lit,QER 160x80,test,26.88211777657,1609.0887494297328,2.8824032185807016,8.443504118101906,0.8860519281074783,53.019704774913286,3.8055555555555562,1.009259259259259,162413731.55555555,19.801648968315625,4.204809486507187,57.87219484165294
lit,QER 200x100,train,28.782603255823176,1655.7778473429514,5.254639755525291,15.814892916572846,0.9492125568672515,54.57774218094599,19.53022067777481,1.9814517805696632,251659752.25922957,27.345629510825976,2.339743663502714,46.699880308073986
lit,QER 200x100,val,28.181612020990237,1641.8193650052335,5.861078233251553,16.123343586791535,0.9285386603240743,54.092067495518656,19.944444444444454,2.0370370370370376,257926073.55555558,29.521139468935278,3.077991114754279,46.858969907933826
lit,QER 200x100,test,28.181612020990237,1641.8193650052335,4.82537693681037,16.123343586791535,0.9285386603240741,54.092067495518656,19.944444444444457,2.037037037037037,257926073.55555555,24.460416127082784,3.0779911147542793,48.26567344814335
lit,average-based 0.05x,train,25.936313232508578,1586.1152887808532,2.013561689298389,6.707894698454765,0.8556526374590131,52.287832362316884,0.29325195283495203,0.1111779381627016,127413815.81442869,15.44224657696991,4.723426868212333,59.42651854476888
lit,average-based 0.05x,val,25.28746103258201,1572.7412285088462,2.5083299640864967,6.725264684582917,0.8329039886661243,51.80644838282852,0.16666666666666666,0.027777777777777776,130512511.70370367,18.753759560024058,5.3138139490828245,59.0358301735605
lit,average-based 0.05x,test,25.287461032582012,1572.7412285088462,1.929279885179691,6.725264684582917,0.8329039886661243,51.80644838282851,0.16666666666666666,0.027777777777777776,130512511.7037037,14.463006129672795,5.313813949082824,61.250591665207864
lit,"threshold, margin 0.05x",train,25.92007800565772,1585.539931791179,1.94074291207099,6.683476775763549,0.8551180334296024,52.268315594528694,0.2424782440820933,0.09415189046303721,126933754.78351004,14.682645757224746,4.732856977240033,59.435560454208144
lit,"threshold, margin 0.05x",val,25.26881294595941,1572.4020761225088,2.4702120140111132,6.711360000063535,0.8322312959618192,51.79421413378441,0.13477485606255907,0.02239623614333591,130236832.1001117,18.4175474778723,5.310254595952057,59.03770403822561
lit,"threshold, margin 0.05x",test,25.273998739823178,1572.4963900539885,1.9010063298285724,6.7152090271352085,0.832418363180499,51.7976163216284,0.14360485193818526,0.02389277389277389,130313251.48363982,14.194293360960026,5.311244406434928,61.252550645784076
lit,average-based 0.1x,train,26.068965501625495,1589.8637493103568,2.0848480707717445,6.820494445165554,0.8600341350933176,52.41309203134772,0.5339481422079658,0.21300751433068996,129524101.87002882,16.032552199352516,4.664306493225221,59.20359905892371
lit,average-based 0.1x,val,25.636091228471212,1580.766699936641,2.657376274135512,6.9149348175639895,0.8437366507031614,52.057991378739096,0.5648148148148149,0.15740740740740738,134074690.22222222,20.024490848156734,5.222314840053347,58.63856624204104
lit,average-based 0.1x,test,25.63609122847121,1580.766699936641,2.0558684385018875,6.914934817563988,0.8437366507031615,52.05799137873909,0.5648148148148149,0.15740740740740738,134074690.22222222,15.548648881982214,5.222314840053347,60.82896966869222
lit,"threshold, margin 0.1x",train,26.02535349467544,1588.607455881586,1.9527425548217234,6.773828711935651,0.8586081193648577,52.37093892307717,0.43677418396744777,0.1772476165018266,128638699.52722089,14.796251744928567,4.689436474306657,59.21912518693412
lit,"threshold, margin 0.1x",val,25.523489521658025,1578.307031730334,2.4850736337364143,6.853674991371074,0.8401552020909763,51.979535628869066,0.43529260118587265,0.11767422875311506,132917788.84893015,18.518518518518515,5.238752479578777,58.6530641272052
lit,"threshold, margin 0.1x",test,25.546656787135515,1578.8171040848508,1.9201129629823857,6.866920931511562,0.8409005552939409,51.995942398165916,0.46377233877233875,0.12570145903479235,133170506.48588449,14.346456013122678,5.23515819070503,60.84404167466825
lit,average-based 0.15x,train,26.256443018092327,1595.6831416575344,2.1804454750303717,6.9517698646142945,0.8664670506409414,52.61039549770605,0.8117704713534706,0.336518756125813,132066612.67130002,16.91986693991505,4.489382031443348,58.924240067929276
lit,average-based 0.15x,val,25.7295225195924,1581.190527647702,2.7911849128273776,7.071653406251472,0.8473188335954327,52.07411843913753,0.8796296296296298,0.24074074074074073,136802789.85185185,20.904227893787056,5.192900240958548,58.30463242155012
lit,average-based 0.15x,test,25.729522519592404,1581.190527647702,2.172921106338021,7.071653406251472,0.8473188335954328,52.07411843913753,0.8796296296296298,0.24074074074074067,136802789.85185185,16.332124665457997,5.192900240958548,60.474694087655074
lit,"threshold, margin 0.15x",train,26.173637239660525,1593.1650418027587,1.9643083617525863,6.871800231065006,0.8637503300429404,52.527181883360896,0.6476061065074697,0.27319641212985235,130582177.38703258,14.892037185541597,4.555794768761312,58.96587471806734
lit,"threshold, margin 0.15x",val,25.600309135282725,1578.655293353383,2.5046069297975655,6.954392173879736,0.8431073652537369,51.99281904742121,0.6428847641144625,0.18587264758958494,134676108.9261837,18.734424679900314,5.214382330352965,58.38052298637072
lit,"threshold, margin 0.15x",test,25.626808129310586,1579.1683151872205,1.940061573224621,6.973736343825648,0.8439840353588318,52.00940992702274,0.6838470171803505,0.19728265561598896,135035339.2027972,14.552577052577051,5.210109060826782,60.554784463345406
lit,average-based 0.2x,train,26.35148846869423,1599.1499624941325,2.2690785307849084,7.093039133659508,0.8696266102359949,52.725896108998654,1.1172369241735722,0.41982981377528283,134653294.73753306,17.859158276159075,4.434400024441514,58.6502580196515
lit,average-based 0.2x,val,25.839119453993344,1584.9764826171456,2.856244393359685,7.1752583920787245,0.8507794261880255,52.19429942748489,1.1018518518518519,0.3425925925925926,138645751.25925925,21.240439975938813,5.095227781905954,58.12976377529209
lit,average-based 0.2x,test,25.83911945399334,1584.9764826171458,2.2265389969252087,7.175258392078724,0.8507794261880255,52.194299427484886,1.1018518518518519,0.34259259259259256,138645751.25925925,16.6364499697833,5.095227781905954,60.28844609651267
lit,"threshold, margin 0.2x",train,26.248322097209424,1595.9100745865287,1.9763343750335611,6.985473625274915,0.8662408378670213,52.61892099337989,0.8945172116783986,0.34022394487510765,132663939.97487302,15.020493629154414,4.511009075591611,58.698820502822805
lit,"threshold, margin 0.2x",val,25.681117766291983,1581.4955559359512,2.5121602559351195,7.0338146234003105,0.8456545617981641,52.08299446514291,0.8137191716078027,0.2632873592850391,136093922.29131222,18.778465240182175,5.143907033905394,58.20793946160575
lit,"threshold, margin 0.2x",test,25.714304989447754,1582.2145151808918,1.9483591929363495,7.058530038731189,0.8467470269539138,52.10615320021807,0.8662263662263664,0.2802706552706552,136548172.8515065,14.6356729690063,5.133973500386594,60.37128499550073
lit,average-based 0.25x,train,26.459388776262497,1601.8987430960087,2.341506918506753,7.219208606257462,0.8735182981961712,52.824298226960565,1.4012667438890376,0.4908521191600582,137294941.790668,18.404912530814688,4.318794505158259,58.455585890047644
lit,average-based 0.25x,val,26.151592665983173,1593.0763329615306,2.9656831921158875,7.337443128587495,0.8617651844986699,52.47679860894911,1.462962962962963,0.5555555555555555,142003546.14814815,22.170662541892234,4.757718258664595,57.859112580924
lit,average-based 0.25x,test,26.151592665983166,1593.0763329615309,2.3129311188735007,7.337443128587494,0.8617651844986698,52.4767986089491,1.462962962962963,0.5555555555555555,142003546.14814815,17.409134075800736,4.757718258664596,60.000595111467504
lit,"threshold, margin 0.25x",train,26.336498573081542,1598.1448235091204,1.9867445855034456,7.089402146941433,0.8694398547281776,52.69939338022676,1.1292806439157683,0.39862336273723603,134849616.50539073,15.128159434494638,4.410091544326185,58.50671121931472
lit,"threshold, margin 0.25x",val,25.928220006698577,1587.8795673889156,2.5254328124729963,7.162100233478677,0.8543722277474964,52.30642062003849,1.100079487840509,0.4344010483801667,138750771.13482854,18.903067800979628,4.882469592619783,57.94205473621888
lit,"threshold, margin 0.25x",test,25.977282545879106,1589.0153627083994,1.9611788574940823,7.194970676167628,0.8560192942242631,52.344034051354264,1.1706703790037125,0.46220754554087884,139373242.7729431,14.764093930760598,4.854559727214184,60.08777187091908
lit,average-based 0.35x,train,26.795487053500036,1611.7667915488407,2.4784562190160506,7.475525406718352,0.8847789676410954,53.16010678994068,1.95680002376073,0.7038150821230212,142299598.13876268,19.10511152692387,4.0519752105053435,57.968209884712465
lit,average-based 0.35x,val,26.23348876518648,1595.8499169923384,3.1272164629385837,7.621775829802816,0.8641674363505216,52.561480623298124,2.064814814814815,0.6666666666666665,147519193.92592594,22.647589584944566,4.59044393977745,57.33894693746849
lit,average-based 0.35x,test,26.233488765186475,1595.8499169923386,2.4505696137543698,7.621775829802817,0.8641674363505217,52.56148062329813,2.064814814814815,0.6666666666666665,147519193.92592588,17.921738755072084,4.590443939777449,59.447184826289195
lit,"threshold, margin 0.35x",train,26.604859995775904,1606.1753318347203,2.0080132974833798,7.293042232845294,0.8784943334055106,52.97394588202564,1.573116219667944,0.5692031245359234,138835951.63063946,15.320472838516139,4.197215757630677,58.028707841699806
lit,"threshold, margin 0.35x",val,25.980832049882096,1589.8271589201602,2.549643241341237,7.362201002922969,0.8559116111209845,52.36582186619544,1.531752169803214,0.5101400704648964,142705596.04227895,19.12219644238205,4.76401990247412,57.47760142745224
lit,"threshold, margin 0.35x",test,26.03236886295348,1591.0606338717412,1.986503512913095,7.4078864966248155,0.8576320879465433,52.4063967693985,1.6300612967279635,0.5420767504100837,143582073.39851508,15.000431667098333,4.729230771788836,59.59443347880178
lit,average-based 0.5x,train,27.01917375035147,1618.3797913452338,2.678285490680297,7.8208007627880205,0.8920775771512569,53.37374482373652,2.685103507677686,0.8797929846446287,148755933.88957205,20.080786480144933,3.8452910947678456,57.25884405149237
lit,average-based 0.5x,val,26.82444713208145,1611.7090559444164,3.3506544586039575,7.99105918313315,0.8839688510654703,53.093608308219935,2.8425925925925934,0.9814814814814815,154705786.14814815,23.442467990031787,3.8785761451926835,56.612254471165215
lit,average-based 0.5x,test,26.824447132081453,1611.7090559444164,2.6448799130185536,7.9910591831331494,0.8839688510654704,53.093608308219935,2.842592592592593,0.9814814814814815,154705786.14814815,18.731114564447893,3.8785761451926835,58.67467630018362
lit,"threshold, margin 0.5x",train,26.780047755554673,1611.260787013827,2.042431125596341,7.557250419783364,0.8842338458193196,53.13906106755171,2.135517835397547,0.7056936647955093,143794890.04377916,15.683566485491102,4.041714983573614,57.35167677854104
lit,"threshold, margin 0.5x",val,26.427035779757013,1601.7614337508587,2.58749797986058,7.627312399998099,0.8709361269628673,52.76864168943482,2.096921457420298,0.7463048895763513,147977770.47237262,19.447666924465064,4.2374911550075085,56.795695511782434
lit,"threshold, margin 0.5x",test,26.505766839339415,1603.751006839962,2.0231876683881977,7.689158381461827,0.873564427848963,52.834571160511956,2.229690063023397,0.7932962099628768,149172016.11715448,15.337132003798668,4.168652786281008,58.870621129475175
lit,average-based 0.75x,train,27.595707216501495,1633.4450854375852,3.1567268856601927,8.633774721543006,0.9106165569649899,53.8573225823892,4.394843921708396,1.2747779856841608,163646547.90858063,21.929668240814983,3.302041437011631,55.64562711627003
lit,average-based 0.75x,val,27.23790175064097,1624.5223848878247,3.689743559848835,8.555618153115693,0.8984170224805939,53.52718025169695,4.055555555555557,1.2592592592592595,165908694.51851854,24.405989516198325,3.442081361594343,55.65295410608572
lit,average-based 0.75x,test,27.237901750640965,1624.522384887825,2.9342301235643355,8.555618153115695,0.8984170224805939,53.52718025169695,4.055555555555557,1.2592592592592595,165908694.51851854,19.62142795476128,3.442081361594343,57.65947657991761
lit,"threshold, margin 0.75x",train,27.20712422581611,1622.3236546857943,2.1077277238315073,8.144128420525393,0.8980496658084277,53.49615212002824,3.390663518370014,1.0012103121565834,154764946.24996287,16.27312958507826,3.6416608377261133,55.868359237558714
lit,"threshold, margin 0.75x",val,26.74380543245432,1611.3300833817684,2.6323814849414364,8.032280410163317,0.8821201527267175,53.09591516193007,2.980568445475639,0.950266391681705,156100825.69407925,19.819326286843683,3.904171718246714,55.92179955052442
lit,"threshold, margin 0.75x",test,26.841234032364415,1613.887223254824,2.063771664935765,8.119422945736288,0.8854065345138271,53.18121996024247,3.1686523353190026,1.0095722179055515,157802784.3375637,15.693257359924024,3.815717444404648,57.94353637241439
lit,average-based 1.0x,train,28.297876309493297,1649.2338808781883,3.7245444995624397,9.730474777751926,0.933109445109017,54.365113147429106,6.6933083845674055,1.7222519231340405,183065178.15866226,23.429564287623624,2.65248427609261,53.533985713163005
lit,average-based 1.0x,val,28.03971545756466,1637.7583087967942,4.370344942726035,9.783489563656621,0.9235525123304197,53.94462141506684,6.564814814814814,1.703703703703704,186656183.33333334,26.073085846867738,3.2446511237341427,53.35780324598391
lit,average-based 1.0x,test,28.03971545756466,1637.758308796794,3.5231063929255537,9.783489563656623,0.9235525123304198,53.94462141506684,6.564814814814814,1.703703703703704,186656183.33333334,21.131183631183625,3.2446511237341418,55.2242008685365
lit,"threshold, margin 1.0x",train,27.71915695477197,1633.7493590879826,2.200842430641655,8.939669353964963,0.9145744410776481,53.866517598526734,5.0770070391161,1.3316032552199353,169043583.79892483,17.099557456413912,3.1776203328199513,53.84777243254882
lit,"threshold, margin 1.0x",val,27.28315730612301,1620.164405159369,2.729037356920363,8.853266224671307,0.899114797703681,53.37573423846642,4.683391337973704,1.2550378104322422,170289758.83844632,20.556200051559678,3.787169876821592,53.781890373829185
lit,"threshold, margin 1.0x",test,27.41977364163168,1623.37004695672,2.1563417550719994,8.99620808663446,0.9036593003744038,53.48205715553614,4.9884421134421135,1.3351247517914184,172974350.55451956,16.38932055598722,3.6880506392943397,55.66917083055107
lit,average-based 1.5x,train,28.975742849131592,1663.1132018397439,4.471695994547722,11.319097135250862,0.9545757940307427,54.801577265839875,10.001240013068402,2.098710980427099,211711942.33437288,25.227954498203086,2.0554298005190192,50.43881668380441
lit,average-based 1.5x,val,28.861237621959813,1661.9518674980527,5.042758680041163,11.319308602633978,0.9510731044753088,54.757765655989964,9.824074074074073,2.425925925925926,215449726.0,27.554352496347846,2.231738351886572,50.74437721170356
lit,average-based 1.5x,test,28.86123762195982,1661.951867498053,4.096970076529499,11.31930860263398,0.9510731044753088,54.75776565598998,9.824074074074073,2.425925925925926,215449726.0,22.442372442372434,2.2317383518865714,52.42910386853647
lit,"threshold, margin 1.5x",train,28.183710223144402,1643.0108021937936,2.3457548625372833,10.02960730183319,0.9293704257206336,54.157959366512856,7.381716118684843,1.5846401734533253,189057021.4662746,18.118298731771063,2.7739955328279406,50.973174607496645
lit,"threshold, margin 1.5x",val,27.866895005288765,1637.4954590916263,2.83114285626567,9.893588382226442,0.9187398800955014,53.96082432283947,6.927451233135688,1.7776703617770904,190241117.53931424,21.401563976970007,3.078458563559527,51.36404676684803
lit,"threshold, margin 1.5x",test,28.046914506408992,1641.9731292654167,2.2570981783449104,10.111315674229717,0.9247786075395813,54.1109533068664,7.396324354657686,1.8955797289130625,194374877.4368471,17.151212984546316,2.92882948520702,53.088886786234035
lit,average-based 2.0x,train,29.16523784904026,1668.5656044762627,4.991836295948082,12.828326712937905,0.9607584393795798,54.98585319662642,13.244483055629809,2.243755383290267,238263660.5129347,26.599394101398907,1.7389579139516487,48.04295387533876
lit,average-based 2.0x,val,29.30529549911545,1671.382089918501,5.521540142232618,12.695698178322774,0.9655368580246916,55.07475040015726,12.75,2.7129629629629637,240266608.14814815,28.660737303428704,1.72616521744054,48.523447290854236
lit,average-based 2.0x,test,29.30529549911545,1671.382089918501,4.514689742734955,12.695698178322774,0.9655368580246917,55.074750400157264,12.75,2.7129629629629632,240266608.14814812,23.549598549598542,1.7261652174405402,50.04464610262398
lit,"threshold, margin 2.0x",train,28.29592541668673,1646.4400150622048,2.4585841690619152,11.10924538417627,0.9330423084141773,54.27483328258121,9.72180640945677,1.675643767263655,208132496.77626303,18.91354064569782,2.5676349853653875,48.66758203640844
lit,"threshold, margin 2.0x",val,28.152769235052887,1643.7442303002276,2.9136396692665163,10.818628646980182,0.9281525036352437,54.17256270404707,8.91842828907794,1.9660780269829,207112266.83294663,22.054653261149777,2.72242353401223,49.29187385703685
lit,"threshold, margin 2.0x",test,28.352562380067376,1648.7027501678044,2.342465644207207,11.105128894412982,0.9348488693034669,54.339042741995584,9.53714495381162,2.0987870154536825,212521203.66847965,17.749071915738583,2.5513012695399135,50.86541281119619
lit,average-based 3.0x,train,30.186356809282607,1693.6273249200262,6.192396476169939,16.590394155756133,0.9935127545100837,55.781726603616065,21.110680447889752,2.7774213668359624,301451796.25726926,30.21176750126228,0.34415475969365295,41.847004034336905
lit,average-based 3.0x,val,30.34090567536091,1699.6992044269996,6.630165361483862,16.587407248544586,0.9993716496913583,55.98684335423033,20.97222222222223,3.2500000000000013,303519564.29629624,31.419180201082742,0.21000818217009018,43.03042535934745
lit,average-based 3.0x,test,30.34090567536091,1699.6992044269994,5.561649303403584,16.587407248544583,0.9993716496913583,55.98684335423034,20.97222222222223,3.250000000000001,303519564.29629624,26.759043425710082,0.21000818217009015,44.183072169237576
lit,"threshold, margin 3.0x",train,28.94081706687706,1662.1230952930994,2.725556500690684,13.56522307653521,0.9537873148263657,54.77330422933744,14.91507024265645,2.0025765541002114,249836756.83471444,20.82182423000386,1.6952241710383433,42.797758103770754
lit,"threshold, margin 3.0x",val,28.78619120641486,1661.0123489177176,3.132575783345938,13.374096353570708,0.949089681736816,54.733487163139785,14.382862851250326,2.2905065738592425,248689681.53518948,23.631520151241727,1.7880163997140277,44.051380238908344
lit,"threshold, margin 3.0x",test,29.01869834700349,1666.952993944898,2.5726054734883967,13.8285143964127,0.9568941231955326,54.9322302554845,15.359783734783736,2.439566606233273,256799244.19191915,19.528619528619526,1.5671556745919921,45.280082721797676
rl,tau q0 a 0.5 reserve 0.0 link now,train,29.02644080169758,1662.9287994372312,2.2957003592131806,14.036776017255063,0.9572820408600107,54.80801572371834,15.881998277347114,2.018043303929431,250445744.22430128,17.06243131664142,1.550605921612146,42.07062678742454
rl,tau q0 a 0.5 reserve 0.0 link now,val,28.6699355219648,1657.2212527813438,2.81650544782793,13.689590653714967,0.9453049992241432,54.60854336765314,15.006369768840765,2.1916301452264335,248375271.38618198,20.895634613732057,1.9810715643500483,43.503121026815585
rl,tau q0 a 0.5 reserve 0.0 link now,test,28.913019690737134,1663.1988591144404,2.2359896533155923,14.158020266032949,0.9534287477890435,54.80788831005723,16.011309677976342,2.339592506259173,256417927.33091596,16.69796253129586,1.7525559561253903,44.70099408291124
rl,tau q0 a 0.5 reserve 0.0 link min5,train,28.94819042902554,1661.0413757379924,2.2312604877771034,13.844326232410536,0.9548883066639303,54.750110907428294,15.512281327036739,1.9736701416733495,247532102.84534732,16.63325314087142,1.6267309898178284,42.68757188744445
rl,tau q0 a 0.5 reserve 0.0 link min5,val,28.602301499077072,1655.6013815878189,2.7670156441100056,13.524760752195032,0.9432159245100231,54.55809950729462,14.687730944401476,2.1508657729655414,245802127.80733868,20.556200051559678,2.047267671865443,44.01000280934294
rl,tau q0 a 0.5 reserve 0.0 link min5,test,28.827399164788716,1661.241413809479,2.1682609954764867,13.965131289159359,0.9507813458480907,54.7470797659572,15.638521971855308,2.2910623327289996,253404630.01061898,16.27169127169127,1.8328255576006196,45.28847024716553
rl,tau q0 a 0.5 reserve 0.25 link now,train,29.000599951240098,1662.3043989380271,2.23669539661243,13.981218487379952,0.9564809185879679,54.78853108725751,15.773367192372806,2.003170572336571,249590334.2341026,16.648846119575868,1.5741482423339306,42.2108558526878
rl,tau q0 a 0.5 reserve 0.25 link now,val,28.648851506308826,1656.743835136147,2.7706719555004358,13.648211963772221,0.9446432458343869,54.59344563284862,14.924690641918023,2.1795351035490254,247709538.78559762,20.561570851594052,1.999572968226887,43.60097206679774
rl,tau q0 a 0.5 reserve 0.25 link now,test,28.888311450808477,1662.6185050127765,2.1788818038040456,14.107836460724442,0.9526538736183708,54.789596938786595,15.91175645342312,2.3259518259518264,255602682.48571178,16.304066304066303,1.7750496249373495,44.81802998077682
rl,tau q0 a 0.5 reserve 0.25 link min5,train,28.923199412657215,1660.4207551363702,2.182219714240495,13.789059855487226,0.9541209584596086,54.73089975309502,15.404667498292197,1.9593023255813955,246678879.5641094,16.293177700555407,1.6489535392249872,42.83835607661324
rl,tau q0 a 0.5 reserve 0.25 link min5,val,28.580642950197554,1655.1193511316326,2.7291833267966052,13.482309654264332,0.9425452889341636,54.54310046801803,14.604225745467046,2.1382121680845585,245131996.0872218,20.2629543696829,2.06600136794971,44.11678091245514
rl,tau q0 a 0.5 reserve 0.25 link min5,test,28.80240908743044,1660.650559289129,2.1223811998169264,13.915368361895949,0.9500034892440631,54.72855717530095,15.540371665371667,2.2759971509971515,252606817.89734954,15.95117845117845,1.857092631161199,45.41331942789042
rl,tau q0 a 0.5 reserve 0.5 link now,train,28.97595868823099,1661.7280312849903,2.1876639704202216,13.92677098654494,0.9557144658517188,54.770497518817905,15.66755026879325,1.9895898304077937,248755975.9937628,16.305800588078053,1.5956444243300754,42.357720322090394
rl,tau q0 a 0.5 reserve 0.5 link now,val,28.629478997244306,1656.2769271420093,2.7323264535803444,13.607199187596846,0.9440365796143216,54.57871155565936,14.843956775801328,2.1679556586749165,247053722.6586749,20.281215089799776,2.017769678503375,43.70425535058414
rl,tau q0 a 0.5 reserve 0.5 link now,test,28.86396799393064,1662.054659548898,2.1313540296167743,14.058104656313223,0.9518907889118448,54.771887932871344,15.813498230164898,2.3124082707416043,254807090.69688335,15.990028490028488,1.7967600296361912,44.94018755628051
rl,tau q0 a 0.5 reserve 0.5 link min5,train,28.897607165750458,1659.8381161216246,2.1415805173511826,13.734436661660101,0.9533329321328365,54.712881110298824,15.298872850396506,1.9455136772698924,245842171.13950515,15.982060649261932,1.6707889802739853,42.995421640899565
rl,tau q0 a 0.5 reserve 0.5 link min5,val,28.559875568510467,1654.6269763572457,2.696228992830734,13.438939520696142,0.9419016031324529,54.52770575951916,14.519281172123401,2.1257196872046062,244450841.49419954,20.01804588811549,2.0863497079934756,44.23156327977335
rl,tau q0 a 0.5 reserve 0.5 link min5,test,28.777509142403755,1660.078248684565,2.084398538921082,13.865947233829708,0.9492313761384241,54.71065569633116,15.443117068117068,2.261126219459553,251825666.01130965,15.666278166278166,1.8805289886415546,45.54213524764727
rl,tau q0 a 0.5 reserve 1.0 link now,train,28.931843401787543,1660.7022417968926,2.113498941641186,13.819857008462717,0.95436080204266,54.738888980445736,15.460898749591612,1.9653167602245392,247125207.58288035,15.771184175354183,1.634642376151864,42.66914561296326
rl,tau q0 a 0.5 reserve 1.0 link now,val,28.59095713863415,1655.36814263439,2.6704138637859955,13.522877071320298,0.942842187523458,54.550341975978334,14.678836899544558,2.1456883217324054,245730317.67723638,19.802139726733692,2.053273407951542,43.929987379948386
rl,tau q0 a 0.5 reserve 1.0 link now,test,28.817130584201525,1660.9593523021551,2.060886332234999,13.960407768471137,0.9504270585867997,54.73747674280845,15.621794871794872,2.2851377018043686,253267527.30432528,15.479582146248811,1.839288624327336,45.199226711585275
rl,tau q0 a 0.5 reserve 1.0 link min5,train,28.850469772274135,1658.7368072136971,2.0816180480352284,13.626717158271925,0.9518961753711833,54.67914733301535,15.0910407199501,1.9202233508568716,244217098.98886213,15.562535269832782,1.7154815472001539,43.31816858982826
rl,tau q0 a 0.5 reserve 1.0 link min5,val,28.516608344876875,1653.6273399544693,2.6416729259909797,13.350609605049664,0.9405699092486596,54.49665037031977,14.346728108619061,2.099606857437484,243069379.5589069,19.57871444530377,2.12746070105491,44.477513795603556
rl,tau q0 a 0.5 reserve 1.0 link min5,test,28.728466410128707,1658.9767133661016,2.0271908260320863,13.76726385196436,0.9477278876221144,54.67655398420808,15.25021583354917,2.2320750237416904,250286101.03522408,15.23245273245273,1.923646562416418,45.816627672571784
rl,tau q0 a 0.5 reserve 2.0 link now,train,28.846041651578478,1658.6933801886628,2.030538306217278,13.61174793111843,0.9517521019219647,54.67764556508434,15.060857168315067,1.9176393715287063,243976074.80329084,15.183848644153372,1.7147744654465167,43.3283780186445
rl,tau q0 a 0.5 reserve 2.0 link now,val,28.51920081334776,1653.6887975959742,2.5909605728526364,13.347058748591236,0.9406218847289953,54.498097472312914,14.337662198161038,2.1024426398556333,243001179.51276103,19.199535962877025,2.120525180729025,44.447428969854876
rl,tau q0 a 0.5 reserve 2.0 link now,test,28.72418156399499,1658.9111919707432,1.976587958457915,13.767041849553024,0.9475731811564453,54.67400824951853,15.245672537339203,2.2320102736769405,250243160.64430627,14.797548130881465,1.92467687011895,45.7666058144474
rl,tau q0 a 0.5 reserve 2.0 link min5,train,28.763532621887567,1656.7335887630325,2.0136867094105386,13.425537619961549,0.9492618863208051,54.61829308992465,14.702315186076213,1.8725162612492208,241141031.8507232,15.07024265644955,1.7972798981379516,43.961501286577935
rl,tau q0 a 0.5 reserve 2.0 link min5,val,28.434413069671628,1651.7969455041643,2.5752033475394422,13.176815730996712,0.9380479832641422,54.439963089880195,14.009216292858985,2.0515919051301883,240362934.20641062,19.093194122196437,2.202735699836257,44.996315851324994
rl,tau q0 a 0.5 reserve 2.0 link min5,test,28.634656597153846,1656.9153469956525,1.9594033912225184,13.572511606069545,0.9448699408023713,54.613110900842734,14.871579038245706,2.177436760770094,247257688.22610724,14.669127169127167,2.0074320809104207,46.39722555814099
rl,tau q0 a 0.7 reserve 0.0 link now,train,29.073261409218713,1664.15178457097,2.4534688625656784,14.16403997908935,0.9587520604387942,54.84643849650109,16.13359470135733,2.0469051649885657,252336419.97932813,18.346995752769608,1.512165228663517,41.79673373949524
rl,tau q0 a 0.7 reserve 0.0 link now,val,28.709954732174765,1658.144579023735,2.9328650538585874,13.781772935684238,0.9465786694858933,54.637988971119185,15.189857781215089,2.2147353269743064,249818928.39847034,21.84411789980235,1.9431317277665963,43.30933459484794
rl,tau q0 a 0.7 reserve 0.0 link now,test,28.949831238043743,1664.084673635197,2.3740237127131314,14.268720357678474,0.9545868655694436,54.83590880146918,16.23216135716136,2.364521281187948,258131239.7486834,17.740438573771907,1.7199022637898032,44.47101484849458
rl,tau q0 a 0.7 reserve 0.0 link min5,train,28.99024904388432,1662.056878481704,2.35695140297744,13.968402512162744,0.9561802568427985,54.78136301609388,15.755947607591553,1.999354005167959,249349038.34607506,17.606700525706138,1.5910025583738685,42.39425540132791
rl,tau q0 a 0.7 reserve 0.0 link min5,val,28.635677882651173,1656.3966378318682,2.8576508868906245,13.613858595898913,0.9442610736893549,54.583113638712874,14.86412950073043,2.1734123915098396,247172140.810776,21.254404056028182,2.0147754083180605,43.80560691492281
rl,tau q0 a 0.7 reserve 0.0 link min5,test,28.866841705203232,1662.1605332278396,2.2794461802934984,14.074768118970082,0.9519975083088739,54.7756509490094,15.85595268928602,2.3176530259863597,255077278.04601568,17.087542087542086,1.7966209941225284,45.039546384628835
rl,tau q0 a 0.7 reserve 0.25 link now,train,29.044365630984885,1663.4148154294396,2.3779279468824823,14.118805959509862,0.9578367646359417,54.82306846008388,16.043734592651994,2.030681041907987,251614330.69523895,17.676497668478422,1.5351406459667891,41.886994866109
rl,tau q0 a 0.7 reserve 0.25 link now,val,28.68674917530312,1657.6366118842402,2.876934476052578,13.74798504373378,0.9458308033684755,54.62155094222697,15.122293116782675,2.203789636504254,249256352.37973705,21.325298616481906,1.9631823454426411,43.37484275482133
rl,tau q0 a 0.7 reserve 0.25 link now,test,28.930283049278675,1663.617394113327,2.30993209281777,14.228900425074794,0.9539618472363142,54.820953432868926,16.15250798584132,2.353675645342312,257481936.15885344,17.196538029871363,1.7378169038447302,44.54697959588001
rl,tau q0 a 0.7 reserve 0.25 link min5,train,28.965492009816437,1661.4835908793036,2.3005457202529134,13.925846235999302,0.9554097178735361,54.763498696257415,15.672109358757313,1.9860554219014528,248682877.1407526,17.115150435118355,1.6112306346796605,42.491146569862174
rl,tau q0 a 0.7 reserve 0.25 link min5,val,28.61555540404869,1655.9531792357063,2.8160136470442763,13.581861090630513,0.943621728167823,54.56898004330476,14.800689610724415,2.1632508378448057,246656755.94053447,20.91282117384205,2.0326329420708773,43.87536830823148
rl,tau q0 a 0.7 reserve 0.25 link min5,test,28.84523371095642,1661.6888889571444,2.2291357118575124,14.035749987369906,0.9513174828373498,54.76069761931653,15.77843607010274,2.3058577225243893,254453120.8890615,16.708754208754208,1.81573621041249,45.12425281461725
rl,tau q0 a 0.7 reserve 0.5 link now,train,29.02344236851791,1662.8918414293587,2.3216669075157337,14.077314372079211,0.9571836459497892,54.806673213867754,15.96196798241706,2.0186521726217,250965014.72185096,17.22504380884493,1.5523650615643672,41.98068174883159
rl,tau q0 a 0.7 reserve 0.5 link now,val,28.66914192206136,1657.2260290105237,2.8346274192750327,13.71683382569517,0.9452683029777125,54.60843489403763,15.06032482598608,2.194433702844376,248747445.372089,21.00090229440577,1.979587185050209,43.44133879480254
rl,tau q0 a 0.7 reserve 0.5 link now,test,28.912033642517446,1663.211182241648,2.2587784862052005,14.191326082818113,0.9533812989088084,54.80793107437309,16.07757057757058,2.3431429681429683,256869929.32055598,16.84365017698351,1.7525958024262493,44.626982859421176
rl,tau q0 a 0.7 reserve 0.5 link min5,train,28.945369089951136,1661.0004472309454,2.254544908894437,13.88538992175226,0.9547900240845181,54.748554757171796,15.592800498975318,1.9748359024622062,248054356.3625887,16.781015177165937,1.6291224527439148,42.59137308437269
rl,tau q0 a 0.7 reserve 0.5 link min5,val,28.601253939025785,1655.6236443483265,2.7831307811991834,13.552241528066896,0.9431705555995872,54.558549834249604,14.742018991148921,2.1544212425882963,246178524.8667182,20.662541892240267,2.045864766139818,43.94510724027231
rl,tau q0 a 0.7 reserve 0.5 link min5,test,28.826624924075546,1661.266503079223,2.1873386873126734,13.998412076593015,0.9507436636873714,54.74758766990841,15.704426746093413,2.295076836743504,253858082.1318311,16.395795562462226,1.8327803799266313,45.210720916495546
rl,tau q0 a 0.7 reserve 1.0 link now,train,28.986023186148635,1661.9921781843539,2.2369101546192196,13.99815918831066,0.9560164098061781,54.77849215052482,15.8070331759185,1.9972006890611542,249742196.7762036,16.64587602839407,1.5857178059848493,42.17953113741954
rl,tau q0 a 0.7 reserve 1.0 link now,val,28.63877991531113,1656.5316152857981,2.768861068864089,13.657862172873006,0.9443211131186429,54.58660466167239,14.943703274039702,2.1773867835352756,247798619.11162668,20.542235971470305,2.0073002226683623,43.579696157764644
rl,tau q0 a 0.7 reserve 1.0 link now,test,28.876486887686287,1662.3965146944745,2.176176737312077,14.118452686956806,0.9522731140343118,54.782436936037065,15.932703099369768,2.323286281619615,255693329.13606146,16.28787878787879,1.7849861280925612,44.794757286124785
rl,tau q0 a 0.7 reserve 1.0 link min5,train,28.908717306604903,1660.1312603022245,2.1827494733672324,13.80513323532868,0.9536576115062921,54.72158513909779,15.436551427128814,1.9541195164691558,246827950.78232205,16.286494995396357,1.66057682338707,42.806196791512356
rl,tau q0 a 0.7 reserve 1.0 link min5,val,28.570341170531695,1654.896628918843,2.7296529040712247,13.492403654594716,0.9422093827782897,54.53574511530119,14.624022514393745,2.136171264071496,245233640.06273094,20.251138609607285,2.076068544473957,44.09401385039741
rl,tau q0 a 0.7 reserve 1.0 link min5,test,28.792118675767675,1660.4426594578097,2.1209216011646843,13.9262189926129,0.9496705522329262,54.72170820373997,15.561825520158854,2.273946732280066,252708076.92791155,15.941465941465939,1.8656171976077958,45.38951106722995
rl,tau q0 a 0.7 reserve 2.0 link now,train,28.92229552892456,1660.4914207177017,2.1199818344006855,13.843705345781746,0.9540536747913456,54.73209257597479,15.50785589117586,1.9621313374320595,247390614.47515517,15.810537883513021,1.6436754455218012,42.6159985827687
rl,tau q0 a 0.7 reserve 2.0 link now,val,28.583909136776274,1655.2442639381993,2.6748277856936338,13.539618296757627,0.9426119387364458,54.546190241520605,14.711169115751483,2.1452371745295182,245930913.97026724,19.8354386869468,2.0591897196870526,43.886633278168645
rl,tau q0 a 0.7 reserve 2.0 link now,test,28.80836001940462,1660.7948795889115,2.0660328905775778,13.979561920817405,0.9501348606855066,54.73193025227383,15.659090909090908,2.28454415954416,253488740.92998362,15.499007165673829,1.8476946045120062,45.152177438878034
rl,tau q0 a 0.7 reserve 2.0 link min5,train,28.84162237738392,1658.5820325129694,2.086258595354092,13.64911052801689,0.9516100172685902,54.67403813819376,15.135035195580501,1.9181962636252936,244471379.96049777,15.591493658855324,1.7219908719119843,43.26631922760512
rl,tau q0 a 0.7 reserve 2.0 link min5,val,28.511883635681787,1653.5393767188118,2.6453072228113506,13.367188381544569,0.9404122654083871,54.49366414178986,14.378985133625504,2.100487668643121,243272790.70533642,19.60234596545501,2.13136408572706,44.43459149712623
rl,tau q0 a 0.7 reserve 2.0 link min5,test,28.72252456772206,1658.873662741818,2.031696684851557,13.786081123289215,0.9475235431519954,54.67299079612523,15.286983078649746,2.23338081671415,250507713.69109905,15.263748597081928,1.9295174331979505,45.770380653524214
rl,tau q0 a 1.0 reserve 0.0 link now,train,29.149934057228048,1666.0432145876925,2.7202892311920452,14.290089036421401,0.9612276149773014,54.90724004355364,16.387359291930263,2.0904021503460157,254330498.19067982,20.70599067391369,1.4515771125474421,41.603098171619976
rl,tau q0 a 1.0 reserve 0.0 link now,val,28.77904586618797,1659.7055638323595,3.145080247116756,13.879132649703017,0.9487419106301853,54.687172876519746,15.385773824868954,2.2489043567929885,251418729.17186555,23.624001031193604,1.90285122262762,43.16638052872559
rl,tau q0 a 1.0 reserve 0.0 link now,test,29.01262565539006,1665.514858183727,2.5941476601709605,14.37179330118309,0.9565605953897072,54.881168153613686,16.44032202365536,2.398353190019857,259784379.42053005,19.42717776051109,1.6826072457735186,44.325574120876254
rl,tau q0 a 1.0 reserve 0.0 link min5,train,29.042521858902195,1663.3681148452936,2.5231205908545764,14.074753349816785,0.9578527295181939,54.82320629385738,15.968004692744067,2.030057322759809,250982970.58588016,19.03531438415159,1.55161940166245,42.18830868763736
rl,tau q0 a 1.0 reserve 0.0 link min5,val,28.679328529786552,1657.3742993235644,2.9835833527450846,13.693868794563485,0.9456477014526287,54.61425829003209,15.024233049755093,2.197559508464381,248438913.27103207,22.364011343129672,1.9831888146038876,43.65584581390408
rl,tau q0 a 1.0 reserve 0.0 link min5,test,28.905601491619315,1663.0753137571874,2.4179570939005264,14.165779275321709,0.9532158220674648,54.80443171171801,16.03806224639558,2.3422148838815504,256491240.0611241,18.128938962272294,1.7666983569236763,44.86878788464894
rl,tau q0 a 1.0 reserve 0.25 link now,train,29.101921506095426,1664.8870819067433,2.58081190582847,14.239785402757175,0.9596787897883161,54.870059122260415,16.28514360390864,2.0646588850277707,253475407.98615935,19.406575781876505,1.489939799680898,41.66441718355155
rl,tau q0 a 1.0 reserve 0.25 link now,val,28.733348181138606,1658.7079021444656,3.028033250988042,13.837694024521765,0.9473199111204599,54.655882598507766,15.302182693133972,2.229193520666839,250699745.8935293,22.665850305061436,1.9259661534344745,43.213410177886864
rl,tau q0 a 1.0 reserve 0.25 link now,test,28.970268649734944,1664.6039499598146,2.480652042262597,14.331577266834586,0.9552350226801651,54.85244700028754,16.359082275748943,2.37988862988863,259096342.43348008,18.556289389622723,1.7063310102605247,44.368937983769555
rl,tau q0 a 1.0 reserve 0.25 link min5,train,29.011380223320593,1662.6078625922896,2.44534057756942,14.036782646279319,0.956855235936645,54.79880089716576,15.891807003475005,2.0130906768837806,250361422.60340372,18.308384567406222,1.5748092531320284,42.253675372846445
rl,tau q0 a 1.0 reserve 0.25 link min5,val,28.653237894346212,1656.8024443623578,2.9235406175352097,13.664099456696178,0.9448136718872491,54.5959326170345,14.964541978173072,2.18522815158546,247942512.37896365,21.789335739451744,1.99953420471568,43.706205372743696
rl,tau q0 a 1.0 reserve 0.25 link min5,test,28.884281541141085,1662.5873066766633,2.356135658809123,14.133579832711437,0.9525364672470041,54.788901312062094,15.9734200984201,2.3308404558404563,255965067.59500992,17.619571786238453,1.7796348519857137,44.92303298007606
rl,tau q0 a 1.0 reserve 0.5 link now,train,29.070930338500307,1664.139203839422,2.4980825245715654,14.202092915708167,0.9586875688798627,54.846028281703866,16.209354302177076,2.0480040987258312,252852852.4272773,18.658112804063084,1.5143494076551207,41.72527471718128
rl,tau q0 a 1.0 reserve 0.5 link now,val,28.710873694516067,1658.209152298257,2.9650100927776832,13.808996550717032,0.9465983730811457,54.63981185225802,15.244382143164048,2.2185485949987114,250210961.22290963,22.080433101314767,1.9414349835662674,43.25834030085561
rl,tau q0 a 1.0 reserve 0.5 link now,test,28.949786457340767,1664.1189989166944,2.413565032989818,14.300977404834654,0.9545755479644827,54.83678330777921,16.29699775533109,2.368438660105327,258585733.43408442,17.99080549080549,1.7207211746511761,44.41303095973131
rl,tau q0 a 1.0 reserve 0.5 link min5,train,28.98857947214721,1662.044089672943,2.3904390935509086,14.004099654911284,0.956131035204722,54.78085001281429,15.826784282277465,2.0007276723395413,249832044.6725474,17.84802043422733,1.5937196573490577,42.31953224682612
rl,tau q0 a 1.0 reserve 0.5 link min5,val,28.637091472731306,1656.4428908316688,2.8814063939202677,13.638680240782632,0.9442950354058022,54.58435703682428,14.913766434648108,2.1770537939331445,247523954.1753029,21.427343817134997,2.0136901406872196,43.75558424980826
rl,tau q0 a 1.0 reserve 0.5 link min5,test,28.86848870635843,1662.2209525247424,2.3088103190843894,14.104467359293341,0.9520331871382011,54.77720285690453,15.915339290339292,2.322002072002072,255490630.01105064,17.248338081671413,1.7947788245212326,44.98000120794724
rl,tau q0 a 1.0 reserve 1.0 link now,train,29.033080039193038,1663.1617545879017,2.388787132707686,14.13791567224232,0.9574760907161814,54.81487803007003,16.08167750749948,2.0262036294514245,251824445.76714486,17.70471353470552,1.5453625545850342,41.851520105332284
rl,tau q0 a 1.0 reserve 1.0 link now,val,28.679909155405717,1657.510912684208,2.8839680161204804,13.76060411208298,0.9455981098311739,54.617198704655955,15.147514393744094,2.203037724499442,249407286.60290453,21.34463349660565,1.9695689885773642,43.349756129687094
rl,tau q0 a 1.0 reserve 1.0 link now,test,28.922706260253612,1663.4724010342356,2.318889400521618,14.24516044908335,0.9537061920414424,54.81601014929909,16.18503410170077,2.3532116032116037,257671261.5327635,17.226754726754727,1.7454729009152279,44.515359312985105
rl,tau q0 a 1.0 reserve 1.0 link min5,train,28.95512523420552,1661.268867818322,2.3093688398062016,13.944168117286216,0.9550788984885348,54.756547649020874,15.708396447770946,1.9825284386230662,248885878.28530693,17.14930648370905,1.6208034520917052,42.455152888795254
rl,tau q0 a 1.0 reserve 1.0 link min5,val,28.610931420484413,1655.8656441228175,2.8218516926468116,13.593680410110554,0.9434656292768462,54.56598402202163,14.82422445647504,2.163143421844118,246797308.29492137,20.941823494027666,2.036660936978441,43.85175265814037
rl,tau q0 a 1.0 reserve 1.0 link min5,test,28.838362227112103,1661.5634541964587,2.236430244556716,14.050441503663425,0.9510924363265798,54.756553096684804,15.808059224725891,2.3053936803936805,254619039.78123108,16.7368125701459,1.8204995636429464,45.09619264160595
rl,tau q0 a 1.0 reserve 2.0 link now,train,28.98080195582103,1661.90618279882,2.254545974685182,14.024510983833531,0.955844193940824,54.77553125284754,15.859321631174076,1.996495292405477,250072135.95051828,16.77581751759779,1.5908871428411173,42.124227730222685
rl,tau q0 a 1.0 reserve 2.0 link now,val,28.636060134008844,1656.469664064997,2.780722314286741,13.674860822232628,0.9442244245275085,54.584391904412286,14.977421156655495,2.178396493941738,248018474.25126752,20.619575491965282,2.009941808025588,43.54309603073391
rl,tau q0 a 1.0 reserve 2.0 link now,test,28.873471439125357,1662.3557991667697,2.1926353290823206,14.140150595362156,0.9521691793769794,54.78090198300405,15.976107226107226,2.3245165328498665,255976716.38582405,16.410903910903908,1.7888061406920297,44.74963190938172
rl,tau q0 a 1.0 reserve 2.0 link min5,train,28.903427822503033,1660.0668090739548,2.197585533737763,13.831492496590384,0.9534836916160391,54.71929511440669,15.488320116427573,1.9537408298434764,247156028.7053373,16.39119070955478,1.664987871270729,42.74586416832172
rl,tau q0 a 1.0 reserve 2.0 link min5,val,28.56834803911176,1654.8726484283238,2.740307108659229,13.510696189490313,0.9421375360001496,54.53477354723325,14.660221706625418,2.137997336083183,245474135.94500303,20.323107330067884,2.076984930380735,44.05317752894604
rl,tau q0 a 1.0 reserve 2.0 link min5,test,28.79055815965007,1660.4374993131546,2.132810245858916,13.94778478706059,0.9496094395870757,54.72136732360633,15.604506604506604,2.2762237762237767,252990568.38245702,16.02672019338686,1.866346526973596,45.33994565749922
rl,tau q1 a 0.5 reserve 0.0 link now,train,29.007806701930264,1661.8373841933003,2.2599972893509435,12.900125635008878,0.9567078630486896,54.77494456985465,13.471212391220412,1.9631708693456893,236618151.74059224,16.81814131693843,1.6085733173492547,44.09165292065273
rl,tau q1 a 0.5 reserve 0.0 link now,val,28.635118970954114,1656.452189835705,2.7927405776738916,12.840047618140922,0.9441845769336562,54.58472101222245,13.179513620348885,2.1364935120735584,236768807.83775887,20.73558477270774,2.01365429072972,44.98915943876981
rl,tau q1 a 0.5 reserve 0.0 link now,test,28.877713730214975,1662.4270925005744,2.2107454649984675,13.261367716577778,0.9523160736901537,54.78450086775678,14.083872917206248,2.282936199602866,244189791.33324704,16.491841491841488,1.786294706253825,46.272426299614786
rl,tau q1 a 0.5 reserve 0.0 link min5,train,28.930501488532155,1659.9992622324228,2.2008287742055748,12.740203463510422,0.954351091622922,54.71874577111983,13.16231548308533,1.920215925628917,234054588.88906708,16.43722712287267,1.6813103489522911,44.62256545405704
rl,tau q1 a 0.5 reserve 0.0 link min5,val,28.56941674138852,1654.8832823614484,2.746752979867473,12.692553373245655,0.942163197383236,54.53591809077094,12.894667869725874,2.0976411446249035,234440008.86061704,20.413336770645355,2.078180897534721,45.445931820120876
rl,tau q1 a 0.5 reserve 0.0 link min5,test,28.794110402938962,1660.5436845523427,2.14783537902149,13.089919421919804,0.9497320016412271,54.726008448131815,13.752438919105584,2.2367801951135284,241471399.15453684,16.10765777432444,1.8628570644876583,46.79796872168515
rl,tau q1 a 0.5 reserve 0.25 link now,train,28.980675929999805,1661.1841667112326,2.205344833430545,12.852502673960155,0.9558642643551226,54.75452054855367,13.37749858920669,1.9479417268110133,235845186.39674476,16.419406575781874,1.6329112071801157,44.213801179907534
rl,tau q1 a 0.5 reserve 0.25 link now,val,28.614256434012415,1655.9872156763086,2.7501179210847493,12.802474422144227,0.9435332218354502,54.570061067761486,13.10536435507433,2.12491406719945,236154499.69175905,20.414410930652227,2.0317759982131385,45.07906253068436
rl,tau q1 a 0.5 reserve 0.25 link now,test,28.85321643382713,1661.8786420885376,2.1588171347732907,13.21608720976566,0.95154944976951,54.76723646625188,13.99412932746266,2.27007252007252,243444331.03703704,16.157299490632823,1.806572927464947,46.37936689341217
rl,tau q1 a 0.5 reserve 0.25 link min5,train,28.90469018815541,1659.3638959938828,2.156054400436098,12.693423466020125,0.9535546200430515,54.698987502293924,13.070762422406368,1.9055882265585555,233292482.20541146,16.11348718405655,1.7044802445414322,44.753175475062626
rl,tau q1 a 0.5 reserve 0.25 link min5,val,28.547914980246002,1654.3941282221756,2.710916924829495,12.654522869988712,0.9414973966826897,54.52067481478532,12.819809658846783,2.0852668213457077,233825686.06479338,20.125461888802953,2.0962341979164365,45.54278274474608
rl,tau q1 a 0.5 reserve 0.25 link min5,test,28.769941180319368,1659.9709586576907,2.10558274029401,13.04492858627834,0.9489805847624881,54.70804525844057,13.663752913752914,2.222502805836139,240740642.7015454,15.81412414745748,1.8861984740047204,46.91182234139503
rl,tau q1 a 0.5 reserve 0.5 link now,train,28.955460277052914,1660.6174497651325,2.1610591008430315,12.806540828362069,0.9550790200141616,54.73677755715825,13.287519676854078,1.9344797885295082,235100031.65297452,16.131307731147345,1.6543019776814725,44.34090195286547
rl,tau q1 a 0.5 reserve 0.5 link now,val,28.595425797529465,1655.531468154555,2.714543179825069,12.765713903111127,0.9429461323198837,54.55568289170815,13.0330626450116,2.11386096072871,235555493.0285297,20.142648448912944,2.049595434886011,45.17268168079073
rl,tau q1 a 0.5 reserve 0.5 link now,test,28.828830717011122,1661.3068110935308,2.114901184456865,13.17133481352066,0.9507831610112386,54.74927916528078,13.905723905723903,2.25677717344384,242718428.8372615,15.852974186307517,1.8285952665694907,46.490075756888636
rl,tau q1 a 0.5 reserve 0.5 link min5,train,28.87882157438897,1658.7699056738743,2.1193785375101806,12.647817000380504,0.9527576348342807,54.680596128821634,12.981949270842614,1.8918441296147797,232546745.91101605,15.840238795331015,1.7269070798943222,44.88994757184906
rl,tau q1 a 0.5 reserve 0.5 link min5,val,28.52770341862432,1653.9257129830883,2.680324845710852,12.616062786841999,0.9408719491937463,54.506056848349196,12.744414367964252,2.073429578069949,233209548.29208562,19.876256767208037,2.1154233407639587,45.64567197738972
rl,tau q1 a 0.5 reserve 0.5 link min5,test,28.744337237708287,1659.3906114903523,2.070721613264301,13.000025915062116,0.948182416624289,54.68984891693136,13.575390658723991,2.2076858326858324,240019526.10057846,15.548648881982214,1.9099785054649638,47.02993614172846
rl,tau q1 a 0.5 reserve 1.0 link now,train,28.911973370555632,1659.6053113244118,2.0937723788331395,12.717225897661214,0.9537435211090094,54.7055664968305,13.11394754818973,1.910644806795569,233651115.64976686,15.64495530012771,1.6917433609451211,44.61029221884815
rl,tau q1 a 0.5 reserve 1.0 link now,val,28.55764629573774,1654.6373828085498,2.6573391280555736,12.690499118856048,0.9417766618028112,54.52778684878751,12.885784566469022,2.0923562773910804,234354868.68832174,19.697946206066852,2.0846649125808,45.37580734096325
rl,tau q1 a 0.5 reserve 1.0 link now,test,28.78349834488014,1660.255261819316,2.0503952091514974,13.083549355205061,0.9493669834468904,54.7162550682656,13.733262108262107,2.230164896831563,241308267.90770957,15.393248726582058,1.8684091590467364,46.72434835634142
rl,tau q1 a 0.5 reserve 1.0 link min5,train,28.831150291415238,1657.677214513578,2.0646978408529844,12.557582858348733,0.9512999009304366,54.64706187407542,12.807107428198046,1.866635480709258,231104573.2771986,15.455611987288009,1.7700041766086954,45.170830795032316
rl,tau q1 a 0.5 reserve 1.0 link min5,val,28.48427460684503,1652.9292249887262,2.6310731712593762,12.537097220186885,0.9395372655769495,54.47514603266638,12.590164990977055,2.0480256939073644,231949446.50219128,19.494929964767547,2.156820117029051,45.86793301644672
rl,tau q1 a 0.5 reserve 1.0 link min5,test,28.695749250774952,1658.2962049777452,2.0184158295863006,12.912156389555554,0.9466952297545397,54.65599429759877,13.403597945264611,2.1796058879392213,238616272.7225244,15.164465164465163,1.9522929783827052,47.27733964353974
rl,tau q1 a 0.5 reserve 2.0 link now,train,28.827147247336065,1657.6198669125986,2.0195007126788815,12.543604338721078,0.9511633456472118,54.64496031662769,12.778795034007544,1.8639326977338206,230868483.04648194,15.128901957290088,1.7708539749421948,45.183681224540145
rl,tau q1 a 0.5 reserve 2.0 link now,val,28.484945560385345,1652.933608214405,2.5835665865228044,12.532774698609819,0.9395243134217931,54.47472102629032,12.579627481309615,2.049508034716851,231864756.82186133,19.150124602560798,2.15206981509722,45.84404463583316
rl,tau q1 a 0.5 reserve 2.0 link now,test,28.69232435133491,1658.251325029882,1.9712455561714055,12.909681746022308,0.9465706749561762,54.65417994886189,13.39487826987827,2.1792281792281796,238546565.65250802,14.764093930760597,1.951847342415423,47.237739156540705
rl,tau q1 a 0.5 reserve 2.0 link min5,train,28.74432830027165,1655.678908763396,2.0037453568255645,12.388185159305706,0.9486655854820731,54.586269312626875,12.479142534675814,1.819834268912056,228374177.56791112,15.004900650449967,1.8514609471474297,45.736331078317725
rl,tau q1 a 0.5 reserve 2.0 link min5,val,28.40146798464021,1651.0860485365072,2.567816735971355,12.38020988338674,0.936988818021336,54.41797455751803,12.285393572226518,2.0005800464037122,229463110.61166966,19.052376041935204,2.231320809945194,46.340818917720625
rl,tau q1 a 0.5 reserve 2.0 link min5,test,28.60343059938477,1656.251214482112,1.9559593544069538,12.73737782712637,0.9438818348727913,54.59287095998089,13.063962272295607,2.1266187516187514,235855811.95631528,14.642147975481306,2.0339336793587406,47.804502543530134
rl,tau q1 a 0.7 reserve 0.0 link now,train,29.0577894203622,1663.1067919081947,2.3993323519380536,13.000418050622681,0.9582785161321595,54.814811230397886,13.670616887938458,1.9928940568475455,238238830.12272415,17.95420119397665,1.5680339190244126,43.86550604036533
rl,tau q1 a 0.7 reserve 0.0 link now,val,28.67521179842902,1657.3995940536595,2.8993464772099946,12.920879322000443,0.9454610503882132,54.614927905386665,13.340637621380079,2.1593516370198502,238067033.1917161,21.609951018303683,1.9748717053059184,44.818712172151976
rl,tau q1 a 0.7 reserve 0.0 link now,test,28.91620868818946,1663.3606237058245,2.3332128540832535,13.355814203387013,0.953532786222989,54.81409967775496,14.271993438660104,2.3082534749201415,245687192.8924286,17.41560908227575,1.7516325707043803,46.074639643518125
rl,tau q1 a 0.7 reserve 0.0 link min5,train,28.975645617697023,1661.0748599322885,2.311329650158054,12.83659633510716,0.9557458317704102,54.751984315189944,13.352831981941845,1.946523508271704,235593148.05744156,17.294840951617214,1.6426561990170168,44.384034507516496
rl,tau q1 a 0.7 reserve 0.0 link min5,val,28.602545779987885,1655.6603537733613,2.829584417679887,12.769884094943777,0.9431976968907477,54.56032848426631,13.04777863710578,2.1190491535619147,235651846.68995443,21.066426054825122,2.0456454911355513,45.26845638563134
rl,tau q1 a 0.7 reserve 0.0 link min5,test,28.835361998120256,1661.5025380987915,2.2461931147898766,13.183177351035082,0.9510126365812324,54.75597294275699,13.937278770612101,2.263521971855305,242930611.660019,16.82314598981266,1.8249343034825398,46.58387717624563
rl,tau q1 a 0.7 reserve 0.25 link now,train,29.02770139277309,1662.3660934005516,2.330670665590713,12.961168868540636,0.9573245544896836,54.791341489152096,13.592213905966913,1.9765734058035584,237580805.7625115,17.340134842139655,1.5911686008627037,43.94601334934913
rl,tau q1 a 0.7 reserve 0.25 link now,val,28.65201511010403,1656.8809170214083,2.847272381523224,12.889451119785921,0.9447131466903101,54.59817640253652,13.277702586577297,2.148287788949042,237536422.17727938,21.127653175216977,1.995632850353754,44.88017028123636
rl,tau q1 a 0.7 reserve 0.25 link now,test,28.896491729004058,1662.8871935327318,2.275610422417685,13.320808506932753,0.9528998548651593,54.79893354140769,14.20196624363291,2.2973430890097557,245104223.7713028,16.926746093412756,1.7696787964402358,46.14193270160806
rl,tau q1 a 0.7 reserve 0.25 link min5,train,28.950268573508897,1660.5021694994994,2.259238773275215,12.799900179103924,0.9549537889534748,54.734115792986245,13.280049897531855,1.9330244438504265,234986021.40978348,16.86046511627907,1.6628921357576014,44.470271840111394
rl,tau q1 a 0.7 reserve 0.25 link min5,val,28.583544910229804,1655.245572752215,2.790629143661007,12.740543121799135,0.942596369677965,54.547179896957225,12.989505456732834,2.109446163100455,235172625.00532785,20.738807252728364,2.0622612376788068,45.33261614038662
rl,tau q1 a 0.7 reserve 0.25 link min5,test,28.813358114827928,1661.0175985132696,2.200667085737682,13.148478884924515,0.9503168131633735,54.7406086115934,13.86841707675041,2.2518345851679187,242361733.3654494,16.473495640162305,1.8439463954903397,46.660918615971326
rl,tau q1 a 0.7 reserve 0.5 link now,train,29.006205232970753,1661.8316683491182,2.279366474336349,12.92560199977408,0.9566528211241767,54.774607754822085,13.52175591790668,1.96419555080341,236993579.70477292,16.93174730464225,1.6082133344466605,44.029093495535115
rl,tau q1 a 0.7 reserve 0.5 link now,val,28.63530402186881,1656.4871967070342,2.807785148887968,12.860752201202473,0.9441821861983102,54.585642575776404,13.220557274211567,2.13939374409212,237059464.94070634,20.82581421328521,2.011497221779348,44.942214721513174
rl,tau q1 a 0.7 reserve 0.5 link now,test,28.878554496040334,1662.4928271440751,2.229298271014054,13.287082769341104,0.9523310185472936,54.786369034233196,14.134928343261674,2.2871665371665375,244545495.05136842,16.602995769662435,1.783397130981745,46.21561690978431
rl,tau q1 a 0.7 reserve 0.5 link min5,train,28.92964711080564,1660.01424010865,2.218100346063988,12.765266225260907,0.9543168829544121,54.71900739997296,13.211752650806378,1.9219682794261785,234422513.81229025,16.534497609076595,1.681467781540447,44.55819044543717
rl,tau q1 a 0.7 reserve 0.5 link min5,val,28.5690105183418,1654.9192257924467,2.7594954462568984,12.713438503732451,0.942140086324594,54.53689838608394,12.935937097189996,2.1009280742459397,234729020.6273094,20.503566211222818,2.075283966083836,45.39720455960511
rl,tau q1 a 0.7 reserve 0.5 link min5,test,28.794570167924206,1660.6012869570948,2.1634060146929865,13.115269860214024,0.9497346754479014,54.727591816582155,13.802717344384009,2.2412047828714496,241820804.61642066,16.213416213416213,1.8607752507695534,46.739228607974816
rl,tau q1 a 0.7 reserve 1.0 link now,train,28.96826968579397,1660.9338149243188,2.2024052540607615,12.858105850243172,0.9554702816989901,54.74648095253045,13.388829487065253,1.9428554456621823,235891212.96290356,16.40826873385013,1.641980184179597,44.2034603241238
rl,tau q1 a 0.7 reserve 1.0 link now,val,28.605530067852733,1655.8008387882517,2.7461714334902765,12.807025562826158,0.9432572332365701,54.56413551333367,13.114376557532006,2.1230665119876257,236180861.86723384,20.37574117040474,2.0390345660479707,45.069830701505175
rl,tau q1 a 0.7 reserve 1.0 link now,test,28.841686133380353,1661.661502329261,2.154168238454258,13.220741956573631,0.9511778834127816,54.76026209225305,14.003367003367,2.2673206423206427,243463114.82439783,16.118449451782784,1.8175398114619168,46.37036033751918
rl,tau q1 a 0.7 reserve 1.0 link min5,train,28.893283768540886,1659.1470680970049,2.153705798955965,12.698341693147635,0.9531920261817598,54.69202947548838,13.080645400813806,1.9014969259556271,233335820.8863346,16.0964091597612,1.7128970701857436,44.74246591907727
rl,tau q1 a 0.7 reserve 1.0 link min5,val,28.538354568558166,1654.2128137091213,2.708520899012737,12.659414258608614,0.9411891945848386,54.5148030382252,12.829487840508719,2.083311850133196,233860090.90255222,20.108275328692958,2.1042688685582664,45.53291047587109
rl,tau q1 a 0.7 reserve 1.0 link min5,test,28.759493479683684,1659.757923809602,2.1024185866368392,13.050402175479116,0.9486407379489382,54.70108538424267,13.67452300785634,2.2200099283432615,240769515.03211603,15.797936631269966,1.8942519742098944,46.90147070396143
rl,tau q1 a 0.7 reserve 2.0 link now,train,28.904630291516106,1659.4490172098544,2.097542995742667,12.728528108875084,0.9535096273931298,54.70056823245017,13.13640143752413,1.9081647806587665,233797800.9382518,15.670943597968455,1.698115275571502,44.58233042806341
rl,tau q1 a 0.7 reserve 2.0 link now,val,28.5512912169151,1654.527357964448,2.6598585652109996,12.701949980637446,0.9415678747352413,54.52410664765581,12.907901521010567,2.092109220589499,234488816.15416348,19.72480020623872,2.0905050142511814,45.347183257490585
rl,tau q1 a 0.7 reserve 2.0 link now,test,28.776259454253626,1660.1223826127368,2.053790040390951,13.09617385470626,0.9491305518233228,54.71189381572195,13.757856341189674,2.2305102305102307,241451466.7235604,15.407277907277905,1.8751687101165928,46.69451046697494
rl,tau q1 a 0.7 reserve 2.0 link min5,train,28.824872963237635,1657.5637802953415,2.067450382107343,12.568618969498983,0.9510971292952324,54.64332758056484,12.828818794737,1.8650687576108587,231248278.68502185,15.462294692447056,1.7742297956893138,45.14187917649132
rl,tau q1 a 0.7 reserve 2.0 link min5,val,28.480400757515593,1652.8812512031398,2.6336857547177694,12.548409673424498,0.9394109242036818,54.47351776992694,12.612067113517229,2.0493039443155454,232087671.6899545,19.531451405001285,2.1583988763704083,45.83889445702151
rl,tau q1 a 0.7 reserve 2.0 link min5,test,28.690964141770262,1658.2115156685534,2.0207867848149297,12.92422697710115,0.9465338477614234,54.65309454454075,13.427220927220926,2.1808361391694726,238755825.95855993,15.17849434516101,1.9561195833315086,47.24889691982049
rl,tau q1 a 1.0 reserve 0.0 link now,train,29.135223227011668,1665.012685203397,2.6425066351009394,13.105778252180242,0.9607762211722055,54.87606575657016,13.883810032968011,2.035945528527726,240008892.92732185,20.16766164721257,1.5059507117624802,43.7029984673315
rl,tau q1 a 1.0 reserve 0.0 link now,val,28.745019267610843,1658.9730737609054,3.098886197198857,13.008703568299527,0.9476495997065713,54.66459349948199,13.517519549712125,2.193499183638395,239539341.54361093,23.279195668986848,1.9328899353824827,44.69128719935595
rl,tau q1 a 1.0 reserve 0.0 link now,test,28.981020539079235,1664.8210673778729,2.5324679706158717,13.444864437686384,0.9555683841574406,54.86036126929463,14.451847535180866,2.3416860916860918,247150622.71967545,19.011698178364846,1.7111798028762728,45.95074126814115
rl,tau q1 a 1.0 reserve 0.0 link min5,train,29.030169000361646,1662.4325242712862,2.4620316943871314,12.923616763568864,0.9574869715156736,54.79524963982617,13.527258011820962,1.977278802459236,237029893.37253857,18.614303959131544,1.6013659842462438,44.21055741790437
rl,tau q1 a 1.0 reserve 0.0 link min5,val,28.645967301525726,1656.6371790462733,2.9431513813513472,12.840268225166744,0.9445791457306139,54.59148547606747,13.188697688407665,2.142959955314944,236791214.5349317,22.09976798143851,2.013710317861488,45.13464061741128
rl,tau q1 a 1.0 reserve 0.0 link min5,test,28.874451640584223,1662.4233433998295,2.3706497003865206,13.261144648639398,0.9522462703610767,54.78508284799931,14.093024259690925,2.2875118708452042,244176114.10472247,17.796555296555294,1.7948968566484036,46.435264750762435
rl,tau q1 a 1.0 reserve 0.25 link now,train,29.088552008867016,1663.8841577528124,2.5098369227553055,13.05925459278336,0.9592721999758516,54.839816833574346,13.789086399952478,2.0109150850931123,239200943.37634027,18.91057055451602,1.542997572331625,43.759237249400925
rl,tau q1 a 1.0 reserve 0.25 link now,val,28.69986961571931,1657.9788303838582,2.9862175614486337,12.969540415255725,0.9462467571833955,54.63341775986072,13.438568789206835,2.1739924379135513,238850749.34802786,22.388717023287786,1.956183737900732,44.735690793002355
rl,tau q1 a 1.0 reserve 0.25 link now,test,28.939231919094297,1663.9287128873762,2.426143118724821,13.407842368709217,0.954262637191605,54.832209339173126,14.377104377104374,2.3236639903306573,246506043.54079255,18.165630665630665,1.7348142145316603,45.99104190701198
rl,tau q1 a 1.0 reserve 0.25 link min5,train,28.99935503138666,1661.659305834354,2.3886569479969544,12.889645226459644,0.956502492921763,54.77047480678842,13.45884938667617,1.9605052125100246,236450283.2896136,17.91410496302236,1.6251006653585536,44.26956380739295
rl,tau q1 a 1.0 reserve 0.25 link min5,val,28.620994458177343,1656.0905293660844,2.8879501456298358,12.813121522539515,0.9437791003872478,54.573953892757736,13.134227034459052,2.1311656784394604,236330871.87462407,21.543353097877457,2.0290948719735713,45.18135907371536
rl,tau q1 a 1.0 reserve 0.25 link min5,test,28.853076767261427,1661.9392967408514,2.3129656684951354,13.232276403838757,0.9515631431561958,54.76962428713391,14.035170076836742,2.276385651385651,243696267.94120696,17.295821462488128,1.807979630171729,46.48419462377741
rl,tau q1 a 1.0 reserve 0.5 link now,train,29.057441047899815,1663.1439589379952,2.432631952469593,13.02555768596935,0.9582749135918385,54.81602000083282,13.721108438029049,1.9945201817695808,238622802.93397486,18.21482669517954,1.5672426169408644,43.814281351997934
rl,tau q1 a 1.0 reserve 0.5 link now,val,28.677451354577258,1657.4746043913747,2.9259307808617656,12.942392586762073,0.94552688942139,54.617186078527794,13.38380811205637,2.1633797370456302,238386160.70817223,21.811893099596116,1.9719600764898688,44.77784304074004
rl,tau q1 a 1.0 reserve 0.5 link now,test,28.917051473634594,1663.419822746031,2.3651199760205297,13.380574099147134,0.9535505530924251,54.81582634976393,14.321894155227485,2.3122463955797286,246043771.3781404,17.631442631442628,1.7506058927125343,46.031470043328646
rl,tau q1 a 1.0 reserve 0.5 link min5,train,28.9764118299061,1661.0948746229121,2.337722852592858,12.8606778172145,0.9557728978130471,54.752485174459636,13.400850931123584,1.9484095161721466,235962549.5905432,17.47230389972972,1.6436073462707852,44.328675348717795
rl,tau q1 a 1.0 reserve 0.5 link min5,val,28.605153107681037,1655.7314084847073,2.8491242452673107,12.789360544422,0.9432728081964746,54.56245857280874,13.086706195754918,2.1229376127868003,235937010.82306436,21.212511815760074,2.0431204558432565,45.22789607577193
rl,tau q1 a 1.0 reserve 0.5 link min5,test,28.8378052053173,1661.5826797663337,2.270117523586754,13.206217723450587,0.9510764980106704,54.75824248027807,13.983208149874814,2.2679249762583096,243266437.99197096,16.960200293533628,1.8218511092975915,46.53585257586641
rl,tau q1 a 1.0 reserve 1.0 link now,train,29.01904429252152,1662.1675759365153,2.33513241614491,12.970376050471257,0.9570470542161412,54.78488500743676,13.610739849713386,1.9730167216133538,237697682.66126108,17.337164750957854,1.598371427910942,43.925994205914634
rl,tau q1 a 1.0 reserve 1.0 link now,val,28.646247993980744,1656.7780464177906,2.8505280258286176,12.897680324337678,0.9445177087103139,54.59462155065851,13.294158717882613,2.1478151585460172,237632357.13422704,21.131949815244475,2.0012112036174967,44.86314720344691
rl,tau q1 a 1.0 reserve 1.0 link now,test,28.889721116604942,1662.763669818294,2.2804334410442455,13.331288883407552,0.9526755068074699,54.794812341438636,14.22294526461193,2.29718121384788,245222501.30967796,16.928904428904428,1.7757380981932571,46.12229693671092
rl,tau q1 a 1.0 reserve 1.0 link min5,train,28.94176649598133,1660.3323441889443,2.26355930766128,12.809029218397413,0.9546831991855607,54.72864294568448,13.298301107844011,1.9305444177136242,235106736.75131425,16.853782411120022,1.6699991372478862,44.448961558453085
rl,tau q1 a 1.0 reserve 1.0 link min5,val,28.57921913260871,1655.1564165433251,2.793399205626333,12.748309113486387,0.942450666770489,54.54418908759519,13.005016327232104,2.1093065222995615,235258108.98547733,20.74525221276961,2.0660746004342654,45.31803812534323
rl,tau q1 a 1.0 reserve 1.0 link min5,test,28.80768795083049,1660.924632916176,2.2047390704413057,13.157736655278512,0.9501345321347698,54.737572163174484,13.88698955365622,2.2516727100060434,242466107.46965382,16.48752482085815,1.8476233968673201,46.64299087840559
rl,tau q1 a 1.0 reserve 2.0 link now,train,28.964393137985905,1660.8757353868566,2.2153283726512227,12.873958412530717,0.9553424603577333,54.744501970343734,13.420438682467552,1.9425213104042296,236123905.03341353,16.48920371855416,1.6447024065892801,44.166141109672495
rl,tau q1 a 1.0 reserve 2.0 link now,val,28.603532122303076,1655.7667704356218,2.755091875738772,12.819984788376233,0.9431880698283731,54.56288303205084,13.14005972329638,2.1242588295952562,236348652.44599125,20.44985821087909,2.041056419717129,45.042178678078294
rl,tau q1 a 1.0 reserve 2.0 link now,test,28.83974834088463,1661.639003833622,2.1651236466714674,13.236282988723657,0.9511148118981733,54.75948099629628,14.034295950962616,2.268777518777519,243668731.1939912,16.202624535957867,1.8192617978469445,46.33729781421313
rl,tau q1 a 1.0 reserve 2.0 link min5,train,28.889898666970403,1659.1154413652473,2.1644308372940757,12.713779662406797,0.953079004162054,54.6908450265524,13.111192788618611,1.9015043511835816,233559647.2484481,16.163978734147136,1.714990909753503,44.70359771874115
rl,tau q1 a 1.0 reserve 2.0 link min5,val,28.537248621233765,1654.2109203132911,2.7164702248271086,12.67244842265829,0.9411475467027992,54.514589589224094,12.855299905473919,2.0852345965455013,234034273.9102002,20.160909169029814,2.104618638700081,45.503950514008054
rl,tau q1 a 1.0 reserve 2.0 link min5,test,28.758278055524467,1659.7692486474502,2.1113068290782633,13.066076424213415,0.9485960342669291,54.701359925339744,13.705559872226539,2.2222006388673057,240976638.82707417,15.85621168954502,1.8934681345694266,46.86517546299465
rl,tau q2 a 0.5 reserve 0.0 link now,train,28.747560635966614,1653.1570576896543,2.180239539474551,10.914688295623215,0.947945043939203,54.49211518261298,9.270478778698505,1.6613799043630642,207026503.67928955,16.296890314532657,2.073372574103524,48.395697800907165
rl,tau q2 a 0.5 reserve 0.0 link now,val,28.368851156963288,1647.337163689444,2.7334508651762897,10.950448299043671,0.9357675610545183,54.29397051557098,9.141423906505112,1.7506552376041935,209996994.63787916,20.275844289765402,2.4036704089664274,48.44793479294614
rl,tau q2 a 0.5 reserve 0.0 link now,test,28.599120225349306,1652.8515842045217,2.155385762392054,11.253276265530058,0.9435230435235366,54.47940834403397,9.791806958473625,1.874989208322542,215750182.29361993,16.093628593628594,2.1959017900816313,49.953118134792874
rl,tau q2 a 0.5 reserve 0.0 link min5,train,28.67426847937481,1651.4910609919327,2.1332949146947513,10.805726654242067,0.9457039830409802,54.44096804016884,9.059089964061895,1.6246324512162524,205138874.87380084,15.98725830883008,2.135708392993874,48.77697198099122
rl,tau q2 a 0.5 reserve 0.0 link min5,val,28.30998366657349,1645.977172216273,2.6961934062239186,10.846040290493736,0.9339545269175232,54.25156811104271,8.93976110681447,1.7204176334106729,208229988.6290281,20.026639168170487,2.4572437030902505,48.791506478448596
rl,tau q2 a 0.5 reserve 0.0 link min5,test,28.522073041453343,1651.2110736322472,2.102618790268288,11.132419527571992,0.9411323609994626,54.42811996831058,9.558123974790641,1.8390097556764224,213695602.1073124,15.773115773115773,2.2597746339469738,50.34395230798999
rl,tau q2 a 0.5 reserve 0.25 link now,train,28.722022831091014,1652.5525815755518,2.1371061559424733,10.880730440145204,0.9471542570870666,54.47323644680795,9.20325076479848,1.648192699515875,206425607.6441237,15.976120466898333,2.0951129032596683,48.48797761926301
rl,tau q2 a 0.5 reserve 0.25 link now,val,28.34984362847588,1646.9077997367806,2.6992898430804884,10.922159439803682,0.9351725408876874,54.2803599894557,9.085395720546533,1.7409340895419783,209502504.03909943,20.016971728108615,2.4203161450204993,48.51868424738856
rl,tau q2 a 0.5 reserve 0.25 link now,test,28.576586254739667,1652.3327990456378,2.1132604317077512,11.220108990900366,0.9428179557889129,54.463061920455395,9.72607485107485,1.8639924889924888,215162803.88543555,15.823836657169988,2.214589547351614,50.036327955729426
rl,tau q2 a 0.5 reserve 0.25 link min5,train,28.650203717101565,1650.9054192602027,2.0981184840393423,10.772989650540575,0.9449665138546586,54.42286058349664,8.994535032225489,1.6120021384656509,204561750.0719356,15.725890284831742,2.1557478731531545,48.87191991885593
rl,tau q2 a 0.5 reserve 0.25 link min5,val,28.289663262379545,1645.539456938298,2.666919659980861,10.81835305128115,0.9333233800960651,54.23782911588434,8.885043396064276,1.7102453381455704,207745806.07192576,19.78387900661682,2.473138488355651,48.86548636348652
rl,tau q2 a 0.5 reserve 0.25 link min5,test,28.500594513944677,1650.7296964408542,2.068843495365167,11.10037159660287,0.9404671066932182,54.41304605239747,9.494938703272036,1.8277864111197446,213138737.26426658,15.537857204523872,2.278795231259021,50.42921569002833
rl,tau q2 a 0.5 reserve 0.5 link now,train,28.698589007539617,1652.0105176887923,2.102631799436799,10.8483909147717,0.9464245879221029,54.45623600730511,9.139579435088658,1.63643113843595,205856464.5731088,15.757076242240636,2.11473545797317,48.58243172470955
rl,tau q2 a 0.5 reserve 0.5 link now,val,28.332982041887735,1646.5081904216788,2.670203856525278,10.895210927311584,0.9346447589279495,54.26768968765154,9.032192575406032,1.7321044942854689,209028353.49342614,19.79999140671994,2.435827071684143,48.59083168975639
rl,tau q2 a 0.5 reserve 0.5 link now,test,28.553050196496706,1651.8130362962897,2.0779100771225236,11.187511477148018,0.9420820967633007,54.44671221822439,9.661778036778037,1.8528015194681862,214597481.80436847,15.585340585340584,2.2337069379221863,50.1215679053113
rl,tau q2 a 0.5 reserve 0.5 link min5,train,28.62520316863963,1650.3501219750517,2.069683508214386,10.741348738891963,0.9441956983863478,54.40563438894632,8.932445276069974,1.599750512340729,204001122.110428,15.528379221242089,2.1760015777151223,48.9704678947937
rl,tau q2 a 0.5 reserve 0.5 link min5,val,28.270497267296108,1645.10984874309,2.6424514866544992,10.79071246409345,0.9327269188596825,54.22427040905924,8.830604966915873,1.700320099682049,207268542.05929363,19.59482684540689,2.490916900469413,48.94239366218645
rl,tau q2 a 0.5 reserve 0.5 link min5,test,28.47844597826294,1650.2338506757408,2.040797519345285,11.06883399822348,0.9397805782196257,54.39749902053647,9.432843391176725,1.8165091081757752,212593796.63567296,15.332815332815333,2.298481343142694,50.517252242696394
rl,tau q2 a 0.5 reserve 1.0 link now,train,28.6556826554778,1651.048436557876,2.049983051675515,10.785655336209517,0.9451002155424522,54.42644328352794,9.016565683566485,1.6153509162731297,204746549.67768568,15.373934479788526,2.1490301738625455,48.78025537167492
rl,tau q2 a 0.5 reserve 1.0 link now,val,28.297829011235528,1645.7004772983928,2.624156893602417,10.841524597719761,0.9335528580277227,54.242319524433626,8.926559680329984,1.7143593709719003,208098875.719945,19.463779324568186,2.465609553889208,48.74335074141498
rl,tau q2 a 0.5 reserve 1.0 link now,test,28.511822711186028,1650.9023537226437,2.0236606724851773,11.125591796491793,0.940798460309754,54.41804656136148,9.540004748338081,1.8326318742985412,213527474.82085815,15.210869377536042,2.2673488245234723,50.294859471802134
rl,tau q2 a 0.5 reserve 1.0 link min5,train,28.5801847006746,1649.3488187393493,2.0283874347362074,10.67852411479398,0.9428201239565347,54.374870173279284,8.809832486857347,1.5779797439781402,202909386.7779263,15.207609373607768,2.215108348611769,49.1769874747078
rl,tau q2 a 0.5 reserve 1.0 link min5,val,28.231791091937012,1644.2502827603578,2.6022677228419413,10.733914671247017,0.9315315307782143,54.19738147484023,8.719203832602904,1.680845578757412,206289732.38558048,19.299432843516367,2.5245700507746345,49.11128913442816
rl,tau q2 a 0.5 reserve 1.0 link min5,test,28.43441418291075,1649.2907305604292,1.9977881934183819,11.006576278498256,0.9384301513964031,54.36811455561304,9.310983769317103,1.7949473366140036,211519683.9385306,15.006906673573337,2.3351809913563444,50.70400309519637
rl,tau q2 a 0.5 reserve 2.0 link now,train,28.575061320293635,1649.2435506412946,1.9947196356471968,10.66571334318136,0.9426449113341966,54.37114250069588,8.783420951023198,1.5756407971724733,202653125.28789094,14.964804419495676,2.218482336468437,49.19943544374146
rl,tau q2 a 0.5 reserve 2.0 link now,val,28.23196397481721,1644.2173325527224,2.562484628821087,10.72950166538878,0.9315100185422681,54.19587123615366,8.70862335653519,1.6806844547563806,206185487.81240872,19.008335481653344,2.523409525332853,49.09700981912608
rl,tau q2 a 0.5 reserve 2.0 link now,test,28.429743381667382,1649.161839521654,1.9584539220055093,11.00178337121244,0.9382728012409465,54.36370191154077,9.298951048951048,1.7926379176379177,211407600.1196581,14.666968833635499,2.3378212049839915,50.684377689013346
rl,tau q2 a 0.5 reserve 2.0 link min5,train,28.497359797565277,1647.5026959682427,1.9834787136872911,10.55952804058627,0.9403035288161398,54.31845291924379,8.578291603552229,1.5374157236627166,200830768.23202354,14.893522231132494,2.2887528881415853,49.59864518285339
rl,tau q2 a 0.5 reserve 2.0 link min5,val,28.155635091522708,1642.6374995023154,2.5494369510904162,10.620568860218691,0.9291843695630598,54.14708846010089,8.498410243189825,1.643389619317694,204347299.96476758,18.92455100111712,2.5893512418058213,49.47561728754611
rl,tau q2 a 0.5 reserve 2.0 link min5,test,28.35048084838265,1647.487207515279,1.9473306901168228,10.88207827776809,0.9358687814934721,54.312205130626005,9.068904860571527,1.7532051282051286,209395008.03263402,14.57955624622291,2.4057669629434058,51.1056090845665
rl,tau q2 a 0.7 reserve 0.0 link now,train,28.79682057061229,1654.3733802851996,2.285904302592285,10.980888129337275,0.9494877392879011,54.53031677826651,9.40316760224539,1.6877097626897146,208199716.54239804,17.17752234993614,2.0355255299560273,48.242360398659265
rl,tau q2 a 0.7 reserve 0.0 link now,val,28.40828770812262,1648.2207054597004,2.8164988210480004,11.005892736663897,0.9370289368818944,54.322420609130354,9.252363152015123,1.7697430609263556,210972000.67637706,20.992309014350774,2.3679700803935133,48.32476741236824
rl,tau q2 a 0.7 reserve 0.0 link now,test,28.63467120684221,1653.6625431768905,2.249936289847965,11.314065400564564,0.9446511781053418,54.5053077295436,9.912975912975913,1.8937667271000604,216814397.0131227,16.781058447725112,2.165357474521129,49.81740785390031
rl,tau q2 a 0.7 reserve 0.0 link min5,train,28.717649922856392,1652.4881074913458,2.2148847151937585,10.866936108170139,0.9470455680522761,54.471862166718516,9.181071608898394,1.646878434167929,206226678.60809648,16.648846119575868,2.100535541043885,48.617369389437364
rl,tau q2 a 0.7 reserve 0.0 link min5,val,28.341109716595174,1646.6832923192333,2.7592603905168502,10.897265115213743,0.9349335710863645,54.27408470796092,9.041559250665978,1.736959697516542,209119193.9890006,20.534716851422186,2.4302292045695597,48.66560926347884
rl,tau q2 a 0.7 reserve 0.0 link min5,test,28.560369602548832,1652.0542390647458,2.1793256252773605,11.192227751411695,0.9423323960522444,54.454775800227054,9.676497884831218,1.858629025295692,214734930.62902528,16.317016317016318,2.2270906193297146,50.197024750741235
rl,tau q2 a 0.7 reserve 0.25 link now,train,28.769178696129114,1653.6769174005012,2.23086219563406,10.95093193718314,0.9486156819744241,54.50829835674908,9.342897026938726,1.673156315898898,207667861.08954826,16.666666666666664,2.0571011965690915,48.30506191274526
rl,tau q2 a 0.7 reserve 0.25 link now,val,28.386496406651162,1647.7485966525132,2.7738002683773577,10.981414421928793,0.9363246044295308,54.30706750921283,9.203145140500126,1.7601722952651027,210536174.06685573,20.60346309186216,2.3872875414197603,48.374496056457495
rl,tau q2 a 0.7 reserve 0.25 link now,test,28.616215853804988,1653.2379540343177,2.2029369338474756,11.288938683864156,0.9440607049108799,54.49168653741888,9.86260036260036,1.8848528015194683,216366541.0208064,16.40658723992057,2.181157826329224,49.86746979472861
rl,tau q2 a 0.7 reserve 0.25 link min5,train,28.69401437605546,1651.9508596373964,2.174231119260213,10.840046536402275,0.946311994019252,54.455161243900825,9.127372360331462,1.6349015414773234,205749600.8202798,16.28872256378271,2.1190580745327794,48.68269000430527
rl,tau q2 a 0.7 reserve 0.25 link min5,val,28.323040760180504,1646.294091105881,2.72844569517232,10.875238120904713,0.9343608052635691,54.26164848944095,8.997669072785081,1.7287101486637453,208730669.17220932,20.267251009710407,2.444138751535069,48.71738511011686
rl,tau q2 a 0.7 reserve 0.25 link min5,test,28.54117278987606,1651.6351175594507,2.1420110931494962,11.166891009717563,0.9417223915870357,54.44138070692155,9.626251834585167,1.849412932746266,214288253.30475697,16.049382716049383,2.2429826340280696,50.25622741874675
rl,tau q2 a 0.7 reserve 0.5 link now,train,28.748398509042307,1653.168798090177,2.1904980697476923,10.924632649391759,0.9479700188458559,54.4924065632013,9.29042294098429,1.662092726246696,207202099.00798956,16.35109447860049,2.073125083224009,48.368641769625576
rl,tau q2 a 0.7 reserve 0.5 link now,val,28.370206034219315,1647.3757990585111,2.7421345689859775,10.959597109205376,0.935803921965629,54.295083487804725,9.159555727421155,1.7525457592162932,210148269.2423305,20.33599725015038,2.402219691638072,48.42430374894558
rl,tau q2 a 0.7 reserve 0.5 link now,test,28.60115900557227,1652.9089620706734,2.165707223898053,11.264585360818591,0.9435805285626461,54.48111433104976,9.814113355780023,1.877028835362169,215935090.79210913,16.143270309936977,2.193017436334337,49.92331122311755
rl,tau q2 a 0.7 reserve 0.5 link min5,train,28.67562522488378,1651.5181659154462,2.141916738860966,10.81539781778386,0.945745304725975,54.44177310419087,9.078432682883363,1.6254937776589742,205309188.23422137,16.04146247289792,2.1348493540441447,48.749144700106335
rl,tau q2 a 0.7 reserve 0.5 link min5,val,28.3101377932431,1646.0013334921023,2.703580452104331,10.854853828467926,0.933953812015708,54.25229455556766,8.957194723726046,1.7218999742201602,208373278.67061955,20.08034716851422,2.4554775927845838,48.76822017962101
rl,tau q2 a 0.7 reserve 0.5 link min5,test,28.524117210900343,1651.2665099951084,2.1111989487867864,11.142734332438074,0.9411928748176366,54.42987039392784,9.578541828541828,1.8409090909090908,213865601.75956142,15.819519986186654,2.2568143187876233,50.316223715659866
rl,tau q2 a 0.7 reserve 1.0 link now,train,28.712960360318835,1652.3392388731324,2.1308299391066567,10.876710755562032,0.946868553781711,54.46647112650468,9.195573079093526,1.6437821141109032,206353222.9027889,15.94270694110309,2.1028149914119467,48.50001642956498
rl,tau q2 a 0.7 reserve 1.0 link now,val,28.343205842237385,1646.7612619542185,2.6928889230381583,10.919213959140723,0.9349622087692402,54.27570539384728,9.079541548509065,1.7385279711265793,209440631.52427602,19.972931167826758,2.4263406084890717,48.525654036055634
rl,tau q2 a 0.7 reserve 1.0 link now,test,28.566665634249343,1652.1410911680975,2.1064193524804877,11.216353065332502,0.9425022978856404,54.457011241181846,9.718553051886385,1.860657860657861,215089044.6228093,15.774194940861605,2.2224109039538513,50.044673481914195
rl,tau q2 a 0.7 reserve 1.0 link min5,train,28.64031828519754,1650.6847043574357,2.0927951388825434,10.768694182956487,0.9446556982312942,54.41587866798318,8.986374706703497,1.6074281980456802,204483184.80239984,15.688021622263804,2.163611599529479,48.88615083403445
rl,tau q2 a 0.7 reserve 1.0 link min5,val,28.281456224388513,1645.3552978261337,2.6619538304853774,10.815582170058825,0.9330630964157484,54.23194274410236,8.879629629629628,1.7072913981266653,207689233.98676634,19.74843172638996,2.4801913791100425,48.872566877082235
rl,tau q2 a 0.7 reserve 1.0 link min5,test,28.493293089347794,1650.5681445184061,2.0635945615610005,11.097199845784033,0.9402371965010302,54.40792692006572,9.488636363636362,1.8249589916256586,213073557.87188122,15.496848830182161,2.284271191336853,50.43712981832899
rl,tau q2 a 0.7 reserve 2.0 link now,train,28.65025279203788,1650.9175790504535,2.050232974781815,10.785904513396037,0.9449284461692735,54.42232034801301,9.01728593067807,1.6129302919599633,204753595.2834358,15.37393447978853,2.154289385962656,48.78030881596269
rl,tau q2 a 0.7 reserve 2.0 link now,val,28.293250202904133,1645.6016217538624,2.6242296088742934,10.842816343425767,0.9334070867116824,54.2391576298993,8.929030248345793,1.7131240869639943,208114180.4435851,19.460556844547565,2.4705051154927355,48.73940582031853
rl,tau q2 a 0.7 reserve 2.0 link now,test,28.50679580405474,1650.8060683494045,2.022980596110973,11.127065157226548,0.9406366580532172,54.41496475202936,9.542842959509624,1.8313800397133733,213543095.54597253,15.20979020979021,2.2719602449062366,50.28997862979499
rl,tau q2 a 0.7 reserve 2.0 link min5,train,28.575369955480294,1649.24876627767,2.027992341542931,10.679115767095169,0.9426645566955975,54.37161079328473,8.811183878345066,1.5761531379013336,202918965.17787874,15.20538180522142,2.219470124305964,49.175904413996356
rl,tau q2 a 0.7 reserve 2.0 link min5,val,28.22841142002707,1644.1789032274364,2.6025888057267625,10.735705849172431,0.9314223379181106,54.195067217786246,8.722737819025522,1.6803407235541807,206312552.6651199,19.301581163530116,2.526663594784723,49.10640343686809
rl,tau q2 a 0.7 reserve 2.0 link min5,test,28.430384102541982,1649.2051118676513,1.9972713981493346,11.00799261606621,0.9383008410820594,54.36542157148409,9.313757230423896,1.7940408357075024,211534291.5298282,15.003669170335835,2.3381315191948433,50.699840152732
rl,tau q2 a 1.0 reserve 0.0 link now,train,28.872080039206764,1656.1884087210542,2.482253783353849,11.057283032758189,0.9519103468878758,54.588639789830026,9.558770679259853,1.7275015592978706,209580792.12533787,19.105111526923874,1.976385494363235,48.12640540710606
rl,tau q2 a 1.0 reserve 0.0 link now,val,28.47554586431855,1649.689064872979,2.984795282014875,11.072171867050557,0.9391441483834302,54.368929006062224,9.386343129672596,1.7996369339176765,212166976.0010312,22.489688063934,2.3289503521024026,48.2282398921595
rl,tau q2 a 1.0 reserve 0.0 link now,test,28.696278535128656,1655.0022963678064,2.4125899321327835,11.377072710051042,0.9465870645546597,54.54779666400499,10.039961581628248,1.9223862557195892,217936979.8619529,18.149443149443147,2.1288377274382504,49.72785423319138
rl,tau q2 a 1.0 reserve 0.0 link min5,train,28.773072548440545,1653.8261506575668,2.33098469123567,10.926489198600166,0.948815791118303,54.51457865212218,9.3014197035849,1.6757180195432,207292549.61846212,17.7507499480234,2.059842183270608,48.49800631925707
rl,tau q2 a 1.0 reserve 0.0 link min5,val,28.38270907281783,1647.584213503488,2.8503628563034638,10.946837570975061,0.936262435860692,54.302970653318546,9.141123141703186,1.7564557016413165,209996631.46747443,21.454197817306863,2.401678516170044,48.56627303095088
rl,tau q2 a 1.0 reserve 0.0 link min5,test,28.59785568608675,1652.8796197592405,2.2776889706368877,11.24398048781295,0.9435176962402084,54.48102286912192,9.779892946559611,1.8773525856859195,215641847.19200552,17.130708797375462,2.199882174133087,50.094149961999165
rl,tau q2 a 1.0 reserve 0.25 link now,train,28.826471836276802,1655.0803135992956,2.367789753495603,11.019119287396283,0.9504466290579603,54.55311151943266,9.480753809141941,1.703592325284386,208888952.80210283,17.96905164988565,2.012935753046108,48.171989542080894
rl,tau q2 a 1.0 reserve 0.25 link now,val,28.43252794898372,1648.7542627275168,2.883095788252142,11.038456719836105,0.937804761276032,54.339605758488595,9.318166194036264,1.7815373378018393,211553855.57385924,21.652917418578667,2.350096093487419,48.2659437846043
rl,tau q2 a 1.0 reserve 0.25 link now,test,28.656628389049665,1654.1651610501115,2.3197980525938706,11.346132300350552,0.9453539068963102,54.5214852716682,9.977672019338685,1.9055620305620307,217377606.14529914,17.396184062850725,2.1501148356198745,49.76313009040021
rl,tau q2 a 1.0 reserve 0.25 link min5,train,28.742768433185873,1653.0848264744284,2.2703389429523155,10.899836710028042,0.9478464825382857,54.490838005475396,9.247467997267517,1.6597983308087558,206816163.74825504,17.116635480709256,2.0817849992652193,48.54465210483295
rl,tau q2 a 1.0 reserve 0.25 link min5,val,28.358506453046285,1647.0600615079952,2.8022040943146385,10.92458869331393,0.9354842907456132,54.286124551847216,9.096319927816447,1.7456818767723643,209598795.95840853,20.904227893787056,2.4155632592276612,48.60591614249646
rl,tau q2 a 1.0 reserve 0.25 link min5,test,28.577526073950175,1652.4325495705746,2.2287163430380463,11.222395750034424,0.9428702550302819,54.46675520963761,9.736542778209444,1.8677372010705349,215259293.12207547,16.699041699041697,2.21152310968381,50.130970358246365
rl,tau q2 a 1.0 reserve 0.5 link now,train,28.797373525566563,1654.386584581748,2.304842748866226,10.992721555717052,0.9495170559750477,54.53086695817272,9.427232766045918,1.6886601918678907,208411633.65249932,17.34607502450325,2.0353443330035863,48.21650339943557
rl,tau q2 a 1.0 reserve 0.5 link now,val,28.411932386804565,1648.2996908554917,2.8319786325065435,11.016472094769965,0.9371401033465305,54.32485380963614,9.273620778551173,1.772224370542236,211157140.11824352,21.10939245510011,2.3647865227909217,48.30158559149746
rl,tau q2 a 1.0 reserve 0.5 link now,test,28.636710467600427,1653.7200157270993,2.268866412981874,11.325158410157131,0.9447133940945137,54.507113976943664,9.935217560217561,1.895806354139688,217000844.73840976,16.918112751446085,2.1633109320943302,49.795276350662746
rl,tau q2 a 1.0 reserve 0.5 link min5,train,28.720310645695637,1652.5498143079794,2.2296464707606654,10.877881134106437,0.947134658128503,54.47384709688606,9.203228489114615,1.6484971338620098,206421385.04030415,16.760224538893343,2.0988567023972293,48.59098565421505
rl,tau q2 a 1.0 reserve 0.5 link min5,val,28.343777775316568,1646.7433057846185,2.770961655159148,10.906599243021446,0.9350105193859632,54.27590637812823,9.060206668385323,1.7389468935292602,209278562.79788604,20.616353011944653,2.427972659985674,48.643651302441974
rl,tau q2 a 1.0 reserve 0.5 link min5,test,28.563696779370286,1652.1339158728554,2.193703042056081,11.203570104874128,0.9424308685768871,54.45720075233946,9.698933782267115,1.8611111111111112,214926358.21850988,16.415220581887247,2.223577677950803,50.1696594323371
rl,tau q2 a 1.0 reserve 1.0 link now,train,28.762801646101206,1653.5089805075847,2.228702419993231,10.950813539680668,0.9484125905239766,54.502916210043125,9.342837625115092,1.6699040660548279,207663434.50248003,16.626570435712377,2.0626653678281204,48.3051490194546
rl,tau q2 a 1.0 reserve 1.0 link now,val,28.38177173340081,1647.639982976422,2.7725331595334066,10.982293211022327,0.9361633042440102,54.30338273628084,9.204799346910715,1.7588403368565781,210543865.07467562,20.56264501160092,2.3924046941595174,48.37103584281312
rl,tau q2 a 1.0 reserve 1.0 link now,test,28.611713754732467,1653.1546728514018,2.2026302366124493,11.290224686951241,0.9439123876918311,54.48895317133787,9.865136406803073,1.8836117586117587,216378925.71233705,16.373133039799704,2.1842811028338387,49.86408797953187
rl,tau q2 a 1.0 reserve 1.0 link min5,train,28.687789833315883,1651.8135656044417,2.172719181578872,10.840309160505196,0.9461157234643582,54.45082351754071,9.128107457898958,1.632391814428703,205752354.18355167,16.253081469601113,2.1240757498157823,48.68201228666268
rl,tau q2 a 1.0 reserve 1.0 link min5,val,28.31940349149092,1646.2117736588036,2.7276872003073014,10.875997292410197,0.9342410712277487,54.25895253131259,8.99915141359457,1.7276359886568704,208736074.6995789,20.25758356964853,2.4467395787238404,48.715443620122045
rl,tau q2 a 1.0 reserve 1.0 link min5,test,28.537373390041665,1651.5630847946109,2.1408116326759186,11.167662763755501,0.9416039108593076,54.43914419726204,9.627719502719502,1.84821505654839,214294862.44064575,16.025641025641026,2.244301610967536,50.252957281231446
rl,tau q2 a 1.0 reserve 2.0 link now,train,28.710713037912015,1652.2996998137662,2.135890854562282,10.881778922421205,0.9467949379341224,54.46514398809598,9.205819893670736,1.643358876117497,206444278.14820758,15.965725147762035,2.104500311016316,48.486105313631136
rl,tau q2 a 1.0 reserve 2.0 link now,val,28.342170966632093,1646.734038475291,2.69702489626712,10.924057817066721,0.9349278620687239,54.27481190769668,9.089123055770386,1.7389146687290542,209518441.815846,20.005155968032998,2.4275263361209043,48.5127226635192
rl,tau q2 a 1.0 reserve 2.0 link now,test,28.56578032632795,1652.1298751280729,2.112769851488183,11.222454253586758,0.942472815411752,54.45659484562035,9.730564188897521,1.8608629025295693,215184548.18993354,15.81951998618665,2.222664229965059,50.029383105410645
rl,tau q2 a 1.0 reserve 2.0 link min5,train,28.638598075769643,1650.6780569291416,2.097587857349512,10.773611911581957,0.9445978556044512,54.41555477449918,8.996242834655025,1.6073687962220442,204569712.60934392,15.726632807627192,2.1646232261719933,48.87261706200489
rl,tau q2 a 1.0 reserve 2.0 link min5,val,28.280652405620316,1645.3428538341511,2.6654009724192655,10.820102175579239,0.933034593520926,54.231535600303424,8.888598865687031,1.7079251525307213,207762905.913036,19.777434046575575,2.480967578688943,48.86052029373651
rl,tau q2 a 1.0 reserve 2.0 link min5,test,28.49350881526968,1650.5776537216225,2.0676919333267665,11.103060601243048,0.9402395359738183,54.40822447659022,9.500097125097126,1.825703617370284,213165303.56643358,15.529223862557195,2.2831477175740056,50.4207368540003
rl,tau q3 a 0.5 reserve 0.0 link now,train,28.043693986920122,1637.0638933634254,2.062937862165855,8.821035151369728,0.9250472341407187,53.96730524343982,4.813233241260506,1.222281624045858,169683807.44631562,15.511301196946746,2.8682827290666904,53.58601815386538
rl,tau q3 a 0.5 reserve 0.0 link now,val,27.619257867395223,1627.692366761267,2.628244650477424,8.842518774071817,0.9107059796115842,53.63103795316897,4.658395634613734,1.2072484317263898,172921246.48869985,19.475595084643803,3.3144102895261853,53.40755513226961
rl,tau q3 a 0.5 reserve 0.0 link now,test,27.788988428698786,1631.5761047178487,2.052919571528269,8.990494982582115,0.9163923984078192,53.760609497283355,4.974661141327809,1.2887852887852886,175903177.61590263,15.412673746007078,3.1785649021326114,55.25348250001505
rl,tau q3 a 0.5 reserve 0.0 link min5,train,27.99136933407244,1635.8427769786927,2.0342774269171118,8.767723613987528,0.9234421492303654,53.92956227061023,4.708589503697763,1.196389854168523,168712199.9317473,15.298197154652646,2.9081831334660175,53.770081523055985
rl,tau q3 a 0.5 reserve 0.0 link min5,val,27.57500056493267,1626.6812531724777,2.6042017428936797,8.793205923254549,0.9093325903454758,53.59938782417732,4.561925324396323,1.1859908051903412,172036964.44384295,19.32306436366761,3.3525695996078153,53.567278981516566
rl,tau q3 a 0.5 reserve 0.0 link min5,test,27.734638842031345,1630.4360247659342,2.023246281545277,8.93469278071945,0.9147046067555161,53.72500759872625,4.865902615902617,1.2646874730208064,174909698.0979021,15.214106880773548,3.223083840366364,55.4337184925377
rl,tau q3 a 0.5 reserve 0.25 link now,train,28.023919932998922,1636.5846190938928,2.036394796692297,8.802826022348858,0.9244302404081047,53.952201584654276,4.776567465621195,1.2121239122041045,169345974.35991567,15.304137337016247,2.8836123216215954,53.6322568696636
rl,tau q3 a 0.5 reserve 0.25 link now,val,27.60296189487041,1627.3289159741548,2.607407504683893,8.827155200989292,0.9101917963273873,53.61947993817681,4.627481309615881,1.1993103892755865,172635654.85322678,19.31661940362636,3.328311283200221,53.44506856936664
rl,tau q3 a 0.5 reserve 0.25 link now,test,27.77150638801356,1631.1715055123857,2.0268878629905656,8.973282411157452,0.9158406620890744,53.74782284628523,4.940289648622983,1.2804109470776137,175581846.12406114,15.231373564706894,3.1936385914863514,55.2953236782181
rl,tau q3 a 0.5 reserve 0.25 link min5,train,27.973820404284,1635.4088150266398,2.014873245026247,8.750590603418944,0.9228951272217333,53.915909302274855,4.674262674864118,1.187331076064035,168392988.41925803,15.15043511835813,2.9210449384761876,53.8181968479043
rl,tau q3 a 0.5 reserve 0.25 link min5,val,27.559325245237513,1626.3379465059268,2.587201592293873,8.778716016172636,0.9088380299115071,53.5884999237645,4.5328585546102955,1.1783964939417375,171767335.15622583,19.180201082753285,3.3647131202621052,53.605361498327426
rl,tau q3 a 0.5 reserve 0.25 link min5,test,27.718512976571116,1630.078555025383,2.0025634884156203,8.918430377672387,0.914199581117169,53.713760073959484,4.833506000172668,1.25658292324959,174609676.94742295,15.07813174479841,3.236056542999443,55.47528239562192
rl,tau q3 a 0.5 reserve 0.5 link now,train,28.0062176762074,1636.1691882032121,2.0168455810850383,8.785897033133548,0.9238775919733615,53.93910044349709,4.742708426148683,1.2034141198134778,169031877.18429416,15.15860286910808,2.8964193858308307,53.679780730915695
rl,tau q3 a 0.5 reserve 0.5 link now,val,27.589542754349182,1627.0038697224618,2.5898830209818424,8.812882826005923,0.9097656650851348,53.609084777168036,4.59887642863281,1.1924679900317952,172368103.10045543,19.18879436280828,3.340148655321439,53.48280114676333
rl,tau q3 a 0.5 reserve 0.5 link now,test,27.75297126309544,1630.7852240125978,2.005524981522769,8.956361891997881,0.9152597226023161,53.73566729044063,4.90654407321074,1.271982646982647,175270625.26305792,15.083527583527584,3.2080970487111413,55.338576695819995
rl,tau q3 a 0.5 reserve 0.5 link min5,train,27.95562312659205,1634.9969483776106,1.9999184932769203,8.734295315271554,0.9223292003642286,53.90299601611053,4.641858980070689,1.1786361341293177,168088859.56761414,15.029403902699812,2.9345620027839594,53.86843740891937
rl,tau q3 a 0.5 reserve 0.5 link min5,val,27.545943510787936,1626.0159599431931,2.57241457569337,8.764721001264721,0.9084112087533027,53.57816772649461,4.504833720030937,1.1713070378963648,171508324.15949127,19.079230042107067,3.3763684046096167,53.64323503813089
rl,tau q3 a 0.5 reserve 0.5 link min5,test,27.70177675546999,1629.7085072542732,1.9858389152671523,8.902870479549538,0.9136721716365562,53.70205573444319,4.802425969092637,1.2487049987049987,174320091.6032116,14.934602434602434,3.2504691847565863,55.517340454764174
rl,tau q3 a 0.5 reserve 1.0 link now,train,27.974140137227423,1635.4343173641655,1.9896281037754198,8.754068238985845,0.922879354861441,53.91608253614363,4.679371231696813,1.1877765897413048,168437254.89482906,14.950696486382132,2.9199445511074695,53.77900219895331
rl,tau q3 a 0.5 reserve 1.0 link now,val,27.562290195219504,1626.3768892421726,2.5603098339614263,8.78462100647606,0.9089014678749348,53.58907038554668,4.542289679470655,1.179094697946206,171844360.241729,18.993297241557098,3.3626719645235297,53.55993404988699
rl,tau q3 a 0.5 reserve 1.0 link now,test,27.72139874978767,1630.0617377536773,1.9750976424548368,8.925691663333316,0.9142663558149322,53.71281991817109,4.84561426228093,1.25677717344384,174707424.24173358,14.842873176206506,3.232855031996116,55.42428384529671
rl,tau q3 a 0.5 reserve 1.0 link min5,train,27.92259725884101,1634.2304753722044,1.9784500322400915,8.703530893639355,0.9213123086115653,53.87920495553042,4.58093498470403,1.1629689031453263,167518460.82461613,14.871989070064451,2.9608001709946428,53.96924012108075
rl,tau q3 a 0.5 reserve 1.0 link min5,val,27.517797548646723,1625.377366370957,2.5478047140364675,8.736507190207982,0.9075207445299034,53.557788030230284,4.448494027670363,1.157375182607201,170988311.09452608,18.918106041075873,3.4003405070159873,53.723866508012954
rl,tau q3 a 0.5 reserve 1.0 link min5,test,27.670870395543925,1629.031805622568,1.9601916820582515,8.872649861524321,0.9127129227703432,53.680890355537535,4.742683242683244,1.2340391090391092,173765878.50332385,14.718768885435551,3.2742440368855497,55.607071875050586
rl,tau q3 a 0.5 reserve 2.0 link now,train,27.91715224696968,1634.1255956314926,1.959469641089746,8.695472300495316,0.9211219685917633,53.875480345354475,4.563723306305504,1.1598800083162553,167354948.01437527,14.738334966883484,2.9634265296050533,53.98057845325265
rl,tau q3 a 0.5 reserve 2.0 link now,val,27.51208489912478,1625.2211632872297,2.522137349661731,8.730394462474317,0.9073068682464456,53.552309883777085,4.434379565180031,1.153905645784996,170842919.08034718,18.743017959955314,3.4061047247898544,53.72395997421162
rl,tau q3 a 0.5 reserve 2.0 link now,test,27.665174184803956,1628.8521390582748,1.936318524298003,8.866470872105117,0.9125173802061924,53.67471953847595,4.728869895536563,1.2305641888975223,173625313.36976603,14.505093671760338,3.2797211532658093,55.609292171002735
rl,tau q3 a 0.5 reserve 2.0 link min5,train,27.86230528344896,1632.865769033594,1.9538556900197335,8.644717966535927,0.9194559155657165,53.83690771347718,4.464871246547269,1.1339808132109654,166434475.1525736,14.692298553565593,3.008593694588311,54.176159575991555
rl,tau q3 a 0.5 reserve 2.0 link min5,val,27.459848742101396,1624.114378308519,2.5150192121592863,8.680199279830688,0.9056978247095877,53.517782936712884,4.336588038154165,1.1290066168256425,169952039.10380682,18.7011257196872,3.448959633251024,53.89913143006796
rl,tau q3 a 0.5 reserve 2.0 link min5,test,27.613487269366058,1627.7449520412888,1.9293683926170109,8.813480796268546,0.9109382244279033,53.64050497483579,4.626143917810586,1.2060562893896227,172692869.75265476,14.441422774756107,3.3245405840536204,55.79584318592288
rl,tau q3 a 0.7 reserve 0.0 link now,train,28.082731676821517,1638.054344748887,2.1274902815195693,8.855549567120049,0.926272256152602,53.99856020951391,4.883394220202561,1.242626748641183,170323491.25801182,16.11942736642015,2.8417957345503044,53.51417356720835
rl,tau q3 a 0.7 reserve 0.0 link now,val,27.650968007970718,1628.4115848396418,2.678617956641629,8.870325074201551,0.9117360712381752,53.65444116118183,4.714982383775889,1.22138437741686,173450896.69227463,19.95037380768239,3.2848402065858773,53.349283950725884
rl,tau q3 a 0.7 reserve 0.0 link now,test,27.816544569897463,1632.1822475396027,2.1088133591822484,9.018545987071183,0.9172805342732031,53.7801678925106,5.031198739532074,1.3020698437365104,176432861.0594837,15.859449192782526,3.1555285524310035,55.19562253515427
rl,tau q3 a 0.7 reserve 0.0 link min5,train,28.02558926565621,1636.6608714347701,2.0808336681683834,8.798306229962568,0.924503805888083,53.9551140022024,4.77041937687487,1.2134975793756866,169283258.8870474,15.705842169354597,2.884178571244187,53.69526742191226
rl,tau q3 a 0.7 reserve 0.0 link min5,val,27.599627931828646,1627.2384346277934,2.6402566225861808,8.817030605686027,0.9101240870611388,53.617360932986244,4.6100154679041,1.197548766864312,172487146.12872735,19.645312365729996,3.331521871442697,53.51015612889643
rl,tau q3 a 0.7 reserve 0.0 link min5,test,27.763448772090502,1631.0441721076904,2.06526669165636,8.961561031526573,0.9156180109369026,53.744401133976545,4.91951566951567,1.2781231114564446,175407481.56453422,15.558361391694724,3.2000841319717623,55.3696915028819
rl,tau q3 a 0.7 reserve 0.25 link now,train,28.059678307479633,1637.466000534678,2.0907256342836438,8.837285899959117,0.9255491564916591,53.97997272231684,4.846208678606433,1.2306053045828507,169987453.94166744,15.746680923104337,2.8581571288562886,53.549385689096106
rl,tau q3 a 0.7 reserve 0.25 link now,val,27.633123249169536,1628.0131437320476,2.649404224869087,8.855754712240152,0.9111512212040425,53.641368030702345,4.685260376385667,1.2138652573687376,173173264.3262009,19.661424765833114,3.3008928782650186,53.3777038779245
rl,tau q3 a 0.7 reserve 0.25 link now,test,27.800484665947536,1631.8272582348015,2.0786464085104517,9.00469554718177,0.9167622418035899,53.76866789687638,5.003118794785463,1.2948070448070448,176170521.75369075,15.619873953207286,3.169089984338364,55.22177704755331
rl,tau q3 a 0.7 reserve 0.25 link min5,train,28.00612388037045,1636.2019594400244,2.0549652822034608,8.7828345903104,0.9238992301549204,53.94075549222767,4.739047788767115,1.2039041848584753,168995330.0531052,15.472690011583355,2.898332437555382,53.73068477662898
rl,tau q3 a 0.7 reserve 0.25 link min5,val,27.585800996490228,1626.9333880755398,2.619865627150019,8.804764323611309,0.9096755816325565,53.60746849452782,4.585213113345365,1.191383088424852,172255899.84025094,19.451963564492562,3.3432523843432307,53.538114890172075
rl,tau q3 a 0.7 reserve 0.25 link min5,test,27.747618567302958,1630.7041793941587,2.0430489408763632,8.948402436398545,0.9151123921308917,53.73346830328176,4.8932271432271435,1.2710653543986876,175163487.75041008,15.375982042648708,3.212986365514555,55.39982864478333
rl,tau q3 a 0.7 reserve 0.5 link now,train,28.042937954445456,1637.0485656125857,2.0640081460065436,8.822065656364737,0.9250276880435915,53.96686735555768,4.815438533962992,1.2218806617363152,169707933.22635064,15.514271288128546,2.869921605143903,53.58290691274084
rl,tau q3 a 0.7 reserve 0.5 link now,val,27.61959423121763,1627.7108188427947,2.6295593976954614,8.843717851322896,0.9107156730332057,53.63159921983105,4.660812494629201,1.207624387728796,172944196.29543698,19.4884850047263,3.3135308746666703,53.40408998663833
rl,tau q3 a 0.7 reserve 0.5 link now,test,27.7884335992527,1631.57061909847,2.0548088490871397,8.991859031405632,0.9163752883410413,53.760415605685836,4.97739143572477,1.2889039972373306,175930713.14961582,15.42022792022792,3.178336323167774,55.249193199968374
rl,tau q3 a 0.7 reserve 0.5 link min5,train,27.9914585020403,1635.8494565942544,2.0357344054626383,8.769262251005465,0.9234469822279391,53.929797494015524,4.711752650806379,1.1964715316760224,168744128.83631828,15.303394814220795,2.908817073464317,53.765448234619264
rl,tau q3 a 0.7 reserve 0.5 link min5,val,27.573814873959563,1626.6677486071535,2.6053455871533484,8.794204607375965,0.9092934491407237,53.59895476605016,4.563966228409385,1.1857759731889663,172056971.0822377,19.337028443756978,3.3531297538081906,53.56442145099755
rl,tau q3 a 0.7 reserve 0.5 link min5,test,27.734861512746182,1630.444622887098,2.0252138665203945,8.93603224006154,0.914711381848241,53.7252793286798,4.8685897435897445,1.2650328066994734,174934451.6679617,15.233531900198566,3.2225186608094827,55.43011696248628
rl,tau q3 a 0.7 reserve 1.0 link now,train,28.015670694132684,1636.392944981667,2.028998231195169,8.796969693554503,0.9241734224289619,53.946151806745796,4.764954409100359,1.2080029106893582,169241317.27904007,15.243250467789359,2.890141118847362,53.64804378483314
rl,tau q3 a 0.7 reserve 1.0 link now,val,27.596053285844697,1627.1667344213488,2.6008644214911723,8.82222360119185,0.9099730181625251,53.61433157398801,4.617609779152703,1.1962597748560626,172542319.9739624,19.271504683337625,3.3345081990533294,53.45774906648208
rl,tau q3 a 0.7 reserve 1.0 link now,test,27.762721578691995,1630.9939764619262,2.0186707861386015,8.966993334090759,0.9155634225996025,53.7422176410895,4.927760511093846,1.2768173184839853,175467544.30631098,15.184969351636015,3.20040217185195,55.31083702897802
rl,tau q3 a 0.7 reserve 1.0 link min5,train,27.966183062386847,1635.2355939891213,2.0094522938009343,8.744885272145188,0.9226562278765742,53.91045478553241,4.663006029285099,1.1836407377706495,168289450.45626542,15.104398705040243,2.926826421669199,53.83538852088597
rl,tau q3 a 0.7 reserve 1.0 link min5,val,27.55254343654945,1626.1751397801809,2.581355336788624,8.773642179036392,0.9086216834145624,53.583260377534494,4.5227292257454685,1.175077339520495,171672943.01735842,19.135086362464552,3.3706331488239125,53.61908004818897
rl,tau q3 a 0.7 reserve 1.0 link min5,test,27.71176191554411,1629.9170869076177,1.996767134938845,8.912857634896461,0.9139858446710492,53.70862251756384,4.822390572390574,1.2531943365276699,174505539.58810326,15.031727531727528,3.241589254277447,55.49043759323423
rl,tau q3 a 0.7 reserve 2.0 link now,train,27.969566879781798,1635.3167581733876,1.9874300377351581,8.750780192069804,0.9227369900938944,53.91241367907203,4.673052362707535,1.185482194303365,168381558.9741305,14.926935756927735,2.9241292585367655,53.79015349125397
rl,tau q3 a 0.7 reserve 2.0 link now,val,27.55854459128479,1626.2841676043508,2.558053782627079,8.781797173030414,0.9087826945202242,53.5861259510934,4.536682564234769,1.1774619747357566,171792267.0348887,18.976110681447103,3.3665429771530553,53.568089994359624
rl,tau q3 a 0.7 reserve 2.0 link now,test,27.717712736578775,1629.9769728743042,1.9723399796420573,8.922618094358375,0.9141512433839956,53.71015974952548,4.839592506259174,1.255201588534922,174650289.03651905,14.820210653543986,3.2365692622046907,55.43345274383466
rl,tau q3 a 0.7 reserve 2.0 link min5,train,27.918539580950583,1634.146183298945,1.9768679830490774,8.700649419218788,0.9211860529256659,53.87656662254102,4.575351213282248,1.161216549348065,167470080.2641599,14.863078796519053,2.963308750529717,53.978738471413465
rl,tau q3 a 0.7 reserve 2.0 link min5,val,27.513386491379464,1625.282978847383,2.545481700117727,8.73347926475867,0.9073812794827805,53.55476328727414,4.44252169803214,1.1555813353957205,170931548.85881242,18.901993640972755,3.403098008445903,53.73322610938183
rl,tau q3 a 0.7 reserve 2.0 link min5,test,27.666765309468037,1628.9318636211142,1.9578150283958007,8.86966490241664,0.9125855879131568,53.677797839129646,4.7369204869204875,1.2322584822584821,173712226.43719244,14.69394802728136,3.277866108976511,55.616714080040076
rl,tau q3 a 1.0 reserve 0.0 link now,train,28.148682650175914,1639.6733279561424,2.2687146607853896,8.904367097414978,0.9283924493149838,54.05063026843908,4.983701624639877,1.2772431613650537,171237132.319463,17.65793459859217,2.7924619594528934,53.451044412854785
rl,tau q3 a 1.0 reserve 0.0 link now,val,27.709496514313983,1629.6595220047802,2.80185579413151,8.912486427392066,0.9135820525560442,53.694061190501166,4.8008292515253075,1.2460041247744262,174242197.16378793,21.155581335395713,3.25294081756851,53.2963495627141
rl,tau q3 a 1.0 reserve 0.0 link now,test,27.87057250956416,1633.3372082023304,2.21981802378303,9.056821983488462,0.9189808278302282,53.81680976804436,5.10884485884486,1.3255093671760338,177146995.65432099,16.901925235258567,3.124562261984202,55.14747898675189
rl,tau q3 a 1.0 reserve 0.0 link min5,train,28.068439236305288,1637.7557859931767,2.1595582214944504,8.832182174128606,0.9258715029054844,53.99028371792034,4.8395408239032935,1.2363004544239509,169916894.7888562,16.582761590780837,2.855825362809106,53.634785802354536
rl,tau q3 a 1.0 reserve 0.0 link min5,val,27.63441088058895,1627.9975960995473,2.704299485015171,8.844943964954803,0.9112466908548865,53.641883817252115,4.666677408266737,1.2129092549626193,173010258.17538884,20.335997250150378,3.307945733818556,53.45981284640697
rl,tau q3 a 1.0 reserve 0.0 link min5,test,27.792156911631352,1631.6764379835151,2.1266146346560966,8.987687642575851,0.9165389603581394,53.76466430473865,4.972222222222223,1.2915587498920833,175893811.74540275,16.14434947768281,3.18032551824049,55.323390705431734
rl,tau q3 a 1.0 reserve 0.25 link now,train,28.107847762227184,1638.674583267588,2.178099096634791,8.875698203864776,0.9270811761896957,54.01858455577886,4.924782440820933,1.2558807805399625,170706658.39662597,16.64587602839407,2.8244059793119223,53.48213312315554
rl,tau q3 a 1.0 reserve 0.25 link now,val,27.669551259860864,1628.7974826801606,2.719679006634501,8.887205029087832,0.912336636262866,53.66696015943778,4.749516627996908,1.2296231846695884,173768161.83457935,20.420855890693474,3.272802038742016,53.32196584893236
rl,tau q3 a 1.0 reserve 0.25 link now,test,27.83451091209959,1632.579760813894,2.1477003021028844,9.03411302040216,0.9178580312922909,53.79299119774946,5.062937062937064,1.3106923940257273,176725232.59293792,16.26197876197876,3.1437258452316375,55.17131746013598
rl,tau q3 a 1.0 reserve 0.25 link min5,train,28.043408812390627,1637.1301891835326,2.1135191775493802,8.814401906690724,0.9250693364678224,53.97012653240021,4.803231459205798,1.223068698209035,169587141.25676435,16.050372746443315,2.872826303026999,53.66228468490041
rl,tau q3 a 1.0 reserve 0.25 link min5,val,27.612916745111253,1627.5162703010335,2.666422228219345,8.82983546102242,0.9105546528136755,53.62640280247788,4.636010140070466,1.2035210965025351,172730676.7062817,19.891295007304286,3.3203778223690765,53.48405016932817
rl,tau q3 a 1.0 reserve 0.25 link min5,test,27.774511399415957,1631.28903985923,2.09199210170439,8.974201263594379,0.9159729697445912,53.752237523065695,4.944962444962446,1.283680825347492,175646574.6912717,15.788224121557455,3.190425535718856,55.343715938681065
rl,tau q3 a 1.0 reserve 0.5 link now,train,28.081740806476038,1638.045411266189,2.1336464047651016,8.858609726866659,0.9262516909636157,53.99847627905896,4.889802191927292,1.242641599097092,170385459.00086135,16.168433870919838,2.843221834688296,53.50808760303631
rl,tau q3 a 1.0 reserve 0.5 link now,val,27.65247302214369,1628.4304952501404,2.6835439392975973,8.873100101091184,0.911783603269538,53.65502476982374,4.720643207012118,1.2221685142218788,173504213.29930395,19.99763684798487,3.2837842004599707,53.34333151101234
rl,tau q3 a 1.0 reserve 0.5 link now,test,27.817399279688622,1632.1968706189855,2.114415953140726,9.021127608463091,0.9173088700063015,53.78064517660282,5.036421911421913,1.3026418026418027,176482090.91970992,15.900457567124231,3.154719820590674,55.19055752792895
rl,tau q3 a 1.0 reserve 0.5 link min5,train,28.02520859666729,1636.6596420150493,2.0854056441960083,8.80089873746336,0.9244943529672293,53.955123979558934,4.775802667141881,1.2136609343906857,169335045.0065639,15.74445335471799,2.88645083269915,53.68932910418312
rl,tau q3 a 1.0 reserve 0.5 link min5,val,27.60044688243993,1627.2483859309586,2.6440892289776468,8.8193685878151,0.9101484308902045,53.61765392939701,4.61480622153476,1.1981288132680246,172531394.5210965,19.668943885881237,3.3311969607881,53.50511537927435
rl,tau q3 a 1.0 reserve 0.5 link min5,test,27.764596921827245,1631.067425912754,2.0697632939616937,8.963918361219477,0.9156524325981774,53.74510431426117,4.924231632564966,1.2788677372010704,175453269.61193126,15.589657256323921,3.199054144603176,55.36407848465399
rl,tau q3 a 1.0 reserve 1.0 link now,train,28.053075469682128,1637.3013873430762,2.083861692886907,8.833502940493288,0.9253426650817312,53.97475041758074,4.838627520864891,1.2272416763194631,169921553.4649678,15.682081439900204,2.86385781328276,53.55706056053866
rl,tau q3 a 1.0 reserve 1.0 link now,val,27.62809697926414,1627.8964332405976,2.6445526042116967,8.85305023993224,0.9109846625704229,53.63753426146583,4.679771418750538,1.2119102861562259,173121500.01658505,19.600197645441263,3.3059838200484704,53.38320734870583
rl,tau q3 a 1.0 reserve 1.0 link now,test,27.795980265353684,1631.733349499161,2.0732102632936495,9.00190185522848,0.9166166435249612,53.76561967033422,4.997507122507123,1.2930156263489596,176117740.07994473,15.55944055944056,3.1725052117894443,55.22723882681268
rl,tau q3 a 1.0 reserve 1.0 link min5,train,28.000482508907655,1636.0673010519554,2.0500354280549864,8.779755293080063,0.9237244460973494,53.93652095534127,4.732921975704655,1.2010825982357658,168940397.92004517,15.419970893106415,2.902936633227826,53.73789505404828
rl,tau q3 a 1.0 reserve 1.0 link min5,val,27.58145013750621,1626.8339542104882,2.616034859912614,8.802110086267934,0.9095360830378741,53.604246731022435,4.579885279711267,1.189546274813096,172206932.3837759,19.41866460427945,3.3465938307649505,53.54432532518866
rl,tau q3 a 1.0 reserve 1.0 link min5,test,27.74325088902817,1630.6157071838895,2.038996583309906,8.94551622381707,0.9149773422573969,53.7307087928822,4.8875075541742214,1.2691983941983942,175110695.09902444,15.334973668307,3.2155736128739343,55.4066400725528
rl,tau q3 a 1.0 reserve 2.0 link now,train,28.01383878746609,1636.352546114596,2.029523238109685,8.797082789032292,0.9241154386736011,53.94483123888815,4.765288544358312,1.2072678131218628,169247952.52873564,15.24993317294841,2.8919558778290044,53.64779601185681
rl,tau q3 a 1.0 reserve 2.0 link now,val,27.594769990280362,1627.1395621900122,2.6012576882107967,8.822291457806559,0.9099324891425091,53.613443229990835,4.617760161553666,1.1958838188536565,172543724.19798917,19.269356363323876,3.3355691201466713,53.45766299357098
rl,tau q3 a 1.0 reserve 2.0 link now,test,27.761328615379497,1630.9603858911823,2.0188243938682247,8.966889808685512,0.9155202135886651,53.74116733981684,4.9275554692221375,1.2761482344815678,175465684.7636191,15.17849434516101,3.2011528339844975,55.31099014107057
rl,tau q3 a 1.0 reserve 2.0 link min5,train,27.96428345844781,1635.2053625825429,2.0095697506452286,8.744819465346199,0.9225982900016119,53.909522027678456,4.662976328373281,1.1830689952181532,168291737.49894562,15.101428613858443,2.928287603638259,53.83572301900194
rl,tau q3 a 1.0 reserve 2.0 link min5,val,27.551419585035152,1626.1508916773018,2.580966191085654,8.773461989186908,0.9085850046645966,53.58248228271178,4.522396236143337,1.1746369339176765,171671312.10569736,19.136160522471425,3.371854697981522,53.61936968217309
rl,tau q3 a 1.0 reserve 2.0 link min5,test,27.710523935575033,1629.8900458455373,1.996420185423473,8.912662531948774,0.9139472155061272,53.70779407433609,4.822002072002073,1.2527410860744195,174500497.03686437,15.02741086074419,3.242630670903825,55.49098330810767
rl,tau q4 a 0.5 reserve 0.0 link now,train,27.180576154575938,1618.9111907758747,1.9855034448564857,7.491229061490963,0.897149067040042,53.38050698155245,1.9750438088449316,0.7467551753838844,143194422.57245538,14.925450711336838,3.6908122893891924,57.246510997723455
rl,tau q4 a 0.5 reserve 0.0 link now,val,26.79895674353986,1610.085130324453,2.546807923833959,7.595344561031204,0.8827452998891685,53.04332140992461,2.007744693649566,0.7549948440319669,148419913.3408954,18.92777348113775,4.18320421496446,56.646483310683095
rl,tau q4 a 0.5 reserve 0.0 link now,test,26.90745301416613,1612.6464358358844,1.981640599540494,7.656848662257578,0.886324942559346,53.128149957391976,2.1385651385651387,0.8043468876802209,149681016.51938185,14.866614866614864,4.106922342032333,58.708905582057426
rl,tau q4 a 0.5 reserve 0.0 link min5,train,27.149462297023035,1618.1260547334507,1.9727313111605818,7.469116674688301,0.8961900570273958,53.35599060606758,1.9314131693843,0.7309171641569396,142791150.7068223,14.838575544269206,3.7131916826867224,57.32008488781552
rl,tau q4 a 0.5 reserve 0.0 link min5,val,26.768720147200572,1609.3881543864072,2.534704268784602,7.573114589410703,0.8818033415073966,53.021345625119956,1.9642626965712815,0.7416322935464468,148012681.62464553,18.863323880725268,4.203561830512363,56.718731263200176
rl,tau q4 a 0.5 reserve 0.0 link min5,test,26.871496953767767,1611.907117636047,1.963390811024966,7.6314431528239215,0.885207956450978,53.10498159145734,2.0891068807735476,0.7896917896917897,149216027.10368645,14.730639730639727,4.132123193644858,58.79011836830889
rl,tau q4 a 0.5 reserve 0.25 link now,train,27.16701492004901,1618.5583967433213,1.9729585962160778,7.482455414483706,0.8967207719599837,53.369250467931415,1.9572603878939083,0.7395824051798392,143032721.1247735,14.820012474382962,3.700303029342615,57.26792482781788
rl,tau q4 a 0.5 reserve 0.25 link now,val,26.788008376293924,1609.8371023253223,2.5366031182426125,7.588131179899591,0.8823965457792983,53.03534449357382,1.9931683423562776,0.7499355503995876,148280934.57016414,18.866546360745893,4.190947500375476,56.66445357433095
rl,tau q4 a 0.5 reserve 0.25 link now,test,26.894678318313844,1612.3666495948753,1.9671131166965503,7.648919132859958,0.8859208549455014,53.11923002044164,2.122647414314081,0.7987567987567987,149530472.61011827,14.75330225330225,4.115628848307831,58.726652941515006
rl,tau q4 a 0.5 reserve 0.25 link min5,train,27.13780609106264,1617.8045061305131,1.9630894895269513,7.46140163340529,0.8958232475813501,53.34573960944689,1.9158350411357628,0.7247913510944787,142647907.082123,14.761353173542426,3.7207842420271255,57.340449160225695
rl,tau q4 a 0.5 reserve 0.25 link min5,val,26.758725281856105,1609.1588938202092,2.52619286478604,7.566528215786112,0.8814843346857598,53.01394627579084,1.9510183036865174,0.7369704391166109,147887145.01091343,18.787058520237174,4.210384879479996,56.735985477731525
rl,tau q4 a 0.5 reserve 0.25 link min5,test,26.859453272539884,1611.634537872445,1.9528895965622342,7.623759320507505,0.8848309098387851,53.09633836956156,2.0738042821376155,0.784177242510576,149071762.31977898,14.642147975481306,4.140259448025061,58.810008144490226
rl,tau q4 a 0.5 reserve 0.5 link now,train,27.156444728207834,1618.2737132581378,1.9641159086851008,7.475412845305347,0.8963875864627467,53.36014484041345,1.9430707772728621,0.7342436662805548,142900402.72874156,14.763580741928777,3.7087099596010593,57.28690711859271
rl,tau q4 a 0.5 reserve 0.5 link now,val,26.77752583238621,1609.5839722479775,2.528016652715322,7.581538153368332,0.8820643713336851,53.027222952531204,1.9799561742717193,0.7451985047692705,148156223.1420469,18.80746756036779,4.198601802173138,56.68152637926139
rl,tau q4 a 0.5 reserve 0.5 link now,test,26.881503404257895,1612.0685134240193,1.9550336320823591,7.640439157895024,0.8855063622316609,53.10980133623169,2.1056828973495643,0.7931235431235432,149369881.44979712,14.668048001381331,4.124852404758844,58.74770308823076
rl,tau q4 a 0.5 reserve 0.5 link min5,train,27.127002031225363,1617.5376914705,1.9560735721368914,7.454268090205658,0.8954840205611196,53.33725971627035,1.9015117764115357,0.7194006355995131,142514142.98125872,14.70417891829279,3.7271808009777243,57.361463114439296
rl,tau q4 a 0.5 reserve 0.5 link min5,val,26.749504310886635,1608.9253754182143,2.5189332265968627,7.560224212082009,0.8811883770683218,53.0063863109872,1.9383861820056716,0.7324804502878749,147767888.0026639,18.74194379994844,4.217221133689318,56.75329668318607
rl,tau q4 a 0.5 reserve 0.5 link min5,test,26.848378578415677,1611.3768501117897,1.944298051703334,7.616460281181725,0.8844777699193956,53.08804668010892,2.059149184149184,0.7789216955883622,148933297.5626349,14.586031252697916,4.148261828837572,58.82913455160811
rl,tau q4 a 0.5 reserve 1.0 link now,train,27.137059836945294,1617.7705249334756,1.9510188604236112,7.461448910507728,0.8957835416318382,53.34426529556233,1.9151741958478123,0.7242641599097092,142638373.38893345,14.670765392497549,3.7215422670345863,57.32932343452187
rl,tau q4 a 0.5 reserve 1.0 link now,val,26.759237649204096,1609.1504125216488,2.513820985491605,7.569074200343512,0.8814817590713248,53.013245107847034,1.9551001117126405,0.737045630317092,147920886.27335224,18.715089799776575,4.211104699945242,56.71645770217987
rl,tau q4 a 0.5 reserve 1.0 link now,test,26.85796838010249,1611.5305669291388,1.938677815734882,7.625677940131091,0.8847666649225024,53.09271361128729,2.0763727013727014,0.7826879910213245,149092729.71156004,14.530993697660362,4.14080687328848,58.789085073260466
rl,tau q4 a 0.5 reserve 1.0 link min5,train,27.107102930713182,1617.0342356270205,1.946066606515914,7.440847071087619,0.8948657224846989,53.32141186045337,1.874855208054887,0.7094953815082125,142264112.98660487,14.638094389497757,3.7424933474006616,57.40456992773907
rl,tau q4 a 0.5 reserve 1.0 link min5,val,26.73248281695717,1608.521013025301,2.506226024639507,7.5477720641519035,0.8806428281078788,52.993284473289464,1.913508636246455,0.7246175990375527,147530251.1480622,18.654936839391592,4.2283623479892,56.78916288384465
rl,tau q4 a 0.5 reserve 1.0 link min5,test,26.827007126104558,1610.8844233372865,1.9304356247849006,7.601973793537573,0.8838068529232624,53.07245600534006,2.030486488819822,0.7695868945868947,148662168.99430197,14.461926961926961,4.162105002274197,58.87205832405244
rl,tau q4 a 0.5 reserve 2.0 link now,train,27.102358651951956,1616.8860647873105,1.9381336063331687,7.436465028858781,0.8947074843448342,53.3164935354034,1.8656182244794914,0.7067406219370935,142175089.60883898,14.58463274822537,3.747112334506494,57.413223620982855
rl,tau q4 a 0.5 reserve 2.0 link now,val,26.726910571954527,1608.379969000243,2.4942259669246973,7.544517693945206,0.8804510554979477,52.98850420580291,1.9062580562000517,0.7220718398212598,147455249.02509236,18.575448998882873,4.234102810335551,56.79126510151945
rl,tau q4 a 0.5 reserve 2.0 link now,test,26.82250564952036,1610.726896028891,1.917213524036229,7.598596099404884,0.8836518346394187,53.06715260573218,2.0230402313735647,0.7668566001899335,148585459.50410083,14.328110161443492,4.166522468412211,58.87422684115385
rl,tau q4 a 0.5 reserve 2.0 link min5,train,27.071581862614583,1616.1424922076037,1.9360887523648225,7.415877510811561,0.8937663208648184,53.29355695214085,1.825328937598384,0.6917490866969617,141801779.60717574,14.572752383498171,3.7683031119746957,57.4904467213206
rl,tau q4 a 0.5 reserve 2.0 link min5,val,26.696158827531626,1607.7240772178973,2.4904334796190404,7.5223794527642225,0.8794964802037988,52.96784011046315,1.8632594311248603,0.7083655581335396,147053659.18260717,18.548594998711003,4.254176361100164,56.87018461246708
rl,tau q4 a 0.5 reserve 2.0 link min5,test,26.79284840464331,1610.0892192911167,1.9139851557309768,7.575153388933008,0.8827343211552636,53.04713453979748,1.9777907277907276,0.7534965034965035,148163278.4371061,14.303289303289299,4.186730777170103,58.959045485299875
rl,tau q4 a 0.7 reserve 0.0 link now,train,27.209164013196272,1619.7069185000228,2.0205405133242538,7.50857318214937,0.8980546840801552,53.405861180702225,2.010558674151296,0.7621625233894681,143515533.7007336,15.295227063470847,3.6734421194438145,57.21327542065934
rl,tau q4 a 0.7 reserve 0.0 link now,val,26.817008220163018,1610.5131443376936,2.5700596129206765,7.60737111482859,0.8833262762835677,53.05721579803887,2.032171092205895,0.762954369682908,148653649.65815932,19.161940362636415,4.168900126203528,56.62144790137817
rl,tau q4 a 0.7 reserve 0.0 link now,test,26.925446455496836,1613.0698637085895,2.0086458321779324,7.669277146169698,0.8868976530478693,53.1417917285845,2.1636773720107056,0.8126996460329795,149921969.2428559,15.108348441681773,4.095451984030578,58.68522396184819
rl,tau q4 a 0.7 reserve 0.0 link min5,train,27.17244677536439,1618.7271303780385,1.9969762657932417,7.483396642295715,0.896909884452215,53.3750049510903,1.9604829368261605,0.7427975288841367,143056437.6744186,15.070985179245001,3.6983315318129373,57.288286682518844
rl,tau q4 a 0.7 reserve 0.0 link min5,val,26.78454466267258,1609.759403301285,2.551551490423523,7.583379995023445,0.8823065858023166,53.03329355355674,1.9849080519034112,0.748732491191888,148208042.0442554,19.004038841625846,4.193245085625282,56.69435176119268
rl,tau q4 a 0.7 reserve 0.0 link min5,test,26.889089874719716,1612.2951754251771,1.9844664157574767,7.643056249962997,0.8857633588974924,53.11736121178095,2.1122874039540704,0.7974617974617974,149436271.85081586,14.910860744194075,4.120992210444083,58.76346496552318
rl,tau q4 a 0.7 reserve 0.25 link now,train,27.19172346160988,1619.2233898140285,1.9981839942323343,7.498128247500756,0.8975037602513116,53.390462235199756,1.9891443167305236,0.7526211054679379,143322542.6095815,15.049452018176954,3.6845569522335944,57.23195476553643
rl,tau q4 a 0.7 reserve 0.25 link now,val,26.806351417153298,1610.2609578425654,2.5554102318439593,7.600438112894829,0.882982825581734,53.04900802506875,2.0180566297155624,0.7583247400532783,148518872.4312967,19.016928761708343,4.176732342217547,56.634784139461914
rl,tau q4 a 0.7 reserve 0.25 link now,test,26.915062689398635,1612.8213881338572,1.9921964557534364,7.662115296243479,0.8865671472715119,53.133786397832296,2.149151774151774,0.8078973495640164,149782703.25900024,14.94863161529828,4.102331701896086,58.697988014884245
rl,tau q4 a 0.7 reserve 0.25 link min5,train,27.158077065831822,1618.3634061094676,1.981994282249266,7.4751426342323954,0.8964609382938289,53.36351699997892,1.9436796459651309,0.7355653568564555,142903475.5867415,14.922480620155037,3.7075122855736464,57.30591958286735
rl,tau q4 a 0.7 reserve 0.25 link min5,val,26.775143076978054,1609.5430116462076,2.5410558787181956,7.577291485281408,0.8820074376321415,53.02633473292694,1.9726626278250408,0.7446077167654894,148093127.044771,18.923476841110247,4.199266423273234,56.708344393812254
rl,tau q4 a 0.7 reserve 0.25 link min5,test,26.879765052158586,1612.086790998974,1.9715559367803193,7.636536573674247,0.885467906808003,53.11069222016085,2.099261849261849,0.7933501683501684,149312520.84226885,14.800785634118967,4.126547820351325,58.77780941142025
rl,tau q4 a 0.7 reserve 0.5 link now,train,27.179062340790026,1618.8745879115545,1.9842915124072666,7.490325388626269,0.8971058614219606,53.379426281842285,1.9732988802756242,0.7459829516766165,143179573.85957408,14.917282960586888,3.6929421996200076,57.24884939443
rl,tau q4 a 0.7 reserve 0.5 link now,val,26.798118592631855,1610.0704537581996,2.5459938487002214,7.594729639214901,0.8827186076419418,53.042839936730786,2.006520151241729,0.7546511128297672,148408780.63882443,18.92347684111025,4.183741144528304,56.64803241324098
rl,tau q4 a 0.7 reserve 0.5 link now,test,26.90649673626811,1612.6350299719122,1.9803811525132295,7.65611999372344,0.8862949533301681,53.12776473028707,2.1371190537857205,0.8039691789691791,149667830.2856773,14.854744021410687,4.107314454084611,58.71043639910386
rl,tau q4 a 0.7 reserve 0.5 link min5,train,27.14854079807113,1618.1063922253288,1.9719338989212196,7.468433684470094,0.8961652147764579,53.35545856585386,1.930091478808399,0.7304419495678518,142779662.6028097,14.832635361905607,3.714048993198169,57.32207937740656
rl,tau q4 a 0.7 reserve 0.5 link min5,val,26.767838600811736,1609.3719584185963,2.5340440991593103,7.572592207656609,0.881775658770134,53.02082486835376,1.9632315029646816,0.7412885623442468,148003069.73893616,18.850433960642775,4.204230147764073,56.72004845207191
rl,tau q4 a 0.7 reserve 0.5 link min5,test,26.870371843203962,1611.885111158912,1.962755143271764,7.630899246068365,0.8851721470539003,53.10425992276561,2.088027713027713,0.7892924976258311,149206295.3657947,14.725243891910557,4.132704575861783,58.7914312600409
rl,tau q4 a 0.7 reserve 1.0 link now,train,27.161565880358445,1618.4167851974405,1.9684509531588719,7.47877072758943,0.8965505875063378,53.36475097008387,1.9498722860791822,0.7367162671894028,142963881.15887016,14.788826516974071,3.7046857713997317,57.27813490259274
rl,tau q4 a 0.7 reserve 1.0 link now,val,26.782135683421274,1609.6968649467858,2.531967064557624,7.584685048644682,0.8822110535499257,53.03086271258409,1.9862722351121422,0.7473683079831572,148215959.2028014,18.836469880553405,4.195350751918251,56.67325192166289
rl,tau q4 a 0.7 reserve 1.0 link now,test,26.887871166580666,1612.2170939566802,1.9613743687773708,7.644569197655373,0.8857070878001977,53.114518327746815,2.1139601139601143,0.7958862125528793,149449235.77251145,14.715531382198048,4.120540547204034,58.737665365626945
rl,tau q4 a 0.7 reserve 1.0 link min5,train,27.132283551111215,1617.6713143372288,1.9595626430465163,7.45779593565103,0.8956512443957182,53.341543728315266,1.908625144791945,0.7221182690308592,142580044.62514478,14.734622352906234,3.7236535191700644,57.35127278826509
rl,tau q4 a 0.7 reserve 1.0 link min5,val,26.753791606648814,1609.031849774375,2.5222646992362474,7.563304109320443,0.8813265257395108,53.009831788848736,1.9445626020452005,0.7345535791011429,147826228.7152187,18.76772364011343,4.214125233159924,56.744741669612466
rl,tau q4 a 0.7 reserve 1.0 link min5,test,26.85346964625519,1611.4927452442626,1.948718974393052,7.62005716792522,0.8846397774257163,53.091761898221755,2.0663688163688163,0.7812742812742812,149001042.0782181,14.611931278597945,4.144503813006442,58.819925645176546
rl,tau q4 a 0.7 reserve 2.0 link now,train,27.133123382355105,1617.6699169868475,1.9491811889478339,7.4588251685853,0.8956624465545098,53.34115037393594,1.9099988119635272,0.7223930024651758,142590289.63652024,14.655914936588552,3.7245241834433847,57.3379618739867
rl,tau q4 a 0.7 reserve 2.0 link now,val,26.755628163894027,1609.066721233818,2.511557822348125,7.566810789538705,0.8813668636035089,53.01057381089923,1.9505564148835612,0.7355310647073988,147877352.10965025,18.70005155968033,4.214271245801422,56.72286970990975
rl,tau q4 a 0.7 reserve 2.0 link now,test,26.854634249084583,1611.4579051450812,1.9364081244747546,7.623328081424363,0.8846621468516145,53.09041034893261,2.071721488388155,0.7813821980488648,149048378.23638088,14.508331174997839,4.143585151739042,58.79596056341716
rl,tau q4 a 0.7 reserve 2.0 link min5,train,27.103971053638176,1616.9591146271264,1.9447887379522384,7.43836466035042,0.8947689578490334,53.31907504274762,1.8699471323769639,0.7079806350054947,142218767.11271495,14.630669161543258,3.744744490700243,57.41291067408659
rl,tau q4 a 0.7 reserve 2.0 link min5,val,26.729214119709646,1608.448050755344,2.504159258322141,7.545414593000321,0.8805390536540043,52.990924274475994,1.9088467818166193,0.7231674830282719,147485754.506402,18.640972759302223,4.230123610661575,56.79637583582338
rl,tau q4 a 0.7 reserve 2.0 link min5,test,26.824033929871565,1610.814240560915,1.9289464626207007,7.599669583320717,0.8837135818068578,53.07024308362158,2.0259647759647756,0.7683026849693517,148619193.5022015,14.447897781231113,4.164289771158098,58.87957281619478
rl,tau q4 a 1.0 reserve 0.0 link now,train,27.261966560269038,1621.1235019049248,2.120913597925748,7.540710157444712,0.8997571694325996,53.45154735739248,2.0768288336451928,0.7909204312572397,144122358.39015117,16.538210223053845,3.6405107892180304,57.17718982272727
rl,tau q4 a 1.0 reserve 0.0 link now,val,26.863100510716716,1611.4705359015613,2.655330616431597,7.633258137352341,0.8847690034016947,53.08760429932832,2.084912348543439,0.7813547306006703,149145527.85675,20.04812236830798,4.152237840691468,56.59448461638307
rl,tau q4 a 1.0 reserve 0.0 link now,test,26.96832315348399,1613.9739540725698,2.083770061910103,7.692971334333899,0.888242048872162,53.170587905610724,2.211926961926962,0.8304627471294139,150372765.7845981,15.851895018561681,4.077427260053372,58.658555954430575
rl,tau q4 a 1.0 reserve 0.0 link min5,train,27.205799570092353,1619.6562923011934,2.0468948162127054,7.50312309856188,0.8979825700262716,53.4050416311834,2.0011063589652203,0.76102646351243,143426698.4040512,15.729602898808992,3.6782133743788084,57.25760998700726
rl,tau q4 a 1.0 reserve 0.0 link min5,val,26.807311712437308,1610.2734613435089,2.5907224638909265,7.598449464459389,0.8830309831550838,53.049761910752075,2.015553836899545,0.7587329208558907,148494804.32525563,19.485262524705675,4.183623280536039,56.67009151125076
rl,tau q4 a 1.0 reserve 0.0 link min5,test,26.909295812817753,1612.7535296900924,2.0220235492523244,7.65682618102183,0.8864105848554429,53.13209498721942,2.140237848571182,0.80663472330139,149699103.13468015,15.313390313390313,4.110593833601494,58.74230418879729
rl,tau q4 a 1.0 reserve 0.25 link now,train,27.228086897770165,1620.233745606651,2.0511890276894214,7.519940067310225,0.8986636868343272,53.422896150838184,2.034014969259556,0.7725578425257658,143730887.15245476,15.687279099468352,3.661375127652045,57.1971594926577
rl,tau q4 a 1.0 reserve 0.25 link now,val,26.829699408262677,1610.7835809753756,2.593038379293396,7.615520391545426,0.8837311005616632,53.06593401071828,2.0488742803127953,0.7685400017186561,148808352.27292255,19.450889404485686,4.162984596114184,56.610308747168034
rl,tau q4 a 1.0 reserve 0.25 link now,test,26.939159233670452,1613.378914316758,2.031395865478198,7.677463946485433,0.8873362930166521,53.151803680839244,2.180490805490806,0.8190559440559441,150079743.58508155,15.367348700682031,4.088676358875235,58.673597749534295
rl,tau q4 a 1.0 reserve 0.25 link min5,train,27.185731456925442,1619.1071400909905,2.015081827313416,7.491565790604423,0.89733817591456,53.387335946184024,1.9773233538269623,0.7498960468086371,143209979.56191155,15.300424723038994,3.6899755265483543,57.27365206042173
rl,tau q4 a 1.0 reserve 0.25 link min5,val,26.791074812260884,1609.9225728501506,2.5642084672019485,7.589002168566011,0.8825129772789422,53.03851569298796,1.9963371143765574,0.7519549712125119,148317202.0456303,19.150124602560798,4.189212338922117,56.683496053610845
rl,tau q4 a 1.0 reserve 0.25 link min5,test,26.896105802489373,1612.459142790795,1.9980316812594607,7.648448308276012,0.885987880102103,53.122644392237646,2.1231977898644567,0.8007532590865926,149541197.90157992,15.054390054390055,4.1161162655579195,58.75348940036483
rl,tau q4 a 1.0 reserve 0.5 link now,train,27.20808024520794,1619.6950366442582,2.0212014124127147,7.508760911723974,0.8980275843882563,53.40563864313931,2.0110264635124295,0.7618061124476522,143520864.5271318,15.310077519379844,3.6742549132657745,57.213149284214545
rl,tau q4 a 1.0 reserve 0.5 link now,val,26.816813876272313,1610.5054011520212,2.5704795260435005,7.607432966591339,0.8833200634057482,53.05694988498554,2.0323214746068574,0.7628576952822892,148655250.02260032,19.16731116267079,4.168778562249559,56.62156292836869
rl,tau q4 a 1.0 reserve 0.5 link now,test,26.925756916586977,1613.0742859896557,2.0095311178081787,7.669498750756353,0.8869088177505294,53.141943710867885,2.1641522058188722,0.8128615211948546,149926580.1331261,15.119140119140116,4.095129713588065,58.685009817199706
rl,tau q4 a 1.0 reserve 0.5 link min5,train,27.171754698311542,1618.7199786555982,1.9974467638309126,7.4835677786810795,0.8968904133847311,53.37483499509664,1.9608838991357034,0.7426490243250469,143059888.67854702,15.0769253616086,3.699639599853843,57.28818186136508
rl,tau q4 a 1.0 reserve 0.5 link min5,val,26.784492282209733,1609.758099514538,2.5517290836328,7.583437355725029,0.8823045876547813,53.03324611013948,1.9850476927043055,0.7487647159920943,148209789.96012717,19.009409641660216,4.193352406316915,56.6942782918648
rl,tau q4 a 1.0 reserve 0.5 link min5,test,26.889444373095497,1612.303472146444,1.9850978015464362,7.643227326913554,0.8857753564271341,53.1176203357193,2.1126543209876543,0.797634464301131,149439958.56634724,14.916256582923246,4.120906058301399,58.763277599153234
rl,tau q4 a 1.0 reserve 1.0 link now,train,27.186282041822196,1619.0741530008095,1.9924154218873404,7.494947209059872,0.8973341660095457,53.38578873707184,1.9826769431821554,0.7497475422495471,143264401.3064243,14.99153524013187,3.6890007300796333,57.23862439736817
rl,tau q4 a 1.0 reserve 1.0 link now,val,26.803223813180864,1610.1888719625265,2.5512793236029747,7.598158880472023,0.8828807159842811,53.04662613224994,2.0134807080862767,0.7569068488442039,148475088.168772,18.97503652144023,4.179802936713666,56.63972832580236
rl,tau q4 a 1.0 reserve 1.0 link now,test,26.911964963676578,1612.747829573953,1.9875784841225068,7.659841951219196,0.8864675252535326,53.13139852496806,2.1445868945868947,0.8064728481395149,149738458.328067,14.90438573771907,4.10395522461357,58.70267362756519
rl,tau q4 a 1.0 reserve 1.0 link min5,train,27.154170033747693,1618.2572316442172,1.9779883683319328,7.4724196630276625,0.896341544624929,53.36021547606948,1.9381998277347112,0.733486293029196,142853660.77834207,14.883869434791645,3.7108518628555425,57.3125261145181
rl,tau q4 a 1.0 reserve 1.0 link min5,val,26.772365613631443,1609.4769906859574,2.538169337212523,7.575417691137853,0.8819197213144997,53.0242042737806,1.968946034201255,0.7433724327575837,148057960.06986335,18.88265876084901,4.2012142347670665,56.713082298382446
rl,tau q4 a 1.0 reserve 1.0 link min5,test,26.875527202247653,1612.0004177025062,1.9676686078374028,7.634138645329736,0.8853359745117733,53.10797103219136,2.0945243028576366,0.7915479582146249,149268008.57334027,14.764093930760597,4.128719286245127,58.78357976640188
rl,tau q4 a 1.0 reserve 2.0 link now,train,27.16016198925471,1618.3800857800197,1.9674835845478331,7.47794507285816,0.8965095309219485,53.36363637653658,1.9482758620689655,0.7360776975853159,142949423.74546316,14.78362885740592,3.705903294457228,57.28055705185321
rl,tau q4 a 1.0 reserve 2.0 link now,val,26.780861919077406,1609.6685220150252,2.5308656912061154,7.583767618236516,0.8821704443709416,53.02992944193972,1.9844354215003868,0.7468204863796511,148198645.28452352,18.824654120477785,4.196165652556719,56.675693999900716
rl,tau q4 a 1.0 reserve 2.0 link now,test,26.886311491338223,1612.1827730031912,1.9600206474728625,7.643501183367285,0.8856590668729973,53.11342131881953,2.111823361823362,0.7951739618406285,149429210.94491926,14.707977207977207,4.121824631043695,58.740299967539556
rl,tau q4 a 1.0 reserve 2.0 link min5,train,27.130426183723092,1617.6361964453163,1.9586944255932943,7.4567958874490055,0.8955956530819723,53.34047567725892,1.9066426089280941,0.7213460453235915,142561941.28438625,14.727197124951735,3.724701650666338,57.35426727836923
rl,tau q4 a 1.0 reserve 2.0 link min5,val,26.75273727147968,1609.0116657330511,2.521464902458785,7.56252496248033,0.8812919394662432,53.009164563545355,1.9430050700352326,0.7340379822978431,147811390.04331014,18.759130360058432,4.214490790757359,56.7468798445802
rl,tau q4 a 1.0 reserve 2.0 link min5,test,26.85257824008141,1611.4736518259144,1.9478417441186313,7.619188027931494,0.8846104645151841,53.09112517040581,2.0646205646205646,0.7808210308210308,148984580.6889407,14.607614607614607,4.145113685959716,58.82227818528206
rl,tau q5 a 0.5 reserve 0.0 link now,train,26.697570446920448,1606.9355204251092,1.958818803531679,7.036457821060426,0.8808565425620773,52.979092328693035,0.9951290504618493,0.47095250824200297,134089898.88134485,14.742047580860728,4.193035515579731,58.430646578957514
rl,tau q5 a 0.5 reserve 0.0 link now,val,26.259496493241265,1597.528615542571,2.512502233952306,7.152784176565202,0.8642034890804724,52.612625513319045,1.0583913379737047,0.45526123571367194,139781026.1606084,18.71186731975595,4.512746673799702,57.725258219171394
rl,tau q5 a 0.5 reserve 0.0 link now,test,26.33237009779716,1599.2984006934282,1.9479589054746353,7.185741245220327,0.8665585962442668,52.670280978167305,1.1278705862039196,0.48533411033411034,140481117.4442718,14.58171458171458,4.459888131902403,59.85575642216749
rl,tau q5 a 0.5 reserve 0.0 link min5,train,26.678143849827283,1606.4374581648378,1.9518415176110535,7.025712513871904,0.8802538992370753,52.96347313523198,0.9737592444088035,0.4613219875850188,133890004.42894056,14.690813507974694,4.204292962611897,58.46589824560032
rl,tau q5 a 0.5 reserve 0.0 link min5,val,26.23657338122746,1597.0054850572133,2.505616710617923,7.141649630660421,0.8634943734191736,52.59624277297568,1.0363817994328435,0.44613087565523757,139560332.6832517,18.664604279453464,4.529729391942281,57.763053207126944
rl,tau q5 a 0.5 reserve 0.0 link min5,test,26.305955036688303,1598.7345480482359,1.9375728435452155,7.173060291116875,0.8657466756748886,52.652735502535094,1.1030065613398947,0.4755352672019339,140231032.38297507,14.505093671760338,4.480496873463386,59.89821843839356
rl,tau q5 a 0.5 reserve 0.25 link now,train,26.68813960283681,1606.6857124869914,1.9518552252205636,7.0317862121549926,0.8805564193161999,52.971058973577854,0.9856024829962282,0.46601473165226165,134001683.08818202,14.685615848406545,4.197390911863952,58.44167829717307
rl,tau q5 a 0.5 reserve 0.25 link now,val,26.25171581766953,1597.3580602676625,2.5067894219239997,7.148926327780248,0.8639596888644676,52.60721355068254,1.050592936323795,0.4520494972931168,139702796.3636676,18.66782675947409,4.518966698129392,57.73536741026133
rl,tau q5 a 0.5 reserve 0.25 link now,test,26.32353540566738,1599.0881054220526,1.939746888677341,7.181493485771772,0.866282739200197,52.66365332399404,1.1193883277216612,0.48174048174048173,140397201.0268497,14.52343952343952,4.466090731830225,59.865770006221794
rl,tau q5 a 0.5 reserve 0.25 link min5,train,26.66976957479213,1606.2054941377369,1.9459681756871594,7.021368034731807,0.8799864244412019,52.95597428812791,0.9648935222311326,0.4568668508123199,133808167.10125042,14.649232231429504,4.208264417601826,58.476645463363276
rl,tau q5 a 0.5 reserve 0.25 link min5,val,26.229099086877927,1596.8419946064637,2.500940680881508,7.138113416068863,0.8632623203407029,52.59109582286143,1.029292343387471,0.44310174443585115,139490337.08515942,18.630231159233478,4.534768552957047,57.77275986056478
rl,tau q5 a 0.5 reserve 0.25 link min5,test,26.297244613900723,1598.5362426738357,1.9315426189879303,7.169071868454206,0.8654779405679024,52.64651310017644,1.0950746784080116,0.4719308469308469,140152802.67590436,14.464085297418631,4.486474497922669,59.9088983159068
rl,tau q5 a 0.5 reserve 0.5 link now,train,26.681462255391338,1606.5042953411064,1.9468981009361865,7.02811255846699,0.8803407829592866,52.96516028092155,0.9781104279901394,0.46256200065342,133931590.2668924,14.651459799815854,4.201058377724118,58.45098362516099
rl,tau q5 a 0.5 reserve 0.5 link now,val,26.243866219406385,1597.1738651458802,2.502121500784643,7.14541330110934,0.8637132318103403,52.601361277777315,1.0435357050786285,0.4488162756724241,139631668.0238893,18.634527799260972,4.525078421273266,57.74512757049225
rl,tau q5 a 0.5 reserve 0.5 link now,test,26.313777420339623,1598.8656556247654,1.9324637739489596,7.177045179228129,0.8659798312527204,52.65664047231837,1.1104744021410689,0.4778770612103946,140308902.00259,14.465164465164463,4.472710357225063,59.877056556217575
rl,tau q5 a 0.5 reserve 0.5 link min5,train,26.663093121389274,1606.0255028121437,1.9420324944896021,7.017954008118989,0.8797727018154299,52.950164340352515,0.9579509340936768,0.45346609640915975,133743177.15815735,14.621016365202411,4.211491532875097,58.485952427113524
rl,tau q5 a 0.5 reserve 0.5 link min5,val,26.22239944949214,1596.6802492628474,2.4968256681899024,7.134912656668417,0.8630501223824368,52.5859024893887,1.0228473833462233,0.44016928761708346,139424795.48577812,18.602302999054736,4.540848637435248,57.78184643885355
rl,tau q5 a 0.5 reserve 0.5 link min5,test,26.288775532880766,1598.3349378148928,1.9264057441689804,7.165318084971775,0.8652133077750905,52.64015016042347,1.0875636708970042,0.4682508849175516,140078096.0609514,14.431710265043597,4.492245733520938,59.91924657162365
rl,tau q5 a 0.5 reserve 1.0 link now,train,26.668569960888618,1606.152932861312,1.9388264715306798,7.020858348437029,0.8799340762922228,52.953969984757066,0.963423327096142,0.4560872018770976,133792856.08880574,14.602453295316165,4.208291575206067,58.471585319635864
rl,tau q5 a 0.5 reserve 1.0 link now,val,26.23033799507648,1596.8637939494213,2.493641868578497,7.138770447073449,0.8632898787164418,52.591554009520785,1.0302483457935894,0.44332731803729486,139498995.9459483,18.58404227893787,4.535320902236374,57.76451797205316
rl,tau q5 a 0.5 reserve 1.0 link now,test,26.296542765541098,1598.468615604993,1.921980938293435,7.169096635054469,0.8654466411981525,52.644186965058104,1.0946538029871362,0.4708840542173876,140150362.13597512,14.392860226193559,4.485678763239381,59.89979775944534
rl,tau q5 a 0.5 reserve 1.0 link min5,train,26.650715534398955,1605.703004106123,1.9358839833131645,7.011250436241989,0.8793852417282434,52.93996469423466,0.9444741453562626,0.44765214292078764,133615453.4068134,14.584632748225369,4.219112427040181,58.506489735496196
rl,tau q5 a 0.5 reserve 1.0 link min5,val,26.210042021272123,1596.3909231318592,2.4898266736412458,7.128548486328712,0.8626575945952577,52.57660635131144,1.0100326544642089,0.43494886998367277,139294933.0194208,18.55611411875913,4.550246517667707,57.800711303423014
rl,tau q5 a 0.5 reserve 1.0 link min5,test,26.273153331784115,1597.9798634409458,1.9173096286244478,7.157586521921537,0.8647273894698811,52.62893170475796,1.0721747388414058,0.4618082534749201,139924114.17888284,14.345376845376842,4.502444985045282,59.942456334100875
rl,tau q5 a 0.5 reserve 2.0 link now,train,26.647660757198793,1605.5845009423115,1.9309684836481085,7.009166509380244,0.8792824874522589,52.93604728387615,0.9400338590394726,0.4454245745344382,133570805.30773115,14.54453651727108,4.22220928493114,58.51009922146541
rl,tau q5 a 0.5 reserve 2.0 link now,val,26.20698676573446,1596.298353644076,2.4828861577569286,7.126549529996341,0.8625510770239275,52.573480234765654,1.005800464037123,0.43353097877459823,139251294.0516456,18.504554438429142,4.552598976433804,57.80292453132059
rl,tau q5 a 0.5 reserve 2.0 link now,test,26.268990551280314,1597.8598883812024,1.909378228821849,7.1549510450828135,0.8645881791263165,52.62498632694989,1.0665846499179832,0.45982258482258487,139868092.01959768,14.263360096693427,4.505700584590586,59.945722026854455
rl,tau q5 a 0.5 reserve 2.0 link min5,train,26.62934591509954,1605.1243795957291,1.9296358087963346,6.999446369996438,0.8787197962479668,52.921739757481866,0.9208247943211857,0.43672963259972075,133389587.92551012,14.53711128931658,4.233957760621153,58.54644354762005
rl,tau q5 a 0.5 reserve 2.0 link min5,val,26.18486655068203,1595.8337256403377,2.4804880119732595,7.115906786083033,0.8618715395447875,52.55894334999139,0.9849402767036178,0.4244650683165765,139042203.10543954,18.49166451834665,4.568348670664918,57.84275595427823
rl,tau q5 a 0.5 reserve 2.0 link min5,test,26.24702569241129,1597.3803502992928,1.9074471693925559,7.143701849051628,0.8639139704122373,52.61002426359745,1.0446451696451697,0.450671242337909,139648995.34403867,14.248251748251745,4.522583134755892,59.988500754579185
rl,tau q5 a 0.7 reserve 0.0 link now,train,26.71872920153357,1607.5350527799171,1.9804950070057925,7.046639958254948,0.8815303283350162,52.998300877815545,1.0162315483085331,0.4820012474382963,134281266.79616264,14.972229647450174,4.18465836151031,58.413106353332886
rl,tau q5 a 0.7 reserve 0.0 link now,val,26.272424719212147,1597.843709540392,2.527764285374577,7.15982826264197,0.8646128069944476,52.622700923379874,1.0726884076652057,0.4604709117470139,139923012.65222996,18.86976884076652,4.501426853939082,57.71058466310883
rl,tau q5 a 0.7 reserve 0.0 link now,test,26.346136270676045,1599.6419827847944,1.9663434046007302,7.193302464119975,0.8669930274127344,52.68124483793594,1.1432163515496847,0.4912479495812829,140633893.26245362,14.768410601743936,4.449506473525317,59.84144326032806
rl,tau q5 a 0.7 reserve 0.0 link min5,train,26.694086383496106,1606.8743545926102,1.9666564299502864,7.03360302972203,0.8807598779154873,52.977395173252624,0.989968517033473,0.4696382428940568,134039755.43788053,14.848228340610056,4.197464310239841,58.44962748232754
rl,tau q5 a 0.7 reserve 0.0 link min5,val,26.247707878334648,1597.280578670142,2.5154416755785323,7.147128026147479,0.8638469058642033,52.605033845827656,1.0474886139039272,0.45080347168514223,139671342.13921115,18.759130360058432,4.521932889320971,57.74989682328361
rl,tau q5 a 0.7 reserve 0.0 link min5,test,26.318967297010623,1599.0425904358888,1.950954875252114,7.179520749367099,0.8661535980828784,52.662488755865866,1.1159457826124493,0.4809203142536476,140360395.27454028,14.634593801260465,4.471251196364052,59.883506448135094
rl,tau q5 a 0.7 reserve 0.25 link now,train,26.7056584480099,1607.1726248187929,1.9665038471962273,7.0403030942498,0.8811155799524791,52.986680304344134,1.0030443434613443,0.4751626124922035,134162798.83002168,14.819269951587513,4.189541578440776,58.42307984681502
rl,tau q5 a 0.7 reserve 0.25 link now,val,26.26495265790668,1597.6583826656845,2.517959540725537,7.155587442877076,0.8643751985582196,52.616730013407754,1.064041419609865,0.4574847469279023,139837540.31941223,18.756982040044683,4.507326694180696,57.718667372705475
rl,tau q5 a 0.7 reserve 0.25 link now,test,26.33762516315445,1599.4292468399963,1.9547676522272142,7.1886328874012575,0.8667244220018264,52.67445580201169,1.1337088837088838,0.48760036260036255,140540290.46326512,14.65509798843132,4.4558856050842985,59.84984666117057
rl,tau q5 a 0.7 reserve 0.25 link min5,train,26.6842764433722,1606.6124946736306,1.9573077241198966,7.028792670154136,0.8804500981265619,52.969088041880354,0.9800484124862634,0.46464106448067954,133949573.28741573,14.74576019483798,4.2015650783908685,58.45904824525651
rl,tau q5 a 0.7 reserve 0.25 link min5,val,26.240976227697363,1597.1131512693905,2.5091010172373167,7.143767564583657,0.8636315352805934,52.59963776492028,1.0406569562602046,0.44796768926699326,139603550.98221192,18.700051559680325,4.526305325058195,57.75760725267958
rl,tau q5 a 0.7 reserve 0.25 link min5,test,26.311556223412648,1598.8692753109185,1.9425008469450085,7.175714422732945,0.8659200118028986,52.65695542021514,1.1083160666494,0.4778446861780195,140284957.298023,14.551497884831216,4.475963900969476,59.89177709704162
rl,tau q5 a 0.7 reserve 0.5 link now,train,26.69657528574667,1606.9162033794244,1.9580741266417294,7.035919321726336,0.8808274741252886,52.97852810165708,0.9940598176364016,0.4704401675131426,134080739.36386587,14.738334966883484,4.193430830271031,58.43190620471057
rl,tau q5 a 0.7 reserve 0.5 link now,val,26.2587393861036,1597.5134273843428,2.511845273597322,7.152357958103208,0.8641787942310346,52.612117466439884,1.0575320099682048,0.45494972931167826,139772303.6588468,18.705422359714703,4.513014991004456,57.72630818417586
rl,tau q5 a 0.7 reserve 0.5 link now,test,26.331396775031916,1599.2815391392235,1.946824663789332,7.1851649741967565,0.8665278811585403,52.669729850811066,1.126715876715877,0.48499956833290175,140469809.68954504,14.576318742985407,4.460307521117267,59.857072096718134
rl,tau q5 a 0.7 reserve 0.5 link min5,train,26.67749278032793,1606.4223715348637,1.9510289516639636,7.0252200038874895,0.8802350410958628,52.96303331045964,0.9727716890908552,0.4608987495916124,133881981.3225816,14.685615848406545,4.204771654125758,58.46694103708484
rl,tau q5 a 0.7 reserve 0.5 link min5,val,26.235727349659882,1596.9901560524295,2.5050913893669873,7.141243636516675,0.8634673148490118,52.59574169835426,1.0355761794276876,0.445776402852969,139552631.57231244,18.66138179943284,4.530240848046101,57.76412630322716
rl,tau q5 a 0.7 reserve 0.5 link min5,test,26.304747841350782,1598.7156667163024,1.9369939886874608,7.172572363980523,0.8657087242670507,52.65212430413552,1.1020353103686438,0.4751143917810584,140222120.3753777,14.502935336268667,4.481109852116792,59.8994554498888
rl,tau q5 a 0.7 reserve 1.0 link now,train,26.68465368075912,1606.5963223659346,1.9489227187629683,7.029774025120282,0.8804457298526422,52.96818929908281,0.9815186076212542,0.4641287237518191,133964187.44940448,14.6640826873385,4.199339746636683,58.44663638034195
rl,tau q5 a 0.7 reserve 1.0 link now,val,26.24753924041095,1597.2664535222548,2.5041337005009106,7.146970674357449,0.8638293958588292,52.60431464191371,1.0466722522987024,0.4503308412821174,139663268.53338492,18.650640199364094,4.521859538691045,57.74067245838286
rl,tau q5 a 0.7 reserve 1.0 link now,test,26.317900760099235,1598.9637889252829,1.936126831242351,7.179028011340243,0.8661067445705841,52.65970835270532,1.1144457394457394,0.47952818786152124,140349727.00034535,14.495381162047828,4.470172770499549,59.87195592269526
rl,tau q5 a 0.7 reserve 1.0 link min5,train,26.666142452536384,1606.108427849236,1.9439171116364828,7.019592511869705,0.8798709946676889,52.95284503862695,0.961292286673201,0.45506252041937684,133774619.58377142,14.632154207134157,4.209610659667522,58.48159015653981
rl,tau q5 a 0.7 reserve 1.0 link min5,val,26.225615033974226,1596.7594257573903,2.4985030013563763,7.136389952691954,0.8631524256237921,52.588438509419795,1.025822806565266,0.4415979204262267,139454657.89456046,18.61626707914411,4.53794843408433,57.77756336849044
rl,tau q5 a 0.7 reserve 1.0 link min5,test,26.29316711127224,1598.4325104073584,1.9288166285865724,7.167096144306265,0.8653506032204012,52.64322765447771,1.091124924458258,0.46996676163342826,140113213.8170595,14.443581110247775,4.488886314341496,59.91440911063799
rl,tau q5 a 0.7 reserve 2.0 link now,train,26.665966713932203,1606.084238682084,1.9379090377975656,7.019614445507846,0.8798529608826514,52.951794972196154,0.9609284505034306,0.4549437167721049,133769410.55421902,14.596513112952566,4.2102710059101325,58.47555841114783
rl,tau q5 a 0.7 reserve 2.0 link now,val,26.22728904395183,1596.7940589950178,2.4922234313958946,7.13750347837728,0.8631921643394584,52.589313234440084,1.0277025865772964,0.4421994500300765,139472828.56646904,18.571152358855375,4.538026136878102,57.76828397800248
rl,tau q5 a 0.7 reserve 2.0 link now,test,26.29327687027457,1598.4000341068438,1.9203940428396689,7.167538153996447,0.8653443666568371,52.642012880794574,1.0915350082016748,0.4696322196322196,140118687.74125874,14.37559354226021,4.487930622166106,59.90450670911376
rl,tau q5 a 0.7 reserve 2.0 link min5,train,26.648416724100972,1605.6406601147476,1.9350372449305167,7.0099475520815435,0.879314073954429,52.93800276207799,0.9418678903442336,0.4465160830437494,133590823.67061691,14.57943508865722,4.220327614094294,58.51070942452497
rl,tau q5 a 0.7 reserve 2.0 link min5,val,26.207620257778526,1596.3342006398996,2.4886022172104605,7.127291214078079,0.8625799191418877,52.574756207853525,1.007529861648191,0.4339176763770731,139269690.8634528,18.54966915871788,4.551828380566708,57.8046263568324
rl,tau q5 a 0.7 reserve 2.0 link min5,test,26.270487817880145,1597.916243276788,1.9157433597224183,7.156144768209371,0.8646424422919988,52.62689642260168,1.0693041526374858,0.4607182940516274,139894914.7463524,14.329189329189328,4.50429910199104,59.9470571188234
rl,tau q5 a 1.0 reserve 0.0 link now,train,26.76177236764634,1608.670077417207,2.0493075482445113,7.068316437077565,0.8829084097043155,53.03494643886882,1.0611690278891563,0.5038833942202026,134696266.34666905,15.77044165255873,4.165160985804019,58.39143754724457
rl,tau q5 a 1.0 reserve 0.0 link now,val,26.312313016129927,1598.6820168455458,2.586569671177091,7.176545001267655,0.8658526392501841,52.649135125964506,1.1070830110853314,0.47487539743920254,140255857.82031453,19.509968204863792,4.486853764228953,57.693499555273576
rl,tau q5 a 1.0 reserve 0.0 link now,test,26.382170485093287,1600.4106458803342,2.016577852429023,7.208237937305871,0.8681166774151686,52.70559917916248,1.1739618406285075,0.5048562548562548,140934374.99568334,15.284252784252784,4.435272524411982,59.82448355089913
rl,tau q5 a 1.0 reserve 0.0 link min5,train,26.720102524261073,1607.5940199132099,1.9982629104139478,7.045796080578744,0.881592907032359,53.00072901259694,1.015333095726039,0.48307790549169854,134269709.58181116,15.243250467789359,4.188804271523618,58.43291631393473
rl,tau q5 a 1.0 reserve 0.0 link min5,val,26.267337528512016,1597.7118947681095,2.5428578908565016,7.156502618502784,0.8644620963826652,52.61870563884658,1.066673111626708,0.4583655581335395,139859538.7649738,19.127567242416426,4.513447737617164,57.735412523322545
rl,tau q5 a 1.0 reserve 0.0 link min5,test,26.335926256215853,1599.4372105573639,1.9760544947399352,7.187854153626913,0.8666914791119462,52.67509882488111,1.1329534662867995,0.48776223776223776,140527103.78623846,14.930285763619095,4.461603013538903,59.87081168787293
rl,tau q5 a 1.0 reserve 0.25 link now,train,26.733613460829037,1607.9540377843646,2.0004799096578596,7.0539061646306624,0.8820033103837704,53.011810338193584,1.03129733582821,0.4898571386141554,134419767.01416734,15.219489738334966,4.178505425343002,58.403680003116726
rl,tau q5 a 1.0 reserve 0.25 link now,val,26.282685949688474,1598.0618341258948,2.543749185132216,7.164922567275522,0.8649381435497939,52.62970219066836,1.0831722093323022,0.4644023373721749,140023876.2986165,19.094268282203313,4.496372357596739,57.7038305072197
rl,tau q5 a 1.0 reserve 0.25 link now,test,26.356330413107777,1599.8803774299536,1.9813624290201164,7.198239088538032,0.8673180790539246,52.68891866852969,1.1534252784252783,0.4955430372097039,140734548.19045153,14.950789950789948,4.444177144664281,59.83445432421236
rl,tau q5 a 1.0 reserve 0.25 link min5,train,26.7038971794667,1607.1669217609322,1.9773340363406573,7.038342171257129,0.8810755868410701,52.986872913824214,0.9998589206688646,0.47479135109447856,134128903.26514004,14.963319373904776,4.194387980913558,58.441884943196385
rl,tau q5 a 1.0 reserve 0.25 link min5,val,26.25314529308112,1597.4047937405635,2.524433936754611,7.150670811158057,0.8640160576388827,52.608960210627394,1.0546854859499872,0.4530592076995789,139741888.91337973,18.878362120821514,4.518200877651476,57.74328863122102
rl,tau q5 a 1.0 reserve 0.25 link min5,test,26.324130809268517,1599.1707170287468,1.9597553592195773,7.182748902004878,0.8663161993120987,52.66654444297984,1.122485539152206,0.4831541914875248,140424612.00276265,14.742510575843909,4.466884978690313,59.877548545891536
rl,tau q5 a 1.0 reserve 0.5 link now,train,26.717913241886492,1607.5312714338118,1.9802701293452627,7.046549716509612,0.8815059791457717,52.99820424581748,1.0160756185214888,0.4817413644598889,134280866.65650895,14.970002079063825,4.185030049370585,58.41308618940757
rl,tau q5 a 1.0 reserve 0.5 link now,val,26.272121245444588,1597.8351093113235,2.52782426601636,7.159758196631875,0.8646028272591728,52.622408783339544,1.0725380252642434,0.4602668213457077,139921890.12511817,18.871917160780267,4.501432749921917,57.71082842536043
rl,tau q5 a 1.0 reserve 0.5 link now,test,26.346069281070108,1599.6406787456895,1.9667213134563009,7.193316709119004,0.8669905165462009,52.68119370106061,1.1432271432271432,0.4912155745489078,140634113.7742381,14.778123111456443,4.449245456357604,59.841482930561334
rl,tau q5 a 1.0 reserve 0.5 link min5,train,26.69375157601173,1606.879675286508,1.9666030106360406,7.03355396794278,0.8807497145124912,52.977594132939565,0.9898794142980191,0.46966794380587473,134039300.8337046,14.847485817814604,4.1977349888471664,58.44975518901465
rl,tau q5 a 1.0 reserve 0.5 link min5,val,26.247858772046296,1597.2852104614878,2.515715090647709,7.147129753358288,0.8638517105450086,52.60517926844456,1.047499355503996,0.45083569648534844,139671530.26020452,18.762352840079057,4.521903692198023,57.750117787695466
rl,tau q5 a 1.0 reserve 0.5 link min5,test,26.3189594000369,1599.0428368463522,1.9509905858221912,7.179458753208888,0.8661532834518704,52.662488571491004,1.1158270741604075,0.48084477251143914,140359466.23137355,14.6356729690063,4.470981898505021,59.88371404926635
rl,tau q5 a 1.0 reserve 1.0 link now,train,26.70114148503819,1607.044411007204,1.9626108010426624,7.0382868399444565,0.8809721369929927,52.98261447065278,0.9988639401229619,0.47287564228221796,134125639.86771213,14.785113902996821,4.191738639631858,58.42680527027804
rl,tau q5 a 1.0 reserve 1.0 link now,val,26.26242865015915,1597.5982814637075,2.515083259946071,7.154181289995612,0.8642934844722764,52.61478944916833,1.0611948955916473,0.4564642949213714,139808947.0251783,18.727979719859068,4.509882934707183,57.7217562902496
rl,tau q5 a 1.0 reserve 1.0 link now,test,26.335075265104756,1599.3599033902967,1.951273644717076,7.187121439042509,0.8666420325016772,52.67220619560165,1.130644047310714,0.4864348614348614,140509208.03600106,14.611931278597945,4.457810417876393,59.85285865142636
rl,tau q5 a 1.0 reserve 1.0 link min5,train,26.681121470166726,1606.5253356593123,1.9543019725633886,7.027206165822253,0.8803525133546097,52.96636464561462,0.9768332887819657,0.4629481125070539,133919664.80596393,14.714574237429087,4.20326315210863,58.46239955674745
rl,tau q5 a 1.0 reserve 1.0 link min5,val,26.238968531117475,1597.0647081354923,2.507120096614406,7.142685310606513,0.8635678550064593,52.598080309682075,1.0384871530463178,0.4470653948612186,139581847.14471087,18.67964251954971,4.527487558829593,57.76026933558352
rl,tau q5 a 1.0 reserve 1.0 link min5,test,26.30851667832396,1598.7996246878995,1.9398033130042809,7.174229984515244,0.8658261093423786,52.65477895845853,1.1053591470258137,0.47657126823793494,140255480.48864716,14.52343952343952,4.478158691084615,59.895349055802264
rl,tau q5 a 1.0 reserve 2.0 link now,train,26.683891279581854,1606.5734820232688,1.9482091082529844,7.0292776470898355,0.8804220318389392,52.967454976912,0.9805162018473967,0.46372033621432174,133955317.18625443,14.66037007336125,4.200077368671546,58.44778445276236
rl,tau q5 a 1.0 reserve 2.0 link now,val,26.246351510437208,1597.2376108894562,2.50373890265834,7.146457918130666,0.8637913762418213,52.603373398443985,1.0456410586921028,0.4498582108790926,139652807.19128639,18.649566039357218,4.522775989757266,57.74223622638237
rl,tau q5 a 1.0 reserve 2.0 link now,test,26.316627697088283,1598.9367812829855,1.935027083359936,7.178352456732412,0.8660673770274799,52.65885006783667,1.1130859880859882,0.479020979020979,140335572.55572826,14.487826987826985,4.47107999738008,59.87378310153586
rl,tau q5 a 1.0 reserve 2.0 link min5,train,26.665127691044393,1606.0842335612033,1.943274559270992,7.019102667924875,0.8798393149148009,52.95207839866488,0.9602898808993438,0.45460215628619793,133765536.05975823,14.62844159315691,4.210283528508914,58.48275584917579
rl,tau q5 a 1.0 reserve 2.0 link min5,val,26.22464653184738,1596.7396723844504,2.4978398709198517,7.135905291417946,0.8631202486956895,52.58778076986971,1.0248345793589415,0.4411789980235455,139444920.06908998,18.606599639082237,4.538531324701418,57.77876416149155
rl,tau q5 a 1.0 reserve 2.0 link min5,test,26.291812579374785,1598.4055368969102,1.9279070688386515,7.166511045830799,0.865306439914933,52.642341829684995,1.0899378399378399,0.4693840110506777,140101560.0766641,14.440343607010272,4.489889713318792,59.91576910144683
rl,tau q6 a 0.5 reserve 0.0 link now,train,26.338982111575543,1597.0401885042372,1.9367464034978712,6.758967099453353,0.8691159613954447,52.65175272973802,0.4063233241260507,0.250059401823636,128592674.14321782,14.600225726929814,4.5099875473356015,59.21101945055287
rl,tau q6 a 0.5 reserve 0.0 link now,val,25.738127002183525,1584.409340753957,2.4807166757558403,6.841120229157964,0.8473720524036359,52.18729360787079,0.4077511386096073,0.19607716765489386,133100624.56999226,18.490590358339773,5.057260504114992,58.66652266930103
rl,tau q6 a 0.5 reserve 0.0 link now,test,25.776974711178585,1585.350394223616,1.913580511332803,6.853787647106082,0.8486337346159635,52.21815675902283,0.43495855995856003,0.20966070966070965,133366824.73141672,14.291418458085124,5.039338561359171,60.856719096245186
rl,tau q6 a 0.5 reserve 0.0 link min5,train,26.32907150651557,1596.7714364686067,1.9338951490271863,6.755192686553866,0.8688016930414437,52.64314368695136,0.39864563842109957,0.24527755502093915,128518459.6642609,14.578692565861768,4.515062494688825,59.22294370587012
rl,tau q6 a 0.5 reserve 0.0 link min5,val,25.727528543434445,1584.171173064268,2.4788715878770446,6.8380577244423,0.8470372068371299,52.179658752067354,0.4013276617684971,0.1925754060324826,133038300.63590273,18.481997078284778,5.060801527934823,58.674437303549
rl,tau q6 a 0.5 reserve 0.0 link min5,test,25.76401441834652,1585.0831236821869,1.9108398928288957,6.85045320270246,0.8482313812093256,52.20972000201049,0.42808426141759487,0.20573253906587238,133301170.99369769,14.27415177415177,5.044411241397899,60.865561692477215
rl,tau q6 a 0.5 reserve 0.25 link now,train,26.3333890395825,1596.8753346868584,1.9334940126783673,6.75695094291785,0.8689354173463671,52.64638123196474,0.40212807033175924,0.24713386200956372,128554771.03697763,14.57497995188452,4.511890664545781,59.2152916665925
rl,tau q6 a 0.5 reserve 0.25 link now,val,25.73434958586877,1584.3308639954564,2.479384358809751,6.83998535828134,0.8472509467795927,52.18472635986677,0.40533427859413934,0.19483114204691931,133076773.37337801,18.4809229182779,5.05890941571907,58.66896329646416
rl,tau q6 a 0.5 reserve 0.25 link now,test,25.772382856269747,1585.241258563926,1.9111403740875028,6.852514261501612,0.8484865900222244,52.21462306475426,0.43228222394889065,0.2081174997841664,133341332.17197615,14.273072606405938,5.041264598434512,60.85904755424052
rl,tau q6 a 0.5 reserve 0.25 link min5,train,26.324460300106413,1596.6293864278769,1.931528094716186,6.753376363262478,0.8686524762866189,52.638490978134136,0.3948439217083965,0.24276040274436428,128483774.02780005,14.557901927589176,4.516079887165275,59.22716395515203
rl,tau q6 a 0.5 reserve 0.25 link min5,val,25.723160728660947,1584.074629096962,2.477749954314585,6.836968299792084,0.846898371531328,52.17655340758924,0.3990397009538541,0.19114677322333934,133016219.42897655,18.47125547821603,5.0620755599774965,58.67697219501491
rl,tau q6 a 0.5 reserve 0.25 link min5,test,25.758987215781882,1584.9717636246744,1.9085287623216172,6.849154425034248,0.8480723339311969,52.20613395510825,0.4253755503755504,0.20409220409220405,133275132.47466116,14.253647586980918,5.046689153875486,60.868060819240796
rl,tau q6 a 0.5 reserve 0.5 link now,train,26.329890987648458,1596.7718521536965,1.931888722461668,6.755548554156543,0.8688211212007808,52.64295370597204,0.3991802548338234,0.2451216252338947,128527409.0650153,14.563099587157325,4.5137819883611074,59.21871140845951
rl,tau q6 a 0.5 reserve 0.5 link now,val,25.730796986001096,1584.2436858476035,2.478126335064894,6.838909226936978,0.8471361761135356,52.18188651647235,0.4030355761794277,0.193531408438601,133054456.877288,18.47125547821603,5.060199353717533,58.67119441547476
rl,tau q6 a 0.5 reserve 0.5 link now,test,25.766018675278993,1585.108006432776,1.9084258858154413,6.850973237742997,0.8482843572001267,52.21031948586456,0.4290555123888457,0.20623974790641456,133309705.95691964,14.255805922472586,5.04412694654904,60.86196856982095
rl,tau q6 a 0.5 reserve 0.5 link min5,train,26.320730421086196,1596.5168235366061,1.9299820908563006,6.7519747753695585,0.8685319783059872,52.634826938967976,0.39191838189432415,0.24081499302028572,128456070.33668953,14.546764085657427,4.517511883854641,59.23077706864126
rl,tau q6 a 0.5 reserve 0.5 link min5,val,25.719950716406093,1584.006968195085,2.4767415046123777,6.836136246535117,0.8467962231848014,52.17435930980665,0.3972780785425797,0.19010483801667094,132998278.71135177,18.461588038154158,5.063929117532975,58.678857584572526
rl,tau q6 a 0.5 reserve 0.5 link min5,test,25.75402871967733,1584.8655150246673,1.9065804814101992,6.8479400414093465,0.8479140013026276,52.20270134759323,0.4228395061728396,0.20254899421566086,133250621.90805492,14.243935077268409,5.048544032813067,60.87045668384636
rl,tau q6 a 0.5 reserve 1.0 link now,train,26.32363710491872,1596.5812152569401,1.9290292846827997,6.753034746667332,0.8686216382995908,52.636805823204625,0.3939677448097657,0.24204015563277795,128476659.12412012,14.54230894888473,4.515606449403774,59.2254772822698
rl,tau q6 a 0.5 reserve 1.0 link now,val,25.72346888169697,1584.0870083691266,2.476043915738379,6.837046437565949,0.846904261121017,52.17683903402234,0.3991256337544041,0.19124344762395806,133016279.4880124,18.458365558133536,5.063069714209517,58.67547624371647
rl,tau q6 a 0.5 reserve 1.0 link now,test,25.75662450662366,1584.9072786735032,1.9046732263556192,6.848518740336385,0.8479915271553047,52.20395785480745,0.42396184062850734,0.2032720366053699,133261589.50280584,14.225589225589225,5.047333752952351,60.86713926935859
rl,tau q6 a 0.5 reserve 1.0 link min5,train,26.314750183841085,1596.3413428647293,1.927752453254593,6.749600074340711,0.8683426126579177,52.62918552193561,0.3870474323561734,0.23787460275030445,128408552.46868038,14.533398675339331,4.52025758894718,59.237742022883474
rl,tau q6 a 0.5 reserve 1.0 link min5,val,25.713705705395135,1583.866588641586,2.4750762630678387,6.834369912561515,0.8465974686584179,52.169827384529086,0.393540001718656,0.1880961588038154,132962351.8139555,18.449772278078537,5.066139852290169,58.68282922243704
rl,tau q6 a 0.5 reserve 1.0 link min5,test,25.74547203407496,1584.678176807912,1.9033290430907985,6.845533311638303,0.8476459676312805,52.196740195842445,0.41779979279979285,0.19979711646378315,133202273.31805232,14.214797548130877,5.0510657593329835,60.87562871577498
rl,tau q6 a 0.5 reserve 2.0 link now,train,26.312635843365605,1596.272366485087,1.9253438640376836,6.748750252842412,0.868270498918758,52.62687173220901,0.38518370013959435,0.23669399150553921,128389725.49128279,14.514835605453085,4.521327014675847,59.23870828058038
rl,tau q6 a 0.5 reserve 2.0 link now,val,25.71113943285648,1583.7963442625612,2.4725915730880432,6.8335888855524365,0.8465103258684884,52.167445112127254,0.39182134570765664,0.18714015639769702,132945315.9161296,18.432585717968546,5.068628276018679,58.683539432237986
rl,tau q6 a 0.5 reserve 2.0 link now,test,25.743568699310423,1584.6171870665637,1.9014700053090838,6.844922300506077,0.8475848852377876,52.194753138510954,0.41648320814987483,0.19893378226711558,133189776.27488561,14.199689199689196,5.052113007289106,60.87630955883113
rl,tau q6 a 0.5 reserve 2.0 link min5,train,26.303450940426835,1596.037391068902,1.924825023119559,6.745185294965707,0.8679840487785522,52.61946032129369,0.3779960794796401,0.23246903679942976,128318773.73732515,14.511865514271285,4.526557570703697,59.252058196210236
rl,tau q6 a 0.5 reserve 2.0 link min5,val,25.701113924596758,1583.599255446241,2.4718107834432015,6.830917374916839,0.8462012502170083,52.161229520035185,0.38632164647245854,0.1839606427773481,132892169.98307124,18.42828907794105,5.071201370754477,58.69155128416702
rl,tau q6 a 0.5 reserve 2.0 link min5,test,25.733397107816913,1584.403158141398,1.9009883691102862,6.842144201361781,0.8472680118652154,52.18796211663756,0.4107420357420357,0.19567469567469567,133135113.8673919,14.19537252870586,5.055998819617888,60.88456587443708
rl,tau q6 a 0.7 reserve 0.0 link now,train,26.352763312743896,1597.4475155274088,1.9465141137958266,6.763415904847148,0.8695570864487042,52.66480928543682,0.4154563545100835,0.2565342005999584,128677369.84003088,14.695268644747392,4.5047685824521775,59.203352554364734
rl,tau q6 a 0.7 reserve 0.0 link now,val,25.744024591732508,1584.5573784202977,2.4885370618843186,6.843960321231161,0.8475604751755768,52.19207079575277,0.4136160522471428,0.19802139726733692,133155974.43181233,18.592635558992864,5.053943831633477,58.66253290966032
rl,tau q6 a 0.7 reserve 0.0 link now,test,25.782999628533265,1585.4943455648463,1.9212480824685496,6.856725725663113,0.8488267350247374,52.222847916395146,0.4411206077872745,0.2117758784425451,133425816.43166709,14.4036519036519,5.036321498681508,60.85259669139253
rl,tau q6 a 0.7 reserve 0.0 link min5,train,26.339822676010854,1597.0866707866915,1.940586423513889,6.758683061995346,0.8691448298651201,52.653212481907566,0.40583325908105383,0.2504083875374974,128585050.7980041,14.644034571861354,4.5113602632842085,59.216057888957856
rl,tau q6 a 0.7 reserve 0.0 link min5,val,25.733102965851796,1584.312754560556,2.4831909778966277,6.840097471517338,0.847216783590768,52.18426732612201,0.4056135601959268,0.19446592764458195,133080654.40070468,18.534630918621634,5.058211889603388,58.670725550768196
rl,tau q6 a 0.7 reserve 0.0 link min5,test,25.77107703899494,1585.2430464762888,1.9162629359849868,6.8527450944039865,0.8484573741473393,52.21491205017925,0.4328757662090996,0.20804195804195805,133348173.22956057,14.332426832426828,5.041457209531547,60.861630348571886
rl,tau q6 a 0.7 reserve 0.25 link now,train,26.34452676378591,1597.2162289595458,1.9404507133812288,6.760777281286706,0.869293331826287,52.65738641341493,0.4100507885592088,0.25271763343134634,128628254.1398913,14.630669161543258,4.507401210944106,59.20754343528054
rl,tau q6 a 0.7 reserve 0.25 link now,val,25.740259919536967,1584.4603434381872,2.4827106915990402,6.841980519490443,0.8474412292572434,52.18896867029775,0.40954498582108795,0.19676463005929362,133117862.30523333,18.517444358511643,5.056121066339955,58.665069869030845
rl,tau q6 a 0.7 reserve 0.25 link now,test,25.779737637970495,1585.418234812636,1.9160302132251414,6.854808475138787,0.8487231463794686,52.22037875454102,0.4371168954502288,0.21059958559958558,133387808.63282397,14.322714322714322,5.037319497713004,60.855222181921334
rl,tau q6 a 0.7 reserve 0.25 link min5,train,26.332966228327933,1596.889407473804,1.936540493366066,6.756657531146841,0.8689260824203453,52.64693149586504,0.4016751314265349,0.24733434316433517,128546617.5279931,14.602453295316165,4.513834613092512,59.21999536714866
rl,tau q6 a 0.7 reserve 0.25 link min5,val,25.729785849697368,1584.2287769062364,2.479926635144641,6.83876466728435,0.8471098980297536,52.18153986726097,0.4028207441780528,0.19335954283750106,133053019.38549456,18.495961158374147,5.060035762353382,58.6729753182765
rl,tau q6 a 0.7 reserve 0.25 link min5,test,25.76703672495353,1585.1523320808465,1.9124405681676386,6.851300413291102,0.8483267451390305,52.211937529656495,0.42984330484330485,0.2067361650694984,133318420.652249,14.29357679357679,5.042579540778935,60.86381407190864
rl,tau q6 a 0.7 reserve 0.5 link now,train,26.338303145917383,1597.0262671789756,1.936386944138447,6.7586945654240616,0.8690945931729188,52.65130671675951,0.4057664320294633,0.24969556565386555,128588210.95405269,14.597255635748017,4.510217018350528,59.21155094155746
rl,tau q6 a 0.7 reserve 0.5 link now,val,25.73767753662226,1584.3988208584926,2.4805201089039746,6.841010187466135,0.8473572925421757,52.18693527313127,0.4075148234080949,0.19592678525393142,133098472.22170664,18.490590358339773,5.057485530878058,58.66667137880993
rl,tau q6 a 0.7 reserve 0.5 link now,test,25.77613675271458,1585.3326467886948,1.9132673952496173,6.853599362046762,0.8486071416643229,52.217578663630114,0.4345700595700596,0.2094017094017094,133363563.82163517,14.28818095484762,5.0397805117058185,60.85706835694817
rl,tau q6 a 0.7 reserve 0.5 link min5,train,26.32852690580438,1596.7590987328606,1.9335490234038952,6.754952351251508,0.8687841878114728,52.642744661585716,0.3981407229201937,0.24495084499094122,128514415.12548636,14.573494906293622,4.515206371102495,59.223372618856835
rl,tau q6 a 0.7 reserve 0.5 link min5,val,25.726854735491163,1584.1575489426543,2.478751197716167,6.837924779521127,0.8470156549478167,52.1792204252886,0.4010483801667097,0.19237131563117643,133035628.68075965,18.481997078284778,5.061279906023903,58.674725358100844
rl,tau q6 a 0.7 reserve 0.5 link min5,test,25.762992483836534,1585.066190734912,1.9105939238906913,6.850240345801924,0.8481996767074551,52.20917851318073,0.4276418026418026,0.2054519554519554,133297203.09885177,14.270914270914268,5.045199030574009,60.865955519293564
rl,tau q6 a 0.7 reserve 1.0 link now,train,26.33140912239462,1596.8179097453317,1.9324751118986163,6.756107605584056,0.8688700346151546,52.64446589705752,0.40034601562267963,0.24592354985298048,128538814.31554247,14.565327155543674,4.512963695051118,59.21715497723431
rl,tau q6 a 0.7 reserve 1.0 link now,val,25.73235954638812,1584.2816350120409,2.4787143078816567,6.8393580662602815,0.847186323187623,52.18310849422064,0.4039915785855461,0.19410071324224454,133063914.70413338,18.476626278250404,5.059488068224574,58.67022683828038
rl,tau q6 a 0.7 reserve 1.0 link now,test,25.768698361792346,1585.1661384711958,1.909797618148303,6.851667692233184,0.8483687074647676,52.21217653687059,0.4305015971682639,0.20704912371579035,133324218.82940517,14.264439264439263,5.043690542576197,60.86066187673953
rl,tau q6 a 0.7 reserve 1.0 link min5,train,26.322139692993485,1596.5620949591114,1.9305594620385715,6.752587778783694,0.868577439680696,52.63629945390103,0.39319552110249795,0.24155009058778104,128468561.15530607,14.551219222430127,4.516823891293339,59.229052850011676
rl,tau q6 a 0.7 reserve 1.0 link min5,val,25.72131161874646,1584.0377438235391,2.4772360755349436,6.836510264151332,0.8468394690275854,52.175350656798656,0.398072956947667,0.19054524361948955,133006689.66872907,18.46588467818166,5.063321045492532,58.67801274152373
rl,tau q6 a 0.7 reserve 1.0 link min5,test,25.75620573573681,1584.9091709367422,1.9075462812644397,6.8485163057471174,0.8479830241601072,52.20409516915735,0.4240373823707157,0.20319649486316155,133262496.96373998,14.248251748251745,5.047559744810806,60.86930021084309
rl,tau q6 a 0.7 reserve 2.0 link now,train,26.32240370255712,1596.5493193149234,1.9286836348696053,6.752568877197355,0.8685825729334449,52.635780812721755,0.3930098904036354,0.2414535626243726,128467302.25875434,14.539338857702932,4.516219244975641,59.22689183317385
rl,tau q6 a 0.7 reserve 2.0 link now,val,25.72171704708957,1584.0508902289778,2.4754728049229144,6.836649378476618,0.846849274411442,52.17569245315066,0.3982985305491106,0.19074933402079572,133008255.09358083,18.449772278078537,5.064041198990198,58.67633789836921
rl,tau q6 a 0.7 reserve 2.0 link now,test,25.754941495236313,1584.873362841958,1.9042204734026165,6.84812356336136,0.847938291513082,52.20287012980118,0.4231308814642148,0.20277561944228606,133253372.27246828,14.222351722351721,5.04762507695405,60.868017672145164
rl,tau q6 a 0.7 reserve 2.0 link min5,train,26.313560709263484,1596.3090901441426,1.927404642879115,6.749175584141965,0.8683045583385631,52.62814133316588,0.38617868068549716,0.23736226202144403,128399782.40244736,14.53191362974843,4.520897219548781,59.239099623004
rl,tau q6 a 0.7 reserve 2.0 link min5,val,25.712495807385015,1583.8391657010332,2.47457778409138,6.834010703001076,0.8465586900186194,52.168926253281775,0.39277734811377507,0.18764501160092809,132955185.82186133,18.446549798057916,5.0665427724302345,58.68351749458436
rl,tau q6 a 0.7 reserve 2.0 link min5,test,25.744359360068167,1584.6467521314094,1.9031298025229813,6.845211458294448,0.8476105130668702,52.19573683844843,0.4171199171199171,0.19939782439782439,133195745.45989813,14.211560044893375,5.051400977183312,60.876442459156166
rl,tau q6 a 1.0 reserve 0.0 link now,train,26.377029105146857,1598.1313153675628,1.9807532232729987,6.773541125839575,0.8703383816763264,52.687001629551126,0.4364548991654045,0.26870414921738095,128876817.64430189,15.135584662449137,4.495322928383637,59.19296847132342
rl,tau q6 a 1.0 reserve 0.0 link now,val,25.770112870963537,1585.1736313779254,2.5221932475621576,6.8531865758541635,0.8483569367920161,52.21110016146296,0.43271461716937354,0.20670061012288388,133333915.7911833,18.95140500128899,5.0495909421964855,58.65569974040946
rl,tau q6 a 1.0 reserve 0.0 link now,test,25.803090393742867,1585.960629488213,1.9470363470836418,6.864137523276739,0.8494407276926488,52.23726573490175,0.45645558145558146,0.21836959336959333,133569062.92342226,14.691789691789689,5.033953858726667,60.84620868209885
rl,tau q6 a 1.0 reserve 0.0 link min5,train,26.352173294939114,1597.4605878182672,1.9549889104137386,6.76376520567316,0.8695459684573444,52.66551379906733,0.4162954052689418,0.2570985179245002,128683149.84947579,14.843030681041906,4.508373043374431,59.20898247631662
rl,tau q6 a 1.0 reserve 0.0 link min5,val,25.743883347705466,1584.54084478522,2.496850312784658,6.844477833511864,0.847549276348927,52.19138583233879,0.4146042794534674,0.1978817564664432,133165645.92274642,18.727979719859068,5.055919938748103,58.66564965808925
rl,tau q6 a 1.0 reserve 0.0 link min5,test,25.778503703509823,1585.4072490016183,1.9276778296755153,6.85624338897216,0.848687060561087,52.22004235353579,0.4400953984287318,0.2104269187602521,133416197.37347838,14.494301994301992,5.038775660433909,60.857704712546465
rl,tau q6 a 1.0 reserve 0.25 link now,train,26.35974370875695,1597.677946552989,1.9552216329185044,6.766481259140669,0.8697819736829732,52.67234411230039,0.4217455225875435,0.260462146187888,128737554.46582909,14.814814814814813,4.501690192375055,59.19877315545402
rl,tau q6 a 1.0 reserve 0.25 link now,val,25.74930871053079,1584.6601990624863,2.4966332237441584,6.846417985395357,0.8477224303100618,52.19527500581294,0.41867534587952226,0.1996111540775114,133203870.94268285,18.7097189997422,5.051551005355201,58.66001515752624
rl,tau q6 a 1.0 reserve 0.25 link now,test,25.787181384191662,1585.5813280644902,1.9279288427980863,6.858876506786236,0.8489542529544274,52.22555412915139,0.445555987222654,0.21315721315721314,133468066.92920661,14.49861866528533,5.035678592103171,60.850061249247744
rl,tau q6 a 1.0 reserve 0.25 link min5,train,26.344410083022627,1597.2322000005568,1.9441770723152783,6.760335934841891,0.8692946332196809,52.658002239220274,0.40924143871216845,0.25276961002702786,128616875.90353145,14.690813507974694,4.510016246007064,59.213118141324195
rl,tau q6 a 1.0 reserve 0.25 link min5,val,25.73616944695828,1584.3776773554175,2.4882297321072278,6.841763480535304,0.8473123528921649,52.18632820680491,0.40902938901778807,0.19556157085159404,133113803.31743577,18.600154679040987,5.056778255337423,58.66844315482572
rl,tau q6 a 1.0 reserve 0.25 link min5,test,25.77297820090807,1585.2897475161246,1.9207472302137834,6.854140107618571,0.8485178567347251,52.216417002970985,0.4357787274453941,0.20872183372183373,133376515.97781232,14.406889406889405,5.040754119352512,60.859768739476415
rl,tau q6 a 1.0 reserve 0.5 link now,train,26.35235969909466,1597.449825498805,1.9464014062128883,6.763347577216202,0.8695445339623101,52.66490989168505,0.41532270040690256,0.25642282218064094,128676922.41426831,14.695268644747394,4.504886724249134,59.20339316423095
rl,tau q6 a 1.0 reserve 0.5 link now,val,25.74383862917645,1584.5528829971304,2.4891187443450575,6.8440283793771926,0.8475548385075138,52.191929206231585,0.41374495144796775,0.1979462060668557,133157972.57978863,18.60552547907536,5.054071295200277,58.6624676340048
rl,tau q6 a 1.0 reserve 0.5 link now,test,25.78277547360209,1585.4892449729589,1.9215737505181452,6.856767001824566,0.848819749406671,52.22268707495437,0.4411961495294829,0.21170033670033672,133427004.96373998,14.410126910126909,5.036462215434119,60.852499682617605
rl,tau q6 a 1.0 reserve 0.5 link min5,train,26.339723009379533,1597.0890968426077,1.9405367203961827,6.758659312256912,0.8691411675386911,52.6532940758041,0.4057738572574178,0.2504083875374974,128584781.12839703,14.643292049065904,4.5115396743054355,59.2160298810595
rl,tau q6 a 1.0 reserve 0.5 link min5,val,25.733121096380668,1584.3136358937516,2.483431955562011,6.840157251594901,0.8472178004711924,52.18430554206294,0.40574245939675174,0.19449815244478816,133082130.31442814,18.53785339864226,5.058418706537534,58.67068244940118
rl,tau q6 a 1.0 reserve 0.5 link min5,test,25.770933464258906,1585.2410176644812,1.9163404269869622,6.85273059489903,0.8484533951175921,52.214856413136765,0.43284339117672455,0.208009583009583,133348237.65717001,14.336743503410169,5.0415447774039786,60.86165880445526
rl,tau q6 a 1.0 reserve 1.0 link now,train,26.34109031640642,1597.115421979097,1.9383674965034456,6.759737242123747,0.8691833856428515,52.654168447295724,0.4079048976803588,0.2511583355609017,128608411.47476907,14.610621046066113,4.5092803249549975,59.20937787894728
rl,tau q6 a 1.0 reserve 1.0 link now,val,25.73901541636952,1584.4305336069617,2.481578919994837,6.841505432579462,0.8474006483358466,52.18798566274844,0.40855675861476326,0.19637793245681875,133108538.81498668,18.4981094783879,5.057122192292579,58.66582267337651
rl,tau q6 a 1.0 reserve 1.0 link now,test,25.778385852326718,1585.383106025501,1.9148099780609134,6.854277172782767,0.8486783215017292,52.21921371656437,0.43598376931710264,0.21014633514633518,133376818.59397393,14.304368471035135,5.038671926498862,60.85599734876521
rl,tau q6 a 1.0 reserve 1.0 link min5,train,26.33053932566432,1596.8212651239667,1.9350389900903266,6.755828478431863,0.8688489139845138,52.64475357929906,0.3999599037690458,0.24611660577979744,128530822.20873801,14.590572930588968,4.514753374861979,59.22153638087463
rl,tau q6 a 1.0 reserve 1.0 link min5,val,25.728640090123847,1584.1990840482506,2.47944047526667,6.838428350033067,0.8470726404182435,52.1805705344061,0.4021117985735156,0.1929728452350262,133046127.04992697,18.486293718312275,5.060590857581592,58.67365176418606
rl,tau q6 a 1.0 reserve 1.0 link min5,test,25.7652713433661,1585.1123714245007,1.9116221376355738,6.850838036872761,0.8482708484993088,52.210658149583956,0.42888284554951217,0.20618578951912284,133309156.9433653,14.281705948372611,5.043729865248314,60.864800488497075
rl,tau q6 a 1.0 reserve 2.0 link now,train,26.330914351616073,1596.8053462286653,1.9322780129589208,6.755926307187023,0.8688538545644844,52.6440393869894,0.3999673289970002,0.24566366687457306,128535145.28391102,14.565327155543674,4.513391463938007,59.21763265658069
rl,tau q6 a 1.0 reserve 2.0 link now,val,25.731747281314544,1584.2663034536758,2.4785116060815997,6.839179928427213,0.8471662567267224,52.182610635095415,0.4036048809830713,0.19389662284093837,133060022.06530894,18.47447795823666,5.059926291137624,58.67061246110744
rl,tau q6 a 1.0 reserve 2.0 link now,test,25.76787289970928,1585.1511377985607,1.9094508273416306,6.851451397467755,0.8483433175859345,52.211701473120414,0.4300483467150134,0.20680091513424848,133320162.9697833,14.262280928947595,5.0438377168901605,60.861019809683405
rl,tau q6 a 1.0 reserve 2.0 link min5,train,26.321479458047968,1596.5471202369044,1.9302994597092507,6.752385637782435,0.8685562608463281,52.63581393296614,0.39277228310909146,0.24129020760937364,128464496.87570168,14.549734176839227,4.517249731036838,59.22955430343523
rl,tau q6 a 1.0 reserve 2.0 link min5,val,25.720822206893015,1584.027049462776,2.4770959564875863,6.8364005841995,0.8468235503287423,52.174993482836534,0.3978366417461546,0.1903948612185271,133004411.67233823,18.46588467818166,5.063744053473097,58.678213161853506
rl,tau q6 a 1.0 reserve 2.0 link min5,test,25.755399863907872,1584.8922351354242,1.9073030833595672,6.848311752976821,0.8479565279648802,52.203541250926605,0.423605715272382,0.2029267029267029,133258509.326772,14.246093412760077,5.048031677872241,60.86966626526492
ceil,tau q0 a 0.5 reserve 0.0,train,29.256860259213624,1668.8305128272189,1.994670502200497,7.610311505467387,0.9650248327203297,55.005200655882085,2.193805874840358,2.193805874840358,143766789.0866376,14.996732899700017,1.2911412530909543,56.88752827959334
ceil,tau q0 a 0.5 reserve 0.0,val,28.973585400623442,1665.805650801203,2.558547195133522,7.791558630058362,0.9555150735687673,54.89676300569905,2.424486551516714,2.424486551516714,150616392.32843515,18.996519721577723,1.550201998923278,56.34701457717092
ceil,tau q0 a 0.5 reserve 0.0,test,29.22389956265968,1671.9995150183995,1.9918689629348156,7.865240805398602,0.9638516816579019,55.10251060009831,2.581369248035915,2.581369248035915,152007812.1781922,14.93460243460243,1.3135642360753839,58.3933129715615
ceil,tau q0 a 0.5 reserve 0.25,train,29.22110125921282,1667.9701634149635,1.9811198833143273,7.599757987367595,0.9639075990240014,54.97827250137813,2.1727033769936743,2.1727033769936743,143589871.42172328,14.882384389200746,1.323823084447954,56.91297677541067
ceil,tau q0 a 0.5 reserve 0.25,val,28.94600067424885,1665.1416816899305,2.5473593855068977,7.78309483566888,0.9546536951368533,54.875823042006715,2.4075363066082325,2.4075363066082325,150467323.06264502,18.917031881068997,1.5780464890373769,56.36678804685641
ceil,tau q0 a 0.5 reserve 0.25,test,29.193625630920792,1671.2456360094325,1.9776701391877636,7.855926577466575,0.9629022672189552,55.07884427730486,2.5627428127428127,2.5627428127428127,151841522.41146508,14.814814814814813,1.3421027609096163,58.41406385979007
ceil,tau q0 a 0.5 reserve 0.5,train,29.190170970953094,1667.1994316266555,1.9718906949958028,7.590811552444386,0.9629477362027837,54.954264719148874,2.154919956042651,2.154919956042651,143435258.18491787,14.81926995158751,1.354040150322705,56.93766291719258
ceil,tau q0 a 0.5 reserve 0.5,val,28.920114038091885,1664.5047897375835,2.5374881258746056,7.775325510548298,0.953845208326428,54.85575418128053,2.3920684025092376,2.3920684025092376,150328511.36383948,18.854730600670273,1.6045065040456117,56.38605644194114
ceil,tau q0 a 0.5 reserve 0.5,test,29.161250406608428,1670.496203238439,1.9660744977672029,7.846638853225761,0.96189022503814,55.05536276087359,2.544191919191919,2.544191919191919,151678009.63230595,14.7360355693689,1.3723502649416282,58.4360091481145
ceil,tau q0 a 0.5 reserve 1.0,train,29.132830541550256,1665.8181939885424,1.9586518208088382,7.574631872767306,0.9611712684533041,54.91134670515986,2.122820695595355,2.122820695595355,143154615.60456207,14.722741988179035,1.4071381355721568,56.98603396882496
ceil,tau q0 a 0.5 reserve 1.0,val,28.87082063029736,1663.3249884798636,2.521315551481662,7.760711707777889,0.9522986951083363,54.81858259650934,2.3628512503222483,2.3628512503222483,150067693.30497548,18.750537080003436,1.655281247217235,56.42332450184447
ceil,tau q0 a 0.5 reserve 1.0,test,29.103767393619652,1669.1216134811168,1.9476985798477677,7.8298278936510535,0.9600964485104974,55.01238192886289,2.5107700941034277,2.5107700941034277,151381314.55676422,14.589268755935421,1.4249156638611538,58.47898799811778
ceil,tau q0 a 0.5 reserve 2.0,train,29.03104443338515,1663.4028674392011,1.9433392589289535,7.544977531081416,0.9580467192640257,54.83692930388258,2.0644806795568624,2.0644806795568624,142648878.3813003,14.618046274020612,1.5045863633932184,57.08191413409665
ceil,tau q0 a 0.5 reserve 2.0,val,28.780804349998757,1661.1420181891356,2.4989739071249932,7.732879821949238,0.9494789820867788,54.749786559357666,2.3071882787660054,2.3071882787660054,149574508.61527884,18.61411875913036,1.7447457989353758,56.49977179520146
ceil,tau q0 a 0.5 reserve 2.0,test,28.99950611102456,1666.6989766437018,1.9228465349858337,7.798266911834494,0.9568877317592132,54.93716131815793,2.4487287403954077,2.4487287403954077,150830078.00820166,14.384226884226882,1.525353450038449,58.570413630943925
ceil,tau q0 a 0.7 reserve 0.0,train,29.33133713576561,1670.676468968736,2.033095578884634,7.631749704721314,0.9673865147522704,55.06364141947568,2.2371395051828094,2.2371395051828094,144132177.77326325,15.367994297424929,1.2275158417231355,56.84648143616702
ceil,tau q0 a 0.7 reserve 0.0,val,29.023676247653942,1667.0186293423847,2.5859464129993124,7.80670601519316,0.957125281215928,54.93569199286979,2.4551967861132598,2.4551967861132598,150891902.00928074,19.279023803385748,1.5026064332402713,56.31699437166816
ceil,tau q0 a 0.7 reserve 0.0,test,29.277220112118428,1673.3098455072238,2.0241427753544246,7.881864121272567,0.965546544200198,55.144297690297996,2.6149529482862817,2.6149529482862817,152312048.5161875,15.218423551756883,1.263222850810262,58.362270294357316
ceil,tau q0 a 0.7 reserve 0.25,train,29.285830076734083,1669.5911283683747,2.0095219320994815,7.619632570503573,0.9659396924839377,55.02917908560102,2.2125842763372834,2.2125842763372834,143927657.32376966,15.133357094062784,1.2652127099930401,56.86697223380698
ceil,tau q0 a 0.7 reserve 0.25,val,28.99452024157929,1666.3216614629152,2.5691485045920004,7.798572218823118,0.9561768646026839,54.913121099211146,2.4385150812064964,2.4385150812064964,150743327.26896966,19.082452522127696,1.5294532539735106,56.331020047441065
ceil,tau q0 a 0.7 reserve 0.25,test,29.24739728070039,1672.598481025714,2.0054381085032067,7.873234519219316,0.9645930099487979,55.1215652588838,2.597438055771389,2.597438055771389,152153815.10688075,15.040360873694208,1.2911332586877478,58.376983282688514
ceil,tau q0 a 0.7 reserve 0.5,train,29.253767692826152,1668.81231665939,1.9948472828601784,7.610611053148989,0.964928982671298,55.00465277939326,2.1943998930767172,2.1943998930767172,143776531.63111472,14.99821794529092,1.2917392399389613,56.885774182942335
ceil,tau q0 a 0.7 reserve 0.5,val,28.972454241076065,1665.8240860813737,2.5593906355594527,7.792153477332673,0.9554768851338962,54.897285749385325,2.4256144195239324,2.4256144195239324,150627914.63839477,19.00296468161897,1.550365414167288,56.345201178879506
ceil,tau q0 a 0.7 reserve 0.5,test,29.222904883603594,1672.037523700248,1.9927962336297929,7.866172740402533,0.9638171296841591,55.10365921659628,2.5831930415263753,2.5831930415263753,152027692.7877061,14.936760770094102,1.3132403923360803,58.39054113313226
ceil,tau q0 a 0.7 reserve 1.0,train,29.207207714382097,1667.6546182964032,1.9775018906368766,7.596603967318199,0.9634762292159854,54.968404837070686,2.1664067836882595,2.1664067836882595,143536695.021949,14.854911045769104,1.336708095236381,56.92120641845265
ceil,tau q0 a 0.7 reserve 1.0,val,28.93306747282794,1664.8651838895435,2.5437944605763656,7.780126358383183,0.9542484159207175,54.86711620092839,2.401585460170147,2.401585460170147,150416125.75749764,18.898771160952133,1.5903714595224547,56.373884857418794
ceil,tau q0 a 0.7 reserve 1.0,test,29.177890134969054,1670.926200884062,1.973143477621127,7.852396547800358,0.962411508196774,55.068851513407225,2.5556742640075973,2.5556742640075973,151781460.43045843,14.782439782439782,1.3567614590891763,58.42215946471891
ceil,tau q0 a 0.7 reserve 2.0,train,29.12463901578237,1665.652932016451,1.957806264047745,7.572900318562594,0.9609172548071322,54.90619174248701,2.1193753898244676,2.1193753898244676,143126825.39915058,14.713831714633638,1.4141918777755076,56.990949745214536
ceil,tau q0 a 0.7 reserve 2.0,val,28.864130758949912,1663.1826776288449,2.5199569728044824,7.759401577809723,0.9520870604667672,54.814036824522695,2.3601658503050618,2.3601658503050618,150044599.47976282,18.743017959955314,1.6621572709965204,56.4264352179881
ceil,tau q0 a 0.7 reserve 2.0,test,29.096090631064026,1668.9618034854398,1.946336791557456,7.828413010456825,0.9598530961760801,55.0072782504582,2.5078779245445912,2.5078779245445912,151356385.79884315,14.580635413968745,1.4323562575624547,58.482433113749934
ceil,tau q0 a 1.0 reserve 0.0,train,29.456118670485797,1673.7257228748847,2.1332868157881566,7.666461673470443,0.9713737254275395,55.16167665996537,2.3081395348837215,2.3081395348837215,144744207.80462742,16.48549110457691,1.1170666477987596,56.810457797821634
ceil,tau q0 a 1.0 reserve 0.0,val,29.12834662588504,1669.4063741797538,2.6775021532928167,7.83674160961696,0.9604659307310079,55.012438149539626,2.5165420641058693,2.5165420641058693,151432450.44470224,20.1952822892498,1.422602671367906,56.28818281110531
ceil,tau q0 a 1.0 reserve 0.0,test,29.375621605975542,1675.5386339750423,2.1086726955058994,7.910699175239542,0.968667328912234,55.21549342842771,2.673497798497799,2.673497798497799,152831892.2937926,16.02240352240352,1.1870892540029656,58.331613458657344
ceil,tau q0 a 1.0 reserve 0.25,train,29.379786351382087,1671.8371005795166,2.067855718681494,7.64564529987569,0.9689388237360573,55.100798366033125,2.2654890255130833,2.2654890255130833,144373747.2989991,15.809052837922122,1.185935172368058,56.828140938360995
ceil,tau q0 a 1.0 reserve 0.25,val,29.05490997981281,1667.768305840263,2.6130305798965208,7.817155405904296,0.95813962956063,54.96002692543621,2.4767014694508895,2.4767014694508895,151084134.2169803,19.66249892583999,1.4751370983748344,56.30286305736749
ceil,tau q0 a 1.0 reserve 0.25,test,29.310371411849356,1674.0934585722746,2.0518766670689113,7.892761879519717,0.9666087793412322,55.169507915031126,2.6371945955279292,2.6371945955279292,152511536.42268842,15.546490546490546,1.2352870597799983,58.34710035259671
ceil,tau q0 a 1.0 reserve 0.5,train,29.332320428991636,1670.7558946976878,2.036415558037009,7.633165666498655,0.9674264163169917,55.06623658853597,2.240065044996882,2.240065044996882,144161775.0940628,15.408090528379219,1.2255479490784151,56.843522838243274
ceil,tau q0 a 1.0 reserve 0.5,val,29.025297331600353,1667.107880313726,2.589760814910795,7.80819180127331,0.9571749907513197,54.938504865156204,2.4581614677322334,2.4581614677322334,150922624.84789896,19.31661940362636,1.4991360648395882,56.31410255234449
ceil,tau q0 a 1.0 reserve 0.5,test,29.278553320883585,1673.3944004301413,2.027155117257535,7.883348698904267,0.9655879430892547,55.1469783658958,2.617942242942243,2.617942242942243,152341278.019425,15.237848571181903,1.260803327139206,58.35936931889491
ceil,tau q0 a 1.0 reserve 1.0,train,29.27341107997846,1669.3186716662244,2.0053537651212165,7.6169996867946,0.9655465365323141,55.020519875793006,2.2072603878939088,2.2072603878939088,143887498.23707268,15.099943568267545,1.2744202425173055,56.87148895787059
ceil,tau q0 a 1.0 reserve 1.0,val,28.986406115902895,1666.1703654555438,2.566749967019426,7.797169675346253,0.9559133628139044,54.90813734953661,2.4355933659877977,2.4355933659877977,150717303.56208643,19.055598521955826,1.5362393799738672,56.33367869108135
ceil,tau q0 a 1.0 reserve 1.0,test,29.238849335430668,1672.4400007569252,2.0020271576922797,7.8716255202484025,0.9643177862424629,55.116400466010184,2.594114219114219,2.594114219114219,152126284.92022792,15.010144176810844,1.298661845717372,58.37935101119175
ceil,tau q0 a 1.0 reserve 2.0,train,29.204104313911397,1667.6140985488837,1.977456658166747,7.596604777958099,0.9633797940011255,54.96713377214093,2.166399358460305,2.166399358460305,143538360.9051056,14.855653568564556,1.3390652675783403,56.92077541344218
ceil,tau q0 a 1.0 reserve 2.0,val,28.930857271126598,1664.8376971209182,2.5438310338914003,7.780131512387731,0.954175787248043,54.8662145954137,2.401574718570078,2.401574718570078,150417080.47873163,18.901993640972755,1.5919511589571607,56.37372655890713
ceil,tau q0 a 1.0 reserve 2.0,test,29.175315154051738,1670.8882545404788,1.9729584671782157,7.852332198226568,0.9623317276715262,55.0676683128818,2.555544763878098,2.555544763878098,151781555.82517484,14.782439782439779,1.359384523830908,58.42227344743887
ceil,tau q1 a 0.5 reserve 0.0,train,29.16899123604406,1661.91493231658,1.979003940174857,7.353317938148041,0.9621111123983441,54.776719596942385,1.6474353262645163,1.6474353262645163,139086261.72829604,14.8697615016781,1.6384815026236017,57.550705211155666
ceil,tau q1 a 0.5 reserve 0.0,val,28.858407984374804,1656.3963057599592,2.5354826440771405,7.504596669189222,0.9516554281021972,54.583919125255015,1.8076931339692364,1.8076931339692364,145027200.11351722,18.840766520580903,1.9765936184487898,57.06766963953581
ceil,tau q1 a 0.5 reserve 0.0,test,29.10308438049405,1662.0452269410148,1.9714791274217773,7.560687261831885,0.9597923786797797,54.77133512604938,1.9265626348959684,1.9265626348959684,146074340.19148752,14.7673314339981,1.7636426351902685,59.15782702075682
ceil,tau q1 a 0.5 reserve 0.25,train,29.13368407565739,1661.1145071099825,1.9686896099623048,7.344986324189969,0.9610078681645372,54.751684684539086,1.6307656895066678,1.6307656895066678,138946613.56565386,14.790311562564968,1.6682209228153948,57.571181694438756
ceil,tau q1 a 0.5 reserve 0.25,val,28.832808941695948,1655.8346215452507,2.5277159318887272,7.498518359006352,0.9508583316961081,54.566245312037566,1.7955766090916905,1.7955766090916905,144921732.4519206,18.79780012030592,1.9991864226895741,57.081965714043875
ceil,tau q1 a 0.5 reserve 0.25,test,29.072758607100504,1661.3507350474501,1.960429675658732,7.553444694005508,0.9588425442813019,54.74955386967928,1.9121449538116206,1.9121449538116206,145948732.93948027,14.677760511093842,1.7892990770626078,59.17353800501305
ceil,tau q1 a 0.5 reserve 0.5,train,29.1034165544474,1660.405971783562,1.9615257178131125,7.337920232607516,0.9600702467408717,54.72963497396701,1.6167839852683477,1.6167839852683477,138825020.59508747,14.74204758086073,1.6952889163781928,57.59111808380648
ceil,tau q1 a 0.5 reserve 0.5,val,28.8084312823294,1655.268857640058,2.5203478286249563,7.492579223001294,0.9500981613597458,54.548442247805546,1.783771590616138,1.783771590616138,144818048.38712725,18.752685400017185,2.0218160984087596,57.096337799293096
ceil,tau q1 a 0.5 reserve 0.5,test,29.04127232932946,1660.6536404909696,1.951013669684522,7.546108737404046,0.9578585393014449,54.72770349023839,1.8975222308555644,1.8975222308555644,145820893.38478807,14.621643788310454,1.8155935523070574,59.190292857283815
ceil,tau q1 a 0.5 reserve 1.0,train,29.047283598920743,1659.1297474472608,1.9508929474288808,7.325141005477801,0.9583367640817855,54.69006090908867,1.5915604859069172,1.5915604859069172,138604376.56829724,14.669280346906646,1.7440918605993991,57.62985900828218
ceil,tau q1 a 0.5 reserve 1.0,val,28.760341960486738,1654.1915449367268,2.5081329303505733,7.481152736889236,0.9485911539212475,54.514468084508266,1.7609779152702585,1.7609779152702585,144619551.3599725,18.66890091948096,2.0655797051176177,57.124608700815955
ceil,tau q1 a 0.5 reserve 1.0,test,28.98433965057226,1659.3975252347016,1.936867283729372,7.532735417868914,0.9560821027075078,54.68841174085158,1.8709639126305795,1.8709639126305795,145590868.89475957,14.49861866528533,1.8627031822366085,59.22309995193602
ceil,tau q1 a 0.5 reserve 2.0,train,28.947230095074183,1656.852358430528,1.9389498597914485,7.301708006583709,0.9552654602805184,54.619914713815014,1.545561198728801,1.545561198728801,138205862.01526627,14.58908788499807,1.8340495839093727,57.706337460950344
ceil,tau q1 a 0.5 reserve 2.0,val,28.672315017219567,1652.2085684501892,2.4907489214827496,7.460065104682589,0.945830053562309,54.45192353361385,1.718881584600842,1.718881584600842,144253027.01374924,18.573300678869124,2.1451994780893155,57.18038572735506
ceil,tau q1 a 0.5 reserve 2.0,test,28.88102961526413,1657.1539538829315,1.9170706379274398,7.507994241450856,0.9528947962195651,54.61857895619812,1.822336614003281,1.822336614003281,145169494.57126823,14.343218509885174,1.9533072185715692,59.29142833529224
ceil,tau q1 a 0.7 reserve 0.0,train,29.24428741614768,1663.7160293390623,2.0119936439655435,7.371083615920683,0.9645020621543553,54.83377785573842,1.683351153880424,1.683351153880424,139388944.54590276,15.211321987585016,1.576243571527693,57.51766110522383
ceil,tau q1 a 0.7 reserve 0.0,val,28.90780707857356,1657.5170377462282,2.5555046620406867,7.516120372387578,0.9532394881650099,54.619905655006455,1.8310238893185526,1.8310238893185526,145229601.31846696,19.028744521783963,1.9328472807100805,57.04568654911817
ceil,tau q1 a 0.7 reserve 0.0,test,29.156205224441788,1663.2437424222435,1.9944715491063427,7.5733356352965115,0.9614825297202212,54.80963286202184,1.952106535439869,1.952106535439869,146296150.68082535,14.973452473452472,1.7163130190193274,59.13539835042267
ceil,tau q1 a 0.7 reserve 0.25,train,29.19954490308366,1662.6607532718833,1.9912800858262996,7.36085555308687,0.9630771217681019,54.80025771668415,1.6626273426594196,1.6626273426594196,139214284.41771364,14.99079271733642,1.6132375299602624,57.534504170289274
ceil,tau q1 a 0.7 reserve 0.25,val,28.87896283894793,1656.875827504747,2.543626679905202,7.509848055786642,0.9523028042092235,54.59910284737441,1.818155452436195,1.818155452436195,145119607.02784222,18.920254361089622,1.9579173198635726,57.05619791742769
ceil,tau q1 a 0.7 reserve 0.25,test,29.126410534566194,1662.5825181401356,1.9812263891563804,7.566553968342827,0.9605277100833733,54.78837841846863,1.938314771648105,1.938314771648105,146178078.7359061,14.859060692394024,1.7429291345615197,59.14633149430314
ceil,tau q1 a 0.7 reserve 0.5,train,29.16662579534526,1661.897655478052,1.978880778879375,7.353203649577191,0.962038748641758,54.77622390622372,1.647219994653836,1.647219994653836,139087115.1237637,14.870504024473549,1.6391877814443927,57.55058762448807
ceil,tau q1 a 0.7 reserve 0.5,val,28.857638779306008,1656.4173942369268,2.5360166919724025,7.504951591241272,0.951628129846704,54.58452730004969,1.8083483715734294,1.8083483715734294,145033312.9376128,18.850433960642775,1.9765945645863843,57.06672711767652
ceil,tau q1 a 0.7 reserve 0.5,test,29.10185239085495,1662.0605412809712,1.9718069768896165,7.5611323190217385,0.9597513243049887,54.7717400679804,1.927393594060261,1.927393594060261,146082988.92998356,14.7673314339981,1.7636844699731702,59.156345869125936
ceil,tau q1 a 0.7 reserve 1.0,train,29.119486656490217,1660.8100239059781,1.9654605007324426,7.342100375096316,0.9605672623623732,54.742178202399906,1.6250259882978406,1.6250259882978406,138896791.3674894,14.768778401496924,1.6802385859224573,57.57906514709131
ceil,tau q1 a 0.7 reserve 1.0,val,28.821125047227735,1655.59263512214,2.5248371509246015,7.496129872794298,0.9504936946646997,54.558616720914145,1.7908073386611667,1.7908073386611667,144880877.75552115,18.782761880209677,2.0095868526128893,57.08772220706838
ceil,tau q1 a 0.7 reserve 1.0,test,29.0576194298816,1661.0437207747107,1.9566172901311487,7.550497468705027,0.9583679565237299,54.73989791474161,1.9062526979193641,1.9062526979193641,145896996.03116634,14.650781317447983,1.8025351806337095,59.180437334493824
ceil,tau q1 a 0.7 reserve 2.0,train,29.039081251270606,1658.9592423745557,1.9496613445728923,7.3234931586560785,0.9580836516592992,54.684774183902675,1.588308236062847,1.588308236062847,138576818.16145417,14.661112596156702,1.7512218557298396,57.63471197349404
ceil,tau q1 a 0.7 reserve 2.0,val,28.7532607439804,1654.0544280081913,2.5068228901766694,7.480054284407454,0.9483674458021084,54.510103995991045,1.758765145656097,1.758765145656097,144600106.68084556,18.661381799432842,2.0721579437000615,57.127339755118726
ceil,tau q1 a 0.7 reserve 2.0,test,28.977098964201677,1659.2632474832862,1.935741902899263,7.531529442491034,0.9558536261965302,54.68413976329139,1.8685142018475351,1.8685142018475351,145570145.4517828,14.489985323318656,1.8681847401916696,59.226093009694665
ceil,tau q1 a 1.0 reserve 0.0,train,29.36797303799662,1666.6696611463733,2.0955373018517442,7.399547178359576,0.9684547512111032,54.92869464721538,1.7414238617125544,1.7414238617125544,139892437.8310612,16.148385755442693,1.4705198396740478,57.48816515780926
ceil,tau q1 a 1.0 reserve 0.0,val,29.015087992723405,1659.8047111243523,2.627101122277044,7.5401892461518925,0.9566576362781155,54.69331189498274,1.8800055856320357,1.8800055856320357,145649056.92584,19.75165420641058,1.8510133083068092,57.02282702413335
ceil,tau q1 a 1.0 reserve 0.0,test,29.252973977843386,1665.2900776355423,2.0574926962784272,7.595606917670753,0.9645484822286394,54.87488624150392,1.9971617888284554,1.9971617888284554,146684465.0934991,15.574548907882239,1.6446138571583804,59.11264024597823
ceil,tau q1 a 1.0 reserve 0.25,train,29.291332470728552,1664.8255779031065,2.0401714681421876,7.3823151745129385,0.9660099430404335,54.8693594169981,1.7062505568920965,1.7062505568920965,139584434.8636431,15.572188066173629,1.5371900807314625,57.50285863575456
ceil,tau q1 a 1.0 reserve 0.25,val,28.940745253420015,1658.2433566573707,2.5753437036861744,7.524163255497603,0.9543040376008588,54.643457145992436,1.8475552118243532,1.8475552118243532,145370309.7241557,19.299432843516367,1.9042891137566151,57.03519688184492
ceil,tau q1 a 1.0 reserve 0.25,test,29.18906154747921,1663.958936019606,2.013998434903638,7.5815004485177,0.9625331297433702,54.83264027712187,1.9687580937580937,1.9687580937580937,146438114.53492188,15.203315203315205,1.6903589197578819,59.124915921080905
ceil,tau q1 a 1.0 reserve 0.5,train,29.245455317649135,1663.7895386022733,2.0139264465279294,7.37198131279602,0.9645502874868175,54.83623877150362,1.68525943746473,1.68525943746473,139407831.43615788,15.234340194243963,1.5745127541323078,57.516018862072656
ceil,tau q1 a 1.0 reserve 0.5,val,28.909252786450416,1657.573399847593,2.556900875332235,7.516923262716595,0.9532857345195963,54.62173574025253,1.8326458709289337,1.8326458709289337,145245766.36349574,19.04915356191458,1.9300574420123944,57.04380609162188
ceil,tau q1 a 1.0 reserve 0.5,test,29.157711537160534,1663.3207554974674,1.9965611262838412,7.5743205265563756,0.9615290945575988,54.81206378412705,1.9540706207372873,1.9540706207372873,146314778.4494518,14.993956660623326,1.7139690479284007,59.13366327742008
ceil,tau q1 a 1.0 reserve 1.0,train,29.18664952081202,1662.3798653375181,1.986744028561747,7.358147402396491,0.9626694696811406,54.791376857781444,1.6571400992010454,1.6571400992010454,139171243.10974488,14.938073598859484,1.6227637388657326,57.53937995695621
ceil,tau q1 a 1.0 reserve 1.0,val,28.87113335058406,1656.7262498040734,2.541279368130145,7.50858316838752,0.9520494967468895,54.59418659498574,1.8155237604193524,1.8155237604193524,145096087.27257884,18.892326200910883,1.9646378278955667,57.05843351646076
ceil,tau q1 a 1.0 reserve 1.0,test,29.1179884510694,1662.4221490836806,1.978115754177508,7.565104900325514,0.960258922259168,54.78320551779785,1.9353470603470606,1.9353470603470606,146151688.54407322,14.82236898903565,1.7501305151201114,59.14857755231225
ceil,tau q1 a 1.0 reserve 2.0,train,29.116618717399557,1660.7613533450517,1.9650736171916554,7.341761240205718,0.9604784780060442,54.74065289600568,1.6243502925539812,1.6243502925539812,138891253.81199324,14.769520924292374,1.6826974800766292,57.579926958648045
ceil,tau q1 a 1.0 reserve 2.0,val,28.81898820989719,1655.5574702279234,2.524610785206294,7.495929188951973,0.9504250646068868,54.55749579003369,1.7903991578585547,1.7903991578585547,144877200.4461631,18.780613560195924,2.0113953478860007,57.08825994159653
ceil,tau q1 a 1.0 reserve 2.0,test,29.05518554409081,1661.0061000853166,1.9561918260284221,7.55026551395847,0.9582917303334738,54.738735911942996,1.9057778641111975,1.9057778641111975,145893472.0391954,14.650781317447983,1.804766715139319,59.180847113936764
ceil,tau q2 a 0.5 reserve 0.0,train,28.77383215257025,1642.9367432250674,1.9620380947806182,7.094486398395959,0.9491008391105475,54.155515220642506,1.1040571445543377,1.1040571445543377,134602902.55576345,14.74650271763343,2.4265628956668475,58.228658578126925
ceil,tau q2 a 0.5 reserve 0.0,val,28.42240644699868,1637.165536110028,2.515337946807619,7.212999712897139,0.9373039893558038,53.944479104281946,1.1923390908309701,1.1923390908309701,140084716.42639855,18.727979719859068,2.7969099811655758,57.73688880405468
ceil,tau q2 a 0.5 reserve 0.0,test,28.63812184879176,1641.5849883144963,1.9508868470542002,7.25014891665311,0.9444821757849542,54.09088362083631,1.2711948545281875,1.2711948545281875,140811827.8556505,14.604377104377104,2.634503308693945,59.8689076673077
ceil,tau q2 a 0.5 reserve 0.25,train,28.741205365416228,1642.2968886861786,1.9547324821196792,7.088653185199803,0.9480802713202213,54.13548128912046,1.0923846862098667,1.0923846862098667,134500482.78945026,14.695268644747392,2.4498450137656103,58.243717679219195
ceil,tau q2 a 0.5 reserve 0.25,val,28.398600971511925,1636.707093396684,2.509470351958151,7.208794827979763,0.9365606974760846,53.93009341654482,1.1839821259774854,1.1839821259774854,140008310.17616224,18.69145827962533,2.814586546942101,57.747162652178226
ceil,tau q2 a 0.5 reserve 0.25,test,28.61164310108328,1641.045743056696,1.9435338077347528,7.245413189775844,0.9436485179450201,54.07390984025918,1.2617197617197615,1.2617197617197615,140725136.50280583,14.546102046102046,2.6535449909425366,59.879365363043384
ceil,tau q2 a 0.5 reserve 0.5,train,28.713093535582413,1641.7219441019122,1.9496374460836798,7.08365231717523,0.9472076849132991,54.11752775176379,1.0824571564347023,1.0824571564347023,134410505.5471799,14.662597641747599,2.4703989628243184,58.25854377228613
ceil,tau q2 a 0.5 reserve 0.5,val,28.377271333467807,1636.290538634059,2.504460120899708,7.204978769564274,0.9358943874308148,53.91697385145125,1.1763878147288818,1.1763878147288818,139938902.43189827,18.65386267938472,2.8315868778305013,57.756849206968454
ceil,tau q2 a 0.5 reserve 0.5,test,28.58317401674932,1640.4555023295477,1.9367491479146586,7.2402647012825225,0.9427612819134121,54.0554407986665,1.2514892514892513,1.2514892514892513,140630452.79772082,14.502935336268669,2.6760736103425606,59.892123712534634
ceil,tau q2 a 0.5 reserve 1.0,train,28.663909182622962,1640.7486212314548,1.9428058103844084,7.075049154727916,0.9456925831601468,54.087372249186316,1.0655127862425378,1.0655127862425378,134257871.96132943,14.62027384240696,2.506521152273975,58.285898808583795
ceil,tau q2 a 0.5 reserve 1.0,val,28.33499835360671,1635.426579513165,2.4951332636179844,7.1973695054472815,0.934570254716516,53.88975903347789,1.1612099338317434,1.1612099338317434,139799373.4464209,18.59693219902036,2.8651298729917323,57.776411435892285
ceil,tau q2 a 0.5 reserve 1.0,test,28.53266403446295,1639.455325953969,1.9264200759614616,7.231367234300534,0.9411789684443822,54.024152161425825,1.2337477337477336,1.2337477337477336,140468155.24017957,14.415522748856079,2.7117144406886213,59.91466481948766
ceil,tau q2 a 0.5 reserve 2.0,train,28.573900684346942,1638.9600793966986,1.9341442565330775,7.058859778666319,0.9429313305352335,54.03240418828793,1.0337773619650121,1.0337773619650121,133975244.7684814,14.564584632748225,2.575709398054905,58.34090642336718
ceil,tau q2 a 0.5 reserve 2.0,val,28.258500206772464,1633.8790798127177,2.4833676580958666,7.183662020935416,0.9321685293903453,53.84094151877827,1.1338188536564404,1.1338188536564404,139547820.81017444,18.517444358511643,2.9237636917149143,57.814297324270996
ceil,tau q2 a 0.5 reserve 2.0,test,28.441004080368316,1637.6907558608323,1.9120457693453687,7.214798326669371,0.9383495895608925,53.96928257345718,1.2011892428559094,1.2011892428559094,140171562.92419925,14.304368471035135,2.7807226383714214,59.96238514454559
ceil,tau q2 a 0.7 reserve 0.0,train,28.843114982911015,1644.394317762438,1.9854290718550935,7.106839477234363,0.9513195961390088,54.20185023342424,1.1291766907244052,1.1291766907244052,134825768.18468028,14.996732899700017,2.3756691228474045,58.20561484541257
ceil,tau q2 a 0.7 reserve 0.0,val,28.466507997117176,1638.052716553387,2.528770876883908,7.220604049987248,0.93872486195707,53.97305566623699,1.2078499613302396,1.2078499613302396,140225418.73498327,18.854730600670273,2.7622052556731345,57.721741132521466
ceil,tau q2 a 0.7 reserve 0.0,test,28.685553306394322,1642.5299607318357,1.9680420755768735,7.258481546428739,0.9459934933050963,54.12115871136811,1.2880838297504962,1.2880838297504962,140964677.87481654,14.746827246827245,2.5999941212233155,59.85440735254294
ceil,tau q2 a 0.7 reserve 0.25,train,28.8009559754856,1643.5197514218273,1.9706009844234622,7.09961638740907,0.9499620082010994,54.173924784967696,1.114400487094954,1.114400487094954,134694763.05265972,14.823725088360213,2.406847534545234,58.21767974753462
ceil,tau q2 a 0.7 reserve 0.25,val,28.4396380370752,1637.5039351526166,2.520328501998159,7.21608691253452,0.9378504671434453,53.955225909601154,1.1985369940706367,1.1985369940706367,140142859.14685914,18.766649480106555,2.7832091994349617,57.72985689105554
ceil,tau q2 a 0.7 reserve 0.25,test,28.658408364673484,1641.9856461767429,1.957862955314682,7.253835113245846,0.9451227432055564,54.10364070209671,1.2786087369420702,1.2786087369420702,140880054.6860917,14.663731330397997,2.6197667138630343,59.861961581620015
ceil,tau q2 a 0.7 reserve 0.5,train,28.771198340312285,1642.89683838961,1.961635824449411,7.094218415511214,0.9490181792896258,54.15428716633549,1.103522528141614,1.103522528141614,134599058.94775608,14.74650271763343,2.4278319669547512,58.22908159172012
ceil,tau q2 a 0.7 reserve 0.5,val,28.420971886755055,1637.1567548619917,2.515285749822398,7.212934366259268,0.9372581506370768,53.94416414651139,1.1921887084300076,1.1921887084300076,140083938.41101658,18.72368307983157,2.797769531653983,57.73697045257342
ceil,tau q2 a 0.7 reserve 0.5,test,28.636698856710915,1641.5802419049116,1.9506197736705195,7.250155626257937,0.9444346899469965,54.09067142397365,1.271173271173271,1.271173271173271,140812980.52715188,14.595743762410427,2.6349186071926964,59.868465861341825
ceil,tau q2 a 0.7 reserve 1.0,train,28.727385170843807,1642.0213105231219,1.9521963601985777,7.086367151907123,0.947651725164266,54.12685963446338,1.0878330214737593,1.0878330214737593,134459085.82506162,14.678190620452048,2.459931149321252,58.25037594034321
ceil,tau q2 a 0.7 reserve 1.0,val,28.387838163715593,1636.5025057711948,2.5072393812634544,7.207007720716923,0.9362229741331299,53.923651862013266,1.1804159147546618,1.1804159147546618,139976438.48130962,18.676420039529088,2.8234777384447813,57.75165961506593
ceil,tau q2 a 0.7 reserve 1.0,test,28.59723285441271,1640.7600754614775,1.9404861331483758,7.2430263611316095,0.9431983450033974,54.06495409955721,1.2569822153155485,1.2569822153155485,140681787.53198653,14.526677026677023,2.6657255342695856,59.88535954487557
ceil,tau q2 a 0.7 reserve 2.0,train,28.656274657300717,1640.6018924780458,1.941955028725303,7.073776039033363,0.9454586327663264,54.082874524272285,1.0630253348777807,1.0630253348777807,134235745.09929016,14.612106091657015,2.5124791098889916,58.2900482918867
ceil,tau q2 a 0.7 reserve 2.0,val,28.32757556620232,1635.28503455843,2.493762379377815,7.196215643749918,0.9343359127202356,53.885268231483316,1.1588790066168255,1.1588790066168255,139778398.94869813,18.58404227893787,2.8703516624734817,57.77921718411536
ceil,tau q2 a 0.7 reserve 2.0,test,28.524852529850225,1639.3144339872538,1.925056313437499,7.2301557352355275,0.9409335157253247,54.019730995923496,1.2313303979970645,1.2313303979970645,140446976.8956229,14.407968574635241,2.7168972535906346,59.91776082458579
ceil,tau q2 a 1.0 reserve 0.0,train,28.96213376702995,1646.934947268257,2.050925491554206,7.127965727424856,0.9551342913209772,54.28372119767089,1.1725028958389023,1.1725028958389023,135218072.40131873,15.726632807627192,2.2898315696086367,58.18482793879776
ceil,tau q2 a 1.0 reserve 0.0,val,28.562431814627008,1639.8753166333408,2.575663452974941,7.236066764478731,0.9417767878513043,54.03117789540163,1.2392046919309099,1.2392046919309099,140505659.15244478,19.317693563633235,2.69676897677321,57.705946967422264
ceil,tau q2 a 1.0 reserve 0.0,test,28.770879762402572,1644.1372431314594,2.009339265902151,7.272454743920036,0.9487011469682323,54.1722889087629,1.3163040663040662,1.3163040663040662,141220496.19943023,15.124535957869288,2.5416555221855055,59.838628097059924
ceil,tau q2 a 1.0 reserve 0.25,train,28.890013772696403,1645.3525202082924,2.007386075933974,7.114977594266963,0.9528309599470307,54.232706092481905,1.1459354302177076,1.1459354302177076,134975530.30348393,15.2796340847664,2.3423362121372118,58.19549315820338
ceil,tau q2 a 1.0 reserve 0.25,val,28.494015580824435,1638.571536540919,2.5401445113281604,7.22528010255362,0.9396152103896513,53.989786674160094,1.2174851765919048,1.2174851765919048,140310566.809487,18.993297241557098,2.7431079601592474,57.715242446592846
ceil,tau q2 a 1.0 reserve 0.25,test,28.71256544379082,1643.0596026102803,1.980323227311072,7.263226103919036,0.9468605097455441,54.138186588974364,1.297763964430631,1.297763964430631,141053042.04912373,14.889277389277389,2.5809944844786394,59.847666188838566
ceil,tau q2 a 1.0 reserve 0.5,train,28.844413973249374,1644.4481845495927,1.986416753967127,7.107312794257009,0.9513732975501779,54.203735294296436,1.1302533487778075,1.1302533487778075,134837170.3090677,15.007870741631766,2.3737959965354154,58.204664897764545
ceil,tau q2 a 1.0 reserve 0.5,val,28.467148329436675,1638.0753676677284,2.529143019839152,7.220895602672812,0.938745345553942,53.973748955826125,1.2084300077339518,1.2084300077339518,140231571.02414712,18.852582280656524,2.760896784928992,57.720995693891446
ceil,tau q2 a 1.0 reserve 0.5,test,28.685364947390813,1642.5483516464042,1.9686381719014396,7.258713624751742,0.9459868283341437,54.12169223798686,1.2885262885262883,1.2885262885262883,140969889.4440128,14.753302253302254,2.5995001505130078,59.85395576271904
ceil,tau q2 a 1.0 reserve 1.0,train,28.789479449095012,1643.290613860228,1.9670242508049334,7.097661203122239,0.9495960214702363,54.16665603589388,1.1104354153672518,1.1104354153672518,134660790.0427693,14.789569039769518,2.414967752475698,58.221106255227646
ceil,tau q2 a 1.0 reserve 1.0,val,28.432624160728174,1637.3843189749853,2.5186089856528397,7.215068016892939,0.9376241879240993,53.951329207148525,1.1964531236573,1.1964531236573,140124228.96253332,18.750537080003436,2.788675924371279,57.73188207171939
ceil,tau q2 a 1.0 reserve 1.0,test,28.6500562913713,1641.8347346007704,1.9550462850887191,7.252582712704477,0.9448585127384745,54.09879777076651,1.276072692739359,1.276072692739359,140856805.74963307,14.63783130449797,2.625902643673326,59.863994567404625
ceil,tau q2 a 1.0 reserve 2.0,train,28.724523431784267,1641.9769494057277,1.9517971551399538,7.086026715084871,0.9475622716022197,54.125459377119185,1.0871499005019454,1.0871499005019454,134453055.61638302,14.676705574861145,2.4616050045909263,58.25122072842938
ceil,tau q2 a 1.0 reserve 2.0,val,28.385626230013973,1636.4698732924862,2.5070893473629567,7.2067802315142,0.9361531713443619,53.922620724115305,1.1799540259517056,1.1799540259517056,139972859.71066427,18.67427171951534,2.824985065366894,57.752244827681004
ceil,tau q2 a 1.0 reserve 2.0,test,28.594839822039212,1640.7105517701905,1.9401394498476687,7.24271849857962,0.9431245678084937,54.063435990779375,1.2563778813778812,1.2563778813778812,140676926.7396184,14.526677026677026,2.6676069373968043,59.88613008165379
ceil,tau q3 a 0.5 reserve 0.0,train,27.882325205723088,1613.2694842585197,1.9428446458577278,6.834768629078126,0.9197682356430859,53.18091283989421,0.5593052956725773,0.5593052956725773,129833931.29543497,14.623986456384209,3.623091496255183,58.96527213163295
ceil,tau q3 a 0.5 reserve 0.0,val,27.534081736078775,1609.041904734484,2.490238642590195,6.951268050276018,0.9081809841529065,53.02747925436136,0.6431318209160436,0.6431318209160436,135159227.81885368,18.56363323880725,3.62875445357744,58.40892534477382
ceil,tau q3 a 0.5 reserve 0.0,test,27.69394122773556,1611.6523542238476,1.925817579904032,6.971676311560004,0.9135219567885313,53.114961600410915,0.6868471035137701,0.6868471035137701,135570356.33747736,14.413364413364413,3.516904228156378,60.58244413843391
ceil,tau q3 a 0.5 reserve 0.25,train,27.857454459698765,1612.8982365676761,1.9385490631251785,6.831553925488062,0.918981070047124,53.169203071223905,0.5528007959844368,0.5528007959844368,129775902.60649262,14.597998158543467,3.636695225837146,58.97333194823389
ceil,tau q3 a 0.5 reserve 0.25,val,27.517028266464337,1608.810645477126,2.4876810915141054,6.949162745421667,0.9076423551168659,53.020029661934785,0.6388566640886827,0.6388566640886827,135119364.17126408,18.542150038669757,3.6384599517929175,58.4139558321189
ceil,tau q3 a 0.5 reserve 0.25,test,27.67404542917281,1611.361064130094,1.9207617696639387,6.969175813137635,0.9128863625455318,53.10550686475405,0.6817102650435983,0.6817102650435983,135522824.41224205,14.368039368039366,3.528805715879749,60.5870565149946
ceil,tau q3 a 0.5 reserve 0.5,train,27.835934041699847,1612.575123050759,1.9357610530780145,6.82882469469631,0.9183086053486036,53.15907360023712,0.5473432534378806,0.5473432534378806,129725468.8043007,14.572009860702723,3.648547808038175,58.98139847662774
ceil,tau q3 a 0.5 reserve 0.5,val,27.50298518519017,1608.5966721762984,2.485769037820037,6.947395595413431,0.9071963763870562,53.0130891757332,0.6352474864655839,0.6352474864655839,135084807.11618116,18.53140843860101,3.647936475659871,58.41831005166424
ceil,tau q3 a 0.5 reserve 0.5,test,27.65371479058404,1611.0451568648778,1.917291918970557,6.966630544678366,0.9122430626273623,53.09537301624064,0.6765410515410517,0.6765410515410517,135474012.08849174,14.335664335664335,3.541023218646608,60.59301598705247
ceil,tau q3 a 0.5 reserve 1.0,train,27.799210179593654,1612.0378505621193,1.932420894330003,6.824148816719584,0.9171766822267902,53.14239524435225,0.5381136950904393,0.5381136950904393,129639325.90412547,14.557159404793726,3.668229778429695,58.997078712686104
ceil,tau q3 a 0.5 reserve 1.0,val,27.47290389819248,1608.1564938103534,2.48109635945449,6.943632437745858,0.9062407407402938,52.99887559102073,0.6275672424164305,0.6275672424164305,135013224.3356535,18.49918363839477,3.6672302098986305,58.427269726309596
ceil,tau q3 a 0.5 reserve 1.0,test,27.617226345222893,1610.502261264814,1.91209300332102,6.962026880701282,0.9110908548512789,53.07801311144927,0.6672062505395839,0.6672062505395839,135388775.80669948,14.293576793576793,3.5615639652701705,60.60404572713852
ceil,tau q3 a 0.5 reserve 2.0,train,27.7371100726249,1611.1299542120494,1.9277681148889165,6.816264929127327,0.91527102004212,53.1144865513002,0.5226098191214471,0.5226098191214471,129496201.41809975,14.528201015771183,3.7023671179551623,59.02469295723014
ceil,tau q3 a 0.5 reserve 2.0,val,27.420419666402307,1607.3509422768773,2.475162822087582,6.937088298970798,0.9045769287144736,52.9728363392385,0.6142369167311162,0.6142369167311162,134887305.94302657,18.458365558133536,3.6990223787180216,58.44457633492655
ceil,tau q3 a 0.5 reserve 2.0,test,27.555258988078233,1609.6318948028393,1.9052574416017019,6.95438032414249,0.9091557995822735,53.05032827827259,0.6518604851938186,0.6518604851938186,135244895.85366488,14.238539238539236,3.5983820149487986,60.625353156422015
ceil,tau q3 a 0.7 reserve 0.0,train,27.938053111844724,1614.106184209332,1.955450574098151,6.841810131229849,0.9215769093208941,53.20791622073171,0.5739255695149842,0.5739255695149842,129963297.7100597,14.75095785440613,3.593186336869922,58.953481201644955
ceil,tau q3 a 0.7 reserve 0.0,val,27.56739849551066,1609.5778617744354,2.4981223778275417,6.955430431820609,0.9092744944817606,53.04528270264754,0.6518969665721406,0.6518969665721406,135240760.2181834,18.63882443928847,3.6035584893717676,58.4013693080596
ceil,tau q3 a 0.7 reserve 0.0,test,27.727332763479176,1612.1775622627704,1.9352287656387945,6.9758474760355496,0.9146042131397896,53.13227759205257,0.6955236121902789,0.6955236121902789,135650743.77354744,14.501856168522833,3.4932115895739435,60.57548177445271
ceil,tau q3 a 0.7 reserve 0.25,train,27.90398008443193,1613.5932416397227,1.947199214001336,6.837557933402805,0.9204688207780349,53.19128859956177,0.5650598473373132,0.5650598473373132,129885255.52977517,14.6596275505658,3.6122321482430717,58.95986869237475
ceil,tau q3 a 0.7 reserve 0.25,val,27.547075939682742,1609.245282436763,2.4929479910018073,6.952895629596162,0.9086003541088258,53.03414804168534,0.64650468333763,0.64650468333763,135191765.17667785,18.586190598951614,3.6200951656812417,58.40549866180259
ceil,tau q3 a 0.7 reserve 0.25,test,27.708205225696293,1611.8750370869031,1.9297145547708108,6.973478866392211,0.913979672406263,53.12224307239384,0.6905594405594406,0.6905594405594406,135605451.11991712,14.448976948976945,3.507278046576328,60.57916075128024
ceil,tau q3 a 0.7 reserve 0.5,train,27.879267655504083,1613.22190268673,1.9423076202134144,6.834425510965819,0.9196704595040188,53.179435277742556,0.5585998990168999,0.5585998990168999,129828277.48035286,14.62027384240696,3.6246832525292065,58.965905408682076
ceil,tau q3 a 0.7 reserve 0.5,val,27.53252516780913,1609.0259833108398,2.4900636126295654,6.951087196866564,0.9081307119311464,53.026937177663704,0.6427558649136376,0.6427558649136376,135156099.05061442,18.5614849187935,3.6298608614082215,58.40933155314299
ceil,tau q3 a 0.7 reserve 0.5,test,27.69180548911093,1611.6278795280327,1.925370229198988,6.971433377180243,0.9134541123094989,53.1141567587308,0.6863506863506865,0.6863506863506865,135566629.85936287,14.406889406889405,3.518380731576866,60.58282202097996
ceil,tau q3 a 0.7 reserve 1.0,train,27.846269492910114,1612.7382288010094,1.9369154936799131,6.830162764302682,0.9186325770631429,53.16421294388497,0.5500237607294545,0.5500237607294545,129750400.9409249,14.583890225429919,3.642415547983901,58.97737313451227
ceil,tau q3 a 0.7 reserve 1.0,val,27.509508732150813,1608.699519848576,2.4869194373472587,6.948222874084546,0.9074019904777182,53.01641728575081,0.6369231760763084,0.6369231760763084,135101633.38283062,18.540001718656008,3.6433382316146585,58.41620047695367
ceil,tau q3 a 0.7 reserve 1.0,test,27.662893403592328,1611.1962940458627,1.9189087546857415,6.96779348641983,0.9125304441592039,53.100158829020025,0.6788828455495124,0.6788828455495124,135496765.26538894,14.351851851851851,3.5359289779255394,60.59006968583168
ceil,tau q3 a 0.7 reserve 2.0,train,27.793590414877013,1611.957628911144,1.9319385074749469,6.82346004879941,0.9170027307452955,53.13991798469214,0.5367474531468116,0.5367474531468116,129626876.92387658,14.554189313611927,3.6715299992077957,58.99936187885347
ceil,tau q3 a 0.7 reserve 2.0,val,27.46726466554228,1608.0736999812607,2.4804278448413353,6.94293579259155,0.9060620015574172,52.99620015546722,0.6261493512073558,0.6261493512073558,135000543.6507691,18.49166451834665,3.670521823618484,58.42894420956301
ceil,tau q3 a 0.7 reserve 2.0,test,27.611444118284865,1610.4198791578835,1.9115294770391236,6.9613311876838635,0.91090636271878,53.075347308770134,0.6657817491150825,0.6657817491150825,135375585.29715964,14.290339290339288,3.5645270107639906,60.605823097888184
ceil,tau q3 a 1.0 reserve 0.0,train,28.028344382962292,1615.4538227962983,1.9932012910157393,6.853577150410943,0.9244632432509247,53.25173019365357,0.5981243874186938,0.5981243874186938,130186454.58166267,15.16157296028988,3.547425735223635,58.94313414132748
ceil,tau q3 a 1.0 reserve 0.0,val,27.64393813901597,1610.7214946498048,2.5287795267559723,6.965167857175634,0.9117291568672219,53.08247539571715,0.671940792300421,0.671940792300421,135422313.08962792,18.995445561570847,3.558106843004834,58.39160294293957
ceil,tau q3 a 1.0 reserve 0.0,test,27.794151814533915,1613.1440624750344,1.961543426092062,6.984222476383223,0.9167446364962184,53.16365941704175,0.7127471294137961,0.7127471294137961,135809872.98273334,14.783518950185615,3.4549096621612763,60.56668694445465
ceil,tau q3 a 1.0 reserve 0.25,train,27.97428310412924,1614.6342939564352,1.9693752963824567,6.846517291475528,0.9227443043645684,53.22518372500032,0.5836748938192403,0.5836748938192403,130052235.97136833,14.938073598859484,3.575647522764756,58.948637253315596
ceil,tau q3 a 1.0 reserve 0.25,val,27.588471119343858,1609.8791386127318,2.50515907589359,6.95814139571443,0.9099608917764521,53.05513923672752,0.6575577898083698,0.6575577898083698,135289937.6229269,18.736572999914063,3.589478534812647,58.39794554365754
ceil,tau q3 a 1.0 reserve 0.25,test,27.74708543660822,1612.4503050926699,1.9417836870471747,6.97831525883453,0.9152446453974544,53.14120008772457,0.7006496589829923,0.7006496589829923,135698309.3859967,14.582793749460416,3.4813443729652547,60.5721843415726
ceil,tau q3 a 1.0 reserve 0.5,train,27.93893130304104,1614.1236782849044,1.9558046955115,6.84195403999694,0.9216143090444261,53.20863925392478,0.5743042561406636,0.5743042561406636,129968163.67614126,14.756898036769728,3.5915492091680123,58.95332896932471
ceil,tau q3 a 1.0 reserve 0.5,val,27.566706517389022,1609.5643606474575,2.497850719966427,6.955364629394318,0.9092527103897727,53.04484053012444,0.6517680673713157,0.6517680673713157,135239831.8841626,18.636676119274725,3.604457123629187,58.401350928614484
ceil,tau q3 a 1.0 reserve 0.5,test,27.726660767320325,1612.1772128283158,1.9351845366875138,6.975774089100057,0.9145839299633589,53.13227122892529,0.6953833203833205,0.6953833203833205,135650292.77104378,14.502935336268669,3.4935086217634046,60.57557971533176
ceil,tau q3 a 1.0 reserve 1.0,train,27.893676853143297,1613.4393595285578,1.944951418666265,6.836283568812841,0.9201349808219021,53.18636570218456,0.5624164661855119,0.5624164661855119,129862752.45270132,14.640321957884105,3.61708819984006,58.96189024262671
ceil,tau q3 a 1.0 reserve 1.0,val,27.540686117098815,1609.1517433316608,2.4915292402124196,6.952113947087937,0.9083922581577438,53.031034176551124,0.6448719601271806,0.6448719601271806,135176959.83896193,18.57330067886912,3.6244938461408625,58.40682751321768
ceil,tau q3 a 1.0 reserve 1.0,test,27.701451102485013,1611.773951470473,1.9278463470745637,6.972642427710473,0.9137609243395967,53.11889387513021,0.6888219804886472,0.6888219804886472,135589341.60096693,14.434947768281098,3.5121954824319555,60.580576971041175
ceil,tau q3 a 1.0 reserve 2.0,train,27.843178739893652,1612.691853314523,1.9365749361280904,6.82979817912081,0.9185372056188115,53.162781089101394,0.549303513617868,0.549303513617868,129743862.11310107,14.577207520270871,3.644183111312279,58.97847368878139
ceil,tau q3 a 1.0 reserve 2.0,val,27.50771858461473,1608.6757644454271,2.4867421320075023,6.948004306342899,0.9073456020059635,53.015649507232695,0.6364827704734898,0.6364827704734898,135097546.65137064,18.540001718656008,3.6445794915672622,58.416795398356086
ceil,tau q3 a 1.0 reserve 2.0,test,27.660384017269966,1611.156954660004,1.9185146191184714,6.967497682886059,0.9124520898599823,53.098894163108575,0.6782893032893034,0.6782893032893034,135491548.90632826,14.349693516360182,3.5375236608901313,60.59073689295951
