family,name,split,J_cov,J_psnr,J_D,J_B,cov,psnr,extra,useful,bits,stall_pct,qvar_dB,buffer_seg
published,predicted viewport only,train,25.83168179189445,1582.3935437394086,1.9206911349718216,6.569821515370775,0.8521667265366497,52.15950672088304,0.0,0.0,124670927.91089728,14.486619739225992,4.80003465238496,59.7403485844838
published,predicted viewport only,val,25.191205639356365,1570.9906335566127,2.4672301752095973,6.6528640989349705,0.8294317664439023,51.743299145247576,0.0,0.0,129073386.962963,18.39821259774856,5.295441719150363,59.12507011049586
published,predicted viewport only,test,25.19120563935636,1570.990633556613,1.8981722762323552,6.65286409893497,0.8294317664439024,51.743299145247576,0.0,0.0,129073386.96296296,14.16839333506,5.295441719150363,61.3458079349175
published,QER 120x60 (MMSP),train,26.7632867688466,1604.5158374763548,2.6812748745480266,7.704702300301391,0.883394768354817,52.90721739115837,2.412575366063739,0.6574519587751344,146709418.4427812,20.848555050640048,4.27514930398752,57.29579266831131
published,QER 120x60 (MMSP),val,25.899733365940133,1588.9354261216697,3.186506726796153,7.658837931880667,0.8534792723976018,52.34239901588459,2.1296296296296298,0.6018518518518517,148041667.85185185,23.544513190684874,4.654549968427583,57.18960415738568
published,QER 120x60 (MMSP),test,25.899733365940133,1588.9354261216693,2.504883450931224,7.658837931880667,0.8534792723976017,52.34239901588458,2.1296296296296298,0.6018518518518517,148041667.85185185,18.696581196581192,4.654549968427584,59.29008569408551
published,QER 160x80 (MMSP),train,27.56817906481604,1627.2044619648689,3.2320124934136043,8.708595459395397,0.909460259858278,53.64466702917349,4.507751937984497,1.126563010484422,164940875.9470136,22.389289851198424,3.7076934484687376,55.26453954417094
published,QER 160x80 (MMSP),val,26.882117776569995,1609.0887494297328,3.631290339291862,8.443504118101908,0.8860519281074785,53.01970477491328,3.805555555555556,1.0092592592592593,162413731.55555555,24.683122797971976,4.204809486507188,55.853010209147904
published,QER 160x80 (MMSP),test,26.88211777657,1609.0887494297328,2.8824032185807016,8.443504118101906,0.8860519281074783,53.019704774913286,3.805555555555556,1.009259259259259,162413731.55555555,19.801648968315625,4.204809486507187,57.87219484165294
published,QER 200x100 (MMSP),train,28.782603255823176,1655.7778473429514,5.254639755525291,15.814892916572846,0.9492125568672516,54.57774218094599,19.53022067777481,1.9814517805696632,251659752.2592296,27.345629510825976,2.339743663502714,46.69988030807399
published,QER 200x100 (MMSP),val,28.18161202099024,1641.8193650052335,5.861078233251553,16.123343586791535,0.9285386603240744,54.092067495518656,19.944444444444454,2.0370370370370376,257926073.5555556,29.52113946893528,3.077991114754279,46.85896990793383
published,QER 200x100 (MMSP),test,28.18161202099024,1641.8193650052335,4.82537693681037,16.123343586791535,0.928538660324074,54.092067495518656,19.944444444444457,2.037037037037037,257926073.55555555,24.460416127082784,3.07799111475428,48.26567344814335
published,"average-based, bounds 30/15 (MMSP)",train,27.97120666467636,1642.9395892610423,4.202320050159726,11.66283328047698,0.923100879602928,54.16773513973237,10.76162790697674,1.6112224895304288,199848066.33876863,24.532953161662054,2.862590468828401,51.711538294896265
published,"average-based, bounds 30/15 (MMSP)",val,27.768034266825666,1630.5551039984186,4.739437528646844,11.74846004387071,0.91534571279321,53.72342350719133,10.749999999999996,1.648148148148148,202171508.0740741,26.85077769184497,3.1855833656159263,52.0384033199662
published,"average-based, bounds 30/15 (MMSP)",test,27.768034266825666,1630.5551039984189,3.830881790714156,11.748460043870711,0.91534571279321,53.72342350719133,10.749999999999996,1.6481481481481484,202171508.0740741,21.74738841405508,3.1855833656159267,53.81097388014409
published,"average-based, fitted to our error data (MMSP rule)",train,28.297876309493297,1649.2338808781883,3.72454449956244,9.730474777751926,0.933109445109017,54.36511314742911,6.6933083845674055,1.7222519231340403,183065178.15866223,23.429564287623624,2.65248427609261,53.533985713163005
published,"average-based, fitted to our error data (MMSP rule)",val,28.03971545756466,1637.7583087967942,4.370344942726035,9.78348956365662,0.9235525123304196,53.94462141506684,6.564814814814814,1.703703703703704,186656183.3333333,26.073085846867738,3.2446511237341427,53.35780324598391
published,"average-based, fitted to our error data (MMSP rule)",test,28.03971545756466,1637.758308796794,3.5231063929255537,9.783489563656625,0.9235525123304198,53.94462141506684,6.564814814814814,1.703703703703704,186656183.3333333,21.131183631183625,3.2446511237341418,55.2242008685365
published,"threshold 10 s base layer, enlarged viewport (ASL360, adapted)",train,27.71915695477197,1633.7493590879826,2.200842430641655,8.939669353964963,0.914574441077648,53.866517598526734,5.0770070391161,1.3316032552199353,169043583.79892483,17.099557456413912,3.177620332819952,53.84777243254882
published,"threshold 10 s base layer, enlarged viewport (ASL360, adapted)",val,27.28315730612301,1620.164405159369,2.729037356920363,8.853266224671307,0.899114797703681,53.37573423846642,4.683391337973704,1.2550378104322422,170289758.83844632,20.55620005155968,3.787169876821592,53.78189037382919
published,"threshold 10 s base layer, enlarged viewport (ASL360, adapted)",test,27.41977364163168,1623.37004695672,2.1563417550719994,8.99620808663446,0.9036593003744038,53.48205715553614,4.9884421134421135,1.3351247517914184,172974350.55451956,16.38932055598722,3.68805063929434,55.66917083055107
lit,QER 120x60,train,26.7632867688466,1604.5158374763548,2.6812748745480266,7.704702300301391,0.883394768354817,52.90721739115837,2.412575366063739,0.6574519587751344,146709418.4427812,20.848555050640048,4.27514930398752,57.29579266831131
lit,QER 120x60,val,25.899733365940133,1588.9354261216697,3.186506726796153,7.658837931880667,0.8534792723976018,52.34239901588459,2.1296296296296298,0.6018518518518517,148041667.85185185,23.544513190684874,4.654549968427583,57.18960415738568
lit,QER 120x60,test,25.899733365940133,1588.9354261216693,2.504883450931224,7.658837931880667,0.8534792723976017,52.34239901588458,2.1296296296296298,0.6018518518518517,148041667.85185185,18.696581196581192,4.654549968427584,59.29008569408551
lit,QER 160x80,train,27.56817906481604,1627.2044619648689,3.2320124934136043,8.708595459395397,0.909460259858278,53.64466702917349,4.507751937984497,1.126563010484422,164940875.9470136,22.389289851198424,3.7076934484687376,55.26453954417094
lit,QER 160x80,val,26.882117776569995,1609.0887494297328,3.631290339291862,8.443504118101908,0.8860519281074785,53.01970477491328,3.805555555555556,1.0092592592592593,162413731.55555555,24.683122797971976,4.204809486507188,55.853010209147904
lit,QER 160x80,test,26.88211777657,1609.0887494297328,2.8824032185807016,8.443504118101906,0.8860519281074783,53.019704774913286,3.805555555555556,1.009259259259259,162413731.55555555,19.801648968315625,4.204809486507187,57.87219484165294
lit,QER 200x100,train,28.782603255823176,1655.7778473429514,5.254639755525291,15.814892916572846,0.9492125568672516,54.57774218094599,19.53022067777481,1.9814517805696632,251659752.2592296,27.345629510825976,2.339743663502714,46.69988030807399
lit,QER 200x100,val,28.18161202099024,1641.8193650052335,5.861078233251553,16.123343586791535,0.9285386603240744,54.092067495518656,19.944444444444454,2.0370370370370376,257926073.5555556,29.52113946893528,3.077991114754279,46.85896990793383
lit,QER 200x100,test,28.18161202099024,1641.8193650052335,4.82537693681037,16.123343586791535,0.928538660324074,54.092067495518656,19.944444444444457,2.037037037037037,257926073.55555555,24.460416127082784,3.07799111475428,48.26567344814335
lit,average-based 0.05x,train,25.93631323250857,1586.1152887808532,2.013561689298389,6.707894698454765,0.8556526374590131,52.28783236231688,0.293251952834952,0.1111779381627016,127413815.81442869,15.44224657696991,4.723426868212333,59.42651854476888
lit,average-based 0.05x,val,25.28746103258201,1572.7412285088462,2.5083299640864967,6.725264684582917,0.8329039886661243,51.80644838282852,0.1666666666666666,0.0277777777777777,130512511.70370369,18.75375956002405,5.3138139490828245,59.0358301735605
lit,average-based 0.05x,test,25.28746103258201,1572.7412285088462,1.929279885179691,6.725264684582917,0.8329039886661243,51.80644838282851,0.1666666666666666,0.0277777777777777,130512511.7037037,14.463006129672795,5.313813949082824,61.25059166520786
lit,"threshold, margin 0.05x",train,25.92007800565772,1585.539931791179,1.94074291207099,6.683476775763549,0.8551180334296024,52.26831559452869,0.2424782440820933,0.0941518904630372,126933754.78351004,14.682645757224746,4.732856977240033,59.435560454208144
lit,"threshold, margin 0.05x",val,25.26881294595941,1572.4020761225088,2.470212014011113,6.711360000063535,0.8322312959618192,51.79421413378441,0.134774856062559,0.0223962361433359,130236832.1001117,18.4175474778723,5.310254595952057,59.03770403822561
lit,"threshold, margin 0.05x",test,25.273998739823178,1572.4963900539883,1.9010063298285724,6.7152090271352085,0.832418363180499,51.7976163216284,0.1436048519381852,0.0238927738927738,130313251.48363982,14.194293360960026,5.311244406434928,61.25255064578408
lit,average-based 0.1x,train,26.06896550162549,1589.8637493103568,2.0848480707717445,6.820494445165554,0.8600341350933176,52.41309203134772,0.5339481422079658,0.2130075143306899,129524101.87002882,16.032552199352516,4.664306493225221,59.20359905892371
lit,average-based 0.1x,val,25.63609122847121,1580.766699936641,2.657376274135512,6.9149348175639895,0.8437366507031614,52.057991378739096,0.5648148148148149,0.1574074074074073,134074690.22222222,20.02449084815673,5.222314840053347,58.63856624204104
lit,average-based 0.1x,test,25.63609122847121,1580.766699936641,2.0558684385018875,6.914934817563988,0.8437366507031615,52.05799137873909,0.5648148148148149,0.1574074074074073,134074690.22222222,15.548648881982214,5.222314840053347,60.82896966869222
lit,"threshold, margin 0.1x",train,26.02535349467544,1588.607455881586,1.952742554821724,6.773828711935651,0.8586081193648577,52.37093892307717,0.4367741839674477,0.1772476165018266,128638699.52722088,14.796251744928568,4.689436474306657,59.21912518693412
lit,"threshold, margin 0.1x",val,25.523489521658025,1578.307031730334,2.4850736337364143,6.853674991371074,0.8401552020909763,51.979535628869066,0.4352926011858726,0.117674228753115,132917788.84893017,18.518518518518515,5.238752479578777,58.6530641272052
lit,"threshold, margin 0.1x",test,25.546656787135515,1578.8171040848508,1.9201129629823857,6.866920931511562,0.8409005552939409,51.99594239816592,0.4637723387723387,0.1257014590347923,133170506.48588447,14.346456013122678,5.23515819070503,60.84404167466825
lit,average-based 0.15x,train,26.256443018092327,1595.6831416575344,2.180445475030372,6.951769864614295,0.8664670506409414,52.61039549770605,0.8117704713534706,0.336518756125813,132066612.67130002,16.91986693991505,4.489382031443348,58.92424006792928
lit,average-based 0.15x,val,25.7295225195924,1581.190527647702,2.7911849128273776,7.071653406251472,0.8473188335954327,52.07411843913753,0.8796296296296298,0.2407407407407407,136802789.85185185,20.904227893787056,5.192900240958548,58.30463242155012
lit,average-based 0.15x,test,25.729522519592404,1581.190527647702,2.172921106338021,7.071653406251472,0.8473188335954328,52.07411843913753,0.8796296296296298,0.2407407407407406,136802789.85185185,16.332124665457997,5.192900240958548,60.474694087655074
lit,"threshold, margin 0.15x",train,26.173637239660525,1593.1650418027589,1.9643083617525865,6.871800231065006,0.8637503300429404,52.527181883360896,0.6476061065074697,0.2731964121298523,130582177.38703258,14.892037185541597,4.555794768761312,58.96587471806734
lit,"threshold, margin 0.15x",val,25.600309135282725,1578.655293353383,2.504606929797565,6.954392173879736,0.8431073652537369,51.99281904742121,0.6428847641144625,0.1858726475895849,134676108.9261837,18.734424679900314,5.214382330352965,58.38052298637072
lit,"threshold, margin 0.15x",test,25.626808129310582,1579.1683151872203,1.940061573224621,6.973736343825648,0.8439840353588318,52.00940992702274,0.6838470171803505,0.1972826556159889,135035339.2027972,14.552577052577051,5.210109060826782,60.554784463345406
lit,average-based 0.2x,train,26.35148846869423,1599.1499624941323,2.2690785307849084,7.093039133659508,0.8696266102359949,52.725896108998654,1.1172369241735722,0.4198298137752828,134653294.73753306,17.859158276159075,4.434400024441514,58.6502580196515
lit,average-based 0.2x,val,25.839119453993344,1584.9764826171456,2.856244393359685,7.1752583920787245,0.8507794261880255,52.19429942748489,1.101851851851852,0.3425925925925926,138645751.25925925,21.240439975938813,5.095227781905954,58.12976377529209
lit,average-based 0.2x,test,25.83911945399334,1584.9764826171458,2.2265389969252087,7.175258392078724,0.8507794261880255,52.194299427484886,1.101851851851852,0.3425925925925925,138645751.25925925,16.6364499697833,5.095227781905954,60.28844609651267
lit,"threshold, margin 0.2x",train,26.248322097209424,1595.9100745865287,1.976334375033561,6.985473625274915,0.8662408378670213,52.61892099337989,0.8945172116783986,0.3402239448751076,132663939.97487302,15.020493629154414,4.511009075591611,58.698820502822805
lit,"threshold, margin 0.2x",val,25.681117766291983,1581.4955559359512,2.5121602559351195,7.033814623400311,0.8456545617981641,52.08299446514291,0.8137191716078027,0.2632873592850391,136093922.29131222,18.77846524018217,5.143907033905394,58.20793946160575
lit,"threshold, margin 0.2x",test,25.714304989447754,1582.2145151808918,1.9483591929363493,7.058530038731189,0.8467470269539138,52.10615320021807,0.8662263662263664,0.2802706552706552,136548172.8515065,14.6356729690063,5.133973500386594,60.37128499550073
lit,average-based 0.25x,train,26.459388776262497,1601.8987430960087,2.341506918506753,7.219208606257462,0.8735182981961712,52.824298226960565,1.4012667438890376,0.4908521191600582,137294941.790668,18.404912530814688,4.318794505158259,58.45558589004765
lit,average-based 0.25x,val,26.151592665983173,1593.0763329615306,2.9656831921158875,7.337443128587495,0.8617651844986699,52.47679860894911,1.462962962962963,0.5555555555555555,142003546.14814815,22.170662541892234,4.757718258664595,57.859112580924
lit,average-based 0.25x,test,26.151592665983166,1593.0763329615309,2.3129311188735007,7.337443128587494,0.8617651844986698,52.4767986089491,1.462962962962963,0.5555555555555555,142003546.14814815,17.409134075800736,4.757718258664596,60.000595111467504
lit,"threshold, margin 0.25x",train,26.336498573081546,1598.1448235091204,1.9867445855034456,7.089402146941433,0.8694398547281776,52.69939338022676,1.1292806439157683,0.398623362737236,134849616.50539073,15.128159434494638,4.410091544326185,58.50671121931472
lit,"threshold, margin 0.25x",val,25.928220006698577,1587.8795673889156,2.5254328124729963,7.162100233478677,0.8543722277474964,52.30642062003849,1.100079487840509,0.4344010483801667,138750771.13482854,18.903067800979628,4.882469592619783,57.94205473621888
lit,"threshold, margin 0.25x",test,25.977282545879103,1589.0153627083994,1.9611788574940825,7.194970676167628,0.8560192942242631,52.34403405135426,1.1706703790037123,0.4622075455408788,139373242.7729431,14.764093930760598,4.854559727214184,60.08777187091908
lit,average-based 0.35x,train,26.79548705350004,1611.7667915488407,2.4784562190160506,7.475525406718352,0.8847789676410954,53.16010678994068,1.95680002376073,0.7038150821230212,142299598.13876268,19.10511152692387,4.051975210505344,57.96820988471247
lit,average-based 0.35x,val,26.23348876518648,1595.8499169923384,3.127216462938584,7.621775829802816,0.8641674363505216,52.56148062329813,2.064814814814815,0.6666666666666665,147519193.92592594,22.64758958494457,4.59044393977745,57.33894693746849
lit,average-based 0.35x,test,26.233488765186475,1595.8499169923386,2.4505696137543698,7.621775829802817,0.8641674363505217,52.56148062329813,2.064814814814815,0.6666666666666665,147519193.92592588,17.921738755072084,4.590443939777449,59.4471848262892
lit,"threshold, margin 0.35x",train,26.604859995775904,1606.1753318347205,2.00801329748338,7.293042232845294,0.8784943334055106,52.97394588202564,1.573116219667944,0.5692031245359234,138835951.63063946,15.32047283851614,4.197215757630677,58.028707841699806
lit,"threshold, margin 0.35x",val,25.980832049882096,1589.8271589201602,2.549643241341237,7.362201002922969,0.8559116111209845,52.36582186619544,1.531752169803214,0.5101400704648964,142705596.04227895,19.12219644238205,4.76401990247412,57.47760142745224
lit,"threshold, margin 0.35x",test,26.03236886295348,1591.0606338717412,1.986503512913095,7.407886496624815,0.8576320879465433,52.4063967693985,1.6300612967279635,0.5420767504100837,143582073.39851508,15.000431667098333,4.729230771788836,59.59443347880178
lit,average-based 0.5x,train,27.01917375035147,1618.3797913452338,2.678285490680297,7.82080076278802,0.8920775771512569,53.37374482373652,2.685103507677686,0.8797929846446287,148755933.88957205,20.080786480144933,3.8452910947678456,57.25884405149237
lit,average-based 0.5x,val,26.82444713208145,1611.7090559444164,3.350654458603957,7.99105918313315,0.8839688510654703,53.093608308219935,2.842592592592593,0.9814814814814816,154705786.14814815,23.442467990031787,3.878576145192684,56.612254471165215
lit,average-based 0.5x,test,26.824447132081453,1611.7090559444164,2.6448799130185536,7.991059183133149,0.8839688510654704,53.093608308219935,2.842592592592593,0.9814814814814816,154705786.14814815,18.731114564447893,3.878576145192684,58.67467630018362
lit,"threshold, margin 0.5x",train,26.78004775555468,1611.260787013827,2.042431125596341,7.557250419783364,0.8842338458193196,53.13906106755171,2.135517835397547,0.7056936647955093,143794890.04377916,15.683566485491102,4.041714983573614,57.35167677854104
lit,"threshold, margin 0.5x",val,26.427035779757013,1601.7614337508587,2.58749797986058,7.627312399998099,0.8709361269628673,52.76864168943482,2.096921457420298,0.7463048895763513,147977770.47237262,19.447666924465064,4.2374911550075085,56.795695511782434
lit,"threshold, margin 0.5x",test,26.50576683933941,1603.751006839962,2.0231876683881977,7.689158381461827,0.873564427848963,52.83457116051196,2.229690063023397,0.7932962099628768,149172016.11715448,15.337132003798668,4.168652786281008,58.870621129475175
lit,average-based 0.75x,train,27.59570721650149,1633.4450854375852,3.1567268856601927,8.633774721543006,0.91061655696499,53.8573225823892,4.394843921708396,1.2747779856841608,163646547.90858063,21.929668240814983,3.302041437011631,55.64562711627003
lit,average-based 0.75x,val,27.23790175064097,1624.5223848878247,3.689743559848835,8.555618153115693,0.8984170224805939,53.52718025169695,4.055555555555557,1.2592592592592595,165908694.51851854,24.405989516198325,3.442081361594343,55.65295410608572
lit,average-based 0.75x,test,27.237901750640965,1624.522384887825,2.9342301235643355,8.555618153115695,0.8984170224805939,53.52718025169695,4.055555555555557,1.2592592592592595,165908694.51851854,19.62142795476128,3.442081361594343,57.65947657991761
lit,"threshold, margin 0.75x",train,27.20712422581611,1622.3236546857945,2.107727723831508,8.144128420525393,0.8980496658084277,53.49615212002824,3.390663518370014,1.0012103121565834,154764946.24996287,16.27312958507826,3.641660837726113,55.86835923755872
lit,"threshold, margin 0.75x",val,26.74380543245432,1611.3300833817684,2.6323814849414364,8.032280410163317,0.8821201527267175,53.09591516193007,2.980568445475639,0.950266391681705,156100825.69407925,19.819326286843683,3.904171718246714,55.92179955052442
lit,"threshold, margin 0.75x",test,26.84123403236441,1613.887223254824,2.063771664935765,8.119422945736288,0.8854065345138271,53.18121996024247,3.1686523353190026,1.0095722179055515,157802784.3375637,15.693257359924024,3.815717444404648,57.94353637241439
lit,average-based 1.0x,train,28.297876309493297,1649.2338808781883,3.72454449956244,9.730474777751926,0.933109445109017,54.36511314742911,6.6933083845674055,1.7222519231340403,183065178.15866223,23.429564287623624,2.65248427609261,53.533985713163005
lit,average-based 1.0x,val,28.03971545756466,1637.7583087967942,4.370344942726035,9.78348956365662,0.9235525123304196,53.94462141506684,6.564814814814814,1.703703703703704,186656183.3333333,26.073085846867738,3.2446511237341427,53.35780324598391
lit,average-based 1.0x,test,28.03971545756466,1637.758308796794,3.5231063929255537,9.783489563656625,0.9235525123304198,53.94462141506684,6.564814814814814,1.703703703703704,186656183.3333333,21.131183631183625,3.2446511237341418,55.2242008685365
lit,"threshold, margin 1.0x",train,27.71915695477197,1633.7493590879826,2.200842430641655,8.939669353964963,0.914574441077648,53.866517598526734,5.0770070391161,1.3316032552199353,169043583.79892483,17.099557456413912,3.177620332819952,53.84777243254882
lit,"threshold, margin 1.0x",val,27.28315730612301,1620.164405159369,2.729037356920363,8.853266224671307,0.899114797703681,53.37573423846642,4.683391337973704,1.2550378104322422,170289758.83844632,20.55620005155968,3.787169876821592,53.78189037382919
lit,"threshold, margin 1.0x",test,27.41977364163168,1623.37004695672,2.1563417550719994,8.99620808663446,0.9036593003744038,53.48205715553614,4.9884421134421135,1.3351247517914184,172974350.55451956,16.38932055598722,3.68805063929434,55.66917083055107
lit,average-based 1.5x,train,28.975742849131592,1663.113201839744,4.471695994547722,11.319097135250862,0.9545757940307428,54.80157726583988,10.001240013068402,2.098710980427099,211711942.33437288,25.227954498203086,2.0554298005190192,50.43881668380441
lit,average-based 1.5x,val,28.861237621959813,1661.9518674980527,5.042758680041163,11.319308602633978,0.9510731044753088,54.75776565598997,9.824074074074073,2.425925925925926,215449726.0,27.55435249634785,2.231738351886572,50.74437721170356
lit,average-based 1.5x,test,28.86123762195982,1661.951867498053,4.096970076529499,11.31930860263398,0.9510731044753088,54.75776565598998,9.824074074074073,2.425925925925926,215449726.0,22.442372442372434,2.2317383518865714,52.42910386853647
lit,"threshold, margin 1.5x",train,28.1837102231444,1643.0108021937936,2.345754862537284,10.02960730183319,0.9293704257206336,54.157959366512856,7.381716118684843,1.5846401734533253,189057021.4662746,18.118298731771063,2.7739955328279406,50.973174607496645
lit,"threshold, margin 1.5x",val,27.866895005288765,1637.4954590916263,2.83114285626567,9.893588382226442,0.9187398800955014,53.96082432283947,6.927451233135688,1.7776703617770904,190241117.53931424,21.401563976970007,3.078458563559527,51.36404676684803
lit,"threshold, margin 1.5x",test,28.046914506408992,1641.973129265417,2.2570981783449104,10.111315674229717,0.9247786075395812,54.1109533068664,7.396324354657686,1.8955797289130625,194374877.4368471,17.151212984546316,2.92882948520702,53.08888678623404
lit,average-based 2.0x,train,29.16523784904026,1668.5656044762627,4.991836295948082,12.828326712937905,0.9607584393795798,54.98585319662642,13.244483055629807,2.243755383290267,238263660.5129347,26.599394101398907,1.738957913951649,48.04295387533876
lit,average-based 2.0x,val,29.30529549911545,1671.382089918501,5.521540142232618,12.695698178322774,0.9655368580246916,55.07475040015726,12.75,2.712962962962964,240266608.1481481,28.660737303428704,1.72616521744054,48.52344729085424
lit,average-based 2.0x,test,29.30529549911545,1671.382089918501,4.514689742734955,12.695698178322774,0.9655368580246916,55.074750400157264,12.75,2.7129629629629632,240266608.1481481,23.549598549598542,1.7261652174405402,50.04464610262398
lit,"threshold, margin 2.0x",train,28.29592541668673,1646.4400150622048,2.4585841690619152,11.10924538417627,0.9330423084141772,54.27483328258121,9.72180640945677,1.675643767263655,208132496.77626303,18.91354064569782,2.5676349853653875,48.66758203640844
lit,"threshold, margin 2.0x",val,28.152769235052887,1643.7442303002276,2.9136396692665163,10.818628646980182,0.9281525036352436,54.17256270404707,8.91842828907794,1.9660780269829,207112266.83294663,22.054653261149777,2.72242353401223,49.29187385703685
lit,"threshold, margin 2.0x",test,28.352562380067376,1648.7027501678044,2.342465644207207,11.105128894412982,0.9348488693034668,54.339042741995584,9.53714495381162,2.0987870154536825,212521203.66847965,17.749071915738583,2.551301269539913,50.86541281119619
lit,average-based 3.0x,train,30.186356809282607,1693.6273249200262,6.192396476169939,16.590394155756133,0.9935127545100836,55.78172660361607,21.110680447889752,2.7774213668359624,301451796.25726926,30.21176750126228,0.3441547596936529,41.847004034336905
lit,average-based 3.0x,val,30.34090567536091,1699.6992044269996,6.630165361483862,16.587407248544586,0.9993716496913584,55.98684335423033,20.97222222222223,3.2500000000000013,303519564.29629624,31.419180201082742,0.2100081821700901,43.03042535934745
lit,average-based 3.0x,test,30.34090567536091,1699.6992044269994,5.561649303403584,16.587407248544583,0.9993716496913584,55.98684335423034,20.97222222222223,3.250000000000001,303519564.29629624,26.75904342571008,0.2100081821700901,44.183072169237576
lit,"threshold, margin 3.0x",train,28.94081706687706,1662.1230952930994,2.725556500690684,13.56522307653521,0.9537873148263656,54.77330422933744,14.91507024265645,2.0025765541002114,249836756.83471444,20.82182423000386,1.695224171038343,42.797758103770754
lit,"threshold, margin 3.0x",val,28.78619120641486,1661.0123489177176,3.132575783345938,13.374096353570708,0.949089681736816,54.733487163139785,14.382862851250326,2.2905065738592425,248689681.53518948,23.631520151241727,1.7880163997140277,44.05138023890834
lit,"threshold, margin 3.0x",test,29.01869834700349,1666.952993944898,2.5726054734883967,13.8285143964127,0.9568941231955326,54.9322302554845,15.359783734783736,2.439566606233273,256799244.19191915,19.52861952861953,1.567155674591992,45.28008272179768
rl,tau q0 a 0.5 reserve 0.0 link now,train,29.02644080169758,1662.9287994372312,2.2957003592131806,14.036776017255065,0.9572820408600108,54.80801572371834,15.881998277347114,2.018043303929431,250445744.22430128,17.06243131664142,1.550605921612146,42.07062678742454
rl,tau q0 a 0.5 reserve 0.0 link now,val,28.6699355219648,1657.2212527813438,2.81650544782793,13.689590653714967,0.9453049992241432,54.60854336765314,15.006369768840765,2.191630145226433,248375271.386182,20.895634613732057,1.9810715643500485,43.50312102681559
rl,tau q0 a 0.5 reserve 0.0 link now,test,28.913019690737134,1663.1988591144404,2.2359896533155923,14.158020266032947,0.9534287477890436,54.80788831005723,16.011309677976342,2.339592506259173,256417927.330916,16.69796253129586,1.7525559561253905,44.70099408291124
rl,tau q0 a 0.5 reserve 0.0 link min5,train,28.94819042902554,1661.0413757379924,2.2312604877771034,13.844326232410536,0.9548883066639304,54.75011090742829,15.51228132703674,1.9736701416733493,247532102.8453473,16.63325314087142,1.6267309898178284,42.68757188744445
rl,tau q0 a 0.5 reserve 0.0 link min5,val,28.602301499077072,1655.6013815878189,2.7670156441100056,13.524760752195032,0.9432159245100232,54.55809950729462,14.687730944401476,2.1508657729655414,245802127.80733868,20.55620005155968,2.047267671865443,44.01000280934294
rl,tau q0 a 0.5 reserve 0.0 link min5,test,28.82739916478872,1661.241413809479,2.1682609954764867,13.96513128915936,0.9507813458480908,54.7470797659572,15.638521971855308,2.291062332729,253404630.01061893,16.27169127169127,1.83282555760062,45.28847024716553
rl,tau q0 a 0.5 reserve 0.25 link now,train,29.000599951240098,1662.3043989380271,2.23669539661243,13.981218487379952,0.956480918587968,54.78853108725751,15.773367192372806,2.003170572336571,249590334.2341026,16.648846119575868,1.5741482423339306,42.2108558526878
rl,tau q0 a 0.5 reserve 0.25 link now,val,28.648851506308823,1656.743835136147,2.770671955500436,13.64821196377222,0.9446432458343867,54.59344563284862,14.924690641918025,2.1795351035490254,247709538.7855976,20.56157085159405,1.999572968226887,43.60097206679774
rl,tau q0 a 0.5 reserve 0.25 link now,test,28.88831145080848,1662.6185050127765,2.1788818038040456,14.107836460724442,0.9526538736183708,54.7895969387866,15.91175645342312,2.3259518259518264,255602682.4857117,16.304066304066303,1.7750496249373495,44.81802998077682
rl,tau q0 a 0.5 reserve 0.25 link min5,train,28.92319941265721,1660.4207551363702,2.182219714240495,13.789059855487226,0.9541209584596086,54.73089975309502,15.404667498292197,1.9593023255813955,246678879.5641094,16.293177700555407,1.6489535392249872,42.83835607661324
rl,tau q0 a 0.5 reserve 0.25 link min5,val,28.58064295019756,1655.1193511316326,2.729183326796605,13.482309654264332,0.9425452889341636,54.54310046801803,14.604225745467046,2.1382121680845585,245131996.0872218,20.2629543696829,2.06600136794971,44.11678091245514
rl,tau q0 a 0.5 reserve 0.25 link min5,test,28.80240908743044,1660.650559289129,2.1223811998169264,13.915368361895949,0.9500034892440632,54.72855717530095,15.540371665371667,2.2759971509971515,252606817.8973496,15.95117845117845,1.857092631161199,45.41331942789042
rl,tau q0 a 0.5 reserve 0.5 link now,train,28.97595868823099,1661.7280312849905,2.1876639704202216,13.92677098654494,0.9557144658517188,54.77049751881791,15.66755026879325,1.9895898304077937,248755975.9937628,16.305800588078053,1.5956444243300754,42.3577203220904
rl,tau q0 a 0.5 reserve 0.5 link now,val,28.629478997244306,1656.2769271420093,2.7323264535803444,13.607199187596846,0.9440365796143216,54.57871155565936,14.843956775801328,2.1679556586749165,247053722.6586749,20.281215089799776,2.017769678503375,43.70425535058414
rl,tau q0 a 0.5 reserve 0.5 link now,test,28.86396799393064,1662.054659548898,2.1313540296167743,14.058104656313224,0.9518907889118448,54.771887932871344,15.813498230164898,2.3124082707416043,254807090.6968833,15.990028490028488,1.7967600296361912,44.94018755628051
rl,tau q0 a 0.5 reserve 0.5 link min5,train,28.897607165750458,1659.8381161216246,2.1415805173511826,13.7344366616601,0.9533329321328364,54.71288111029882,15.298872850396506,1.9455136772698924,245842171.13950515,15.982060649261932,1.6707889802739853,42.995421640899565
rl,tau q0 a 0.5 reserve 0.5 link min5,val,28.559875568510467,1654.6269763572457,2.696228992830734,13.438939520696142,0.9419016031324527,54.52770575951916,14.5192811721234,2.1257196872046062,244450841.4941996,20.01804588811549,2.086349707993476,44.23156327977335
rl,tau q0 a 0.5 reserve 0.5 link min5,test,28.777509142403755,1660.078248684565,2.084398538921082,13.865947233829708,0.949231376138424,54.71065569633116,15.443117068117068,2.261126219459553,251825666.01130965,15.666278166278166,1.8805289886415544,45.54213524764727
rl,tau q0 a 0.5 reserve 1.0 link now,train,28.931843401787543,1660.7022417968926,2.113498941641186,13.819857008462716,0.95436080204266,54.738888980445736,15.460898749591612,1.9653167602245392,247125207.58288035,15.771184175354184,1.634642376151864,42.66914561296326
rl,tau q0 a 0.5 reserve 1.0 link now,val,28.59095713863415,1655.36814263439,2.6704138637859955,13.522877071320298,0.942842187523458,54.550341975978334,14.678836899544558,2.145688321732405,245730317.6772364,19.80213972673369,2.053273407951542,43.92998737994839
rl,tau q0 a 0.5 reserve 1.0 link now,test,28.817130584201525,1660.9593523021551,2.060886332234999,13.960407768471136,0.9504270585867995,54.73747674280845,15.621794871794872,2.2851377018043686,253267527.30432528,15.479582146248813,1.839288624327336,45.19922671158528
rl,tau q0 a 0.5 reserve 1.0 link min5,train,28.85046977227413,1658.7368072136971,2.0816180480352284,13.626717158271925,0.9518961753711832,54.67914733301535,15.0910407199501,1.920223350856872,244217098.98886213,15.562535269832782,1.715481547200154,43.31816858982826
rl,tau q0 a 0.5 reserve 1.0 link min5,val,28.516608344876875,1653.627339954469,2.64167292599098,13.350609605049664,0.9405699092486596,54.49665037031977,14.34672810861906,2.099606857437484,243069379.5589069,19.57871444530377,2.12746070105491,44.47751379560356
rl,tau q0 a 0.5 reserve 1.0 link min5,test,28.728466410128707,1658.9767133661016,2.0271908260320863,13.76726385196436,0.9477278876221144,54.67655398420808,15.25021583354917,2.2320750237416904,250286101.03522408,15.23245273245273,1.923646562416418,45.81662767257178
rl,tau q0 a 0.5 reserve 2.0 link now,train,28.84604165157848,1658.6933801886628,2.030538306217278,13.61174793111843,0.9517521019219648,54.67764556508434,15.060857168315067,1.9176393715287063,243976074.80329084,15.183848644153372,1.714774465446517,43.3283780186445
rl,tau q0 a 0.5 reserve 2.0 link now,val,28.51920081334776,1653.6887975959742,2.5909605728526364,13.347058748591236,0.9406218847289952,54.498097472312914,14.337662198161038,2.1024426398556333,243001179.51276103,19.199535962877025,2.120525180729025,44.44742896985488
rl,tau q0 a 0.5 reserve 2.0 link now,test,28.72418156399499,1658.9111919707432,1.976587958457915,13.767041849553024,0.9475731811564452,54.67400824951853,15.245672537339203,2.2320102736769405,250243160.64430627,14.797548130881465,1.92467687011895,45.7666058144474
rl,tau q0 a 0.5 reserve 2.0 link min5,train,28.763532621887567,1656.7335887630325,2.013686709410538,13.425537619961547,0.9492618863208052,54.61829308992465,14.702315186076213,1.8725162612492208,241141031.8507232,15.07024265644955,1.7972798981379516,43.961501286577935
rl,tau q0 a 0.5 reserve 2.0 link min5,val,28.434413069671628,1651.7969455041643,2.5752033475394422,13.176815730996712,0.9380479832641422,54.4399630898802,14.009216292858984,2.0515919051301883,240362934.20641065,19.09319412219644,2.202735699836257,44.996315851324994
rl,tau q0 a 0.5 reserve 2.0 link min5,test,28.63465659715385,1656.9153469956525,1.9594033912225184,13.572511606069543,0.9448699408023712,54.613110900842734,14.871579038245706,2.177436760770094,247257688.22610724,14.669127169127169,2.0074320809104207,46.39722555814099
rl,tau q0 a 0.7 reserve 0.0 link now,train,29.07326140921872,1664.15178457097,2.4534688625656784,14.16403997908935,0.9587520604387942,54.84643849650109,16.13359470135733,2.0469051649885657,252336419.97932813,18.346995752769608,1.512165228663517,41.79673373949524
rl,tau q0 a 0.7 reserve 0.0 link now,val,28.709954732174765,1658.144579023735,2.9328650538585874,13.781772935684238,0.9465786694858932,54.63798897111919,15.189857781215087,2.2147353269743064,249818928.3984704,21.84411789980235,1.9431317277665965,43.30933459484794
rl,tau q0 a 0.7 reserve 0.0 link now,test,28.949831238043743,1664.084673635197,2.3740237127131314,14.268720357678474,0.9545868655694436,54.83590880146918,16.23216135716136,2.364521281187948,258131239.7486834,17.740438573771907,1.7199022637898032,44.47101484849458
rl,tau q0 a 0.7 reserve 0.0 link min5,train,28.99024904388432,1662.056878481704,2.35695140297744,13.968402512162744,0.9561802568427984,54.78136301609388,15.755947607591551,1.999354005167959,249349038.34607503,17.606700525706138,1.5910025583738685,42.39425540132791
rl,tau q0 a 0.7 reserve 0.0 link min5,val,28.635677882651173,1656.3966378318682,2.8576508868906245,13.613858595898911,0.9442610736893547,54.58311363871288,14.86412950073043,2.17341239150984,247172140.810776,21.254404056028186,2.0147754083180605,43.80560691492281
rl,tau q0 a 0.7 reserve 0.0 link min5,test,28.866841705203232,1662.1605332278396,2.2794461802934984,14.074768118970082,0.951997508308874,54.7756509490094,15.85595268928602,2.31765302598636,255077278.04601568,17.087542087542086,1.7966209941225284,45.03954638462884
rl,tau q0 a 0.7 reserve 0.25 link now,train,29.044365630984885,1663.4148154294396,2.3779279468824823,14.118805959509862,0.9578367646359416,54.82306846008388,16.043734592651994,2.030681041907987,251614330.6952389,17.676497668478422,1.5351406459667891,41.886994866109
rl,tau q0 a 0.7 reserve 0.25 link now,val,28.68674917530312,1657.6366118842402,2.876934476052578,13.74798504373378,0.9458308033684756,54.62155094222697,15.122293116782677,2.203789636504254,249256352.37973705,21.325298616481906,1.9631823454426407,43.37484275482133
rl,tau q0 a 0.7 reserve 0.25 link now,test,28.930283049278675,1663.617394113327,2.30993209281777,14.228900425074794,0.9539618472363142,54.820953432868926,16.15250798584132,2.353675645342312,257481936.15885344,17.196538029871363,1.7378169038447302,44.54697959588001
rl,tau q0 a 0.7 reserve 0.25 link min5,train,28.96549200981644,1661.4835908793036,2.3005457202529134,13.925846235999302,0.955409717873536,54.763498696257415,15.672109358757313,1.9860554219014528,248682877.1407526,17.115150435118355,1.6112306346796603,42.491146569862174
rl,tau q0 a 0.7 reserve 0.25 link min5,val,28.61555540404869,1655.9531792357063,2.8160136470442763,13.581861090630513,0.943621728167823,54.56898004330476,14.800689610724415,2.1632508378448057,246656755.94053447,20.91282117384205,2.0326329420708773,43.87536830823148
rl,tau q0 a 0.7 reserve 0.25 link min5,test,28.84523371095642,1661.6888889571444,2.2291357118575124,14.035749987369906,0.9513174828373498,54.76069761931653,15.77843607010274,2.3058577225243893,254453120.8890615,16.708754208754208,1.81573621041249,45.12425281461725
rl,tau q0 a 0.7 reserve 0.5 link now,train,29.02344236851791,1662.8918414293587,2.3216669075157337,14.077314372079211,0.9571836459497892,54.80667321386776,15.96196798241706,2.0186521726217,250965014.72185096,17.22504380884493,1.5523650615643672,41.98068174883159
rl,tau q0 a 0.7 reserve 0.5 link now,val,28.66914192206136,1657.2260290105237,2.8346274192750327,13.71683382569517,0.9452683029777124,54.60843489403763,15.06032482598608,2.194433702844376,248747445.372089,21.00090229440577,1.979587185050209,43.44133879480254
rl,tau q0 a 0.7 reserve 0.5 link now,test,28.912033642517446,1663.211182241648,2.2587784862052005,14.191326082818112,0.9533812989088084,54.80793107437309,16.07757057757058,2.3431429681429683,256869929.320556,16.84365017698351,1.7525958024262491,44.626982859421176
rl,tau q0 a 0.7 reserve 0.5 link min5,train,28.945369089951136,1661.0004472309454,2.254544908894437,13.88538992175226,0.954790024084518,54.7485547571718,15.592800498975318,1.9748359024622064,248054356.3625887,16.781015177165937,1.6291224527439148,42.59137308437269
rl,tau q0 a 0.7 reserve 0.5 link min5,val,28.601253939025785,1655.6236443483265,2.7831307811991834,13.552241528066896,0.9431705555995872,54.5585498342496,14.74201899114892,2.1544212425882963,246178524.8667182,20.662541892240267,2.045864766139818,43.94510724027231
rl,tau q0 a 0.7 reserve 0.5 link min5,test,28.826624924075546,1661.266503079223,2.187338687312673,13.998412076593016,0.9507436636873714,54.74758766990841,15.704426746093413,2.295076836743504,253858082.1318311,16.395795562462226,1.832780379926632,45.210720916495546
rl,tau q0 a 0.7 reserve 1.0 link now,train,28.986023186148635,1661.992178184354,2.23691015461922,13.99815918831066,0.956016409806178,54.77849215052482,15.8070331759185,1.9972006890611544,249742196.7762036,16.64587602839407,1.5857178059848491,42.17953113741954
rl,tau q0 a 0.7 reserve 1.0 link now,val,28.63877991531113,1656.531615285798,2.768861068864089,13.657862172873006,0.9443211131186428,54.58660466167239,14.943703274039702,2.177386783535276,247798619.11162668,20.542235971470305,2.0073002226683623,43.57969615776464
rl,tau q0 a 0.7 reserve 1.0 link now,test,28.876486887686287,1662.3965146944745,2.176176737312077,14.118452686956806,0.9522731140343118,54.782436936037065,15.932703099369768,2.323286281619615,255693329.13606143,16.28787878787879,1.7849861280925612,44.79475728612479
rl,tau q0 a 0.7 reserve 1.0 link min5,train,28.908717306604903,1660.1312603022243,2.1827494733672324,13.80513323532868,0.953657611506292,54.72158513909779,15.436551427128814,1.954119516469156,246827950.78232205,16.286494995396357,1.66057682338707,42.80619679151236
rl,tau q0 a 0.7 reserve 1.0 link min5,val,28.57034117053169,1654.896628918843,2.7296529040712247,13.492403654594716,0.9422093827782896,54.53574511530119,14.624022514393744,2.136171264071496,245233640.0627309,20.251138609607285,2.076068544473957,44.09401385039741
rl,tau q0 a 0.7 reserve 1.0 link min5,test,28.792118675767675,1660.4426594578097,2.1209216011646843,13.9262189926129,0.9496705522329262,54.72170820373997,15.561825520158854,2.273946732280066,252708076.92791155,15.94146594146594,1.865617197607796,45.38951106722995
rl,tau q0 a 0.7 reserve 2.0 link now,train,28.92229552892456,1660.4914207177017,2.119981834400685,13.843705345781746,0.9540536747913456,54.73209257597479,15.50785589117586,1.96213133743206,247390614.4751552,15.81053788351302,1.6436754455218012,42.6159985827687
rl,tau q0 a 0.7 reserve 2.0 link now,val,28.58390913677628,1655.2442639381993,2.6748277856936338,13.539618296757627,0.9426119387364458,54.546190241520605,14.711169115751485,2.1452371745295182,245930913.97026724,19.8354386869468,2.059189719687053,43.886633278168645
rl,tau q0 a 0.7 reserve 2.0 link now,test,28.80836001940462,1660.7948795889115,2.0660328905775778,13.979561920817403,0.9501348606855066,54.73193025227383,15.659090909090908,2.28454415954416,253488740.9299836,15.499007165673827,1.8476946045120064,45.152177438878034
rl,tau q0 a 0.7 reserve 2.0 link min5,train,28.84162237738392,1658.5820325129694,2.086258595354092,13.64911052801689,0.9516100172685902,54.67403813819376,15.1350351955805,1.9181962636252936,244471379.96049777,15.591493658855324,1.7219908719119843,43.26631922760512
rl,tau q0 a 0.7 reserve 2.0 link min5,val,28.511883635681787,1653.5393767188118,2.6453072228113506,13.367188381544567,0.9404122654083872,54.49366414178986,14.378985133625504,2.100487668643121,243272790.7053364,19.60234596545501,2.13136408572706,44.43459149712623
rl,tau q0 a 0.7 reserve 2.0 link min5,test,28.72252456772206,1658.873662741818,2.031696684851557,13.786081123289216,0.9475235431519954,54.67299079612523,15.286983078649746,2.23338081671415,250507713.69109905,15.263748597081928,1.9295174331979503,45.77038065352421
rl,tau q0 a 1.0 reserve 0.0 link now,train,29.149934057228048,1666.0432145876923,2.720289231192045,14.2900890364214,0.9612276149773014,54.90724004355364,16.387359291930263,2.090402150346016,254330498.19067985,20.70599067391369,1.451577112547442,41.603098171619976
rl,tau q0 a 1.0 reserve 0.0 link now,val,28.77904586618797,1659.7055638323595,3.145080247116756,13.879132649703015,0.9487419106301852,54.68717287651975,15.385773824868954,2.2489043567929885,251418729.17186555,23.624001031193604,1.90285122262762,43.16638052872559
rl,tau q0 a 1.0 reserve 0.0 link now,test,29.01262565539006,1665.514858183727,2.5941476601709605,14.37179330118309,0.9565605953897072,54.881168153613686,16.44032202365536,2.398353190019857,259784379.42053005,19.42717776051109,1.6826072457735186,44.325574120876254
rl,tau q0 a 1.0 reserve 0.0 link min5,train,29.042521858902195,1663.3681148452936,2.5231205908545764,14.074753349816785,0.957852729518194,54.82320629385738,15.968004692744069,2.030057322759809,250982970.58588016,19.03531438415159,1.55161940166245,42.18830868763736
rl,tau q0 a 1.0 reserve 0.0 link min5,val,28.679328529786552,1657.3742993235644,2.983583352745085,13.693868794563484,0.9456477014526288,54.61425829003209,15.024233049755091,2.197559508464381,248438913.27103207,22.364011343129672,1.983188814603888,43.65584581390408
rl,tau q0 a 1.0 reserve 0.0 link min5,test,28.905601491619315,1663.0753137571874,2.4179570939005264,14.165779275321707,0.9532158220674648,54.80443171171801,16.03806224639558,2.3422148838815504,256491240.0611241,18.128938962272294,1.7666983569236765,44.86878788464894
rl,tau q0 a 1.0 reserve 0.25 link now,train,29.101921506095422,1664.887081906743,2.58081190582847,14.239785402757176,0.959678789788316,54.870059122260415,16.28514360390864,2.0646588850277707,253475407.9861593,19.406575781876505,1.489939799680898,41.66441718355155
rl,tau q0 a 1.0 reserve 0.25 link now,val,28.73334818113861,1658.7079021444656,3.028033250988042,13.837694024521763,0.94731991112046,54.655882598507766,15.302182693133972,2.229193520666839,250699745.8935293,22.66585030506144,1.9259661534344743,43.213410177886864
rl,tau q0 a 1.0 reserve 0.25 link now,test,28.970268649734944,1664.6039499598146,2.480652042262597,14.331577266834586,0.9552350226801652,54.85244700028754,16.359082275748943,2.37988862988863,259096342.43348008,18.556289389622723,1.7063310102605247,44.36893798376956
rl,tau q0 a 1.0 reserve 0.25 link min5,train,29.0113802233206,1662.6078625922896,2.44534057756942,14.03678264627932,0.956855235936645,54.79880089716576,15.891807003475003,2.0130906768837806,250361422.6034037,18.308384567406225,1.5748092531320284,42.253675372846445
rl,tau q0 a 1.0 reserve 0.25 link min5,val,28.65323789434621,1656.8024443623578,2.9235406175352097,13.664099456696178,0.9448136718872492,54.5959326170345,14.964541978173072,2.18522815158546,247942512.37896365,21.789335739451744,1.99953420471568,43.706205372743696
rl,tau q0 a 1.0 reserve 0.25 link min5,test,28.884281541141085,1662.5873066766633,2.356135658809123,14.133579832711437,0.952536467247004,54.788901312062094,15.9734200984201,2.3308404558404563,255965067.59500992,17.619571786238453,1.7796348519857137,44.92303298007606
rl,tau q0 a 1.0 reserve 0.5 link now,train,29.070930338500307,1664.139203839422,2.498082524571565,14.202092915708167,0.9586875688798628,54.846028281703866,16.209354302177076,2.0480040987258312,252852852.4272773,18.658112804063084,1.5143494076551207,41.72527471718128
rl,tau q0 a 1.0 reserve 0.5 link now,val,28.710873694516067,1658.209152298257,2.9650100927776832,13.808996550717032,0.9465983730811456,54.63981185225802,15.244382143164048,2.218548594998712,250210961.22290963,22.080433101314767,1.941434983566268,43.25834030085561
rl,tau q0 a 1.0 reserve 0.5 link now,test,28.949786457340767,1664.1189989166944,2.413565032989818,14.300977404834654,0.9545755479644829,54.83678330777921,16.29699775533109,2.368438660105327,258585733.4340844,17.99080549080549,1.720721174651176,44.41303095973131
rl,tau q0 a 1.0 reserve 0.5 link min5,train,28.98857947214721,1662.044089672943,2.390439093550909,14.004099654911284,0.956131035204722,54.78085001281429,15.826784282277464,2.0007276723395413,249832044.6725474,17.84802043422733,1.5937196573490575,42.31953224682612
rl,tau q0 a 1.0 reserve 0.5 link min5,val,28.637091472731303,1656.4428908316688,2.881406393920268,13.638680240782632,0.9442950354058022,54.58435703682428,14.913766434648108,2.1770537939331445,247523954.1753029,21.427343817135,2.01369014068722,43.75558424980826
rl,tau q0 a 1.0 reserve 0.5 link min5,test,28.86848870635843,1662.2209525247424,2.3088103190843894,14.10446735929334,0.9520331871382012,54.77720285690453,15.915339290339292,2.322002072002072,255490630.01105064,17.248338081671413,1.7947788245212326,44.98000120794724
rl,tau q0 a 1.0 reserve 1.0 link now,train,29.03308003919304,1663.1617545879017,2.388787132707686,14.13791567224232,0.9574760907161814,54.81487803007003,16.08167750749948,2.0262036294514245,251824445.7671449,17.70471353470552,1.5453625545850342,41.85152010533229
rl,tau q0 a 1.0 reserve 1.0 link now,val,28.67990915540572,1657.510912684208,2.8839680161204804,13.76060411208298,0.945598109831174,54.61719870465596,15.147514393744094,2.203037724499442,249407286.60290453,21.34463349660565,1.969568988577364,43.34975612968709
rl,tau q0 a 1.0 reserve 1.0 link now,test,28.92270626025361,1663.4724010342356,2.318889400521618,14.24516044908335,0.9537061920414424,54.81601014929909,16.18503410170077,2.353211603211604,257671261.5327635,17.226754726754727,1.745472900915228,44.51535931298511
rl,tau q0 a 1.0 reserve 1.0 link min5,train,28.95512523420552,1661.268867818322,2.3093688398062016,13.944168117286216,0.9550788984885348,54.75654764902088,15.708396447770946,1.9825284386230664,248885878.28530693,17.14930648370905,1.6208034520917052,42.45515288879525
rl,tau q0 a 1.0 reserve 1.0 link min5,val,28.610931420484413,1655.8656441228177,2.821851692646812,13.593680410110554,0.9434656292768462,54.56598402202163,14.82422445647504,2.163143421844118,246797308.29492137,20.941823494027663,2.036660936978441,43.85175265814037
rl,tau q0 a 1.0 reserve 1.0 link min5,test,28.838362227112103,1661.563454196459,2.236430244556716,14.050441503663423,0.9510924363265798,54.7565530966848,15.808059224725891,2.3053936803936805,254619039.78123108,16.7368125701459,1.8204995636429464,45.09619264160595
rl,tau q0 a 1.0 reserve 2.0 link now,train,28.98080195582103,1661.90618279882,2.254545974685182,14.024510983833531,0.955844193940824,54.77553125284754,15.859321631174076,1.996495292405477,250072135.95051828,16.77581751759779,1.590887142841117,42.124227730222685
rl,tau q0 a 1.0 reserve 2.0 link now,val,28.636060134008844,1656.469664064997,2.780722314286741,13.674860822232628,0.9442244245275084,54.584391904412286,14.977421156655495,2.178396493941738,248018474.25126752,20.61957549196528,2.009941808025588,43.54309603073391
rl,tau q0 a 1.0 reserve 2.0 link now,test,28.87347143912536,1662.3557991667697,2.1926353290823206,14.140150595362156,0.9521691793769794,54.78090198300405,15.976107226107226,2.3245165328498665,255976716.38582405,16.410903910903908,1.7888061406920297,44.74963190938172
rl,tau q0 a 1.0 reserve 2.0 link min5,train,28.90342782250304,1660.0668090739548,2.197585533737763,13.831492496590384,0.9534836916160392,54.71929511440669,15.488320116427571,1.9537408298434764,247156028.7053373,16.39119070955478,1.664987871270729,42.74586416832172
rl,tau q0 a 1.0 reserve 2.0 link min5,val,28.56834803911176,1654.8726484283238,2.740307108659229,13.510696189490313,0.9421375360001496,54.53477354723325,14.660221706625418,2.137997336083183,245474135.94500303,20.323107330067884,2.076984930380735,44.05317752894604
rl,tau q0 a 1.0 reserve 2.0 link min5,test,28.79055815965007,1660.4374993131546,2.132810245858916,13.94778478706059,0.9496094395870756,54.72136732360633,15.604506604506604,2.2762237762237767,252990568.38245705,16.02672019338686,1.866346526973596,45.33994565749922
rl,tau q1 a 0.5 reserve 0.0 link now,train,29.007806701930264,1661.8373841933003,2.2599972893509435,12.900125635008878,0.9567078630486896,54.77494456985465,13.471212391220412,1.9631708693456893,236618151.74059224,16.81814131693843,1.608573317349255,44.09165292065273
rl,tau q1 a 0.5 reserve 0.0 link now,val,28.63511897095412,1656.452189835705,2.792740577673892,12.840047618140922,0.9441845769336562,54.58472101222245,13.179513620348883,2.1364935120735584,236768807.83775887,20.73558477270774,2.01365429072972,44.98915943876981
rl,tau q1 a 0.5 reserve 0.0 link now,test,28.87771373021497,1662.4270925005744,2.2107454649984675,13.261367716577778,0.9523160736901536,54.78450086775678,14.083872917206248,2.282936199602866,244189791.33324704,16.491841491841488,1.786294706253825,46.27242629961479
rl,tau q1 a 0.5 reserve 0.0 link min5,train,28.930501488532155,1659.9992622324228,2.2008287742055748,12.740203463510422,0.954351091622922,54.71874577111983,13.16231548308533,1.920215925628917,234054588.88906708,16.43722712287267,1.6813103489522911,44.62256545405704
rl,tau q1 a 0.5 reserve 0.0 link min5,val,28.56941674138852,1654.8832823614484,2.746752979867473,12.692553373245657,0.942163197383236,54.53591809077094,12.894667869725874,2.0976411446249035,234440008.86061704,20.413336770645355,2.078180897534721,45.44593182012088
rl,tau q1 a 0.5 reserve 0.0 link min5,test,28.79411040293896,1660.5436845523427,2.14783537902149,13.089919421919804,0.9497320016412272,54.726008448131815,13.752438919105584,2.2367801951135284,241471399.15453684,16.10765777432444,1.8628570644876583,46.79796872168515
rl,tau q1 a 0.5 reserve 0.25 link now,train,28.980675929999805,1661.1841667112326,2.205344833430545,12.852502673960156,0.9558642643551226,54.75452054855367,13.37749858920669,1.9479417268110133,235845186.3967448,16.419406575781874,1.6329112071801155,44.213801179907534
rl,tau q1 a 0.5 reserve 0.25 link now,val,28.61425643401241,1655.9872156763086,2.7501179210847493,12.802474422144227,0.9435332218354502,54.570061067761486,13.10536435507433,2.12491406719945,236154499.69175905,20.414410930652227,2.0317759982131385,45.07906253068436
rl,tau q1 a 0.5 reserve 0.25 link now,test,28.85321643382713,1661.8786420885376,2.1588171347732907,13.21608720976566,0.95154944976951,54.76723646625188,13.99412932746266,2.27007252007252,243444331.03703704,16.157299490632823,1.806572927464947,46.37936689341217
rl,tau q1 a 0.5 reserve 0.25 link min5,train,28.90469018815541,1659.3638959938828,2.156054400436098,12.693423466020125,0.9535546200430516,54.69898750229392,13.070762422406368,1.9055882265585555,233292482.20541143,16.11348718405655,1.7044802445414322,44.75317547506263
rl,tau q1 a 0.5 reserve 0.25 link min5,val,28.547914980246,1654.3941282221756,2.710916924829495,12.654522869988712,0.9414973966826896,54.52067481478532,12.819809658846784,2.085266821345708,233825686.0647933,20.12546188880296,2.0962341979164365,45.54278274474608
rl,tau q1 a 0.5 reserve 0.25 link min5,test,28.769941180319368,1659.9709586576907,2.10558274029401,13.04492858627834,0.948980584762488,54.70804525844057,13.663752913752914,2.222502805836139,240740642.7015454,15.81412414745748,1.8861984740047204,46.91182234139503
rl,tau q1 a 0.5 reserve 0.5 link now,train,28.955460277052914,1660.6174497651325,2.1610591008430315,12.806540828362069,0.9550790200141616,54.73677755715825,13.287519676854078,1.934479788529508,235100031.6529745,16.131307731147345,1.6543019776814725,44.34090195286547
rl,tau q1 a 0.5 reserve 0.5 link now,val,28.595425797529465,1655.531468154555,2.714543179825069,12.765713903111129,0.9429461323198836,54.55568289170815,13.0330626450116,2.11386096072871,235555493.0285297,20.142648448912944,2.049595434886011,45.17268168079073
rl,tau q1 a 0.5 reserve 0.5 link now,test,28.82883071701112,1661.3068110935308,2.114901184456865,13.17133481352066,0.9507831610112386,54.74927916528078,13.905723905723905,2.25677717344384,242718428.8372615,15.852974186307517,1.828595266569491,46.49007575688864
rl,tau q1 a 0.5 reserve 0.5 link min5,train,28.87882157438897,1658.7699056738743,2.119378537510181,12.647817000380504,0.9527576348342808,54.680596128821634,12.981949270842614,1.89184412961478,232546745.91101605,15.840238795331016,1.7269070798943222,44.88994757184906
rl,tau q1 a 0.5 reserve 0.5 link min5,val,28.52770341862432,1653.9257129830885,2.680324845710852,12.616062786842,0.9408719491937464,54.5060568483492,12.744414367964252,2.073429578069949,233209548.2920856,19.87625676720804,2.1154233407639587,45.64567197738972
rl,tau q1 a 0.5 reserve 0.5 link min5,test,28.744337237708287,1659.3906114903525,2.070721613264301,13.000025915062116,0.948182416624289,54.68984891693136,13.575390658723991,2.2076858326858324,240019526.1005785,15.548648881982214,1.909978505464964,47.02993614172846
rl,tau q1 a 0.5 reserve 1.0 link now,train,28.911973370555632,1659.6053113244118,2.0937723788331395,12.717225897661214,0.9537435211090094,54.7055664968305,13.11394754818973,1.910644806795569,233651115.6497669,15.64495530012771,1.6917433609451211,44.61029221884815
rl,tau q1 a 0.5 reserve 1.0 link now,val,28.55764629573774,1654.6373828085498,2.6573391280555736,12.690499118856048,0.9417766618028112,54.52778684878751,12.885784566469022,2.0923562773910804,234354868.6883217,19.69794620606685,2.0846649125808,45.37580734096325
rl,tau q1 a 0.5 reserve 1.0 link now,test,28.78349834488014,1660.255261819316,2.050395209151497,13.08354935520506,0.9493669834468904,54.7162550682656,13.733262108262108,2.230164896831563,241308267.9077096,15.393248726582058,1.8684091590467364,46.72434835634142
rl,tau q1 a 0.5 reserve 1.0 link min5,train,28.83115029141524,1657.677214513578,2.0646978408529844,12.557582858348733,0.9512999009304366,54.64706187407542,12.807107428198046,1.866635480709258,231104573.2771986,15.455611987288007,1.7700041766086954,45.17083079503232
rl,tau q1 a 0.5 reserve 1.0 link min5,val,28.48427460684503,1652.9292249887262,2.631073171259376,12.537097220186885,0.9395372655769496,54.47514603266638,12.590164990977057,2.0480256939073644,231949446.50219128,19.494929964767547,2.156820117029051,45.86793301644672
rl,tau q1 a 0.5 reserve 1.0 link min5,test,28.695749250774952,1658.2962049777452,2.0184158295863006,12.912156389555554,0.9466952297545396,54.65599429759877,13.403597945264613,2.1796058879392213,238616272.7225244,15.164465164465163,1.9522929783827048,47.27733964353974
rl,tau q1 a 0.5 reserve 2.0 link now,train,28.827147247336065,1657.6198669125986,2.019500712678881,12.543604338721078,0.9511633456472118,54.64496031662769,12.778795034007544,1.8639326977338209,230868483.046482,15.128901957290088,1.7708539749421948,45.18368122454015
rl,tau q1 a 0.5 reserve 2.0 link now,val,28.484945560385345,1652.933608214405,2.5835665865228044,12.53277469860982,0.9395243134217932,54.47472102629032,12.579627481309616,2.049508034716851,231864756.82186133,19.1501246025608,2.15206981509722,45.84404463583316
rl,tau q1 a 0.5 reserve 2.0 link now,test,28.69232435133491,1658.251325029882,1.9712455561714053,12.909681746022308,0.9465706749561762,54.65417994886189,13.39487826987827,2.17922817922818,238546565.652508,14.764093930760597,1.951847342415423,47.23773915654071
rl,tau q1 a 0.5 reserve 2.0 link min5,train,28.74432830027165,1655.678908763396,2.0037453568255645,12.388185159305706,0.9486655854820732,54.58626931262688,12.479142534675814,1.819834268912056,228374177.56791112,15.004900650449969,1.8514609471474297,45.736331078317725
rl,tau q1 a 0.5 reserve 2.0 link min5,val,28.40146798464021,1651.0860485365072,2.567816735971355,12.38020988338674,0.936988818021336,54.41797455751803,12.285393572226518,2.000580046403712,229463110.6116697,19.052376041935204,2.231320809945194,46.34081891772063
rl,tau q1 a 0.5 reserve 2.0 link min5,test,28.60343059938477,1656.251214482112,1.9559593544069536,12.73737782712637,0.9438818348727912,54.59287095998089,13.063962272295608,2.126618751618752,235855811.95631528,14.642147975481306,2.0339336793587406,47.80450254353013
rl,tau q1 a 0.7 reserve 0.0 link now,train,29.0577894203622,1663.1067919081947,2.3993323519380536,13.00041805062268,0.9582785161321596,54.814811230397886,13.670616887938458,1.9928940568475453,238238830.1227241,17.95420119397665,1.5680339190244126,43.86550604036533
rl,tau q1 a 0.7 reserve 0.0 link now,val,28.67521179842902,1657.3995940536597,2.8993464772099946,12.920879322000443,0.9454610503882132,54.614927905386665,13.34063762138008,2.1593516370198502,238067033.1917161,21.609951018303683,1.9748717053059184,44.818712172151976
rl,tau q1 a 0.7 reserve 0.0 link now,test,28.91620868818946,1663.3606237058243,2.333212854083253,13.355814203387013,0.953532786222989,54.81409967775496,14.271993438660104,2.308253474920141,245687192.8924286,17.41560908227575,1.7516325707043805,46.074639643518125
rl,tau q1 a 0.7 reserve 0.0 link min5,train,28.975645617697023,1661.0748599322883,2.311329650158054,12.83659633510716,0.9557458317704102,54.75198431518994,13.352831981941844,1.946523508271704,235593148.0574416,17.294840951617214,1.6426561990170168,44.384034507516496
rl,tau q1 a 0.7 reserve 0.0 link min5,val,28.602545779987885,1655.6603537733613,2.829584417679887,12.769884094943777,0.9431976968907476,54.56032848426631,13.04777863710578,2.1190491535619147,235651846.68995443,21.06642605482512,2.045645491135552,45.26845638563134
rl,tau q1 a 0.7 reserve 0.0 link min5,test,28.835361998120256,1661.5025380987915,2.2461931147898766,13.183177351035082,0.9510126365812324,54.75597294275699,13.9372787706121,2.263521971855305,242930611.660019,16.82314598981266,1.82493430348254,46.58387717624563
rl,tau q1 a 0.7 reserve 0.25 link now,train,29.02770139277309,1662.3660934005516,2.330670665590713,12.961168868540636,0.9573245544896836,54.791341489152096,13.592213905966911,1.9765734058035584,237580805.7625115,17.340134842139655,1.5911686008627035,43.94601334934913
rl,tau q1 a 0.7 reserve 0.25 link now,val,28.65201511010403,1656.8809170214083,2.847272381523224,12.88945111978592,0.94471314669031,54.59817640253652,13.277702586577297,2.148287788949042,237536422.1772793,21.127653175216977,1.995632850353754,44.88017028123636
rl,tau q1 a 0.7 reserve 0.25 link now,test,28.89649172900405,1662.8871935327318,2.275610422417685,13.320808506932751,0.9528998548651592,54.79893354140769,14.20196624363291,2.297343089009756,245104223.7713028,16.926746093412756,1.7696787964402358,46.14193270160806
rl,tau q1 a 0.7 reserve 0.25 link min5,train,28.950268573508897,1660.5021694994994,2.259238773275215,12.799900179103924,0.9549537889534748,54.734115792986245,13.280049897531857,1.9330244438504265,234986021.40978348,16.86046511627907,1.6628921357576014,44.470271840111394
rl,tau q1 a 0.7 reserve 0.25 link min5,val,28.583544910229804,1655.245572752215,2.790629143661007,12.740543121799137,0.942596369677965,54.547179896957225,12.989505456732834,2.109446163100455,235172625.00532785,20.738807252728364,2.0622612376788068,45.33261614038662
rl,tau q1 a 0.7 reserve 0.25 link min5,test,28.813358114827928,1661.0175985132696,2.200667085737682,13.148478884924517,0.9503168131633736,54.7406086115934,13.86841707675041,2.2518345851679187,242361733.3654494,16.473495640162305,1.84394639549034,46.660918615971326
rl,tau q1 a 0.7 reserve 0.5 link now,train,29.00620523297076,1661.8316683491182,2.279366474336349,12.92560199977408,0.9566528211241768,54.774607754822085,13.52175591790668,1.96419555080341,236993579.7047729,16.93174730464225,1.6082133344466605,44.02909349553512
rl,tau q1 a 0.7 reserve 0.5 link now,val,28.63530402186881,1656.4871967070342,2.807785148887968,12.860752201202471,0.9441821861983102,54.5856425757764,13.220557274211568,2.13939374409212,237059464.9407064,20.82581421328521,2.011497221779348,44.94221472151317
rl,tau q1 a 0.7 reserve 0.5 link now,test,28.878554496040334,1662.4928271440751,2.229298271014054,13.287082769341104,0.9523310185472936,54.7863690342332,14.134928343261674,2.287166537166537,244545495.0513684,16.602995769662435,1.783397130981745,46.21561690978431
rl,tau q1 a 0.7 reserve 0.5 link min5,train,28.92964711080564,1660.01424010865,2.218100346063988,12.765266225260907,0.954316882954412,54.71900739997296,13.211752650806378,1.9219682794261783,234422513.81229025,16.534497609076595,1.681467781540447,44.55819044543717
rl,tau q1 a 0.7 reserve 0.5 link min5,val,28.5690105183418,1654.9192257924467,2.7594954462568984,12.713438503732451,0.942140086324594,54.53689838608394,12.935937097189996,2.10092807424594,234729020.6273094,20.50356621122281,2.075283966083836,45.39720455960511
rl,tau q1 a 0.7 reserve 0.5 link min5,test,28.794570167924206,1660.6012869570948,2.1634060146929865,13.115269860214024,0.9497346754479014,54.72759181658216,13.802717344384009,2.2412047828714496,241820804.61642063,16.213416213416213,1.8607752507695527,46.739228607974816
rl,tau q1 a 0.7 reserve 1.0 link now,train,28.96826968579397,1660.9338149243188,2.202405254060761,12.858105850243172,0.95547028169899,54.74648095253045,13.388829487065252,1.9428554456621825,235891212.9629036,16.40826873385013,1.641980184179597,44.2034603241238
rl,tau q1 a 0.7 reserve 1.0 link now,val,28.605530067852733,1655.8008387882517,2.7461714334902765,12.807025562826158,0.94325723323657,54.56413551333367,13.114376557532006,2.1230665119876257,236180861.86723384,20.37574117040474,2.0390345660479707,45.069830701505175
rl,tau q1 a 0.7 reserve 1.0 link now,test,28.84168613338036,1661.661502329261,2.154168238454258,13.220741956573631,0.9511778834127816,54.76026209225305,14.003367003367,2.2673206423206427,243463114.82439783,16.118449451782784,1.8175398114619168,46.37036033751918
rl,tau q1 a 0.7 reserve 1.0 link min5,train,28.893283768540886,1659.1470680970049,2.153705798955965,12.698341693147636,0.9531920261817598,54.69202947548838,13.080645400813806,1.9014969259556271,233335820.8863346,16.0964091597612,1.7128970701857436,44.74246591907727
rl,tau q1 a 0.7 reserve 1.0 link min5,val,28.53835456855817,1654.2128137091213,2.708520899012737,12.659414258608614,0.9411891945848386,54.5148030382252,12.82948784050872,2.083311850133196,233860090.90255225,20.10827532869296,2.1042688685582664,45.53291047587109
rl,tau q1 a 0.7 reserve 1.0 link min5,test,28.759493479683684,1659.757923809602,2.1024185866368392,13.050402175479116,0.9486407379489382,54.70108538424267,13.67452300785634,2.220009928343261,240769515.03211603,15.797936631269966,1.8942519742098944,46.90147070396143
rl,tau q1 a 0.7 reserve 2.0 link now,train,28.904630291516103,1659.4490172098544,2.097542995742667,12.728528108875084,0.9535096273931298,54.70056823245017,13.13640143752413,1.9081647806587665,233797800.9382518,15.670943597968456,1.698115275571502,44.58233042806341
rl,tau q1 a 0.7 reserve 2.0 link now,val,28.5512912169151,1654.527357964448,2.659858565211,12.701949980637446,0.9415678747352412,54.52410664765581,12.907901521010569,2.092109220589499,234488816.15416348,19.72480020623872,2.0905050142511814,45.347183257490585
rl,tau q1 a 0.7 reserve 2.0 link now,test,28.776259454253623,1660.1223826127368,2.053790040390951,13.09617385470626,0.9491305518233228,54.71189381572195,13.757856341189674,2.2305102305102307,241451466.7235604,15.407277907277903,1.8751687101165928,46.69451046697494
rl,tau q1 a 0.7 reserve 2.0 link min5,train,28.824872963237635,1657.5637802953415,2.067450382107343,12.568618969498983,0.9510971292952324,54.64332758056484,12.828818794737,1.8650687576108589,231248278.68502185,15.462294692447056,1.7742297956893138,45.14187917649132
rl,tau q1 a 0.7 reserve 2.0 link min5,val,28.4804007575156,1652.8812512031398,2.633685754717769,12.548409673424498,0.9394109242036818,54.47351776992694,12.612067113517227,2.0493039443155454,232087671.6899545,19.531451405001285,2.1583988763704083,45.83889445702151
rl,tau q1 a 0.7 reserve 2.0 link min5,test,28.690964141770262,1658.2115156685534,2.0207867848149297,12.92422697710115,0.9465338477614234,54.65309454454075,13.427220927220926,2.1808361391694726,238755825.95856,15.17849434516101,1.9561195833315088,47.24889691982049
rl,tau q1 a 1.0 reserve 0.0 link now,train,29.135223227011668,1665.012685203397,2.6425066351009394,13.105778252180242,0.9607762211722056,54.87606575657016,13.883810032968013,2.035945528527726,240008892.92732185,20.16766164721257,1.5059507117624802,43.7029984673315
rl,tau q1 a 1.0 reserve 0.0 link now,val,28.745019267610843,1658.9730737609054,3.098886197198857,13.008703568299527,0.9476495997065713,54.66459349948199,13.517519549712125,2.193499183638395,239539341.54361093,23.279195668986848,1.9328899353824829,44.69128719935595
rl,tau q1 a 1.0 reserve 0.0 link now,test,28.981020539079235,1664.8210673778729,2.532467970615872,13.444864437686384,0.9555683841574406,54.86036126929463,14.451847535180866,2.341686091686092,247150622.71967545,19.01169817836485,1.7111798028762728,45.95074126814115
rl,tau q1 a 1.0 reserve 0.0 link min5,train,29.03016900036165,1662.4325242712862,2.4620316943871314,12.923616763568864,0.9574869715156736,54.79524963982617,13.527258011820962,1.977278802459236,237029893.37253857,18.614303959131544,1.6013659842462438,44.21055741790437
rl,tau q1 a 1.0 reserve 0.0 link min5,val,28.64596730152573,1656.637179046273,2.9431513813513472,12.840268225166744,0.944579145730614,54.59148547606747,13.188697688407665,2.142959955314944,236791214.5349317,22.09976798143851,2.013710317861488,45.13464061741128
rl,tau q1 a 1.0 reserve 0.0 link min5,test,28.874451640584223,1662.4233433998295,2.370649700386521,13.261144648639398,0.9522462703610768,54.78508284799931,14.093024259690925,2.287511870845204,244176114.10472247,17.796555296555294,1.7948968566484036,46.43526475076244
rl,tau q1 a 1.0 reserve 0.25 link now,train,29.088552008867016,1663.8841577528124,2.509836922755305,13.05925459278336,0.9592721999758516,54.839816833574346,13.789086399952478,2.0109150850931123,239200943.37634027,18.91057055451602,1.542997572331625,43.759237249400925
rl,tau q1 a 1.0 reserve 0.25 link now,val,28.69986961571931,1657.9788303838582,2.9862175614486337,12.969540415255723,0.9462467571833956,54.63341775986072,13.438568789206837,2.173992437913552,238850749.34802783,22.388717023287786,1.956183737900732,44.73569079300236
rl,tau q1 a 1.0 reserve 0.25 link now,test,28.939231919094297,1663.9287128873762,2.426143118724821,13.407842368709217,0.954262637191605,54.832209339173126,14.377104377104374,2.3236639903306573,246506043.54079247,18.165630665630665,1.7348142145316603,45.99104190701198
rl,tau q1 a 1.0 reserve 0.25 link min5,train,28.99935503138666,1661.659305834354,2.3886569479969544,12.889645226459644,0.956502492921763,54.77047480678842,13.45884938667617,1.9605052125100249,236450283.2896136,17.91410496302236,1.6251006653585536,44.26956380739295
rl,tau q1 a 1.0 reserve 0.25 link min5,val,28.620994458177343,1656.0905293660844,2.887950145629836,12.813121522539516,0.9437791003872478,54.573953892757736,13.134227034459052,2.1311656784394604,236330871.87462407,21.543353097877457,2.029094871973572,45.18135907371536
rl,tau q1 a 1.0 reserve 0.25 link min5,test,28.853076767261427,1661.9392967408514,2.3129656684951354,13.232276403838757,0.9515631431561958,54.76962428713391,14.035170076836742,2.276385651385651,243696267.94120696,17.295821462488128,1.807979630171729,46.48419462377741
rl,tau q1 a 1.0 reserve 0.5 link now,train,29.05744104789981,1663.1439589379952,2.432631952469593,13.02555768596935,0.9582749135918384,54.81602000083282,13.721108438029049,1.9945201817695808,238622802.9339749,18.21482669517954,1.5672426169408644,43.814281351997934
rl,tau q1 a 1.0 reserve 0.5 link now,val,28.67745135457725,1657.474604391375,2.9259307808617656,12.942392586762072,0.94552688942139,54.617186078527794,13.38380811205637,2.1633797370456302,238386160.70817223,21.81189309959612,1.9719600764898688,44.77784304074004
rl,tau q1 a 1.0 reserve 0.5 link now,test,28.9170514736346,1663.419822746031,2.3651199760205297,13.380574099147134,0.9535505530924252,54.81582634976393,14.321894155227485,2.312246395579729,246043771.3781404,17.631442631442628,1.7506058927125343,46.031470043328646
rl,tau q1 a 1.0 reserve 0.5 link min5,train,28.9764118299061,1661.094874622912,2.337722852592858,12.8606778172145,0.9557728978130472,54.75248517445964,13.400850931123584,1.9484095161721464,235962549.5905432,17.47230389972972,1.6436073462707852,44.3286753487178
rl,tau q1 a 1.0 reserve 0.5 link min5,val,28.60515310768104,1655.7314084847071,2.8491242452673107,12.789360544422,0.9432728081964746,54.56245857280874,13.086706195754918,2.1229376127868003,235937010.8230644,21.21251181576008,2.0431204558432565,45.22789607577193
rl,tau q1 a 1.0 reserve 0.5 link min5,test,28.8378052053173,1661.5826797663335,2.270117523586754,13.206217723450589,0.9510764980106704,54.75824248027807,13.983208149874814,2.2679249762583096,243266437.99197096,16.960200293533628,1.8218511092975915,46.53585257586641
rl,tau q1 a 1.0 reserve 1.0 link now,train,29.01904429252152,1662.1675759365153,2.33513241614491,12.970376050471256,0.9570470542161412,54.78488500743676,13.610739849713386,1.9730167216133536,237697682.66126108,17.337164750957854,1.598371427910942,43.92599420591464
rl,tau q1 a 1.0 reserve 1.0 link now,val,28.646247993980744,1656.7780464177906,2.8505280258286176,12.897680324337678,0.944517708710314,54.59462155065851,13.294158717882611,2.147815158546017,237632357.13422704,21.131949815244475,2.0012112036174967,44.86314720344691
rl,tau q1 a 1.0 reserve 1.0 link now,test,28.889721116604942,1662.763669818294,2.280433441044245,13.331288883407552,0.95267550680747,54.79481234143864,14.22294526461193,2.29718121384788,245222501.309678,16.928904428904428,1.7757380981932571,46.12229693671092
rl,tau q1 a 1.0 reserve 1.0 link min5,train,28.94176649598133,1660.3323441889445,2.26355930766128,12.809029218397413,0.9546831991855608,54.72864294568448,13.298301107844011,1.930544417713624,235106736.75131425,16.853782411120022,1.6699991372478862,44.448961558453085
rl,tau q1 a 1.0 reserve 1.0 link min5,val,28.57921913260871,1655.1564165433251,2.793399205626333,12.748309113486387,0.942450666770489,54.54418908759519,13.005016327232104,2.109306522299561,235258108.98547733,20.74525221276961,2.0660746004342654,45.31803812534323
rl,tau q1 a 1.0 reserve 1.0 link min5,test,28.80768795083049,1660.924632916176,2.2047390704413057,13.157736655278512,0.9501345321347698,54.73757216317448,13.88698955365622,2.2516727100060434,242466107.46965384,16.48752482085815,1.84762339686732,46.64299087840559
rl,tau q1 a 1.0 reserve 2.0 link now,train,28.964393137985905,1660.8757353868566,2.2153283726512227,12.873958412530715,0.9553424603577332,54.74450197034373,13.420438682467552,1.9425213104042296,236123905.0334136,16.48920371855416,1.64470240658928,44.166141109672495
rl,tau q1 a 1.0 reserve 2.0 link now,val,28.60353212230308,1655.7667704356218,2.755091875738772,12.819984788376232,0.9431880698283732,54.56288303205084,13.14005972329638,2.124258829595256,236348652.44599125,20.44985821087909,2.041056419717129,45.04217867807829
rl,tau q1 a 1.0 reserve 2.0 link now,test,28.83974834088463,1661.639003833622,2.1651236466714674,13.236282988723657,0.9511148118981732,54.75948099629628,14.034295950962616,2.268777518777519,243668731.1939912,16.202624535957867,1.8192617978469443,46.33729781421313
rl,tau q1 a 1.0 reserve 2.0 link min5,train,28.889898666970403,1659.1154413652473,2.164430837294076,12.713779662406797,0.953079004162054,54.6908450265524,13.111192788618611,1.9015043511835816,233559647.2484481,16.163978734147136,1.714990909753503,44.70359771874115
rl,tau q1 a 1.0 reserve 2.0 link min5,val,28.537248621233765,1654.2109203132911,2.7164702248271086,12.67244842265829,0.9411475467027992,54.514589589224094,12.85529990547392,2.0852345965455013,234034273.9102002,20.16090916902981,2.104618638700081,45.50395051400805
rl,tau q1 a 1.0 reserve 2.0 link min5,test,28.758278055524467,1659.7692486474502,2.111306829078264,13.066076424213415,0.9485960342669292,54.701359925339744,13.70555987222654,2.2222006388673057,240976638.82707417,15.85621168954502,1.8934681345694264,46.86517546299465
rl,tau q2 a 0.5 reserve 0.0 link now,train,28.74756063596661,1653.1570576896545,2.180239539474551,10.914688295623217,0.947945043939203,54.49211518261298,9.270478778698504,1.6613799043630642,207026503.67928955,16.296890314532657,2.073372574103524,48.395697800907165
rl,tau q2 a 0.5 reserve 0.0 link now,val,28.368851156963288,1647.337163689444,2.7334508651762897,10.950448299043671,0.9357675610545184,54.29397051557098,9.141423906505112,1.7506552376041935,209996994.6378792,20.2758442897654,2.403670408966428,48.44793479294614
rl,tau q2 a 0.5 reserve 0.0 link now,test,28.599120225349303,1652.8515842045215,2.155385762392054,11.253276265530058,0.9435230435235366,54.47940834403397,9.791806958473623,1.874989208322542,215750182.29362,16.093628593628594,2.195901790081632,49.95311813479288
rl,tau q2 a 0.5 reserve 0.0 link min5,train,28.67426847937481,1651.4910609919327,2.133294914694752,10.805726654242068,0.9457039830409802,54.44096804016884,9.059089964061895,1.6246324512162524,205138874.87380084,15.98725830883008,2.135708392993874,48.77697198099122
rl,tau q2 a 0.5 reserve 0.0 link min5,val,28.30998366657349,1645.977172216273,2.6961934062239186,10.846040290493736,0.9339545269175232,54.25156811104271,8.93976110681447,1.7204176334106729,208229988.6290281,20.026639168170487,2.4572437030902505,48.7915064784486
rl,tau q2 a 0.5 reserve 0.0 link min5,test,28.522073041453343,1651.2110736322472,2.102618790268288,11.132419527571992,0.9411323609994626,54.42811996831058,9.55812397479064,1.8390097556764224,213695602.1073124,15.773115773115771,2.2597746339469738,50.34395230798999
rl,tau q2 a 0.5 reserve 0.25 link now,train,28.722022831091014,1652.5525815755518,2.1371061559424733,10.880730440145204,0.9471542570870666,54.47323644680795,9.20325076479848,1.648192699515875,206425607.6441237,15.976120466898331,2.0951129032596683,48.48797761926301
rl,tau q2 a 0.5 reserve 0.25 link now,val,28.34984362847588,1646.9077997367806,2.6992898430804884,10.922159439803682,0.9351725408876874,54.2803599894557,9.085395720546533,1.7409340895419785,209502504.03909945,20.01697172810861,2.4203161450205,48.51868424738856
rl,tau q2 a 0.5 reserve 0.25 link now,test,28.576586254739667,1652.3327990456378,2.1132604317077512,11.220108990900366,0.9428179557889128,54.4630619204554,9.72607485107485,1.8639924889924888,215162803.88543555,15.823836657169988,2.214589547351614,50.03632795572943
rl,tau q2 a 0.5 reserve 0.25 link min5,train,28.650203717101565,1650.9054192602027,2.0981184840393423,10.772989650540575,0.9449665138546586,54.42286058349664,8.994535032225489,1.6120021384656509,204561750.0719356,15.725890284831742,2.1557478731531545,48.87191991885593
rl,tau q2 a 0.5 reserve 0.25 link min5,val,28.289663262379545,1645.539456938298,2.666919659980861,10.81835305128115,0.9333233800960652,54.23782911588434,8.885043396064276,1.7102453381455704,207745806.07192576,19.78387900661682,2.473138488355651,48.86548636348652
rl,tau q2 a 0.5 reserve 0.25 link min5,test,28.50059451394468,1650.7296964408542,2.068843495365167,11.10037159660287,0.9404671066932182,54.41304605239747,9.494938703272036,1.8277864111197448,213138737.2642665,15.537857204523872,2.278795231259021,50.42921569002833
rl,tau q2 a 0.5 reserve 0.5 link now,train,28.698589007539617,1652.0105176887923,2.102631799436799,10.8483909147717,0.9464245879221028,54.45623600730511,9.139579435088658,1.63643113843595,205856464.5731088,15.757076242240636,2.11473545797317,48.58243172470955
rl,tau q2 a 0.5 reserve 0.5 link now,val,28.33298204188773,1646.5081904216788,2.670203856525278,10.895210927311584,0.9346447589279496,54.26768968765154,9.032192575406032,1.7321044942854689,209028353.4934261,19.79999140671994,2.435827071684143,48.59083168975639
rl,tau q2 a 0.5 reserve 0.5 link now,test,28.553050196496702,1651.8130362962895,2.077910077122524,11.187511477148018,0.9420820967633008,54.44671221822439,9.661778036778037,1.8528015194681864,214597481.80436847,15.585340585340584,2.2337069379221863,50.1215679053113
rl,tau q2 a 0.5 reserve 0.5 link min5,train,28.62520316863963,1650.3501219750517,2.069683508214386,10.741348738891965,0.9441956983863478,54.40563438894632,8.932445276069974,1.599750512340729,204001122.110428,15.528379221242089,2.1760015777151223,48.9704678947937
rl,tau q2 a 0.5 reserve 0.5 link min5,val,28.270497267296108,1645.10984874309,2.6424514866544992,10.79071246409345,0.9327269188596824,54.22427040905924,8.830604966915873,1.700320099682049,207268542.05929363,19.59482684540689,2.490916900469413,48.94239366218645
rl,tau q2 a 0.5 reserve 0.5 link min5,test,28.47844597826294,1650.2338506757408,2.040797519345285,11.06883399822348,0.9397805782196256,54.39749902053647,9.432843391176725,1.8165091081757752,212593796.63567296,15.332815332815333,2.298481343142694,50.5172522426964
rl,tau q2 a 0.5 reserve 1.0 link now,train,28.6556826554778,1651.048436557876,2.049983051675515,10.785655336209516,0.9451002155424522,54.42644328352794,9.016565683566483,1.6153509162731297,204746549.67768568,15.373934479788526,2.149030173862545,48.78025537167492
rl,tau q2 a 0.5 reserve 1.0 link now,val,28.297829011235528,1645.7004772983928,2.624156893602417,10.84152459771976,0.9335528580277228,54.242319524433626,8.926559680329984,1.7143593709719005,208098875.719945,19.463779324568183,2.465609553889208,48.74335074141498
rl,tau q2 a 0.5 reserve 1.0 link now,test,28.511822711186028,1650.9023537226435,2.0236606724851773,11.125591796491792,0.940798460309754,54.41804656136148,9.54000474833808,1.8326318742985408,213527474.8208581,15.210869377536042,2.2673488245234723,50.29485947180213
rl,tau q2 a 0.5 reserve 1.0 link min5,train,28.5801847006746,1649.348818739349,2.0283874347362074,10.67852411479398,0.9428201239565348,54.37487017327928,8.809832486857347,1.5779797439781402,202909386.7779263,15.207609373607768,2.215108348611769,49.1769874747078
rl,tau q2 a 0.5 reserve 1.0 link min5,val,28.23179109193701,1644.2502827603578,2.6022677228419413,10.733914671247016,0.9315315307782144,54.19738147484023,8.719203832602904,1.680845578757412,206289732.38558048,19.299432843516367,2.5245700507746345,49.11128913442816
rl,tau q2 a 0.5 reserve 1.0 link min5,test,28.43441418291075,1649.2907305604292,1.9977881934183817,11.006576278498256,0.9384301513964032,54.36811455561304,9.310983769317104,1.7949473366140036,211519683.9385306,15.006906673573337,2.3351809913563444,50.70400309519637
rl,tau q2 a 0.5 reserve 2.0 link now,train,28.575061320293635,1649.2435506412946,1.9947196356471968,10.66571334318136,0.9426449113341966,54.37114250069588,8.783420951023198,1.5756407971724733,202653125.2878909,14.964804419495676,2.218482336468437,49.19943544374146
rl,tau q2 a 0.5 reserve 2.0 link now,val,28.23196397481721,1644.2173325527224,2.562484628821087,10.72950166538878,0.931510018542268,54.19587123615366,8.70862335653519,1.6806844547563806,206185487.81240872,19.008335481653344,2.523409525332853,49.09700981912608
rl,tau q2 a 0.5 reserve 2.0 link now,test,28.429743381667382,1649.161839521654,1.9584539220055093,11.00178337121244,0.9382728012409464,54.36370191154077,9.298951048951048,1.7926379176379177,211407600.1196581,14.6669688336355,2.3378212049839915,50.68437768901335
rl,tau q2 a 0.5 reserve 2.0 link min5,train,28.49735979756528,1647.5026959682427,1.9834787136872911,10.55952804058627,0.9403035288161398,54.31845291924379,8.578291603552229,1.5374157236627166,200830768.2320236,14.893522231132494,2.2887528881415853,49.59864518285339
rl,tau q2 a 0.5 reserve 2.0 link min5,val,28.155635091522708,1642.6374995023154,2.549436951090416,10.620568860218691,0.9291843695630598,54.14708846010089,8.498410243189825,1.643389619317694,204347299.9647676,18.92455100111712,2.5893512418058213,49.47561728754611
rl,tau q2 a 0.5 reserve 2.0 link min5,test,28.35048084838265,1647.487207515279,1.9473306901168228,10.88207827776809,0.935868781493472,54.312205130626005,9.068904860571529,1.7532051282051286,209395008.032634,14.57955624622291,2.4057669629434058,51.1056090845665
rl,tau q2 a 0.7 reserve 0.0 link now,train,28.79682057061229,1654.3733802851996,2.285904302592285,10.980888129337275,0.9494877392879012,54.53031677826651,9.40316760224539,1.6877097626897146,208199716.54239804,17.17752234993614,2.035525529956028,48.24236039865927
rl,tau q2 a 0.7 reserve 0.0 link now,val,28.40828770812262,1648.2207054597004,2.8164988210480004,11.005892736663895,0.9370289368818944,54.322420609130354,9.252363152015125,1.7697430609263556,210972000.67637703,20.992309014350774,2.3679700803935133,48.32476741236824
rl,tau q2 a 0.7 reserve 0.0 link now,test,28.63467120684221,1653.6625431768905,2.249936289847965,11.314065400564564,0.9446511781053418,54.5053077295436,9.912975912975911,1.8937667271000604,216814397.0131227,16.781058447725112,2.165357474521129,49.81740785390031
rl,tau q2 a 0.7 reserve 0.0 link min5,train,28.717649922856392,1652.4881074913458,2.2148847151937585,10.86693610817014,0.947045568052276,54.47186216671852,9.181071608898394,1.646878434167929,206226678.60809648,16.648846119575868,2.100535541043885,48.61736938943736
rl,tau q2 a 0.7 reserve 0.0 link min5,val,28.341109716595174,1646.6832923192333,2.7592603905168502,10.897265115213743,0.9349335710863644,54.27408470796092,9.041559250665978,1.736959697516542,209119193.9890006,20.534716851422186,2.43022920456956,48.66560926347884
rl,tau q2 a 0.7 reserve 0.0 link min5,test,28.560369602548832,1652.0542390647458,2.1793256252773605,11.192227751411696,0.9423323960522444,54.454775800227054,9.676497884831218,1.858629025295692,214734930.62902528,16.317016317016318,2.227090619329714,50.19702475074124
rl,tau q2 a 0.7 reserve 0.25 link now,train,28.76917869612912,1653.6769174005012,2.23086219563406,10.95093193718314,0.948615681974424,54.50829835674908,9.342897026938726,1.673156315898898,207667861.08954823,16.666666666666664,2.0571011965690915,48.30506191274526
rl,tau q2 a 0.7 reserve 0.25 link now,val,28.38649640665116,1647.7485966525132,2.7738002683773577,10.981414421928791,0.9363246044295308,54.30706750921283,9.203145140500126,1.7601722952651029,210536174.06685573,20.60346309186216,2.3872875414197603,48.374496056457495
rl,tau q2 a 0.7 reserve 0.25 link now,test,28.616215853804988,1653.2379540343177,2.202936933847476,11.288938683864156,0.94406070491088,54.49168653741888,9.86260036260036,1.8848528015194683,216366541.0208064,16.40658723992057,2.181157826329224,49.86746979472861
rl,tau q2 a 0.7 reserve 0.25 link min5,train,28.69401437605546,1651.9508596373964,2.174231119260213,10.840046536402276,0.946311994019252,54.455161243900825,9.127372360331462,1.6349015414773234,205749600.8202798,16.28872256378271,2.1190580745327794,48.68269000430527
rl,tau q2 a 0.7 reserve 0.25 link min5,val,28.323040760180504,1646.294091105881,2.72844569517232,10.875238120904712,0.9343608052635692,54.26164848944095,8.997669072785081,1.7287101486637453,208730669.1722093,20.267251009710407,2.444138751535069,48.71738511011686
rl,tau q2 a 0.7 reserve 0.25 link min5,test,28.54117278987606,1651.6351175594507,2.142011093149496,11.166891009717563,0.9417223915870356,54.44138070692155,9.626251834585169,1.849412932746266,214288253.30475697,16.049382716049383,2.2429826340280696,50.25622741874675
rl,tau q2 a 0.7 reserve 0.5 link now,train,28.748398509042307,1653.168798090177,2.1904980697476923,10.92463264939176,0.947970018845856,54.4924065632013,9.29042294098429,1.662092726246696,207202099.0079896,16.35109447860049,2.073125083224009,48.368641769625576
rl,tau q2 a 0.7 reserve 0.5 link now,val,28.370206034219315,1647.3757990585111,2.742134568985977,10.959597109205376,0.935803921965629,54.295083487804725,9.159555727421155,1.7525457592162932,210148269.2423305,20.33599725015038,2.402219691638072,48.42430374894558
rl,tau q2 a 0.7 reserve 0.5 link now,test,28.60115900557227,1652.9089620706734,2.165707223898053,11.264585360818591,0.943580528562646,54.48111433104976,9.814113355780025,1.877028835362169,215935090.7921092,16.143270309936977,2.193017436334337,49.92331122311755
rl,tau q2 a 0.7 reserve 0.5 link min5,train,28.67562522488378,1651.5181659154462,2.141916738860966,10.81539781778386,0.945745304725975,54.44177310419087,9.078432682883363,1.6254937776589742,205309188.23422137,16.04146247289792,2.1348493540441447,48.749144700106335
rl,tau q2 a 0.7 reserve 0.5 link min5,val,28.3101377932431,1646.0013334921025,2.703580452104331,10.854853828467926,0.933953812015708,54.25229455556766,8.957194723726046,1.7218999742201602,208373278.67061955,20.08034716851422,2.455477592784584,48.76822017962101
rl,tau q2 a 0.7 reserve 0.5 link min5,test,28.524117210900343,1651.2665099951084,2.1111989487867864,11.142734332438074,0.9411928748176366,54.42987039392784,9.578541828541828,1.8409090909090908,213865601.75956145,15.819519986186654,2.256814318787624,50.316223715659866
rl,tau q2 a 0.7 reserve 1.0 link now,train,28.712960360318835,1652.3392388731324,2.1308299391066567,10.876710755562032,0.946868553781711,54.46647112650468,9.195573079093526,1.6437821141109032,206353222.9027889,15.94270694110309,2.1028149914119467,48.50001642956498
rl,tau q2 a 0.7 reserve 1.0 link now,val,28.343205842237385,1646.7612619542183,2.6928889230381583,10.919213959140723,0.9349622087692402,54.27570539384728,9.079541548509065,1.7385279711265793,209440631.524276,19.97293116782676,2.426340608489072,48.525654036055634
rl,tau q2 a 0.7 reserve 1.0 link now,test,28.566665634249343,1652.1410911680975,2.106419352480488,11.216353065332502,0.9425022978856404,54.457011241181846,9.718553051886383,1.860657860657861,215089044.6228093,15.774194940861603,2.222410903953852,50.0446734819142
rl,tau q2 a 0.7 reserve 1.0 link min5,train,28.64031828519754,1650.6847043574355,2.0927951388825434,10.768694182956487,0.9446556982312942,54.41587866798318,8.986374706703497,1.6074281980456802,204483184.80239984,15.688021622263804,2.163611599529479,48.88615083403445
rl,tau q2 a 0.7 reserve 1.0 link min5,val,28.28145622438852,1645.3552978261337,2.6619538304853774,10.815582170058825,0.9330630964157484,54.23194274410236,8.879629629629628,1.7072913981266653,207689233.9867664,19.74843172638996,2.4801913791100425,48.87256687708224
rl,tau q2 a 0.7 reserve 1.0 link min5,test,28.493293089347794,1650.568144518406,2.0635945615610005,11.097199845784033,0.9402371965010302,54.40792692006572,9.488636363636362,1.8249589916256583,213073557.8718812,15.49684883018216,2.284271191336853,50.43712981832899
rl,tau q2 a 0.7 reserve 2.0 link now,train,28.65025279203788,1650.9175790504537,2.050232974781815,10.785904513396035,0.9449284461692736,54.42232034801301,9.01728593067807,1.6129302919599633,204753595.2834358,15.37393447978853,2.154289385962656,48.78030881596269
rl,tau q2 a 0.7 reserve 2.0 link now,val,28.293250202904133,1645.6016217538624,2.6242296088742934,10.842816343425769,0.9334070867116824,54.2391576298993,8.929030248345793,1.7131240869639943,208114180.4435851,19.460556844547565,2.4705051154927355,48.73940582031853
rl,tau q2 a 0.7 reserve 2.0 link now,test,28.50679580405474,1650.8060683494043,2.022980596110973,11.127065157226548,0.9406366580532172,54.41496475202936,9.542842959509624,1.8313800397133733,213543095.54597253,15.20979020979021,2.2719602449062366,50.28997862979499
rl,tau q2 a 0.7 reserve 2.0 link min5,train,28.57536995548029,1649.24876627767,2.027992341542931,10.679115767095167,0.9426645566955976,54.37161079328473,8.811183878345066,1.5761531379013336,202918965.1778788,15.20538180522142,2.219470124305964,49.17590441399636
rl,tau q2 a 0.7 reserve 2.0 link min5,val,28.22841142002707,1644.1789032274364,2.6025888057267625,10.735705849172431,0.9314223379181106,54.195067217786246,8.722737819025522,1.6803407235541807,206312552.6651199,19.30158116353012,2.526663594784723,49.10640343686809
rl,tau q2 a 0.7 reserve 2.0 link min5,test,28.430384102541986,1649.205111867651,1.9972713981493344,11.00799261606621,0.9383008410820594,54.36542157148409,9.313757230423896,1.7940408357075024,211534291.5298282,15.003669170335836,2.338131519194844,50.699840152732
rl,tau q2 a 1.0 reserve 0.0 link now,train,28.872080039206764,1656.1884087210542,2.482253783353849,11.057283032758187,0.9519103468878758,54.588639789830026,9.558770679259853,1.7275015592978706,209580792.12533787,19.105111526923874,1.976385494363235,48.12640540710606
rl,tau q2 a 1.0 reserve 0.0 link now,val,28.47554586431855,1649.689064872979,2.984795282014875,11.072171867050557,0.9391441483834302,54.368929006062224,9.386343129672596,1.7996369339176763,212166976.0010312,22.489688063934,2.328950352102402,48.2282398921595
rl,tau q2 a 1.0 reserve 0.0 link now,test,28.696278535128656,1655.0022963678064,2.4125899321327835,11.377072710051042,0.9465870645546596,54.54779666400499,10.039961581628248,1.9223862557195888,217936979.8619529,18.149443149443147,2.1288377274382504,49.72785423319138
rl,tau q2 a 1.0 reserve 0.0 link min5,train,28.773072548440545,1653.8261506575668,2.33098469123567,10.926489198600166,0.948815791118303,54.51457865212218,9.3014197035849,1.6757180195432,207292549.6184621,17.7507499480234,2.059842183270608,48.49800631925707
rl,tau q2 a 1.0 reserve 0.0 link min5,val,28.38270907281783,1647.584213503488,2.850362856303464,10.94683757097506,0.936262435860692,54.30297065331855,9.141123141703186,1.7564557016413165,209996631.46747443,21.454197817306863,2.401678516170044,48.56627303095088
rl,tau q2 a 1.0 reserve 0.0 link min5,test,28.59785568608675,1652.8796197592403,2.277688970636888,11.24398048781295,0.9435176962402084,54.48102286912192,9.779892946559611,1.87735258568592,215641847.19200552,17.130708797375462,2.199882174133087,50.094149961999165
rl,tau q2 a 1.0 reserve 0.25 link now,train,28.8264718362768,1655.0803135992956,2.367789753495603,11.019119287396284,0.9504466290579604,54.55311151943266,9.48075380914194,1.703592325284386,208888952.80210283,17.96905164988565,2.012935753046108,48.171989542080894
rl,tau q2 a 1.0 reserve 0.25 link now,val,28.43252794898372,1648.7542627275168,2.883095788252142,11.038456719836104,0.937804761276032,54.3396057584886,9.318166194036264,1.781537337801839,211553855.57385924,21.652917418578667,2.350096093487419,48.2659437846043
rl,tau q2 a 1.0 reserve 0.25 link now,test,28.656628389049665,1654.1651610501117,2.3197980525938706,11.346132300350552,0.9453539068963102,54.5214852716682,9.977672019338684,1.9055620305620309,217377606.1452992,17.396184062850725,2.1501148356198745,49.76313009040021
rl,tau q2 a 1.0 reserve 0.25 link min5,train,28.74276843318588,1653.0848264744284,2.2703389429523155,10.899836710028042,0.9478464825382856,54.4908380054754,9.247467997267515,1.6597983308087558,206816163.74825504,17.116635480709256,2.08178499926522,48.54465210483295
rl,tau q2 a 1.0 reserve 0.25 link min5,val,28.358506453046285,1647.0600615079952,2.8022040943146385,10.92458869331393,0.9354842907456132,54.286124551847216,9.096319927816449,1.7456818767723643,209598795.95840853,20.904227893787056,2.415563259227661,48.60591614249646
rl,tau q2 a 1.0 reserve 0.25 link min5,test,28.57752607395017,1652.4325495705746,2.2287163430380463,11.222395750034424,0.942870255030282,54.46675520963761,9.736542778209444,1.8677372010705349,215259293.12207547,16.699041699041697,2.21152310968381,50.130970358246365
rl,tau q2 a 1.0 reserve 0.5 link now,train,28.797373525566563,1654.386584581748,2.304842748866226,10.992721555717052,0.9495170559750477,54.53086695817272,9.427232766045918,1.6886601918678907,208411633.6524993,17.34607502450325,2.0353443330035863,48.21650339943557
rl,tau q2 a 1.0 reserve 0.5 link now,val,28.411932386804565,1648.2996908554917,2.8319786325065435,11.016472094769965,0.9371401033465304,54.32485380963614,9.273620778551171,1.772224370542236,211157140.11824352,21.10939245510011,2.3647865227909217,48.30158559149746
rl,tau q2 a 1.0 reserve 0.5 link now,test,28.636710467600427,1653.7200157270993,2.268866412981874,11.325158410157131,0.9447133940945136,54.507113976943664,9.93521756021756,1.895806354139688,217000844.73840976,16.918112751446085,2.1633109320943302,49.795276350662746
rl,tau q2 a 1.0 reserve 0.5 link min5,train,28.72031064569564,1652.5498143079794,2.2296464707606654,10.877881134106437,0.947134658128503,54.47384709688606,9.203228489114617,1.6484971338620098,206421385.0403041,16.760224538893343,2.0988567023972293,48.59098565421505
rl,tau q2 a 1.0 reserve 0.5 link min5,val,28.343777775316568,1646.7433057846183,2.770961655159148,10.906599243021446,0.9350105193859632,54.27590637812823,9.060206668385325,1.7389468935292602,209278562.79788604,20.616353011944653,2.427972659985674,48.64365130244197
rl,tau q2 a 1.0 reserve 0.5 link min5,test,28.56369677937029,1652.1339158728554,2.193703042056081,11.203570104874128,0.9424308685768872,54.45720075233946,9.698933782267115,1.8611111111111112,214926358.21850988,16.415220581887247,2.223577677950803,50.1696594323371
rl,tau q2 a 1.0 reserve 1.0 link now,train,28.76280164610121,1653.5089805075847,2.228702419993231,10.950813539680668,0.9484125905239766,54.502916210043125,9.342837625115092,1.669904066054828,207663434.50248003,16.626570435712377,2.0626653678281204,48.3051490194546
rl,tau q2 a 1.0 reserve 1.0 link now,val,28.38177173340081,1647.639982976422,2.7725331595334066,10.982293211022329,0.9361633042440102,54.30338273628084,9.204799346910717,1.758840336856578,210543865.0746756,20.56264501160092,2.3924046941595174,48.37103584281312
rl,tau q2 a 1.0 reserve 1.0 link now,test,28.611713754732467,1653.1546728514018,2.2026302366124493,11.29022468695124,0.9439123876918312,54.48895317133787,9.865136406803073,1.883611758611759,216378925.71233705,16.373133039799704,2.1842811028338387,49.86408797953187
rl,tau q2 a 1.0 reserve 1.0 link min5,train,28.687789833315883,1651.8135656044417,2.172719181578872,10.840309160505196,0.9461157234643582,54.45082351754071,9.128107457898958,1.632391814428703,205752354.18355167,16.253081469601113,2.1240757498157823,48.68201228666268
rl,tau q2 a 1.0 reserve 1.0 link min5,val,28.31940349149092,1646.2117736588036,2.7276872003073014,10.875997292410196,0.9342410712277488,54.25895253131259,8.99915141359457,1.7276359886568704,208736074.6995789,20.25758356964853,2.4467395787238404,48.715443620122045
rl,tau q2 a 1.0 reserve 1.0 link min5,test,28.537373390041665,1651.5630847946109,2.1408116326759186,11.1676627637555,0.9416039108593076,54.43914419726204,9.627719502719502,1.84821505654839,214294862.4406457,16.025641025641026,2.244301610967536,50.252957281231446
rl,tau q2 a 1.0 reserve 2.0 link now,train,28.71071303791201,1652.2996998137662,2.135890854562282,10.881778922421203,0.9467949379341224,54.46514398809598,9.205819893670736,1.643358876117497,206444278.1482076,15.965725147762036,2.104500311016316,48.486105313631136
rl,tau q2 a 1.0 reserve 2.0 link now,val,28.342170966632093,1646.734038475291,2.69702489626712,10.92405781706672,0.934927862068724,54.27481190769668,9.089123055770386,1.7389146687290542,209518441.815846,20.005155968033,2.4275263361209043,48.5127226635192
rl,tau q2 a 1.0 reserve 2.0 link now,test,28.56578032632795,1652.1298751280729,2.112769851488183,11.222454253586758,0.942472815411752,54.45659484562035,9.73056418889752,1.860862902529569,215184548.1899336,15.81951998618665,2.222664229965059,50.029383105410645
rl,tau q2 a 1.0 reserve 2.0 link min5,train,28.638598075769643,1650.6780569291416,2.097587857349512,10.773611911581956,0.9445978556044512,54.41555477449918,8.996242834655025,1.6073687962220442,204569712.60934392,15.726632807627192,2.1646232261719933,48.87261706200489
rl,tau q2 a 1.0 reserve 2.0 link min5,val,28.28065240562032,1645.3428538341511,2.665400972419265,10.82010217557924,0.933034593520926,54.231535600303424,8.888598865687031,1.7079251525307213,207762905.913036,19.77743404657557,2.480967578688943,48.86052029373651
rl,tau q2 a 1.0 reserve 2.0 link min5,test,28.49350881526968,1650.5776537216225,2.0676919333267665,11.103060601243048,0.9402395359738184,54.40822447659022,9.500097125097126,1.825703617370284,213165303.5664336,15.529223862557195,2.2831477175740056,50.4207368540003
rl,tau q3 a 0.5 reserve 0.0 link now,train,28.04369398692012,1637.0638933634254,2.062937862165855,8.821035151369728,0.9250472341407188,53.96730524343982,4.813233241260506,1.222281624045858,169683807.44631562,15.511301196946746,2.8682827290666904,53.58601815386538
rl,tau q3 a 0.5 reserve 0.0 link now,val,27.619257867395223,1627.692366761267,2.628244650477424,8.842518774071817,0.9107059796115842,53.63103795316897,4.658395634613734,1.2072484317263898,172921246.48869985,19.475595084643803,3.3144102895261853,53.40755513226961
rl,tau q3 a 0.5 reserve 0.0 link now,test,27.788988428698783,1631.5761047178487,2.052919571528269,8.990494982582115,0.9163923984078192,53.76060949728336,4.974661141327809,1.2887852887852886,175903177.61590263,15.412673746007078,3.1785649021326114,55.25348250001505
rl,tau q3 a 0.5 reserve 0.0 link min5,train,27.99136933407244,1635.8427769786929,2.034277426917112,8.767723613987528,0.9234421492303654,53.92956227061023,4.708589503697763,1.196389854168523,168712199.9317473,15.298197154652646,2.908183133466017,53.77008152305599
rl,tau q3 a 0.5 reserve 0.0 link min5,val,27.57500056493267,1626.6812531724777,2.60420174289368,8.793205923254549,0.9093325903454758,53.59938782417732,4.561925324396323,1.1859908051903412,172036964.44384295,19.32306436366761,3.352569599607816,53.567278981516566
rl,tau q3 a 0.5 reserve 0.0 link min5,test,27.734638842031345,1630.4360247659342,2.023246281545277,8.93469278071945,0.914704606755516,53.72500759872625,4.865902615902617,1.2646874730208064,174909698.0979021,15.214106880773548,3.223083840366364,55.4337184925377
rl,tau q3 a 0.5 reserve 0.25 link now,train,28.02391993299892,1636.5846190938928,2.036394796692297,8.802826022348858,0.9244302404081048,53.95220158465428,4.776567465621195,1.2121239122041043,169345974.35991567,15.304137337016249,2.8836123216215954,53.6322568696636
rl,tau q3 a 0.5 reserve 0.25 link now,val,27.60296189487041,1627.3289159741548,2.607407504683893,8.827155200989292,0.9101917963273872,53.61947993817681,4.627481309615881,1.1993103892755863,172635654.85322678,19.31661940362636,3.328311283200221,53.44506856936664
rl,tau q3 a 0.5 reserve 0.25 link now,test,27.77150638801356,1631.1715055123857,2.0268878629905656,8.973282411157452,0.9158406620890744,53.74782284628523,4.940289648622983,1.2804109470776135,175581846.12406114,15.231373564706894,3.1936385914863514,55.2953236782181
rl,tau q3 a 0.5 reserve 0.25 link min5,train,27.973820404284,1635.4088150266398,2.014873245026247,8.750590603418944,0.9228951272217332,53.915909302274855,4.674262674864118,1.187331076064035,168392988.41925803,15.15043511835813,2.921044938476188,53.8181968479043
rl,tau q3 a 0.5 reserve 0.25 link min5,val,27.55932524523752,1626.3379465059268,2.587201592293873,8.778716016172636,0.9088380299115072,53.5884999237645,4.532858554610296,1.1783964939417375,171767335.15622583,19.180201082753285,3.364713120262105,53.60536149832743
rl,tau q3 a 0.5 reserve 0.25 link min5,test,27.71851297657112,1630.078555025383,2.0025634884156203,8.918430377672387,0.914199581117169,53.713760073959484,4.833506000172668,1.25658292324959,174609676.94742295,15.07813174479841,3.236056542999443,55.47528239562192
rl,tau q3 a 0.5 reserve 0.5 link now,train,28.0062176762074,1636.169188203212,2.0168455810850383,8.785897033133548,0.9238775919733616,53.93910044349709,4.742708426148683,1.2034141198134778,169031877.18429416,15.15860286910808,2.8964193858308307,53.679780730915695
rl,tau q3 a 0.5 reserve 0.5 link now,val,27.589542754349186,1627.0038697224618,2.5898830209818424,8.812882826005923,0.9097656650851348,53.60908477716804,4.59887642863281,1.1924679900317952,172368103.10045543,19.18879436280828,3.340148655321439,53.48280114676333
rl,tau q3 a 0.5 reserve 0.5 link now,test,27.75297126309544,1630.7852240125978,2.005524981522769,8.956361891997881,0.915259722602316,53.73566729044063,4.90654407321074,1.271982646982647,175270625.26305792,15.083527583527584,3.2080970487111413,55.33857669582
rl,tau q3 a 0.5 reserve 0.5 link min5,train,27.95562312659205,1634.9969483776106,1.9999184932769205,8.734295315271554,0.9223292003642286,53.90299601611053,4.641858980070689,1.1786361341293177,168088859.56761414,15.029403902699812,2.9345620027839594,53.86843740891937
rl,tau q3 a 0.5 reserve 0.5 link min5,val,27.545943510787936,1626.0159599431931,2.57241457569337,8.764721001264721,0.9084112087533028,53.57816772649461,4.504833720030937,1.1713070378963648,171508324.15949127,19.079230042107067,3.3763684046096167,53.64323503813089
rl,tau q3 a 0.5 reserve 0.5 link min5,test,27.70177675546999,1629.7085072542732,1.9858389152671525,8.902870479549538,0.9136721716365562,53.70205573444319,4.802425969092637,1.2487049987049987,174320091.6032116,14.934602434602434,3.2504691847565863,55.517340454764174
rl,tau q3 a 0.5 reserve 1.0 link now,train,27.974140137227423,1635.4343173641655,1.98962810377542,8.754068238985845,0.922879354861441,53.91608253614363,4.679371231696813,1.1877765897413048,168437254.89482906,14.950696486382132,2.919944551107469,53.77900219895331
rl,tau q3 a 0.5 reserve 1.0 link now,val,27.562290195219504,1626.3768892421726,2.5603098339614263,8.78462100647606,0.9089014678749348,53.58907038554668,4.542289679470655,1.179094697946206,171844360.241729,18.99329724155709,3.3626719645235297,53.55993404988699
rl,tau q3 a 0.5 reserve 1.0 link now,test,27.72139874978767,1630.061737753677,1.9750976424548368,8.925691663333316,0.9142663558149322,53.71281991817109,4.84561426228093,1.25677717344384,174707424.24173358,14.842873176206506,3.232855031996116,55.42428384529671
rl,tau q3 a 0.5 reserve 1.0 link min5,train,27.92259725884101,1634.2304753722044,1.9784500322400915,8.703530893639355,0.9213123086115652,53.87920495553042,4.58093498470403,1.1629689031453263,167518460.82461613,14.871989070064451,2.9608001709946428,53.96924012108075
rl,tau q3 a 0.5 reserve 1.0 link min5,val,27.517797548646723,1625.377366370957,2.5478047140364675,8.736507190207982,0.9075207445299034,53.557788030230284,4.448494027670363,1.157375182607201,170988311.09452608,18.91810604107588,3.400340507015988,53.72386650801296
rl,tau q3 a 0.5 reserve 1.0 link min5,test,27.670870395543925,1629.031805622568,1.960191682058252,8.872649861524321,0.9127129227703432,53.680890355537535,4.742683242683244,1.2340391090391092,173765878.50332385,14.718768885435551,3.2742440368855497,55.607071875050586
rl,tau q3 a 0.5 reserve 2.0 link now,train,27.91715224696968,1634.1255956314926,1.959469641089746,8.695472300495316,0.9211219685917632,53.87548034535448,4.563723306305504,1.1598800083162553,167354948.01437527,14.738334966883484,2.9634265296050533,53.98057845325265
rl,tau q3 a 0.5 reserve 2.0 link now,val,27.51208489912478,1625.2211632872295,2.522137349661731,8.730394462474317,0.9073068682464456,53.552309883777085,4.434379565180031,1.153905645784996,170842919.08034718,18.74301795995532,3.4061047247898544,53.72395997421162
rl,tau q3 a 0.5 reserve 2.0 link now,test,27.66517418480396,1628.8521390582748,1.936318524298003,8.866470872105117,0.9125173802061924,53.67471953847595,4.728869895536563,1.2305641888975225,173625313.36976603,14.505093671760338,3.2797211532658093,55.609292171002735
rl,tau q3 a 0.5 reserve 2.0 link min5,train,27.86230528344896,1632.865769033594,1.9538556900197328,8.644717966535927,0.9194559155657164,53.83690771347718,4.464871246547269,1.1339808132109654,166434475.1525736,14.692298553565593,3.008593694588311,54.17615957599156
rl,tau q3 a 0.5 reserve 2.0 link min5,val,27.4598487421014,1624.114378308519,2.5150192121592863,8.680199279830688,0.9056978247095876,53.51778293671288,4.336588038154165,1.1290066168256423,169952039.10380682,18.7011257196872,3.448959633251024,53.89913143006796
rl,tau q3 a 0.5 reserve 2.0 link min5,test,27.613487269366058,1627.7449520412888,1.9293683926170109,8.813480796268546,0.9109382244279032,53.64050497483579,4.626143917810586,1.2060562893896227,172692869.75265476,14.441422774756107,3.3245405840536204,55.79584318592288
rl,tau q3 a 0.7 reserve 0.0 link now,train,28.08273167682152,1638.054344748887,2.1274902815195693,8.855549567120049,0.926272256152602,53.99856020951391,4.883394220202561,1.242626748641183,170323491.25801182,16.11942736642015,2.8417957345503044,53.51417356720835
rl,tau q3 a 0.7 reserve 0.0 link now,val,27.65096800797072,1628.4115848396418,2.678617956641629,8.870325074201551,0.9117360712381752,53.65444116118183,4.714982383775889,1.22138437741686,173450896.69227463,19.95037380768239,3.2848402065858773,53.34928395072589
rl,tau q3 a 0.7 reserve 0.0 link now,test,27.816544569897463,1632.1822475396027,2.1088133591822484,9.018545987071183,0.9172805342732032,53.7801678925106,5.031198739532074,1.3020698437365104,176432861.0594837,15.859449192782526,3.1555285524310035,55.19562253515427
rl,tau q3 a 0.7 reserve 0.0 link min5,train,28.02558926565621,1636.66087143477,2.0808336681683834,8.798306229962568,0.924503805888083,53.9551140022024,4.77041937687487,1.2134975793756866,169283258.8870474,15.705842169354597,2.884178571244187,53.69526742191226
rl,tau q3 a 0.7 reserve 0.0 link min5,val,27.59962793182865,1627.2384346277934,2.6402566225861808,8.817030605686027,0.9101240870611388,53.61736093298624,4.6100154679041,1.197548766864312,172487146.12872735,19.64531236573,3.331521871442697,53.51015612889643
rl,tau q3 a 0.7 reserve 0.0 link min5,test,27.763448772090506,1631.0441721076904,2.06526669165636,8.961561031526573,0.9156180109369026,53.74440113397655,4.91951566951567,1.2781231114564446,175407481.56453422,15.558361391694724,3.2000841319717623,55.3696915028819
rl,tau q3 a 0.7 reserve 0.25 link now,train,28.05967830747964,1637.466000534678,2.090725634283644,8.837285899959117,0.9255491564916593,53.97997272231684,4.846208678606433,1.230605304582851,169987453.94166744,15.746680923104336,2.8581571288562886,53.549385689096106
rl,tau q3 a 0.7 reserve 0.25 link now,val,27.633123249169536,1628.0131437320476,2.649404224869087,8.855754712240152,0.9111512212040423,53.641368030702345,4.685260376385667,1.2138652573687376,173173264.3262009,19.661424765833114,3.300892878265018,53.3777038779245
rl,tau q3 a 0.7 reserve 0.25 link now,test,27.800484665947536,1631.8272582348015,2.078646408510452,9.00469554718177,0.91676224180359,53.76866789687638,5.003118794785463,1.2948070448070448,176170521.75369075,15.619873953207286,3.169089984338364,55.22177704755331
rl,tau q3 a 0.7 reserve 0.25 link min5,train,28.00612388037045,1636.2019594400244,2.0549652822034608,8.7828345903104,0.9238992301549204,53.94075549222767,4.739047788767115,1.2039041848584753,168995330.0531052,15.472690011583357,2.898332437555382,53.73068477662898
rl,tau q3 a 0.7 reserve 0.25 link min5,val,27.585800996490228,1626.9333880755398,2.619865627150019,8.804764323611309,0.9096755816325564,53.60746849452782,4.585213113345365,1.191383088424852,172255899.84025094,19.45196356449256,3.3432523843432307,53.53811489017208
rl,tau q3 a 0.7 reserve 0.25 link min5,test,27.74761856730296,1630.7041793941587,2.0430489408763632,8.948402436398545,0.9151123921308916,53.73346830328176,4.893227143227144,1.2710653543986876,175163487.75041008,15.375982042648708,3.212986365514555,55.39982864478333
rl,tau q3 a 0.7 reserve 0.5 link now,train,28.042937954445456,1637.0485656125857,2.064008146006544,8.822065656364737,0.9250276880435916,53.96686735555768,4.815438533962992,1.2218806617363152,169707933.22635064,15.514271288128546,2.869921605143903,53.58290691274084
rl,tau q3 a 0.7 reserve 0.5 link now,val,27.61959423121763,1627.7108188427949,2.629559397695461,8.843717851322896,0.9107156730332056,53.63159921983105,4.660812494629201,1.207624387728796,172944196.29543698,19.4884850047263,3.3135308746666703,53.40408998663833
rl,tau q3 a 0.7 reserve 0.5 link now,test,27.7884335992527,1631.57061909847,2.05480884908714,8.991859031405632,0.9163752883410412,53.76041560568584,4.97739143572477,1.2889039972373306,175930713.14961582,15.42022792022792,3.178336323167774,55.24919319996837
rl,tau q3 a 0.7 reserve 0.5 link min5,train,27.9914585020403,1635.8494565942544,2.0357344054626383,8.769262251005465,0.9234469822279392,53.92979749401552,4.711752650806379,1.1964715316760224,168744128.83631828,15.303394814220797,2.908817073464317,53.765448234619264
rl,tau q3 a 0.7 reserve 0.5 link min5,val,27.573814873959563,1626.6677486071535,2.6053455871533484,8.794204607375965,0.9092934491407236,53.59895476605016,4.563966228409385,1.1857759731889663,172056971.0822377,19.33702844375697,3.3531297538081906,53.56442145099755
rl,tau q3 a 0.7 reserve 0.5 link min5,test,27.734861512746185,1630.444622887098,2.0252138665203945,8.93603224006154,0.914711381848241,53.7252793286798,4.8685897435897445,1.2650328066994734,174934451.6679617,15.233531900198566,3.2225186608094827,55.43011696248628
rl,tau q3 a 0.7 reserve 1.0 link now,train,28.015670694132684,1636.392944981667,2.028998231195169,8.796969693554503,0.924173422428962,53.9461518067458,4.764954409100359,1.2080029106893582,169241317.27904007,15.24325046778936,2.890141118847362,53.64804378483314
rl,tau q3 a 0.7 reserve 1.0 link now,val,27.596053285844697,1627.1667344213488,2.6008644214911723,8.82222360119185,0.9099730181625252,53.61433157398801,4.617609779152703,1.1962597748560626,172542319.9739624,19.271504683337625,3.3345081990533294,53.45774906648208
rl,tau q3 a 0.7 reserve 1.0 link now,test,27.762721578691995,1630.9939764619262,2.018670786138601,8.966993334090759,0.9155634225996024,53.7422176410895,4.927760511093846,1.2768173184839853,175467544.30631098,15.184969351636015,3.20040217185195,55.31083702897802
rl,tau q3 a 0.7 reserve 1.0 link min5,train,27.966183062386847,1635.2355939891213,2.0094522938009343,8.744885272145188,0.9226562278765742,53.91045478553241,4.663006029285099,1.1836407377706497,168289450.45626542,15.104398705040245,2.926826421669199,53.83538852088597
rl,tau q3 a 0.7 reserve 1.0 link min5,val,27.55254343654945,1626.1751397801809,2.581355336788624,8.773642179036392,0.9086216834145624,53.583260377534494,4.5227292257454685,1.175077339520495,171672943.01735842,19.135086362464552,3.3706331488239125,53.61908004818897
rl,tau q3 a 0.7 reserve 1.0 link min5,test,27.71176191554411,1629.9170869076177,1.996767134938845,8.912857634896461,0.9139858446710492,53.70862251756384,4.822390572390574,1.25319433652767,174505539.58810326,15.031727531727528,3.241589254277447,55.49043759323423
rl,tau q3 a 0.7 reserve 2.0 link now,train,27.9695668797818,1635.3167581733876,1.987430037735158,8.750780192069804,0.9227369900938944,53.91241367907203,4.673052362707535,1.185482194303365,168381558.9741305,14.926935756927737,2.924129258536765,53.79015349125397
rl,tau q3 a 0.7 reserve 2.0 link now,val,27.55854459128479,1626.2841676043508,2.558053782627079,8.781797173030414,0.9087826945202242,53.5861259510934,4.536682564234769,1.1774619747357566,171792267.0348887,18.976110681447103,3.366542977153056,53.56808999435962
rl,tau q3 a 0.7 reserve 2.0 link now,test,27.71771273657877,1629.9769728743042,1.972339979642057,8.922618094358375,0.9141512433839956,53.71015974952548,4.839592506259174,1.255201588534922,174650289.03651905,14.820210653543986,3.2365692622046907,55.43345274383466
rl,tau q3 a 0.7 reserve 2.0 link min5,train,27.918539580950583,1634.146183298945,1.9768679830490767,8.700649419218788,0.921186052925666,53.87656662254102,4.575351213282248,1.161216549348065,167470080.2641599,14.863078796519051,2.963308750529717,53.978738471413465
rl,tau q3 a 0.7 reserve 2.0 link min5,val,27.513386491379464,1625.282978847383,2.545481700117727,8.73347926475867,0.9073812794827804,53.55476328727414,4.44252169803214,1.1555813353957205,170931548.85881242,18.901993640972755,3.403098008445903,53.73322610938183
rl,tau q3 a 0.7 reserve 2.0 link min5,test,27.66676530946804,1628.9318636211142,1.957815028395801,8.86966490241664,0.9125855879131568,53.677797839129646,4.736920486920488,1.232258482258482,173712226.43719244,14.69394802728136,3.277866108976511,55.61671408004008
rl,tau q3 a 1.0 reserve 0.0 link now,train,28.14868265017592,1639.6733279561424,2.2687146607853896,8.904367097414978,0.9283924493149838,54.05063026843908,4.983701624639877,1.2772431613650537,171237132.319463,17.65793459859217,2.792461959452893,53.45104441285479
rl,tau q3 a 1.0 reserve 0.0 link now,val,27.709496514313983,1629.6595220047802,2.80185579413151,8.912486427392066,0.9135820525560442,53.694061190501166,4.800829251525308,1.2460041247744262,174242197.16378793,21.15558133539572,3.25294081756851,53.2963495627141
rl,tau q3 a 1.0 reserve 0.0 link now,test,27.87057250956416,1633.3372082023304,2.21981802378303,9.056821983488462,0.9189808278302282,53.81680976804436,5.10884485884486,1.3255093671760338,177146995.654321,16.901925235258567,3.124562261984202,55.14747898675189
rl,tau q3 a 1.0 reserve 0.0 link min5,train,28.068439236305288,1637.7557859931767,2.1595582214944504,8.832182174128606,0.9258715029054844,53.99028371792034,4.8395408239032935,1.2363004544239509,169916894.7888562,16.582761590780837,2.855825362809106,53.634785802354536
rl,tau q3 a 1.0 reserve 0.0 link min5,val,27.63441088058895,1627.9975960995473,2.704299485015171,8.844943964954803,0.9112466908548864,53.64188381725212,4.666677408266737,1.2129092549626193,173010258.17538884,20.335997250150378,3.307945733818556,53.45981284640697
rl,tau q3 a 1.0 reserve 0.0 link min5,test,27.792156911631352,1631.6764379835151,2.126614634656097,8.987687642575851,0.9165389603581394,53.76466430473865,4.972222222222223,1.2915587498920833,175893811.74540275,16.14434947768281,3.18032551824049,55.32339070543173
rl,tau q3 a 1.0 reserve 0.25 link now,train,28.107847762227184,1638.674583267588,2.178099096634791,8.875698203864776,0.9270811761896957,54.01858455577886,4.924782440820933,1.2558807805399623,170706658.39662597,16.64587602839407,2.8244059793119223,53.48213312315554
rl,tau q3 a 1.0 reserve 0.25 link now,val,27.669551259860864,1628.7974826801606,2.719679006634501,8.887205029087832,0.912336636262866,53.66696015943778,4.749516627996908,1.2296231846695884,173768161.83457935,20.42085589069348,3.272802038742016,53.32196584893236
rl,tau q3 a 1.0 reserve 0.25 link now,test,27.83451091209959,1632.579760813894,2.1477003021028844,9.03411302040216,0.9178580312922908,53.79299119774946,5.062937062937064,1.3106923940257271,176725232.59293792,16.26197876197876,3.143725845231637,55.17131746013598
rl,tau q3 a 1.0 reserve 0.25 link min5,train,28.043408812390627,1637.1301891835326,2.11351917754938,8.814401906690724,0.9250693364678224,53.97012653240021,4.803231459205798,1.223068698209035,169587141.25676435,16.050372746443315,2.872826303026999,53.66228468490041
rl,tau q3 a 1.0 reserve 0.25 link min5,val,27.612916745111253,1627.5162703010335,2.666422228219345,8.82983546102242,0.9105546528136756,53.62640280247788,4.636010140070466,1.2035210965025351,172730676.7062817,19.891295007304286,3.3203778223690765,53.48405016932817
rl,tau q3 a 1.0 reserve 0.25 link min5,test,27.77451139941596,1631.28903985923,2.09199210170439,8.974201263594379,0.9159729697445912,53.752237523065695,4.944962444962446,1.283680825347492,175646574.6912717,15.788224121557455,3.190425535718856,55.343715938681065
rl,tau q3 a 1.0 reserve 0.5 link now,train,28.08174080647604,1638.045411266189,2.1336464047651016,8.858609726866659,0.9262516909636156,53.99847627905896,4.889802191927292,1.242641599097092,170385459.00086135,16.168433870919838,2.843221834688296,53.50808760303631
rl,tau q3 a 1.0 reserve 0.5 link now,val,27.65247302214369,1628.4304952501404,2.6835439392975973,8.873100101091184,0.911783603269538,53.65502476982374,4.720643207012118,1.2221685142218788,173504213.29930395,19.99763684798487,3.2837842004599707,53.34333151101234
rl,tau q3 a 1.0 reserve 0.5 link now,test,27.817399279688622,1632.1968706189857,2.114415953140726,9.021127608463091,0.9173088700063016,53.78064517660282,5.036421911421913,1.3026418026418027,176482090.91970992,15.900457567124231,3.154719820590674,55.19055752792895
rl,tau q3 a 1.0 reserve 0.5 link min5,train,28.02520859666729,1636.6596420150493,2.0854056441960083,8.80089873746336,0.9244943529672291,53.95512397955893,4.775802667141881,1.2136609343906857,169335045.0065639,15.74445335471799,2.88645083269915,53.68932910418312
rl,tau q3 a 1.0 reserve 0.5 link min5,val,27.60044688243993,1627.2483859309586,2.6440892289776468,8.8193685878151,0.9101484308902044,53.61765392939701,4.61480622153476,1.1981288132680246,172531394.5210965,19.66894388588124,3.3311969607881,53.50511537927435
rl,tau q3 a 1.0 reserve 0.5 link min5,test,27.764596921827245,1631.067425912754,2.0697632939616937,8.963918361219477,0.9156524325981774,53.74510431426117,4.924231632564966,1.2788677372010704,175453269.61193126,15.58965725632392,3.199054144603176,55.36407848465399
rl,tau q3 a 1.0 reserve 1.0 link now,train,28.053075469682128,1637.3013873430762,2.083861692886907,8.833502940493288,0.9253426650817312,53.97475041758074,4.838627520864891,1.2272416763194631,169921553.4649678,15.682081439900204,2.86385781328276,53.55706056053866
rl,tau q3 a 1.0 reserve 1.0 link now,val,27.62809697926414,1627.8964332405976,2.6445526042116967,8.85305023993224,0.9109846625704228,53.63753426146583,4.679771418750538,1.211910286156226,173121500.01658505,19.600197645441263,3.3059838200484704,53.38320734870583
rl,tau q3 a 1.0 reserve 1.0 link now,test,27.795980265353684,1631.733349499161,2.073210263293649,9.00190185522848,0.9166166435249612,53.76561967033422,4.997507122507123,1.2930156263489596,176117740.07994473,15.55944055944056,3.1725052117894443,55.22723882681268
rl,tau q3 a 1.0 reserve 1.0 link min5,train,28.00048250890765,1636.0673010519554,2.0500354280549864,8.779755293080063,0.9237244460973494,53.93652095534127,4.732921975704655,1.2010825982357658,168940397.92004517,15.419970893106417,2.902936633227826,53.73789505404828
rl,tau q3 a 1.0 reserve 1.0 link min5,val,27.58145013750621,1626.8339542104882,2.616034859912614,8.802110086267934,0.909536083037874,53.60424673102244,4.579885279711267,1.189546274813096,172206932.3837759,19.41866460427945,3.3465938307649505,53.54432532518866
rl,tau q3 a 1.0 reserve 1.0 link min5,test,27.74325088902817,1630.6157071838895,2.038996583309906,8.94551622381707,0.9149773422573968,53.7307087928822,4.887507554174221,1.2691983941983942,175110695.09902444,15.334973668307,3.2155736128739343,55.4066400725528
rl,tau q3 a 1.0 reserve 2.0 link now,train,28.01383878746609,1636.352546114596,2.029523238109685,8.797082789032292,0.9241154386736012,53.94483123888815,4.765288544358312,1.2072678131218628,169247952.52873564,15.24993317294841,2.8919558778290044,53.64779601185681
rl,tau q3 a 1.0 reserve 2.0 link now,val,27.59476999028036,1627.1395621900122,2.6012576882107967,8.822291457806559,0.9099324891425092,53.61344322999084,4.617760161553666,1.1958838188536565,172543724.19798917,19.26935636332388,3.335569120146672,53.45766299357098
rl,tau q3 a 1.0 reserve 2.0 link now,test,27.761328615379497,1630.9603858911823,2.0188243938682247,8.966889808685512,0.9155202135886652,53.74116733981684,4.9275554692221375,1.2761482344815678,175465684.7636191,15.17849434516101,3.201152833984497,55.31099014107057
rl,tau q3 a 1.0 reserve 2.0 link min5,train,27.96428345844781,1635.2053625825429,2.0095697506452286,8.744819465346199,0.922598290001612,53.909522027678456,4.662976328373281,1.1830689952181532,168291737.49894562,15.101428613858443,2.928287603638259,53.83572301900194
rl,tau q3 a 1.0 reserve 2.0 link min5,val,27.551419585035152,1626.1508916773018,2.580966191085654,8.773461989186908,0.9085850046645966,53.58248228271178,4.522396236143337,1.1746369339176763,171671312.10569736,19.136160522471425,3.371854697981522,53.61936968217309
rl,tau q3 a 1.0 reserve 2.0 link min5,test,27.71052393557504,1629.890045845537,1.996420185423473,8.912662531948774,0.9139472155061272,53.70779407433609,4.822002072002073,1.2527410860744197,174500497.03686437,15.02741086074419,3.242630670903825,55.49098330810767
rl,tau q4 a 0.5 reserve 0.0 link now,train,27.18057615457593,1618.9111907758747,1.9855034448564857,7.491229061490963,0.897149067040042,53.38050698155245,1.975043808844932,0.7467551753838844,143194422.57245538,14.925450711336838,3.690812289389192,57.246510997723455
rl,tau q4 a 0.5 reserve 0.0 link now,val,26.79895674353986,1610.085130324453,2.546807923833959,7.595344561031204,0.8827452998891685,53.04332140992461,2.007744693649566,0.7549948440319669,148419913.3408954,18.92777348113775,4.18320421496446,56.646483310683095
rl,tau q4 a 0.5 reserve 0.0 link now,test,26.90745301416613,1612.6464358358844,1.981640599540494,7.656848662257578,0.886324942559346,53.128149957391976,2.1385651385651387,0.8043468876802209,149681016.51938185,14.866614866614864,4.106922342032333,58.70890558205743
rl,tau q4 a 0.5 reserve 0.0 link min5,train,27.149462297023035,1618.1260547334507,1.972731311160581,7.469116674688301,0.8961900570273958,53.35599060606758,1.9314131693843,0.7309171641569396,142791150.7068223,14.838575544269206,3.7131916826867215,57.32008488781552
rl,tau q4 a 0.5 reserve 0.0 link min5,val,26.76872014720057,1609.3881543864072,2.534704268784602,7.573114589410703,0.8818033415073966,53.02134562511996,1.9642626965712813,0.7416322935464468,148012681.62464553,18.863323880725268,4.203561830512363,56.718731263200176
rl,tau q4 a 0.5 reserve 0.0 link min5,test,26.871496953767767,1611.907117636047,1.963390811024966,7.6314431528239215,0.885207956450978,53.10498159145734,2.089106880773548,0.7896917896917897,149216027.10368645,14.730639730639728,4.132123193644858,58.79011836830889
rl,tau q4 a 0.5 reserve 0.25 link now,train,27.16701492004901,1618.5583967433213,1.9729585962160776,7.482455414483706,0.8967207719599837,53.369250467931415,1.9572603878939083,0.7395824051798392,143032721.1247735,14.820012474382962,3.700303029342615,57.26792482781788
rl,tau q4 a 0.5 reserve 0.25 link now,val,26.788008376293924,1609.8371023253223,2.5366031182426125,7.588131179899591,0.8823965457792983,53.03534449357382,1.9931683423562776,0.7499355503995876,148280934.57016414,18.866546360745893,4.190947500375476,56.66445357433095
rl,tau q4 a 0.5 reserve 0.25 link now,test,26.894678318313844,1612.3666495948753,1.9671131166965503,7.648919132859958,0.8859208549455014,53.11923002044164,2.122647414314081,0.7987567987567987,149530472.61011827,14.75330225330225,4.115628848307831,58.726652941515006
rl,tau q4 a 0.5 reserve 0.25 link min5,train,27.13780609106264,1617.8045061305131,1.9630894895269515,7.46140163340529,0.8958232475813501,53.34573960944689,1.9158350411357628,0.7247913510944787,142647907.082123,14.761353173542426,3.7207842420271255,57.340449160225695
rl,tau q4 a 0.5 reserve 0.25 link min5,val,26.758725281856105,1609.1588938202092,2.52619286478604,7.566528215786112,0.8814843346857598,53.01394627579084,1.9510183036865167,0.7369704391166109,147887145.01091343,18.78705852023717,4.210384879479996,56.735985477731525
rl,tau q4 a 0.5 reserve 0.25 link min5,test,26.859453272539884,1611.634537872445,1.9528895965622344,7.623759320507505,0.8848309098387851,53.09633836956156,2.0738042821376155,0.784177242510576,149071762.31977898,14.642147975481306,4.140259448025061,58.81000814449023
rl,tau q4 a 0.5 reserve 0.5 link now,train,27.15644472820784,1618.2737132581378,1.9641159086851008,7.475412845305347,0.8963875864627467,53.36014484041345,1.943070777272862,0.7342436662805548,142900402.72874156,14.763580741928775,3.7087099596010593,57.28690711859271
rl,tau q4 a 0.5 reserve 0.5 link now,val,26.77752583238621,1609.5839722479775,2.528016652715322,7.581538153368332,0.8820643713336851,53.0272229525312,1.9799561742717195,0.7451985047692705,148156223.1420469,18.80746756036779,4.198601802173138,56.68152637926139
rl,tau q4 a 0.5 reserve 0.5 link now,test,26.88150340425789,1612.068513424019,1.9550336320823591,7.640439157895024,0.8855063622316609,53.10980133623169,2.1056828973495643,0.7931235431235432,149369881.44979712,14.668048001381331,4.124852404758844,58.74770308823076
rl,tau q4 a 0.5 reserve 0.5 link min5,train,27.127002031225363,1617.5376914705,1.956073572136892,7.454268090205658,0.8954840205611196,53.33725971627035,1.901511776411536,0.7194006355995131,142514142.98125872,14.70417891829279,3.727180800977724,57.361463114439296
rl,tau q4 a 0.5 reserve 0.5 link min5,val,26.749504310886635,1608.9253754182143,2.5189332265968627,7.560224212082009,0.8811883770683218,53.0063863109872,1.938386182005672,0.7324804502878749,147767888.0026639,18.74194379994844,4.217221133689318,56.75329668318607
rl,tau q4 a 0.5 reserve 0.5 link min5,test,26.84837857841568,1611.3768501117895,1.944298051703334,7.616460281181725,0.8844777699193956,53.08804668010892,2.059149184149184,0.7789216955883622,148933297.5626349,14.586031252697916,4.148261828837572,58.82913455160811
rl,tau q4 a 0.5 reserve 1.0 link now,train,27.13705983694529,1617.7705249334756,1.9510188604236112,7.461448910507728,0.8957835416318382,53.34426529556233,1.9151741958478123,0.7242641599097092,142638373.38893345,14.670765392497549,3.7215422670345855,57.32932343452187
rl,tau q4 a 0.5 reserve 1.0 link now,val,26.759237649204096,1609.1504125216488,2.513820985491605,7.569074200343512,0.8814817590713248,53.01324510784704,1.9551001117126403,0.737045630317092,147920886.27335224,18.71508979977657,4.211104699945242,56.71645770217987
rl,tau q4 a 0.5 reserve 1.0 link now,test,26.85796838010249,1611.5305669291388,1.938677815734882,7.625677940131091,0.8847666649225024,53.09271361128729,2.0763727013727014,0.7826879910213245,149092729.71156004,14.530993697660362,4.14080687328848,58.78908507326047
rl,tau q4 a 0.5 reserve 1.0 link min5,train,27.107102930713182,1617.0342356270205,1.946066606515914,7.440847071087619,0.8948657224846989,53.32141186045337,1.874855208054887,0.7094953815082125,142264112.98660487,14.638094389497756,3.7424933474006616,57.40456992773907
rl,tau q4 a 0.5 reserve 1.0 link min5,val,26.73248281695717,1608.521013025301,2.506226024639507,7.547772064151903,0.8806428281078788,52.99328447328946,1.913508636246455,0.7246175990375527,147530251.1480622,18.654936839391592,4.2283623479892,56.78916288384465
rl,tau q4 a 0.5 reserve 1.0 link min5,test,26.82700712610456,1610.8844233372863,1.9304356247849008,7.601973793537573,0.8838068529232624,53.07245600534006,2.030486488819822,0.7695868945868947,148662168.99430197,14.46192696192696,4.162105002274197,58.87205832405244
rl,tau q4 a 0.5 reserve 2.0 link now,train,27.10235865195196,1616.8860647873105,1.938133606333169,7.436465028858781,0.8947074843448342,53.3164935354034,1.865618224479492,0.7067406219370935,142175089.60883898,14.58463274822537,3.747112334506494,57.413223620982855
rl,tau q4 a 0.5 reserve 2.0 link now,val,26.726910571954527,1608.379969000243,2.4942259669246973,7.544517693945206,0.8804510554979477,52.98850420580291,1.906258056200052,0.7220718398212598,147455249.02509236,18.57544899888288,4.234102810335551,56.79126510151945
rl,tau q4 a 0.5 reserve 2.0 link now,test,26.82250564952036,1610.726896028891,1.917213524036229,7.598596099404884,0.8836518346394187,53.06715260573218,2.0230402313735647,0.7668566001899335,148585459.50410083,14.328110161443492,4.166522468412211,58.87422684115385
rl,tau q4 a 0.5 reserve 2.0 link min5,train,27.071581862614583,1616.1424922076037,1.9360887523648225,7.415877510811561,0.8937663208648184,53.29355695214085,1.825328937598384,0.6917490866969617,141801779.60717574,14.572752383498171,3.768303111974696,57.4904467213206
rl,tau q4 a 0.5 reserve 2.0 link min5,val,26.696158827531622,1607.7240772178973,2.4904334796190404,7.5223794527642225,0.8794964802037988,52.96784011046315,1.8632594311248605,0.7083655581335396,147053659.18260717,18.548594998711003,4.254176361100164,56.87018461246708
rl,tau q4 a 0.5 reserve 2.0 link min5,test,26.79284840464331,1610.0892192911167,1.9139851557309768,7.575153388933008,0.8827343211552636,53.04713453979748,1.977790727790728,0.7534965034965035,148163278.4371061,14.3032893032893,4.186730777170103,58.95904548529988
rl,tau q4 a 0.7 reserve 0.0 link now,train,27.209164013196272,1619.7069185000228,2.0205405133242538,7.50857318214937,0.8980546840801552,53.40586118070223,2.010558674151296,0.7621625233894681,143515533.7007336,15.295227063470849,3.673442119443816,57.21327542065934
rl,tau q4 a 0.7 reserve 0.0 link now,val,26.81700822016301,1610.5131443376936,2.5700596129206765,7.60737111482859,0.8833262762835677,53.05721579803887,2.032171092205895,0.762954369682908,148653649.65815932,19.16194036263641,4.168900126203528,56.62144790137817
rl,tau q4 a 0.7 reserve 0.0 link now,test,26.92544645549684,1613.0698637085895,2.0086458321779324,7.669277146169698,0.8868976530478693,53.1417917285845,2.1636773720107056,0.8126996460329795,149921969.2428559,15.108348441681771,4.095451984030578,58.68522396184819
rl,tau q4 a 0.7 reserve 0.0 link min5,train,27.17244677536439,1618.7271303780385,1.9969762657932413,7.483396642295715,0.896909884452215,53.3750049510903,1.9604829368261605,0.7427975288841367,143056437.6744186,15.070985179245,3.698331531812937,57.28828668251885
rl,tau q4 a 0.7 reserve 0.0 link min5,val,26.78454466267258,1609.759403301285,2.551551490423523,7.583379995023445,0.8823065858023166,53.03329355355674,1.9849080519034112,0.748732491191888,148208042.0442554,19.00403884162585,4.193245085625282,56.69435176119268
rl,tau q4 a 0.7 reserve 0.0 link min5,test,26.88908987471972,1612.2951754251771,1.9844664157574767,7.643056249962997,0.8857633588974924,53.11736121178095,2.1122874039540704,0.7974617974617974,149436271.85081586,14.910860744194077,4.120992210444083,58.76346496552318
rl,tau q4 a 0.7 reserve 0.25 link now,train,27.19172346160988,1619.2233898140285,1.9981839942323345,7.498128247500756,0.8975037602513116,53.39046223519976,1.989144316730524,0.7526211054679379,143322542.6095815,15.049452018176954,3.6845569522335935,57.23195476553643
rl,tau q4 a 0.7 reserve 0.25 link now,val,26.80635141715329,1610.2609578425654,2.55541023184396,7.600438112894829,0.882982825581734,53.04900802506875,2.0180566297155624,0.7583247400532783,148518872.4312967,19.016928761708343,4.176732342217547,56.63478413946192
rl,tau q4 a 0.7 reserve 0.25 link now,test,26.915062689398635,1612.8213881338572,1.9921964557534364,7.662115296243479,0.8865671472715119,53.133786397832296,2.149151774151774,0.8078973495640164,149782703.25900024,14.94863161529828,4.102331701896086,58.697988014884245
rl,tau q4 a 0.7 reserve 0.25 link min5,train,27.158077065831822,1618.3634061094676,1.981994282249266,7.4751426342323954,0.8964609382938289,53.36351699997892,1.9436796459651309,0.7355653568564555,142903475.5867415,14.922480620155037,3.7075122855736464,57.30591958286735
rl,tau q4 a 0.7 reserve 0.25 link min5,val,26.77514307697805,1609.5430116462076,2.541055878718196,7.577291485281408,0.8820074376321415,53.02633473292694,1.9726626278250408,0.7446077167654894,148093127.044771,18.923476841110247,4.199266423273234,56.708344393812254
rl,tau q4 a 0.7 reserve 0.25 link min5,test,26.879765052158582,1612.086790998974,1.97155593678032,7.636536573674247,0.885467906808003,53.11069222016085,2.099261849261849,0.7933501683501684,149312520.84226885,14.800785634118968,4.126547820351325,58.77780941142025
rl,tau q4 a 0.7 reserve 0.5 link now,train,27.179062340790026,1618.8745879115545,1.9842915124072664,7.490325388626269,0.8971058614219606,53.379426281842285,1.973298880275624,0.7459829516766165,143179573.85957408,14.917282960586888,3.692942199620008,57.24884939443
rl,tau q4 a 0.7 reserve 0.5 link now,val,26.79811859263185,1610.0704537581996,2.5459938487002214,7.594729639214901,0.8827186076419418,53.04283993673079,2.006520151241729,0.7546511128297672,148408780.63882443,18.92347684111025,4.183741144528304,56.64803241324098
rl,tau q4 a 0.7 reserve 0.5 link now,test,26.90649673626811,1612.6350299719122,1.980381152513229,7.65611999372344,0.8862949533301681,53.12776473028707,2.1371190537857205,0.8039691789691791,149667830.2856773,14.854744021410689,4.107314454084611,58.71043639910386
rl,tau q4 a 0.7 reserve 0.5 link min5,train,27.14854079807113,1618.1063922253288,1.97193389892122,7.468433684470094,0.8961652147764579,53.35545856585386,1.930091478808399,0.7304419495678518,142779662.6028097,14.832635361905607,3.714048993198169,57.32207937740656
rl,tau q4 a 0.7 reserve 0.5 link min5,val,26.767838600811736,1609.3719584185965,2.5340440991593103,7.572592207656609,0.881775658770134,53.02082486835376,1.9632315029646816,0.7412885623442468,148003069.73893616,18.85043396064277,4.204230147764073,56.72004845207191
rl,tau q4 a 0.7 reserve 0.5 link min5,test,26.87037184320396,1611.885111158912,1.962755143271764,7.630899246068365,0.8851721470539003,53.10425992276561,2.088027713027713,0.7892924976258311,149206295.3657947,14.725243891910557,4.132704575861783,58.7914312600409
rl,tau q4 a 0.7 reserve 1.0 link now,train,27.161565880358445,1618.4167851974405,1.968450953158872,7.47877072758943,0.8965505875063378,53.36475097008387,1.9498722860791824,0.7367162671894028,142963881.15887016,14.788826516974073,3.704685771399732,57.27813490259274
rl,tau q4 a 0.7 reserve 1.0 link now,val,26.78213568342128,1609.6968649467858,2.531967064557624,7.584685048644682,0.8822110535499257,53.03086271258409,1.9862722351121425,0.7473683079831572,148215959.2028014,18.836469880553405,4.195350751918251,56.67325192166289
rl,tau q4 a 0.7 reserve 1.0 link now,test,26.887871166580663,1612.2170939566802,1.9613743687773708,7.644569197655373,0.8857070878001977,53.114518327746815,2.1139601139601143,0.7958862125528793,149449235.77251145,14.715531382198048,4.120540547204034,58.73766536562695
rl,tau q4 a 0.7 reserve 1.0 link min5,train,27.13228355111121,1617.6713143372288,1.9595626430465165,7.45779593565103,0.8956512443957182,53.34154372831527,1.908625144791945,0.7221182690308592,142580044.62514478,14.734622352906234,3.723653519170064,57.35127278826509
rl,tau q4 a 0.7 reserve 1.0 link min5,val,26.75379160664881,1609.031849774375,2.5222646992362474,7.563304109320443,0.8813265257395108,53.009831788848736,1.9445626020452005,0.7345535791011429,147826228.7152187,18.76772364011343,4.214125233159924,56.74474166961247
rl,tau q4 a 0.7 reserve 1.0 link min5,test,26.85346964625519,1611.4927452442626,1.948718974393052,7.62005716792522,0.8846397774257163,53.09176189822176,2.0663688163688163,0.7812742812742812,149001042.0782181,14.611931278597943,4.144503813006442,58.81992564517655
rl,tau q4 a 0.7 reserve 2.0 link now,train,27.133123382355105,1617.6699169868475,1.9491811889478337,7.4588251685853,0.8956624465545098,53.34115037393594,1.9099988119635272,0.7223930024651758,142590289.63652024,14.655914936588552,3.7245241834433847,57.3379618739867
rl,tau q4 a 0.7 reserve 2.0 link now,val,26.755628163894027,1609.066721233818,2.511557822348125,7.566810789538705,0.8813668636035089,53.01057381089923,1.9505564148835608,0.7355310647073988,147877352.10965025,18.70005155968033,4.214271245801422,56.72286970990975
rl,tau q4 a 0.7 reserve 2.0 link now,test,26.854634249084583,1611.4579051450812,1.9364081244747544,7.623328081424363,0.8846621468516145,53.09041034893261,2.071721488388155,0.7813821980488648,149048378.23638088,14.50833117499784,4.143585151739042,58.79596056341716
rl,tau q4 a 0.7 reserve 2.0 link min5,train,27.103971053638176,1616.9591146271264,1.9447887379522384,7.43836466035042,0.8947689578490334,53.31907504274762,1.869947132376964,0.7079806350054947,142218767.11271495,14.630669161543258,3.744744490700243,57.41291067408659
rl,tau q4 a 0.7 reserve 2.0 link min5,val,26.72921411970965,1608.448050755344,2.504159258322141,7.545414593000321,0.8805390536540043,52.990924274476,1.90884678181662,0.7231674830282719,147485754.506402,18.640972759302223,4.230123610661575,56.79637583582338
rl,tau q4 a 0.7 reserve 2.0 link min5,test,26.824033929871565,1610.814240560915,1.928946462620701,7.599669583320717,0.8837135818068578,53.07024308362158,2.025964775964776,0.7683026849693517,148619193.5022015,14.447897781231111,4.164289771158098,58.87957281619478
rl,tau q4 a 1.0 reserve 0.0 link now,train,27.26196656026904,1621.1235019049248,2.120913597925748,7.540710157444712,0.8997571694325996,53.45154735739248,2.0768288336451928,0.7909204312572397,144122358.39015117,16.538210223053845,3.6405107892180304,57.17718982272727
rl,tau q4 a 1.0 reserve 0.0 link now,val,26.86310051071672,1611.470535901561,2.655330616431597,7.633258137352341,0.8847690034016947,53.08760429932832,2.084912348543439,0.7813547306006703,149145527.85675,20.04812236830798,4.152237840691468,56.59448461638307
rl,tau q4 a 1.0 reserve 0.0 link now,test,26.96832315348399,1613.9739540725698,2.083770061910103,7.692971334333899,0.888242048872162,53.17058790561072,2.211926961926962,0.8304627471294139,150372765.7845981,15.85189501856168,4.077427260053372,58.658555954430575
rl,tau q4 a 1.0 reserve 0.0 link min5,train,27.20579957009236,1619.6562923011934,2.0468948162127054,7.50312309856188,0.8979825700262716,53.4050416311834,2.0011063589652203,0.76102646351243,143426698.4040512,15.729602898808992,3.678213374378808,57.25760998700726
rl,tau q4 a 1.0 reserve 0.0 link min5,val,26.807311712437308,1610.2734613435089,2.5907224638909265,7.598449464459389,0.8830309831550838,53.04976191075208,2.015553836899545,0.7587329208558907,148494804.32525563,19.485262524705675,4.183623280536039,56.67009151125076
rl,tau q4 a 1.0 reserve 0.0 link min5,test,26.90929581281776,1612.7535296900924,2.0220235492523244,7.65682618102183,0.8864105848554429,53.13209498721942,2.140237848571182,0.80663472330139,149699103.13468015,15.313390313390313,4.110593833601494,58.74230418879729
rl,tau q4 a 1.0 reserve 0.25 link now,train,27.228086897770165,1620.233745606651,2.0511890276894214,7.519940067310225,0.8986636868343272,53.42289615083818,2.034014969259556,0.7725578425257658,143730887.15245476,15.687279099468352,3.661375127652045,57.1971594926577
rl,tau q4 a 1.0 reserve 0.25 link now,val,26.82969940826268,1610.7835809753756,2.593038379293396,7.615520391545426,0.8837311005616632,53.06593401071828,2.048874280312796,0.7685400017186561,148808352.27292255,19.45088940448569,4.162984596114184,56.610308747168034
rl,tau q4 a 1.0 reserve 0.25 link now,test,26.93915923367045,1613.378914316758,2.031395865478198,7.677463946485433,0.8873362930166521,53.15180368083925,2.180490805490806,0.8190559440559441,150079743.58508155,15.367348700682031,4.088676358875235,58.673597749534295
rl,tau q4 a 1.0 reserve 0.25 link min5,train,27.18573145692544,1619.1071400909905,2.015081827313416,7.491565790604423,0.89733817591456,53.38733594618402,1.9773233538269623,0.7498960468086371,143209979.56191155,15.300424723038994,3.689975526548354,57.27365206042173
rl,tau q4 a 1.0 reserve 0.25 link min5,val,26.791074812260884,1609.9225728501506,2.5642084672019485,7.589002168566011,0.8825129772789422,53.03851569298796,1.9963371143765567,0.7519549712125119,148317202.0456303,19.1501246025608,4.189212338922117,56.683496053610845
rl,tau q4 a 1.0 reserve 0.25 link min5,test,26.896105802489373,1612.459142790795,1.9980316812594607,7.648448308276012,0.885987880102103,53.122644392237646,2.1231977898644567,0.8007532590865926,149541197.90157992,15.054390054390057,4.11611626555792,58.75348940036483
rl,tau q4 a 1.0 reserve 0.5 link now,train,27.20808024520794,1619.6950366442582,2.0212014124127147,7.508760911723974,0.8980275843882563,53.40563864313931,2.011026463512429,0.7618061124476522,143520864.5271318,15.310077519379844,3.674254913265776,57.21314928421455
rl,tau q4 a 1.0 reserve 0.5 link now,val,26.81681387627232,1610.5054011520212,2.5704795260435005,7.607432966591339,0.8833200634057482,53.05694988498554,2.0323214746068574,0.7628576952822892,148655250.02260032,19.16731116267079,4.168778562249559,56.62156292836869
rl,tau q4 a 1.0 reserve 0.5 link now,test,26.925756916586977,1613.0742859896557,2.0095311178081787,7.669498750756353,0.8869088177505294,53.141943710867885,2.164152205818872,0.8128615211948546,149926580.1331261,15.119140119140116,4.095129713588065,58.685009817199706
rl,tau q4 a 1.0 reserve 0.5 link min5,train,27.171754698311545,1618.7199786555982,1.9974467638309128,7.483567778681079,0.8968904133847311,53.37483499509664,1.960883899135704,0.7426490243250469,143059888.67854702,15.0769253616086,3.699639599853843,57.28818186136508
rl,tau q4 a 1.0 reserve 0.5 link min5,val,26.784492282209733,1609.758099514538,2.5517290836328,7.583437355725029,0.8823045876547813,53.03324611013948,1.9850476927043053,0.7487647159920943,148209789.96012717,19.009409641660216,4.193352406316915,56.6942782918648
rl,tau q4 a 1.0 reserve 0.5 link min5,test,26.889444373095497,1612.303472146444,1.985097801546436,7.643227326913554,0.8857753564271341,53.1176203357193,2.1126543209876543,0.797634464301131,149439958.56634724,14.916256582923246,4.120906058301399,58.763277599153234
rl,tau q4 a 1.0 reserve 1.0 link now,train,27.1862820418222,1619.0741530008097,1.9924154218873404,7.494947209059872,0.8973341660095457,53.38578873707184,1.982676943182156,0.7497475422495471,143264401.3064243,14.99153524013187,3.689000730079633,57.23862439736817
rl,tau q4 a 1.0 reserve 1.0 link now,val,26.803223813180864,1610.1888719625265,2.5512793236029747,7.598158880472023,0.8828807159842811,53.04662613224994,2.0134807080862767,0.7569068488442039,148475088.168772,18.97503652144023,4.179802936713666,56.63972832580236
rl,tau q4 a 1.0 reserve 1.0 link now,test,26.91196496367657,1612.747829573953,1.9875784841225068,7.659841951219196,0.8864675252535326,53.13139852496806,2.1445868945868947,0.8064728481395149,149738458.328067,14.90438573771907,4.10395522461357,58.70267362756519
rl,tau q4 a 1.0 reserve 1.0 link min5,train,27.154170033747693,1618.2572316442172,1.9779883683319328,7.4724196630276625,0.896341544624929,53.36021547606948,1.9381998277347112,0.733486293029196,142853660.77834207,14.883869434791643,3.710851862855544,57.3125261145181
rl,tau q4 a 1.0 reserve 1.0 link min5,val,26.772365613631443,1609.4769906859574,2.538169337212523,7.575417691137853,0.8819197213144997,53.0242042737806,1.968946034201255,0.7433724327575837,148057960.06986335,18.88265876084901,4.2012142347670665,56.713082298382446
rl,tau q4 a 1.0 reserve 1.0 link min5,test,26.875527202247653,1612.0004177025062,1.9676686078374028,7.634138645329736,0.8853359745117733,53.10797103219136,2.094524302857637,0.7915479582146249,149268008.57334027,14.764093930760597,4.128719286245127,58.78357976640188
rl,tau q4 a 1.0 reserve 2.0 link now,train,27.16016198925471,1618.3800857800195,1.967483584547833,7.47794507285816,0.8965095309219485,53.36363637653658,1.9482758620689653,0.7360776975853159,142949423.74546316,14.78362885740592,3.705903294457228,57.28055705185321
rl,tau q4 a 1.0 reserve 2.0 link now,val,26.78086191907741,1609.6685220150252,2.530865691206116,7.583767618236516,0.8821704443709416,53.02992944193972,1.9844354215003868,0.7468204863796511,148198645.28452352,18.824654120477785,4.196165652556719,56.67569399990072
rl,tau q4 a 1.0 reserve 2.0 link now,test,26.886311491338223,1612.1827730031912,1.9600206474728623,7.643501183367285,0.8856590668729973,53.11342131881953,2.111823361823362,0.7951739618406285,149429210.94491926,14.707977207977208,4.121824631043695,58.74029996753956
rl,tau q4 a 1.0 reserve 2.0 link min5,train,27.13042618372309,1617.6361964453165,1.9586944255932943,7.456795887449005,0.8955956530819723,53.34047567725892,1.906642608928094,0.7213460453235915,142561941.28438625,14.727197124951736,3.724701650666338,57.35426727836923
rl,tau q4 a 1.0 reserve 2.0 link min5,val,26.75273727147968,1609.0116657330511,2.521464902458785,7.56252496248033,0.8812919394662432,53.00916456354536,1.9430050700352328,0.7340379822978431,147811390.04331014,18.759130360058432,4.214490790757359,56.7468798445802
rl,tau q4 a 1.0 reserve 2.0 link min5,test,26.85257824008141,1611.4736518259144,1.9478417441186315,7.619188027931494,0.8846104645151841,53.09112517040581,2.0646205646205646,0.7808210308210308,148984580.6889407,14.607614607614607,4.145113685959716,58.82227818528206
rl,tau q5 a 0.5 reserve 0.0 link now,train,26.697570446920448,1606.9355204251092,1.958818803531679,7.036457821060426,0.8808565425620773,52.97909232869304,0.9951290504618492,0.4709525082420029,134089898.88134484,14.742047580860728,4.193035515579731,58.43064657895752
rl,tau q5 a 0.5 reserve 0.0 link now,val,26.259496493241265,1597.528615542571,2.512502233952306,7.152784176565202,0.8642034890804724,52.612625513319045,1.0583913379737049,0.4552612357136719,139781026.1606084,18.71186731975595,4.512746673799702,57.725258219171394
rl,tau q5 a 0.5 reserve 0.0 link now,test,26.33237009779716,1599.2984006934282,1.947958905474636,7.185741245220327,0.8665585962442668,52.670280978167305,1.1278705862039196,0.4853341103341103,140481117.4442718,14.58171458171458,4.459888131902403,59.85575642216749
rl,tau q5 a 0.5 reserve 0.0 link min5,train,26.678143849827283,1606.4374581648378,1.9518415176110533,7.025712513871904,0.8802538992370753,52.96347313523198,0.9737592444088036,0.4613219875850188,133890004.42894056,14.690813507974694,4.204292962611897,58.46589824560032
rl,tau q5 a 0.5 reserve 0.0 link min5,val,26.23657338122746,1597.0054850572133,2.505616710617923,7.141649630660421,0.8634943734191736,52.59624277297568,1.0363817994328437,0.4461308756552375,139560332.6832517,18.664604279453464,4.529729391942281,57.763053207126944
rl,tau q5 a 0.5 reserve 0.0 link min5,test,26.305955036688303,1598.734548048236,1.9375728435452155,7.173060291116875,0.8657466756748886,52.65273550253509,1.1030065613398947,0.4755352672019339,140231032.38297507,14.505093671760338,4.480496873463386,59.89821843839356
rl,tau q5 a 0.5 reserve 0.25 link now,train,26.68813960283681,1606.6857124869914,1.951855225220564,7.0317862121549926,0.8805564193161999,52.971058973577854,0.9856024829962282,0.4660147316522616,134001683.08818202,14.685615848406544,4.197390911863952,58.44167829717307
rl,tau q5 a 0.5 reserve 0.25 link now,val,26.25171581766953,1597.3580602676625,2.506789421924,7.148926327780248,0.8639596888644676,52.60721355068254,1.050592936323795,0.4520494972931168,139702796.3636676,18.66782675947409,4.518966698129392,57.73536741026133
rl,tau q5 a 0.5 reserve 0.25 link now,test,26.32353540566738,1599.0881054220526,1.939746888677341,7.181493485771772,0.866282739200197,52.66365332399404,1.1193883277216612,0.4817404817404817,140397201.0268497,14.52343952343952,4.466090731830225,59.865770006221794
rl,tau q5 a 0.5 reserve 0.25 link min5,train,26.66976957479213,1606.2054941377369,1.94596817568716,7.021368034731807,0.8799864244412019,52.95597428812791,0.9648935222311326,0.4568668508123199,133808167.10125042,14.649232231429504,4.208264417601826,58.47664546336328
rl,tau q5 a 0.5 reserve 0.25 link min5,val,26.229099086877927,1596.8419946064637,2.500940680881508,7.138113416068863,0.8632623203407029,52.59109582286143,1.029292343387471,0.4431017444358511,139490337.08515942,18.63023115923348,4.534768552957047,57.77275986056478
rl,tau q5 a 0.5 reserve 0.25 link min5,test,26.297244613900723,1598.5362426738357,1.9315426189879303,7.169071868454206,0.8654779405679024,52.64651310017644,1.0950746784080116,0.4719308469308469,140152802.67590436,14.464085297418633,4.486474497922669,59.9088983159068
rl,tau q5 a 0.5 reserve 0.5 link now,train,26.68146225539133,1606.5042953411064,1.9468981009361863,7.02811255846699,0.8803407829592866,52.96516028092155,0.9781104279901394,0.46256200065342,133931590.2668924,14.651459799815854,4.201058377724118,58.45098362516099
rl,tau q5 a 0.5 reserve 0.5 link now,val,26.243866219406385,1597.1738651458802,2.502121500784643,7.14541330110934,0.8637132318103403,52.60136127777732,1.0435357050786285,0.4488162756724241,139631668.0238893,18.63452779926097,4.525078421273266,57.74512757049225
rl,tau q5 a 0.5 reserve 0.5 link now,test,26.313777420339623,1598.8656556247654,1.93246377394896,7.177045179228129,0.8659798312527204,52.65664047231837,1.1104744021410689,0.4778770612103946,140308902.00259,14.465164465164465,4.472710357225063,59.877056556217575
rl,tau q5 a 0.5 reserve 0.5 link min5,train,26.66309312138928,1606.0255028121437,1.942032494489602,7.017954008118989,0.8797727018154299,52.95016434035252,0.9579509340936768,0.4534660964091597,133743177.15815736,14.621016365202411,4.211491532875097,58.48595242711352
rl,tau q5 a 0.5 reserve 0.5 link min5,val,26.22239944949214,1596.6802492628474,2.4968256681899024,7.134912656668417,0.8630501223824368,52.5859024893887,1.0228473833462233,0.4401692876170834,139424795.48577812,18.602302999054736,4.540848637435248,57.78184643885355
rl,tau q5 a 0.5 reserve 0.5 link min5,test,26.288775532880766,1598.3349378148928,1.9264057441689804,7.165318084971775,0.8652133077750905,52.64015016042347,1.0875636708970042,0.4682508849175516,140078096.0609514,14.431710265043597,4.492245733520938,59.91924657162365
rl,tau q5 a 0.5 reserve 1.0 link now,train,26.66856996088861,1606.152932861312,1.93882647153068,7.020858348437029,0.8799340762922228,52.953969984757066,0.963423327096142,0.4560872018770976,133792856.08880574,14.602453295316163,4.208291575206067,58.47158531963586
rl,tau q5 a 0.5 reserve 1.0 link now,val,26.23033799507648,1596.8637939494213,2.493641868578497,7.138770447073449,0.8632898787164418,52.59155400952079,1.0302483457935894,0.4433273180372948,139498995.9459483,18.58404227893787,4.535320902236374,57.76451797205316
rl,tau q5 a 0.5 reserve 1.0 link now,test,26.296542765541098,1598.468615604993,1.921980938293435,7.169096635054469,0.8654466411981525,52.6441869650581,1.0946538029871362,0.4708840542173876,140150362.13597512,14.39286022619356,4.485678763239381,59.89979775944534
rl,tau q5 a 0.5 reserve 1.0 link min5,train,26.650715534398955,1605.703004106123,1.9358839833131645,7.011250436241989,0.8793852417282434,52.93996469423466,0.9444741453562626,0.4476521429207876,133615453.4068134,14.584632748225369,4.219112427040181,58.5064897354962
rl,tau q5 a 0.5 reserve 1.0 link min5,val,26.210042021272123,1596.3909231318592,2.4898266736412458,7.128548486328712,0.8626575945952577,52.57660635131144,1.0100326544642089,0.4349488699836727,139294933.0194208,18.55611411875913,4.550246517667707,57.80071130342301
rl,tau q5 a 0.5 reserve 1.0 link min5,test,26.273153331784115,1597.9798634409458,1.917309628624448,7.157586521921537,0.8647273894698811,52.62893170475796,1.0721747388414058,0.4618082534749201,139924114.17888284,14.345376845376842,4.502444985045282,59.94245633410088
rl,tau q5 a 0.5 reserve 2.0 link now,train,26.6476607571988,1605.5845009423117,1.9309684836481085,7.009166509380244,0.8792824874522589,52.93604728387615,0.9400338590394726,0.4454245745344382,133570805.30773117,14.54453651727108,4.22220928493114,58.51009922146541
rl,tau q5 a 0.5 reserve 2.0 link now,val,26.20698676573446,1596.298353644076,2.482886157756929,7.126549529996341,0.8625510770239275,52.57348023476565,1.005800464037123,0.4335309787745982,139251294.0516456,18.504554438429142,4.552598976433804,57.80292453132059
rl,tau q5 a 0.5 reserve 2.0 link now,test,26.268990551280314,1597.8598883812024,1.909378228821849,7.1549510450828135,0.8645881791263165,52.62498632694989,1.0665846499179832,0.4598225848225848,139868092.01959768,14.263360096693429,4.505700584590586,59.945722026854455
rl,tau q5 a 0.5 reserve 2.0 link min5,train,26.62934591509954,1605.1243795957291,1.9296358087963343,6.999446369996438,0.8787197962479668,52.921739757481866,0.9208247943211856,0.4367296325997207,133389587.92551012,14.53711128931658,4.233957760621153,58.54644354762005
rl,tau q5 a 0.5 reserve 2.0 link min5,val,26.18486655068203,1595.8337256403377,2.4804880119732595,7.115906786083033,0.8618715395447875,52.55894334999139,0.9849402767036178,0.4244650683165765,139042203.10543954,18.49166451834665,4.568348670664918,57.84275595427823
rl,tau q5 a 0.5 reserve 2.0 link min5,test,26.24702569241129,1597.3803502992928,1.907447169392556,7.143701849051628,0.8639139704122373,52.61002426359745,1.0446451696451695,0.450671242337909,139648995.34403867,14.248251748251745,4.522583134755892,59.98850075457919
rl,tau q5 a 0.7 reserve 0.0 link now,train,26.71872920153357,1607.5350527799171,1.9804950070057925,7.046639958254948,0.8815303283350162,52.998300877815545,1.0162315483085331,0.4820012474382963,134281266.79616264,14.972229647450174,4.18465836151031,58.413106353332886
rl,tau q5 a 0.7 reserve 0.0 link now,val,26.272424719212147,1597.843709540392,2.527764285374577,7.15982826264197,0.8646128069944476,52.622700923379874,1.0726884076652057,0.4604709117470139,139923012.65222996,18.86976884076652,4.501426853939082,57.71058466310883
rl,tau q5 a 0.7 reserve 0.0 link now,test,26.346136270676045,1599.6419827847944,1.9663434046007304,7.193302464119975,0.8669930274127344,52.68124483793594,1.1432163515496847,0.4912479495812829,140633893.26245362,14.768410601743936,4.449506473525317,59.84144326032806
rl,tau q5 a 0.7 reserve 0.0 link min5,train,26.694086383496103,1606.8743545926102,1.9666564299502864,7.03360302972203,0.8807598779154873,52.977395173252624,0.989968517033473,0.4696382428940568,134039755.43788052,14.848228340610056,4.197464310239841,58.44962748232754
rl,tau q5 a 0.7 reserve 0.0 link min5,val,26.247707878334648,1597.280578670142,2.5154416755785323,7.147128026147479,0.8638469058642033,52.605033845827656,1.0474886139039272,0.4508034716851422,139671342.13921115,18.759130360058432,4.521932889320971,57.74989682328361
rl,tau q5 a 0.7 reserve 0.0 link min5,test,26.318967297010623,1599.0425904358888,1.950954875252114,7.179520749367099,0.8661535980828784,52.662488755865866,1.1159457826124493,0.4809203142536476,140360395.27454028,14.634593801260465,4.471251196364052,59.88350644813509
rl,tau q5 a 0.7 reserve 0.25 link now,train,26.7056584480099,1607.1726248187929,1.9665038471962275,7.0403030942498,0.8811155799524791,52.98668030434413,1.0030443434613443,0.4751626124922035,134162798.83002168,14.819269951587511,4.189541578440776,58.42307984681502
rl,tau q5 a 0.7 reserve 0.25 link now,val,26.26495265790668,1597.6583826656845,2.517959540725537,7.155587442877076,0.8643751985582196,52.61673001340776,1.064041419609865,0.4574847469279023,139837540.31941223,18.756982040044683,4.507326694180696,57.71866737270548
rl,tau q5 a 0.7 reserve 0.25 link now,test,26.33762516315445,1599.4292468399965,1.9547676522272144,7.1886328874012575,0.8667244220018264,52.67445580201169,1.1337088837088838,0.4876003626003625,140540290.46326512,14.65509798843132,4.4558856050842985,59.84984666117057
rl,tau q5 a 0.7 reserve 0.25 link min5,train,26.6842764433722,1606.6124946736306,1.9573077241198968,7.028792670154136,0.8804500981265619,52.969088041880354,0.9800484124862634,0.4646410644806795,133949573.28741571,14.74576019483798,4.2015650783908685,58.45904824525651
rl,tau q5 a 0.7 reserve 0.25 link min5,val,26.240976227697363,1597.1131512693903,2.5091010172373167,7.143767564583657,0.8636315352805934,52.59963776492028,1.0406569562602046,0.4479676892669932,139603550.98221192,18.700051559680325,4.526305325058195,57.75760725267958
rl,tau q5 a 0.7 reserve 0.25 link min5,test,26.311556223412648,1598.8692753109185,1.9425008469450085,7.175714422732945,0.8659200118028986,52.65695542021514,1.1083160666494,0.4778446861780195,140284957.298023,14.551497884831216,4.475963900969476,59.89177709704162
rl,tau q5 a 0.7 reserve 0.5 link now,train,26.69657528574667,1606.9162033794244,1.9580741266417288,7.035919321726336,0.8808274741252886,52.97852810165708,0.9940598176364016,0.4704401675131426,134080739.36386588,14.738334966883484,4.193430830271031,58.43190620471057
rl,tau q5 a 0.7 reserve 0.5 link now,val,26.2587393861036,1597.5134273843428,2.511845273597322,7.152357958103208,0.8641787942310346,52.61211746643989,1.0575320099682048,0.4549497293116782,139772303.6588468,18.705422359714703,4.513014991004456,57.72630818417586
rl,tau q5 a 0.7 reserve 0.5 link now,test,26.33139677503192,1599.2815391392237,1.946824663789332,7.1851649741967565,0.8665278811585403,52.669729850811066,1.126715876715877,0.4849995683329017,140469809.68954504,14.576318742985409,4.460307521117267,59.85707209671813
rl,tau q5 a 0.7 reserve 0.5 link min5,train,26.67749278032793,1606.4223715348635,1.951028951663964,7.0252200038874895,0.8802350410958628,52.96303331045964,0.9727716890908552,0.4608987495916124,133881981.3225816,14.685615848406544,4.204771654125758,58.46694103708484
rl,tau q5 a 0.7 reserve 0.5 link min5,val,26.23572734965988,1596.9901560524297,2.505091389366988,7.141243636516675,0.8634673148490118,52.59574169835426,1.0355761794276876,0.445776402852969,139552631.57231244,18.66138179943284,4.530240848046101,57.76412630322716
rl,tau q5 a 0.7 reserve 0.5 link min5,test,26.304747841350785,1598.7156667163024,1.9369939886874608,7.172572363980523,0.8657087242670507,52.65212430413552,1.1020353103686438,0.4751143917810584,140222120.3753777,14.502935336268669,4.481109852116792,59.8994554498888
rl,tau q5 a 0.7 reserve 1.0 link now,train,26.68465368075912,1606.5963223659346,1.9489227187629683,7.029774025120282,0.8804457298526422,52.96818929908281,0.9815186076212542,0.4641287237518191,133964187.44940448,14.6640826873385,4.199339746636683,58.44663638034195
rl,tau q5 a 0.7 reserve 1.0 link now,val,26.24753924041095,1597.2664535222548,2.5041337005009106,7.146970674357449,0.8638293958588292,52.60431464191371,1.0466722522987024,0.4503308412821174,139663268.53338492,18.65064019936409,4.521859538691045,57.74067245838286
rl,tau q5 a 0.7 reserve 1.0 link now,test,26.317900760099235,1598.9637889252829,1.936126831242351,7.179028011340243,0.8661067445705841,52.65970835270532,1.1144457394457394,0.4795281878615212,140349727.00034535,14.495381162047828,4.470172770499549,59.87195592269526
rl,tau q5 a 0.7 reserve 1.0 link min5,train,26.666142452536384,1606.108427849236,1.9439171116364828,7.019592511869705,0.8798709946676889,52.95284503862695,0.961292286673201,0.4550625204193768,133774619.58377142,14.632154207134157,4.209610659667522,58.48159015653981
rl,tau q5 a 0.7 reserve 1.0 link min5,val,26.225615033974226,1596.7594257573903,2.4985030013563763,7.136389952691954,0.8631524256237921,52.5884385094198,1.025822806565266,0.4415979204262267,139454657.89456046,18.61626707914411,4.53794843408433,57.77756336849044
rl,tau q5 a 0.7 reserve 1.0 link min5,test,26.29316711127224,1598.4325104073584,1.9288166285865724,7.167096144306265,0.8653506032204012,52.64322765447771,1.091124924458258,0.4699667616334282,140113213.8170595,14.443581110247775,4.488886314341496,59.91440911063799
rl,tau q5 a 0.7 reserve 2.0 link now,train,26.665966713932203,1606.084238682084,1.9379090377975656,7.019614445507846,0.8798529608826514,52.95179497219616,0.9609284505034306,0.4549437167721049,133769410.55421902,14.596513112952566,4.2102710059101325,58.47555841114783
rl,tau q5 a 0.7 reserve 2.0 link now,val,26.22728904395183,1596.7940589950178,2.492223431395894,7.13750347837728,0.8631921643394584,52.58931323444008,1.0277025865772964,0.4421994500300765,139472828.56646904,18.57115235885537,4.538026136878102,57.76828397800248
rl,tau q5 a 0.7 reserve 2.0 link now,test,26.29327687027457,1598.4000341068438,1.9203940428396689,7.167538153996447,0.8653443666568371,52.642012880794574,1.0915350082016748,0.4696322196322196,140118687.74125874,14.37559354226021,4.487930622166106,59.90450670911376
rl,tau q5 a 0.7 reserve 2.0 link min5,train,26.64841672410097,1605.6406601147476,1.9350372449305169,7.009947552081544,0.879314073954429,52.93800276207799,0.9418678903442336,0.4465160830437494,133590823.67061692,14.57943508865722,4.220327614094294,58.51070942452497
rl,tau q5 a 0.7 reserve 2.0 link min5,val,26.20762025777853,1596.3342006398996,2.4886022172104605,7.127291214078079,0.8625799191418877,52.574756207853525,1.007529861648191,0.4339176763770731,139269690.8634528,18.54966915871788,4.551828380566708,57.8046263568324
rl,tau q5 a 0.7 reserve 2.0 link min5,test,26.270487817880145,1597.916243276788,1.9157433597224185,7.156144768209371,0.8646424422919988,52.62689642260168,1.0693041526374858,0.4607182940516274,139894914.7463524,14.329189329189328,4.50429910199104,59.9470571188234
rl,tau q5 a 1.0 reserve 0.0 link now,train,26.76177236764634,1608.670077417207,2.049307548244512,7.068316437077565,0.8829084097043155,53.03494643886882,1.0611690278891563,0.5038833942202026,134696266.34666905,15.77044165255873,4.165160985804019,58.39143754724457
rl,tau q5 a 1.0 reserve 0.0 link now,val,26.312313016129927,1598.6820168455458,2.586569671177091,7.176545001267655,0.8658526392501841,52.649135125964506,1.1070830110853314,0.4748753974392025,140255857.82031453,19.509968204863792,4.486853764228953,57.693499555273576
rl,tau q5 a 1.0 reserve 0.0 link now,test,26.382170485093287,1600.4106458803342,2.016577852429023,7.208237937305871,0.8681166774151686,52.70559917916248,1.1739618406285075,0.5048562548562548,140934374.99568334,15.284252784252784,4.435272524411982,59.82448355089913
rl,tau q5 a 1.0 reserve 0.0 link min5,train,26.72010252426108,1607.59401991321,1.998262910413948,7.045796080578744,0.881592907032359,53.00072901259694,1.015333095726039,0.4830779054916985,134269709.58181116,15.24325046778936,4.188804271523618,58.43291631393473
rl,tau q5 a 1.0 reserve 0.0 link min5,val,26.267337528512016,1597.7118947681097,2.5428578908565016,7.156502618502784,0.8644620963826652,52.61870563884658,1.066673111626708,0.4583655581335395,139859538.7649738,19.127567242416426,4.513447737617164,57.73541252332255
rl,tau q5 a 1.0 reserve 0.0 link min5,test,26.335926256215853,1599.437210557364,1.9760544947399352,7.187854153626913,0.8666914791119462,52.67509882488111,1.1329534662867995,0.4877622377622377,140527103.78623846,14.930285763619096,4.461603013538903,59.87081168787293
rl,tau q5 a 1.0 reserve 0.25 link now,train,26.73361346082904,1607.9540377843646,2.00047990965786,7.0539061646306624,0.8820033103837704,53.011810338193584,1.03129733582821,0.4898571386141554,134419767.01416734,15.219489738334966,4.178505425343002,58.403680003116726
rl,tau q5 a 1.0 reserve 0.25 link now,val,26.282685949688474,1598.0618341258948,2.543749185132216,7.164922567275522,0.8649381435497939,52.62970219066836,1.0831722093323022,0.4644023373721749,140023876.2986165,19.09426828220332,4.496372357596739,57.7038305072197
rl,tau q5 a 1.0 reserve 0.25 link now,test,26.356330413107777,1599.8803774299536,1.9813624290201164,7.198239088538032,0.8673180790539246,52.68891866852969,1.1534252784252783,0.4955430372097039,140734548.19045153,14.950789950789948,4.444177144664281,59.83445432421236
rl,tau q5 a 1.0 reserve 0.25 link min5,train,26.7038971794667,1607.1669217609322,1.9773340363406573,7.038342171257129,0.8810755868410701,52.98687291382421,0.9998589206688646,0.4747913510944785,134128903.26514004,14.963319373904776,4.194387980913558,58.44188494319639
rl,tau q5 a 1.0 reserve 0.25 link min5,val,26.25314529308112,1597.4047937405635,2.524433936754611,7.150670811158057,0.8640160576388827,52.608960210627394,1.0546854859499872,0.4530592076995789,139741888.91337973,18.87836212082152,4.518200877651476,57.74328863122102
rl,tau q5 a 1.0 reserve 0.25 link min5,test,26.32413080926852,1599.1707170287468,1.959755359219577,7.182748902004878,0.8663161993120987,52.66654444297984,1.122485539152206,0.4831541914875248,140424612.00276265,14.742510575843909,4.466884978690313,59.877548545891536
rl,tau q5 a 1.0 reserve 0.5 link now,train,26.71791324188649,1607.5312714338118,1.9802701293452627,7.046549716509612,0.8815059791457717,52.99820424581748,1.0160756185214888,0.4817413644598889,134280866.65650895,14.970002079063825,4.185030049370585,58.41308618940757
rl,tau q5 a 1.0 reserve 0.5 link now,val,26.272121245444588,1597.8351093113235,2.52782426601636,7.159758196631875,0.8646028272591728,52.62240878333954,1.0725380252642434,0.4602668213457077,139921890.12511817,18.871917160780267,4.501432749921917,57.71082842536043
rl,tau q5 a 1.0 reserve 0.5 link now,test,26.346069281070108,1599.6406787456897,1.9667213134563009,7.193316709119004,0.8669905165462009,52.68119370106061,1.1432271432271432,0.4912155745489078,140634113.7742381,14.778123111456445,4.449245456357604,59.84148293056133
rl,tau q5 a 1.0 reserve 0.5 link min5,train,26.69375157601173,1606.879675286508,1.9666030106360408,7.03355396794278,0.8807497145124912,52.977594132939565,0.9898794142980192,0.4696679438058747,134039300.8337046,14.847485817814604,4.1977349888471664,58.44975518901465
rl,tau q5 a 1.0 reserve 0.5 link min5,val,26.247858772046296,1597.2852104614878,2.515715090647709,7.147129753358288,0.8638517105450086,52.60517926844456,1.047499355503996,0.4508356964853484,139671530.26020452,18.762352840079057,4.521903692198023,57.750117787695466
rl,tau q5 a 1.0 reserve 0.5 link min5,test,26.3189594000369,1599.0428368463522,1.9509905858221912,7.179458753208888,0.8661532834518704,52.66248857149101,1.1158270741604075,0.4808447725114391,140359466.23137355,14.6356729690063,4.470981898505021,59.88371404926635
rl,tau q5 a 1.0 reserve 1.0 link now,train,26.70114148503819,1607.044411007204,1.9626108010426624,7.0382868399444565,0.8809721369929927,52.98261447065278,0.998863940122962,0.4728756422822179,134125639.86771213,14.78511390299682,4.191738639631858,58.42680527027804
rl,tau q5 a 1.0 reserve 1.0 link now,val,26.26242865015915,1597.5982814637075,2.515083259946071,7.154181289995612,0.8642934844722764,52.61478944916833,1.0611948955916473,0.4564642949213714,139808947.0251783,18.727979719859068,4.509882934707183,57.7217562902496
rl,tau q5 a 1.0 reserve 1.0 link now,test,26.33507526510476,1599.3599033902967,1.951273644717076,7.187121439042509,0.8666420325016772,52.67220619560165,1.130644047310714,0.4864348614348614,140509208.03600106,14.611931278597943,4.457810417876393,59.85285865142636
rl,tau q5 a 1.0 reserve 1.0 link min5,train,26.68112147016673,1606.5253356593123,1.9543019725633888,7.027206165822253,0.8803525133546097,52.96636464561462,0.9768332887819656,0.4629481125070539,133919664.80596392,14.714574237429089,4.20326315210863,58.46239955674745
rl,tau q5 a 1.0 reserve 1.0 link min5,val,26.238968531117475,1597.0647081354923,2.507120096614406,7.142685310606513,0.8635678550064593,52.59808030968208,1.0384871530463178,0.4470653948612186,139581847.14471087,18.67964251954971,4.527487558829593,57.76026933558352
rl,tau q5 a 1.0 reserve 1.0 link min5,test,26.30851667832396,1598.7996246878995,1.9398033130042809,7.174229984515244,0.8658261093423786,52.65477895845853,1.1053591470258135,0.4765712682379349,140255480.48864716,14.52343952343952,4.478158691084615,59.89534905580226
rl,tau q5 a 1.0 reserve 2.0 link now,train,26.683891279581854,1606.5734820232688,1.9482091082529844,7.029277647089836,0.8804220318389392,52.967454976912,0.9805162018473969,0.4637203362143217,133955317.18625444,14.66037007336125,4.200077368671546,58.44778445276236
rl,tau q5 a 1.0 reserve 2.0 link now,val,26.246351510437208,1597.2376108894562,2.50373890265834,7.146457918130666,0.8637913762418213,52.60337339844399,1.0456410586921028,0.4498582108790926,139652807.1912864,18.64956603935721,4.522775989757266,57.74223622638237
rl,tau q5 a 1.0 reserve 2.0 link now,test,26.316627697088283,1598.9367812829855,1.935027083359936,7.178352456732412,0.8660673770274799,52.65885006783667,1.1130859880859882,0.479020979020979,140335572.55572826,14.487826987826985,4.47107999738008,59.87378310153586
rl,tau q5 a 1.0 reserve 2.0 link min5,train,26.6651276910444,1606.0842335612033,1.943274559270992,7.019102667924875,0.8798393149148009,52.95207839866488,0.9602898808993438,0.4546021562861979,133765536.05975825,14.62844159315691,4.210283528508914,58.48275584917579
rl,tau q5 a 1.0 reserve 2.0 link min5,val,26.22464653184738,1596.7396723844504,2.497839870919852,7.135905291417946,0.8631202486956895,52.58778076986971,1.0248345793589415,0.4411789980235455,139444920.06908998,18.60659963908224,4.538531324701418,57.77876416149155
rl,tau q5 a 1.0 reserve 2.0 link min5,test,26.291812579374785,1598.4055368969102,1.927907068838652,7.166511045830799,0.865306439914933,52.642341829685,1.08993783993784,0.4693840110506777,140101560.0766641,14.440343607010272,4.489889713318792,59.91576910144683
rl,tau q6 a 0.5 reserve 0.0 link now,train,26.338982111575543,1597.0401885042372,1.9367464034978712,6.758967099453353,0.8691159613954447,52.65175272973802,0.4063233241260507,0.250059401823636,128592674.14321782,14.600225726929814,4.5099875473356015,59.21101945055287
rl,tau q6 a 0.5 reserve 0.0 link now,val,25.738127002183525,1584.409340753957,2.4807166757558403,6.841120229157964,0.8473720524036359,52.18729360787079,0.4077511386096073,0.1960771676548938,133100624.56999226,18.490590358339773,5.057260504114992,58.66652266930103
rl,tau q6 a 0.5 reserve 0.0 link now,test,25.776974711178585,1585.350394223616,1.913580511332803,6.853787647106082,0.8486337346159635,52.21815675902283,0.43495855995856,0.2096607096607096,133366824.73141672,14.291418458085124,5.039338561359171,60.85671909624519
rl,tau q6 a 0.5 reserve 0.0 link min5,train,26.32907150651557,1596.771436468607,1.9338951490271865,6.755192686553866,0.8688016930414437,52.64314368695136,0.3986456384210995,0.2452775550209391,128518459.6642609,14.578692565861768,4.515062494688825,59.22294370587012
rl,tau q6 a 0.5 reserve 0.0 link min5,val,25.727528543434445,1584.171173064268,2.4788715878770446,6.8380577244423,0.8470372068371299,52.17965875206736,0.4013276617684971,0.1925754060324826,133038300.63590272,18.481997078284778,5.060801527934823,58.674437303549
rl,tau q6 a 0.5 reserve 0.0 link min5,test,25.76401441834652,1585.0831236821869,1.910839892828896,6.85045320270246,0.8482313812093256,52.20972000201049,0.4280842614175948,0.2057325390658723,133301170.99369767,14.27415177415177,5.044411241397899,60.865561692477215
rl,tau q6 a 0.5 reserve 0.25 link now,train,26.3333890395825,1596.8753346868584,1.9334940126783675,6.75695094291785,0.8689354173463671,52.64638123196474,0.4021280703317592,0.2471338620095637,128554771.03697763,14.57497995188452,4.511890664545781,59.2152916665925
rl,tau q6 a 0.5 reserve 0.25 link now,val,25.73434958586877,1584.3308639954564,2.479384358809751,6.83998535828134,0.8472509467795927,52.18472635986677,0.4053342785941393,0.1948311420469193,133076773.373378,18.4809229182779,5.05890941571907,58.66896329646416
rl,tau q6 a 0.5 reserve 0.25 link now,test,25.772382856269747,1585.241258563926,1.9111403740875028,6.852514261501612,0.8484865900222244,52.21462306475426,0.4322822239488906,0.2081174997841664,133341332.17197616,14.273072606405938,5.041264598434512,60.85904755424052
rl,tau q6 a 0.5 reserve 0.25 link min5,train,26.324460300106413,1596.6293864278769,1.931528094716186,6.753376363262478,0.8686524762866189,52.638490978134136,0.3948439217083965,0.2427604027443642,128483774.02780004,14.557901927589176,4.516079887165275,59.22716395515203
rl,tau q6 a 0.5 reserve 0.25 link min5,val,25.723160728660947,1584.074629096962,2.477749954314585,6.836968299792084,0.846898371531328,52.17655340758924,0.3990397009538541,0.1911467732233393,133016219.42897657,18.47125547821603,5.0620755599774965,58.67697219501491
rl,tau q6 a 0.5 reserve 0.25 link min5,test,25.75898721578188,1584.9717636246744,1.9085287623216167,6.849154425034248,0.8480723339311969,52.20613395510825,0.4253755503755504,0.204092204092204,133275132.47466116,14.253647586980918,5.046689153875486,60.8680608192408
rl,tau q6 a 0.5 reserve 0.5 link now,train,26.32989098764845,1596.7718521536965,1.931888722461668,6.755548554156543,0.8688211212007808,52.64295370597204,0.3991802548338234,0.2451216252338947,128527409.0650153,14.563099587157325,4.5137819883611074,59.21871140845951
rl,tau q6 a 0.5 reserve 0.5 link now,val,25.730796986001096,1584.2436858476035,2.478126335064894,6.838909226936978,0.8471361761135356,52.18188651647235,0.4030355761794277,0.193531408438601,133054456.877288,18.47125547821603,5.060199353717533,58.67119441547476
rl,tau q6 a 0.5 reserve 0.5 link now,test,25.766018675279,1585.108006432776,1.9084258858154413,6.850973237742997,0.8482843572001267,52.21031948586456,0.4290555123888457,0.2062397479064145,133309705.95691964,14.255805922472586,5.04412694654904,60.86196856982095
rl,tau q6 a 0.5 reserve 0.5 link min5,train,26.3207304210862,1596.516823536606,1.9299820908563008,6.751974775369559,0.8685319783059872,52.634826938967976,0.3919183818943241,0.2408149930202857,128456070.33668952,14.546764085657427,4.517511883854641,59.23077706864126
rl,tau q6 a 0.5 reserve 0.5 link min5,val,25.719950716406093,1584.006968195085,2.4767415046123777,6.836136246535117,0.8467962231848014,52.17435930980665,0.3972780785425797,0.1901048380166709,132998278.71135177,18.46158803815416,5.063929117532975,58.678857584572526
rl,tau q6 a 0.5 reserve 0.5 link min5,test,25.75402871967733,1584.8655150246673,1.9065804814101992,6.8479400414093465,0.8479140013026276,52.20270134759323,0.4228395061728396,0.2025489942156608,133250621.90805492,14.243935077268407,5.048544032813067,60.87045668384636
rl,tau q6 a 0.5 reserve 1.0 link now,train,26.32363710491872,1596.58121525694,1.9290292846828,6.753034746667332,0.8686216382995908,52.63680582320463,0.3939677448097657,0.2420401556327779,128476659.12412012,14.54230894888473,4.515606449403774,59.2254772822698
rl,tau q6 a 0.5 reserve 1.0 link now,val,25.72346888169697,1584.0870083691266,2.476043915738379,6.837046437565949,0.846904261121017,52.17683903402234,0.3991256337544041,0.191243447623958,133016279.4880124,18.458365558133536,5.063069714209517,58.67547624371647
rl,tau q6 a 0.5 reserve 1.0 link now,test,25.75662450662366,1584.9072786735032,1.9046732263556192,6.848518740336385,0.8479915271553047,52.20395785480745,0.4239618406285073,0.2032720366053699,133261589.50280584,14.225589225589223,5.047333752952351,60.86713926935859
rl,tau q6 a 0.5 reserve 1.0 link min5,train,26.314750183841085,1596.3413428647293,1.927752453254593,6.749600074340711,0.8683426126579177,52.62918552193561,0.3870474323561734,0.2378746027503044,128408552.46868038,14.533398675339331,4.52025758894718,59.237742022883474
rl,tau q6 a 0.5 reserve 1.0 link min5,val,25.71370570539513,1583.866588641586,2.4750762630678387,6.834369912561515,0.8465974686584179,52.169827384529086,0.393540001718656,0.1880961588038154,132962351.8139555,18.449772278078537,5.066139852290169,58.68282922243704
rl,tau q6 a 0.5 reserve 1.0 link min5,test,25.74547203407496,1584.678176807912,1.9033290430907983,6.845533311638303,0.8476459676312805,52.196740195842445,0.4177997927997928,0.1997971164637831,133202273.31805232,14.214797548130877,5.051065759332984,60.87562871577498
rl,tau q6 a 0.5 reserve 2.0 link now,train,26.312635843365605,1596.272366485087,1.925343864037684,6.748750252842412,0.868270498918758,52.62687173220901,0.3851837001395943,0.2366939915055392,128389725.4912828,14.514835605453085,4.521327014675847,59.23870828058038
rl,tau q6 a 0.5 reserve 2.0 link now,val,25.71113943285648,1583.7963442625612,2.4725915730880432,6.8335888855524365,0.8465103258684884,52.16744511212725,0.3918213457076566,0.187140156397697,132945315.9161296,18.432585717968543,5.068628276018679,58.68353943223799
rl,tau q6 a 0.5 reserve 2.0 link now,test,25.743568699310423,1584.6171870665637,1.901470005309084,6.844922300506077,0.8475848852377876,52.19475313851096,0.4164832081498748,0.1989337822671155,133189776.2748856,14.199689199689196,5.052113007289106,60.87630955883113
rl,tau q6 a 0.5 reserve 2.0 link min5,train,26.303450940426835,1596.037391068902,1.924825023119559,6.745185294965707,0.8679840487785522,52.61946032129369,0.3779960794796401,0.2324690367994297,128318773.73732516,14.511865514271284,4.526557570703697,59.25205819621024
rl,tau q6 a 0.5 reserve 2.0 link min5,val,25.70111392459676,1583.599255446241,2.471810783443201,6.830917374916839,0.8462012502170083,52.16122952003519,0.3863216464724585,0.1839606427773481,132892169.98307124,18.42828907794105,5.071201370754477,58.69155128416702
rl,tau q6 a 0.5 reserve 2.0 link min5,test,25.73339710781692,1584.403158141398,1.9009883691102865,6.842144201361781,0.8472680118652154,52.18796211663756,0.4107420357420357,0.1956746956746956,133135113.8673919,14.19537252870586,5.055998819617888,60.88456587443708
rl,tau q6 a 0.7 reserve 0.0 link now,train,26.352763312743896,1597.4475155274088,1.9465141137958264,6.763415904847148,0.8695570864487042,52.66480928543682,0.4154563545100835,0.2565342005999584,128677369.84003088,14.695268644747392,4.5047685824521775,59.203352554364734
rl,tau q6 a 0.7 reserve 0.0 link now,val,25.744024591732508,1584.5573784202977,2.4885370618843186,6.843960321231161,0.8475604751755768,52.19207079575277,0.4136160522471428,0.1980213972673369,133155974.43181232,18.592635558992864,5.053943831633477,58.66253290966032
rl,tau q6 a 0.7 reserve 0.0 link now,test,25.782999628533265,1585.4943455648463,1.9212480824685496,6.856725725663113,0.8488267350247374,52.222847916395146,0.4411206077872745,0.2117758784425451,133425816.43166707,14.4036519036519,5.036321498681508,60.85259669139253
rl,tau q6 a 0.7 reserve 0.0 link min5,train,26.33982267601085,1597.0866707866917,1.940586423513889,6.758683061995346,0.8691448298651201,52.653212481907566,0.4058332590810538,0.2504083875374974,128585050.7980041,14.644034571861354,4.5113602632842085,59.216057888957856
rl,tau q6 a 0.7 reserve 0.0 link min5,val,25.7331029658518,1584.312754560556,2.483190977896628,6.840097471517338,0.847216783590768,52.18426732612201,0.4056135601959268,0.1944659276445819,133080654.40070468,18.53463091862164,5.058211889603388,58.6707255507682
rl,tau q6 a 0.7 reserve 0.0 link min5,test,25.77107703899494,1585.2430464762888,1.9162629359849868,6.8527450944039865,0.8484573741473393,52.21491205017925,0.4328757662090996,0.208041958041958,133348173.22956055,14.332426832426828,5.041457209531547,60.861630348571886
rl,tau q6 a 0.7 reserve 0.25 link now,train,26.34452676378591,1597.2162289595458,1.9404507133812288,6.760777281286706,0.869293331826287,52.65738641341493,0.4100507885592088,0.2527176334313463,128628254.1398913,14.630669161543258,4.507401210944106,59.20754343528054
rl,tau q6 a 0.7 reserve 0.25 link now,val,25.740259919536967,1584.4603434381872,2.48271069159904,6.841980519490443,0.8474412292572434,52.18896867029775,0.4095449858210879,0.1967646300592936,133117862.30523331,18.517444358511643,5.056121066339955,58.665069869030845
rl,tau q6 a 0.7 reserve 0.25 link now,test,25.77973763797049,1585.418234812636,1.9160302132251408,6.854808475138787,0.8487231463794686,52.22037875454102,0.4371168954502288,0.2105995855995855,133387808.63282396,14.322714322714322,5.037319497713004,60.85522218192133
rl,tau q6 a 0.7 reserve 0.25 link min5,train,26.332966228327933,1596.889407473804,1.936540493366066,6.756657531146841,0.8689260824203453,52.64693149586504,0.4016751314265349,0.2473343431643351,128546617.5279931,14.602453295316163,4.513834613092512,59.21999536714866
rl,tau q6 a 0.7 reserve 0.25 link min5,val,25.729785849697368,1584.2287769062364,2.479926635144641,6.83876466728435,0.8471098980297536,52.18153986726097,0.4028207441780528,0.193359542837501,133053019.38549456,18.495961158374147,5.060035762353382,58.6729753182765
rl,tau q6 a 0.7 reserve 0.25 link min5,test,25.76703672495353,1585.1523320808465,1.9124405681676384,6.851300413291102,0.8483267451390305,52.211937529656495,0.4298433048433048,0.2067361650694984,133318420.652249,14.29357679357679,5.042579540778935,60.86381407190864
rl,tau q6 a 0.7 reserve 0.5 link now,train,26.338303145917383,1597.0262671789756,1.936386944138447,6.7586945654240616,0.8690945931729188,52.65130671675951,0.4057664320294633,0.2496955656538655,128588210.95405269,14.597255635748017,4.510217018350528,59.21155094155746
rl,tau q6 a 0.7 reserve 0.5 link now,val,25.73767753662226,1584.3988208584926,2.4805201089039746,6.841010187466135,0.8473572925421757,52.18693527313127,0.4075148234080949,0.1959267852539314,133098472.22170664,18.490590358339773,5.057485530878058,58.66667137880993
rl,tau q6 a 0.7 reserve 0.5 link now,test,25.77613675271458,1585.3326467886948,1.9132673952496173,6.853599362046762,0.8486071416643229,52.217578663630114,0.4345700595700596,0.2094017094017094,133363563.82163516,14.28818095484762,5.0397805117058185,60.85706835694817
rl,tau q6 a 0.7 reserve 0.5 link min5,train,26.32852690580438,1596.7590987328606,1.9335490234038952,6.754952351251508,0.8687841878114728,52.64274466158572,0.3981407229201937,0.2449508449909412,128514415.12548636,14.573494906293622,4.515206371102495,59.22337261885684
rl,tau q6 a 0.7 reserve 0.5 link min5,val,25.726854735491163,1584.1575489426543,2.478751197716167,6.837924779521127,0.8470156549478167,52.1792204252886,0.4010483801667097,0.1923713156311764,133035628.68075964,18.481997078284778,5.061279906023903,58.67472535810085
rl,tau q6 a 0.7 reserve 0.5 link min5,test,25.76299248383653,1585.066190734912,1.9105939238906915,6.850240345801924,0.8481996767074551,52.20917851318073,0.4276418026418026,0.2054519554519554,133297203.09885176,14.270914270914268,5.045199030574009,60.86595551929357
rl,tau q6 a 0.7 reserve 1.0 link now,train,26.33140912239462,1596.8179097453317,1.9324751118986163,6.756107605584056,0.8688700346151546,52.64446589705752,0.4003460156226796,0.2459235498529804,128538814.31554247,14.565327155543674,4.512963695051118,59.21715497723431
rl,tau q6 a 0.7 reserve 1.0 link now,val,25.73235954638812,1584.2816350120409,2.4787143078816567,6.8393580662602815,0.847186323187623,52.18310849422064,0.4039915785855461,0.1941007132422445,133063914.70413338,18.476626278250404,5.059488068224574,58.67022683828038
rl,tau q6 a 0.7 reserve 1.0 link now,test,25.768698361792342,1585.1661384711958,1.909797618148303,6.851667692233184,0.8483687074647676,52.21217653687059,0.4305015971682639,0.2070491237157903,133324218.82940516,14.264439264439265,5.043690542576197,60.86066187673953
rl,tau q6 a 0.7 reserve 1.0 link min5,train,26.322139692993485,1596.5620949591114,1.9305594620385715,6.752587778783694,0.868577439680696,52.63629945390103,0.3931955211024979,0.241550090587781,128468561.15530609,14.551219222430127,4.516823891293339,59.22905285001168
rl,tau q6 a 0.7 reserve 1.0 link min5,val,25.72131161874646,1584.0377438235391,2.477236075534944,6.836510264151332,0.8468394690275854,52.175350656798656,0.398072956947667,0.1905452436194895,133006689.66872908,18.46588467818166,5.063321045492532,58.67801274152373
rl,tau q6 a 0.7 reserve 1.0 link min5,test,25.75620573573681,1584.9091709367422,1.90754628126444,6.848516305747117,0.8479830241601072,52.20409516915735,0.4240373823707157,0.2031964948631615,133262496.96373998,14.248251748251745,5.047559744810806,60.86930021084309
rl,tau q6 a 0.7 reserve 2.0 link now,train,26.32240370255712,1596.5493193149234,1.9286836348696053,6.752568877197355,0.8685825729334449,52.63578081272176,0.3930098904036354,0.2414535626243726,128467302.25875434,14.539338857702932,4.516219244975641,59.22689183317385
rl,tau q6 a 0.7 reserve 2.0 link now,val,25.72171704708957,1584.0508902289778,2.4754728049229144,6.836649378476618,0.846849274411442,52.17569245315066,0.3982985305491106,0.1907493340207957,133008255.09358084,18.449772278078537,5.064041198990198,58.67633789836921
rl,tau q6 a 0.7 reserve 2.0 link now,test,25.75494149523632,1584.873362841958,1.9042204734026165,6.84812356336136,0.847938291513082,52.20287012980118,0.4231308814642148,0.202775619442286,133253372.27246828,14.22235172235172,5.04762507695405,60.868017672145164
rl,tau q6 a 0.7 reserve 2.0 link min5,train,26.313560709263484,1596.3090901441426,1.927404642879115,6.749175584141965,0.8683045583385631,52.62814133316588,0.3861786806854971,0.237362262021444,128399782.40244736,14.53191362974843,4.520897219548781,59.239099623004
rl,tau q6 a 0.7 reserve 2.0 link min5,val,25.71249580738501,1583.8391657010332,2.47457778409138,6.834010703001076,0.8465586900186194,52.168926253281775,0.392777348113775,0.187645011600928,132955185.82186133,18.44654979805792,5.0665427724302345,58.68351749458436
rl,tau q6 a 0.7 reserve 2.0 link min5,test,25.744359360068167,1584.6467521314094,1.9031298025229813,6.845211458294448,0.8476105130668702,52.19573683844843,0.4171199171199171,0.1993978243978243,133195745.45989811,14.211560044893377,5.051400977183312,60.876442459156166
rl,tau q6 a 1.0 reserve 0.0 link now,train,26.377029105146857,1598.1313153675628,1.9807532232729987,6.773541125839575,0.8703383816763264,52.687001629551126,0.4364548991654045,0.2687041492173809,128876817.64430188,15.135584662449135,4.495322928383637,59.19296847132342
rl,tau q6 a 1.0 reserve 0.0 link now,val,25.770112870963537,1585.1736313779254,2.5221932475621576,6.853186575854164,0.8483569367920161,52.21110016146296,0.4327146171693735,0.2067006101228838,133333915.7911833,18.95140500128899,5.0495909421964855,58.65569974040946
rl,tau q6 a 1.0 reserve 0.0 link now,test,25.803090393742867,1585.960629488213,1.9470363470836416,6.864137523276739,0.8494407276926488,52.23726573490175,0.4564555814555814,0.2183695933695933,133569062.92342226,14.691789691789689,5.033953858726667,60.84620868209885
rl,tau q6 a 1.0 reserve 0.0 link min5,train,26.35217329493912,1597.4605878182672,1.9549889104137383,6.76376520567316,0.8695459684573444,52.66551379906733,0.4162954052689418,0.2570985179245002,128683149.8494758,14.843030681041906,4.508373043374431,59.20898247631662
rl,tau q6 a 1.0 reserve 0.0 link min5,val,25.743883347705463,1584.54084478522,2.496850312784658,6.844477833511864,0.847549276348927,52.19138583233879,0.4146042794534674,0.1978817564664432,133165645.92274642,18.727979719859068,5.055919938748103,58.66564965808925
rl,tau q6 a 1.0 reserve 0.0 link min5,test,25.778503703509823,1585.4072490016183,1.927677829675516,6.85624338897216,0.848687060561087,52.22004235353579,0.4400953984287318,0.2104269187602521,133416197.37347838,14.494301994301992,5.038775660433909,60.85770471254647
rl,tau q6 a 1.0 reserve 0.25 link now,train,26.35974370875695,1597.677946552989,1.9552216329185044,6.766481259140669,0.8697819736829732,52.67234411230039,0.4217455225875435,0.260462146187888,128737554.46582907,14.814814814814811,4.501690192375055,59.19877315545402
rl,tau q6 a 1.0 reserve 0.25 link now,val,25.74930871053079,1584.6601990624863,2.4966332237441584,6.846417985395357,0.8477224303100618,52.19527500581294,0.4186753458795222,0.1996111540775114,133203870.94268285,18.7097189997422,5.051551005355201,58.66001515752624
rl,tau q6 a 1.0 reserve 0.25 link now,test,25.787181384191666,1585.5813280644902,1.9279288427980863,6.858876506786236,0.8489542529544274,52.22555412915139,0.445555987222654,0.2131572131572131,133468066.9292066,14.49861866528533,5.035678592103171,60.850061249247744
rl,tau q6 a 1.0 reserve 0.25 link min5,train,26.344410083022627,1597.2322000005568,1.9441770723152785,6.760335934841891,0.8692946332196809,52.658002239220274,0.4092414387121684,0.2527696100270278,128616875.90353145,14.690813507974694,4.510016246007064,59.2131181413242
rl,tau q6 a 1.0 reserve 0.25 link min5,val,25.73616944695828,1584.3776773554175,2.488229732107228,6.841763480535304,0.8473123528921649,52.18632820680491,0.409029389017788,0.195561570851594,133113803.31743576,18.600154679040987,5.056778255337423,58.66844315482572
rl,tau q6 a 1.0 reserve 0.25 link min5,test,25.77297820090807,1585.2897475161246,1.920747230213784,6.854140107618571,0.8485178567347251,52.216417002970985,0.4357787274453941,0.2087218337218337,133376515.97781232,14.406889406889404,5.040754119352512,60.859768739476415
rl,tau q6 a 1.0 reserve 0.5 link now,train,26.35235969909466,1597.449825498805,1.9464014062128885,6.763347577216202,0.8695445339623101,52.66490989168505,0.4153227004069025,0.2564228221806409,128676922.41426831,14.695268644747394,4.504886724249134,59.20339316423095
rl,tau q6 a 1.0 reserve 0.5 link now,val,25.74383862917645,1584.5528829971304,2.489118744345057,6.8440283793771926,0.8475548385075138,52.19192920623159,0.4137449514479677,0.1979462060668557,133157972.57978864,18.60552547907536,5.054071295200277,58.6624676340048
rl,tau q6 a 1.0 reserve 0.5 link now,test,25.78277547360209,1585.4892449729589,1.9215737505181447,6.856767001824566,0.848819749406671,52.22268707495437,0.4411961495294829,0.2117003367003367,133427004.96373998,14.410126910126907,5.036462215434119,60.852499682617605
rl,tau q6 a 1.0 reserve 0.5 link min5,train,26.339723009379533,1597.0890968426077,1.9405367203961827,6.758659312256912,0.8691411675386911,52.6532940758041,0.4057738572574178,0.2504083875374974,128584781.12839703,14.643292049065904,4.511539674305436,59.2160298810595
rl,tau q6 a 1.0 reserve 0.5 link min5,val,25.733121096380668,1584.3136358937516,2.483431955562011,6.840157251594901,0.8472178004711924,52.18430554206294,0.4057424593967517,0.1944981524447881,133082130.31442814,18.53785339864226,5.058418706537534,58.67068244940118
rl,tau q6 a 1.0 reserve 0.5 link min5,test,25.770933464258903,1585.2410176644812,1.9163404269869624,6.85273059489903,0.8484533951175921,52.214856413136765,0.4328433911767245,0.208009583009583,133348237.65717,14.336743503410167,5.0415447774039786,60.86165880445526
rl,tau q6 a 1.0 reserve 1.0 link now,train,26.34109031640642,1597.115421979097,1.9383674965034456,6.759737242123747,0.8691833856428515,52.65416844729573,0.4079048976803588,0.2511583355609017,128608411.47476909,14.610621046066113,4.5092803249549975,59.20937787894728
rl,tau q6 a 1.0 reserve 1.0 link now,val,25.73901541636952,1584.4305336069615,2.481578919994837,6.841505432579462,0.8474006483358466,52.18798566274844,0.4085567586147632,0.1963779324568187,133108538.81498668,18.4981094783879,5.057122192292579,58.66582267337651
rl,tau q6 a 1.0 reserve 1.0 link now,test,25.77838585232672,1585.383106025501,1.914809978060913,6.854277172782767,0.8486783215017292,52.21921371656437,0.4359837693171026,0.2101463351463351,133376818.59397392,14.304368471035136,5.038671926498862,60.85599734876521
rl,tau q6 a 1.0 reserve 1.0 link min5,train,26.33053932566432,1596.821265123967,1.9350389900903264,6.755828478431863,0.8688489139845138,52.64475357929906,0.3999599037690458,0.2461166057797974,128530822.208738,14.590572930588968,4.514753374861979,59.22153638087463
rl,tau q6 a 1.0 reserve 1.0 link min5,val,25.728640090123847,1584.1990840482506,2.47944047526667,6.838428350033067,0.8470726404182435,52.1805705344061,0.4021117985735156,0.1929728452350262,133046127.04992697,18.486293718312275,5.060590857581592,58.67365176418606
rl,tau q6 a 1.0 reserve 1.0 link min5,test,25.7652713433661,1585.112371424501,1.911622137635573,6.850838036872761,0.8482708484993088,52.21065814958396,0.4288828455495121,0.2061857895191228,133309156.9433653,14.281705948372611,5.043729865248314,60.86480048849708
rl,tau q6 a 1.0 reserve 2.0 link now,train,26.33091435161608,1596.8053462286653,1.9322780129589208,6.755926307187023,0.8688538545644844,52.6440393869894,0.3999673289970002,0.245663666874573,128535145.28391102,14.565327155543674,4.513391463938007,59.21763265658069
rl,tau q6 a 1.0 reserve 2.0 link now,val,25.731747281314544,1584.2663034536758,2.4785116060816,6.839179928427213,0.8471662567267224,52.182610635095415,0.4036048809830713,0.1938966228409383,133060022.06530894,18.47447795823666,5.059926291137624,58.67061246110744
rl,tau q6 a 1.0 reserve 2.0 link now,test,25.76787289970928,1585.1511377985607,1.9094508273416304,6.851451397467755,0.8483433175859345,52.211701473120414,0.4300483467150134,0.2068009151342484,133320162.9697833,14.262280928947597,5.0438377168901605,60.861019809683405
rl,tau q6 a 1.0 reserve 2.0 link min5,train,26.321479458047968,1596.5471202369044,1.9302994597092509,6.752385637782435,0.8685562608463281,52.63581393296614,0.3927722831090914,0.2412902076093736,128464496.87570168,14.549734176839229,4.517249731036838,59.22955430343523
rl,tau q6 a 1.0 reserve 2.0 link min5,val,25.72082220689301,1584.027049462776,2.4770959564875863,6.8364005841995,0.8468235503287423,52.17499348283653,0.3978366417461546,0.1903948612185271,133004411.67233825,18.46588467818166,5.063744053473097,58.67821316185351
rl,tau q6 a 1.0 reserve 2.0 link min5,test,25.755399863907872,1584.8922351354242,1.9073030833595672,6.848311752976821,0.8479565279648802,52.203541250926605,0.423605715272382,0.2029267029267029,133258509.326772,14.246093412760075,5.048031677872241,60.86966626526492
ceil,tau q0 a 0.5 reserve 0.0,train,29.256860259213624,1668.8305128272189,1.994670502200497,7.610311505467387,0.9650248327203296,55.005200655882085,2.193805874840358,2.193805874840358,143766789.0866376,14.996732899700016,1.2911412530909545,56.88752827959334
ceil,tau q0 a 0.5 reserve 0.0,val,28.97358540062344,1665.805650801203,2.558547195133522,7.791558630058362,0.9555150735687672,54.89676300569905,2.424486551516714,2.424486551516714,150616392.32843515,18.996519721577723,1.550201998923278,56.34701457717092
ceil,tau q0 a 0.5 reserve 0.0,test,29.22389956265968,1671.9995150183995,1.991868962934816,7.865240805398602,0.963851681657902,55.10251060009831,2.581369248035915,2.581369248035915,152007812.1781922,14.93460243460243,1.313564236075384,58.3933129715615
ceil,tau q0 a 0.5 reserve 0.25,train,29.22110125921282,1667.9701634149635,1.9811198833143275,7.599757987367595,0.9639075990240014,54.97827250137813,2.1727033769936743,2.1727033769936743,143589871.42172328,14.882384389200746,1.323823084447954,56.91297677541067
ceil,tau q0 a 0.5 reserve 0.25,val,28.94600067424885,1665.1416816899305,2.5473593855068977,7.78309483566888,0.9546536951368532,54.87582304200672,2.4075363066082325,2.4075363066082325,150467323.06264502,18.917031881069,1.5780464890373769,56.36678804685641
ceil,tau q0 a 0.5 reserve 0.25,test,29.193625630920792,1671.2456360094325,1.977670139187764,7.855926577466575,0.9629022672189552,55.07884427730486,2.5627428127428127,2.5627428127428127,151841522.41146508,14.814814814814811,1.3421027609096163,58.41406385979007
ceil,tau q0 a 0.5 reserve 0.5,train,29.19017097095309,1667.1994316266555,1.9718906949958028,7.590811552444386,0.9629477362027836,54.95426471914888,2.154919956042651,2.154919956042651,143435258.18491787,14.81926995158751,1.354040150322705,56.93766291719258
ceil,tau q0 a 0.5 reserve 0.5,val,28.920114038091885,1664.5047897375837,2.5374881258746056,7.775325510548298,0.953845208326428,54.85575418128053,2.3920684025092376,2.3920684025092376,150328511.36383948,18.85473060067028,1.6045065040456117,56.38605644194114
ceil,tau q0 a 0.5 reserve 0.5,test,29.161250406608428,1670.496203238439,1.9660744977672029,7.846638853225761,0.96189022503814,55.05536276087359,2.544191919191919,2.544191919191919,151678009.63230595,14.7360355693689,1.3723502649416282,58.4360091481145
ceil,tau q0 a 0.5 reserve 1.0,train,29.132830541550256,1665.8181939885424,1.9586518208088384,7.574631872767306,0.961171268453304,54.91134670515986,2.122820695595355,2.122820695595355,143154615.60456207,14.722741988179036,1.4071381355721568,56.98603396882496
ceil,tau q0 a 0.5 reserve 1.0,val,28.87082063029736,1663.3249884798636,2.521315551481662,7.760711707777889,0.9522986951083364,54.81858259650934,2.3628512503222483,2.3628512503222483,150067693.30497548,18.75053708000344,1.655281247217235,56.42332450184447
ceil,tau q0 a 0.5 reserve 1.0,test,29.10376739361965,1669.1216134811168,1.947698579847768,7.829827893651053,0.9600964485104974,55.01238192886289,2.510770094103428,2.510770094103428,151381314.55676422,14.58926875593542,1.4249156638611538,58.47898799811778
ceil,tau q0 a 0.5 reserve 2.0,train,29.03104443338515,1663.4028674392011,1.943339258928953,7.544977531081416,0.9580467192640256,54.83692930388258,2.0644806795568624,2.0644806795568624,142648878.3813003,14.618046274020612,1.5045863633932184,57.08191413409665
ceil,tau q0 a 0.5 reserve 2.0,val,28.78080434999876,1661.1420181891356,2.498973907124993,7.732879821949238,0.9494789820867788,54.74978655935767,2.3071882787660054,2.3071882787660054,149574508.61527884,18.61411875913036,1.7447457989353758,56.49977179520146
ceil,tau q0 a 0.5 reserve 2.0,test,28.99950611102456,1666.6989766437018,1.9228465349858337,7.798266911834494,0.9568877317592132,54.93716131815793,2.448728740395408,2.448728740395408,150830078.00820166,14.384226884226882,1.525353450038449,58.570413630943925
ceil,tau q0 a 0.7 reserve 0.0,train,29.33133713576561,1670.676468968736,2.033095578884634,7.631749704721314,0.9673865147522704,55.06364141947568,2.2371395051828094,2.2371395051828094,144132177.77326325,15.367994297424929,1.2275158417231355,56.84648143616702
ceil,tau q0 a 0.7 reserve 0.0,val,29.023676247653945,1667.0186293423849,2.5859464129993124,7.80670601519316,0.957125281215928,54.93569199286979,2.45519678611326,2.45519678611326,150891902.00928074,19.279023803385748,1.502606433240271,56.31699437166816
ceil,tau q0 a 0.7 reserve 0.0,test,29.277220112118428,1673.3098455072238,2.024142775354425,7.881864121272567,0.965546544200198,55.144297690298,2.6149529482862817,2.6149529482862817,152312048.5161875,15.218423551756883,1.263222850810262,58.36227029435732
ceil,tau q0 a 0.7 reserve 0.25,train,29.285830076734083,1669.5911283683747,2.009521932099481,7.619632570503573,0.9659396924839376,55.02917908560102,2.2125842763372834,2.2125842763372834,143927657.32376966,15.133357094062784,1.26521270999304,56.86697223380698
ceil,tau q0 a 0.7 reserve 0.25,val,28.99452024157929,1666.3216614629152,2.5691485045920004,7.798572218823118,0.956176864602684,54.913121099211146,2.4385150812064964,2.4385150812064964,150743327.26896966,19.082452522127696,1.5294532539735106,56.331020047441065
ceil,tau q0 a 0.7 reserve 0.25,test,29.24739728070039,1672.598481025714,2.0054381085032067,7.873234519219316,0.964593009948798,55.1215652588838,2.597438055771389,2.597438055771389,152153815.10688075,15.040360873694208,1.2911332586877478,58.376983282688514
ceil,tau q0 a 0.7 reserve 0.5,train,29.253767692826152,1668.81231665939,1.9948472828601784,7.610611053148989,0.964928982671298,55.00465277939326,2.194399893076717,2.194399893076717,143776531.63111472,14.99821794529092,1.2917392399389611,56.885774182942335
ceil,tau q0 a 0.7 reserve 0.5,val,28.972454241076065,1665.8240860813737,2.5593906355594527,7.792153477332673,0.9554768851338962,54.897285749385325,2.4256144195239324,2.4256144195239324,150627914.63839477,19.00296468161897,1.550365414167288,56.34520117887951
ceil,tau q0 a 0.7 reserve 0.5,test,29.2229048836036,1672.037523700248,1.9927962336297929,7.866172740402533,0.9638171296841592,55.10365921659628,2.583193041526376,2.583193041526376,152027692.7877061,14.936760770094102,1.3132403923360805,58.39054113313226
ceil,tau q0 a 0.7 reserve 1.0,train,29.207207714382097,1667.6546182964032,1.9775018906368769,7.596603967318199,0.9634762292159854,54.968404837070686,2.1664067836882595,2.1664067836882595,143536695.021949,14.854911045769104,1.336708095236381,56.92120641845265
ceil,tau q0 a 0.7 reserve 1.0,val,28.93306747282794,1664.8651838895437,2.5437944605763656,7.780126358383183,0.9542484159207176,54.86711620092839,2.401585460170147,2.401585460170147,150416125.75749764,18.898771160952133,1.5903714595224547,56.3738848574188
ceil,tau q0 a 0.7 reserve 1.0,test,29.17789013496905,1670.926200884062,1.973143477621127,7.852396547800358,0.962411508196774,55.068851513407225,2.5556742640075973,2.5556742640075973,151781460.43045843,14.782439782439782,1.3567614590891763,58.42215946471891
ceil,tau q0 a 0.7 reserve 2.0,train,29.12463901578237,1665.652932016451,1.957806264047745,7.572900318562594,0.9609172548071322,54.90619174248701,2.119375389824468,2.119375389824468,143126825.39915058,14.713831714633638,1.4141918777755076,56.990949745214536
ceil,tau q0 a 0.7 reserve 2.0,val,28.864130758949912,1663.1826776288449,2.5199569728044824,7.759401577809723,0.9520870604667672,54.814036824522695,2.3601658503050618,2.3601658503050618,150044599.47976282,18.74301795995532,1.6621572709965204,56.4264352179881
ceil,tau q0 a 0.7 reserve 2.0,test,29.096090631064023,1668.9618034854398,1.946336791557456,7.828413010456825,0.95985309617608,55.0072782504582,2.5078779245445912,2.5078779245445912,151356385.79884315,14.580635413968745,1.4323562575624549,58.482433113749934
ceil,tau q0 a 1.0 reserve 0.0,train,29.4561186704858,1673.7257228748847,2.1332868157881566,7.666461673470443,0.9713737254275396,55.16167665996537,2.308139534883721,2.308139534883721,144744207.80462742,16.48549110457691,1.1170666477987596,56.810457797821634
ceil,tau q0 a 1.0 reserve 0.0,val,29.12834662588504,1669.4063741797538,2.6775021532928167,7.83674160961696,0.960465930731008,55.012438149539626,2.5165420641058693,2.5165420641058693,151432450.44470224,20.1952822892498,1.422602671367906,56.28818281110531
ceil,tau q0 a 1.0 reserve 0.0,test,29.375621605975542,1675.5386339750423,2.1086726955058994,7.910699175239542,0.968667328912234,55.21549342842771,2.673497798497799,2.673497798497799,152831892.2937926,16.02240352240352,1.1870892540029656,58.331613458657344
ceil,tau q0 a 1.0 reserve 0.25,train,29.379786351382087,1671.8371005795166,2.067855718681494,7.64564529987569,0.9689388237360572,55.100798366033125,2.265489025513084,2.265489025513084,144373747.2989991,15.809052837922122,1.185935172368058,56.828140938361
ceil,tau q0 a 1.0 reserve 0.25,val,29.05490997981281,1667.768305840263,2.6130305798965208,7.817155405904296,0.95813962956063,54.96002692543621,2.476701469450889,2.476701469450889,151084134.2169803,19.66249892583999,1.4751370983748344,56.30286305736749
ceil,tau q0 a 1.0 reserve 0.25,test,29.31037141184936,1674.0934585722746,2.051876667068912,7.892761879519717,0.9666087793412322,55.169507915031126,2.637194595527929,2.637194595527929,152511536.42268842,15.546490546490546,1.2352870597799983,58.34710035259671
ceil,tau q0 a 1.0 reserve 0.5,train,29.33232042899164,1670.7558946976878,2.036415558037009,7.633165666498655,0.9674264163169916,55.06623658853597,2.240065044996882,2.240065044996882,144161775.0940628,15.40809052837922,1.2255479490784151,56.84352283824328
ceil,tau q0 a 1.0 reserve 0.5,val,29.02529733160036,1667.107880313726,2.589760814910795,7.80819180127331,0.9571749907513196,54.938504865156204,2.458161467732233,2.458161467732233,150922624.84789896,19.31661940362636,1.4991360648395882,56.31410255234449
ceil,tau q0 a 1.0 reserve 0.5,test,29.278553320883585,1673.394400430141,2.027155117257535,7.883348698904267,0.9655879430892548,55.1469783658958,2.617942242942243,2.617942242942243,152341278.019425,15.237848571181903,1.260803327139206,58.35936931889491
ceil,tau q0 a 1.0 reserve 1.0,train,29.27341107997846,1669.3186716662244,2.0053537651212165,7.6169996867946,0.965546536532314,55.020519875793006,2.2072603878939088,2.2072603878939088,143887498.23707268,15.099943568267545,1.2744202425173057,56.87148895787059
ceil,tau q0 a 1.0 reserve 1.0,val,28.98640611590289,1666.1703654555438,2.566749967019426,7.797169675346253,0.9559133628139044,54.90813734953661,2.4355933659877977,2.4355933659877977,150717303.56208643,19.055598521955822,1.5362393799738672,56.33367869108135
ceil,tau q0 a 1.0 reserve 1.0,test,29.238849335430668,1672.4400007569252,2.00202715769228,7.871625520248402,0.9643177862424628,55.11640046601018,2.594114219114219,2.594114219114219,152126284.92022792,15.010144176810844,1.298661845717372,58.37935101119175
ceil,tau q0 a 1.0 reserve 2.0,train,29.2041043139114,1667.6140985488837,1.977456658166747,7.596604777958099,0.9633797940011256,54.96713377214093,2.166399358460305,2.166399358460305,143538360.9051056,14.855653568564556,1.3390652675783403,56.92077541344218
ceil,tau q0 a 1.0 reserve 2.0,val,28.9308572711266,1664.8376971209182,2.5438310338914003,7.780131512387731,0.954175787248043,54.8662145954137,2.401574718570078,2.401574718570078,150417080.47873163,18.901993640972755,1.5919511589571609,56.37372655890713
ceil,tau q0 a 1.0 reserve 2.0,test,29.17531515405173,1670.8882545404788,1.972958467178216,7.852332198226568,0.9623317276715262,55.0676683128818,2.555544763878098,2.555544763878098,151781555.82517484,14.78243978243978,1.359384523830908,58.42227344743887
ceil,tau q1 a 0.5 reserve 0.0,train,29.16899123604406,1661.91493231658,1.979003940174857,7.353317938148041,0.962111112398344,54.77671959694239,1.6474353262645165,1.6474353262645165,139086261.72829604,14.8697615016781,1.6384815026236017,57.55070521115567
ceil,tau q1 a 0.5 reserve 0.0,val,28.858407984374804,1656.3963057599592,2.5354826440771405,7.504596669189222,0.9516554281021972,54.583919125255015,1.8076931339692364,1.8076931339692364,145027200.11351722,18.840766520580903,1.9765936184487896,57.06766963953581
ceil,tau q1 a 0.5 reserve 0.0,test,29.10308438049405,1662.0452269410148,1.971479127421777,7.560687261831885,0.9597923786797796,54.77133512604938,1.9265626348959684,1.9265626348959684,146074340.19148752,14.7673314339981,1.7636426351902683,59.15782702075682
ceil,tau q1 a 0.5 reserve 0.25,train,29.13368407565739,1661.1145071099825,1.9686896099623048,7.344986324189969,0.9610078681645372,54.751684684539086,1.6307656895066678,1.6307656895066678,138946613.56565386,14.790311562564968,1.6682209228153948,57.57118169443876
ceil,tau q1 a 0.5 reserve 0.25,val,28.832808941695948,1655.834621545251,2.5277159318887272,7.498518359006352,0.950858331696108,54.566245312037566,1.7955766090916905,1.7955766090916905,144921732.4519206,18.79780012030592,1.999186422689574,57.08196571404388
ceil,tau q1 a 0.5 reserve 0.25,test,29.072758607100504,1661.35073504745,1.960429675658732,7.553444694005508,0.958842544281302,54.74955386967928,1.9121449538116209,1.9121449538116209,145948732.93948027,14.677760511093842,1.7892990770626078,59.17353800501305
ceil,tau q1 a 0.5 reserve 0.5,train,29.1034165544474,1660.405971783562,1.9615257178131125,7.337920232607516,0.9600702467408716,54.72963497396701,1.6167839852683477,1.6167839852683477,138825020.59508747,14.74204758086073,1.6952889163781928,57.59111808380648
ceil,tau q1 a 0.5 reserve 0.5,val,28.8084312823294,1655.268857640058,2.5203478286249563,7.492579223001294,0.9500981613597458,54.548442247805546,1.783771590616138,1.783771590616138,144818048.38712725,18.752685400017185,2.02181609840876,57.096337799293096
ceil,tau q1 a 0.5 reserve 0.5,test,29.04127232932946,1660.6536404909696,1.951013669684522,7.546108737404046,0.9578585393014448,54.72770349023839,1.8975222308555644,1.8975222308555644,145820893.38478807,14.621643788310454,1.8155935523070568,59.190292857283815
ceil,tau q1 a 0.5 reserve 1.0,train,29.047283598920743,1659.1297474472608,1.9508929474288808,7.325141005477801,0.9583367640817856,54.69006090908867,1.5915604859069172,1.5915604859069172,138604376.56829724,14.669280346906646,1.7440918605993991,57.62985900828218
ceil,tau q1 a 0.5 reserve 1.0,val,28.760341960486738,1654.1915449367268,2.5081329303505733,7.481152736889236,0.9485911539212476,54.514468084508266,1.7609779152702585,1.7609779152702585,144619551.3599725,18.66890091948096,2.0655797051176177,57.12460870081596
ceil,tau q1 a 0.5 reserve 1.0,test,28.98433965057226,1659.3975252347016,1.936867283729372,7.532735417868914,0.9560821027075078,54.68841174085158,1.87096391263058,1.87096391263058,145590868.89475957,14.49861866528533,1.8627031822366085,59.22309995193602
ceil,tau q1 a 0.5 reserve 2.0,train,28.947230095074183,1656.852358430528,1.9389498597914483,7.301708006583709,0.9552654602805184,54.61991471381501,1.545561198728801,1.545561198728801,138205862.01526627,14.58908788499807,1.834049583909373,57.70633746095034
ceil,tau q1 a 0.5 reserve 2.0,val,28.672315017219567,1652.2085684501892,2.4907489214827496,7.460065104682589,0.945830053562309,54.45192353361385,1.718881584600842,1.718881584600842,144253027.01374924,18.573300678869124,2.1451994780893155,57.18038572735506
ceil,tau q1 a 0.5 reserve 2.0,test,28.88102961526413,1657.1539538829315,1.91707063792744,7.507994241450856,0.9528947962195652,54.61857895619812,1.822336614003281,1.822336614003281,145169494.57126823,14.343218509885174,1.9533072185715687,59.29142833529224
ceil,tau q1 a 0.7 reserve 0.0,train,29.24428741614768,1663.7160293390623,2.0119936439655435,7.371083615920683,0.9645020621543552,54.83377785573842,1.683351153880424,1.683351153880424,139388944.54590276,15.211321987585016,1.576243571527693,57.51766110522383
ceil,tau q1 a 0.7 reserve 0.0,val,28.90780707857356,1657.5170377462282,2.5555046620406867,7.516120372387578,0.95323948816501,54.619905655006455,1.8310238893185529,1.8310238893185529,145229601.31846696,19.028744521783963,1.9328472807100805,57.04568654911817
ceil,tau q1 a 0.7 reserve 0.0,test,29.156205224441788,1663.2437424222437,1.9944715491063427,7.573335635296511,0.9614825297202212,54.80963286202184,1.952106535439869,1.952106535439869,146296150.68082535,14.973452473452472,1.7163130190193274,59.13539835042267
ceil,tau q1 a 0.7 reserve 0.25,train,29.19954490308366,1662.660753271883,1.9912800858263,7.36085555308687,0.963077121768102,54.80025771668415,1.6626273426594196,1.6626273426594196,139214284.41771364,14.99079271733642,1.6132375299602624,57.53450417028928
ceil,tau q1 a 0.7 reserve 0.25,val,28.87896283894793,1656.875827504747,2.543626679905202,7.509848055786642,0.9523028042092236,54.59910284737441,1.818155452436195,1.818155452436195,145119607.02784222,18.920254361089626,1.9579173198635729,57.05619791742769
ceil,tau q1 a 0.7 reserve 0.25,test,29.1264105345662,1662.5825181401356,1.9812263891563804,7.566553968342827,0.9605277100833732,54.78837841846863,1.938314771648105,1.938314771648105,146178078.7359061,14.859060692394024,1.7429291345615197,59.14633149430314
ceil,tau q1 a 0.7 reserve 0.5,train,29.16662579534526,1661.897655478052,1.978880778879375,7.353203649577191,0.962038748641758,54.77622390622372,1.647219994653836,1.647219994653836,139087115.1237637,14.870504024473547,1.6391877814443927,57.55058762448807
ceil,tau q1 a 0.7 reserve 0.5,val,28.857638779306008,1656.4173942369268,2.5360166919724025,7.504951591241272,0.951628129846704,54.58452730004969,1.8083483715734288,1.8083483715734288,145033312.9376128,18.85043396064277,1.9765945645863845,57.06672711767652
ceil,tau q1 a 0.7 reserve 0.5,test,29.10185239085495,1662.0605412809712,1.9718069768896165,7.561132319021738,0.9597513243049888,54.7717400679804,1.927393594060261,1.927393594060261,146082988.92998356,14.7673314339981,1.7636844699731702,59.156345869125936
ceil,tau q1 a 0.7 reserve 1.0,train,29.119486656490217,1660.810023905978,1.9654605007324424,7.342100375096316,0.9605672623623732,54.74217820239991,1.6250259882978406,1.6250259882978406,138896791.3674894,14.768778401496924,1.6802385859224571,57.57906514709131
ceil,tau q1 a 0.7 reserve 1.0,val,28.82112504722773,1655.59263512214,2.524837150924601,7.496129872794298,0.9504936946646996,54.55861672091415,1.7908073386611667,1.7908073386611667,144880877.75552115,18.78276188020968,2.0095868526128893,57.08772220706838
ceil,tau q1 a 0.7 reserve 1.0,test,29.0576194298816,1661.043720774711,1.9566172901311487,7.550497468705027,0.95836795652373,54.73989791474161,1.906252697919364,1.906252697919364,145896996.03116634,14.650781317447985,1.802535180633709,59.180437334493824
ceil,tau q1 a 0.7 reserve 2.0,train,29.03908125127061,1658.9592423745555,1.9496613445728923,7.3234931586560785,0.9580836516592992,54.68477418390268,1.588308236062847,1.588308236062847,138576818.16145417,14.661112596156702,1.7512218557298396,57.63471197349404
ceil,tau q1 a 0.7 reserve 2.0,val,28.7532607439804,1654.0544280081913,2.5068228901766694,7.480054284407454,0.9483674458021084,54.510103995991045,1.758765145656097,1.758765145656097,144600106.68084556,18.66138179943284,2.072157943700061,57.127339755118726
ceil,tau q1 a 0.7 reserve 2.0,test,28.97709896420168,1659.2632474832862,1.935741902899263,7.531529442491034,0.9558536261965302,54.68413976329139,1.8685142018475351,1.8685142018475351,145570145.4517828,14.489985323318656,1.8681847401916696,59.226093009694665
ceil,tau q1 a 1.0 reserve 0.0,train,29.36797303799662,1666.6696611463733,2.095537301851744,7.399547178359576,0.9684547512111032,54.92869464721538,1.7414238617125544,1.7414238617125544,139892437.8310612,16.148385755442693,1.4705198396740478,57.48816515780926
ceil,tau q1 a 1.0 reserve 0.0,val,29.015087992723405,1659.8047111243525,2.627101122277044,7.540189246151892,0.9566576362781156,54.69331189498274,1.880005585632036,1.880005585632036,145649056.92584,19.75165420641058,1.8510133083068088,57.02282702413335
ceil,tau q1 a 1.0 reserve 0.0,test,29.252973977843386,1665.2900776355425,2.0574926962784272,7.595606917670753,0.9645484822286394,54.87488624150392,1.997161788828456,1.997161788828456,146684465.0934991,15.57454890788224,1.6446138571583804,59.11264024597823
ceil,tau q1 a 1.0 reserve 0.25,train,29.291332470728552,1664.8255779031065,2.040171468142188,7.382315174512938,0.9660099430404336,54.8693594169981,1.7062505568920965,1.7062505568920965,139584434.8636431,15.572188066173627,1.5371900807314625,57.50285863575456
ceil,tau q1 a 1.0 reserve 0.25,val,28.94074525342001,1658.243356657371,2.5753437036861744,7.524163255497603,0.9543040376008588,54.64345714599244,1.8475552118243528,1.8475552118243528,145370309.7241557,19.299432843516367,1.9042891137566151,57.03519688184492
ceil,tau q1 a 1.0 reserve 0.25,test,29.18906154747921,1663.958936019606,2.013998434903638,7.5815004485177,0.9625331297433702,54.83264027712187,1.9687580937580933,1.9687580937580933,146438114.53492188,15.203315203315205,1.690358919757882,59.124915921080905
ceil,tau q1 a 1.0 reserve 0.5,train,29.24545531764913,1663.7895386022733,2.0139264465279294,7.37198131279602,0.9645502874868176,54.83623877150362,1.68525943746473,1.68525943746473,139407831.43615788,15.234340194243964,1.5745127541323078,57.516018862072656
ceil,tau q1 a 1.0 reserve 0.5,val,28.909252786450416,1657.573399847593,2.556900875332235,7.516923262716595,0.9532857345195964,54.62173574025253,1.8326458709289333,1.8326458709289333,145245766.36349574,19.04915356191458,1.9300574420123944,57.04380609162188
ceil,tau q1 a 1.0 reserve 0.5,test,29.157711537160534,1663.3207554974674,1.9965611262838407,7.574320526556375,0.9615290945575988,54.81206378412705,1.9540706207372875,1.9540706207372875,146314778.4494518,14.993956660623326,1.7139690479284009,59.13366327742008
ceil,tau q1 a 1.0 reserve 1.0,train,29.18664952081202,1662.379865337518,1.986744028561747,7.358147402396491,0.9626694696811406,54.79137685778144,1.6571400992010454,1.6571400992010454,139171243.10974488,14.938073598859484,1.6227637388657326,57.53937995695621
ceil,tau q1 a 1.0 reserve 1.0,val,28.87113335058406,1656.7262498040734,2.541279368130145,7.50858316838752,0.9520494967468895,54.59418659498574,1.8155237604193524,1.8155237604193524,145096087.27257884,18.892326200910883,1.9646378278955667,57.05843351646076
ceil,tau q1 a 1.0 reserve 1.0,test,29.1179884510694,1662.4221490836806,1.978115754177508,7.565104900325514,0.960258922259168,54.78320551779785,1.9353470603470608,1.9353470603470608,146151688.54407322,14.82236898903565,1.7501305151201114,59.14857755231225
ceil,tau q1 a 1.0 reserve 2.0,train,29.11661871739956,1660.7613533450517,1.965073617191656,7.341761240205718,0.9604784780060442,54.74065289600568,1.6243502925539812,1.6243502925539812,138891253.81199324,14.769520924292374,1.6826974800766292,57.579926958648045
ceil,tau q1 a 1.0 reserve 2.0,val,28.81898820989719,1655.5574702279234,2.524610785206294,7.495929188951973,0.9504250646068868,54.55749579003369,1.7903991578585547,1.7903991578585547,144877200.4461631,18.780613560195924,2.0113953478860007,57.08825994159653
ceil,tau q1 a 1.0 reserve 2.0,test,29.05518554409081,1661.0061000853166,1.956191826028422,7.55026551395847,0.9582917303334738,54.738735911943,1.905777864111197,1.905777864111197,145893472.0391954,14.650781317447985,1.804766715139319,59.18084711393677
ceil,tau q2 a 0.5 reserve 0.0,train,28.77383215257025,1642.9367432250674,1.9620380947806184,7.094486398395959,0.9491008391105475,54.155515220642506,1.1040571445543377,1.1040571445543377,134602902.55576345,14.74650271763343,2.4265628956668475,58.228658578126925
ceil,tau q2 a 0.5 reserve 0.0,val,28.42240644699868,1637.165536110028,2.515337946807619,7.212999712897139,0.9373039893558038,53.944479104281946,1.19233909083097,1.19233909083097,140084716.42639855,18.727979719859068,2.796909981165576,57.73688880405468
ceil,tau q2 a 0.5 reserve 0.0,test,28.63812184879176,1641.5849883144965,1.9508868470542,7.25014891665311,0.9444821757849542,54.09088362083631,1.2711948545281877,1.2711948545281877,140811827.8556505,14.604377104377104,2.634503308693945,59.8689076673077
ceil,tau q2 a 0.5 reserve 0.25,train,28.741205365416228,1642.2968886861786,1.9547324821196792,7.088653185199803,0.9480802713202212,54.13548128912046,1.0923846862098667,1.0923846862098667,134500482.78945026,14.695268644747392,2.4498450137656103,58.2437176792192
ceil,tau q2 a 0.5 reserve 0.25,val,28.398600971511925,1636.707093396684,2.509470351958151,7.208794827979763,0.9365606974760846,53.93009341654482,1.1839821259774854,1.1839821259774854,140008310.17616224,18.69145827962533,2.814586546942101,57.74716265217823
ceil,tau q2 a 0.5 reserve 0.25,test,28.61164310108328,1641.045743056696,1.9435338077347528,7.245413189775844,0.94364851794502,54.07390984025918,1.2617197617197615,1.2617197617197615,140725136.50280583,14.546102046102046,2.6535449909425366,59.87936536304338
ceil,tau q2 a 0.5 reserve 0.5,train,28.713093535582413,1641.7219441019122,1.94963744608368,7.08365231717523,0.9472076849132992,54.11752775176379,1.0824571564347023,1.0824571564347023,134410505.5471799,14.6625976417476,2.4703989628243184,58.25854377228613
ceil,tau q2 a 0.5 reserve 0.5,val,28.377271333467807,1636.290538634059,2.504460120899708,7.204978769564274,0.9358943874308148,53.91697385145125,1.1763878147288818,1.1763878147288818,139938902.43189827,18.65386267938472,2.8315868778305013,57.75684920696845
ceil,tau q2 a 0.5 reserve 0.5,test,28.58317401674932,1640.4555023295477,1.9367491479146584,7.240264701282522,0.942761281913412,54.0554407986665,1.2514892514892513,1.2514892514892513,140630452.79772082,14.502935336268669,2.6760736103425606,59.89212371253464
ceil,tau q2 a 0.5 reserve 1.0,train,28.66390918262296,1640.7486212314548,1.9428058103844084,7.075049154727916,0.9456925831601468,54.08737224918632,1.0655127862425378,1.0655127862425378,134257871.96132943,14.62027384240696,2.506521152273975,58.2858988085838
ceil,tau q2 a 0.5 reserve 1.0,val,28.33499835360671,1635.426579513165,2.4951332636179844,7.1973695054472815,0.934570254716516,53.88975903347789,1.1612099338317434,1.1612099338317434,139799373.4464209,18.59693219902036,2.8651298729917323,57.776411435892285
ceil,tau q2 a 0.5 reserve 1.0,test,28.53266403446295,1639.455325953969,1.9264200759614616,7.231367234300534,0.9411789684443822,54.02415216142583,1.2337477337477336,1.2337477337477336,140468155.24017957,14.41552274885608,2.7117144406886213,59.91466481948766
ceil,tau q2 a 0.5 reserve 2.0,train,28.573900684346945,1638.9600793966986,1.9341442565330773,7.058859778666319,0.9429313305352336,54.03240418828793,1.033777361965012,1.033777361965012,133975244.7684814,14.564584632748224,2.575709398054905,58.34090642336718
ceil,tau q2 a 0.5 reserve 2.0,val,28.258500206772464,1633.8790798127177,2.4833676580958666,7.183662020935416,0.9321685293903452,53.84094151877827,1.1338188536564404,1.1338188536564404,139547820.81017444,18.517444358511643,2.9237636917149143,57.814297324271
ceil,tau q2 a 0.5 reserve 2.0,test,28.44100408036832,1637.6907558608325,1.9120457693453687,7.214798326669371,0.9383495895608924,53.96928257345718,1.2011892428559094,1.2011892428559094,140171562.92419925,14.304368471035136,2.7807226383714214,59.96238514454559
ceil,tau q2 a 0.7 reserve 0.0,train,28.84311498291101,1644.394317762438,1.985429071855093,7.106839477234363,0.9513195961390088,54.20185023342424,1.1291766907244052,1.1291766907244052,134825768.18468028,14.996732899700016,2.3756691228474045,58.20561484541257
ceil,tau q2 a 0.7 reserve 0.0,val,28.466507997117176,1638.052716553387,2.528770876883908,7.220604049987248,0.93872486195707,53.97305566623699,1.2078499613302396,1.2078499613302396,140225418.73498327,18.85473060067028,2.7622052556731345,57.721741132521466
ceil,tau q2 a 0.7 reserve 0.0,test,28.68555330639432,1642.5299607318357,1.9680420755768733,7.258481546428739,0.9459934933050964,54.12115871136811,1.2880838297504962,1.2880838297504962,140964677.87481654,14.746827246827245,2.5999941212233155,59.85440735254294
ceil,tau q2 a 0.7 reserve 0.25,train,28.8009559754856,1643.519751421827,1.9706009844234624,7.09961638740907,0.9499620082010994,54.173924784967696,1.114400487094954,1.114400487094954,134694763.05265972,14.823725088360211,2.406847534545234,58.21767974753462
ceil,tau q2 a 0.7 reserve 0.25,val,28.4396380370752,1637.5039351526166,2.520328501998159,7.21608691253452,0.9378504671434452,53.955225909601154,1.1985369940706367,1.1985369940706367,140142859.14685914,18.766649480106555,2.7832091994349617,57.72985689105554
ceil,tau q2 a 0.7 reserve 0.25,test,28.658408364673484,1641.9856461767429,1.957862955314682,7.253835113245846,0.9451227432055564,54.10364070209671,1.2786087369420702,1.2786087369420702,140880054.6860917,14.663731330397995,2.6197667138630343,59.861961581620015
ceil,tau q2 a 0.7 reserve 0.5,train,28.771198340312285,1642.89683838961,1.961635824449411,7.094218415511214,0.9490181792896258,54.15428716633549,1.103522528141614,1.103522528141614,134599058.94775608,14.74650271763343,2.4278319669547512,58.22908159172012
ceil,tau q2 a 0.7 reserve 0.5,val,28.42097188675505,1637.1567548619917,2.515285749822398,7.212934366259268,0.9372581506370768,53.94416414651139,1.1921887084300076,1.1921887084300076,140083938.41101658,18.72368307983157,2.797769531653983,57.73697045257342
ceil,tau q2 a 0.7 reserve 0.5,test,28.636698856710915,1641.5802419049116,1.9506197736705195,7.250155626257937,0.9444346899469964,54.09067142397365,1.271173271173271,1.271173271173271,140812980.52715188,14.595743762410429,2.6349186071926964,59.86846586134183
ceil,tau q2 a 0.7 reserve 1.0,train,28.727385170843807,1642.021310523122,1.9521963601985777,7.086367151907123,0.947651725164266,54.12685963446338,1.0878330214737593,1.0878330214737593,134459085.82506162,14.678190620452048,2.459931149321252,58.25037594034321
ceil,tau q2 a 0.7 reserve 1.0,val,28.3878381637156,1636.5025057711948,2.5072393812634544,7.207007720716923,0.93622297413313,53.92365186201327,1.1804159147546618,1.1804159147546618,139976438.48130962,18.676420039529088,2.8234777384447813,57.75165961506593
ceil,tau q2 a 0.7 reserve 1.0,test,28.59723285441271,1640.7600754614775,1.940486133148376,7.2430263611316095,0.9431983450033974,54.06495409955721,1.2569822153155483,1.2569822153155483,140681787.53198653,14.526677026677024,2.6657255342695856,59.88535954487557
ceil,tau q2 a 0.7 reserve 2.0,train,28.65627465730072,1640.6018924780458,1.941955028725303,7.073776039033363,0.9454586327663264,54.082874524272285,1.0630253348777807,1.0630253348777807,134235745.09929016,14.612106091657015,2.512479109888992,58.2900482918867
ceil,tau q2 a 0.7 reserve 2.0,val,28.32757556620232,1635.28503455843,2.493762379377815,7.196215643749918,0.9343359127202356,53.88526823148332,1.1588790066168255,1.1588790066168255,139778398.94869813,18.58404227893787,2.8703516624734817,57.77921718411536
ceil,tau q2 a 0.7 reserve 2.0,test,28.524852529850225,1639.3144339872538,1.925056313437499,7.230155735235527,0.9409335157253248,54.019730995923496,1.2313303979970645,1.2313303979970645,140446976.8956229,14.40796857463524,2.7168972535906346,59.91776082458579
ceil,tau q2 a 1.0 reserve 0.0,train,28.96213376702995,1646.934947268257,2.050925491554206,7.127965727424856,0.9551342913209772,54.28372119767089,1.1725028958389023,1.1725028958389023,135218072.40131873,15.726632807627192,2.2898315696086367,58.18482793879776
ceil,tau q2 a 1.0 reserve 0.0,val,28.562431814627008,1639.8753166333408,2.575663452974941,7.236066764478731,0.9417767878513044,54.03117789540163,1.23920469193091,1.23920469193091,140505659.15244478,19.317693563633235,2.69676897677321,57.70594696742226
ceil,tau q2 a 1.0 reserve 0.0,test,28.77087976240257,1644.1372431314594,2.009339265902151,7.272454743920036,0.9487011469682324,54.1722889087629,1.3163040663040662,1.3163040663040662,141220496.19943023,15.124535957869288,2.541655522185505,59.83862809705992
ceil,tau q2 a 1.0 reserve 0.25,train,28.890013772696403,1645.3525202082924,2.007386075933974,7.114977594266963,0.9528309599470308,54.23270609248191,1.1459354302177076,1.1459354302177076,134975530.30348393,15.2796340847664,2.342336212137212,58.19549315820338
ceil,tau q2 a 1.0 reserve 0.25,val,28.494015580824435,1638.571536540919,2.5401445113281604,7.22528010255362,0.9396152103896512,53.989786674160094,1.2174851765919048,1.2174851765919048,140310566.809487,18.99329724155709,2.7431079601592474,57.715242446592846
ceil,tau q2 a 1.0 reserve 0.25,test,28.71256544379082,1643.0596026102803,1.980323227311072,7.263226103919036,0.946860509745544,54.13818658897437,1.297763964430631,1.297763964430631,141053042.04912373,14.889277389277389,2.5809944844786394,59.847666188838566
ceil,tau q2 a 1.0 reserve 0.5,train,28.84441397324937,1644.4481845495927,1.986416753967127,7.107312794257009,0.951373297550178,54.20373529429644,1.1302533487778077,1.1302533487778077,134837170.3090677,15.007870741631766,2.3737959965354154,58.20466489776455
ceil,tau q2 a 1.0 reserve 0.5,val,28.467148329436675,1638.0753676677284,2.529143019839152,7.220895602672812,0.938745345553942,53.973748955826125,1.2084300077339518,1.2084300077339518,140231571.02414712,18.852582280656524,2.760896784928992,57.720995693891446
ceil,tau q2 a 1.0 reserve 0.5,test,28.685364947390813,1642.5483516464042,1.96863817190144,7.258713624751742,0.9459868283341436,54.12169223798686,1.2885262885262885,1.2885262885262885,140969889.4440128,14.753302253302254,2.599500150513008,59.85395576271904
ceil,tau q2 a 1.0 reserve 1.0,train,28.78947944909501,1643.290613860228,1.9670242508049327,7.097661203122239,0.9495960214702364,54.16665603589388,1.1104354153672518,1.1104354153672518,134660790.0427693,14.789569039769518,2.414967752475698,58.221106255227646
ceil,tau q2 a 1.0 reserve 1.0,val,28.43262416072817,1637.3843189749853,2.51860898565284,7.215068016892939,0.9376241879240992,53.951329207148525,1.1964531236573,1.1964531236573,140124228.96253332,18.75053708000344,2.788675924371279,57.73188207171939
ceil,tau q2 a 1.0 reserve 1.0,test,28.6500562913713,1641.8347346007704,1.9550462850887191,7.252582712704477,0.9448585127384744,54.09879777076651,1.276072692739359,1.276072692739359,140856805.74963307,14.63783130449797,2.625902643673326,59.86399456740463
ceil,tau q2 a 1.0 reserve 2.0,train,28.724523431784267,1641.9769494057275,1.9517971551399536,7.086026715084871,0.9475622716022196,54.12545937711919,1.0871499005019454,1.0871499005019454,134453055.61638302,14.676705574861144,2.4616050045909263,58.25122072842938
ceil,tau q2 a 1.0 reserve 2.0,val,28.385626230013973,1636.4698732924862,2.5070893473629567,7.2067802315142,0.936153171344362,53.922620724115305,1.1799540259517056,1.1799540259517056,139972859.71066427,18.67427171951534,2.824985065366894,57.75224482768101
ceil,tau q2 a 1.0 reserve 2.0,test,28.59483982203921,1640.7105517701905,1.9401394498476687,7.24271849857962,0.9431245678084936,54.063435990779375,1.2563778813778812,1.2563778813778812,140676926.7396184,14.526677026677026,2.6676069373968043,59.88613008165379
ceil,tau q3 a 0.5 reserve 0.0,train,27.882325205723088,1613.2694842585197,1.942844645857728,6.834768629078126,0.919768235643086,53.18091283989421,0.5593052956725773,0.5593052956725773,129833931.29543497,14.623986456384207,3.623091496255183,58.96527213163295
ceil,tau q3 a 0.5 reserve 0.0,val,27.53408173607877,1609.041904734484,2.490238642590195,6.951268050276018,0.9081809841529064,53.02747925436136,0.6431318209160436,0.6431318209160436,135159227.81885368,18.56363323880725,3.62875445357744,58.40892534477382
ceil,tau q3 a 0.5 reserve 0.0,test,27.69394122773556,1611.6523542238476,1.925817579904032,6.971676311560004,0.9135219567885312,53.11496160041092,0.6868471035137701,0.6868471035137701,135570356.33747736,14.413364413364413,3.516904228156378,60.58244413843391
ceil,tau q3 a 0.5 reserve 0.25,train,27.857454459698765,1612.898236567676,1.9385490631251785,6.831553925488062,0.918981070047124,53.16920307122391,0.5528007959844368,0.5528007959844368,129775902.60649262,14.597998158543469,3.636695225837146,58.97333194823389
ceil,tau q3 a 0.5 reserve 0.25,val,27.517028266464337,1608.810645477126,2.487681091514105,6.949162745421667,0.907642355116866,53.02002966193479,0.6388566640886827,0.6388566640886827,135119364.17126408,18.54215003866976,3.6384599517929175,58.4139558321189
ceil,tau q3 a 0.5 reserve 0.25,test,27.67404542917281,1611.361064130094,1.9207617696639387,6.969175813137635,0.9128863625455318,53.10550686475405,0.6817102650435983,0.6817102650435983,135522824.41224203,14.368039368039366,3.528805715879749,60.5870565149946
ceil,tau q3 a 0.5 reserve 0.5,train,27.835934041699847,1612.575123050759,1.9357610530780145,6.82882469469631,0.9183086053486036,53.15907360023712,0.5473432534378806,0.5473432534378806,129725468.8043007,14.572009860702725,3.648547808038175,58.98139847662774
ceil,tau q3 a 0.5 reserve 0.5,val,27.50298518519017,1608.5966721762984,2.485769037820037,6.947395595413431,0.9071963763870562,53.0130891757332,0.6352474864655839,0.6352474864655839,135084807.11618116,18.53140843860101,3.647936475659871,58.41831005166424
ceil,tau q3 a 0.5 reserve 0.5,test,27.65371479058404,1611.0451568648778,1.917291918970557,6.966630544678366,0.9122430626273624,53.09537301624064,0.6765410515410517,0.6765410515410517,135474012.08849174,14.335664335664337,3.541023218646608,60.59301598705247
ceil,tau q3 a 0.5 reserve 1.0,train,27.79921017959365,1612.0378505621193,1.932420894330003,6.824148816719584,0.9171766822267902,53.14239524435225,0.5381136950904393,0.5381136950904393,129639325.90412548,14.557159404793726,3.668229778429695,58.9970787126861
ceil,tau q3 a 0.5 reserve 1.0,val,27.47290389819248,1608.1564938103534,2.48109635945449,6.943632437745858,0.9062407407402938,52.99887559102073,0.6275672424164305,0.6275672424164305,135013224.3356535,18.49918363839477,3.667230209898632,58.4272697263096
ceil,tau q3 a 0.5 reserve 1.0,test,27.617226345222893,1610.502261264814,1.91209300332102,6.962026880701282,0.9110908548512788,53.07801311144927,0.6672062505395839,0.6672062505395839,135388775.80669948,14.293576793576792,3.5615639652701705,60.60404572713852
ceil,tau q3 a 0.5 reserve 2.0,train,27.7371100726249,1611.1299542120494,1.9277681148889163,6.816264929127327,0.91527102004212,53.1144865513002,0.5226098191214471,0.5226098191214471,129496201.41809976,14.528201015771185,3.7023671179551614,59.02469295723014
ceil,tau q3 a 0.5 reserve 2.0,val,27.420419666402307,1607.3509422768773,2.475162822087582,6.937088298970798,0.9045769287144736,52.9728363392385,0.6142369167311162,0.6142369167311162,134887305.94302657,18.458365558133536,3.6990223787180216,58.44457633492655
ceil,tau q3 a 0.5 reserve 2.0,test,27.55525898807824,1609.6318948028393,1.9052574416017016,6.95438032414249,0.9091557995822735,53.05032827827259,0.6518604851938186,0.6518604851938186,135244895.85366488,14.238539238539236,3.5983820149487986,60.625353156422015
ceil,tau q3 a 0.7 reserve 0.0,train,27.938053111844724,1614.106184209332,1.955450574098151,6.841810131229849,0.921576909320894,53.20791622073171,0.5739255695149842,0.5739255695149842,129963297.7100597,14.75095785440613,3.593186336869922,58.95348120164496
ceil,tau q3 a 0.7 reserve 0.0,val,27.56739849551066,1609.5778617744354,2.4981223778275417,6.955430431820609,0.9092744944817606,53.04528270264754,0.6518969665721406,0.6518969665721406,135240760.2181834,18.63882443928847,3.603558489371768,58.4013693080596
ceil,tau q3 a 0.7 reserve 0.0,test,27.727332763479176,1612.1775622627704,1.9352287656387943,6.9758474760355496,0.9146042131397896,53.13227759205257,0.6955236121902789,0.6955236121902789,135650743.77354744,14.501856168522831,3.4932115895739435,60.57548177445271
ceil,tau q3 a 0.7 reserve 0.25,train,27.90398008443193,1613.5932416397227,1.947199214001336,6.837557933402805,0.9204688207780348,53.19128859956177,0.5650598473373132,0.5650598473373132,129885255.52977516,14.6596275505658,3.612232148243072,58.95986869237475
ceil,tau q3 a 0.7 reserve 0.25,val,27.547075939682745,1609.245282436763,2.492947991001808,6.952895629596162,0.9086003541088258,53.03414804168534,0.64650468333763,0.64650468333763,135191765.17667785,18.58619059895161,3.6200951656812417,58.40549866180259
ceil,tau q3 a 0.7 reserve 0.25,test,27.708205225696293,1611.8750370869031,1.9297145547708108,6.973478866392211,0.913979672406263,53.12224307239384,0.6905594405594406,0.6905594405594406,135605451.11991712,14.448976948976943,3.507278046576328,60.57916075128024
ceil,tau q3 a 0.7 reserve 0.5,train,27.879267655504083,1613.22190268673,1.9423076202134144,6.834425510965819,0.9196704595040188,53.17943527774256,0.5585998990168999,0.5585998990168999,129828277.48035286,14.62027384240696,3.624683252529207,58.96590540868208
ceil,tau q3 a 0.7 reserve 0.5,val,27.53252516780913,1609.0259833108398,2.490063612629565,6.951087196866564,0.9081307119311464,53.0269371776637,0.6427558649136376,0.6427558649136376,135156099.05061442,18.5614849187935,3.6298608614082215,58.40933155314299
ceil,tau q3 a 0.7 reserve 0.5,test,27.69180548911093,1611.6278795280327,1.925370229198988,6.971433377180243,0.9134541123094988,53.1141567587308,0.6863506863506865,0.6863506863506865,135566629.85936287,14.406889406889404,3.518380731576866,60.58282202097996
ceil,tau q3 a 0.7 reserve 1.0,train,27.84626949291012,1612.7382288010094,1.936915493679913,6.830162764302682,0.9186325770631428,53.16421294388497,0.5500237607294545,0.5500237607294545,129750400.9409249,14.58389022542992,3.642415547983901,58.97737313451227
ceil,tau q3 a 0.7 reserve 1.0,val,27.509508732150813,1608.699519848576,2.4869194373472587,6.948222874084546,0.9074019904777182,53.01641728575081,0.6369231760763084,0.6369231760763084,135101633.38283062,18.540001718656008,3.6433382316146585,58.41620047695367
ceil,tau q3 a 0.7 reserve 1.0,test,27.662893403592328,1611.1962940458627,1.9189087546857413,6.96779348641983,0.912530444159204,53.100158829020025,0.6788828455495124,0.6788828455495124,135496765.26538894,14.351851851851851,3.5359289779255394,60.59006968583168
ceil,tau q3 a 0.7 reserve 2.0,train,27.793590414877013,1611.957628911144,1.9319385074749469,6.82346004879941,0.9170027307452956,53.13991798469214,0.5367474531468116,0.5367474531468116,129626876.92387658,14.554189313611928,3.671529999207796,58.99936187885347
ceil,tau q3 a 0.7 reserve 2.0,val,27.46726466554228,1608.0736999812607,2.480427844841336,6.94293579259155,0.9060620015574172,52.99620015546722,0.6261493512073558,0.6261493512073558,135000543.6507691,18.49166451834665,3.670521823618484,58.42894420956301
ceil,tau q3 a 0.7 reserve 2.0,test,27.611444118284865,1610.4198791578835,1.911529477039124,6.961331187683864,0.91090636271878,53.07534730877013,0.6657817491150825,0.6657817491150825,135375585.29715964,14.290339290339288,3.5645270107639906,60.60582309788818
ceil,tau q3 a 1.0 reserve 0.0,train,28.02834438296229,1615.4538227962985,1.9932012910157395,6.853577150410943,0.9244632432509248,53.25173019365357,0.5981243874186938,0.5981243874186938,130186454.58166268,15.16157296028988,3.547425735223635,58.94313414132748
ceil,tau q3 a 1.0 reserve 0.0,val,27.64393813901597,1610.7214946498048,2.5287795267559723,6.965167857175634,0.911729156867222,53.08247539571715,0.671940792300421,0.671940792300421,135422313.08962792,18.995445561570847,3.558106843004834,58.39160294293957
ceil,tau q3 a 1.0 reserve 0.0,test,27.794151814533915,1613.1440624750344,1.961543426092062,6.984222476383223,0.9167446364962184,53.16365941704175,0.7127471294137961,0.7127471294137961,135809872.98273334,14.783518950185616,3.4549096621612763,60.56668694445465
ceil,tau q3 a 1.0 reserve 0.25,train,27.97428310412924,1614.6342939564352,1.969375296382457,6.846517291475528,0.9227443043645684,53.22518372500032,0.5836748938192403,0.5836748938192403,130052235.97136831,14.938073598859484,3.575647522764756,58.9486372533156
ceil,tau q3 a 1.0 reserve 0.25,val,27.588471119343858,1609.8791386127318,2.50515907589359,6.95814139571443,0.909960891776452,53.05513923672752,0.6575577898083698,0.6575577898083698,135289937.6229269,18.736572999914063,3.589478534812647,58.39794554365754
ceil,tau q3 a 1.0 reserve 0.25,test,27.74708543660822,1612.45030509267,1.9417836870471747,6.97831525883453,0.9152446453974544,53.14120008772457,0.7006496589829923,0.7006496589829923,135698309.3859967,14.582793749460416,3.4813443729652547,60.5721843415726
ceil,tau q3 a 1.0 reserve 0.5,train,27.93893130304104,1614.1236782849044,1.9558046955115,6.84195403999694,0.921614309044426,53.20863925392478,0.5743042561406636,0.5743042561406636,129968163.67614126,14.756898036769728,3.5915492091680123,58.95332896932471
ceil,tau q3 a 1.0 reserve 0.5,val,27.566706517389022,1609.5643606474575,2.497850719966427,6.955364629394318,0.9092527103897728,53.04484053012444,0.6517680673713157,0.6517680673713157,135239831.8841626,18.636676119274725,3.604457123629187,58.40135092861448
ceil,tau q3 a 1.0 reserve 0.5,test,27.726660767320325,1612.1772128283158,1.9351845366875136,6.975774089100057,0.9145839299633588,53.13227122892529,0.6953833203833205,0.6953833203833205,135650292.77104378,14.502935336268669,3.4935086217634046,60.57557971533176
ceil,tau q3 a 1.0 reserve 1.0,train,27.893676853143297,1613.4393595285578,1.944951418666265,6.836283568812841,0.920134980821902,53.18636570218456,0.5624164661855119,0.5624164661855119,129862752.45270132,14.640321957884105,3.61708819984006,58.96189024262671
ceil,tau q3 a 1.0 reserve 1.0,val,27.54068611709881,1609.1517433316608,2.49152924021242,6.952113947087937,0.9083922581577438,53.03103417655112,0.6448719601271806,0.6448719601271806,135176959.83896193,18.57330067886912,3.6244938461408633,58.40682751321768
ceil,tau q3 a 1.0 reserve 1.0,test,27.701451102485013,1611.773951470473,1.927846347074564,6.972642427710473,0.9137609243395968,53.11889387513021,0.6888219804886472,0.6888219804886472,135589341.60096693,14.434947768281098,3.5121954824319555,60.580576971041175
ceil,tau q3 a 1.0 reserve 2.0,train,27.84317873989365,1612.691853314523,1.9365749361280904,6.82979817912081,0.9185372056188116,53.162781089101394,0.549303513617868,0.549303513617868,129743862.11310108,14.577207520270871,3.644183111312279,58.97847368878139
ceil,tau q3 a 1.0 reserve 2.0,val,27.50771858461473,1608.6757644454271,2.4867421320075023,6.948004306342899,0.9073456020059636,53.015649507232695,0.6364827704734898,0.6364827704734898,135097546.65137064,18.540001718656008,3.6445794915672622,58.416795398356086
ceil,tau q3 a 1.0 reserve 2.0,test,27.66038401726997,1611.156954660004,1.918514619118472,6.967497682886059,0.9124520898599824,53.098894163108575,0.6782893032893034,0.6782893032893034,135491548.90632826,14.349693516360182,3.537523660890132,60.59073689295951
blind,blind tau q0 a 0.5 reserve 0.0 link now,train,28.961442476425407,1661.141714756634,2.343540460110883,16.464160315082793,0.955050939038016,54.74707850438262,21.07192818319524,1.9804865009355792,274585609.5376756,17.416614690070983,1.6162283520627088,38.76268392748637
blind,blind tau q0 a 0.5 reserve 0.0 link now,val,28.6855690066305,1657.9060943842471,2.871405423258353,16.390909133556853,0.9457569409283666,54.63042390903372,20.72865644066341,2.21795780699493,274019639.8179944,21.2919996562688,1.8859736100428883,40.00506957123697
blind,blind tau q0 a 0.5 reserve 0.0 link now,test,28.92353589383092,1663.687219278999,2.308504369313148,16.997407067286577,0.9537098177910854,54.823344521594095,22.028587153587164,2.364931364931365,283304737.4735388,17.201933868600534,1.6649003284725286,41.04312678138098
blind,blind tau q0 a 0.5 reserve 0.25 link now,train,28.93849454459741,1660.5812614943666,2.2755062836573803,16.396040619188064,0.9543461032527932,54.72973259234153,20.93909085508926,1.967670557486115,273621497.16819626,16.932489827437703,1.636097401311815,38.92248149931024
blind,blind tau q0 a 0.5 reserve 0.25 link now,val,28.666086755323366,1657.4542087084817,2.818697914882892,16.33425833247447,0.9451524792111348,54.61628605543245,20.617652745552988,2.2070013749248094,273227297.1850993,20.90530205379393,1.9054124445933505,40.12522072255239
blind,blind tau q0 a 0.5 reserve 0.25 link now,test,28.900841307357783,1663.1858157348304,2.2404622263558105,16.928069554971678,0.952996719489868,54.80745776650672,21.891932141932152,2.352143227143228,282330444.26012266,16.76271259604593,1.685492112649183,41.18761524667271
blind,blind tau q0 a 0.5 reserve 0.5 link now,train,28.913911006220328,1660.020480296997,2.2205179349604403,16.32851587645263,0.9535834269012796,54.71224683970479,20.80836971695032,1.9548397635807424,272675655.1001812,16.538952745849294,1.6571495099725373,39.09171003287948
blind,blind tau q0 a 0.5 reserve 0.5 link now,val,28.64798065535285,1657.0443372188588,2.773516457375964,16.276185204874615,0.9445908879450436,54.60345208258283,20.504296640027505,2.196807596459569,272430758.5452436,20.59594397181404,1.922685061978526,40.25471714967188
blind,blind tau q0 a 0.5 reserve 0.5 link now,test,28.87731404282016,1662.6435545832658,2.181287090136449,16.85925171340178,0.9522622141606712,54.79041959048925,21.756712423379103,2.3389557972891306,281366530.77043945,16.363420530087193,1.7073200441228202,41.338960649424486
blind,blind tau q0 a 0.5 reserve 1.0 link now,train,28.87034953041797,1659.0472398602749,2.1376799288440287,16.195343218518417,0.9522494021088372,54.682357936232,20.55152365677628,1.9321111408120235,270833282.85372305,15.933054144762242,1.6960153607904216,39.44813117191748
blind,blind tau q0 a 0.5 reserve 1.0 link now,val,28.61440205490176,1656.2395209166966,2.7011825797558,16.157738540553673,0.9435438888930412,54.578199663321456,20.27391080175304,2.17623743232792,270826411.65197223,20.06745724843172,1.95585880235414,40.53647800541267
blind,blind tau q0 a 0.5 reserve 1.0 link now,test,28.83330246276524,1661.6439062738284,2.0919631948624127,16.723371867494187,0.9508853690400751,54.75895491325328,21.49120478287146,2.314124147457481,279502103.8931192,15.761244927911592,1.7471762521571836,41.65761189425351
blind,blind tau q0 a 0.5 reserve 2.0 link now,train,28.78697218582884,1657.1448915087738,2.0443039174599726,15.936851271818632,0.9497153736813968,54.62445151575013,20.055176868929884,1.8863791618402688,267280171.8872554,15.27295137960735,1.7725928650065677,40.19816369218755
blind,blind tau q0 a 0.5 reserve 2.0 link now,val,28.54632735343048,1654.6626871530823,2.608524584627768,15.918881070958683,0.9414458921844694,54.52924970749373,19.811893099596123,2.13553750966744,267569295.7896365,19.33273180372948,2.021242889143565,41.16448913652532
blind,blind tau q0 a 0.5 reserve 2.0 link now,test,28.748225868357835,1659.732197383836,1.9872325697145097,16.45873048378487,0.9482673840828192,54.69967916509044,20.977175602175613,2.262291720625054,275856469.8657516,14.881723215056546,1.8294251253232487,42.34604567664991
blind,blind tau q0 a 0.7 reserve 0.0 link now,train,29.0029433296751,1662.2443275024311,2.531154588698009,16.647300891202256,0.956357593380029,54.78163084797935,21.433878345065207,2.0059104814517807,276890368.424426,18.871216846357186,1.5759889441185315,38.41928449693356
blind,blind tau q0 a 0.7 reserve 0.0 link now,val,28.72141944328768,1658.7491962689105,3.015465109823703,16.537964581713474,0.9469023059546732,54.65730172412239,21.01960342012548,2.239516198332904,275858095.97619665,22.478946463865253,1.8541902221906768,39.7495547734434
blind,blind tau q0 a 0.7 reserve 0.0 link now,test,28.96102114855578,1664.6680833925402,2.4809626113553964,17.172922503568493,0.9549046611290852,54.85455433309405,22.3766619183286,2.3902918069584738,285504213.11128384,18.43110593110593,1.628792267814107,40.73669724492182
blind,blind tau q0 a 0.7 reserve 0.25 link now,train,28.977520327225253,1661.622414430634,2.444987710671937,16.59377558404841,0.9555501600605244,54.761901331224266,21.327742136683607,1.9933618462086788,276080476.47022486,18.16730523627076,1.599543612614012,38.5201639712356
blind,blind tau q0 a 0.7 reserve 0.25 link now,val,28.70113429002092,1658.297481436085,2.9496953139461106,16.494646627328596,0.9462448296130984,54.6426936498935,20.933380596373645,2.229322419867664,275213066.6057404,21.869897739967342,1.8716973483728727,39.8247796776972
blind,blind tau q0 a 0.7 reserve 0.25 link now,test,28.94188940708348,1664.2183205221197,2.4066993233742178,17.12078564663128,0.9542852813314076,54.8400080353746,22.272738064404745,2.379532504532505,284747088.91021323,17.847276180609512,1.6463713860435178,40.82718946004088
blind,blind tau q0 a 0.7 reserve 0.5 link now,train,28.958095706501403,1661.15386536645,2.378588505130085,16.542501245465044,0.9549384623961736,54.747153871753255,21.226981793341068,1.9830482045798807,275337248.33318484,17.65570703020583,1.6179876933028787,38.62735691048077
blind,blind tau q0 a 0.7 reserve 0.5 link now,val,28.684191139032595,1657.9498400838345,2.8992717411540743,16.453236448202315,0.945708247927317,54.631580609372136,20.851411446249045,2.2205572742115667,274616704.4663573,21.48964509753372,1.8866175454893943,39.9032151474461
blind,blind tau q0 a 0.7 reserve 0.5 link now,test,28.92413030068624,1663.805896560785,2.344031042278848,17.070414641747657,0.9537187583569514,54.82685443381462,22.172796339463016,2.3690537857204528,284020191.21246654,17.411292411292408,1.6623726787836604,40.923060873741285
blind,blind tau q0 a 0.7 reserve 1.0 link now,train,28.92266516022792,1660.3361930466328,2.279583896364582,16.444978642536313,0.9538371948083788,54.72168585829161,21.036665775639324,1.9636757848465949,273953513.4377618,16.942142623778548,1.6502835201364463,38.85407905878855
blind,blind tau q0 a 0.7 reserve 1.0 link now,val,28.657015969344307,1657.3221308647348,2.8217936040271674,16.37481107973693,0.9448594671947464,54.61185711109872,20.69682907965972,2.204971212511816,273499879.4410931,20.934304373979547,1.913106088291069,40.066350676599534
blind,blind tau q0 a 0.7 reserve 1.0 link now,test,28.88939470674288,1662.9963861505853,2.244124346737045,16.974096178633577,0.9526310405234744,54.80128336290805,21.98242035742037,2.3493913493913494,282633174.2093586,16.769187602520933,1.695727478772869,41.123961604799696
blind,blind tau q0 a 0.7 reserve 2.0 link now,train,28.85903008919861,1658.9104540767996,2.1478460630746907,16.25271843060223,0.951881817530328,54.67776787914898,20.6653746770026,1.9300543526686271,271303341.48201615,15.996168582375477,1.705663601848274,39.35373457849083
blind,blind tau q0 a 0.7 reserve 2.0 link now,val,28.60737350598057,1656.176816614071,2.7115149612255234,16.210568285177914,0.9433133659898184,54.57594982901362,20.37648234080949,2.1762052075277136,271262664.8087996,20.1233135687892,1.961575219318792,40.44487242800242
blind,blind tau q0 a 0.7 reserve 2.0 link now,test,28.825729823780428,1661.579182904857,2.103419623422821,16.781029882725207,0.9506382752706372,54.75665388691234,21.603535353535364,2.313519813519814,279966095.1074851,15.821678321678322,1.753768997487284,41.561823128224326
blind,blind tau q0 a 1.0 reserve 0.0 link now,train,29.06648119330156,1663.8818498502708,2.8404417310087298,16.813692526251643,0.9583983826100916,54.83451826666568,21.768451691466936,2.0407125248745137,279243631.65071726,21.500490065045,1.519555143036232,38.18460093218917
blind,blind tau q0 a 1.0 reserve 0.0 link now,val,28.7811902711747,1660.3535206564245,3.266425042750666,16.67333409852681,0.94880334646166,54.709010167445896,21.29141960986509,2.2732340809486984,277788002.27833635,24.44251095643207,1.8059607011811944,39.57214434722194
blind,blind tau q0 a 1.0 reserve 0.0 link now,test,29.01705165619176,1666.1168553114542,2.743291771402564,17.330315657405407,0.9566735064427854,54.90098843375812,22.69267460934129,2.423022964689632,287609924.1408962,20.38979538979539,1.584513691213323,40.5333920765304
blind,blind tau q0 a 1.0 reserve 0.25 link now,train,29.02352168458793,1662.8344499293862,2.6852221737448065,16.758475381274884,0.9570198001338808,54.80042836826779,21.65661290801629,2.0210950726187296,278299692.9013633,20.132763075826425,1.5566475845950207,38.25183773732134
blind,blind tau q0 a 1.0 reserve 0.25 link now,val,28.74343966638917,1659.3729193900765,3.134866651359649,16.626433175422996,0.9476060752501518,54.67730930102849,21.196915012460263,2.254618888029561,276991649.7458967,23.436023029990544,1.8344121698333744,39.62369810628239
blind,blind tau q0 a 1.0 reserve 0.25 link now,test,28.98047067166843,1665.2330830803903,2.613768879864504,17.279506155041897,0.9555204239176698,54.8725115226017,22.590045756712435,2.405033238366572,286804648.2945697,19.4368902702236,1.6131584592271135,40.58663466302349
blind,blind tau q0 a 1.0 reserve 0.5 link now,train,29.00014878182882,1662.2574640894634,2.592812878616288,16.71507520221364,0.9562705619194466,54.78186576277355,21.56976744186048,2.009496866553804,277611067.3720039,19.31227538685437,1.578804534811686,38.319445897195145
blind,blind tau q0 a 1.0 reserve 0.5 link now,val,28.7245366276455,1658.9097982327332,3.06047894868669,16.59100556951627,0.9469944261743972,54.66222413874735,21.12583784480537,2.244672166365902,276431146.23210454,22.75607974563891,1.848977120287004,39.67436629472914
blind,blind tau q0 a 1.0 reserve 0.5 link now,test,28.96374427846121,1664.8209859148585,2.5350934937178136,17.23842510595832,0.95498064155048,54.85910851647525,22.50721963221964,2.395158853492187,286189409.98057497,18.75053958387291,1.6251887093489508,40.64302857183996
blind,blind tau q0 a 1.0 reserve 1.0 link now,train,28.96596832494992,1661.431472755947,2.465208108194013,16.639287288996783,0.9551795036445048,54.75563932187957,21.41914669280348,1.9914090112566456,276455237.7017435,18.23784490183849,1.61115476637044,38.45819636755272
blind,blind tau q0 a 1.0 reserve 1.0 link now,val,28.695302839113648,1658.2768621195328,2.9653440405469342,16.530565518939184,0.9460511378303988,54.64182291422475,21.0050915184326,2.229494285468764,275509207.07716763,21.940792300421062,1.8750516454280453,39.77829018396695
blind,blind tau q0 a 1.0 reserve 1.0 link now,test,28.934903272673505,1664.141044551189,2.4257626316158034,17.164749696700643,0.9540520637514456,54.83724284842601,22.36003194336529,2.379079254079254,285109388.8635069,17.91094707761374,1.6522912545000863,40.76727167941831
blind,blind tau q0 a 1.0 reserve 2.0 link now,train,28.916102506140504,1660.2830865172944,2.3044795683696693,16.498553660025,0.9536217419604416,54.71975266360953,21.14338115180137,1.9637351866702308,274444601.3246607,17.112922866732006,1.6564638450300393,38.76777120864621
blind,blind tau q0 a 1.0 reserve 2.0 link now,val,28.65486532575663,1657.333798005337,2.8410075165384434,16.417281233276285,0.9447826081682984,54.612053438773984,20.78067800979635,2.2063998453209592,273887619.5100112,21.08039013491449,1.9142637281463728,40.00089385639651
blind,blind tau q0 a 1.0 reserve 2.0 link now,test,28.88766987050725,1663.0235985547358,2.270467884461874,17.02505492284609,0.952571288040677,54.80203439062606,22.08348441681776,2.3507834757834765,283099153.00725204,16.928904428904428,1.6982128829467966,41.04753466635303
blind,blind tau q1 a 0.5 reserve 0.0 link now,train,28.95091982200618,1661.3797898810446,2.3221686997591475,15.04506552974029,0.9547121730850432,54.755308330390406,18.04620719356085,1.94613739641807,264445833.36446,17.255487243458372,1.5943587287475978,40.18625877902868
blind,blind tau q1 a 0.5 reserve 0.0 link now,val,28.68356828027381,1658.1941915901114,2.8497400021232475,14.936531478099443,0.945709187921115,54.64044806560939,17.632379479247234,2.2042300421070724,263513776.10191628,21.1265790152101,1.868495478872117,41.399665244997216
blind,blind tau q1 a 0.5 reserve 0.0 link now,test,28.9208275257882,1664.0224636936175,2.2794293769029377,15.467034693674982,0.9536308345475254,54.83480238815762,18.7686048519382,2.3508806008806014,272308330.0290944,17.003367003367003,1.6458998391289608,42.49567646301082
blind,blind tau q1 a 0.5 reserve 0.25 link now,train,28.92778180013359,1660.8092488116083,2.2586163781131186,14.985818656708192,0.9540018360195732,54.73766834307484,17.93038106269863,1.9332991772847428,263537368.9090855,16.78695535952954,1.6148538377355417,40.33580277890073
blind,blind tau q1 a 0.5 reserve 0.25 link now,val,28.663432362067137,1657.746670363614,2.8002583508718915,14.888517490184872,0.9450833125343244,54.62642182876687,17.538089713843778,2.193166194036264,262781461.93314427,20.765661252900227,1.8884195287258645,41.50967333245822
blind,blind tau q1 a 0.5 reserve 0.25 link now,test,28.89748370444116,1663.4970937939145,2.214637576185783,15.407758858548958,0.9528993199759752,54.81817379012522,18.651687818354493,2.338016921350256,271397206.2136752,16.59436242769576,1.6673579544313628,42.62979443763326
blind,blind tau q1 a 0.5 reserve 0.5 link now,train,28.90324322272394,1660.2556394066255,2.207149807566431,14.926402021959396,0.953238305537011,54.72041965861828,17.815119249160958,1.920557486114824,262644174.24301285,16.432771986099972,1.6354806965956126,40.494710560570006
blind,blind tau q1 a 0.5 reserve 0.5 link now,val,28.64438227059657,1657.3071087723338,2.757777608609963,14.838809576275882,0.944489898552882,54.61262523269162,17.44078155882101,2.1824460771676555,262041670.34802783,20.472415571023458,1.9065851055487035,41.62902835856046
blind,blind tau q1 a 0.5 reserve 0.5 link now,test,28.87485031725497,1662.9824043554872,2.1591792852965503,15.34955872552875,0.9521902685645818,54.80198785539551,18.537317620650963,2.3253582836916173,270503751.2542519,16.212337045670377,1.6879799081653255,42.76980918222149
blind,blind tau q1 a 0.5 reserve 1.0 link now,train,28.85988261509375,1659.2763738228873,2.1275728722685696,14.810176312631786,0.951911355793476,54.69032683947862,17.590803112655564,1.8979996435890585,260906079.8466839,15.872909798330806,1.6745882066262852,40.82960304899609
blind,blind tau q1 a 0.5 reserve 1.0 link now,val,28.61051448613343,1656.5126563860774,2.6887246532972244,14.738029335216163,0.9434351382967072,54.58769965873453,17.244349918363845,2.162434476239581,260547823.99862507,19.95681876772364,1.9399554475809189,41.8887553844789
blind,blind tau q1 a 0.5 reserve 1.0 link now,test,28.82995972480163,1661.9635301352853,2.0775446087556606,15.233392225745307,0.9507903766977804,54.769971294710246,18.310249935249946,2.300213675213675,268775174.51385653,15.622032288698955,1.7284566828802626,43.06609877980814
blind,blind tau q1 a 0.5 reserve 2.0 link now,train,28.777599169500395,1657.3947472477587,2.0384488733991186,14.583477398744376,0.9494211770954027,54.63322271578588,17.15505361014584,1.852861682853664,257552852.5583177,15.23582523983486,1.7507830777077142,41.53527822733541
blind,blind tau q1 a 0.5 reserve 2.0 link now,val,28.541352812369983,1654.8926689717775,2.601287779201418,14.532428716452268,0.9412963807615292,54.53721935024585,16.846663659018652,2.1207678095729143,257499182.58124945,19.282246283406373,2.006796027995444,42.47582771305425
blind,blind tau q1 a 0.5 reserve 2.0 link now,test,28.74548716322509,1660.040589162222,1.9820682709361503,15.006372264371668,0.9482023910296312,54.71046342194614,17.86958257791592,2.249082707416041,265388388.1540188,14.838556505223169,1.809558095137584,43.70872442620244
blind,blind tau q1 a 0.7 reserve 0.0 link now,train,28.99341417905876,1662.5339575571682,2.496653477388642,15.192760224315355,0.9560493451862644,54.79148688486692,18.338144881047857,1.9716579048976808,266550622.2766937,18.655142712881283,1.5518317231074548,39.87611436232544
blind,blind tau q1 a 0.7 reserve 0.0 link now,val,28.722875942752378,1659.123561398976,2.981871697724764,15.053360907329408,0.9469598485123348,54.669997709662354,17.863893185528923,2.2278185958580394,265180182.9975939,22.202887342098474,1.831017809435192,41.17079722476912
blind,blind tau q1 a 0.7 reserve 0.0 link now,test,28.96085226662744,1665.062032206,2.439738326321268,15.60775426538979,0.954902806201682,54.867784555773895,19.048249589916264,2.37761158594492,274308702.39229906,18.18289734956402,1.6066857684782616,42.22161411335919
blind,blind tau q1 a 0.7 reserve 0.25 link now,train,28.96854870511233,1661.9198299787342,2.41457087447755,15.145448158435144,0.9552604882955984,54.772051711132825,18.2440449671805,1.9592874751254865,265782715.46859133,17.943805874840358,1.5750194133571669,39.971186504349625
blind,blind tau q1 a 0.7 reserve 0.25 link now,val,28.701543287632884,1658.6536195588494,2.920666413776884,15.015574619606427,0.946268465495837,54.65479560911423,17.788530119446598,2.2171951533900494,264571383.80888548,21.63250837844805,1.8503158307509016,41.2418328525276
blind,blind tau q1 a 0.7 reserve 0.25 link now,test,28.94123666378533,1664.603631870612,2.369584311513994,15.562912545460463,0.95426901510537,54.85299020709228,18.95848441681776,2.3664961581628248,273596867.0570664,17.555900889234223,1.624704587250572,42.305782771450126
blind,blind tau q1 a 0.7 reserve 0.5 link now,train,28.94963628117729,1661.464186562863,2.3528740080054327,15.10051914417688,0.9546662048335468,54.75775159620024,18.15559565178652,1.9494044967180493,265084907.72045505,17.464136148979772,1.5928191379337844,40.07164284802367
blind,blind tau q1 a 0.7 reserve 0.5 link now,val,28.6839326601254,1658.2848847946916,2.8738937859734,14.97998457348541,0.9457158100539804,54.64309265228988,17.71788261579446,2.208064793331615,264012645.08808115,21.28877717624817,1.866353919708372,41.31549720101992
blind,blind tau q1 a 0.7 reserve 0.5 link now,test,28.92349695014792,1664.1994600675334,2.311565825634684,15.518893449393758,0.9537071336935328,54.84014056540424,18.871039454372795,2.356146939480273,272915592.7573168,17.204092204092202,1.640595790422264,42.39591101245422
blind,blind tau q1 a 0.7 reserve 1.0 link now,train,28.91544884058061,1660.6470527563547,2.260562540021182,15.01441481394234,0.9536072691959226,54.73233501532807,17.987399388161222,1.930529567257715,263777972.49956936,16.80329086102943,1.6247223507817137,40.286041697169686
blind,blind tau q1 a 0.7 reserve 1.0 link now,val,28.655568162102163,1657.627148594886,2.800378168889537,14.911484775540652,0.9448322661692472,54.62242815395816,17.582635129328875,2.1916945948268456,262960665.00592932,20.76566125290023,1.895082488611025,41.46872657623936
blind,blind tau q1 a 0.7 reserve 1.0 link now,test,28.888894256077148,1663.398299245421,2.2165520943160884,15.434281838930724,0.9526225607813265,54.8148749754933,18.70354182854184,2.336765086765087,271609578.87455755,16.581412414745746,1.6736221341932451,42.583603563681
blind,blind tau q1 a 0.7 reserve 2.0 link now,train,28.850952839189663,1659.1909990380054,2.136576188721341,14.84720228430788,0.951622053918066,54.68741805916007,17.6638228043601,1.8967299296088391,261279945.8419912,15.921916302830496,1.6814448703560758,40.75429250462106
blind,blind tau q1 a 0.7 reserve 2.0 link now,val,28.60440306520976,1656.4493017143636,2.696545856427764,14.771299277083177,0.9432293335418576,54.5852823483342,17.308423562773918,2.162412993039444,260876447.53347087,19.996562687978,1.9453474278006784,41.8181957901537
blind,blind tau q1 a 0.7 reserve 2.0 link now,test,28.82390376085128,1661.9329557956617,2.0878973441631308,15.27115073968569,0.9505919806555784,54.76879410054104,18.38356859190193,2.3004403004403007,269139019.15816283,15.69433652766986,1.7321293572156902,42.99115773252381
blind,blind tau q1 a 1.0 reserve 0.0 link now,train,29.057705276576485,1664.182151001336,2.789526268639741,15.332612801440904,0.9581120702598752,54.84467403331494,18.619605571891064,2.006133238290416,268737638.7317117,21.153731919569925,1.4944672098438734,39.66215574626604
blind,blind tau q1 a 1.0 reserve 0.0 link now,val,28.783438816173334,1660.7435001622114,3.2154129690493383,15.167989140752402,0.9488911656208144,54.72227189491267,18.09406419180202,2.261729827275071,266974351.3380597,24.123485434390304,1.78181723385841,41.006556311564566
blind,blind tau q1 a 1.0 reserve 0.0 link now,test,29.01638981680682,1666.530501878565,2.6879097310991416,15.736717819636306,0.9566613375980568,54.91489706973665,19.30747647414315,2.409835534835535,276236000.9526029,20.00992834326168,1.561976977472707,42.04164765135925
blind,blind tau q1 a 1.0 reserve 0.25 link now,train,29.01562069016084,1663.1579011635504,2.639691318110117,15.28128471263628,0.9567625108959772,54.81136026563428,18.51539249754968,1.9868573465205384,267826973.54741755,19.800112863464907,1.5301753382800063,39.72646281070639
blind,blind tau q1 a 1.0 reserve 0.25 link now,val,28.74571060837029,1659.7644339034512,3.0900084177100924,15.12492622336907,0.9476947680107806,54.69061369315364,18.007078714445313,2.2431253759560024,266207276.6848845,23.136332388072525,1.810560158923484,41.05660654546351
blind,blind tau q1 a 1.0 reserve 0.25 link now,test,28.98002472290268,1665.6498832840584,2.562654082668511,15.691765583398697,0.9555144562368628,54.886515731888274,19.21657817491152,2.392234308900976,275474386.7192437,19.099110765777432,1.5900999187400575,42.09046493122947
blind,blind tau q1 a 1.0 reserve 0.5 link now,train,28.99322802102694,1662.6028417958207,2.5509523516846624,15.242083873535236,0.9560470813311296,54.79355301552508,18.436811310107228,1.975674953221064,267167048.545784,19.01823635985625,1.5516325546169922,39.79090552730682
blind,blind tau q1 a 1.0 reserve 0.5 link now,val,28.72772989409816,1659.319303782523,3.020829321466787,15.093116192740371,0.9471115671465736,54.67609425906869,17.943209160436545,2.233414969493856,265679492.09641665,22.48646558391337,1.824461453684256,41.1048008181766
blind,blind tau q1 a 1.0 reserve 0.5 link now,test,28.96432346988921,1665.2471601538366,2.487334526620192,15.656131600150328,0.9550042686668384,54.87338907808945,19.144813519813525,2.3829642579642583,274899794.78338945,18.476430976430976,1.6015068654525788,42.14203486488217
blind,blind tau q1 a 1.0 reserve 1.0 link now,train,28.959970144489954,1661.799136525676,2.430852862108285,15.173977511946363,0.9549874233151516,54.76804901052987,18.30127862425377,1.958210817072084,266071926.6982684,18.01508806320354,1.583298925064602,39.92328451562448
blind,blind tau q1 a 1.0 reserve 1.0 link now,val,28.6975854905804,1658.6632589823455,2.931959629649717,15.03791594808212,0.9461385763725444,54.65495647980374,17.83290366933059,2.217742974993555,264798152.1332818,21.687290538798656,1.8523015922844488,41.205243158071184
blind,blind tau q1 a 1.0 reserve 1.0 link now,test,28.937085631375187,1664.6002826796555,2.384434247568252,15.591654534938469,0.9541290880344718,54.85264565463944,19.01576664076665,2.3672299922299924,273889174.09177244,17.64870931537598,1.6268753666475566,42.25775563369189
blind,blind tau q1 a 1.0 reserve 2.0 link now,train,28.910491678485062,1660.639441983783,2.2815410979256514,15.051384297778814,0.953444299739102,54.73190248789607,18.0607383646678,1.931249814369301,264191698.4770561,16.948082806142146,1.6287898351673606,40.21357910411718
blind,blind tau q1 a 1.0 reserve 2.0 link now,val,28.65414602856154,1657.6657083098562,2.816323028905569,14.940423484212356,0.9447782519654068,54.62345577325706,17.639662284093845,2.1934669588381888,263273181.6018734,20.89993125375956,1.8943330533443663,41.416158213554176
blind,blind tau q1 a 1.0 reserve 2.0 link now,test,28.888604468651305,1663.462824052919,2.241012214418011,15.469931785951305,0.9526102541196458,54.81682072079095,18.77406544073212,2.3389557972891306,272000893.74868345,16.738970905637572,1.673609129579669,42.52072382789108
blind,blind tau q2 a 0.5 reserve 0.0 link now,train,28.913930922651804,1658.1000647305525,2.26301265806429,12.439948969080149,0.9533550999351076,54.64928631318056,12.501499896046813,1.8999376280851823,237637125.54925892,16.844872137574622,1.791531362432972,43.92016445472776
blind,blind tau q2 a 0.5 reserve 0.0 link now,val,28.69862833989098,1656.4444664219611,2.796963717965624,12.363488905291858,0.9462489189038524,54.5859751546774,12.155570593795654,2.163229354644668,238134663.63495743,20.762438772879605,1.9218687191981485,44.72844990320534
blind,blind tau q2 a 0.5 reserve 0.0 link now,test,28.94397318465603,1662.3661897696657,2.213825204135844,12.753944870741636,0.9544732685125435,54.78421311584964,12.992877492877495,2.311016144349478,245640138.5269792,16.49184149184149,1.693848683972386,45.99464311883696
blind,blind tau q2 a 0.5 reserve 0.25 link now,train,28.89088659359125,1657.5501159872526,2.209096875396803,12.39648559827797,0.9526487856272168,54.632270477009406,12.41592414387122,1.8873073153345803,236869441.91018444,16.446137396418067,1.8103144872020425,44.04289517791333
blind,blind tau q2 a 0.5 reserve 0.25 link now,val,28.678559192350964,1655.990424457769,2.75318720827364,12.328879244671976,0.945627766854099,54.57174619980128,12.087114376557537,2.152090315373378,237514827.02612355,20.434819970782847,1.9409105044490136,44.81896015728127
blind,blind tau q2 a 0.5 reserve 0.25 link now,test,28.91979329101652,1661.8604280757547,2.162270608771053,12.711497196554964,0.9537155886372424,54.7682606906013,12.908756367089705,2.2981092981092983,244889655.50789943,16.17888284554951,1.714381189450372,46.10382901637316
blind,blind tau q2 a 0.5 reserve 0.5 link now,train,28.865794752547256,1656.9944421324149,2.163875733651052,12.35374419402518,0.9518696630679164,54.61496532139835,12.332286376191751,1.874372568237845,236122447.5789005,16.14541566426089,1.830348649251962,44.17106001679704
blind,blind tau q2 a 0.5 reserve 0.5 link now,val,28.6584348714192,1655.5327864704475,2.7170848726934542,12.2944864021572,0.9450036304788988,54.557387202824536,12.019324138523675,2.140886826501676,236903671.59671736,20.16627996906419,1.959675676027571,44.91495350357329
blind,blind tau q2 a 0.5 reserve 0.5 link now,test,28.89587445556345,1661.320899881494,2.1177479944497404,12.67026937062666,0.9529651691105469,54.75125472838191,12.827149702149706,2.28493265993266,244149923.80177844,15.875636708970044,1.7363700029086797,46.21722403537731
blind,blind tau q2 a 0.5 reserve 1.0 link now,train,28.82351412038528,1656.0422757764518,2.0959029160234635,12.271055214995869,0.9505765062180732,54.58574511702474,12.171515340520957,1.8521191600582136,234673082.94591463,15.65906323324126,1.867197318786262,44.44194738405675
blind,blind tau q2 a 0.5 reserve 1.0 link now,val,28.62216515970685,1654.7067318110758,2.659520930857372,12.22545041459887,0.943876538499435,54.53153434927554,11.884130360058435,2.120058863968377,235689252.3340208,19.726948526252468,1.994768973113001,45.12241103410935
blind,blind tau q2 a 0.5 reserve 1.0 link now,test,28.85134804065392,1660.3315355337627,2.052742219136667,12.59005992985152,0.9515703826486308,54.72016963639452,12.669440127773465,2.25971250971251,242729766.1301908,15.405119571786232,1.7750332170169023,46.454682784235175
blind,blind tau q2 a 0.5 reserve 2.0 link now,train,28.740458569827265,1654.1733530106778,2.020745090726177,12.109807291570894,0.9480580206464634,54.52879848970621,11.860368588315664,1.8069514984110016,231891003.41679296,15.132614571267336,1.9395766845095617,45.01905577970802
blind,blind tau q2 a 0.5 reserve 2.0 link now,val,28.54974717494533,1653.0674869380966,2.5845993609448112,12.07962484307931,0.9416331583694696,54.48040599021736,11.60102474864656,2.077124688493598,233156032.4648105,19.151198762567667,2.0620346008663626,45.60163343215137
blind,blind tau q2 a 0.5 reserve 2.0 link now,test,28.76173854059705,1658.3604774910743,1.9723003313573115,12.429067613986453,0.9488160631670848,54.65892805748887,12.355985064318398,2.2070922904256234,239922146.11024776,14.7673314339981,1.8569158383018312,46.97948892775666
blind,blind tau q2 a 0.7 reserve 0.0 link now,train,28.959531857597288,1659.257318769097,2.403142814681404,12.529857511226025,0.954794596965114,54.68574807493434,12.680455314978172,1.9270545605750096,239269388.02869108,17.980932014612847,1.7481070765763285,43.69279112941447
blind,blind tau q2 a 0.7 reserve 0.0 link now,val,28.74116434991376,1657.4258140938157,2.904536818654719,12.436529830429672,0.9476003358288804,54.617185713838296,12.30109779152703,2.1876127868007216,239444688.432328,21.65076909856492,1.8835361489069824,44.55439077936671
blind,blind tau q2 a 0.7 reserve 0.0 link now,test,28.987978153650023,1663.4499015212689,2.3403427289267773,12.840188942508158,0.9558672578489156,54.81859182223714,13.164465164465168,2.3392040058706725,247171283.7894328,17.472804972804973,1.6530066883081735,45.79050825091659
blind,blind tau q2 a 0.7 reserve 0.25 link now,train,28.934628952051007,1658.6615131382318,2.334958691653929,12.493902964043489,0.9540063857828156,54.66692598041537,12.608571683150672,1.914854911045769,238612095.79310343,17.364638094389495,1.7700823424314702,43.77326715740444
blind,blind tau q2 a 0.7 reserve 0.25 link now,val,28.719797163933816,1656.958105552711,2.8515030630171,12.407085967642988,0.9469131917601372,54.60211971471191,12.24198676634872,2.177010827532869,238909417.6224113,21.14054309529948,1.901673214003356,44.6161263184938
blind,blind tau q2 a 0.7 reserve 0.25 link now,test,28.96792467169596,1662.9812672699309,2.28102397138977,12.80734833054143,0.9552204137982644,54.80348419919772,13.098711473711475,2.3281749115082446,246575958.10144177,16.95264611931278,1.671610994548523,45.86003170229285
blind,blind tau q2 a 0.7 reserve 0.5 link now,train,28.91595724653914,1658.2129791115894,2.283659061389252,12.4611823986141,0.953420885145562,54.65283568061196,12.543682616056314,1.9050090587781043,238024444.2445573,16.962933262051145,1.787436953491233,43.855653826639134
blind,blind tau q2 a 0.7 reserve 0.5 link now,val,28.70223771346892,1656.5913524141654,2.811356548344555,12.380379320644366,0.9463607393440217,54.59047128029911,12.18884807080863,2.1680415914754665,238431076.7581851,20.83977829337458,1.91722961757652,44.67901800808782
blind,blind tau q2 a 0.7 reserve 0.5 link now,test,28.94974293578624,1662.5831318077735,2.233333529138566,12.775139378677626,0.9546448210108844,54.79088054002472,13.034598117931454,2.3176961926961925,246005600.31503063,16.618104118104114,1.6867727909620338,45.93497510574928
blind,blind tau q2 a 0.7 reserve 1.0 link now,train,28.881475225255866,1657.4206698929474,2.206777595124388,12.398776809179031,0.952352258714562,54.62819434305674,12.420720841129825,1.886089577950043,236922941.24547803,16.423861712554576,1.81686022904285,44.030922495788026
blind,blind tau q2 a 0.7 reserve 1.0 link now,val,28.6735519046197,1655.9308851475994,2.7496900450503614,12.33082478178114,0.945467632124574,54.56972156334992,12.090734295780702,2.152047348973104,237545742.5335568,20.39722437054224,1.945003302346751,44.80836451302188
blind,blind tau q2 a 0.7 reserve 1.0 link now,test,28.91395394883934,1661.8004957670762,2.1571898757435704,12.713245104873804,0.9535287215982804,54.76629299423356,12.911896745230084,2.298066131399465,244914584.97237328,16.137874471207805,1.7189142321135955,46.09210305299678
blind,blind tau q2 a 0.7 reserve 2.0 link now,train,28.81825281818491,1656.0134015789,2.099195554031664,12.278861519914916,0.9504072663311652,54.58477385577622,12.186907838070631,1.8526686269268469,234828983.54563543,15.677626303127504,1.8702298193935447,44.41119875151213
blind,blind tau q2 a 0.7 reserve 2.0 link now,val,28.620137817461483,1654.7291332289522,2.662332379611304,12.233854725904042,0.9438054036383644,54.53208456861633,11.900017186560111,2.1216701039786887,235833018.78121507,19.743060926355582,1.9959520339094443,45.09030930703892
blind,blind tau q2 a 0.7 reserve 2.0 link now,test,28.849977947730324,1660.3824534902224,2.056745273370216,12.59850250426123,0.9515237193024432,54.72170796252584,12.685401018734352,2.26179530346197,242880275.2343089,15.431019597686262,1.7739802492380374,46.421685992540695
blind,blind tau q2 a 1.0 reserve 0.0 link now,train,29.02617823849994,1660.9136466893724,2.6499078440045443,12.625657420630748,0.9569316608633464,54.739269341490605,12.874224063678758,1.9621387626600133,241062553.3663014,20.19513499064421,1.6895065786018255,43.52611784235791
blind,blind tau q2 a 1.0 reserve 0.0 link now,val,28.803849744914363,1659.068422897028,3.1082166307386823,12.517592495167785,0.9495945214166996,54.6700868465016,12.46481051817479,2.222383346223254,240950242.2286672,23.31249462919996,1.83279509262092,44.42336990849825
blind,blind tau q2 a 1.0 reserve 0.0 link now,test,29.044255326915312,1664.884943960314,2.5420315714649533,12.920078201507046,0.9576477671052728,54.864642571685984,13.326113701113703,2.371255287921955,248652738.9245446,19.08939825606492,1.6079244428580504,45.66353294670678
blind,blind tau q2 a 1.0 reserve 0.25 link now,train,28.984195307091813,1659.9041717277742,2.515005049247544,12.582900726320847,0.9555883927999278,54.7065106195286,12.787282069559538,1.9433752116189968,240246936.91502568,18.93952894353856,1.724506198425686,43.58322133016711
blind,blind tau q2 a 1.0 reserve 0.25 link now,val,28.766663952205416,1658.103983428504,2.9918810153096795,12.480362807917874,0.9484176768850032,54.63893321170493,12.38925410329123,2.20382186130446,240241686.57660908,22.43168342356277,1.8614735559256623,44.468250547234
blind,blind tau q2 a 1.0 reserve 0.25 link now,test,29.008536111149525,1664.0260650426412,2.4338744538290893,12.885139476281468,0.95652440903542,54.837076021074,13.255104463437798,2.353880687214021,247994190.19295523,18.24333074333074,1.6361046996764617,45.7051069895977
blind,blind tau q2 a 1.0 reserve 0.5 link now,train,28.96122616907799,1659.343300028148,2.437859121820805,12.551713132871532,0.9548539162489366,54.68850811527504,12.724486916748344,1.9320814399002053,239668468.78992543,18.239329947429383,1.746020638132002,43.63901263650847
blind,blind tau q2 a 1.0 reserve 0.5 link now,val,28.747688417636503,1657.6421591468477,2.930606379720071,12.454793699014983,0.9478038250901248,54.62390294916367,12.337447366159669,2.1939825556414885,239768237.9381284,21.83659877975423,1.8757952611647,44.51120670129463
blind,blind tau q2 a 1.0 reserve 0.5 link now,test,28.992690454421226,1663.6330070270783,2.372146469538462,12.860177759076874,0.9560078273581252,54.8241909716429,13.204448329448333,2.3447509280842613,247528863.74471205,17.678926012259343,1.64801182440792,45.74541363711565
blind,blind tau q2 a 1.0 reserve 1.0 link now,train,28.92847778655779,1658.5634956411177,2.339125819507833,12.500121263107047,0.9538099102776484,54.663761376144286,12.621105467937868,1.9149885651489504,238736321.67851737,17.344589978912353,1.7756238101577813,43.75105667583943
blind,blind tau q2 a 1.0 reserve 1.0 link now,val,28.717948029623315,1656.995431024149,2.855121761344477,12.412981294821432,0.9468497056934788,54.60314559018875,12.253566211222829,2.178708000343732,239010735.63538712,21.146988055340724,1.902511974494864,44.598235541092464
blind,blind tau q2 a 1.0 reserve 1.0 link now,test,28.966000326947945,1663.0107666958477,2.2872759142189305,12.814878057444194,0.9551502985176868,54.80426233100769,13.113388155054826,2.3298799965466634,246708376.25848228,16.979625312958643,1.6722762874471944,45.83685620123646
blind,blind tau q2 a 1.0 reserve 2.0 link now,train,28.88051351444817,1657.477533638258,2.220925630613483,12.411207706919566,0.9523202091318432,54.62993569735707,12.44542457453444,1.888591879770709,237163427.7092281,16.528557426713,1.817119800997948,43.99191555715444
blind,blind tau q2 a 1.0 reserve 2.0 link now,val,28.675224984511512,1656.0284030407545,2.758599004039328,12.340952770422351,0.9455185219651292,54.57275974914059,12.11055254790754,2.1548831313912524,237722834.8493598,20.4874538111197,1.9421669793955847,44.7779686934313
blind,blind tau q2 a 1.0 reserve 2.0 link now,test,28.917252509865108,1661.939175289599,2.169502629373647,12.72567492915172,0.9536290363726092,54.77069254927992,12.936102477769149,2.301875593542261,245129490.9475956,16.230682897349563,1.714340231659477,46.05606035420514
blind,blind tau q3 a 0.5 reserve 0.0 link now,train,28.1980068380342,1632.9561731579631,2.121061013420253,9.60050590740838,0.9296269415383251,53.81956329899042,6.453674002791886,1.0838902254299208,185811843.9970893,15.914491074875995,2.908339270390674,51.24657279374154
blind,blind tau q3 a 0.5 reserve 0.0 link now,val,27.85626568383734,1628.0349261631968,2.685387430227302,9.760444285350816,0.9182924026697342,53.64292554739961,6.615783707141016,1.2195368222050358,191684528.3752685,19.904184927386783,3.178253711233168,50.917079478146725
blind,blind tau q3 a 0.5 reserve 0.0 link now,test,28.04385090349727,1631.979063893059,2.108017668532477,9.978723005131016,0.9245950164737208,53.77528110452774,7.084239834239836,1.3048001381334715,196114312.6025209,15.79469912803246,3.029347768201653,52.5875886898191
blind,blind tau q3 a 0.5 reserve 0.25 link now,train,28.17808263293956,1632.5202036820333,2.0854825833279294,9.575399794211366,0.9290172457634036,53.80609281324836,6.403850723217204,1.0753363628263388,185347013.3980813,15.650895482491311,2.923291309349644,51.31514964038851
blind,blind tau q3 a 0.5 reserve 0.25 link now,val,27.838926465230543,1627.6715475009785,2.6565446043303167,9.739298636035477,0.9177541344643176,53.63152180402837,6.573494027670363,1.212082151757326,191287070.50167567,19.69364956603935,3.1913397349780896,50.9713234100976
blind,blind tau q3 a 0.5 reserve 0.25 link now,test,28.024997729989444,1631.6061141182413,2.072801404890764,9.95439275260674,0.9240080019939,53.76358026754576,7.035774410774412,1.2968790468790472,195658494.24510053,15.557282223948889,3.043126341471688,52.6493108892535
blind,blind tau q3 a 0.5 reserve 0.5 link now,train,28.15629199985509,1632.0728969414358,2.058589805821387,9.551171894373743,0.928340228715251,53.79213612358996,6.3560471056461445,1.0664335145088957,184901746.36015323,15.459324601265257,2.9386919933367195,51.387215439082354
blind,blind tau q3 a 0.5 reserve 0.5 link now,val,27.82332921150991,1627.344082043119,2.631952086961355,9.719284312580774,0.9172699869507496,53.621247306311815,6.533556758614765,1.2053686517143596,190910231.554954,19.49922660479505,3.204363779961979,51.02561902369019
blind,blind tau q3 a 0.5 reserve 0.5 link now,test,28.00630505062481,1631.2153705735554,2.044959325366768,9.930893112920328,0.9234271561547496,53.75135981061633,6.989035655702324,1.2888824138824142,195216265.91116288,15.355477855477856,3.05686607747038,52.71408209952367
blind,blind tau q3 a 0.5 reserve 1.0 link now,train,28.11903121277075,1631.3299032363936,2.0188724293080105,9.504460063379735,0.9271980419761962,53.76926716118208,6.264375241319909,1.0514642549526272,184050195.9548546,15.15489025513083,2.9657269573795983,51.53787310786444
blind,blind tau q3 a 0.5 reserve 1.0 link now,val,27.79234272058223,1626.6943150007778,2.5944264491796285,9.680282087833952,0.9163033326043428,53.60082562838471,6.455937956518002,1.1920061012288392,190184286.37535447,19.236057403110763,3.2284329439415465,51.137803575509984
blind,blind tau q3 a 0.5 reserve 1.0 link now,test,27.969387128940244,1630.5027393722276,2.0022904530502443,9.88662243343351,0.9222797262614264,53.7290353148125,6.901385651385652,1.2740546490546492,194396011.72899932,15.048994215660882,3.08094380936906,52.842111295456974
blind,blind tau q3 a 0.5 reserve 2.0 link now,train,28.05194817552796,1629.9689717839506,1.9756821018100807,9.418194937649131,0.9251559592486372,53.7276918723363,6.096513112952568,1.0238349817339394,182488296.43796965,14.848970863405505,3.013783291889158,51.84691871556535
blind,blind tau q3 a 0.5 reserve 2.0 link now,val,27.733647394520425,1625.5354168162812,2.5445369620407896,9.602285904705743,0.9144846054748784,53.56455962114525,6.302322333934863,1.1677408266735414,188742798.0905732,18.91058692102776,3.270088759157337,51.38992793126086
blind,blind tau q3 a 0.5 reserve 2.0 link now,test,27.89915343776843,1629.143789713506,1.9496232542621823,9.80099428741847,0.9201336803154102,53.68704520563147,6.733423983423984,1.2454674954674958,192823309.2179919,14.6043771043771,3.134125529348468,53.12068369849254
blind,blind tau q3 a 0.7 reserve 0.0 link now,train,28.237253133515665,1633.847140588883,2.2052740253128964,9.646836119876928,0.9308645326530952,53.84767462690901,6.546756660429477,1.1005301612759513,186691234.3846268,16.63845080043957,2.8755905432475264,51.13783581382204
blind,blind tau q3 a 0.7 reserve 0.0 link now,val,27.89202814821133,1628.755510296942,2.752341257817178,9.799792916512546,0.9194350009455242,53.66602194205088,6.69534673885022,1.2340272406977746,192430952.9086534,20.519678611325936,3.149493099270518,50.829461030083245
blind,blind tau q3 a 0.7 reserve 0.0 link now,test,28.078251036103765,1632.702602779749,2.1831352813363325,10.019111123445755,0.9256893812427716,53.79831168353611,7.165425623758958,1.318958818958819,196875559.51912284,16.359103859103858,3.0027803595388978,52.49989222771097
blind,blind tau q3 a 0.7 reserve 0.25 link now,train,28.215468881937063,1633.3386120297023,2.158852727900054,9.623553631030225,0.9301754942422296,53.83159114806635,6.499903472036592,1.0916644390982804,186247317.0031185,16.206302533487776,2.893591170108973,51.18887677230032
blind,blind tau q3 a 0.7 reserve 0.25 link now,val,27.87422806237841,1628.3767835960014,2.715279465306086,9.780513334934664,0.918857146903622,53.6537344634164,6.65619360659964,1.2265725702500645,192063652.9033256,20.15231588897482,3.163777641819665,50.86910074047911
blind,blind tau q3 a 0.7 reserve 0.25 link now,test,28.06213197670952,1632.3602005272935,2.1439748588913496,10.00043524929635,0.9251709253300928,53.78727261563457,7.127687127687128,1.3123003539670206,196520900.79426748,16.02995769662436,3.01586781180545,52.53682026315585
blind,blind tau q3 a 0.7 reserve 0.5 link now,train,28.200266226391555,1632.985420533256,2.125037524382141,9.603829851367752,0.929701993608915,53.82054803250253,6.460527488193888,1.0849446077994596,185876757.3147405,15.93973684992129,2.9070900710727723,51.23783937803154
blind,blind tau q3 a 0.7 reserve 0.5 link now,val,27.85907248337952,1628.0907134557142,2.689382188767983,9.7637098491889,0.918378918107986,53.64458582146581,6.622325341582883,1.220503566211223,191744766.9429406,19.926742287531148,3.176011637555736,50.90881307989111
blind,blind tau q3 a 0.7 reserve 0.5 link now,test,28.04770243556933,1632.0651006461223,2.112673895428718,9.982571294795909,0.9247149354899036,53.77791183582987,7.0918803418803416,1.3061490978157646,196183569.59975824,15.816282482949148,3.026599811634909,52.57736125326563
blind,blind tau q3 a 0.7 reserve 1.0 link now,train,28.170229524224343,1632.3526086580675,2.0771253673560293,9.568466270916474,0.9287743163463767,53.80085693078108,6.390366509251836,1.072388547328403,185224401.9988714,15.588523567673525,2.929563815037366,51.33598968038819
blind,blind tau q3 a 0.7 reserve 1.0 link now,val,27.8346064197706,1627.5793839488251,2.649219136003519,9.733831420286071,0.9176225788503012,53.62861863660568,6.562602045200654,1.2099445733436454,191183912.501332,19.62812580562,3.19530812233222,50.98582013778776
blind,blind tau q3 a 0.7 reserve 1.0 link now,test,28.020265948184623,1631.49651509814,2.063206951091604,9.94778325694821,0.9238622996145128,53.76013889332034,7.022640939307607,1.2945804195804198,195532583.43158075,15.48929465596132,3.047149920285532,52.66660787956785
blind,blind tau q3 a 0.7 reserve 2.0 link now,train,28.11539269188816,1631.2572744769009,2.016355680446709,9.501098062523871,0.9270876142157394,53.767067396924325,6.258026671418813,1.050090587781045,183991754.20481747,15.131872048471887,2.969044673173442,51.5501816123639
blind,blind tau q3 a 0.7 reserve 2.0 link now,val,27.79062845344412,1626.6733197758565,2.592803900904966,9.678253512794976,0.9162515993520912,53.60014966834288,6.451877631692017,1.1913938300249207,190144085.5192919,19.2220933230214,3.229676861058664,51.14406315829572
blind,blind tau q3 a 0.7 reserve 2.0 link now,test,27.96844367914188,1630.4811128886276,2.0001747726867927,9.88421188225328,0.9222517247501204,53.72835588899584,6.896626521626524,1.2733639816973152,194349384.8136061,15.032806699473364,3.0817298741064376,52.84957696317903
blind,blind tau q3 a 1.0 reserve 0.0 link now,train,28.29838077579291,1635.2647458543138,2.373599337136336,9.704711205188724,0.9328133814086436,53.89339393050651,6.664595028067363,1.1266892393596484,187821868.71193084,18.33511538804241,2.824838985432352,51.050391113755765
blind,blind tau q3 a 1.0 reserve 0.0 link now,val,27.94531009938221,1630.0565084891657,2.899966556329031,9.850902770436004,0.9211315430589936,53.70806873843324,6.799508034716853,1.258260290452866,193427958.43903068,21.85808197989172,3.111961390745187,50.75756384300076
blind,blind tau q3 a 1.0 reserve 0.0 link now,test,28.129514002182265,1633.8636903490226,2.3197654139663606,10.066023120951478,0.9272942570882936,53.83536653353213,7.260554260554261,1.3414918414918418,197780361.8269878,17.54618837952171,2.968232514361761,52.43335088201303
blind,blind tau q3 a 1.0 reserve 0.25 link now,train,28.259904711037155,1634.3512433026224,2.26877026170644,9.673020746932147,0.9315931438968206,53.8639231918809,6.599928717811637,1.1105839199263416,187198841.2581306,17.26588256259467,2.8563053474157227,51.089893978675576
blind,blind tau q3 a 1.0 reserve 0.25 link now,val,27.91153517773917,1629.2067797936556,2.8056882790799254,9.822392919271676,0.92006423093936,53.68062047611439,6.741438944745209,1.242813869554009,192869769.1130876,21.06642605482512,3.13517905166381,50.789805389572415
blind,blind tau q3 a 1.0 reserve 0.25 link now,test,28.0974591865028,1633.1319630383402,2.235778246031421,10.040322087915785,0.9262980967742304,53.81205274243565,7.208376500043167,1.3273763273763275,197281933.52395752,16.86307519640853,2.9907718610448693,52.46332193311618
blind,blind tau q3 a 1.0 reserve 0.5 link now,train,28.239578111323965,1633.8621649538854,2.215305425593779,9.6526122327617,0.9309457521288252,53.84826387552727,6.558592473788947,1.1018592770798064,186800958.7923609,16.72755353589355,2.874493626345312,51.12503332810192
blind,blind tau q3 a 1.0 reserve 0.5 link now,val,27.89693892298267,1628.851741371664,2.761491307395288,9.805056250803482,0.9195896980801892,53.66901412717712,6.706045372518691,1.23603591991063,192532167.4409212,20.57660909169029,3.1452494808142286,50.818395514139056
blind,blind tau q3 a 1.0 reserve 0.5 link now,test,28.082784848565048,1632.7918745682907,2.1938368319333046,10.02412599855304,0.9258282096723072,53.80103585170973,7.175461883795218,1.3206639039972377,196968793.394112,16.42169558836225,2.9996630001792703,52.48987034965391
blind,blind tau q3 a 1.0 reserve 1.0 link now,train,28.21111332868626,1633.21616580407,2.1517042049447577,9.619938400371348,0.9300396902004844,53.827704544821685,6.492790103656184,1.0898601087053372,186183164.4054174,16.141703050283642,2.8988635937736915,51.19683874358151
blind,blind tau q3 a 1.0 reserve 1.0 link now,val,27.87236385192909,1628.3524332531726,2.710906496841032,9.77847073436112,0.91879598513164,53.6528720612937,6.652025865772966,1.2259065910458025,192022904.98633668,20.08894044856921,3.165016416374568,50.873337605720906
blind,blind tau q3 a 1.0 reserve 1.0 link now,test,28.059099854325822,1632.292631227801,2.138371909136497,9.997977607323342,0.9250733148261052,53.785034755922176,7.122766122766123,1.3108003108003112,196473188.48450315,15.98031598031598,3.0183244421437365,52.54139751430643
blind,blind tau q3 a 1.0 reserve 2.0 link now,train,28.17010001713148,1632.3572538489225,2.07887093674914,9.569553115473427,0.9287709163017424,53.801005614525096,6.392705456057501,1.072551902343402,185248993.7625709,15.598176364014371,2.929875499894977,51.333628097082425
blind,blind tau q3 a 1.0 reserve 2.0 link now,val,27.835162963007274,1627.5850243564903,2.6503868244828683,9.734889944275045,0.9176401878880804,53.62875081120031,6.564750365214403,1.2099660565437829,191202552.0425367,19.63886740568875,3.194302161388084,50.98306362594207
blind,blind tau q3 a 1.0 reserve 2.0 link now,test,28.021876931191827,1631.5314197931395,2.0649104185811336,9.948926175903264,0.9239112775205368,53.76116837822633,7.024907191573859,1.2950768367435035,195553541.7178624,15.505482172148838,3.045780841980872,52.663480804038215
blind,blind tau q4 a 0.5 reserve 0.0 link now,train,27.246855693988056,1613.2038551748788,2.006311030565294,7.893356486504592,0.8986769084537373,53.17491804077451,2.815282604175948,0.5985847515518726,150550422.72701892,15.095488431494848,3.7616364629135295,56.090716906833926
blind,blind tau q4 a 0.5 reserve 0.0 link now,val,26.548779963883497,1602.6208241506213,2.582758798440001,8.238034096279057,0.8747268971303093,52.80306809890361,3.379232190427086,0.6619618458365558,160028055.1710063,19.17483028271891,4.439621614554394,55.10198938248465
blind,blind tau q4 a 0.5 reserve 0.0 link now,test,26.64238269529538,1604.7896166790392,2.009963835890124,8.346127597609874,0.877848867768879,52.87564805869222,3.61026936026936,0.7066822066822068,162147190.4326168,15.092160925494255,4.380998680210748,57.05409097988127
blind,blind tau q4 a 0.5 reserve 0.25 link now,train,27.231818021429568,1612.8768905227528,1.9892868241581885,7.880997439806888,0.898216711553312,53.16484737517888,2.7905268941756507,0.5926965457839557,150322931.54830855,14.967774510677476,3.7722495184962135,56.12327941917326
blind,blind tau q4 a 0.5 reserve 0.25 link now,val,26.53797909218019,1602.3911963181586,2.567935303064657,8.22698287805774,0.8743944430798254,52.79587343916949,3.3567929878834755,0.6574933402079574,159820083.19945005,19.07063676205207,4.446008035107748,55.1283793881296
blind,blind tau q4 a 0.5 reserve 0.25 link now,test,26.632241212318103,1604.573735574314,1.9918220277408183,8.333693822209183,0.8775339101560332,52.86882597295067,3.585211085211085,0.7022899939566607,161917094.0058707,14.96589829923163,4.386721482653528,57.08317715395485
blind,blind tau q4 a 0.5 reserve 0.5 link now,train,27.21665125992088,1612.5596741191202,1.9770780128473835,7.869861940712707,0.8977501067566391,53.15504964087702,2.7683774391873825,0.587023671626719,150120217.22522202,14.8742166384508,3.782499786812648,56.155570546827335
blind,blind tau q4 a 0.5 reserve 0.5 link now,val,26.52795317297479,1602.1893547598938,2.554952195640007,8.216400025028188,0.8740846749114287,52.789513346751,3.3353312709461207,0.6533363409813526,159623555.1721234,18.977184841453983,4.45250863818071,55.15441102629002
blind,blind tau q4 a 0.5 reserve 0.5 link now,test,26.621465356884126,1604.339453991357,1.9753379286032904,8.321274072442352,0.877201793469865,52.86150969466061,3.5602283518950184,0.6976927393594061,161685883.78597948,14.82128982128982,4.392674530963944,57.11368991675427
blind,blind tau q4 a 0.5 reserve 1.0 link now,train,27.19222456298527,1612.059060090082,1.959794630776713,7.848564625377194,0.8970054531143727,53.13966574547536,2.726135317354242,0.5779500430663221,149732955.54201198,14.752442899997028,3.79948784069928,56.222438716291066
blind,blind tau q4 a 0.5 reserve 1.0 link now,val,26.51114998196796,1601.8292004698428,2.534037877739842,8.196187115242665,0.8735621421062217,52.77819424439915,3.29463134828564,0.6460213113345364,159251256.45484233,18.843989000601525,4.463890662575068,55.208167253692665
blind,blind tau q4 a 0.5 reserve 1.0 link now,test,26.59987501043628,1603.8912215658418,1.9520835503267635,8.298442164938283,0.876541637467463,52.84753771576852,3.5144716394716395,0.6890054390054392,161265434.88051456,14.64322714322714,4.403347164331082,57.17455736538738
blind,blind tau q4 a 0.5 reserve 2.0 link now,train,27.14545085510991,1611.096899694386,1.941924328050788,7.810688820839547,0.895587533440217,53.11036296212031,2.6516974071103983,0.5604116546377974,149050180.30455312,14.62250141079331,3.828880826309228,56.35447240884604
blind,blind tau q4 a 0.5 reserve 2.0 link now,val,26.47784987849822,1601.158547149446,2.505458819263181,8.156409667003773,0.8725332754387884,52.757133993482064,3.215132766176849,0.6317564664432415,158521739.5993813,18.63560195926785,4.481471369285569,55.32521080908636
blind,blind tau q4 a 0.5 reserve 2.0 link now,test,26.55940145917651,1603.089644122129,1.92334644936473,8.255175785277187,0.8753178879303379,52.82287717321866,3.428461970128636,0.6723215056548391,160473480.37814042,14.395018561685228,4.428211272764662,57.30464913563674
blind,blind tau q4 a 0.7 reserve 0.0 link now,train,27.275563446813145,1613.862846375211,2.050479463080237,7.916732263205417,0.8995830506536823,53.19568762824582,2.862707535121328,0.6096260655202115,150992846.8637025,15.547684813923784,3.739939009175489,56.04034695832967
blind,blind tau q4 a 0.7 reserve 0.0 link now,val,26.570779305243008,1603.066643677117,2.6196473824940814,8.258582520097505,0.8754323262132685,52.81748751795765,3.4213500042966394,0.6709633066941653,160413473.61287275,19.55293460513878,4.423653218402238,55.06072004596533
blind,blind tau q4 a 0.7 reserve 0.0 link now,test,26.661730313426062,1605.2154397590757,2.0517870794725552,8.36720154234857,0.8784678364336933,52.88938178933903,3.65315548648882,0.7149810066476734,162538203.2143659,15.491452991452991,4.368997331595489,57.01345884817867
blind,blind tau q4 a 0.7 reserve 0.25 link now,train,27.257972335932056,1613.4475026905652,2.022979848411391,7.903569452753716,0.8990250691386588,53.18255437619117,2.8359173126614983,0.6029804865009356,150740080.94603345,15.255130832516556,3.753010376119508,56.066844085621575
blind,blind tau q4 a 0.7 reserve 0.25 link now,val,26.55860855082016,1602.8098570279683,2.597380113372301,8.247638935403087,0.8750360725070077,52.80911997735943,3.398846352152616,0.6660329122626107,160205224.67912695,19.310174443585115,4.432610479866638,55.08164278278031
blind,blind tau q4 a 0.7 reserve 0.25 link now,test,26.65186262283144,1604.9978586803104,2.0276876586379964,8.356383289413614,0.8781462893961967,52.88224219119466,3.631043339376673,0.7106967106967108,162332405.96374,15.247561080894412,4.375066187867753,57.03298470816172
blind,blind tau q4 a 0.7 reserve 0.5 link now,train,27.24630738668662,1613.1799453681017,2.0054430350059804,7.893164344820304,0.8986614428010211,53.17419721203681,2.8149410436900406,0.5983174433455107,150544379.05355075,15.088805726335798,3.762059981896572,56.09157749397394
blind,blind tau q4 a 0.7 reserve 0.5 link now,val,26.549278261600843,1602.632120007449,2.583216858672458,8.23870519733752,0.8747421715882678,52.803411071052864,3.38057489043568,0.6622626106384808,160035955.9865945,19.178052762739537,4.439475898375496,55.10087879404369
blind,blind tau q4 a 0.7 reserve 0.5 link now,test,26.64302387345037,1604.8034640482113,2.010169184822348,8.346869015547181,0.8778671714576499,52.87604458219771,3.611769403436071,0.7069627902961236,162155138.3830614,15.09755676422343,4.380619701369361,57.05278896451656
blind,blind tau q4 a 0.7 reserve 1.0 link now,train,27.22493173784611,1612.7325947715972,1.9833566490025567,7.876237540200933,0.898005425183032,53.16038435900912,2.78106715376162,0.5901645430514717,150233388.9776946,14.926193234132285,3.7772837241354913,56.13721430329522
blind,blind tau q4 a 0.7 reserve 1.0 link now,val,26.53391577829245,1602.3107942804363,2.5621796143284934,8.222975046124281,0.8742701974469489,52.793358534612864,3.348672338231503,0.6557317177966829,159741605.18656012,19.02981868179084,4.448954739068212,55.138560525063134
blind,blind tau q4 a 0.7 reserve 1.0 link now,test,26.628184664002266,1604.4800053551078,1.98474020306804,8.32889630992117,0.8774071667727323,52.865874022029786,3.5755417422084093,0.700541742208409,161823118.76396447,14.900069066735728,4.389041830102481,57.09537767894517
blind,blind tau q4 a 0.7 reserve 2.0 link now,train,27.188557241157863,1611.9837285042145,1.9577713511616608,7.845882716569217,0.896894932207789,53.13737576421183,2.720907956874276,0.576635777718376,149681971.53227004,14.733879830110782,3.802146093566221,56.232104463242216
blind,blind tau q4 a 0.7 reserve 2.0 link now,val,26.509141099922218,1601.7892628472496,2.5316753745711256,8.194024398881627,0.8734993869908093,52.77692382324908,3.29025951705766,0.6452479161295868,159207828.19214576,18.825728280484658,4.464719879259708,55.214445592026784
blind,blind tau q4 a 0.7 reserve 2.0 link now,test,26.59809748045696,1603.8520854360756,1.9499706480027368,8.296202983613338,0.8764885819688679,52.84633399879544,3.509960718294051,0.6882608132608133,161219838.76137444,14.628118794785458,4.403976065934332,57.181278294437455
blind,blind tau q4 a 1.0 reserve 0.0 link now,train,27.320758872214835,1614.972186673773,2.159248488887342,7.952068718588159,0.901020838130347,53.2313625346402,2.935355965428138,0.6280926074430485,151683606.29071257,16.80700347500668,3.709202941561056,55.99561279732916
blind,blind tau q4 a 1.0 reserve 0.0 link now,val,26.61107894279283,1604.103432797384,2.717257452045611,8.290396091139016,0.8767126893228256,52.851030492323616,3.4869059895161985,0.6893744092119963,161029495.058864,20.56264501160092,4.398558535577672,55.02212273333426
blind,blind tau q4 a 1.0 reserve 0.0 link now,test,26.698078976879152,1606.0977981431015,2.1390532623954424,8.396312452185748,0.8796095713394475,52.91776776320077,3.712801087801088,0.7317404817404818,163094192.41526377,16.328887162220493,4.346591463089153,56.977512673604686
blind,blind tau q4 a 1.0 reserve 0.25 link now,train,27.290141259109003,1614.2156119160852,2.086187591848472,7.9304242705440755,0.9000523477989759,53.207070717122704,2.8907451958775128,0.6159152335976715,151256813.22474682,15.98725830883008,3.728426059429652,56.01906119201556
blind,blind tau q4 a 1.0 reserve 0.25 link now,val,26.58347085468063,1603.3762405568327,2.651758906197517,8.271255904989028,0.8758449793471659,52.82761396867459,3.4474950588639683,0.6766563547306007,160654727.00189054,19.975079487840507,4.416476063245251,55.04106125557432
blind,blind tau q4 a 1.0 reserve 0.25 link now,test,26.673397511820525,1605.5046117172212,2.0822332777433834,8.379290228245615,0.8788437333370883,52.89882052205734,3.6779115945782617,0.7207329707329707,162764412.7307261,15.828153328153324,4.362144869797967,56.9950087373932
blind,blind tau q4 a 1.0 reserve 0.5 link now,train,27.274918211844472,1613.8291673834494,2.052224454245952,7.918113317721123,0.8995670313476023,53.1946971315491,2.8655513974279003,0.6095146871008941,151015733.23229083,15.56847545219638,3.7401000190243696,56.03784454797034
blind,blind tau q4 a 1.0 reserve 0.5 link now,val,26.57295716406923,1603.1076055874298,2.622619429855249,8.260338505510424,0.8755001217871801,52.81875737124016,3.424937698719601,0.6717474434991837,160442548.96811897,19.579788605310647,4.421950401165782,55.057876203756656
blind,blind tau q4 a 1.0 reserve 0.5 link now,test,26.663392655668154,1605.2485591401278,2.0552780092775,8.368971499731725,0.8785188039475585,52.89039118638071,3.656727531727531,0.715725632392299,162566410.4414228,15.510878010878011,4.367825448670421,57.010630629468494
blind,blind tau q4 a 1.0 reserve 1.0 link now,train,27.25351751104008,1613.329961693503,2.016258313494029,7.900063134604419,0.8988871878461252,53.17886652410543,2.8288559208767707,0.6011464551961746,150671682.79432115,15.186076212539724,3.7570523404547367,56.07501967769864
blind,blind tau q4 a 1.0 reserve 1.0 link now,val,26.556102272892936,1602.7652175336018,2.592803760435929,8.245394316241642,0.874955253381753,52.80766569805364,3.3942704305233304,0.665130617856836,160158482.03050616,19.255392283234507,4.434489498859327,55.08680287339206
blind,blind tau q4 a 1.0 reserve 1.0 link now,test,26.648932180802984,1604.925074847692,2.0216444349531355,8.3537187546338,0.8780523118322516,52.879900442433474,3.62565829232496,0.7094232927566261,162279006.1484935,15.18604851938185,4.376864097470188,57.03859743399889
blind,blind tau q4 a 1.0 reserve 2.0 link now,train,27.223439551597966,1612.6971692180662,1.9824539621182955,7.87567336332085,0.8979598234284759,53.1592814851878,2.7799904957082173,0.5897338798301107,150221051.1396834,14.920253051768686,3.778321220167969,56.13933448228463
blind,blind tau q4 a 1.0 reserve 2.0 link now,val,26.533472997121564,1602.3007295531056,2.5612823334326733,8.222645354822191,0.8742578695903078,52.79304597475912,3.3480171006273087,0.6554631777949643,159731968.94972932,19.02337372174959,4.448902068058496,55.13960184718603
blind,blind tau q4 a 1.0 reserve 2.0 link now,test,26.628039029478607,1604.4741312822623,1.9840930497016136,8.32853075142875,0.8774019465732154,52.865660323787125,3.574775533108866,0.7005309505309506,161812780.4623155,14.89143572476906,4.388817307571928,57.09661394286304
blind,blind tau q5 a 0.5 reserve 0.0 link now,train,26.70665278528462,1601.4196572497744,1.9722906660769763,7.232609007223719,0.8806865043419166,52.7825658920182,1.403167602245389,0.3234503549258962,139202790.11850664,14.842288158246456,4.157000957063918,57.65316363778876
blind,blind tau q5 a 0.5 reserve 0.0 link now,val,25.914985421400296,1587.3457777488238,2.546870867960552,7.554653560524614,0.8536273002809148,52.29321627435986,1.918245681876772,0.3310990805190342,148760904.3017101,18.93958924121337,4.948955445698001,56.54661349671718
blind,blind tau q5 a 0.5 reserve 0.0 link now,test,25.96313584675475,1588.4395882108042,1.9763371604553543,7.614904208561684,0.8552350516517065,52.3298907021605,2.046490546490546,0.352984977984978,150079160.15816286,14.824527324527322,4.926477206843382,58.59749253982632
blind,blind tau q5 a 0.5 reserve 0.25 link now,train,26.69649703321049,1601.210182299658,1.9621110905518104,7.225863764018615,0.880378245818846,52.77612396949148,1.389623986456384,0.320123852802281,139064599.29175207,14.773976061065072,4.163089629048682,57.672837789034894
blind,blind tau q5 a 0.5 reserve 0.25 link now,val,25.90848601444676,1587.2234255822032,2.5363251347676523,7.548095034210731,0.8534310402855241,52.28942106118721,1.9048723897911823,0.3287681533041162,148624233.2254877,18.866546360745893,4.951426979395233,56.56349332257317
blind,blind tau q5 a 0.5 reserve 0.25 link now,test,25.957344180304947,1588.3258738375782,1.963616313306345,7.607688852408399,0.8550546544991082,52.32626225821713,2.0318354485021146,0.3506216006216006,149928664.17266688,14.732798066131398,4.928285526507524,58.61520834655705
blind,blind tau q5 a 0.5 reserve 0.5 link now,train,26.684851902232023,1600.9921872941864,1.954897794212503,7.22015318465759,0.8800195763029164,52.76937668956904,1.3782559624580473,0.3166785470313939,138947134.7746592,14.726454602156284,4.170018329744669,57.6914230209047
blind,blind tau q5 a 0.5 reserve 0.5 link now,val,25.902755269685453,1587.123625799205,2.5277928711229727,7.542159403770164,0.8532564899235129,52.28625927970013,1.8927988313139124,0.3267272492910544,148499717.16438946,18.808541720374667,4.95401640353987,56.57960776734387
blind,blind tau q5 a 0.5 reserve 0.5 link now,test,25.951126455537587,1588.1955768758628,1.9526661491970867,7.600537013054761,0.8548626078996936,52.322135172213535,2.017428559095225,0.3481395148061814,149780453.57653463,14.65509798843132,4.930099402787661,58.634485951847736
blind,blind tau q5 a 0.5 reserve 1.0 link now,train,26.667362906299893,1600.6527845039182,1.944537432065452,7.208882674853069,0.8794891152560657,52.758926239380685,1.35594315245478,0.3113249576762006,138717793.302979,14.646262140247703,4.180375980108544,57.731292678687545
blind,blind tau q5 a 0.5 reserve 1.0 link now,val,25.8941633623851,1586.9467785434929,2.51280190173,7.530644021666286,0.852991074501619,52.28063343147214,1.8694573343645264,0.3232469708687806,148260066.31047523,18.704348199707827,4.958099873245731,56.61245896529935
blind,blind tau q5 a 0.5 reserve 1.0 link now,test,25.9384774640464,1587.952204314069,1.9363574916806667,7.587890391631442,0.8544755016683216,52.31447778906429,1.9919494086160752,0.3436501769835103,149518003.59630495,14.527756194422858,4.934962976311682,58.670334475116185
blind,blind tau q5 a 0.5 reserve 2.0 link now,train,26.63532199249839,1600.04564580463,1.9336968616523915,7.189046586421612,0.8785191878272892,52.74036230234532,1.316834476818438,0.3017538388428524,138316492.07205442,14.566069678339124,4.199201989648847,57.80769601182046
blind,blind tau q5 a 0.5 reserve 2.0 link now,val,25.873809083077106,1586.5707246876727,2.4930592211664355,7.5080666438383155,0.8523670576731849,52.26881893562887,1.8241170404743487,0.3155774684196957,147794621.8354387,18.565781558821,4.965069731662599,56.68458644567749
blind,blind tau q5 a 0.5 reserve 2.0 link now,test,25.91402536098133,1587.5060672774816,1.915288827470268,7.56308789013973,0.8537400206120156,52.30061015440488,1.9423184839851504,0.3346930846930847,149006552.8704999,14.338901838901837,4.94551102743899,58.75074929424517
blind,blind tau q5 a 0.7 reserve 0.0 link now,train,26.725384099552624,1601.8808235948925,2.001364534656662,7.246203341346899,0.8812756760017966,52.79712477200069,1.4307968754640763,0.3301182096290356,139488007.67833912,15.120734206540138,4.14270905722352,57.62209927479493
blind,blind tau q5 a 0.7 reserve 0.0 link now,val,25.928934204159507,1587.610504671167,2.573349580380621,7.5667209030969245,0.8540768022369196,52.301855870565525,1.943048036435507,0.3361046661510699,149014072.26218098,19.201684282890778,4.940148399397282,56.5207301972192
blind,blind tau q5 a 0.7 reserve 0.0 link now,test,25.974788814483816,1588.6848448796698,2.004607931436136,7.627032666895157,0.855611081836071,52.33791003307882,2.0711926961926954,0.3575066908400242,150331909.88638523,15.092160925494255,4.920534241311835,58.57254893196758
blind,blind tau q5 a 0.7 reserve 0.25 link now,train,26.713415795732963,1601.5812908534012,1.982948918664052,7.238179796534175,0.8808974254676594,52.78764518526545,1.4144390982803168,0.3258412783272446,139319530.25216076,14.932133416495883,4.151844537340789,57.63906245677633
blind,blind tau q5 a 0.7 reserve 0.25 link now,val,25.920494782684344,1587.4370096697742,2.556867240998246,7.559707433545239,0.8537988219935279,52.29613009492733,1.9285791011429056,0.3331185013319584,148868074.18252128,19.02552204176333,4.945423764459026,56.53492030999263
blind,blind tau q5 a 0.7 reserve 0.25 link now,test,25.96855359415268,1588.5497558287202,1.987837585607722,7.620106038503588,0.8554065267098593,52.33341504683536,2.057034015367348,0.3550677717344384,150188079.0499007,14.928127428127423,4.923779142841177,58.58609980593857
blind,blind tau q5 a 0.7 reserve 0.5 link now,train,26.70515186516717,1601.384449037099,1.9713031122437337,7.2319677542221985,0.8806404127638526,52.7815041168509,1.4018904630372149,0.3229677151088538,139191290.70771334,14.834862930291958,4.15749206284773,57.65473416625085
blind,blind tau q5 a 0.7 reserve 0.5 link now,val,25.914339988392147,1587.3365479895783,2.546112009367881,7.554189905592528,0.8536072974211923,52.29291938761401,1.917289679470653,0.3309379565180029,148752688.55211827,18.92884764114462,4.949370296211067,56.5474893929906
blind,blind tau q5 a 0.7 reserve 0.5 link now,test,25.96253913582309,1588.4310547081743,1.975442185525188,7.614389450561434,0.8552158886613197,52.32960756423006,2.045443753777086,0.3528123111456445,150070030.60398865,14.820210653543986,4.926680565760005,58.59848621469445
blind,blind tau q5 a 0.7 reserve 1.0 link now,train,26.690503407072782,1601.103934014469,1.9583069706407528,7.222945523592609,0.880194165301075,52.77284407118513,1.3838397338798298,0.3184234756007009,139006238.9926639,14.749472808815227,4.16689924202582,57.68216155289892
blind,blind tau q5 a 0.7 reserve 1.0 link now,val,25.90518228534992,1587.1669740458951,2.532063494961345,7.5451598195855905,0.8533306358622104,52.28764034141963,1.8989108017530287,0.3276617684970353,148564376.5548681,18.838618200567154,4.952920965833226,56.571209740878885
blind,blind tau q5 a 0.7 reserve 1.0 link now,test,25.95421505744897,1588.2589860920632,1.9582890370416235,7.604219266396283,0.8549580910063811,52.32414868949564,2.024842441509108,0.3494453077786411,149857890.6114133,14.695027195027196,4.929037221709982,58.62441303621984
blind,blind tau q5 a 0.7 reserve 2.0 link now,train,26.66443841527384,1600.5982252382878,1.943229757599122,7.20701261247225,0.87940015693605,52.75724764587868,1.352237963705485,0.3104933321452969,138680670.82669517,14.639579435088654,4.182358676772227,57.73792616885547
blind,blind tau q5 a 0.7 reserve 2.0 link now,val,25.89235801420549,1586.9147020792618,2.510581938258868,7.528747901273828,0.8529342287952294,52.27960513610388,1.8656333247400527,0.3226454412649308,148222572.51697174,18.68823579960471,4.958997018269059,56.61790006568984
blind,blind tau q5 a 0.7 reserve 2.0 link now,test,25.936744549703665,1587.9256780901037,1.934250049105175,7.585819977647144,0.8544215340522856,52.31360897484984,1.9877730294396951,0.3430674264007597,149476812.72200638,14.50833117499784,4.935277937841111,58.67629821477183
blind,blind tau q5 a 1.0 reserve 0.0 link now,train,26.753557502164423,1602.5963666648806,2.073280287956321,7.267316077313167,0.882152043876478,52.81989959303936,1.4740636787549375,0.3404986783094241,139943623.5430812,15.98280317205738,4.124612210068737,57.59305628669061
blind,blind tau q5 a 1.0 reserve 0.0 link now,val,25.95297740614648,1588.1770147006948,2.64553429284394,7.58753239395117,0.8548439908769647,52.32056739653022,1.9862829767122103,0.3456432070121165,149452458.71960127,20.02449084815673,4.930600929689153,56.4951142982457
blind,blind tau q5 a 1.0 reserve 0.0 link now,test,25.99794469411905,1589.1758179302578,2.066541503732305,7.645424942312357,0.8563375440803371,52.35396222631201,2.109147025813692,0.3664853664853665,150716125.7391004,15.788224121557455,4.91223680703088,58.54922880788
blind,blind tau q5 a 1.0 reserve 0.25 link now,train,26.736092322363664,1602.1595805942852,2.0249022429376606,7.254287244042668,0.8816132368213314,52.80605020340148,1.447407110398289,0.334402566158781,139662025.24874514,15.414030710742818,4.135529365442614,57.608498958012845
blind,blind tau q5 a 1.0 reserve 0.25 link now,val,25.93481208954247,1587.7572778116817,2.596318233325435,7.574492130009043,0.8542690588786146,52.3066666189936,1.9591496949385567,0.3387578413680502,149178219.48973107,19.519635644925664,4.93714310482752,56.50805958235721
blind,blind tau q5 a 1.0 reserve 0.25 link now,test,25.980506347649303,1588.8180421773177,2.0248268036620285,7.633951699023662,0.8557936296877883,52.34228461168423,2.0853945437278765,0.3601398601398601,150476495.28187862,15.37166537166537,4.918336475192628,58.56136089907518
blind,blind tau q5 a 1.0 reserve 0.5 link now,train,26.724440097325143,1601.853933944883,2.0020006461009805,7.246476851078282,0.8812478048475708,52.79633134272397,1.4314131693843,0.3299251537022186,139496080.50348988,15.131872048471887,4.14312888337833,57.62159418057792
blind,blind tau q5 a 1.0 reserve 0.5 link now,val,25.92890901841559,1587.6100985100616,2.5743939880596183,7.567043490164873,0.8540741789661056,52.301792367290886,1.943692532439632,0.3361046661510699,149022406.08060503,19.21135172295265,4.94027316150856,56.52005395456244
blind,blind tau q5 a 1.0 reserve 0.5 link now,test,25.974214941254434,1588.6727304977942,2.0055658712801288,7.627339538528965,0.8555912630519256,52.33748473211828,2.071797030130363,0.3573879823879823,150339159.0871968,15.100794267460932,4.921327081273953,58.57181396918478
blind,blind tau q5 a 1.0 reserve 1.0 link now,train,26.709781305570168,1601.4932647214366,1.9780247197710832,7.235696041348415,0.8807832673852228,52.78487419077501,1.409427069411031,0.32457898957498,139269587.52549824,14.885354480382547,4.154736804242154,57.64493988639303
blind,blind tau q5 a 1.0 reserve 1.0 link now,val,25.917900764167698,1587.3916936083656,2.5524071440758966,7.557557965208209,0.8537147790942315,52.294630373742805,1.9241965283148568,0.3322806565265962,148824610.11042365,18.980407321474605,4.947302533944383,56.53948316070702
blind,blind tau q5 a 1.0 reserve 1.0 link now,test,25.965783389467195,1588.4873735724327,1.9828679432963552,7.617843657200552,0.8553168507936052,52.33138676824945,2.052447552447552,0.3540641457308124,150142869.55918157,14.876327376327376,4.925364866453004,58.59063787238853
blind,blind tau q5 a 1.0 reserve 2.0 link now,train,26.68881734010144,1601.074039948815,1.957388394258452,7.222358247463045,0.8801429052223279,52.77193891308043,1.3826888235468826,0.3179705366954766,138995046.54928866,14.74427514924708,4.167950661116779,57.68395739920322
blind,blind tau q5 a 1.0 reserve 2.0 link now,val,25.904372787981696,1587.1535092950182,2.5312860790869256,7.544466706914864,0.8533055247800674,52.28719981931925,1.897503652144023,0.3274039700953854,148550866.85546106,18.83539572054653,4.953446750300703,56.573126634582856
blind,blind tau q5 a 1.0 reserve 2.0 link now,test,25.953468806079297,1588.242314716325,1.9573932707980124,7.6035381251421725,0.8549342483718045,52.32359022643838,2.0234503151169814,0.3491323491323491,149844728.69187605,14.688552188552189,4.92911253746007,58.62606114212902
blind,blind tau q6 a 0.5 reserve 0.0 link now,train,26.33829633635912,1592.0509940684208,1.947747381781207,6.93357280853248,0.8685994134760239,52.47170165807416,0.7709168671478215,0.1826457572247468,131946417.44619678,14.661855118952152,4.515886249523708,58.695202442634745
blind,blind tau q6 a 0.5 reserve 0.0 link now,val,25.686786649769587,1581.4269280511708,2.516329631093451,7.205836899591306,0.8458726873988847,52.09112155348848,1.17460470911747,0.2012223940878233,140279370.1309616,18.74086963994156,5.020645350739958,57.63848892940574
blind,blind tau q6 a 0.5 reserve 0.0 link now,test,25.719593020559184,1582.1327288705738,1.9478753975638,7.242272610076834,0.8469607786466019,52.11462689998312,1.2518777518777515,0.2145061728395061,141017227.45152378,14.615168781835449,5.002095061720127,59.76199319698634
blind,blind tau q6 a 0.5 reserve 0.25 link now,train,26.331569738696423,1591.929468842674,1.9423149186797464,6.929293710956235,0.8683916940740167,52.467976999156775,0.7622442008969674,0.1805369924856693,131864170.77982712,14.62844159315691,4.518709480316079,58.70661437008369
blind,blind tau q6 a 0.5 reserve 0.25 link now,val,25.68249331602185,1581.3555301868005,2.509693267171303,7.201775168636301,0.8457420628828946,52.088883507025,1.1662799690641918,0.1997830196786113,140199284.25659534,18.69253243963221,5.0221736989841865,57.648021237589205
blind,blind tau q6 a 0.5 reserve 0.25 link now,test,25.71517896726538,1582.049621230368,1.939385562861093,7.237713448752775,0.846822944021779,52.111943440037095,1.2426184926184929,0.2128766295432961,140928490.28092897,14.55905205905206,5.004270484059761,59.771930965043865
blind,blind tau q6 a 0.5 reserve 0.5 link now,train,26.32496862659723,1591.820027132719,1.9383107175084864,6.925916110234822,0.8681903967669684,52.46461687416167,0.7555020939142831,0.1786138584454542,131800209.69823872,14.597255635748017,4.522418969589846,58.71669927870592
blind,blind tau q6 a 0.5 reserve 0.5 link now,val,25.677715751996008,1581.2837536097024,2.5042348854225347,7.197909663440147,0.8455975057983204,52.08663913658887,1.158438601014007,0.1983651284695368,140124054.70748475,18.64741771934348,5.024472522126198,57.65790087622947
blind,blind tau q6 a 0.5 reserve 0.5 link now,test,25.71095273859592,1581.963578548605,1.9326067584860216,7.233181353287058,0.8466930073078616,52.10921799933909,1.2334671501338168,0.2113765863765863,140840610.30026764,14.500777000776996,5.005979638141813,59.78328725253098
blind,blind tau q6 a 0.5 reserve 1.0 link now,train,26.31306902430057,1591.6201949995088,1.933045631683784,6.919342151326175,0.8678289059940625,52.45848368362502,0.7424856693100478,0.1751314265347946,131676391.82268554,14.560129495975524,4.527618740906203,58.73843235251624
blind,blind tau q6 a 0.5 reserve 1.0 link now,val,25.67189364323029,1581.175759852219,2.495208476396172,7.190846311543215,0.8454179733851748,52.083207110101874,1.144087823322162,0.1963349660565437,139986275.91200483,18.601228839047863,5.0271538590704,57.67670428254717
blind,blind tau q6 a 0.5 reserve 1.0 link now,test,25.70237053774951,1581.809072388604,1.9219333710287283,7.225189042931913,0.8464308474596224,52.10434167692287,1.2173767590434257,0.2085491668825002,140685958.0521454,14.404731071397736,5.009495212290666,59.80428529564157
blind,blind tau q6 a 0.5 reserve 2.0 link now,train,26.29344649655927,1591.281549706668,1.927898092406194,6.90818119624507,0.8672378751709378,52.44819487342247,0.7205515459324601,0.1694734028334669,131468164.66957736,14.530428584157532,4.5380145620944266,58.77904933228898
blind,blind tau q6 a 0.5 reserve 2.0 link now,val,25.658361974715667,1580.9407197687333,2.482387449507711,7.176786672268787,0.8450066741184452,52.07582231022792,1.1158374151413593,0.1917912692274641,139714906.95926785,18.504554438429142,5.032627432682637,57.7183172441774
blind,blind tau q6 a 0.5 reserve 2.0 link now,test,25.68561922104259,1581.5355795722464,1.9089778030453908,7.20992519396464,0.8459256030887793,52.09579025912434,1.1867931451264784,0.2032612449279116,140391882.994561,14.257964257964256,5.015982338017818,59.850462114480656
blind,blind tau q6 a 0.7 reserve 0.0 link now,train,26.351900674724668,1592.352914226063,1.964114183818756,6.942225998393352,0.8690277393600054,52.481138919628535,0.7886557367311177,0.1873682022038076,132114404.92286672,14.812587246428464,4.508149996407898,58.67852135815439
blind,blind tau q6 a 0.7 reserve 0.0 link now,val,25.69735781178841,1581.6188045949182,2.534067564627444,7.213822457407407,0.8462202015825386,52.097533875740375,1.1910608404227894,0.2045630317092034,140436919.72845235,18.959998281343985,5.0134504947304,57.62309674078524
blind,blind tau q6 a 0.7 reserve 0.0 link now,test,25.72854984186726,1582.3050109617309,1.9674992058719163,7.250406328678727,0.8472510042248961,52.12031736433221,1.2684861434861436,0.2175386342053008,141176084.83199516,14.827764827764828,4.997038682873236,59.74724545054395
blind,blind tau q6 a 0.7 reserve 0.25 link now,train,26.342913836304422,1592.1451050794583,1.953457514939292,6.936954042577415,0.8687458645328133,52.47468675248797,0.7778223291455046,0.1842718821467818,132011817.30404824,14.713089191838186,4.513148091654646,58.68796046966895
blind,blind tau q6 a 0.7 reserve 0.25 link now,val,25.690672177346,1581.4847952626722,2.52218504625787,7.2088613909575745,0.845996134900188,52.09303246497326,1.1807703875569304,0.2024254532955229,140338598.95823666,18.79887428031279,5.018093050277127,57.6320331273266
blind,blind tau q6 a 0.7 reserve 0.25 link now,test,25.72330589349292,1582.208393727011,1.9551682468696927,7.245454603912975,0.8470793959851943,52.11709307127036,1.2583311749978416,0.2158767158767159,141079158.42424244,14.690710524043858,5.000283682188881,59.75581338658125
blind,blind tau q6 a 0.7 reserve 0.5 link now,train,26.336927834239404,1592.0273903778066,1.9468537749250072,6.932935189997929,0.8685561978343593,52.47101669204297,0.7696397279396476,0.1822522201431583,131934476.37031098,14.6551724137931,4.516395685837276,58.69689773121485
blind,blind tau q6 a 0.7 reserve 0.5 link now,val,25.686301914735328,1581.420245410331,2.5153412413607974,7.205300586099754,0.8458577348935408,52.09090898321122,1.1734983243103891,0.2010827532869296,140268664.76334107,18.73549883990719,5.020962404691527,57.63968100646661
blind,blind tau q6 a 0.7 reserve 0.5 link now,test,25.7188739973058,1582.1209185351115,1.946588711373576,7.2416349074017425,0.8469378138149861,52.11423272772138,1.2505827505827505,0.2142795476128809,141004695.59768626,14.609772943106274,5.0025272505298455,59.763331113903085
blind,blind tau q6 a 0.7 reserve 1.0 link now,train,26.3277464061922,1591.8680697597697,1.9399440681239488,6.9273535481552,0.8682750335423974,52.46609706678365,0.7583756571326739,0.179386082152722,131827580.78071816,14.614333660043362,4.520966880675488,58.7124313824714
blind,blind tau q6 a 0.7 reserve 1.0 link now,val,25.67966879205541,1581.3173996347052,2.5066199835656584,7.199506398139954,0.845656918252447,52.08770897461944,1.161693305834837,0.1989559164733178,140155115.22480023,18.666752599467216,5.02359095952405,57.65394274657691
blind,blind tau q6 a 0.7 reserve 1.0 link now,test,25.71280688206606,1581.9981255466694,1.935838994167224,7.235265391984432,0.8467494666628834,52.1103085907756,1.237654320987654,0.2120672537339203,140880707.74678406,14.525597858931192,5.005551107483878,59.778036104508274
blind,blind tau q6 a 0.7 reserve 2.0 link now,train,26.3109233580003,1591.584975213403,1.932319467676635,6.918071781747705,0.8677637617642395,52.457411408200585,0.7399833674893819,0.1745299830704802,131652551.95711188,14.557901927589176,4.529065767223819,58.742871180996566
blind,blind tau q6 a 0.7 reserve 2.0 link now,val,25.670459702829845,1581.1515161098891,2.493571462559586,7.189425911064939,0.8453740726793518,52.0824427176366,1.1412305577038755,0.1958945604537251,139959097.2043482,18.58511643894474,5.027812814498188,57.68068179343879
blind,blind tau q6 a 0.7 reserve 2.0 link now,test,25.701021744117064,1581.7885250182765,1.919942210925984,7.223567724271231,0.8463888349127825,52.10367086366941,1.2141068807735471,0.2080851247517914,140654328.2996633,14.384226884226884,5.009719307160162,59.80876539971758
blind,blind tau q6 a 1.0 reserve 0.0 link now,train,26.3682825564474,1592.7237639287712,2.001441187685593,6.954420469350681,0.8695303104682129,52.49271129087365,0.8136119278861861,0.1928851465739998,132350879.82601205,15.262556060471056,4.502615427657111,58.66429002651039
blind,blind tau q6 a 1.0 reserve 0.0 link now,val,25.71814664534301,1582.0200271304652,2.59028453656057,7.229998800449019,0.846878612924413,52.11061882213652,1.2247035318381023,0.2120069605568445,140759546.52169803,19.64208988570937,5.003938042978099,57.60635770979813
blind,blind tau q6 a 1.0 reserve 0.0 link now,test,25.748048862931984,1582.663273275708,2.016049228645614,7.264702675051031,0.8478597868076208,52.13189445327567,1.2980553397220065,0.2246395579728912,141459383.20314255,15.385694552361215,4.989357612455634,59.73204054304114
blind,blind tau q6 a 1.0 reserve 0.25 link now,train,26.358830896800264,1592.5120314087778,1.97744943979552,6.947222287877879,0.8692441276873042,52.48613131985047,0.7989322522201432,0.1898705040244735,132212179.47096737,14.978912352609225,4.505503052983765,58.67158092270792
blind,blind tau q6 a 1.0 reserve 0.25 link now,val,25.701963864907235,1581.7234998800102,2.550379900629193,7.219148155214354,0.8463741329833123,52.10102339649107,1.2021461716937354,0.2065502277219214,140542429.7911833,19.188794362808284,5.010695747120961,57.6159418169746
blind,blind tau q6 a 1.0 reserve 0.25 link now,test,25.73247225906404,1582.4006242735989,1.9827031934027608,7.255318953838017,0.847379994810987,52.12348750944549,1.2786303202969869,0.2194487611154277,141272676.993266,15.038202538202537,4.995130525941601,59.74086984006095
blind,blind tau q6 a 1.0 reserve 0.5 link now,train,26.351287590535765,1592.3370542482708,1.9637830645523933,6.942159548639281,0.869009422885387,52.480673165899695,0.788559208767709,0.1872196976447176,132113581.52579524,14.815557337610263,4.508342610748692,58.678741775852544
blind,blind tau q6 a 1.0 reserve 0.5 link now,val,25.69740260177137,1581.6129366151106,2.533835597205329,7.213717213176493,0.8462207278694168,52.09731136157329,1.190824525221277,0.2045093237088596,140434610.65927646,18.95355332130273,5.013656070978655,57.62330694808426
blind,blind tau q6 a 1.0 reserve 0.5 link now,test,25.72814964506769,1582.295132686503,1.9671093655349288,7.250286698205767,0.8472373776715691,52.11996937609976,1.2682271432271432,0.2174307174307174,141173521.43417075,14.828843995510663,4.997627294470917,59.747358210935566
blind,blind tau q6 a 1.0 reserve 1.0 link now,train,26.33997972518236,1592.0808119461078,1.9504514060194325,6.935148514551767,0.868653732702172,52.47267673173842,0.774146841308028,0.1832991772847426,131977274.9478749,14.685615848406544,4.515032583253485,58.69181999396509
blind,blind tau q6 a 1.0 reserve 1.0 link now,val,25.68859416722092,1581.449192274624,2.518915547382288,7.207273016267065,0.8459271683617545,52.091824596456966,1.1775264243361692,0.2017916988914668,140307301.50365216,18.763427000085933,5.019804537234537,57.63528433589697
blind,blind tau q6 a 1.0 reserve 1.0 link now,test,25.72140530386948,1582.1645022971425,1.950805053581168,7.243673298293653,0.8470164235285959,52.115624839370064,1.254705171371838,0.2151860485193818,141044384.4616248,14.636752136752134,5.001482568497441,59.75896037756005
blind,blind tau q6 a 1.0 reserve 2.0 link now,train,26.326426911682,1591.8472320041224,1.939152401276998,6.926798733331574,0.868234874318395,52.46546888167326,0.7572767233954081,0.1790445216668151,131817117.54658587,14.604680863702514,4.52168261507779,58.71402863893844
blind,blind tau q6 a 1.0 reserve 2.0 link now,val,25.678659088254022,1581.3024697350622,2.505616159037226,7.19881561606454,0.8456256336272285,52.08721846615881,1.160286156225831,0.1986766348715304,140141629.71092206,18.65923347941909,5.02414351206785,57.65570021824699
blind,blind tau q6 a 1.0 reserve 2.0 link now,test,25.71212828600668,1581.9823393382555,1.9348241013860696,7.2345821928465375,0.8467289626596716,52.109805957025685,1.2362729862729864,0.2118298368298368,140867455.29491496,14.52020202020202,5.005731191101538,59.77976883107037
rl,fine q0.2 a 0.5 reserve 0.5 link now,train,28.970953108317126,1661.2569036021066,2.1712057651822922,13.186512486149368,0.9555724868691754,54.75634375508845,14.096832397754609,1.9519513499064425,239816222.33645195,16.198134782737828,1.616004934350653,43.64903326006328
rl,fine q0.2 a 0.5 reserve 0.5 link now,val,28.610254981618912,1655.9246740773692,2.7186885765417186,13.018774971511684,0.9434763129415874,54.56948415175766,13.579509323708859,2.135666408868265,238653574.1000258,20.174873249119187,2.0253813341736375,44.81247115199699
rl,fine q0.2 a 0.5 reserve 0.5 link now,test,28.843016089419805,1661.6979529458702,2.1189243255850996,13.438363796745959,0.9512873475676088,54.76296613993301,14.482204523871188,2.278749028749029,245982705.60657862,15.883190883190881,1.8042615677574523,46.10922529276927
rl,fine q0.2 a 0.5 reserve 1.0 link now,train,28.927508749073695,1660.2347082279919,2.1015930675561294,13.092146297817742,0.9542383437268194,54.72482957641914,13.913696575484868,1.9280124149811402,238312484.32041344,15.688021622263802,1.654472767367745,43.9307063573275
rl,fine q0.2 a 0.5 reserve 1.0 link now,val,28.57141222452619,1655.0038901256535,2.6603949638084017,12.940934506780845,0.9422698295044674,54.54073805912429,13.427043052333074,2.1134312967259605,237426617.07923004,19.717281086190596,2.0620060418081763,45.020268488595256
rl,fine q0.2 a 0.5 reserve 1.0 link now,test,28.79767633039453,1660.6405981972969,2.0529454475749596,13.348063974233256,0.9498722179066602,54.729813796915494,14.304897263230593,2.2520396270396272,244545869.42752305,15.413752913752914,1.8447477266873102,46.34827438721242
rl,fine q0.2 a 0.5 reserve 2.0 link now,train,28.842134688992235,1658.2348292274394,2.023642496350953,12.907193760948907,0.9516435178365958,54.663792062159985,13.55689952181532,1.88103299771303,235402808.77329296,15.151920163949033,1.734429629841024,44.532446910587716
rl,fine q0.2 a 0.5 reserve 2.0 link now,val,28.498902562458344,1653.3139544945088,2.5855402167056454,12.778233220178633,0.9400245304017906,54.48814284110255,13.111154077511383,2.0701963564492565,234880907.49239495,19.161940362636415,2.128817418474287,45.499163296227344
rl,fine q0.2 a 0.5 reserve 2.0 link now,test,28.70627428509009,1658.6310271504358,1.9726822687390482,13.168712643403353,0.9470671391829728,54.66749920102317,13.955721747388413,2.200261158594492,241724232.96546662,14.769489769489768,1.9282479795109198,46.87278188323935
rl,fine q0.25 a 0.5 reserve 0.5 link now,train,28.955460277052914,1660.6174497651325,2.1610591008430315,12.806540828362069,0.9550790200141616,54.73677755715825,13.287519676854078,1.9344797885295082,235100031.65297452,16.131307731147345,1.6543019776814725,44.34090195286547
rl,fine q0.25 a 0.5 reserve 0.5 link now,val,28.595425797529465,1655.531468154555,2.714543179825069,12.765713903111127,0.9429461323198837,54.55568289170815,13.0330626450116,2.11386096072871,235555493.0285297,20.142648448912944,2.049595434886011,45.17268168079073
rl,fine q0.25 a 0.5 reserve 0.5 link now,test,28.828830717011122,1661.3068110935308,2.114901184456865,13.17133481352066,0.9507831610112386,54.74927916528078,13.905723905723903,2.25677717344384,242718428.8372615,15.852974186307517,1.8285952665694907,46.490075756888636
rl,fine q0.25 a 0.5 reserve 1.0 link now,train,28.911973370555632,1659.6053113244118,2.0937723788331395,12.717225897661214,0.9537435211090094,54.7055664968305,13.11394754818973,1.910644806795569,233651115.64976686,15.64495530012771,1.6917433609451211,44.61029221884815
rl,fine q0.25 a 0.5 reserve 1.0 link now,val,28.55764629573774,1654.6373828085498,2.6573391280555736,12.690499118856048,0.9417766618028112,54.52778684878751,12.885784566469022,2.0923562773910804,234354868.68832174,19.697946206066852,2.0846649125808,45.37580734096325
rl,fine q0.25 a 0.5 reserve 1.0 link now,test,28.78349834488014,1660.255261819316,2.0503952091514974,13.083549355205061,0.9493669834468904,54.7162550682656,13.733262108262107,2.230164896831563,241308267.90770957,15.393248726582058,1.8684091590467364,46.72434835634142
rl,fine q0.25 a 0.5 reserve 2.0 link now,train,28.827147247336065,1657.6198669125986,2.0195007126788815,12.543604338721078,0.9511633456472118,54.64496031662769,12.778795034007544,1.8639326977338206,230868483.04648194,15.128901957290088,1.7708539749421948,45.183681224540145
rl,fine q0.25 a 0.5 reserve 2.0 link now,val,28.484945560385345,1652.933608214405,2.5835665865228044,12.532774698609819,0.9395243134217931,54.47472102629032,12.579627481309615,2.049508034716851,231864756.82186133,19.150124602560798,2.15206981509722,45.84404463583316
rl,fine q0.25 a 0.5 reserve 2.0 link now,test,28.69232435133491,1658.251325029882,1.9712455561714055,12.909681746022308,0.9465706749561762,54.65417994886189,13.39487826987827,2.1792281792281796,238546565.65250802,14.764093930760597,1.951847342415423,47.237739156540705
rl,fine q0.3 a 0.5 reserve 0.5 link now,train,28.936110728036443,1659.0218563209094,2.15005009716996,12.424372885600185,0.954465343488949,54.68582681502349,12.477070896076512,1.8949553001277144,229693414.7653331,16.062253111170513,1.7450794970213699,45.14647337702516
rl,fine q0.3 a 0.5 reserve 0.5 link now,val,28.563325179617866,1653.115509993522,2.7066892630773336,12.411147306549616,0.9419319505964701,54.4765479655093,12.26096717367019,2.04592034029389,230364061.83079827,20.079273008507347,2.140733379902873,45.79264566724125
rl,fine q0.3 a 0.5 reserve 0.5 link now,test,28.7970100764184,1658.8076584843739,2.107991037579741,12.79694238357139,0.9497955906532056,54.66763633088652,13.09053138219805,2.186178019511353,237244115.99214363,15.792540792540793,1.9217534148750937,47.1458319468848
rl,fine q0.3 a 0.5 reserve 1.0 link now,train,28.89179729263055,1658.015626954468,2.085223485422845,12.340237557301823,0.9531019209417233,54.654751939258865,12.313181264664825,1.8713653509162735,228300372.7236924,15.593721227241677,1.7822501298092697,45.40290216952553
rl,fine q0.3 a 0.5 reserve 1.0 link now,val,28.52532832465785,1652.2455970077096,2.651950236958959,12.340270835231964,0.9407546008049708,54.44940061138157,12.121906419180203,2.025264243361691,229225528.73489732,19.665721405860612,2.1740208769820284,45.98279262178546
rl,fine q0.3 a 0.5 reserve 1.0 link now,test,28.751495462331533,1657.7931112395286,2.0456683267666174,12.714407295334155,0.9483672600714246,54.63567559412781,12.928170594837264,2.1611089527756193,235909967.2738496,15.37166537166537,1.9613478728746223,47.3646753106357
rl,fine q0.3 a 0.5 reserve 2.0 link now,train,28.80795922203449,1656.0499408232763,2.014334746826757,12.176915305087604,0.9505465265165107,54.5946076114179,11.99714128723752,1.825752175591791,225633882.13567373,15.095488431494847,1.8594983022474498,45.94654483328769
rl,fine q0.3 a 0.5 reserve 2.0 link now,val,28.45526245950709,1650.6283490691083,2.5801530192065103,12.19195401746974,0.9385892778372753,54.39902411681326,11.833720030935812,1.9848973103033432,226871551.3493168,19.129715562430178,2.237621771117623,46.42164202836376
rl,fine q0.3 a 0.5 reserve 2.0 link now,test,28.661603910969912,1655.8569043889627,1.9689968954736472,12.550305115156007,0.945603635761608,54.575486602413946,12.608370025036693,2.111844945178279,233292539.95027196,14.748985582318914,2.040390443415025,47.84683463925274
rl,fine q0.35 a 0.5 reserve 0.5 link now,train,28.909180029856962,1657.724421027961,2.1394708098890725,12.037538796436088,0.9536545899297133,54.646433843325234,11.65883305117467,1.868395259734474,224279750.4510975,15.98874335442098,1.8118752314889683,45.941526748575235
rl,fine q0.35 a 0.5 reserve 0.5 link now,val,28.542775955616722,1652.2194422197283,2.6997536429139837,12.04963535340271,0.9412195114615532,54.445464694869706,11.497282375182605,1.9981631863882443,225620655.68350953,20.030935808197984,2.1791416518393434,46.416544844160484
rl,fine q0.35 a 0.5 reserve 0.5 link now,test,28.774937138094106,1657.8488306915524,2.101683667253054,12.41387023777671,0.9490362807057163,54.63452013385338,12.281339031339028,2.1355003021669687,232219441.61495295,15.74074074074074,1.9623407016355887,47.80868431348483
rl,fine q0.35 a 0.5 reserve 1.0 link now,train,28.86482383058394,1656.729195329889,2.0773586887549316,11.958879773557223,0.952287962014127,54.61562060717901,11.505190234340194,1.844820160978942,222950827.11651668,15.547684813923786,1.847403814707497,46.18345233213999
rl,fine q0.35 a 0.5 reserve 1.0 link now,val,28.504198693703263,1651.3290679473607,2.647102535222044,11.98296385543113,0.940022508926239,54.417639816053786,11.366492652745551,1.9772492910543955,224523723.2745553,19.62275500558563,2.213059679112371,46.59989824310442
rl,fine q0.35 a 0.5 reserve 1.0 link now,test,28.73010070967516,1656.8405022921147,2.0412717193185297,12.335999167386744,0.9476312325194557,54.602734693027806,12.128086419753084,2.110992402659069,230937502.4161271,15.336052836052833,2.001409315957874,48.018657532696196
rl,fine q0.35 a 0.5 reserve 2.0 link now,train,28.7825156056135,1654.822532916445,2.0101796180003544,11.806901916542264,0.9497791992028758,54.557177105272174,11.210490362054115,1.8004172978110429,220415241.6606374,15.064302474085952,1.9211416402599197,46.6961272069848
rl,fine q0.35 a 0.5 reserve 2.0 link now,val,28.434224214610484,1649.7396494478955,2.5772204542996824,11.84270012471276,0.9378600774372559,54.36822818919458,11.093827876600496,1.937988742803128,222253221.3483716,19.111454842313307,2.275201484176893,47.02328452123475
rl,fine q0.35 a 0.5 reserve 2.0 link now,test,28.639953475593153,1654.9168880928582,1.9668282340523788,12.181096070723555,0.9448591552019014,54.54300137604526,11.82636190969524,2.0622571872571873,228414723.11223346,14.72848139514806,2.0800070705597227,48.48469716238988
rl,fine q0.4 a 0.5 reserve 0.5 link now,train,28.847358728237676,1656.123975401709,2.1275873865027366,11.646484361006644,0.9514765279964696,54.59320433856607,10.830340966467668,1.802147375924441,218034237.20971817,15.917461166057796,1.9072437664082087,46.83817122945731
rl,fine q0.4 a 0.5 reserve 0.5 link now,val,28.484729679062294,1650.6059546844474,2.692206968603873,11.674670016321018,0.9392131684976047,54.39143914346059,10.685743748388758,1.9188257282804848,220816180.07407412,19.972931167826754,2.271125014671033,47.008322365371484
rl,fine q0.4 a 0.5 reserve 0.5 link now,test,28.71243287166402,1656.1338275823468,2.0958130863475932,12.016216196751284,0.9468764194466083,54.57706590001075,11.420584045584043,2.0505266338599673,227132641.98135197,15.70728654061987,2.0605599738097684,48.437202270077506
rl,fine q0.4 a 0.5 reserve 1.0 link now,train,28.80287080386016,1655.1215463678411,2.068367064763925,11.572805814131941,0.950103796399439,54.562139785118774,10.686187590959042,1.7790400665300423,216770112.13894087,15.494965695446849,1.943541957911122,47.06652365935717
rl,fine q0.4 a 0.5 reserve 1.0 link now,val,28.446370880028837,1649.7317583940091,2.6416493251633364,11.61135602524167,0.9380244173172235,54.364087272106346,10.561517143593708,1.8981911145484234,219762230.80708086,19.591604365386267,2.304553616471929,47.18329620044639
rl,fine q0.4 a 0.5 reserve 1.0 link now,test,28.66887137029388,1655.1498242864918,2.036826338176278,11.942657511592333,0.9455193104627244,54.5461478879653,11.27599715099715,2.0273029439696106,225904292.82957783,15.301519468186134,2.098823023393229,48.637508323339105
rl,fine q0.4 a 0.5 reserve 2.0 link now,train,28.72057390280342,1653.258619523293,2.0048264492119823,11.431101972869865,0.947597616768729,54.505090821036696,10.411194273664199,1.7361148237250887,214372040.90777868,15.030146425495259,2.0150614667307174,47.54933128437196
rl,fine q0.4 a 0.5 reserve 2.0 link now,val,28.375761960755916,1648.1312186287857,2.5741071904640895,11.47876555869402,0.9358373069327711,54.31420031053743,10.304148405946549,1.859252814299218,217588830.36014435,19.092119962189564,2.3675229116759056,47.58833900582253
rl,fine q0.4 a 0.5 reserve 2.0 link now,test,28.58043486406969,1653.283740177014,1.9650715314350284,11.795937789813317,0.9428026306138239,54.48819808855841,10.990492532159196,1.9804994388327721,223489238.26279888,14.710135543468875,2.174307562974391,49.08269184835693
rl,fine q0.45 a 0.5 reserve 0.5 link now,train,28.78372309250648,1654.5812854839,2.1154327602068963,11.247528946604564,0.9492141772396201,54.53947678532732,9.988312691199617,1.7325284386230657,212332128.64522263,15.836526181353765,1.9896295817340766,47.68105338519647
rl,fine q0.45 a 0.5 reserve 0.5 link now,val,28.46130221619143,1650.028665269509,2.6831229667248935,11.29164731269522,0.9385168419951884,54.37482570210227,9.86882357996047,1.8641295007304288,215593696.12451664,19.913852367448655,2.287425203314678,47.688877753367215
rl,fine q0.45 a 0.5 reserve 0.5 link now,test,28.689184748677466,1655.5612241633453,2.0876988821859803,11.609068477118468,0.9461954196915328,54.56094444289817,10.55174609341276,1.9927048260381595,221584421.24181995,15.655486488819822,2.0755821579150084,49.16028208542974
rl,fine q0.45 a 0.5 reserve 1.0 link now,train,28.739826157444202,1653.6063724564963,2.0596449769303895,11.178688423294739,0.9478621763894817,54.509308927157804,9.85369330838457,1.710356707950934,211136333.02521607,15.440761531379012,2.024845443262139,47.897517784054266
rl,fine q0.45 a 0.5 reserve 1.0 link now,val,28.4247381248205,1649.1930177064785,2.6348786381375255,11.233302963083982,0.9373855388875907,54.34871386607026,9.754124774426398,1.8447516542064104,214599343.99175048,19.541118845063156,2.319323410417263,47.852726871023016
rl,fine q0.45 a 0.5 reserve 1.0 link now,test,28.645887398031746,1654.5953637919322,2.0307831477195433,11.54116572123573,0.944847239912617,54.530586079098406,10.418263834930501,1.9704092204092207,220427803.5605629,15.263748597081928,2.113166269740632,49.34810313053856
rl,fine q0.45 a 0.5 reserve 2.0 link now,train,28.657027564409645,1651.7369417555628,1.999945954196479,11.046063311644858,0.9453374495937505,54.45199299693105,9.596082449731204,1.6680700347500668,208854729.60545313,14.99896046808637,2.0968529639480824,48.35518452606614
rl,fine q0.45 a 0.5 reserve 2.0 link now,val,28.353484492912422,1647.5658964520646,2.569567002670497,11.11105464852208,0.935178712267705,54.297912483863584,9.516273524104149,1.8068338059637366,212544329.84686777,19.066340122024574,2.382730954677698,48.23144409596124
rl,fine q0.45 a 0.5 reserve 2.0 link now,test,28.557615961107082,1652.7203961024434,1.9624255664809744,11.406618255201256,0.9421332287818597,54.472169046436306,10.156187947854614,1.9257748424415093,218162192.54139692,14.69178969178969,2.1883194165110487,49.763502698825675
rl,fine q0.5 a 0.5 reserve 0.5 link now,train,28.698589007539617,1652.0105176887923,2.102631799436799,10.8483909147717,0.9464245879221029,54.45623600730511,9.139579435088658,1.63643113843595,205856464.5731088,15.757076242240636,2.11473545797317,48.58243172470955
rl,fine q0.5 a 0.5 reserve 0.5 link now,val,28.332982041887735,1646.5081904216788,2.670203856525278,10.895210927311584,0.9346447589279495,54.26768968765154,9.032192575406032,1.7321044942854689,209028353.49342614,19.79999140671994,2.435827071684143,48.59083168975639
rl,fine q0.5 a 0.5 reserve 0.5 link now,test,28.553050196496706,1651.8130362962897,2.0779100771225236,11.187511477148018,0.9420820967633007,54.44671221822439,9.661778036778037,1.8528015194681862,214597481.80436847,15.585340585340584,2.2337069379221863,50.1215679053113
rl,fine q0.5 a 0.5 reserve 1.0 link now,train,28.6556826554778,1651.048436557876,2.049983051675515,10.785655336209517,0.9451002155424522,54.42644328352794,9.016565683566485,1.6153509162731297,204746549.67768568,15.373934479788526,2.1490301738625455,48.78025537167492
rl,fine q0.5 a 0.5 reserve 1.0 link now,val,28.297829011235528,1645.7004772983928,2.624156893602417,10.841524597719761,0.9335528580277227,54.242319524433626,8.926559680329984,1.7143593709719003,208098875.719945,19.463779324568186,2.465609553889208,48.74335074141498
rl,fine q0.5 a 0.5 reserve 1.0 link now,test,28.511822711186028,1650.9023537226437,2.0236606724851773,11.125591796491793,0.940798460309754,54.41804656136148,9.540004748338081,1.8326318742985412,213527474.82085815,15.210869377536042,2.2673488245234723,50.294859471802134
rl,fine q0.5 a 0.5 reserve 2.0 link now,train,28.575061320293635,1649.2435506412946,1.9947196356471968,10.66571334318136,0.9426449113341966,54.37114250069588,8.783420951023198,1.5756407971724733,202653125.28789094,14.964804419495676,2.218482336468437,49.19943544374146
rl,fine q0.5 a 0.5 reserve 2.0 link now,val,28.23196397481721,1644.2173325527224,2.562484628821087,10.72950166538878,0.9315100185422681,54.19587123615366,8.70862335653519,1.6806844547563806,206185487.81240872,19.008335481653344,2.523409525332853,49.09700981912608
rl,fine q0.5 a 0.5 reserve 2.0 link now,test,28.429743381667382,1649.161839521654,1.9584539220055093,11.00178337121244,0.9382728012409465,54.36370191154077,9.298951048951048,1.7926379176379177,211407600.1196581,14.666968833635499,2.3378212049839915,50.684377689013346
rl,fine q0.55 a 0.5 reserve 0.5 link now,train,28.611981023017652,1649.1846801200436,2.0852507668864377,10.443223784017194,0.943495676627979,54.359275786954925,8.28290118506638,1.5609091449107488,198793267.03881907,15.641985208945911,2.272860389483431,49.628641727447565
rl,fine q0.55 a 0.5 reserve 0.5 link now,val,28.217101569654123,1643.7082900964408,2.658041923416806,10.507652803868979,0.9306447964050041,54.17543586097216,8.20895634613732,1.6257411704047435,202914649.72484314,19.711910286156222,2.5672283091423425,49.41851474798795
rl,fine q0.55 a 0.5 reserve 0.5 link now,test,28.43018758022921,1648.8299876429435,2.0674339849835563,10.773769918157045,0.9378343669384097,54.34821570539867,8.7823318656652,1.739391781058448,208064860.51377013,15.522748856082188,2.374018088589675,51.004186367279566
rl,fine q0.55 a 0.5 reserve 1.0 link now,train,28.571599666613082,1648.272467413408,2.037807346872311,10.38584021452568,0.9422539395603038,54.33108951595701,8.170379280643916,1.5409798330808757,197781509.02723575,15.298197154652646,2.3055971219090616,49.808092674124055
rl,fine q0.55 a 0.5 reserve 1.0 link now,val,28.183311431529837,1642.935648689478,2.61486523670311,10.457882317791638,0.9295961618205705,54.15114876586118,8.110939245510012,1.608866116696743,202040271.13293803,19.389662284093834,2.5958284611867075,49.56112566894867
rl,fine q0.55 a 0.5 reserve 1.0 link now,test,28.3910937489312,1647.970124714819,2.0167787236866697,10.71706969673818,0.936620839740159,54.32125111375726,8.671037296037296,1.7204415954415955,207076682.14383146,15.164465164465163,2.4049613515121004,51.164526786249226
rl,fine q0.55 a 0.5 reserve 2.0 link now,train,28.491712348280746,1646.489486769896,1.9873432622028766,10.276370578537009,0.9398180953977527,54.276376212865465,7.957438593364817,1.5024800261368023,195866000.96587366,14.920253051768686,2.3732073356648056,50.18868112512299
rl,fine q0.55 a 0.5 reserve 2.0 link now,val,28.11986215808157,1641.509286299048,2.556651256758738,10.35422125482796,0.9276251379759407,54.106293506919165,7.909233479419094,1.5768883732920858,200254750.62198156,18.96859156139898,2.650074742530302,49.88927930588987
rl,fine q0.55 a 0.5 reserve 2.0 link now,test,28.31123765460783,1646.293746654375,1.9557337474257517,10.602788630896457,0.9341724028781035,54.26903208738,8.448815073815075,1.6825843909177245,205112253.28809458,14.645385478718811,2.47209879693753,51.52574721108232
rl,fine q0.6 a 0.5 reserve 0.5 link now,train,28.47510407727986,1646.4281580056659,2.071300221703854,10.029128907528262,0.9388449068078082,54.26938526411352,7.397435326264517,1.4688288930470166,192597046.95476553,15.544714722741988,2.4340007569934006,50.46210853173756
rl,fine q0.6 a 0.5 reserve 0.5 link now,val,28.15480575774338,1641.8366459190888,2.645426408879686,10.06580967812954,0.9285500230958886,54.110464414616985,7.261439804073215,1.533223769012632,197012251.72166365,19.607716765489386,2.609510070383057,50.16852269400374
rl,fine q0.6 a 0.5 reserve 0.5 link now,test,28.363380740387367,1646.8197379480648,2.0559581288941904,10.30088339473845,0.9355896201433774,54.27847910615978,7.767212725546059,1.6402270568937236,201741547.5072952,15.454761288094618,2.420489715719211,51.80377472818135
rl,fine q0.6 a 0.5 reserve 1.0 link now,train,28.435955012341402,1645.5597461045488,2.0277967680313833,9.977078617667635,0.93764050092885,54.242547227195224,7.295442395081529,1.4499094122189549,191657084.4863227,15.222459829516765,2.4640439100728564,50.630089360604366
rl,fine q0.6 a 0.5 reserve 1.0 link now,val,28.121294328249935,1641.076874107641,2.6051525272465614,10.021991402707858,0.927506219783861,54.08653339725572,7.174894732319328,1.5171865601099939,196207943.20443416,19.315545243619486,2.6378081074791906,50.29766805060838
rl,fine q0.6 a 0.5 reserve 1.0 link now,test,28.32536670988643,1645.964936514136,2.008942200419817,10.251018045041139,0.9344014570067187,54.251497729462805,7.669137960804628,1.6222589139255805,200834992.6954157,15.101873435206768,2.451306958851153,51.94916886395692
rl,fine q0.6 a 0.5 reserve 2.0 link now,train,28.361439865627982,1643.874049716566,1.9811584551421164,9.878207303012042,0.9353740829718902,54.190863607484054,7.103225519023434,1.4142683180373636,189880368.4069025,14.882384389200746,2.5266691827221517,50.98379395814104
rl,fine q0.6 a 0.5 reserve 2.0 link now,val,28.06107513429406,1639.7053425228826,2.5511772390416225,9.931479433546516,0.9256365321409507,54.04345260720241,6.998023545587353,1.4875075191200482,194572581.62361434,18.934218441178995,2.690561096061429,50.592610299720995
rl,fine q0.6 a 0.5 reserve 2.0 link now,test,28.24863539227926,1644.3605412260072,1.952099147693731,10.151758485261482,0.9320458915253277,54.20155876606036,7.475805059138394,1.587552879219546,199054097.45350948,14.614089614089613,2.5147961755022235,52.27344871658669
rl,fine q0.65 a 0.5 reserve 0.5 link now,train,28.357556849285974,1642.9770158708245,2.0543949015492666,9.614310865129212,0.9351636115462683,54.15896822996355,6.505643173245419,1.367474531468116,185077471.62380826,15.421455938697317,2.577020734688601,51.49561695761653
rl,fine q0.65 a 0.5 reserve 0.5 link now,val,28.00196485932968,1635.6297045535093,2.6260998663881114,9.621490538596749,0.9233580532345848,53.90004193076692,6.312494629199966,1.3832388072527284,188633966.34648106,19.467001804588808,2.9220173708353503,51.2728300929195
rl,fine q0.65 a 0.5 reserve 0.5 link now,test,28.19870468001626,1640.1353985228184,2.0383450248947237,9.825183949843352,0.9299942239463906,54.051764125653605,6.75033454200121,1.4790317706984373,192769149.89475957,15.32202365535699,2.7564586023055306,52.980375334652585
rl,fine q0.65 a 0.5 reserve 1.0 link now,train,28.320161402869605,1642.143346106742,2.0162310513797252,9.567448787586686,0.9340108085660256,54.13307913042798,6.413822804360095,1.3496242834655023,184229965.41281298,15.143752413199085,2.6051544488410023,51.646607057500916
rl,fine q0.65 a 0.5 reserve 1.0 link now,val,27.969525559785964,1634.9108612002285,2.589186058685595,9.582969648499477,0.9223453979483005,53.87735532396793,6.236175560711525,1.3681146343559336,187929176.39580646,19.2006101228839,2.9491445372447616,51.38332274004214
rl,fine q0.65 a 0.5 reserve 1.0 link now,test,28.162573287099033,1639.3374252737851,1.9981381216252585,9.782204024443761,0.9288688601188179,54.02666137636638,6.665522748856082,1.462520504187171,191989135.24095657,15.023094189760855,2.78490573217871,53.10323601636471
rl,fine q0.65 a 0.5 reserve 2.0 link now,train,28.249850236779245,1640.5678252179785,1.9732333379887843,9.478514437108572,0.9318607973670826,54.08461908482165,6.240881820071877,1.316233033354124,182635784.93819243,14.82521013395111,2.662005288768638,51.961766369391604
rl,fine q0.65 a 0.5 reserve 2.0 link now,val,27.910733969832016,1633.6282281076165,2.5412684481372034,9.505836314170551,0.9205181423911513,53.83707661075394,6.0848049325427525,1.3409061613817994,186538360.8082839,18.866546360745893,2.997204792238759,51.627987847598995
rl,fine q0.65 a 0.5 reserve 2.0 link now,test,28.08873314041992,1637.835928869976,1.9475781014067957,9.696801728251225,0.9265890404136956,53.979676972766775,6.498543123543124,1.4309980143313477,190460844.2325822,14.588189588189588,2.8449171912453264,53.37480453756473
rl,fine q0.7 a 0.5 reserve 0.5 link now,train,28.10788985221424,1638.069644580726,2.0351704375075665,9.204015575460188,0.9270968441899149,54.00028286229585,5.637032581900265,1.2585390121476727,177258259.46366096,15.2840892215391,2.839037382045688,52.58179518710642
rl,fine q0.7 a 0.5 reserve 0.5 link now,val,27.874218146580947,1632.6048978093772,2.607852913624452,9.213772754467279,0.9190725310837521,53.79365986681216,5.45880596373636,1.3102926011858727,180645999.61106816,19.32628684368823,3.0589205894724447,52.41821820751435
rl,fine q0.7 a 0.5 reserve 0.5 link now,test,28.05951751494943,1636.8213699226844,2.022190727733207,9.387549229986563,0.9253059878178493,53.935084109457414,5.832642665976,1.399313649313649,184180932.20012087,15.19144435811102,2.9069450199994935,54.20218044547404
rl,fine q0.7 a 0.5 reserve 1.0 link now,train,28.073835481962636,1637.3212387478784,2.002549141952471,9.16472274388864,0.9260406875636978,53.97691310781952,5.559364697496214,1.2421069826843683,176536177.5803855,15.052422109358757,2.8626777325209223,52.705904569412944
rl,fine q0.7 a 0.5 reserve 1.0 link now,val,27.84255346659691,1631.8835585177646,2.574692552004333,9.181006964005013,0.9180794990651285,53.77089410500744,5.393357394517487,1.2955766090916903,180029797.58743662,19.10500988227206,3.0866005721591896,52.51119511456696
rl,fine q0.7 a 0.5 reserve 1.0 link now,test,28.024220744166858,1636.0292915746222,1.986933971224039,9.351903599792088,0.9242072652692641,53.91026026106193,5.762011137011138,1.383180091513425,183518295.79815248,14.934602434602434,2.935737140060878,54.30493089693497
rl,fine q0.7 a 0.5 reserve 2.0 link now,train,28.01409981208449,1635.9743396630315,1.9661609086764564,9.091701090305918,0.9242064718848123,53.93517291556877,5.416250853901216,1.2127996079479637,175202883.64412367,14.78362885740592,2.9078996278686513,52.96072665335489
rl,fine q0.7 a 0.5 reserve 2.0 link now,val,27.784893444804073,1630.6181084524558,2.5316406229768686,9.117211795564938,0.9162771450218044,53.73111812944606,5.267036177709032,1.2686903841196184,178842126.5583054,18.802096760333416,3.135852058790305,52.712504908339056
rl,fine q0.7 a 0.5 reserve 2.0 link now,test,27.955210487827344,1634.6027057125025,1.9420465152765678,9.281423463850595,0.9220824663243498,53.86574533981659,5.623305706639041,1.3537296037296038,182217854.3290167,14.552577052577051,2.9920932522497212,54.53066659794104
rl,fine q0.75 a 0.5 reserve 0.5 link now,train,28.0062176762074,1636.1691882032121,2.0168455810850383,8.785897033133548,0.9238775919733615,53.93910044349709,4.742708426148683,1.2034141198134778,169031877.18429416,15.15860286910808,2.8964193858308307,53.679780730915695
rl,fine q0.75 a 0.5 reserve 0.5 link now,val,27.589542754349182,1627.0038697224618,2.5898830209818424,8.812882826005923,0.9097656650851348,53.609084777168036,4.59887642863281,1.1924679900317952,172368103.10045543,19.18879436280828,3.340148655321439,53.48280114676333
rl,fine q0.75 a 0.5 reserve 0.5 link now,test,27.75297126309544,1630.7852240125978,2.005524981522769,8.956361891997881,0.9152597226023161,53.73566729044063,4.90654407321074,1.271982646982647,175270625.26305792,15.083527583527584,3.2080970487111413,55.338576695819995
rl,fine q0.75 a 0.5 reserve 1.0 link now,train,27.974140137227423,1635.4343173641655,1.9896281037754198,8.754068238985845,0.922879354861441,53.91608253614363,4.679371231696813,1.1877765897413048,168437254.89482906,14.950696486382132,2.9199445511074695,53.77900219895331
rl,fine q0.75 a 0.5 reserve 1.0 link now,val,27.562290195219504,1626.3768892421726,2.5603098339614263,8.78462100647606,0.9089014678749348,53.58907038554668,4.542289679470655,1.179094697946206,171844360.241729,18.993297241557098,3.3626719645235297,53.55993404988699
rl,fine q0.75 a 0.5 reserve 1.0 link now,test,27.72139874978767,1630.0617377536773,1.9750976424548368,8.925691663333316,0.9142663558149322,53.71281991817109,4.84561426228093,1.25677717344384,174707424.24173358,14.842873176206506,3.232855031996116,55.42428384529671
rl,fine q0.75 a 0.5 reserve 2.0 link now,train,27.91715224696968,1634.1255956314926,1.959469641089746,8.695472300495316,0.9211219685917633,53.875480345354475,4.563723306305504,1.1598800083162553,167354948.01437527,14.738334966883484,2.9634265296050533,53.98057845325265
rl,fine q0.75 a 0.5 reserve 2.0 link now,val,27.51208489912478,1625.2211632872297,2.522137349661731,8.730394462474317,0.9073068682464456,53.552309883777085,4.434379565180031,1.153905645784996,170842919.08034718,18.743017959955314,3.4061047247898544,53.72395997421162
rl,fine q0.75 a 0.5 reserve 2.0 link now,test,27.665174184803956,1628.8521390582748,1.936318524298003,8.866470872105117,0.9125173802061924,53.67471953847595,4.728869895536563,1.2305641888975223,173625313.36976603,14.505093671760338,3.2797211532658093,55.609292171002735
rl,fine q0.8 a 0.5 reserve 0.5 link now,train,27.83214789120732,1632.5698169465934,2.0011957683033437,8.351174359903135,0.9182680678129489,53.819258280112166,3.811302681992337,1.1005672874157237,160593813.61287832,15.030146425495262,3.03540758741331,54.80935052054378
rl,fine q0.8 a 0.5 reserve 0.5 link now,val,27.133206030054108,1618.160898383416,2.5713550864160837,8.372276244725338,0.8942292363618836,53.31387645095742,3.6489752513534417,0.9707398814127352,163651892.0501848,19.08352668213457,3.7275612760994847,54.54328102831851
rl,fine q0.8 a 0.5 reserve 0.5 link now,test,27.263761806234193,1621.272207851292,1.989030722812664,8.484140697878107,0.8985883513904414,53.41769750111459,3.8875830959164293,1.034468617801951,165917412.2438919,14.939998273331607,3.6226718639074615,56.470231222135105
rl,fine q0.8 a 0.5 reserve 1.0 link now,train,27.80213090434466,1631.8523084738179,1.977977043064749,8.32460255817901,0.9173345890250213,53.7968455333242,3.758516736463809,1.0859989901689984,160096090.41765422,14.86753393329175,3.0580908724527665,54.89294158590545
rl,fine q0.8 a 0.5 reserve 1.0 link now,val,27.111652903415052,1617.6374808668832,2.5466416363292077,8.349585664076448,0.8935410507374709,53.29708806722066,3.6035167998625073,0.9597512245424078,163230299.63719174,18.92884764114462,3.745675580309339,54.60474667612769
rl,fine q0.8 a 0.5 reserve 1.0 link now,test,27.23891153194698,1620.7025546664727,1.9632697950056466,8.459175402266013,0.8978064805257691,53.39963840059171,3.8379629629629632,1.0223063973063975,165458299.0814124,14.740352240352237,3.640965145350184,56.53945860929117
rl,fine q0.8 a 0.5 reserve 2.0 link now,train,27.750327290142522,1630.6255361039864,1.9533903095725327,8.27664447405443,0.9157447903067708,53.75895252588696,3.6640901125664556,1.0606789628441593,159204949.30802816,14.692298553565593,3.098968797513664,55.060758544772476
rl,fine q0.8 a 0.5 reserve 2.0 link now,val,27.07328407546908,1616.6843362959482,2.514162004803306,8.306590735974149,0.8923213596635291,53.26666437360356,3.51799218011515,0.9394066340122025,162436400.49849617,18.698977399673453,3.778677882940232,54.73389187952407
rl,fine q0.8 a 0.5 reserve 2.0 link now,test,27.195881756388484,1619.6981322683612,1.9296681323013976,8.412190648074866,0.8964567260753973,53.36791699475646,3.745402745402746,1.0006906673573341,164598581.46404213,14.44250194250194,3.6769152261127664,56.685254877916684
blind,blind fine q0.2 a 0.5 reserve 0.5 link now,train,28.905573816696855,1660.1443394768348,2.2132337500737824,15.485973502670847,0.9533081562783033,54.71656451741492,19.009897828863338,1.9335442098072415,267284076.77792633,16.475838308236064,1.6408104000836334,39.846031345741665
blind,blind fine q0.2 a 0.5 reserve 0.5 link now,val,28.64423131363548,1657.1707255261995,2.7646983442851956,15.410706678585035,0.9444751581297421,54.607852282310716,18.659469794620595,2.1899222308155024,266831901.2510957,20.52504941136031,1.9107806350508398,40.99486342412449
blind,blind fine q0.2 a 0.5 reserve 0.5 link now,test,28.873887232171068,1662.8058500924496,2.169586270771756,15.951250160979743,0.9521521738391464,54.795946867717326,19.82018907018906,2.3326966243632916,275521498.77700084,16.281403781403778,1.6937443645201724,42.10818452991246
blind,blind fine q0.2 a 0.5 reserve 1.0 link now,train,28.861977511220168,1659.162315937043,2.132406432506942,15.36269279303064,0.9519742511663488,54.686376107718,18.771830170186217,1.9106002554278418,265493790.72410828,15.900383141762449,1.679829383703945,40.19090080832352
blind,blind fine q0.2 a 0.5 reserve 1.0 link now,val,28.610287749667172,1656.3664251893222,2.694349095852398,15.303765994070002,0.943413891587534,54.58259267748718,18.45141574288905,2.169631348285641,265290299.72106215,20.011600928074245,1.9450070582558165,41.264345486273605
blind,blind fine q0.2 a 0.5 reserve 1.0 link now,test,28.830041818234513,1661.8126577396154,2.0838751850841284,15.827039764933337,0.950786883757635,54.76479598871006,19.577451869118526,2.3078541828541828,273731163.276785,15.668436501769834,1.7326062168148892,42.414800660635414
blind,blind fine q0.2 a 0.5 reserve 2.0 link now,train,28.779046385422813,1657.2645543378735,2.0412263983764185,15.123168959180841,0.949458195169959,54.62863848918762,18.31147346223528,1.8652172621699488,262048895.96406192,15.257358400902906,1.7565990853794147,40.9166254976907
blind,blind fine q0.2 a 0.5 reserve 2.0 link now,val,28.541641371869808,1654.7783907479125,2.604609988940183,15.08493693241899,0.9412943801927062,54.53322307061853,18.028250408180792,2.1284373120219993,262149008.03549027,19.304803643550738,2.0102710346712174,41.870219445525585
blind,blind fine q0.2 a 0.5 reserve 2.0 link now,test,28.745677728962846,1659.8967369185991,1.9842758727083387,15.584665036327308,0.9481981540516163,54.7054334116365,19.106837606837594,2.256669256669257,270223388.1915739,14.854744021410687,1.8153005513828049,43.07921307059375
blind,blind fine q0.25 a 0.5 reserve 0.5 link now,train,28.90324322272394,1660.2556394066257,2.207149807566431,14.926402021959397,0.953238305537011,54.720419658618276,17.815119249160958,1.920557486114824,262644174.24301285,16.432771986099972,1.6354806965956126,40.494710560570006
blind,blind fine q0.25 a 0.5 reserve 0.5 link now,val,28.644382270596566,1657.3071087723338,2.757777608609963,14.838809576275882,0.9444898985528821,54.61262523269162,17.44078155882101,2.1824460771676555,262041670.34802786,20.472415571023458,1.9065851055487035,41.62902835856046
blind,blind fine q0.25 a 0.5 reserve 0.5 link now,test,28.874850317254975,1662.9824043554872,2.1591792852965503,15.34955872552875,0.9521902685645818,54.80198785539551,18.537317620650963,2.3253582836916173,270503751.2542519,16.212337045670377,1.6879799081653257,42.76980918222149
blind,blind fine q0.25 a 0.5 reserve 1.0 link now,train,28.85988261509375,1659.2763738228873,2.1275728722685696,14.810176312631786,0.9519113557934759,54.69032683947862,17.590803112655564,1.8979996435890583,260906079.8466839,15.872909798330806,1.6745882066262852,40.82960304899609
blind,blind fine q0.25 a 0.5 reserve 1.0 link now,val,28.61051448613343,1656.5126563860774,2.6887246532972244,14.738029335216165,0.9434351382967073,54.58769965873453,17.244349918363845,2.162434476239581,260547823.99862507,19.95681876772364,1.9399554475809189,41.8887553844789
blind,blind fine q0.25 a 0.5 reserve 1.0 link now,test,28.82995972480163,1661.9635301352853,2.0775446087556606,15.233392225745307,0.9507903766977803,54.769971294710246,18.310249935249942,2.300213675213675,268775174.51385653,15.622032288698955,1.7284566828802626,43.06609877980814
blind,blind fine q0.25 a 0.5 reserve 2.0 link now,train,28.777599169500395,1657.3947472477587,2.0384488733991186,14.583477398744375,0.9494211770954029,54.63322271578588,17.15505361014584,1.852861682853664,257552852.55831775,15.235825239834861,1.7507830777077142,41.535278227335404
blind,blind fine q0.25 a 0.5 reserve 2.0 link now,val,28.541352812369983,1654.8926689717775,2.6012877792014186,14.532428716452268,0.9412963807615292,54.53721935024585,16.846663659018652,2.1207678095729143,257499182.58124945,19.282246283406373,2.0067960279954438,42.47582771305425
blind,blind fine q0.25 a 0.5 reserve 2.0 link now,test,28.74548716322509,1660.040589162222,1.9820682709361506,15.006372264371667,0.9482023910296312,54.71046342194614,17.86958257791592,2.249082707416041,265388388.15401882,14.838556505223169,1.8095580951375838,43.70872442620244
blind,blind fine q0.3 a 0.5 reserve 0.5 link now,train,28.908232586761212,1660.447993148421,2.199323839566755,14.354683362026524,0.9534257258390494,54.72712860326105,16.596127001098928,1.918159137485521,257569127.33749145,16.385250527191182,1.626765614706238,41.211492869754835
blind,blind fine q0.3 a 0.5 reserve 0.5 link now,val,28.649707782485144,1657.47557238834,2.7490207085918663,14.25285059169637,0.9446782969832962,54.6184124625476,16.19195239322849,2.181780097963393,256786085.28478125,20.414410930652227,1.899626513563506,42.324315068495146
blind,blind fine q0.3 a 0.5 reserve 0.5 link now,test,28.880142970113656,1663.1875542916644,2.1484803197651456,14.733434222637177,0.9523777064333524,54.8090510448463,17.223517223517216,2.3242575325908668,265003563.81162047,16.11952861952862,1.6800593999132079,43.49508110555307
blind,blind fine q0.3 a 0.5 reserve 1.0 link now,train,28.864554247579186,1659.4616773840307,2.122250740498097,14.244989180417964,0.9520850069712072,54.69680470911025,16.384003088894822,1.8953933885770293,255882124.3221955,15.838011226944666,1.66541771846077,41.535119363938776
blind,blind fine q0.3 a 0.5 reserve 1.0 link now,val,28.615136258602508,1656.6862055259264,2.6831519096751326,14.159703197146555,0.943599840273975,54.593713406290085,16.01027971126578,2.16124215863195,255352929.44057745,19.909555727421157,1.9332491380466472,42.57302059255957
blind,blind fine q0.3 a 0.5 reserve 1.0 link now,test,28.836157822916803,1662.180617555308,2.0712802359286475,14.625768572075238,0.9510051638826754,54.7774177361821,17.013176638176628,2.2992424242424243,263337598.27505827,15.566994733661398,1.718912173359109,43.78041272349619
blind,blind fine q0.3 a 0.5 reserve 2.0 link now,train,28.781286670827978,1657.5552945933903,2.0355280049566007,14.032086180241864,0.9495598642708177,54.63882411795336,15.974583444711746,1.8498693159880009,252628973.92883664,15.218004692744065,1.7427574099649772,42.218216695207104
blind,blind fine q0.3 a 0.5 reserve 2.0 link now,val,28.546576274785085,1655.084443379635,2.597812774199405,13.966969343182537,0.9414835456434969,54.543891198786724,15.637352840079053,2.1197366159663145,252404058.10999393,19.256466443241383,1.9984695379930804,43.13967313567447
blind,blind fine q0.3 a 0.5 reserve 2.0 link now,test,28.750283841175616,1660.2490701154304,1.9800395072129275,14.41470015283965,0.9483719230413227,54.717607759000664,16.603600103600098,2.2481546231546234,260080041.5763619,14.818052318052317,1.800791693262592,44.39957021722209
blind,blind fine q0.35 a 0.5 reserve 0.5 link now,train,28.90337094910897,1660.3824628500436,2.1906585100108606,13.768079122024963,0.9532076837244056,54.72374993583234,15.347537794410293,1.9195773560248302,252446294.81267634,16.3303038403279,1.6269441327961374,41.920243629649406
blind,blind fine q0.35 a 0.5 reserve 0.5 link now,val,28.65835261008497,1657.694980602601,2.7409397626317897,13.658321788138498,0.944979407212039,54.62597319538014,14.925088081120569,2.187483887599897,251537966.30102262,20.345664690212253,1.8906741092610797,42.99766927746444
blind,blind fine q0.35 a 0.5 reserve 0.5 link now,test,28.89004923985057,1663.448217665726,2.1391611121815592,14.107517720608293,0.9527219910349912,54.81804051416741,15.889104722438057,2.330570663903998,259492356.11629114,16.032116032116033,1.6686188693007817,44.20012850804346
blind,blind fine q0.35 a 0.5 reserve 1.0 link now,train,28.859744697211795,1659.388054113232,2.1161686275503118,13.666628322294757,0.9518699845562291,54.693181333936,15.151088538418133,1.8965220232261133,250815102.7027236,15.795687427604026,1.665950251156772,42.23154117339257
blind,blind fine q0.35 a 0.5 reserve 1.0 link now,val,28.622721989624416,1656.865978262164,2.6772890350141254,13.57201029033204,0.9438665076971403,54.59994116611108,14.75646644324139,2.166408868265017,250148944.2869296,19.86444100713242,1.9257313601519161,43.23732221123017
blind,blind fine q0.35 a 0.5 reserve 1.0 link now,test,28.84557537468239,1662.438885365855,2.0662080671462975,14.007308475687966,0.9513317576979766,54.786294644427784,15.693041526374863,2.3052210135543474,257883195.8127428,15.525986359319694,1.7079365197739695,44.47476571005707
blind,blind fine q0.35 a 0.5 reserve 2.0 link now,train,28.77704569479972,1657.49020146897,2.0320069621666925,13.468298818052864,0.949364545734764,54.63550421751012,14.769350144049424,1.8511464551961747,247666360.94751847,15.191273872107871,1.7422350010471634,42.89109648255667
blind,blind fine q0.35 a 0.5 reserve 2.0 link now,val,28.5527549156707,1655.2443279642382,2.59433217315037,13.393047425157217,0.941700182226785,54.54941740426709,14.40981352582281,2.1241836383947756,247296620.94371402,19.227464123055768,1.991752471179322,43.783120942889944
blind,blind fine q0.35 a 0.5 reserve 2.0 link now,test,28.759326303074328,1660.5009592782833,1.9781837713298753,13.811292102391228,0.9486848297872688,54.72623490110459,15.31239747906415,2.2541440041440044,254731603.46663213,14.805102305102304,1.790064989012188,45.07195603843723
blind,blind fine q0.4 a 0.5 reserve 0.5 link now,train,28.900323269879614,1660.4118274933705,2.1869706862419815,13.470909539396864,0.9530755479235317,54.724405734356,14.714834120407502,1.9198372390032374,250167926.9482313,16.300602928509903,1.6279035596293736,42.23957543088005
blind,blind fine q0.4 a 0.5 reserve 0.5 link now,val,28.662603650448744,1657.8038675874895,2.7374410924671415,13.358197694207876,0.945125346699742,54.62970341230552,14.285479505027075,2.1900189052161214,249207219.15742892,20.313439890006013,1.8858860732910112,43.300473140375814
blind,blind fine q0.4 a 0.5 reserve 0.5 link now,test,28.894944234979327,1663.5790788335164,2.1358076619238395,13.790790631394655,0.9528925270957725,54.82255688692056,15.21398817232151,2.3337002503669173,257046173.3733057,16.012691012691008,1.6629374793424208,44.51845693003825
blind,blind fine q0.4 a 0.5 reserve 1.0 link now,train,28.85626427519,1659.401594183046,2.1131100326536503,13.373478928863307,0.9517237177968233,54.69334345352296,14.526077400576204,1.8967076539249756,248560848.96694294,15.769699129763282,1.6679476206784445,42.54554637572162
blind,blind fine q0.4 a 0.5 reserve 1.0 link now,val,28.62655416257852,1656.9612830388046,2.6745876849313364,13.27557813715121,0.943999295181265,54.60323565619129,14.124043997593889,2.1688579530806913,247844234.18501338,19.84188364698805,1.92119061487714,43.53600801002968
blind,blind fine q0.4 a 0.5 reserve 1.0 link now,test,28.850184396249656,1662.550640345004,2.0640562942260443,13.694991474064134,0.9514917492070835,54.79015500889338,15.026439609772948,2.3081779331779337,255464451.3961841,15.507640507640504,1.7032513663744944,44.78776391230506
blind,blind fine q0.4 a 0.5 reserve 2.0 link now,train,28.773318825347943,1657.4921024579344,2.030385898931808,13.183089894626185,0.94921073016283,54.63531653905356,14.1595310226024,1.8511316047402657,245462161.23941907,15.184591166948824,1.7447229001534745,43.19414960567079
blind,blind fine q0.4 a 0.5 reserve 2.0 link now,val,28.55631713069657,1655.3293248630764,2.592957366508205,13.103631005562889,0.9418250267600411,54.552360583013666,13.790785855461037,2.1264393744092125,245034650.27000087,19.217796682993896,1.987834582304375,44.07229619319073
blind,blind fine q0.4 a 0.5 reserve 2.0 link now,test,28.76313541894272,1660.6000404113129,1.9773737532968994,13.506447796532154,0.9488169019877927,54.72966829902425,14.66004057670725,2.256701631701632,252356009.2498489,14.796468963135629,1.786071683777277,45.37501665996008
blind,blind fine q0.45 a 0.5 reserve 0.5 link now,train,28.89201441456291,1660.498052142455,2.1789251034572588,12.872578642075208,0.9527263768924119,54.726860197189275,13.440954587305827,1.9202679022245983,245538144.92114404,16.24491371885117,1.6272215647050625,42.89859942111726
blind,blind fine q0.45 a 0.5 reserve 0.5 link now,val,28.665331960969223,1657.912162245829,2.729754953456127,12.757406233435717,0.9452134564524587,54.633270110862505,13.005413766434643,2.188504339606428,244501472.92626962,20.271547649737904,1.8771657282429512,43.92241425510789
blind,blind fine q0.45 a 0.5 reserve 0.5 link now,test,28.900172957572433,1663.7522999515652,2.1290937836322064,13.156674806381508,0.9530707977126828,54.82843247978876,13.862891737891736,2.3333872917206255,252109703.89907622,15.953336786670121,1.6522501984716926,45.17357710896778
blind,blind fine q0.45 a 0.5 reserve 1.0 link now,train,28.848188016161867,1659.4923186534152,2.106966710109782,12.783049793032292,0.9513845112615895,54.69595635710736,13.267263654994204,1.897338798301108,243983067.80266708,15.73034542160444,1.667342877537557,43.19355914762475
blind,blind fine q0.45 a 0.5 reserve 1.0 link now,val,28.629067811634584,1657.0728692950195,2.668433627858127,12.682106046901522,0.9440825906151068,54.60697989105937,12.858210879092548,2.1669352066683856,243190297.97447795,19.783879006616825,1.9131284105594977,44.1489839848208
blind,blind fine q0.45 a 0.5 reserve 1.0 link now,test,28.855295720853483,1662.7104250580635,2.0597922001896296,13.069533701230743,0.9516669175796131,54.795630237238925,13.691994733661398,2.307595182595183,250584023.8111024,15.474186307519638,1.6930417177039132,45.43222932979002
blind,blind fine q0.45 a 0.5 reserve 2.0 link now,train,28.76560960602196,1657.573886589832,2.0267097637183538,12.60831531552192,0.9488871098925934,54.63771382582423,12.930640945677029,1.8516959220648077,240984714.31560186,15.16008791469898,1.7439709402422854,43.81998786162361
blind,blind fine q0.45 a 0.5 reserve 2.0 link now,val,28.558131489255125,1655.4188953006783,2.5898369212602086,12.524799417448914,0.9418868849837807,54.55538348501391,12.553235369940703,2.124237346395119,240477111.32774764,19.195239322849527,1.9799619506174029,44.66646206194852
blind,blind fine q0.45 a 0.5 reserve 2.0 link now,test,28.76694170341302,1660.751101350574,1.9755009067395044,12.895919879124227,0.94895071101511,54.734845181796175,13.354323145989808,2.2554282137615473,247580530.01415864,14.78675645342312,1.7758586565753947,45.998216098509886
blind,blind fine q0.5 a 0.5 reserve 0.5 link now,train,28.865794752547256,1656.9944421324149,2.163875733651052,12.353744194025179,0.9518696630679164,54.61496532139835,12.332286376191751,1.874372568237845,236122447.5789005,16.14541566426089,1.830348649251962,44.171060016797036
blind,blind fine q0.5 a 0.5 reserve 0.5 link now,val,28.6584348714192,1655.5327864704475,2.7170848726934542,12.2944864021572,0.9450036304788987,54.557387202824536,12.019324138523677,2.140886826501676,236903671.59671736,20.16627996906419,1.959675676027571,44.91495350357329
blind,blind fine q0.5 a 0.5 reserve 0.5 link now,test,28.895874455563458,1661.3208998814941,2.1177479944497404,12.67026937062666,0.9529651691105467,54.75125472838191,12.827149702149706,2.28493265993266,244149923.80177844,15.875636708970044,1.7363700029086795,46.21722403537731
blind,blind fine q0.5 a 0.5 reserve 1.0 link now,train,28.823514120385276,1656.0422757764518,2.0959029160234635,12.271055214995869,0.9505765062180731,54.58574511702474,12.171515340520957,1.8521191600582139,234673082.94591466,15.659063233241259,1.867197318786262,44.44194738405675
blind,blind fine q0.5 a 0.5 reserve 1.0 link now,val,28.62216515970685,1654.7067318110758,2.6595209308573717,12.22545041459887,0.943876538499435,54.53153434927554,11.884130360058437,2.120058863968377,235689252.33402082,19.726948526252468,1.994768973113001,45.12241103410935
blind,blind fine q0.5 a 0.5 reserve 1.0 link now,test,28.851348040653917,1660.3315355337627,2.052742219136667,12.590059929851519,0.9515703826486307,54.720169636394516,12.669440127773463,2.25971250971251,242729766.1301908,15.405119571786233,1.7750332170169023,46.454682784235175
blind,blind fine q0.5 a 0.5 reserve 2.0 link now,train,28.740458569827265,1654.1733530106778,2.020745090726177,12.109807291570894,0.9480580206464634,54.52879848970621,11.860368588315664,1.8069514984110016,231891003.41679296,15.132614571267336,1.9395766845095617,45.01905577970802
blind,blind fine q0.5 a 0.5 reserve 2.0 link now,val,28.549747174945338,1653.0674869380966,2.5845993609448112,12.07962484307931,0.9416331583694696,54.48040599021736,11.60102474864656,2.077124688493598,233156032.46481052,19.151198762567667,2.0620346008663626,45.60163343215137
blind,blind fine q0.5 a 0.5 reserve 2.0 link now,test,28.761738540597054,1658.3604774910743,1.9723003313573115,12.429067613986453,0.9488160631670848,54.658928057488865,12.355985064318398,2.2070922904256234,239922146.11024776,14.7673314339981,1.8569158383018312,46.97948892775666
blind,blind fine q0.55 a 0.5 reserve 0.5 link now,train,28.803225957232474,1649.7119434705896,2.1399001045035884,11.891293300589782,0.9498595375411278,54.37833002314768,11.34310493332145,1.7759585969289258,222158975.28860378,15.992455968398229,2.209919083140775,46.079509640430445
blind,blind fine q0.55 a 0.5 reserve 0.5 link now,val,28.566071969692345,1646.2499229181713,2.699292281790252,11.934252292609122,0.9418523531447,54.24674433303698,11.249838875998966,2.040549540259517,226181202.69004038,20.03200996820486,2.451386772633907,46.31840410681338
blind,blind fine q0.55 a 0.5 reserve 0.5 link now,test,28.79836790563213,1651.418678651634,2.1035143870134543,12.291055577013863,0.9496512402384595,54.420040152281416,12.017655184321848,2.1799188465855135,232826357.4972805,15.760165760165759,2.2577955891279493,47.703485779396104
blind,blind fine q0.55 a 0.5 reserve 1.0 link now,train,28.75950964345722,1648.7877598509149,2.078409777377177,11.814049535849612,0.9485193392457242,54.34987260330892,11.192439632896727,1.7538388428524756,220860974.6281743,15.554367519082833,2.244082378702283,46.317264640314896
blind,blind fine q0.55 a 0.5 reserve 1.0 link now,val,28.529724519264004,1645.4581266148878,2.6462154159535816,11.868709306358317,0.9407238279004689,54.22197953796873,11.121165248775455,2.019850476927043,225069075.4610295,19.62705164561313,2.4831440648047667,46.504582643013215
blind,blind fine q0.55 a 0.5 reserve 1.0 link now,test,28.75438612549529,1650.499051987548,2.0427079458565665,12.21547914610949,0.9482793765029759,54.391186960605644,11.868924285590948,2.155659155659156,231535548.54925323,15.347923681257011,2.292481905111968,47.915659342924364
blind,blind fine q0.55 a 0.5 reserve 2.0 link now,train,28.678768286921734,1647.0859500255524,2.011166438624122,11.663411520777906,0.9460665082665467,54.29799732862072,10.9007989545279,1.7108393477679764,218372274.3782114,15.071727702040452,2.305978987028367,46.82508204197732
blind,blind fine q0.55 a 0.5 reserve 2.0 link now,val,28.458249954178903,1643.9485359728633,2.5764513202321595,11.731105963022792,0.9385156977167972,54.175034112138604,10.853720890263812,1.9789894302655329,222765454.55186042,19.10715820228581,2.541884304901746,46.93636028128246
blind,blind fine q0.55 a 0.5 reserve 2.0 link now,test,28.664381239910504,1648.6571911284082,1.9670803391863532,12.063987759581348,0.9455059712121318,54.33400279308543,11.573696365363029,2.1042152292152294,228984550.625572,14.7360355693689,2.367851221952174,48.38767445898649
blind,blind fine q0.6 a 0.5 reserve 0.5 link now,train,28.70041933336688,1645.6028777999559,2.113622996386386,11.292537767770826,0.9464141111866112,54.242135251269595,10.071749977724318,1.6049110457691051,209615664.2584573,15.81870563426297,2.390520626875281,47.914895158545406
blind,blind fine q0.6 a 0.5 reserve 0.5 link now,val,28.409646169620004,1639.962120467225,2.6784643124439285,11.362800958593056,0.9365439750652922,54.03289692113931,10.034706109822121,1.7807854257970268,214248544.04279456,19.879479247228666,2.6975468923604824,47.92757950555119
blind,blind fine q0.6 a 0.5 reserve 0.5 link now,test,28.632167850652387,1644.7103525486214,2.0857001409998497,11.68585943916233,0.9440179392825597,54.19195264557661,10.73071527238194,1.9037921954588621,220167593.9336959,15.637140637140638,2.5199062178969753,49.412612286230555
blind,blind fine q0.6 a 0.5 reserve 1.0 link now,train,28.65752855872149,1644.7186880097604,2.0587685412699415,11.222822965714121,0.9451021940906779,54.21497709136347,9.935704951142004,1.5842540615996907,208465043.96429947,15.427396121060918,2.423574653897334,48.123771804947886
blind,blind fine q0.6 a 0.5 reserve 1.0 link now,val,28.37359581662966,1639.2146519114042,2.6306328895782185,11.304349587905833,0.9354267661867586,54.00957509458924,9.919588381885367,1.7626536048809833,213271270.02904528,19.516413164905043,2.728321506564204,48.08742321619166
blind,blind fine q0.6 a 0.5 reserve 1.0 link now,test,28.589336454919035,1643.8589935856712,2.0297757276646924,11.618163200740003,0.9426888713832079,54.16540296100077,10.597427264093932,1.8828239661572994,219036853.0725201,15.249719416386082,2.55112951262429,49.59561336634609
blind,blind fine q0.6 a 0.5 reserve 2.0 link now,train,28.577815498869576,1643.0952257726885,1.9993038920897943,11.087206515848305,0.9426806104169617,54.165447954950096,9.672889007692538,1.5443360361163085,206268848.32801688,14.989307671745523,2.482064237528519,48.56832505723789
blind,blind fine q0.6 a 0.5 reserve 2.0 link now,val,28.304537663551084,1637.804456793129,2.5658325174771073,11.18153426831681,0.9333002649241157,53.965830803608334,9.680297757153907,1.7265403454498585,211249206.60952136,19.036263641832086,2.7825845704612866,48.459690770854984
blind,blind fine q0.6 a 0.5 reserve 2.0 link now,test,28.504397505883453,1642.1847567675054,1.961478362073147,11.48356306344447,0.9400922469405939,54.11380678604227,10.334876543209878,1.8396356729690064,216811332.9791073,14.687473020806355,2.6193714424472008,50.0034296654604
blind,blind fine q0.65 a 0.5 reserve 0.5 link now,train,28.535258671895253,1643.3319153852021,2.098244149354706,10.617296238666782,0.9409697152891117,54.167356520911184,8.623414713831714,1.4357272268258636,201923056.5233301,15.723662716445395,2.4680683376501413,48.957352523434196
blind,blind fine q0.65 a 0.5 reserve 0.5 link now,val,28.149080740697705,1636.0953507413478,2.666188956440672,10.815078433962055,0.9279075551365794,53.90438985670732,8.866438944745209,1.6153110767379912,207996248.04288045,19.777434046575575,2.798934237836516,48.752217342622025
blind,blind fine q0.65 a 0.5 reserve 0.5 link now,test,28.354045054612204,1640.5643069633863,2.0753081922505765,11.102587918543136,0.9347930121385477,54.05410769481889,9.485528360528361,1.7274453941120607,213504093.67365968,15.571311404644735,2.627863252910516,50.289261696723045
blind,blind fine q0.65 a 0.5 reserve 1.0 link now,train,28.49445556407679,1642.47856425598,2.047555929620432,10.556576051344344,0.9397205363048955,54.14111662845422,8.504618491787697,1.4168448721375744,200864129.3942202,15.356856455493181,2.499833621040387,49.14722116534519
blind,blind fine q0.65 a 0.5 reserve 1.0 link now,val,28.11580274738774,1635.3885517173346,2.6206051945170534,10.763500900865385,0.9268762953800374,53.882303614684055,8.76449041849274,1.5986938214316406,207089262.76170835,19.44229612443069,2.8277038512640513,48.89823352949193
blind,blind fine q0.65 a 0.5 reserve 1.0 link now,test,28.314342990295707,1639.7578657265133,2.0220830583756255,11.043166095840759,0.9335658012114514,54.0290212611417,9.368265993265993,1.7083549166882501,212459212.2389709,15.192523525856856,2.657598765198337,50.45623092690557
blind,blind fine q0.65 a 0.5 reserve 2.0 link now,train,28.416980637107113,1640.864872929118,1.992626017736134,10.440240840243911,0.9373664636545352,54.091830891556604,8.278898987198907,1.3797038819091745,198868825.6878434,14.949211440791231,2.558112254949843,49.549369700342226
blind,blind fine q0.65 a 0.5 reserve 2.0 link now,val,28.05013638479927,1634.0187249274597,2.5606937298093535,10.657033687000695,0.9248582008153516,53.83988837633457,8.55645784996133,1.5656419180201084,205239797.2845235,18.999742201598345,2.8812916462260887,49.23489309961851
blind,blind fine q0.65 a 0.5 reserve 2.0 link now,test,28.234390188730682,1638.1394405893066,1.9577178719303616,10.925716736311193,0.9311239940313863,53.97915543802917,9.138575930242597,1.668371751705085,210416234.82008114,14.665889665889665,2.7240123637791114,50.82619677584162
blind,blind fine q0.7 a 0.5 reserve 0.5 link now,train,28.38919880437931,1639.3773046699682,2.0773196297634873,10.109242933747588,0.9361764259379313,54.038981093499636,7.551560782916036,1.2700629659330542,193737337.03620538,15.579613294128128,2.5859815087638776,50.20000819121018
blind,blind fine q0.7 a 0.5 reserve 0.5 link now,val,28.029657768345935,1632.524726567957,2.6468754022806498,10.214078177469752,0.9239635331171681,53.7870069648266,7.590691329380423,1.3942704305233307,198261361.95961162,19.620606685571882,2.959147510466593,50.06477896695805
blind,blind fine q0.7 a 0.5 reserve 0.5 link now,test,28.227656133204647,1636.7729442356247,2.058950245883455,10.461022975179679,0.9306205844489913,53.92941611972393,8.122744539411205,1.4920789087455752,203104200.26150396,15.45691962358629,2.797062874944807,51.688915392739986
blind,blind fine q0.7 a 0.5 reserve 1.0 link now,train,28.3501626729868,1638.569663156368,2.032198595990506,10.055354520046512,0.93497988230755,54.0141170480966,7.445981466631025,1.2529403902699814,192778170.3170869,15.250675695743857,2.616396839790317,50.370587229285505
blind,blind fine q0.7 a 0.5 reserve 1.0 link now,val,27.997698479855984,1631.852065626512,2.605773505863649,10.169452612447296,0.9229703576583077,53.765926444919685,7.50221276961416,1.3798981696313484,197456487.58124948,19.31232276359886,2.9858942449544377,50.192118010969764
blind,blind fine q0.7 a 0.5 reserve 1.0 link now,test,28.189179143123322,1636.011230160035,2.010845527864556,10.409645434206805,0.9294272855123356,53.90562667627231,8.021259604592935,1.4753626003626001,202181861.26357597,15.10726927393594,2.823514527022062,51.83504914779051
blind,blind fine q0.7 a 0.5 reserve 2.0 link now,train,28.276900864161576,1637.0520049592585,1.9835309070925584,9.95347167270532,0.9327495489354634,53.9676973236928,7.247861534349105,1.2199501024681456,190989971.69259557,14.893522231132494,2.6726381565871957,50.726520155605556
blind,blind fine q0.7 a 0.5 reserve 2.0 link now,val,27.93445777918857,1630.5750138931098,2.552270377834531,10.078185319463506,0.921021899389098,53.726295886608135,7.323311420469191,1.3518733350519894,195833419.3724328,18.950330841282113,3.0338447000673865,50.48358640182491
blind,blind fine q0.7 a 0.5 reserve 2.0 link now,test,28.11376671319335,1634.5245258084396,1.9530693521828588,10.309111108779081,0.9271238178713437,53.859846887098286,7.824538116204782,1.4422105672105672,200398522.80920315,14.631356298022965,2.883866835966204,52.156201040891816
blind,blind fine q0.75 a 0.5 reserve 0.5 link now,train,28.15629199985509,1632.0728969414358,2.058589805821387,9.551171894373743,0.928340228715251,53.79213612358996,6.3560471056461445,1.0664335145088955,184901746.36015323,15.459324601265257,2.9386919933367195,51.387215439082354
blind,blind fine q0.75 a 0.5 reserve 0.5 link now,val,27.82332921150991,1627.344082043119,2.631952086961355,9.719284312580774,0.9172699869507495,53.621247306311815,6.533556758614765,1.2053686517143596,190910231.55495402,19.49922660479505,3.204363779961979,51.02561902369019
blind,blind fine q0.75 a 0.5 reserve 0.5 link now,test,28.006305050624814,1631.2153705735554,2.0449593253667673,9.930893112920328,0.9234271561547495,53.75135981061633,6.989035655702324,1.2888824138824142,195216265.91116288,15.355477855477856,3.0568660774703793,52.71408209952367
blind,blind fine q0.75 a 0.5 reserve 1.0 link now,train,28.11903121277075,1631.3299032363936,2.0188724293080105,9.504460063379735,0.9271980419761962,53.76926716118208,6.264375241319909,1.0514642549526272,184050195.9548546,15.15489025513083,2.9657269573795983,51.537873107864435
blind,blind fine q0.75 a 0.5 reserve 1.0 link now,val,27.79234272058223,1626.6943150007778,2.5944264491796285,9.680282087833953,0.9163033326043428,53.60082562838471,6.455937956518002,1.1920061012288392,190184286.37535447,19.236057403110763,3.2284329439415465,51.137803575509984
blind,blind fine q0.75 a 0.5 reserve 1.0 link now,test,27.969387128940244,1630.5027393722276,2.0022904530502443,9.88662243343351,0.9222797262614264,53.7290353148125,6.9013856513856515,1.2740546490546492,194396011.72899938,15.048994215660882,3.0809438093690593,52.842111295456974
blind,blind fine q0.75 a 0.5 reserve 2.0 link now,train,28.051948175527958,1629.9689717839506,1.9756821018100807,9.418194937649133,0.9251559592486371,53.7276918723363,6.096513112952568,1.0238349817339394,182488296.43796965,14.848970863405505,3.013783291889158,51.84691871556535
blind,blind fine q0.75 a 0.5 reserve 2.0 link now,val,27.733647394520425,1625.5354168162812,2.5445369620407896,9.602285904705745,0.9144846054748784,53.56455962114525,6.302322333934863,1.1677408266735414,188742798.09057316,18.910586921027754,3.270088759157337,51.38992793126086
blind,blind fine q0.75 a 0.5 reserve 2.0 link now,test,27.89915343776843,1629.143789713506,1.9496232542621823,9.80099428741847,0.9201336803154102,53.68704520563147,6.733423983423984,1.2454674954674958,192823309.2179919,14.6043771043771,3.134125529348468,53.12068369849254
blind,blind fine q0.8 a 0.5 reserve 0.5 link now,train,27.912915647843832,1626.1509770098442,2.0351133443643494,9.093681411969065,0.9202408491102904,53.59470814336075,5.375226469452614,0.9444444444444445,174767821.85565355,15.28631678992545,3.2051179180803344,52.756860734832436
blind,blind fine q0.8 a 0.5 reserve 0.5 link now,val,27.540977325585384,1620.2073656198518,2.615917953428005,9.39329870083838,0.9081244968923259,53.39249059923906,5.840949127782076,1.106932628684369,183819874.54541546,19.396107244135084,3.44558659462551,51.9615800897166
blind,blind fine q0.8 a 0.5 reserve 0.5 link now,test,27.705405758667705,1623.6159007433746,2.0298023321766587,9.581063138465085,0.9136615555923089,53.507295016241635,6.244647327980664,1.1832210998877668,187599467.03513768,15.256194422861087,3.3168336642178398,53.710891190281814
blind,blind fine q0.8 a 0.5 reserve 1.0 link now,train,27.877931438901022,1625.459279344897,2.002895965045864,9.054121175159938,0.9191715813400457,53.573439615585094,5.297462057085156,0.9305072915738514,174051376.2181235,15.047224449790606,3.2287503944768403,52.883245888121664
blind,blind fine q0.8 a 0.5 reserve 1.0 link now,val,27.514091614468757,1619.6650760194484,2.581535217349046,9.358893910146934,0.9072833554715761,53.37534379441772,5.772224370542237,1.0950631606084043,183180523.8169631,19.16731116267079,3.4675187937230154,52.05815049984409
blind,blind fine q0.8 a 0.5 reserve 1.0 link now,test,27.671335626779175,1622.9675458272393,1.9909996162404422,9.541949715631695,0.9126012947315527,53.48696306381808,6.167012000345335,1.169343002676336,186875280.22956055,14.971294137960804,3.3373567972736624,53.82214616097114
blind,blind fine q0.8 a 0.5 reserve 2.0 link now,train,27.817646262969266,1624.2473942508466,1.9663283171914534,8.981226218034722,0.9173431124556847,53.536482883642115,5.155135287653334,0.9059075113605988,172752092.34429294,14.796994267724017,3.2694154555620765,53.13706603733
blind,blind fine q0.8 a 0.5 reserve 2.0 link now,val,27.461572285909572,1618.6615321224976,2.5353913439893887,9.290793656458673,0.9056515012463405,53.34378454798578,5.63735284007906,1.0725058004640373,181921678.99931252,18.840766520580903,3.5046109502508993,52.27211583111702
blind,blind fine q0.8 a 0.5 reserve 2.0 link now,test,27.609264651083603,1621.8129335553554,1.944719090709831,9.468099788946745,0.9107069503115925,53.45126829410076,6.021572563239231,1.1435185185185186,185518082.8515065,14.566606233272898,3.3828865243231,54.05813347690916
