split,allowance,d_bar,b_bar,method,choice,psnr,cov,avoidable_stall,J_D,J_B,stall_pct,qvar_dB,bits_Mbit,within_budgets
val,0.05,1.971,7.5,predicted viewport only,,51.743299145247576,0.8294317664439023,0.0,2.4672301752095973,6.6528640989349705,18.398212597748557,5.295441719150363,129.07338696296299,True
val,0.05,1.971,7.5,QER 120x60 (MMSP),,52.34239901588459,0.8534792723976018,0.7192765515865558,3.186506726796153,7.658837931880667,23.544513190684874,4.654549968427583,148.04166785185186,False
val,0.05,1.971,7.5,QER 160x80 (MMSP),,53.01970477491328,0.8860519281074785,1.1640601640822648,3.631290339291862,8.443504118101908,24.683122797971976,4.204809486507188,162.41373155555556,False
val,0.05,1.971,7.5,QER 200x100 (MMSP),,54.092067495518656,0.9285386603240743,3.393848058041956,5.861078233251553,16.123343586791535,29.521139468935278,3.077991114754279,257.9260735555556,False
val,0.05,1.971,7.5,"average-based, bounds 30/15 (MMSP)",,53.72342350719133,0.91534571279321,2.272207353437247,4.739437528646844,11.74846004387071,26.85077769184497,3.1855833656159263,202.17150807407407,False
val,0.05,1.971,7.5,"average-based, fitted to our error data (MMSP rule)",,53.94462141506684,0.9235525123304197,1.903114767516438,4.370344942726035,9.783489563656621,26.073085846867738,3.2446511237341427,186.65618333333333,False
val,0.05,1.971,7.5,"threshold 10 s base layer, enlarged viewport (ASL360, adapted)",,53.37573423846642,0.899114797703681,0.26180718171076567,2.729037356920363,8.853266224671307,20.556200051559678,3.787169876821592,170.28975883844632,False
val,0.05,1.971,7.5,best published rule within budgets,predicted viewport only,51.743299145247576,0.8294317664439023,0.0,2.4672301752095973,6.6528640989349705,18.398212597748557,5.295441719150363,129.07338696296299,True
val,0.05,1.971,7.5,"literature, tuned to our budgets","threshold, margin 0.15x",51.99281904742121,0.8431073652537369,0.037376754587968186,2.5046069297975655,6.954392173879736,18.734424679900314,5.214382330352965,134.6761089261837,True
val,0.05,1.971,7.5,RL estimate,tau q5 a 0.7 reserve 0.25 link now,52.616730013407754,0.8643751985582196,0.05072936551593976,2.517959540725537,7.155587442877076,18.756982040044683,4.507326694180696,139.83754031941223,False
val,0.05,1.971,7.5,"uniform, same bits as RL estimate",all 64 tiles,52.11419229333924,1.0,0.040348796796038755,2.507578972005636,30.35867819504262,18.65923347941909,0.6457273896439981,139.51211629775716,True
val,0.05,1.971,7.5,"RL estimate, perfect viewport",tau q2 a 1.0 reserve 1.0,53.951329207148525,0.9376241879240993,0.05137881044324244,2.5186089856528397,7.215068016892939,18.750537080003436,2.788675924371279,140.12422896253332,False
val,0.05,1.971,7.5,oracle (actual viewport + future link),,54.58113131899543,0.9530824865081285,0.0,2.4672301752095973,7.499997189692605,18.398212597748557,1.957257197257152,144.8968281949815,True
val,0.05,1.971,8.0,predicted viewport only,,51.743299145247576,0.8294317664439023,0.0,2.4672301752095973,6.6528640989349705,18.398212597748557,5.295441719150363,129.07338696296299,True
val,0.05,1.971,8.0,QER 120x60 (MMSP),,52.34239901588459,0.8534792723976018,0.7192765515865558,3.186506726796153,7.658837931880667,23.544513190684874,4.654549968427583,148.04166785185186,False
val,0.05,1.971,8.0,QER 160x80 (MMSP),,53.01970477491328,0.8860519281074785,1.1640601640822648,3.631290339291862,8.443504118101908,24.683122797971976,4.204809486507188,162.41373155555556,False
val,0.05,1.971,8.0,QER 200x100 (MMSP),,54.092067495518656,0.9285386603240743,3.393848058041956,5.861078233251553,16.123343586791535,29.521139468935278,3.077991114754279,257.9260735555556,False
val,0.05,1.971,8.0,"average-based, bounds 30/15 (MMSP)",,53.72342350719133,0.91534571279321,2.272207353437247,4.739437528646844,11.74846004387071,26.85077769184497,3.1855833656159263,202.17150807407407,False
val,0.05,1.971,8.0,"average-based, fitted to our error data (MMSP rule)",,53.94462141506684,0.9235525123304197,1.903114767516438,4.370344942726035,9.783489563656621,26.073085846867738,3.2446511237341427,186.65618333333333,False
val,0.05,1.971,8.0,"threshold 10 s base layer, enlarged viewport (ASL360, adapted)",,53.37573423846642,0.899114797703681,0.26180718171076567,2.729037356920363,8.853266224671307,20.556200051559678,3.787169876821592,170.28975883844632,False
val,0.05,1.971,8.0,best published rule within budgets,predicted viewport only,51.743299145247576,0.8294317664439023,0.0,2.4672301752095973,6.6528640989349705,18.398212597748557,5.295441719150363,129.07338696296299,True
val,0.05,1.971,8.0,"literature, tuned to our budgets","threshold, margin 0.15x",51.99281904742121,0.8431073652537369,0.037376754587968186,2.5046069297975655,6.954392173879736,18.734424679900314,5.214382330352965,134.6761089261837,True
val,0.05,1.971,8.0,RL estimate,tau q4 a 1.0 reserve 2.0 link now,53.02992944193972,0.8821704443709416,0.06363551599651807,2.5308656912061154,7.583767618236516,18.824654120477785,4.196165652556719,148.1986452845235,False
val,0.05,1.971,8.0,"uniform, same bits as RL estimate",all 64 tiles,52.34291048489343,1.0,0.05302354280767796,2.5202537180172753,30.35867819504262,18.739795479934692,0.5269100149776954,147.83843208077684,False
val,0.05,1.971,8.0,"RL estimate, perfect viewport",tau q0 a 0.5 reserve 1.0,54.81858259650934,0.9522986951083363,0.05408537627206478,2.521315551481662,7.760711707777889,18.750537080003436,1.655281247217235,150.06769330497548,False
val,0.05,1.971,8.0,oracle (actual viewport + future link),,54.989081676231855,0.9625465259824229,0.049999998778654575,2.517230173988252,7.820858478008923,18.669975079487838,1.4280296028516115,151.19864504803644,True
val,0.05,1.971,9.0,predicted viewport only,,51.743299145247576,0.8294317664439023,0.0,2.4672301752095973,6.6528640989349705,18.398212597748557,5.295441719150363,129.07338696296299,True
val,0.05,1.971,9.0,QER 120x60 (MMSP),,52.34239901588459,0.8534792723976018,0.7192765515865558,3.186506726796153,7.658837931880667,23.544513190684874,4.654549968427583,148.04166785185186,False
val,0.05,1.971,9.0,QER 160x80 (MMSP),,53.01970477491328,0.8860519281074785,1.1640601640822648,3.631290339291862,8.443504118101908,24.683122797971976,4.204809486507188,162.41373155555556,False
val,0.05,1.971,9.0,QER 200x100 (MMSP),,54.092067495518656,0.9285386603240743,3.393848058041956,5.861078233251553,16.123343586791535,29.521139468935278,3.077991114754279,257.9260735555556,False
val,0.05,1.971,9.0,"average-based, bounds 30/15 (MMSP)",,53.72342350719133,0.91534571279321,2.272207353437247,4.739437528646844,11.74846004387071,26.85077769184497,3.1855833656159263,202.17150807407407,False
val,0.05,1.971,9.0,"average-based, fitted to our error data (MMSP rule)",,53.94462141506684,0.9235525123304197,1.903114767516438,4.370344942726035,9.783489563656621,26.073085846867738,3.2446511237341427,186.65618333333333,False
val,0.05,1.971,9.0,"threshold 10 s base layer, enlarged viewport (ASL360, adapted)",,53.37573423846642,0.899114797703681,0.26180718171076567,2.729037356920363,8.853266224671307,20.556200051559678,3.787169876821592,170.28975883844632,False
val,0.05,1.971,9.0,best published rule within budgets,predicted viewport only,51.743299145247576,0.8294317664439023,0.0,2.4672301752095973,6.6528640989349705,18.398212597748557,5.295441719150363,129.07338696296299,True
val,0.05,1.971,9.0,"literature, tuned to our budgets","threshold, margin 0.15x",51.99281904742121,0.8431073652537369,0.037376754587968186,2.5046069297975655,6.954392173879736,18.734424679900314,5.214382330352965,134.6761089261837,True
val,0.05,1.971,9.0,RL estimate,tau q4 a 1.0 reserve 2.0 link now,53.02992944193972,0.8821704443709416,0.06363551599651807,2.5308656912061154,7.583767618236516,18.824654120477785,4.196165652556719,148.1986452845235,False
val,0.05,1.971,9.0,"uniform, same bits as RL estimate",all 64 tiles,52.34291048489343,1.0,0.05302354280767796,2.5202537180172753,30.35867819504262,18.739795479934692,0.5269100149776954,147.83843208077684,False
val,0.05,1.971,9.0,"RL estimate, perfect viewport",tau q0 a 0.5 reserve 1.0,54.81858259650934,0.9522986951083363,0.05408537627206478,2.521315551481662,7.760711707777889,18.750537080003436,1.655281247217235,150.06769330497548,False
val,0.05,1.971,9.0,oracle (actual viewport + future link),,54.989081676231855,0.9625465259824229,0.049999998778654575,2.517230173988252,7.820858478008923,18.669975079487838,1.4280296028516115,151.19864504803644,True
val,0.05,1.971,10.0,predicted viewport only,,51.743299145247576,0.8294317664439023,0.0,2.4672301752095973,6.6528640989349705,18.398212597748557,5.295441719150363,129.07338696296299,True
val,0.05,1.971,10.0,QER 120x60 (MMSP),,52.34239901588459,0.8534792723976018,0.7192765515865558,3.186506726796153,7.658837931880667,23.544513190684874,4.654549968427583,148.04166785185186,False
val,0.05,1.971,10.0,QER 160x80 (MMSP),,53.01970477491328,0.8860519281074785,1.1640601640822648,3.631290339291862,8.443504118101908,24.683122797971976,4.204809486507188,162.41373155555556,False
val,0.05,1.971,10.0,QER 200x100 (MMSP),,54.092067495518656,0.9285386603240743,3.393848058041956,5.861078233251553,16.123343586791535,29.521139468935278,3.077991114754279,257.9260735555556,False
val,0.05,1.971,10.0,"average-based, bounds 30/15 (MMSP)",,53.72342350719133,0.91534571279321,2.272207353437247,4.739437528646844,11.74846004387071,26.85077769184497,3.1855833656159263,202.17150807407407,False
val,0.05,1.971,10.0,"average-based, fitted to our error data (MMSP rule)",,53.94462141506684,0.9235525123304197,1.903114767516438,4.370344942726035,9.783489563656621,26.073085846867738,3.2446511237341427,186.65618333333333,False
val,0.05,1.971,10.0,"threshold 10 s base layer, enlarged viewport (ASL360, adapted)",,53.37573423846642,0.899114797703681,0.26180718171076567,2.729037356920363,8.853266224671307,20.556200051559678,3.787169876821592,170.28975883844632,False
val,0.05,1.971,10.0,best published rule within budgets,predicted viewport only,51.743299145247576,0.8294317664439023,0.0,2.4672301752095973,6.6528640989349705,18.398212597748557,5.295441719150363,129.07338696296299,True
val,0.05,1.971,10.0,"literature, tuned to our budgets","threshold, margin 0.15x",51.99281904742121,0.8431073652537369,0.037376754587968186,2.5046069297975655,6.954392173879736,18.734424679900314,5.214382330352965,134.6761089261837,True
val,0.05,1.971,10.0,RL estimate,tau q3 a 0.5 reserve 2.0 link now,53.552309883777085,0.9073068682464456,0.05490717445213367,2.522137349661731,8.730394462474317,18.743017959955314,3.4061047247898544,170.84291908034717,False
val,0.05,1.971,10.0,"uniform, same bits as RL estimate",all 64 tiles,52.63455812881409,1.0,0.04461492742852613,2.5118451026381234,30.35867819504262,18.654936839391592,0.5053107533571664,170.46659939615023,True
val,0.05,1.971,10.0,"RL estimate, perfect viewport",tau q0 a 0.5 reserve 1.0,54.81858259650934,0.9522986951083363,0.05408537627206478,2.521315551481662,7.760711707777889,18.750537080003436,1.655281247217235,150.06769330497548,False
val,0.05,1.971,10.0,oracle (actual viewport + future link),,54.989081676231855,0.9625465259824229,0.049999998778654575,2.517230173988252,7.820858478008923,18.669975079487838,1.4280296028516115,151.19864504803644,True
val,0.05,1.971,12.0,predicted viewport only,,51.743299145247576,0.8294317664439023,0.0,2.4672301752095973,6.6528640989349705,18.398212597748557,5.295441719150363,129.07338696296299,True
val,0.05,1.971,12.0,QER 120x60 (MMSP),,52.34239901588459,0.8534792723976018,0.7192765515865558,3.186506726796153,7.658837931880667,23.544513190684874,4.654549968427583,148.04166785185186,False
val,0.05,1.971,12.0,QER 160x80 (MMSP),,53.01970477491328,0.8860519281074785,1.1640601640822648,3.631290339291862,8.443504118101908,24.683122797971976,4.204809486507188,162.41373155555556,False
val,0.05,1.971,12.0,QER 200x100 (MMSP),,54.092067495518656,0.9285386603240743,3.393848058041956,5.861078233251553,16.123343586791535,29.521139468935278,3.077991114754279,257.9260735555556,False
val,0.05,1.971,12.0,"average-based, bounds 30/15 (MMSP)",,53.72342350719133,0.91534571279321,2.272207353437247,4.739437528646844,11.74846004387071,26.85077769184497,3.1855833656159263,202.17150807407407,False
val,0.05,1.971,12.0,"average-based, fitted to our error data (MMSP rule)",,53.94462141506684,0.9235525123304197,1.903114767516438,4.370344942726035,9.783489563656621,26.073085846867738,3.2446511237341427,186.65618333333333,False
val,0.05,1.971,12.0,"threshold 10 s base layer, enlarged viewport (ASL360, adapted)",,53.37573423846642,0.899114797703681,0.26180718171076567,2.729037356920363,8.853266224671307,20.556200051559678,3.787169876821592,170.28975883844632,False
val,0.05,1.971,12.0,best published rule within budgets,predicted viewport only,51.743299145247576,0.8294317664439023,0.0,2.4672301752095973,6.6528640989349705,18.398212597748557,5.295441719150363,129.07338696296299,True
val,0.05,1.971,12.0,"literature, tuned to our budgets","threshold, margin 0.15x",51.99281904742121,0.8431073652537369,0.037376754587968186,2.5046069297975655,6.954392173879736,18.734424679900314,5.214382330352965,134.6761089261837,True
val,0.05,1.971,12.0,RL estimate,tau q3 a 0.5 reserve 2.0 link now,53.552309883777085,0.9073068682464456,0.05490717445213367,2.522137349661731,8.730394462474317,18.743017959955314,3.4061047247898544,170.84291908034717,False
val,0.05,1.971,12.0,"uniform, same bits as RL estimate",all 64 tiles,52.63455812881409,1.0,0.04461492742852613,2.5118451026381234,30.35867819504262,18.654936839391592,0.5053107533571664,170.46659939615023,True
val,0.05,1.971,12.0,"RL estimate, perfect viewport",tau q0 a 0.5 reserve 1.0,54.81858259650934,0.9522986951083363,0.05408537627206478,2.521315551481662,7.760711707777889,18.750537080003436,1.655281247217235,150.06769330497548,False
val,0.05,1.971,12.0,oracle (actual viewport + future link),,54.989081676231855,0.9625465259824229,0.049999998778654575,2.517230173988252,7.820858478008923,18.669975079487838,1.4280296028516115,151.19864504803644,True
val,0.05,1.971,14.0,predicted viewport only,,51.743299145247576,0.8294317664439023,0.0,2.4672301752095973,6.6528640989349705,18.398212597748557,5.295441719150363,129.07338696296299,True
val,0.05,1.971,14.0,QER 120x60 (MMSP),,52.34239901588459,0.8534792723976018,0.7192765515865558,3.186506726796153,7.658837931880667,23.544513190684874,4.654549968427583,148.04166785185186,False
val,0.05,1.971,14.0,QER 160x80 (MMSP),,53.01970477491328,0.8860519281074785,1.1640601640822648,3.631290339291862,8.443504118101908,24.683122797971976,4.204809486507188,162.41373155555556,False
val,0.05,1.971,14.0,QER 200x100 (MMSP),,54.092067495518656,0.9285386603240743,3.393848058041956,5.861078233251553,16.123343586791535,29.521139468935278,3.077991114754279,257.9260735555556,False
val,0.05,1.971,14.0,"average-based, bounds 30/15 (MMSP)",,53.72342350719133,0.91534571279321,2.272207353437247,4.739437528646844,11.74846004387071,26.85077769184497,3.1855833656159263,202.17150807407407,False
val,0.05,1.971,14.0,"average-based, fitted to our error data (MMSP rule)",,53.94462141506684,0.9235525123304197,1.903114767516438,4.370344942726035,9.783489563656621,26.073085846867738,3.2446511237341427,186.65618333333333,False
val,0.05,1.971,14.0,"threshold 10 s base layer, enlarged viewport (ASL360, adapted)",,53.37573423846642,0.899114797703681,0.26180718171076567,2.729037356920363,8.853266224671307,20.556200051559678,3.787169876821592,170.28975883844632,False
val,0.05,1.971,14.0,best published rule within budgets,predicted viewport only,51.743299145247576,0.8294317664439023,0.0,2.4672301752095973,6.6528640989349705,18.398212597748557,5.295441719150363,129.07338696296299,True
val,0.05,1.971,14.0,"literature, tuned to our budgets","threshold, margin 0.15x",51.99281904742121,0.8431073652537369,0.037376754587968186,2.5046069297975655,6.954392173879736,18.734424679900314,5.214382330352965,134.6761089261837,True
val,0.05,1.971,14.0,RL estimate,tau q3 a 0.5 reserve 2.0 link now,53.552309883777085,0.9073068682464456,0.05490717445213367,2.522137349661731,8.730394462474317,18.743017959955314,3.4061047247898544,170.84291908034717,False
val,0.05,1.971,14.0,"uniform, same bits as RL estimate",all 64 tiles,52.63455812881409,1.0,0.04461492742852613,2.5118451026381234,30.35867819504262,18.654936839391592,0.5053107533571664,170.46659939615023,True
val,0.05,1.971,14.0,"RL estimate, perfect viewport",tau q0 a 0.5 reserve 1.0,54.81858259650934,0.9522986951083363,0.05408537627206478,2.521315551481662,7.760711707777889,18.750537080003436,1.655281247217235,150.06769330497548,False
val,0.05,1.971,14.0,oracle (actual viewport + future link),,54.989081676231855,0.9625465259824229,0.049999998778654575,2.517230173988252,7.820858478008923,18.669975079487838,1.4280296028516115,151.19864504803644,True
val,0.05,1.971,16.0,predicted viewport only,,51.743299145247576,0.8294317664439023,0.0,2.4672301752095973,6.6528640989349705,18.398212597748557,5.295441719150363,129.07338696296299,True
val,0.05,1.971,16.0,QER 120x60 (MMSP),,52.34239901588459,0.8534792723976018,0.7192765515865558,3.186506726796153,7.658837931880667,23.544513190684874,4.654549968427583,148.04166785185186,False
val,0.05,1.971,16.0,QER 160x80 (MMSP),,53.01970477491328,0.8860519281074785,1.1640601640822648,3.631290339291862,8.443504118101908,24.683122797971976,4.204809486507188,162.41373155555556,False
val,0.05,1.971,16.0,QER 200x100 (MMSP),,54.092067495518656,0.9285386603240743,3.393848058041956,5.861078233251553,16.123343586791535,29.521139468935278,3.077991114754279,257.9260735555556,False
val,0.05,1.971,16.0,"average-based, bounds 30/15 (MMSP)",,53.72342350719133,0.91534571279321,2.272207353437247,4.739437528646844,11.74846004387071,26.85077769184497,3.1855833656159263,202.17150807407407,False
val,0.05,1.971,16.0,"average-based, fitted to our error data (MMSP rule)",,53.94462141506684,0.9235525123304197,1.903114767516438,4.370344942726035,9.783489563656621,26.073085846867738,3.2446511237341427,186.65618333333333,False
val,0.05,1.971,16.0,"threshold 10 s base layer, enlarged viewport (ASL360, adapted)",,53.37573423846642,0.899114797703681,0.26180718171076567,2.729037356920363,8.853266224671307,20.556200051559678,3.787169876821592,170.28975883844632,False
val,0.05,1.971,16.0,best published rule within budgets,predicted viewport only,51.743299145247576,0.8294317664439023,0.0,2.4672301752095973,6.6528640989349705,18.398212597748557,5.295441719150363,129.07338696296299,True
val,0.05,1.971,16.0,"literature, tuned to our budgets","threshold, margin 0.15x",51.99281904742121,0.8431073652537369,0.037376754587968186,2.5046069297975655,6.954392173879736,18.734424679900314,5.214382330352965,134.6761089261837,True
val,0.05,1.971,16.0,RL estimate,tau q3 a 0.5 reserve 2.0 link now,53.552309883777085,0.9073068682464456,0.05490717445213367,2.522137349661731,8.730394462474317,18.743017959955314,3.4061047247898544,170.84291908034717,False
val,0.05,1.971,16.0,"uniform, same bits as RL estimate",all 64 tiles,52.63455812881409,1.0,0.04461492742852613,2.5118451026381234,30.35867819504262,18.654936839391592,0.5053107533571664,170.46659939615023,True
val,0.05,1.971,16.0,"RL estimate, perfect viewport",tau q0 a 0.5 reserve 1.0,54.81858259650934,0.9522986951083363,0.05408537627206478,2.521315551481662,7.760711707777889,18.750537080003436,1.655281247217235,150.06769330497548,False
val,0.05,1.971,16.0,oracle (actual viewport + future link),,54.989081676231855,0.9625465259824229,0.049999998778654575,2.517230173988252,7.820858478008923,18.669975079487838,1.4280296028516115,151.19864504803644,True
val,0.1,2.021,7.5,predicted viewport only,,51.743299145247576,0.8294317664439023,0.0,2.4672301752095973,6.6528640989349705,18.398212597748557,5.295441719150363,129.07338696296299,True
val,0.1,2.021,7.5,QER 120x60 (MMSP),,52.34239901588459,0.8534792723976018,0.7192765515865558,3.186506726796153,7.658837931880667,23.544513190684874,4.654549968427583,148.04166785185186,False
val,0.1,2.021,7.5,QER 160x80 (MMSP),,53.01970477491328,0.8860519281074785,1.1640601640822648,3.631290339291862,8.443504118101908,24.683122797971976,4.204809486507188,162.41373155555556,False
val,0.1,2.021,7.5,QER 200x100 (MMSP),,54.092067495518656,0.9285386603240743,3.393848058041956,5.861078233251553,16.123343586791535,29.521139468935278,3.077991114754279,257.9260735555556,False
val,0.1,2.021,7.5,"average-based, bounds 30/15 (MMSP)",,53.72342350719133,0.91534571279321,2.272207353437247,4.739437528646844,11.74846004387071,26.85077769184497,3.1855833656159263,202.17150807407407,False
val,0.1,2.021,7.5,"average-based, fitted to our error data (MMSP rule)",,53.94462141506684,0.9235525123304197,1.903114767516438,4.370344942726035,9.783489563656621,26.073085846867738,3.2446511237341427,186.65618333333333,False
val,0.1,2.021,7.5,"threshold 10 s base layer, enlarged viewport (ASL360, adapted)",,53.37573423846642,0.899114797703681,0.26180718171076567,2.729037356920363,8.853266224671307,20.556200051559678,3.787169876821592,170.28975883844632,False
val,0.1,2.021,7.5,best published rule within budgets,predicted viewport only,51.743299145247576,0.8294317664439023,0.0,2.4672301752095973,6.6528640989349705,18.398212597748557,5.295441719150363,129.07338696296299,True
val,0.1,2.021,7.5,"literature, tuned to our budgets","threshold, margin 0.25x",52.30642062003849,0.8543722277474964,0.058202637263399026,2.5254328124729963,7.162100233478677,18.903067800979628,4.882469592619783,138.75077113482854,True
val,0.1,2.021,7.5,RL estimate,tau q5 a 1.0 reserve 0.25 link now,52.62970219066836,0.8649381435497939,0.07651900992261851,2.543749185132216,7.164922567275522,19.094268282203313,4.496372357596739,140.0238762986165,True
val,0.1,2.021,7.5,"uniform, same bits as RL estimate",all 64 tiles,52.11943374257691,1.0,0.06601575991835551,2.533245935127953,30.35867819504262,19.001890521612093,0.6424320391531887,139.69765464406635,True
val,0.1,2.021,7.5,"RL estimate, perfect viewport",tau q2 a 1.0 reserve 0.25,53.989786674160094,0.9396152103896513,0.07291433611856313,2.5401445113281604,7.22528010255362,18.993297241557098,2.7431079601592474,140.31056680948697,True
val,0.1,2.021,7.5,oracle (actual viewport + future link),,54.58113131899543,0.9530824865081285,0.0,2.4672301752095973,7.499997189692605,18.398212597748557,1.957257197257152,144.8968281949815,True
val,0.1,2.021,8.0,predicted viewport only,,51.743299145247576,0.8294317664439023,0.0,2.4672301752095973,6.6528640989349705,18.398212597748557,5.295441719150363,129.07338696296299,True
val,0.1,2.021,8.0,QER 120x60 (MMSP),,52.34239901588459,0.8534792723976018,0.7192765515865558,3.186506726796153,7.658837931880667,23.544513190684874,4.654549968427583,148.04166785185186,False
val,0.1,2.021,8.0,QER 160x80 (MMSP),,53.01970477491328,0.8860519281074785,1.1640601640822648,3.631290339291862,8.443504118101908,24.683122797971976,4.204809486507188,162.41373155555556,False
val,0.1,2.021,8.0,QER 200x100 (MMSP),,54.092067495518656,0.9285386603240743,3.393848058041956,5.861078233251553,16.123343586791535,29.521139468935278,3.077991114754279,257.9260735555556,False
val,0.1,2.021,8.0,"average-based, bounds 30/15 (MMSP)",,53.72342350719133,0.91534571279321,2.272207353437247,4.739437528646844,11.74846004387071,26.85077769184497,3.1855833656159263,202.17150807407407,False
val,0.1,2.021,8.0,"average-based, fitted to our error data (MMSP rule)",,53.94462141506684,0.9235525123304197,1.903114767516438,4.370344942726035,9.783489563656621,26.073085846867738,3.2446511237341427,186.65618333333333,False
val,0.1,2.021,8.0,"threshold 10 s base layer, enlarged viewport (ASL360, adapted)",,53.37573423846642,0.899114797703681,0.26180718171076567,2.729037356920363,8.853266224671307,20.556200051559678,3.787169876821592,170.28975883844632,False
val,0.1,2.021,8.0,best published rule within budgets,predicted viewport only,51.743299145247576,0.8294317664439023,0.0,2.4672301752095973,6.6528640989349705,18.398212597748557,5.295441719150363,129.07338696296299,True
val,0.1,2.021,8.0,"literature, tuned to our budgets","threshold, margin 0.35x",52.36582186619544,0.8559116111209845,0.08241306613163957,2.549643241341237,7.362201002922969,19.12219644238205,4.76401990247412,142.70559604227896,True
val,0.1,2.021,8.0,RL estimate,tau q4 a 0.7 reserve 0.25 link now,53.04900802506875,0.882982825581734,0.08818005663436201,2.5554102318439593,7.600438112894829,19.016928761708343,4.176732342217547,148.5188724312967,True
val,0.1,2.021,8.0,"uniform, same bits as RL estimate",all 64 tiles,52.351813879507574,1.0,0.07727510246110292,2.5445052776707002,30.35867819504262,18.91918020108275,0.5221833969203216,148.15655670327408,True
val,0.1,2.021,8.0,"RL estimate, perfect viewport",tau q1 a 1.0 reserve 0.5,54.62173574025253,0.9532857345195963,0.08967070012263756,2.556900875332235,7.516923262716595,19.04915356191458,1.9300574420123944,145.24576636349573,True
val,0.1,2.021,8.0,oracle (actual viewport + future link),,55.0348817644672,0.9670345605321081,0.09999999501976475,2.567230170229362,7.836472783942907,18.94066340122024,1.3609937458546548,151.51382468660307,True
val,0.1,2.021,9.0,predicted viewport only,,51.743299145247576,0.8294317664439023,0.0,2.4672301752095973,6.6528640989349705,18.398212597748557,5.295441719150363,129.07338696296299,True
val,0.1,2.021,9.0,QER 120x60 (MMSP),,52.34239901588459,0.8534792723976018,0.7192765515865558,3.186506726796153,7.658837931880667,23.544513190684874,4.654549968427583,148.04166785185186,False
val,0.1,2.021,9.0,QER 160x80 (MMSP),,53.01970477491328,0.8860519281074785,1.1640601640822648,3.631290339291862,8.443504118101908,24.683122797971976,4.204809486507188,162.41373155555556,False
val,0.1,2.021,9.0,QER 200x100 (MMSP),,54.092067495518656,0.9285386603240743,3.393848058041956,5.861078233251553,16.123343586791535,29.521139468935278,3.077991114754279,257.9260735555556,False
val,0.1,2.021,9.0,"average-based, bounds 30/15 (MMSP)",,53.72342350719133,0.91534571279321,2.272207353437247,4.739437528646844,11.74846004387071,26.85077769184497,3.1855833656159263,202.17150807407407,False
val,0.1,2.021,9.0,"average-based, fitted to our error data (MMSP rule)",,53.94462141506684,0.9235525123304197,1.903114767516438,4.370344942726035,9.783489563656621,26.073085846867738,3.2446511237341427,186.65618333333333,False
val,0.1,2.021,9.0,"threshold 10 s base layer, enlarged viewport (ASL360, adapted)",,53.37573423846642,0.899114797703681,0.26180718171076567,2.729037356920363,8.853266224671307,20.556200051559678,3.787169876821592,170.28975883844632,False
val,0.1,2.021,9.0,best published rule within budgets,predicted viewport only,51.743299145247576,0.8294317664439023,0.0,2.4672301752095973,6.6528640989349705,18.398212597748557,5.295441719150363,129.07338696296299,True
val,0.1,2.021,9.0,"literature, tuned to our budgets","threshold, margin 0.35x",52.36582186619544,0.8559116111209845,0.08241306613163957,2.549643241341237,7.362201002922969,19.12219644238205,4.76401990247412,142.70559604227896,True
val,0.1,2.021,9.0,RL estimate,tau q4 a 0.7 reserve 0.25 link now,53.04900802506875,0.882982825581734,0.08818005663436201,2.5554102318439593,7.600438112894829,19.016928761708343,4.176732342217547,148.5188724312967,True
val,0.1,2.021,9.0,"uniform, same bits as RL estimate",all 64 tiles,52.351813879507574,1.0,0.07727510246110292,2.5445052776707002,30.35867819504262,18.91918020108275,0.5221833969203216,148.15655670327408,True
val,0.1,2.021,9.0,"RL estimate, perfect viewport",tau q0 a 0.7 reserve 0.25,54.913121099211146,0.9561768646026839,0.10191832938240308,2.5691485045920004,7.798572218823118,19.082452522127696,1.5294532539735106,150.74332726896967,False
val,0.1,2.021,9.0,oracle (actual viewport + future link),,55.0348817644672,0.9670345605321081,0.09999999501976475,2.567230170229362,7.836472783942907,18.94066340122024,1.3609937458546548,151.51382468660307,True
val,0.1,2.021,10.0,predicted viewport only,,51.743299145247576,0.8294317664439023,0.0,2.4672301752095973,6.6528640989349705,18.398212597748557,5.295441719150363,129.07338696296299,True
val,0.1,2.021,10.0,QER 120x60 (MMSP),,52.34239901588459,0.8534792723976018,0.7192765515865558,3.186506726796153,7.658837931880667,23.544513190684874,4.654549968427583,148.04166785185186,False
val,0.1,2.021,10.0,QER 160x80 (MMSP),,53.01970477491328,0.8860519281074785,1.1640601640822648,3.631290339291862,8.443504118101908,24.683122797971976,4.204809486507188,162.41373155555556,False
val,0.1,2.021,10.0,QER 200x100 (MMSP),,54.092067495518656,0.9285386603240743,3.393848058041956,5.861078233251553,16.123343586791535,29.521139468935278,3.077991114754279,257.9260735555556,False
val,0.1,2.021,10.0,"average-based, bounds 30/15 (MMSP)",,53.72342350719133,0.91534571279321,2.272207353437247,4.739437528646844,11.74846004387071,26.85077769184497,3.1855833656159263,202.17150807407407,False
val,0.1,2.021,10.0,"average-based, fitted to our error data (MMSP rule)",,53.94462141506684,0.9235525123304197,1.903114767516438,4.370344942726035,9.783489563656621,26.073085846867738,3.2446511237341427,186.65618333333333,False
val,0.1,2.021,10.0,"threshold 10 s base layer, enlarged viewport (ASL360, adapted)",,53.37573423846642,0.899114797703681,0.26180718171076567,2.729037356920363,8.853266224671307,20.556200051559678,3.787169876821592,170.28975883844632,False
val,0.1,2.021,10.0,best published rule within budgets,predicted viewport only,51.743299145247576,0.8294317664439023,0.0,2.4672301752095973,6.6528640989349705,18.398212597748557,5.295441719150363,129.07338696296299,True
val,0.1,2.021,10.0,"literature, tuned to our budgets","threshold, margin 0.35x",52.36582186619544,0.8559116111209845,0.08241306613163957,2.549643241341237,7.362201002922969,19.12219644238205,4.76401990247412,142.70559604227896,True
val,0.1,2.021,10.0,RL estimate,tau q3 a 0.5 reserve 1.0 link now,53.58907038554668,0.9089014678749348,0.093079658751829,2.5603098339614263,8.78462100647606,18.993297241557098,3.3626719645235297,171.844360241729,True
val,0.1,2.021,10.0,"uniform, same bits as RL estimate",all 64 tiles,52.65493001107823,1.0,0.08228386096497387,2.549514036174571,30.35867819504262,18.900919480965882,0.49817664138182616,171.46478021904275,True
val,0.1,2.021,10.0,"RL estimate, perfect viewport",tau q0 a 0.7 reserve 0.25,54.913121099211146,0.9561768646026839,0.10191832938240308,2.5691485045920004,7.798572218823118,19.082452522127696,1.5294532539735106,150.74332726896967,False
val,0.1,2.021,10.0,oracle (actual viewport + future link),,55.0348817644672,0.9670345605321081,0.09999999501976475,2.567230170229362,7.836472783942907,18.94066340122024,1.3609937458546548,151.51382468660307,True
val,0.1,2.021,12.0,predicted viewport only,,51.743299145247576,0.8294317664439023,0.0,2.4672301752095973,6.6528640989349705,18.398212597748557,5.295441719150363,129.07338696296299,True
val,0.1,2.021,12.0,QER 120x60 (MMSP),,52.34239901588459,0.8534792723976018,0.7192765515865558,3.186506726796153,7.658837931880667,23.544513190684874,4.654549968427583,148.04166785185186,False
val,0.1,2.021,12.0,QER 160x80 (MMSP),,53.01970477491328,0.8860519281074785,1.1640601640822648,3.631290339291862,8.443504118101908,24.683122797971976,4.204809486507188,162.41373155555556,False
val,0.1,2.021,12.0,QER 200x100 (MMSP),,54.092067495518656,0.9285386603240743,3.393848058041956,5.861078233251553,16.123343586791535,29.521139468935278,3.077991114754279,257.9260735555556,False
val,0.1,2.021,12.0,"average-based, bounds 30/15 (MMSP)",,53.72342350719133,0.91534571279321,2.272207353437247,4.739437528646844,11.74846004387071,26.85077769184497,3.1855833656159263,202.17150807407407,False
val,0.1,2.021,12.0,"average-based, fitted to our error data (MMSP rule)",,53.94462141506684,0.9235525123304197,1.903114767516438,4.370344942726035,9.783489563656621,26.073085846867738,3.2446511237341427,186.65618333333333,False
val,0.1,2.021,12.0,"threshold 10 s base layer, enlarged viewport (ASL360, adapted)",,53.37573423846642,0.899114797703681,0.26180718171076567,2.729037356920363,8.853266224671307,20.556200051559678,3.787169876821592,170.28975883844632,False
val,0.1,2.021,12.0,best published rule within budgets,predicted viewport only,51.743299145247576,0.8294317664439023,0.0,2.4672301752095973,6.6528640989349705,18.398212597748557,5.295441719150363,129.07338696296299,True
val,0.1,2.021,12.0,"literature, tuned to our budgets","threshold, margin 0.35x",52.36582186619544,0.8559116111209845,0.08241306613163957,2.549643241341237,7.362201002922969,19.12219644238205,4.76401990247412,142.70559604227896,True
val,0.1,2.021,12.0,RL estimate,tau q2 a 0.5 reserve 2.0 link now,54.19587123615366,0.9315100185422681,0.09525445361148988,2.562484628821087,10.72950166538878,19.008335481653344,2.523409525332853,206.18548781240872,True
val,0.1,2.021,12.0,"uniform, same bits as RL estimate",all 64 tiles,52.95874931726943,1.0,0.08442182050730462,2.551651995716902,30.35867819504262,18.915957721062124,0.518134736946989,205.7446486554095,True
val,0.1,2.021,12.0,"RL estimate, perfect viewport",tau q0 a 0.7 reserve 0.25,54.913121099211146,0.9561768646026839,0.10191832938240308,2.5691485045920004,7.798572218823118,19.082452522127696,1.5294532539735106,150.74332726896967,False
val,0.1,2.021,12.0,oracle (actual viewport + future link),,55.0348817644672,0.9670345605321081,0.09999999501976475,2.567230170229362,7.836472783942907,18.94066340122024,1.3609937458546548,151.51382468660307,True
val,0.1,2.021,14.0,predicted viewport only,,51.743299145247576,0.8294317664439023,0.0,2.4672301752095973,6.6528640989349705,18.398212597748557,5.295441719150363,129.07338696296299,True
val,0.1,2.021,14.0,QER 120x60 (MMSP),,52.34239901588459,0.8534792723976018,0.7192765515865558,3.186506726796153,7.658837931880667,23.544513190684874,4.654549968427583,148.04166785185186,False
val,0.1,2.021,14.0,QER 160x80 (MMSP),,53.01970477491328,0.8860519281074785,1.1640601640822648,3.631290339291862,8.443504118101908,24.683122797971976,4.204809486507188,162.41373155555556,False
val,0.1,2.021,14.0,QER 200x100 (MMSP),,54.092067495518656,0.9285386603240743,3.393848058041956,5.861078233251553,16.123343586791535,29.521139468935278,3.077991114754279,257.9260735555556,False
val,0.1,2.021,14.0,"average-based, bounds 30/15 (MMSP)",,53.72342350719133,0.91534571279321,2.272207353437247,4.739437528646844,11.74846004387071,26.85077769184497,3.1855833656159263,202.17150807407407,False
val,0.1,2.021,14.0,"average-based, fitted to our error data (MMSP rule)",,53.94462141506684,0.9235525123304197,1.903114767516438,4.370344942726035,9.783489563656621,26.073085846867738,3.2446511237341427,186.65618333333333,False
val,0.1,2.021,14.0,"threshold 10 s base layer, enlarged viewport (ASL360, adapted)",,53.37573423846642,0.899114797703681,0.26180718171076567,2.729037356920363,8.853266224671307,20.556200051559678,3.787169876821592,170.28975883844632,False
val,0.1,2.021,14.0,best published rule within budgets,predicted viewport only,51.743299145247576,0.8294317664439023,0.0,2.4672301752095973,6.6528640989349705,18.398212597748557,5.295441719150363,129.07338696296299,True
val,0.1,2.021,14.0,"literature, tuned to our budgets","threshold, margin 0.35x",52.36582186619544,0.8559116111209845,0.08241306613163957,2.549643241341237,7.362201002922969,19.12219644238205,4.76401990247412,142.70559604227896,True
val,0.1,2.021,14.0,RL estimate,tau q1 a 0.5 reserve 2.0 link min5,54.41797455751803,0.936988818021336,0.10058656076175776,2.567816735971355,12.38020988338674,19.052376041935204,2.231320809945194,229.46311061166966,False
val,0.1,2.021,14.0,"uniform, same bits as RL estimate",all 64 tiles,53.215930015324794,1.0,0.08944681296380175,2.556676988173399,30.35867819504262,18.95462748130961,0.5200942468487979,229.00804669502446,True
val,0.1,2.021,14.0,"RL estimate, perfect viewport",tau q0 a 0.7 reserve 0.25,54.913121099211146,0.9561768646026839,0.10191832938240308,2.5691485045920004,7.798572218823118,19.082452522127696,1.5294532539735106,150.74332726896967,False
val,0.1,2.021,14.0,oracle (actual viewport + future link),,55.0348817644672,0.9670345605321081,0.09999999501976475,2.567230170229362,7.836472783942907,18.94066340122024,1.3609937458546548,151.51382468660307,True
val,0.1,2.021,16.0,predicted viewport only,,51.743299145247576,0.8294317664439023,0.0,2.4672301752095973,6.6528640989349705,18.398212597748557,5.295441719150363,129.07338696296299,True
val,0.1,2.021,16.0,QER 120x60 (MMSP),,52.34239901588459,0.8534792723976018,0.7192765515865558,3.186506726796153,7.658837931880667,23.544513190684874,4.654549968427583,148.04166785185186,False
val,0.1,2.021,16.0,QER 160x80 (MMSP),,53.01970477491328,0.8860519281074785,1.1640601640822648,3.631290339291862,8.443504118101908,24.683122797971976,4.204809486507188,162.41373155555556,False
val,0.1,2.021,16.0,QER 200x100 (MMSP),,54.092067495518656,0.9285386603240743,3.393848058041956,5.861078233251553,16.123343586791535,29.521139468935278,3.077991114754279,257.9260735555556,False
val,0.1,2.021,16.0,"average-based, bounds 30/15 (MMSP)",,53.72342350719133,0.91534571279321,2.272207353437247,4.739437528646844,11.74846004387071,26.85077769184497,3.1855833656159263,202.17150807407407,False
val,0.1,2.021,16.0,"average-based, fitted to our error data (MMSP rule)",,53.94462141506684,0.9235525123304197,1.903114767516438,4.370344942726035,9.783489563656621,26.073085846867738,3.2446511237341427,186.65618333333333,False
val,0.1,2.021,16.0,"threshold 10 s base layer, enlarged viewport (ASL360, adapted)",,53.37573423846642,0.899114797703681,0.26180718171076567,2.729037356920363,8.853266224671307,20.556200051559678,3.787169876821592,170.28975883844632,False
val,0.1,2.021,16.0,best published rule within budgets,predicted viewport only,51.743299145247576,0.8294317664439023,0.0,2.4672301752095973,6.6528640989349705,18.398212597748557,5.295441719150363,129.07338696296299,True
val,0.1,2.021,16.0,"literature, tuned to our budgets","threshold, margin 0.35x",52.36582186619544,0.8559116111209845,0.08241306613163957,2.549643241341237,7.362201002922969,19.12219644238205,4.76401990247412,142.70559604227896,True
val,0.1,2.021,16.0,RL estimate,tau q0 a 0.5 reserve 2.0 link min5,54.439963089880195,0.9380479832641422,0.10797317232984494,2.5752033475394422,13.176815730996712,19.093194122196437,2.202735699836257,240.3629342064106,False
val,0.1,2.021,16.0,"uniform, same bits as RL estimate",all 64 tiles,53.41493511770538,1.0,0.09683313981184938,2.5640633150214467,30.35867819504262,18.996519721577723,0.6202844671042484,239.8995234878405,True
val,0.1,2.021,16.0,"RL estimate, perfect viewport",tau q0 a 0.7 reserve 0.25,54.913121099211146,0.9561768646026839,0.10191832938240308,2.5691485045920004,7.798572218823118,19.082452522127696,1.5294532539735106,150.74332726896967,False
val,0.1,2.021,16.0,oracle (actual viewport + future link),,55.0348817644672,0.9670345605321081,0.09999999501976475,2.567230170229362,7.836472783942907,18.94066340122024,1.3609937458546548,151.51382468660307,True
val,0.2,2.121,7.5,predicted viewport only,,51.743299145247576,0.8294317664439023,0.0,2.4672301752095973,6.6528640989349705,18.398212597748557,5.295441719150363,129.07338696296299,True
val,0.2,2.121,7.5,QER 120x60 (MMSP),,52.34239901588459,0.8534792723976018,0.7192765515865558,3.186506726796153,7.658837931880667,23.544513190684874,4.654549968427583,148.04166785185186,False
val,0.2,2.121,7.5,QER 160x80 (MMSP),,53.01970477491328,0.8860519281074785,1.1640601640822648,3.631290339291862,8.443504118101908,24.683122797971976,4.204809486507188,162.41373155555556,False
val,0.2,2.121,7.5,QER 200x100 (MMSP),,54.092067495518656,0.9285386603240743,3.393848058041956,5.861078233251553,16.123343586791535,29.521139468935278,3.077991114754279,257.9260735555556,False
val,0.2,2.121,7.5,"average-based, bounds 30/15 (MMSP)",,53.72342350719133,0.91534571279321,2.272207353437247,4.739437528646844,11.74846004387071,26.85077769184497,3.1855833656159263,202.17150807407407,False
val,0.2,2.121,7.5,"average-based, fitted to our error data (MMSP rule)",,53.94462141506684,0.9235525123304197,1.903114767516438,4.370344942726035,9.783489563656621,26.073085846867738,3.2446511237341427,186.65618333333333,False
val,0.2,2.121,7.5,"threshold 10 s base layer, enlarged viewport (ASL360, adapted)",,53.37573423846642,0.899114797703681,0.26180718171076567,2.729037356920363,8.853266224671307,20.556200051559678,3.787169876821592,170.28975883844632,False
val,0.2,2.121,7.5,best published rule within budgets,predicted viewport only,51.743299145247576,0.8294317664439023,0.0,2.4672301752095973,6.6528640989349705,18.398212597748557,5.295441719150363,129.07338696296299,True
val,0.2,2.121,7.5,"literature, tuned to our budgets","threshold, margin 0.25x",52.30642062003849,0.8543722277474964,0.058202637263399026,2.5254328124729963,7.162100233478677,18.903067800979628,4.882469592619783,138.75077113482854,True
val,0.2,2.121,7.5,RL estimate,tau q5 a 1.0 reserve 0.0 link now,52.649135125964506,0.8658526392501841,0.11933949596749382,2.586569671177091,7.176545001267655,19.509968204863792,4.486853764228953,140.25585782031453,True
val,0.2,2.121,7.5,"uniform, same bits as RL estimate",all 64 tiles,52.12746987929454,1.0,0.10861945894616065,2.575849634155758,30.35867819504262,19.43048036435507,0.6362929883517529,139.92874757987454,True
val,0.2,2.121,7.5,"RL estimate, perfect viewport",tau q2 a 1.0 reserve 0.25,53.989786674160094,0.9396152103896513,0.07291433611856313,2.5401445113281604,7.22528010255362,18.993297241557098,2.7431079601592474,140.31056680948697,True
val,0.2,2.121,7.5,oracle (actual viewport + future link),,54.58113131899543,0.9530824865081285,0.0,2.4672301752095973,7.499997189692605,18.398212597748557,1.957257197257152,144.8968281949815,True
val,0.2,2.121,8.0,predicted viewport only,,51.743299145247576,0.8294317664439023,0.0,2.4672301752095973,6.6528640989349705,18.398212597748557,5.295441719150363,129.07338696296299,True
val,0.2,2.121,8.0,QER 120x60 (MMSP),,52.34239901588459,0.8534792723976018,0.7192765515865558,3.186506726796153,7.658837931880667,23.544513190684874,4.654549968427583,148.04166785185186,False
val,0.2,2.121,8.0,QER 160x80 (MMSP),,53.01970477491328,0.8860519281074785,1.1640601640822648,3.631290339291862,8.443504118101908,24.683122797971976,4.204809486507188,162.41373155555556,False
val,0.2,2.121,8.0,QER 200x100 (MMSP),,54.092067495518656,0.9285386603240743,3.393848058041956,5.861078233251553,16.123343586791535,29.521139468935278,3.077991114754279,257.9260735555556,False
val,0.2,2.121,8.0,"average-based, bounds 30/15 (MMSP)",,53.72342350719133,0.91534571279321,2.272207353437247,4.739437528646844,11.74846004387071,26.85077769184497,3.1855833656159263,202.17150807407407,False
val,0.2,2.121,8.0,"average-based, fitted to our error data (MMSP rule)",,53.94462141506684,0.9235525123304197,1.903114767516438,4.370344942726035,9.783489563656621,26.073085846867738,3.2446511237341427,186.65618333333333,False
val,0.2,2.121,8.0,"threshold 10 s base layer, enlarged viewport (ASL360, adapted)",,53.37573423846642,0.899114797703681,0.26180718171076567,2.729037356920363,8.853266224671307,20.556200051559678,3.787169876821592,170.28975883844632,False
val,0.2,2.121,8.0,best published rule within budgets,predicted viewport only,51.743299145247576,0.8294317664439023,0.0,2.4672301752095973,6.6528640989349705,18.398212597748557,5.295441719150363,129.07338696296299,True
val,0.2,2.121,8.0,"literature, tuned to our budgets","threshold, margin 0.5x",52.76864168943482,0.8709361269628673,0.12026780465098286,2.58749797986058,7.627312399998099,19.447666924465064,4.2374911550075085,147.9777704723726,True
val,0.2,2.121,8.0,RL estimate,tau q4 a 1.0 reserve 0.25 link now,53.06593401071828,0.8837311005616632,0.1258082040837989,2.593038379293396,7.615520391545426,19.450889404485686,4.162984596114184,148.80835227292255,True
val,0.2,2.121,8.0,"uniform, same bits as RL estimate",all 64 tiles,52.36016452209914,1.0,0.11469945074217236,2.5819296259517697,30.35867819504262,19.362808283921968,0.5176913007259071,148.44483671143763,True
val,0.2,2.121,8.0,"RL estimate, perfect viewport",tau q1 a 1.0 reserve 0.0,54.69331189498274,0.9566576362781155,0.15987094706744687,2.627101122277044,7.5401892461518925,19.75165420641058,1.8510133083068092,145.64905692584,True
val,0.2,2.121,8.0,oracle (actual viewport + future link),,55.1782596923747,0.9760629426197738,0.19999999966620052,2.667230174875798,7.868979724900525,19.70224284609435,1.1900846027537504,152.18915745424079,True
val,0.2,2.121,9.0,predicted viewport only,,51.743299145247576,0.8294317664439023,0.0,2.4672301752095973,6.6528640989349705,18.398212597748557,5.295441719150363,129.07338696296299,True
val,0.2,2.121,9.0,QER 120x60 (MMSP),,52.34239901588459,0.8534792723976018,0.7192765515865558,3.186506726796153,7.658837931880667,23.544513190684874,4.654549968427583,148.04166785185186,False
val,0.2,2.121,9.0,QER 160x80 (MMSP),,53.01970477491328,0.8860519281074785,1.1640601640822648,3.631290339291862,8.443504118101908,24.683122797971976,4.204809486507188,162.41373155555556,False
val,0.2,2.121,9.0,QER 200x100 (MMSP),,54.092067495518656,0.9285386603240743,3.393848058041956,5.861078233251553,16.123343586791535,29.521139468935278,3.077991114754279,257.9260735555556,False
val,0.2,2.121,9.0,"average-based, bounds 30/15 (MMSP)",,53.72342350719133,0.91534571279321,2.272207353437247,4.739437528646844,11.74846004387071,26.85077769184497,3.1855833656159263,202.17150807407407,False
val,0.2,2.121,9.0,"average-based, fitted to our error data (MMSP rule)",,53.94462141506684,0.9235525123304197,1.903114767516438,4.370344942726035,9.783489563656621,26.073085846867738,3.2446511237341427,186.65618333333333,False
val,0.2,2.121,9.0,"threshold 10 s base layer, enlarged viewport (ASL360, adapted)",,53.37573423846642,0.899114797703681,0.26180718171076567,2.729037356920363,8.853266224671307,20.556200051559678,3.787169876821592,170.28975883844632,False
val,0.2,2.121,9.0,best published rule within budgets,predicted viewport only,51.743299145247576,0.8294317664439023,0.0,2.4672301752095973,6.6528640989349705,18.398212597748557,5.295441719150363,129.07338696296299,True
val,0.2,2.121,9.0,"literature, tuned to our budgets","threshold, margin 0.75x",53.09591516193007,0.8821201527267175,0.1651513097318391,2.6323814849414364,8.032280410163317,19.819326286843683,3.904171718246714,156.10082569407925,True
val,0.2,2.121,9.0,RL estimate,tau q4 a 1.0 reserve 0.25 link now,53.06593401071828,0.8837311005616632,0.1258082040837989,2.593038379293396,7.615520391545426,19.450889404485686,4.162984596114184,148.80835227292255,True
val,0.2,2.121,9.0,"uniform, same bits as RL estimate",all 64 tiles,52.36016452209914,1.0,0.11469945074217236,2.5819296259517697,30.35867819504262,19.362808283921968,0.5176913007259071,148.44483671143763,True
val,0.2,2.121,9.0,"RL estimate, perfect viewport",tau q0 a 1.0 reserve 0.25,54.96002692543621,0.95813962956063,0.14580040468692346,2.6130305798965208,7.817155405904296,19.66249892583999,1.4751370983748344,151.08413421698032,True
val,0.2,2.121,9.0,oracle (actual viewport + future link),,55.1782596923747,0.9760629426197738,0.19999999966620052,2.667230174875798,7.868979724900525,19.70224284609435,1.1900846027537504,152.18915745424079,True
val,0.2,2.121,10.0,predicted viewport only,,51.743299145247576,0.8294317664439023,0.0,2.4672301752095973,6.6528640989349705,18.398212597748557,5.295441719150363,129.07338696296299,True
val,0.2,2.121,10.0,QER 120x60 (MMSP),,52.34239901588459,0.8534792723976018,0.7192765515865558,3.186506726796153,7.658837931880667,23.544513190684874,4.654549968427583,148.04166785185186,False
val,0.2,2.121,10.0,QER 160x80 (MMSP),,53.01970477491328,0.8860519281074785,1.1640601640822648,3.631290339291862,8.443504118101908,24.683122797971976,4.204809486507188,162.41373155555556,False
val,0.2,2.121,10.0,QER 200x100 (MMSP),,54.092067495518656,0.9285386603240743,3.393848058041956,5.861078233251553,16.123343586791535,29.521139468935278,3.077991114754279,257.9260735555556,False
val,0.2,2.121,10.0,"average-based, bounds 30/15 (MMSP)",,53.72342350719133,0.91534571279321,2.272207353437247,4.739437528646844,11.74846004387071,26.85077769184497,3.1855833656159263,202.17150807407407,False
val,0.2,2.121,10.0,"average-based, fitted to our error data (MMSP rule)",,53.94462141506684,0.9235525123304197,1.903114767516438,4.370344942726035,9.783489563656621,26.073085846867738,3.2446511237341427,186.65618333333333,False
val,0.2,2.121,10.0,"threshold 10 s base layer, enlarged viewport (ASL360, adapted)",,53.37573423846642,0.899114797703681,0.26180718171076567,2.729037356920363,8.853266224671307,20.556200051559678,3.787169876821592,170.28975883844632,False
val,0.2,2.121,10.0,best published rule within budgets,predicted viewport only,51.743299145247576,0.8294317664439023,0.0,2.4672301752095973,6.6528640989349705,18.398212597748557,5.295441719150363,129.07338696296299,True
val,0.2,2.121,10.0,"literature, tuned to our budgets","threshold, margin 0.75x",53.09591516193007,0.8821201527267175,0.1651513097318391,2.6323814849414364,8.032280410163317,19.819326286843683,3.904171718246714,156.10082569407925,True
val,0.2,2.121,10.0,RL estimate,tau q3 a 0.7 reserve 0.25 link now,53.641368030702345,0.9111512212040425,0.1821740496594897,2.649404224869087,8.855754712240152,19.661424765833114,3.3008928782650186,173.1732643262009,True
val,0.2,2.121,10.0,"uniform, same bits as RL estimate",all 64 tiles,52.68148968970029,1.0,0.17030793801872157,2.637538113228319,30.35867819504262,19.549712125118155,0.48816967029161995,172.78930312314174,True
val,0.2,2.121,10.0,"RL estimate, perfect viewport",tau q0 a 1.0 reserve 0.25,54.96002692543621,0.95813962956063,0.14580040468692346,2.6130305798965208,7.817155405904296,19.66249892583999,1.4751370983748344,151.08413421698032,True
val,0.2,2.121,10.0,oracle (actual viewport + future link),,55.1782596923747,0.9760629426197738,0.19999999966620052,2.667230174875798,7.868979724900525,19.70224284609435,1.1900846027537504,152.18915745424079,True
val,0.2,2.121,12.0,predicted viewport only,,51.743299145247576,0.8294317664439023,0.0,2.4672301752095973,6.6528640989349705,18.398212597748557,5.295441719150363,129.07338696296299,True
val,0.2,2.121,12.0,QER 120x60 (MMSP),,52.34239901588459,0.8534792723976018,0.7192765515865558,3.186506726796153,7.658837931880667,23.544513190684874,4.654549968427583,148.04166785185186,False
val,0.2,2.121,12.0,QER 160x80 (MMSP),,53.01970477491328,0.8860519281074785,1.1640601640822648,3.631290339291862,8.443504118101908,24.683122797971976,4.204809486507188,162.41373155555556,False
val,0.2,2.121,12.0,QER 200x100 (MMSP),,54.092067495518656,0.9285386603240743,3.393848058041956,5.861078233251553,16.123343586791535,29.521139468935278,3.077991114754279,257.9260735555556,False
val,0.2,2.121,12.0,"average-based, bounds 30/15 (MMSP)",,53.72342350719133,0.91534571279321,2.272207353437247,4.739437528646844,11.74846004387071,26.85077769184497,3.1855833656159263,202.17150807407407,False
val,0.2,2.121,12.0,"average-based, fitted to our error data (MMSP rule)",,53.94462141506684,0.9235525123304197,1.903114767516438,4.370344942726035,9.783489563656621,26.073085846867738,3.2446511237341427,186.65618333333333,False
val,0.2,2.121,12.0,"threshold 10 s base layer, enlarged viewport (ASL360, adapted)",,53.37573423846642,0.899114797703681,0.26180718171076567,2.729037356920363,8.853266224671307,20.556200051559678,3.787169876821592,170.28975883844632,False
val,0.2,2.121,12.0,best published rule within budgets,predicted viewport only,51.743299145247576,0.8294317664439023,0.0,2.4672301752095973,6.6528640989349705,18.398212597748557,5.295441719150363,129.07338696296299,True
val,0.2,2.121,12.0,"literature, tuned to our budgets","threshold, margin 0.75x",53.09591516193007,0.8821201527267175,0.1651513097318391,2.6323814849414364,8.032280410163317,19.819326286843683,3.904171718246714,156.10082569407925,True
val,0.2,2.121,12.0,RL estimate,tau q2 a 0.5 reserve 0.5 link now,54.26768968765154,0.9346447589279495,0.20297368131568083,2.670203856525278,10.895210927311584,19.79999140671994,2.435827071684143,209.02835349342615,False
val,0.2,2.121,12.0,"uniform, same bits as RL estimate",all 64 tiles,53.0010023077819,1.0,0.19067752630418955,2.657907701513787,30.35867819504262,19.69257540603248,0.5030123388423327,208.57781994259688,True
val,0.2,2.121,12.0,"RL estimate, perfect viewport",tau q0 a 1.0 reserve 0.25,54.96002692543621,0.95813962956063,0.14580040468692346,2.6130305798965208,7.817155405904296,19.66249892583999,1.4751370983748344,151.08413421698032,True
val,0.2,2.121,12.0,oracle (actual viewport + future link),,55.1782596923747,0.9760629426197738,0.19999999966620052,2.667230174875798,7.868979724900525,19.70224284609435,1.1900846027537504,152.18915745424079,True
val,0.2,2.121,14.0,predicted viewport only,,51.743299145247576,0.8294317664439023,0.0,2.4672301752095973,6.6528640989349705,18.398212597748557,5.295441719150363,129.07338696296299,True
val,0.2,2.121,14.0,QER 120x60 (MMSP),,52.34239901588459,0.8534792723976018,0.7192765515865558,3.186506726796153,7.658837931880667,23.544513190684874,4.654549968427583,148.04166785185186,False
val,0.2,2.121,14.0,QER 160x80 (MMSP),,53.01970477491328,0.8860519281074785,1.1640601640822648,3.631290339291862,8.443504118101908,24.683122797971976,4.204809486507188,162.41373155555556,False
val,0.2,2.121,14.0,QER 200x100 (MMSP),,54.092067495518656,0.9285386603240743,3.393848058041956,5.861078233251553,16.123343586791535,29.521139468935278,3.077991114754279,257.9260735555556,False
val,0.2,2.121,14.0,"average-based, bounds 30/15 (MMSP)",,53.72342350719133,0.91534571279321,2.272207353437247,4.739437528646844,11.74846004387071,26.85077769184497,3.1855833656159263,202.17150807407407,False
val,0.2,2.121,14.0,"average-based, fitted to our error data (MMSP rule)",,53.94462141506684,0.9235525123304197,1.903114767516438,4.370344942726035,9.783489563656621,26.073085846867738,3.2446511237341427,186.65618333333333,False
val,0.2,2.121,14.0,"threshold 10 s base layer, enlarged viewport (ASL360, adapted)",,53.37573423846642,0.899114797703681,0.26180718171076567,2.729037356920363,8.853266224671307,20.556200051559678,3.787169876821592,170.28975883844632,False
val,0.2,2.121,14.0,best published rule within budgets,predicted viewport only,51.743299145247576,0.8294317664439023,0.0,2.4672301752095973,6.6528640989349705,18.398212597748557,5.295441719150363,129.07338696296299,True
val,0.2,2.121,14.0,"literature, tuned to our budgets","threshold, margin 0.75x",53.09591516193007,0.8821201527267175,0.1651513097318391,2.6323814849414364,8.032280410163317,19.819326286843683,3.904171718246714,156.10082569407925,True
val,0.2,2.121,14.0,RL estimate,tau q1 a 0.5 reserve 1.0 link now,54.52778684878751,0.9417766618028112,0.1901089528459763,2.6573391280555736,12.690499118856048,19.697946206066852,2.0846649125808,234.35486868832174,True
val,0.2,2.121,14.0,"uniform, same bits as RL estimate",all 64 tiles,53.28648847262679,1.0,0.17756447449762103,2.6447946497072183,30.35867819504262,19.58945604537252,0.4988447006277521,233.88386780295605,True
val,0.2,2.121,14.0,"RL estimate, perfect viewport",tau q0 a 1.0 reserve 0.25,54.96002692543621,0.95813962956063,0.14580040468692346,2.6130305798965208,7.817155405904296,19.66249892583999,1.4751370983748344,151.08413421698032,True
val,0.2,2.121,14.0,oracle (actual viewport + future link),,55.1782596923747,0.9760629426197738,0.19999999966620052,2.667230174875798,7.868979724900525,19.70224284609435,1.1900846027537504,152.18915745424079,True
val,0.2,2.121,16.0,predicted viewport only,,51.743299145247576,0.8294317664439023,0.0,2.4672301752095973,6.6528640989349705,18.398212597748557,5.295441719150363,129.07338696296299,True
val,0.2,2.121,16.0,QER 120x60 (MMSP),,52.34239901588459,0.8534792723976018,0.7192765515865558,3.186506726796153,7.658837931880667,23.544513190684874,4.654549968427583,148.04166785185186,False
val,0.2,2.121,16.0,QER 160x80 (MMSP),,53.01970477491328,0.8860519281074785,1.1640601640822648,3.631290339291862,8.443504118101908,24.683122797971976,4.204809486507188,162.41373155555556,False
val,0.2,2.121,16.0,QER 200x100 (MMSP),,54.092067495518656,0.9285386603240743,3.393848058041956,5.861078233251553,16.123343586791535,29.521139468935278,3.077991114754279,257.9260735555556,False
val,0.2,2.121,16.0,"average-based, bounds 30/15 (MMSP)",,53.72342350719133,0.91534571279321,2.272207353437247,4.739437528646844,11.74846004387071,26.85077769184497,3.1855833656159263,202.17150807407407,False
val,0.2,2.121,16.0,"average-based, fitted to our error data (MMSP rule)",,53.94462141506684,0.9235525123304197,1.903114767516438,4.370344942726035,9.783489563656621,26.073085846867738,3.2446511237341427,186.65618333333333,False
val,0.2,2.121,16.0,"threshold 10 s base layer, enlarged viewport (ASL360, adapted)",,53.37573423846642,0.899114797703681,0.26180718171076567,2.729037356920363,8.853266224671307,20.556200051559678,3.787169876821592,170.28975883844632,False
val,0.2,2.121,16.0,best published rule within budgets,predicted viewport only,51.743299145247576,0.8294317664439023,0.0,2.4672301752095973,6.6528640989349705,18.398212597748557,5.295441719150363,129.07338696296299,True
val,0.2,2.121,16.0,"literature, tuned to our budgets","threshold, margin 0.75x",53.09591516193007,0.8821201527267175,0.1651513097318391,2.6323814849414364,8.032280410163317,19.819326286843683,3.904171718246714,156.10082569407925,True
val,0.2,2.121,16.0,RL estimate,tau q1 a 0.5 reserve 1.0 link now,54.52778684878751,0.9417766618028112,0.1901089528459763,2.6573391280555736,12.690499118856048,19.697946206066852,2.0846649125808,234.35486868832174,True
val,0.2,2.121,16.0,"uniform, same bits as RL estimate",all 64 tiles,53.28648847262679,1.0,0.17756447449762103,2.6447946497072183,30.35867819504262,19.58945604537252,0.4988447006277521,233.88386780295605,True
val,0.2,2.121,16.0,"RL estimate, perfect viewport",tau q0 a 1.0 reserve 0.25,54.96002692543621,0.95813962956063,0.14580040468692346,2.6130305798965208,7.817155405904296,19.66249892583999,1.4751370983748344,151.08413421698032,True
val,0.2,2.121,16.0,oracle (actual viewport + future link),,55.1782596923747,0.9760629426197738,0.19999999966620052,2.667230174875798,7.868979724900525,19.70224284609435,1.1900846027537504,152.18915745424079,True
val,0.3,2.221,7.5,predicted viewport only,,51.743299145247576,0.8294317664439023,0.0,2.4672301752095973,6.6528640989349705,18.398212597748557,5.295441719150363,129.07338696296299,True
val,0.3,2.221,7.5,QER 120x60 (MMSP),,52.34239901588459,0.8534792723976018,0.7192765515865558,3.186506726796153,7.658837931880667,23.544513190684874,4.654549968427583,148.04166785185186,False
val,0.3,2.221,7.5,QER 160x80 (MMSP),,53.01970477491328,0.8860519281074785,1.1640601640822648,3.631290339291862,8.443504118101908,24.683122797971976,4.204809486507188,162.41373155555556,False
val,0.3,2.221,7.5,QER 200x100 (MMSP),,54.092067495518656,0.9285386603240743,3.393848058041956,5.861078233251553,16.123343586791535,29.521139468935278,3.077991114754279,257.9260735555556,False
val,0.3,2.221,7.5,"average-based, bounds 30/15 (MMSP)",,53.72342350719133,0.91534571279321,2.272207353437247,4.739437528646844,11.74846004387071,26.85077769184497,3.1855833656159263,202.17150807407407,False
val,0.3,2.221,7.5,"average-based, fitted to our error data (MMSP rule)",,53.94462141506684,0.9235525123304197,1.903114767516438,4.370344942726035,9.783489563656621,26.073085846867738,3.2446511237341427,186.65618333333333,False
val,0.3,2.221,7.5,"threshold 10 s base layer, enlarged viewport (ASL360, adapted)",,53.37573423846642,0.899114797703681,0.26180718171076567,2.729037356920363,8.853266224671307,20.556200051559678,3.787169876821592,170.28975883844632,False
val,0.3,2.221,7.5,best published rule within budgets,predicted viewport only,51.743299145247576,0.8294317664439023,0.0,2.4672301752095973,6.6528640989349705,18.398212597748557,5.295441719150363,129.07338696296299,True
val,0.3,2.221,7.5,"literature, tuned to our budgets","threshold, margin 0.25x",52.30642062003849,0.8543722277474964,0.058202637263399026,2.5254328124729963,7.162100233478677,18.903067800979628,4.882469592619783,138.75077113482854,True
val,0.3,2.221,7.5,RL estimate,tau q5 a 1.0 reserve 0.0 link now,52.649135125964506,0.8658526392501841,0.11933949596749382,2.586569671177091,7.176545001267655,19.509968204863792,4.486853764228953,140.25585782031453,True
val,0.3,2.221,7.5,"uniform, same bits as RL estimate",all 64 tiles,52.12746987929454,1.0,0.10861945894616065,2.575849634155758,30.35867819504262,19.43048036435507,0.6362929883517529,139.92874757987454,True
val,0.3,2.221,7.5,"RL estimate, perfect viewport",tau q2 a 1.0 reserve 0.25,53.989786674160094,0.9396152103896513,0.07291433611856313,2.5401445113281604,7.22528010255362,18.993297241557098,2.7431079601592474,140.31056680948697,True
val,0.3,2.221,7.5,oracle (actual viewport + future link),,54.58113131899543,0.9530824865081285,0.0,2.4672301752095973,7.499997189692605,18.398212597748557,1.957257197257152,144.8968281949815,True
val,0.3,2.221,8.0,predicted viewport only,,51.743299145247576,0.8294317664439023,0.0,2.4672301752095973,6.6528640989349705,18.398212597748557,5.295441719150363,129.07338696296299,True
val,0.3,2.221,8.0,QER 120x60 (MMSP),,52.34239901588459,0.8534792723976018,0.7192765515865558,3.186506726796153,7.658837931880667,23.544513190684874,4.654549968427583,148.04166785185186,False
val,0.3,2.221,8.0,QER 160x80 (MMSP),,53.01970477491328,0.8860519281074785,1.1640601640822648,3.631290339291862,8.443504118101908,24.683122797971976,4.204809486507188,162.41373155555556,False
val,0.3,2.221,8.0,QER 200x100 (MMSP),,54.092067495518656,0.9285386603240743,3.393848058041956,5.861078233251553,16.123343586791535,29.521139468935278,3.077991114754279,257.9260735555556,False
val,0.3,2.221,8.0,"average-based, bounds 30/15 (MMSP)",,53.72342350719133,0.91534571279321,2.272207353437247,4.739437528646844,11.74846004387071,26.85077769184497,3.1855833656159263,202.17150807407407,False
val,0.3,2.221,8.0,"average-based, fitted to our error data (MMSP rule)",,53.94462141506684,0.9235525123304197,1.903114767516438,4.370344942726035,9.783489563656621,26.073085846867738,3.2446511237341427,186.65618333333333,False
val,0.3,2.221,8.0,"threshold 10 s base layer, enlarged viewport (ASL360, adapted)",,53.37573423846642,0.899114797703681,0.26180718171076567,2.729037356920363,8.853266224671307,20.556200051559678,3.787169876821592,170.28975883844632,False
val,0.3,2.221,8.0,best published rule within budgets,predicted viewport only,51.743299145247576,0.8294317664439023,0.0,2.4672301752095973,6.6528640989349705,18.398212597748557,5.295441719150363,129.07338696296299,True
val,0.3,2.221,8.0,"literature, tuned to our budgets","threshold, margin 0.5x",52.76864168943482,0.8709361269628673,0.12026780465098286,2.58749797986058,7.627312399998099,19.447666924465064,4.2374911550075085,147.9777704723726,True
val,0.3,2.221,8.0,RL estimate,tau q4 a 1.0 reserve 0.0 link now,53.08760429932832,0.8847690034016947,0.18810044122199976,2.655330616431597,7.633258137352341,20.04812236830798,4.152237840691468,149.14552785675002,True
val,0.3,2.221,8.0,"uniform, same bits as RL estimate",all 64 tiles,52.37252228175923,1.0,0.17681769776549583,2.644047872975093,30.35867819504262,19.971857007819878,0.5104402928515236,148.78112641488357,True
val,0.3,2.221,8.0,"RL estimate, perfect viewport",tau q1 a 1.0 reserve 0.0,54.69331189498274,0.9566576362781155,0.15987094706744687,2.627101122277044,7.5401892461518925,19.75165420641058,1.8510133083068092,145.64905692584,True
val,0.3,2.221,8.0,oracle (actual viewport + future link),,55.36407538885621,0.9839118480786597,0.299999990291123,2.7672301655007203,7.909655212107117,20.394001890521608,0.9938979393998543,152.89173373927986,True
val,0.3,2.221,9.0,predicted viewport only,,51.743299145247576,0.8294317664439023,0.0,2.4672301752095973,6.6528640989349705,18.398212597748557,5.295441719150363,129.07338696296299,True
val,0.3,2.221,9.0,QER 120x60 (MMSP),,52.34239901588459,0.8534792723976018,0.7192765515865558,3.186506726796153,7.658837931880667,23.544513190684874,4.654549968427583,148.04166785185186,False
val,0.3,2.221,9.0,QER 160x80 (MMSP),,53.01970477491328,0.8860519281074785,1.1640601640822648,3.631290339291862,8.443504118101908,24.683122797971976,4.204809486507188,162.41373155555556,False
val,0.3,2.221,9.0,QER 200x100 (MMSP),,54.092067495518656,0.9285386603240743,3.393848058041956,5.861078233251553,16.123343586791535,29.521139468935278,3.077991114754279,257.9260735555556,False
val,0.3,2.221,9.0,"average-based, bounds 30/15 (MMSP)",,53.72342350719133,0.91534571279321,2.272207353437247,4.739437528646844,11.74846004387071,26.85077769184497,3.1855833656159263,202.17150807407407,False
val,0.3,2.221,9.0,"average-based, fitted to our error data (MMSP rule)",,53.94462141506684,0.9235525123304197,1.903114767516438,4.370344942726035,9.783489563656621,26.073085846867738,3.2446511237341427,186.65618333333333,False
val,0.3,2.221,9.0,"threshold 10 s base layer, enlarged viewport (ASL360, adapted)",,53.37573423846642,0.899114797703681,0.26180718171076567,2.729037356920363,8.853266224671307,20.556200051559678,3.787169876821592,170.28975883844632,True
val,0.3,2.221,9.0,best published rule within budgets,"threshold 10 s base layer, enlarged viewport (ASL360, adapted)",53.37573423846642,0.899114797703681,0.26180718171076567,2.729037356920363,8.853266224671307,20.556200051559678,3.787169876821592,170.28975883844632,True
val,0.3,2.221,9.0,"literature, tuned to our budgets","threshold, margin 0.75x",53.09591516193007,0.8821201527267175,0.1651513097318391,2.6323814849414364,8.032280410163317,19.819326286843683,3.904171718246714,156.10082569407925,True
val,0.3,2.221,9.0,RL estimate,tau q4 a 1.0 reserve 0.0 link now,53.08760429932832,0.8847690034016947,0.18810044122199976,2.655330616431597,7.633258137352341,20.04812236830798,4.152237840691468,149.14552785675002,True
val,0.3,2.221,9.0,"uniform, same bits as RL estimate",all 64 tiles,52.37252228175923,1.0,0.17681769776549583,2.644047872975093,30.35867819504262,19.971857007819878,0.5104402928515236,148.78112641488357,True
val,0.3,2.221,9.0,"RL estimate, perfect viewport",tau q0 a 1.0 reserve 0.0,55.012438149539626,0.9604659307310079,0.2102719780832194,2.6775021532928167,7.83674160961696,20.1952822892498,1.422602671367906,151.43245044470223,True
val,0.3,2.221,9.0,oracle (actual viewport + future link),,55.36407538885621,0.9839118480786597,0.299999990291123,2.7672301655007203,7.909655212107117,20.394001890521608,0.9938979393998543,152.89173373927986,True
val,0.3,2.221,10.0,predicted viewport only,,51.743299145247576,0.8294317664439023,0.0,2.4672301752095973,6.6528640989349705,18.398212597748557,5.295441719150363,129.07338696296299,True
val,0.3,2.221,10.0,QER 120x60 (MMSP),,52.34239901588459,0.8534792723976018,0.7192765515865558,3.186506726796153,7.658837931880667,23.544513190684874,4.654549968427583,148.04166785185186,False
val,0.3,2.221,10.0,QER 160x80 (MMSP),,53.01970477491328,0.8860519281074785,1.1640601640822648,3.631290339291862,8.443504118101908,24.683122797971976,4.204809486507188,162.41373155555556,False
val,0.3,2.221,10.0,QER 200x100 (MMSP),,54.092067495518656,0.9285386603240743,3.393848058041956,5.861078233251553,16.123343586791535,29.521139468935278,3.077991114754279,257.9260735555556,False
val,0.3,2.221,10.0,"average-based, bounds 30/15 (MMSP)",,53.72342350719133,0.91534571279321,2.272207353437247,4.739437528646844,11.74846004387071,26.85077769184497,3.1855833656159263,202.17150807407407,False
val,0.3,2.221,10.0,"average-based, fitted to our error data (MMSP rule)",,53.94462141506684,0.9235525123304197,1.903114767516438,4.370344942726035,9.783489563656621,26.073085846867738,3.2446511237341427,186.65618333333333,False
val,0.3,2.221,10.0,"threshold 10 s base layer, enlarged viewport (ASL360, adapted)",,53.37573423846642,0.899114797703681,0.26180718171076567,2.729037356920363,8.853266224671307,20.556200051559678,3.787169876821592,170.28975883844632,True
val,0.3,2.221,10.0,best published rule within budgets,"threshold 10 s base layer, enlarged viewport (ASL360, adapted)",53.37573423846642,0.899114797703681,0.26180718171076567,2.729037356920363,8.853266224671307,20.556200051559678,3.787169876821592,170.28975883844632,True
val,0.3,2.221,10.0,"literature, tuned to our budgets","threshold, margin 1.0x",53.37573423846642,0.899114797703681,0.26180718171076567,2.729037356920363,8.853266224671307,20.556200051559678,3.787169876821592,170.28975883844632,True
val,0.3,2.221,10.0,RL estimate,tau q3 a 1.0 reserve 0.25 link now,53.66696015943778,0.912336636262866,0.2524488314249038,2.719679006634501,8.887205029087832,20.420855890693474,3.272802038742016,173.76816183457936,True
val,0.3,2.221,10.0,"uniform, same bits as RL estimate",all 64 tiles,52.69401300142057,1.0,0.23985194786004582,2.707082123069643,30.35867819504262,20.313439890006013,0.4838503532236427,173.38294318939592,True
val,0.3,2.221,10.0,"RL estimate, perfect viewport",tau q0 a 1.0 reserve 0.0,55.012438149539626,0.9604659307310079,0.2102719780832194,2.6775021532928167,7.83674160961696,20.1952822892498,1.422602671367906,151.43245044470223,True
val,0.3,2.221,10.0,oracle (actual viewport + future link),,55.36407538885621,0.9839118480786597,0.299999990291123,2.7672301655007203,7.909655212107117,20.394001890521608,0.9938979393998543,152.89173373927986,True
val,0.3,2.221,12.0,predicted viewport only,,51.743299145247576,0.8294317664439023,0.0,2.4672301752095973,6.6528640989349705,18.398212597748557,5.295441719150363,129.07338696296299,True
val,0.3,2.221,12.0,QER 120x60 (MMSP),,52.34239901588459,0.8534792723976018,0.7192765515865558,3.186506726796153,7.658837931880667,23.544513190684874,4.654549968427583,148.04166785185186,False
val,0.3,2.221,12.0,QER 160x80 (MMSP),,53.01970477491328,0.8860519281074785,1.1640601640822648,3.631290339291862,8.443504118101908,24.683122797971976,4.204809486507188,162.41373155555556,False
val,0.3,2.221,12.0,QER 200x100 (MMSP),,54.092067495518656,0.9285386603240743,3.393848058041956,5.861078233251553,16.123343586791535,29.521139468935278,3.077991114754279,257.9260735555556,False
val,0.3,2.221,12.0,"average-based, bounds 30/15 (MMSP)",,53.72342350719133,0.91534571279321,2.272207353437247,4.739437528646844,11.74846004387071,26.85077769184497,3.1855833656159263,202.17150807407407,False
val,0.3,2.221,12.0,"average-based, fitted to our error data (MMSP rule)",,53.94462141506684,0.9235525123304197,1.903114767516438,4.370344942726035,9.783489563656621,26.073085846867738,3.2446511237341427,186.65618333333333,False
val,0.3,2.221,12.0,"threshold 10 s base layer, enlarged viewport (ASL360, adapted)",,53.37573423846642,0.899114797703681,0.26180718171076567,2.729037356920363,8.853266224671307,20.556200051559678,3.787169876821592,170.28975883844632,True
val,0.3,2.221,12.0,best published rule within budgets,"threshold 10 s base layer, enlarged viewport (ASL360, adapted)",53.37573423846642,0.899114797703681,0.26180718171076567,2.729037356920363,8.853266224671307,20.556200051559678,3.787169876821592,170.28975883844632,True
val,0.3,2.221,12.0,"literature, tuned to our budgets","threshold, margin 1.0x",53.37573423846642,0.899114797703681,0.26180718171076567,2.729037356920363,8.853266224671307,20.556200051559678,3.787169876821592,170.28975883844632,True
val,0.3,2.221,12.0,RL estimate,tau q2 a 0.7 reserve 0.5 link now,54.295083487804725,0.935803921965629,0.2749043937763802,2.7421345689859775,10.959597109205376,20.33599725015038,2.402219691638072,210.14826924233049,True
val,0.3,2.221,12.0,"uniform, same bits as RL estimate",all 64 tiles,53.01637982463696,1.0,0.2615439768648291,2.7287741520744264,30.35867819504262,20.218913809401045,0.5002826592096499,209.6948773280055,True
val,0.3,2.221,12.0,"RL estimate, perfect viewport",tau q0 a 1.0 reserve 0.0,55.012438149539626,0.9604659307310079,0.2102719780832194,2.6775021532928167,7.83674160961696,20.1952822892498,1.422602671367906,151.43245044470223,True
val,0.3,2.221,12.0,oracle (actual viewport + future link),,55.36407538885621,0.9839118480786597,0.299999990291123,2.7672301655007203,7.909655212107117,20.394001890521608,0.9938979393998543,152.89173373927986,True
val,0.3,2.221,14.0,predicted viewport only,,51.743299145247576,0.8294317664439023,0.0,2.4672301752095973,6.6528640989349705,18.398212597748557,5.295441719150363,129.07338696296299,True
val,0.3,2.221,14.0,QER 120x60 (MMSP),,52.34239901588459,0.8534792723976018,0.7192765515865558,3.186506726796153,7.658837931880667,23.544513190684874,4.654549968427583,148.04166785185186,False
val,0.3,2.221,14.0,QER 160x80 (MMSP),,53.01970477491328,0.8860519281074785,1.1640601640822648,3.631290339291862,8.443504118101908,24.683122797971976,4.204809486507188,162.41373155555556,False
val,0.3,2.221,14.0,QER 200x100 (MMSP),,54.092067495518656,0.9285386603240743,3.393848058041956,5.861078233251553,16.123343586791535,29.521139468935278,3.077991114754279,257.9260735555556,False
val,0.3,2.221,14.0,"average-based, bounds 30/15 (MMSP)",,53.72342350719133,0.91534571279321,2.272207353437247,4.739437528646844,11.74846004387071,26.85077769184497,3.1855833656159263,202.17150807407407,False
val,0.3,2.221,14.0,"average-based, fitted to our error data (MMSP rule)",,53.94462141506684,0.9235525123304197,1.903114767516438,4.370344942726035,9.783489563656621,26.073085846867738,3.2446511237341427,186.65618333333333,False
val,0.3,2.221,14.0,"threshold 10 s base layer, enlarged viewport (ASL360, adapted)",,53.37573423846642,0.899114797703681,0.26180718171076567,2.729037356920363,8.853266224671307,20.556200051559678,3.787169876821592,170.28975883844632,True
val,0.3,2.221,14.0,best published rule within budgets,"threshold 10 s base layer, enlarged viewport (ASL360, adapted)",53.37573423846642,0.899114797703681,0.26180718171076567,2.729037356920363,8.853266224671307,20.556200051559678,3.787169876821592,170.28975883844632,True
val,0.3,2.221,14.0,"literature, tuned to our budgets","threshold, margin 1.0x",53.37573423846642,0.899114797703681,0.26180718171076567,2.729037356920363,8.853266224671307,20.556200051559678,3.787169876821592,170.28975883844632,True
val,0.3,2.221,14.0,RL estimate,tau q1 a 0.5 reserve 0.25 link now,54.570061067761486,0.9435332218354502,0.282887745875152,2.7501179210847493,12.802474422144227,20.414410930652227,2.0317759982131385,236.15449969175904,True
val,0.3,2.221,14.0,"uniform, same bits as RL estimate",all 64 tiles,53.311498805250785,1.0,0.26856429496082246,2.7357944701704198,30.35867819504262,20.274770129758526,0.49178791846363884,235.67762032577122,True
val,0.3,2.221,14.0,"RL estimate, perfect viewport",tau q0 a 1.0 reserve 0.0,55.012438149539626,0.9604659307310079,0.2102719780832194,2.6775021532928167,7.83674160961696,20.1952822892498,1.422602671367906,151.43245044470223,True
val,0.3,2.221,14.0,oracle (actual viewport + future link),,55.36407538885621,0.9839118480786597,0.299999990291123,2.7672301655007203,7.909655212107117,20.394001890521608,0.9938979393998543,152.89173373927986,True
val,0.3,2.221,16.0,predicted viewport only,,51.743299145247576,0.8294317664439023,0.0,2.4672301752095973,6.6528640989349705,18.398212597748557,5.295441719150363,129.07338696296299,True
val,0.3,2.221,16.0,QER 120x60 (MMSP),,52.34239901588459,0.8534792723976018,0.7192765515865558,3.186506726796153,7.658837931880667,23.544513190684874,4.654549968427583,148.04166785185186,False
val,0.3,2.221,16.0,QER 160x80 (MMSP),,53.01970477491328,0.8860519281074785,1.1640601640822648,3.631290339291862,8.443504118101908,24.683122797971976,4.204809486507188,162.41373155555556,False
val,0.3,2.221,16.0,QER 200x100 (MMSP),,54.092067495518656,0.9285386603240743,3.393848058041956,5.861078233251553,16.123343586791535,29.521139468935278,3.077991114754279,257.9260735555556,False
val,0.3,2.221,16.0,"average-based, bounds 30/15 (MMSP)",,53.72342350719133,0.91534571279321,2.272207353437247,4.739437528646844,11.74846004387071,26.85077769184497,3.1855833656159263,202.17150807407407,False
val,0.3,2.221,16.0,"average-based, fitted to our error data (MMSP rule)",,53.94462141506684,0.9235525123304197,1.903114767516438,4.370344942726035,9.783489563656621,26.073085846867738,3.2446511237341427,186.65618333333333,False
val,0.3,2.221,16.0,"threshold 10 s base layer, enlarged viewport (ASL360, adapted)",,53.37573423846642,0.899114797703681,0.26180718171076567,2.729037356920363,8.853266224671307,20.556200051559678,3.787169876821592,170.28975883844632,True
val,0.3,2.221,16.0,best published rule within budgets,"threshold 10 s base layer, enlarged viewport (ASL360, adapted)",53.37573423846642,0.899114797703681,0.26180718171076567,2.729037356920363,8.853266224671307,20.556200051559678,3.787169876821592,170.28975883844632,True
val,0.3,2.221,16.0,"literature, tuned to our budgets","threshold, margin 1.0x",53.37573423846642,0.899114797703681,0.26180718171076567,2.729037356920363,8.853266224671307,20.556200051559678,3.787169876821592,170.28975883844632,True
val,0.3,2.221,16.0,RL estimate,tau q1 a 0.5 reserve 0.25 link now,54.570061067761486,0.9435332218354502,0.282887745875152,2.7501179210847493,12.802474422144227,20.414410930652227,2.0317759982131385,236.15449969175904,True
val,0.3,2.221,16.0,"uniform, same bits as RL estimate",all 64 tiles,53.311498805250785,1.0,0.26856429496082246,2.7357944701704198,30.35867819504262,20.274770129758526,0.49178791846363884,235.67762032577122,True
val,0.3,2.221,16.0,"RL estimate, perfect viewport",tau q0 a 1.0 reserve 0.0,55.012438149539626,0.9604659307310079,0.2102719780832194,2.6775021532928167,7.83674160961696,20.1952822892498,1.422602671367906,151.43245044470223,True
val,0.3,2.221,16.0,oracle (actual viewport + future link),,55.36407538885621,0.9839118480786597,0.299999990291123,2.7672301655007203,7.909655212107117,20.394001890521608,0.9938979393998543,152.89173373927986,True
val,0.5,2.421,7.5,predicted viewport only,,51.743299145247576,0.8294317664439023,0.0,2.4672301752095973,6.6528640989349705,18.398212597748557,5.295441719150363,129.07338696296299,True
val,0.5,2.421,7.5,QER 120x60 (MMSP),,52.34239901588459,0.8534792723976018,0.7192765515865558,3.186506726796153,7.658837931880667,23.544513190684874,4.654549968427583,148.04166785185186,False
val,0.5,2.421,7.5,QER 160x80 (MMSP),,53.01970477491328,0.8860519281074785,1.1640601640822648,3.631290339291862,8.443504118101908,24.683122797971976,4.204809486507188,162.41373155555556,False
val,0.5,2.421,7.5,QER 200x100 (MMSP),,54.092067495518656,0.9285386603240743,3.393848058041956,5.861078233251553,16.123343586791535,29.521139468935278,3.077991114754279,257.9260735555556,False
val,0.5,2.421,7.5,"average-based, bounds 30/15 (MMSP)",,53.72342350719133,0.91534571279321,2.272207353437247,4.739437528646844,11.74846004387071,26.85077769184497,3.1855833656159263,202.17150807407407,False
val,0.5,2.421,7.5,"average-based, fitted to our error data (MMSP rule)",,53.94462141506684,0.9235525123304197,1.903114767516438,4.370344942726035,9.783489563656621,26.073085846867738,3.2446511237341427,186.65618333333333,False
val,0.5,2.421,7.5,"threshold 10 s base layer, enlarged viewport (ASL360, adapted)",,53.37573423846642,0.899114797703681,0.26180718171076567,2.729037356920363,8.853266224671307,20.556200051559678,3.787169876821592,170.28975883844632,False
val,0.5,2.421,7.5,best published rule within budgets,predicted viewport only,51.743299145247576,0.8294317664439023,0.0,2.4672301752095973,6.6528640989349705,18.398212597748557,5.295441719150363,129.07338696296299,True
val,0.5,2.421,7.5,"literature, tuned to our budgets",average-based 0.2x,52.19429942748489,0.8507794261880255,0.38901421815008774,2.856244393359685,7.1752583920787245,21.240439975938813,5.095227781905954,138.64575125925924,True
val,0.5,2.421,7.5,RL estimate,tau q5 a 1.0 reserve 0.0 link now,52.649135125964506,0.8658526392501841,0.11933949596749382,2.586569671177091,7.176545001267655,19.509968204863792,4.486853764228953,140.25585782031453,True
val,0.5,2.421,7.5,"uniform, same bits as RL estimate",all 64 tiles,52.12746987929454,1.0,0.10861945894616065,2.575849634155758,30.35867819504262,19.43048036435507,0.6362929883517529,139.92874757987454,True
val,0.5,2.421,7.5,"RL estimate, perfect viewport",tau q2 a 1.0 reserve 0.25,53.989786674160094,0.9396152103896513,0.07291433611856313,2.5401445113281604,7.22528010255362,18.993297241557098,2.7431079601592474,140.31056680948697,True
val,0.5,2.421,7.5,oracle (actual viewport + future link),,54.58113131899543,0.9530824865081285,0.0,2.4672301752095973,7.499997189692605,18.398212597748557,1.957257197257152,144.8968281949815,True
val,0.5,2.421,8.0,predicted viewport only,,51.743299145247576,0.8294317664439023,0.0,2.4672301752095973,6.6528640989349705,18.398212597748557,5.295441719150363,129.07338696296299,True
val,0.5,2.421,8.0,QER 120x60 (MMSP),,52.34239901588459,0.8534792723976018,0.7192765515865558,3.186506726796153,7.658837931880667,23.544513190684874,4.654549968427583,148.04166785185186,False
val,0.5,2.421,8.0,QER 160x80 (MMSP),,53.01970477491328,0.8860519281074785,1.1640601640822648,3.631290339291862,8.443504118101908,24.683122797971976,4.204809486507188,162.41373155555556,False
val,0.5,2.421,8.0,QER 200x100 (MMSP),,54.092067495518656,0.9285386603240743,3.393848058041956,5.861078233251553,16.123343586791535,29.521139468935278,3.077991114754279,257.9260735555556,False
val,0.5,2.421,8.0,"average-based, bounds 30/15 (MMSP)",,53.72342350719133,0.91534571279321,2.272207353437247,4.739437528646844,11.74846004387071,26.85077769184497,3.1855833656159263,202.17150807407407,False
val,0.5,2.421,8.0,"average-based, fitted to our error data (MMSP rule)",,53.94462141506684,0.9235525123304197,1.903114767516438,4.370344942726035,9.783489563656621,26.073085846867738,3.2446511237341427,186.65618333333333,False
val,0.5,2.421,8.0,"threshold 10 s base layer, enlarged viewport (ASL360, adapted)",,53.37573423846642,0.899114797703681,0.26180718171076567,2.729037356920363,8.853266224671307,20.556200051559678,3.787169876821592,170.28975883844632,False
val,0.5,2.421,8.0,best published rule within budgets,predicted viewport only,51.743299145247576,0.8294317664439023,0.0,2.4672301752095973,6.6528640989349705,18.398212597748557,5.295441719150363,129.07338696296299,True
val,0.5,2.421,8.0,"literature, tuned to our budgets","threshold, margin 0.5x",52.76864168943482,0.8709361269628673,0.12026780465098286,2.58749797986058,7.627312399998099,19.447666924465064,4.2374911550075085,147.9777704723726,True
val,0.5,2.421,8.0,RL estimate,tau q4 a 1.0 reserve 0.0 link now,53.08760429932832,0.8847690034016947,0.18810044122199976,2.655330616431597,7.633258137352341,20.04812236830798,4.152237840691468,149.14552785675002,True
val,0.5,2.421,8.0,"uniform, same bits as RL estimate",all 64 tiles,52.37252228175923,1.0,0.17681769776549583,2.644047872975093,30.35867819504262,19.971857007819878,0.5104402928515236,148.78112641488357,True
val,0.5,2.421,8.0,"RL estimate, perfect viewport",tau q1 a 1.0 reserve 0.0,54.69331189498274,0.9566576362781155,0.15987094706744687,2.627101122277044,7.5401892461518925,19.75165420641058,1.8510133083068092,145.64905692584,True
val,0.5,2.421,8.0,oracle (actual viewport + future link),,55.65950834401003,0.9931280664681099,0.499999965334331,2.9672301405439283,7.99999636384248,21.061055254790748,0.6501347164665483,154.54572495608832,True
val,0.5,2.421,9.0,predicted viewport only,,51.743299145247576,0.8294317664439023,0.0,2.4672301752095973,6.6528640989349705,18.398212597748557,5.295441719150363,129.07338696296299,True
val,0.5,2.421,9.0,QER 120x60 (MMSP),,52.34239901588459,0.8534792723976018,0.7192765515865558,3.186506726796153,7.658837931880667,23.544513190684874,4.654549968427583,148.04166785185186,False
val,0.5,2.421,9.0,QER 160x80 (MMSP),,53.01970477491328,0.8860519281074785,1.1640601640822648,3.631290339291862,8.443504118101908,24.683122797971976,4.204809486507188,162.41373155555556,False
val,0.5,2.421,9.0,QER 200x100 (MMSP),,54.092067495518656,0.9285386603240743,3.393848058041956,5.861078233251553,16.123343586791535,29.521139468935278,3.077991114754279,257.9260735555556,False
val,0.5,2.421,9.0,"average-based, bounds 30/15 (MMSP)",,53.72342350719133,0.91534571279321,2.272207353437247,4.739437528646844,11.74846004387071,26.85077769184497,3.1855833656159263,202.17150807407407,False
val,0.5,2.421,9.0,"average-based, fitted to our error data (MMSP rule)",,53.94462141506684,0.9235525123304197,1.903114767516438,4.370344942726035,9.783489563656621,26.073085846867738,3.2446511237341427,186.65618333333333,False
val,0.5,2.421,9.0,"threshold 10 s base layer, enlarged viewport (ASL360, adapted)",,53.37573423846642,0.899114797703681,0.26180718171076567,2.729037356920363,8.853266224671307,20.556200051559678,3.787169876821592,170.28975883844632,True
val,0.5,2.421,9.0,best published rule within budgets,"threshold 10 s base layer, enlarged viewport (ASL360, adapted)",53.37573423846642,0.899114797703681,0.26180718171076567,2.729037356920363,8.853266224671307,20.556200051559678,3.787169876821592,170.28975883844632,True
val,0.5,2.421,9.0,"literature, tuned to our budgets","threshold, margin 0.75x",53.09591516193007,0.8821201527267175,0.1651513097318391,2.6323814849414364,8.032280410163317,19.819326286843683,3.904171718246714,156.10082569407925,True
val,0.5,2.421,9.0,RL estimate,tau q4 a 1.0 reserve 0.0 link now,53.08760429932832,0.8847690034016947,0.18810044122199976,2.655330616431597,7.633258137352341,20.04812236830798,4.152237840691468,149.14552785675002,True
val,0.5,2.421,9.0,"uniform, same bits as RL estimate",all 64 tiles,52.37252228175923,1.0,0.17681769776549583,2.644047872975093,30.35867819504262,19.971857007819878,0.5104402928515236,148.78112641488357,True
val,0.5,2.421,9.0,"RL estimate, perfect viewport",tau q0 a 1.0 reserve 0.0,55.012438149539626,0.9604659307310079,0.2102719780832194,2.6775021532928167,7.83674160961696,20.1952822892498,1.422602671367906,151.43245044470223,True
val,0.5,2.421,9.0,oracle (actual viewport + future link),,55.65992883772419,0.9931349946709815,0.49999999783082005,2.9672301730404174,8.00023071508062,21.061055254790748,0.6499042185607666,154.5498414435851,True
val,0.5,2.421,10.0,predicted viewport only,,51.743299145247576,0.8294317664439023,0.0,2.4672301752095973,6.6528640989349705,18.398212597748557,5.295441719150363,129.07338696296299,True
val,0.5,2.421,10.0,QER 120x60 (MMSP),,52.34239901588459,0.8534792723976018,0.7192765515865558,3.186506726796153,7.658837931880667,23.544513190684874,4.654549968427583,148.04166785185186,False
val,0.5,2.421,10.0,QER 160x80 (MMSP),,53.01970477491328,0.8860519281074785,1.1640601640822648,3.631290339291862,8.443504118101908,24.683122797971976,4.204809486507188,162.41373155555556,False
val,0.5,2.421,10.0,QER 200x100 (MMSP),,54.092067495518656,0.9285386603240743,3.393848058041956,5.861078233251553,16.123343586791535,29.521139468935278,3.077991114754279,257.9260735555556,False
val,0.5,2.421,10.0,"average-based, bounds 30/15 (MMSP)",,53.72342350719133,0.91534571279321,2.272207353437247,4.739437528646844,11.74846004387071,26.85077769184497,3.1855833656159263,202.17150807407407,False
val,0.5,2.421,10.0,"average-based, fitted to our error data (MMSP rule)",,53.94462141506684,0.9235525123304197,1.903114767516438,4.370344942726035,9.783489563656621,26.073085846867738,3.2446511237341427,186.65618333333333,False
val,0.5,2.421,10.0,"threshold 10 s base layer, enlarged viewport (ASL360, adapted)",,53.37573423846642,0.899114797703681,0.26180718171076567,2.729037356920363,8.853266224671307,20.556200051559678,3.787169876821592,170.28975883844632,True
val,0.5,2.421,10.0,best published rule within budgets,"threshold 10 s base layer, enlarged viewport (ASL360, adapted)",53.37573423846642,0.899114797703681,0.26180718171076567,2.729037356920363,8.853266224671307,20.556200051559678,3.787169876821592,170.28975883844632,True
val,0.5,2.421,10.0,"literature, tuned to our budgets","threshold, margin 1.0x",53.37573423846642,0.899114797703681,0.26180718171076567,2.729037356920363,8.853266224671307,20.556200051559678,3.787169876821592,170.28975883844632,True
val,0.5,2.421,10.0,RL estimate,tau q3 a 1.0 reserve 0.0 link now,53.694061190501166,0.9135820525560442,0.3346256189219128,2.80185579413151,8.912486427392066,21.155581335395713,3.25294081756851,174.24219716378792,True
val,0.5,2.421,10.0,"uniform, same bits as RL estimate",all 64 tiles,52.70929138075317,1.0,0.32171817025322325,2.7889483454628206,30.35867819504262,21.07716765489387,0.47545779531807175,173.85577620512163,True
val,0.5,2.421,10.0,"RL estimate, perfect viewport",tau q0 a 1.0 reserve 0.0,55.012438149539626,0.9604659307310079,0.2102719780832194,2.6775021532928167,7.83674160961696,20.1952822892498,1.422602671367906,151.43245044470223,True
val,0.5,2.421,10.0,oracle (actual viewport + future link),,55.65992883772419,0.9931349946709815,0.49999999783082005,2.9672301730404174,8.00023071508062,21.061055254790748,0.6499042185607666,154.5498414435851,True
val,0.5,2.421,12.0,predicted viewport only,,51.743299145247576,0.8294317664439023,0.0,2.4672301752095973,6.6528640989349705,18.398212597748557,5.295441719150363,129.07338696296299,True
val,0.5,2.421,12.0,QER 120x60 (MMSP),,52.34239901588459,0.8534792723976018,0.7192765515865558,3.186506726796153,7.658837931880667,23.544513190684874,4.654549968427583,148.04166785185186,False
val,0.5,2.421,12.0,QER 160x80 (MMSP),,53.01970477491328,0.8860519281074785,1.1640601640822648,3.631290339291862,8.443504118101908,24.683122797971976,4.204809486507188,162.41373155555556,False
val,0.5,2.421,12.0,QER 200x100 (MMSP),,54.092067495518656,0.9285386603240743,3.393848058041956,5.861078233251553,16.123343586791535,29.521139468935278,3.077991114754279,257.9260735555556,False
val,0.5,2.421,12.0,"average-based, bounds 30/15 (MMSP)",,53.72342350719133,0.91534571279321,2.272207353437247,4.739437528646844,11.74846004387071,26.85077769184497,3.1855833656159263,202.17150807407407,False
val,0.5,2.421,12.0,"average-based, fitted to our error data (MMSP rule)",,53.94462141506684,0.9235525123304197,1.903114767516438,4.370344942726035,9.783489563656621,26.073085846867738,3.2446511237341427,186.65618333333333,False
val,0.5,2.421,12.0,"threshold 10 s base layer, enlarged viewport (ASL360, adapted)",,53.37573423846642,0.899114797703681,0.26180718171076567,2.729037356920363,8.853266224671307,20.556200051559678,3.787169876821592,170.28975883844632,True
val,0.5,2.421,12.0,best published rule within budgets,"threshold 10 s base layer, enlarged viewport (ASL360, adapted)",53.37573423846642,0.899114797703681,0.26180718171076567,2.729037356920363,8.853266224671307,20.556200051559678,3.787169876821592,170.28975883844632,True
val,0.5,2.421,12.0,"literature, tuned to our budgets","threshold, margin 1.5x",53.96082432283947,0.9187398800955014,0.3639126810560729,2.83114285626567,9.893588382226442,21.401563976970007,3.078458563559527,190.24111753931425,True
val,0.5,2.421,12.0,RL estimate,tau q2 a 1.0 reserve 0.25 link now,54.339605758488595,0.937804761276032,0.4158656130425449,2.883095788252142,11.038456719836105,21.652917418578667,2.350096093487419,211.55385557385924,True
val,0.5,2.421,12.0,"uniform, same bits as RL estimate",all 64 tiles,53.039050410688965,1.0,0.40103487046377095,2.8682650456733683,30.35867819504262,21.529389017788088,0.49432808908754927,211.0967844493426,True
val,0.5,2.421,12.0,"RL estimate, perfect viewport",tau q0 a 1.0 reserve 0.0,55.012438149539626,0.9604659307310079,0.2102719780832194,2.6775021532928167,7.83674160961696,20.1952822892498,1.422602671367906,151.43245044470223,True
val,0.5,2.421,12.0,oracle (actual viewport + future link),,55.65992883772419,0.9931349946709815,0.49999999783082005,2.9672301730404174,8.00023071508062,21.061055254790748,0.6499042185607666,154.5498414435851,True
val,0.5,2.421,14.0,predicted viewport only,,51.743299145247576,0.8294317664439023,0.0,2.4672301752095973,6.6528640989349705,18.398212597748557,5.295441719150363,129.07338696296299,True
val,0.5,2.421,14.0,QER 120x60 (MMSP),,52.34239901588459,0.8534792723976018,0.7192765515865558,3.186506726796153,7.658837931880667,23.544513190684874,4.654549968427583,148.04166785185186,False
val,0.5,2.421,14.0,QER 160x80 (MMSP),,53.01970477491328,0.8860519281074785,1.1640601640822648,3.631290339291862,8.443504118101908,24.683122797971976,4.204809486507188,162.41373155555556,False
val,0.5,2.421,14.0,QER 200x100 (MMSP),,54.092067495518656,0.9285386603240743,3.393848058041956,5.861078233251553,16.123343586791535,29.521139468935278,3.077991114754279,257.9260735555556,False
val,0.5,2.421,14.0,"average-based, bounds 30/15 (MMSP)",,53.72342350719133,0.91534571279321,2.272207353437247,4.739437528646844,11.74846004387071,26.85077769184497,3.1855833656159263,202.17150807407407,False
val,0.5,2.421,14.0,"average-based, fitted to our error data (MMSP rule)",,53.94462141506684,0.9235525123304197,1.903114767516438,4.370344942726035,9.783489563656621,26.073085846867738,3.2446511237341427,186.65618333333333,False
val,0.5,2.421,14.0,"threshold 10 s base layer, enlarged viewport (ASL360, adapted)",,53.37573423846642,0.899114797703681,0.26180718171076567,2.729037356920363,8.853266224671307,20.556200051559678,3.787169876821592,170.28975883844632,True
val,0.5,2.421,14.0,best published rule within budgets,"threshold 10 s base layer, enlarged viewport (ASL360, adapted)",53.37573423846642,0.899114797703681,0.26180718171076567,2.729037356920363,8.853266224671307,20.556200051559678,3.787169876821592,170.28975883844632,True
val,0.5,2.421,14.0,"literature, tuned to our budgets","threshold, margin 1.5x",53.96082432283947,0.9187398800955014,0.3639126810560729,2.83114285626567,9.893588382226442,21.401563976970007,3.078458563559527,190.24111753931425,True
val,0.5,2.421,14.0,RL estimate,tau q1 a 0.7 reserve 0.25 link now,54.59817640253652,0.9447131466903101,0.3800422063136266,2.847272381523224,12.889451119785921,21.127653175216977,1.995632850353754,237.53642217727938,True
val,0.5,2.421,14.0,"uniform, same bits as RL estimate",all 64 tiles,53.3298013202442,1.0,0.3642111186451258,2.831441293854723,30.35867819504262,20.9955314943714,0.49105526986283143,237.05532165283145,True
val,0.5,2.421,14.0,"RL estimate, perfect viewport",tau q0 a 1.0 reserve 0.0,55.012438149539626,0.9604659307310079,0.2102719780832194,2.6775021532928167,7.83674160961696,20.1952822892498,1.422602671367906,151.43245044470223,True
val,0.5,2.421,14.0,oracle (actual viewport + future link),,55.65992883772419,0.9931349946709815,0.49999999783082005,2.9672301730404174,8.00023071508062,21.061055254790748,0.6499042185607666,154.5498414435851,True
val,0.5,2.421,16.0,predicted viewport only,,51.743299145247576,0.8294317664439023,0.0,2.4672301752095973,6.6528640989349705,18.398212597748557,5.295441719150363,129.07338696296299,True
val,0.5,2.421,16.0,QER 120x60 (MMSP),,52.34239901588459,0.8534792723976018,0.7192765515865558,3.186506726796153,7.658837931880667,23.544513190684874,4.654549968427583,148.04166785185186,False
val,0.5,2.421,16.0,QER 160x80 (MMSP),,53.01970477491328,0.8860519281074785,1.1640601640822648,3.631290339291862,8.443504118101908,24.683122797971976,4.204809486507188,162.41373155555556,False
val,0.5,2.421,16.0,QER 200x100 (MMSP),,54.092067495518656,0.9285386603240743,3.393848058041956,5.861078233251553,16.123343586791535,29.521139468935278,3.077991114754279,257.9260735555556,False
val,0.5,2.421,16.0,"average-based, bounds 30/15 (MMSP)",,53.72342350719133,0.91534571279321,2.272207353437247,4.739437528646844,11.74846004387071,26.85077769184497,3.1855833656159263,202.17150807407407,False
val,0.5,2.421,16.0,"average-based, fitted to our error data (MMSP rule)",,53.94462141506684,0.9235525123304197,1.903114767516438,4.370344942726035,9.783489563656621,26.073085846867738,3.2446511237341427,186.65618333333333,False
val,0.5,2.421,16.0,"threshold 10 s base layer, enlarged viewport (ASL360, adapted)",,53.37573423846642,0.899114797703681,0.26180718171076567,2.729037356920363,8.853266224671307,20.556200051559678,3.787169876821592,170.28975883844632,True
val,0.5,2.421,16.0,best published rule within budgets,"threshold 10 s base layer, enlarged viewport (ASL360, adapted)",53.37573423846642,0.899114797703681,0.26180718171076567,2.729037356920363,8.853266224671307,20.556200051559678,3.787169876821592,170.28975883844632,True
val,0.5,2.421,16.0,"literature, tuned to our budgets","threshold, margin 1.5x",53.96082432283947,0.9187398800955014,0.3639126810560729,2.83114285626567,9.893588382226442,21.401563976970007,3.078458563559527,190.24111753931425,True
val,0.5,2.421,16.0,RL estimate,tau q0 a 0.7 reserve 0.25 link now,54.62155094222697,0.9458308033684755,0.4097043008429808,2.876934476052578,13.74798504373378,21.325298616481906,1.9631823454426411,249.25635237973705,True
val,0.5,2.421,16.0,"uniform, same bits as RL estimate",all 64 tiles,53.548317409503085,1.0,0.3937535027652772,2.8609836779748745,30.35867819504262,21.168471255478213,0.5926053519459777,248.7688886988915,True
val,0.5,2.421,16.0,"RL estimate, perfect viewport",tau q0 a 1.0 reserve 0.0,55.012438149539626,0.9604659307310079,0.2102719780832194,2.6775021532928167,7.83674160961696,20.1952822892498,1.422602671367906,151.43245044470223,True
val,0.5,2.421,16.0,oracle (actual viewport + future link),,55.65992883772419,0.9931349946709815,0.49999999783082005,2.9672301730404174,8.00023071508062,21.061055254790748,0.6499042185607666,154.5498414435851,True
val,1.0,2.921,7.5,predicted viewport only,,51.743299145247576,0.8294317664439023,0.0,2.4672301752095973,6.6528640989349705,18.398212597748557,5.295441719150363,129.07338696296299,True
val,1.0,2.921,7.5,QER 120x60 (MMSP),,52.34239901588459,0.8534792723976018,0.7192765515865558,3.186506726796153,7.658837931880667,23.544513190684874,4.654549968427583,148.04166785185186,False
val,1.0,2.921,7.5,QER 160x80 (MMSP),,53.01970477491328,0.8860519281074785,1.1640601640822648,3.631290339291862,8.443504118101908,24.683122797971976,4.204809486507188,162.41373155555556,False
val,1.0,2.921,7.5,QER 200x100 (MMSP),,54.092067495518656,0.9285386603240743,3.393848058041956,5.861078233251553,16.123343586791535,29.521139468935278,3.077991114754279,257.9260735555556,False
val,1.0,2.921,7.5,"average-based, bounds 30/15 (MMSP)",,53.72342350719133,0.91534571279321,2.272207353437247,4.739437528646844,11.74846004387071,26.85077769184497,3.1855833656159263,202.17150807407407,False
val,1.0,2.921,7.5,"average-based, fitted to our error data (MMSP rule)",,53.94462141506684,0.9235525123304197,1.903114767516438,4.370344942726035,9.783489563656621,26.073085846867738,3.2446511237341427,186.65618333333333,False
val,1.0,2.921,7.5,"threshold 10 s base layer, enlarged viewport (ASL360, adapted)",,53.37573423846642,0.899114797703681,0.26180718171076567,2.729037356920363,8.853266224671307,20.556200051559678,3.787169876821592,170.28975883844632,False
val,1.0,2.921,7.5,best published rule within budgets,predicted viewport only,51.743299145247576,0.8294317664439023,0.0,2.4672301752095973,6.6528640989349705,18.398212597748557,5.295441719150363,129.07338696296299,True
val,1.0,2.921,7.5,"literature, tuned to our budgets",average-based 0.2x,52.19429942748489,0.8507794261880255,0.38901421815008774,2.856244393359685,7.1752583920787245,21.240439975938813,5.095227781905954,138.64575125925924,True
val,1.0,2.921,7.5,RL estimate,tau q5 a 1.0 reserve 0.0 link now,52.649135125964506,0.8658526392501841,0.11933949596749382,2.586569671177091,7.176545001267655,19.509968204863792,4.486853764228953,140.25585782031453,True
val,1.0,2.921,7.5,"uniform, same bits as RL estimate",all 64 tiles,52.12746987929454,1.0,0.10861945894616065,2.575849634155758,30.35867819504262,19.43048036435507,0.6362929883517529,139.92874757987454,True
val,1.0,2.921,7.5,"RL estimate, perfect viewport",tau q2 a 1.0 reserve 0.25,53.989786674160094,0.9396152103896513,0.07291433611856313,2.5401445113281604,7.22528010255362,18.993297241557098,2.7431079601592474,140.31056680948697,True
val,1.0,2.921,7.5,oracle (actual viewport + future link),,54.58113131899543,0.9530824865081285,0.0,2.4672301752095973,7.499997189692605,18.398212597748557,1.957257197257152,144.8968281949815,True
val,1.0,2.921,8.0,predicted viewport only,,51.743299145247576,0.8294317664439023,0.0,2.4672301752095973,6.6528640989349705,18.398212597748557,5.295441719150363,129.07338696296299,True
val,1.0,2.921,8.0,QER 120x60 (MMSP),,52.34239901588459,0.8534792723976018,0.7192765515865558,3.186506726796153,7.658837931880667,23.544513190684874,4.654549968427583,148.04166785185186,True
val,1.0,2.921,8.0,QER 160x80 (MMSP),,53.01970477491328,0.8860519281074785,1.1640601640822648,3.631290339291862,8.443504118101908,24.683122797971976,4.204809486507188,162.41373155555556,False
val,1.0,2.921,8.0,QER 200x100 (MMSP),,54.092067495518656,0.9285386603240743,3.393848058041956,5.861078233251553,16.123343586791535,29.521139468935278,3.077991114754279,257.9260735555556,False
val,1.0,2.921,8.0,"average-based, bounds 30/15 (MMSP)",,53.72342350719133,0.91534571279321,2.272207353437247,4.739437528646844,11.74846004387071,26.85077769184497,3.1855833656159263,202.17150807407407,False
val,1.0,2.921,8.0,"average-based, fitted to our error data (MMSP rule)",,53.94462141506684,0.9235525123304197,1.903114767516438,4.370344942726035,9.783489563656621,26.073085846867738,3.2446511237341427,186.65618333333333,False
val,1.0,2.921,8.0,"threshold 10 s base layer, enlarged viewport (ASL360, adapted)",,53.37573423846642,0.899114797703681,0.26180718171076567,2.729037356920363,8.853266224671307,20.556200051559678,3.787169876821592,170.28975883844632,False
val,1.0,2.921,8.0,best published rule within budgets,QER 120x60 (MMSP),52.34239901588459,0.8534792723976018,0.7192765515865558,3.186506726796153,7.658837931880667,23.544513190684874,4.654549968427583,148.04166785185186,True
val,1.0,2.921,8.0,"literature, tuned to our budgets",average-based 0.35x,52.561480623298124,0.8641674363505216,0.6599862877289864,3.1272164629385837,7.621775829802816,22.647589584944566,4.59044393977745,147.51919392592595,True
val,1.0,2.921,8.0,RL estimate,tau q4 a 1.0 reserve 0.0 link now,53.08760429932832,0.8847690034016947,0.18810044122199976,2.655330616431597,7.633258137352341,20.04812236830798,4.152237840691468,149.14552785675002,True
val,1.0,2.921,8.0,"uniform, same bits as RL estimate",all 64 tiles,52.37252228175923,1.0,0.17681769776549583,2.644047872975093,30.35867819504262,19.971857007819878,0.5104402928515236,148.78112641488357,True
val,1.0,2.921,8.0,"RL estimate, perfect viewport",tau q1 a 1.0 reserve 0.0,54.69331189498274,0.9566576362781155,0.15987094706744687,2.627101122277044,7.5401892461518925,19.75165420641058,1.8510133083068092,145.64905692584,True
val,1.0,2.921,8.0,oracle (actual viewport + future link),,55.65949635685501,0.9931287199015467,0.5000807483535494,2.9673109235631467,7.9999961457789155,21.061055254790748,0.6500962148139613,154.5458300570594,True
val,1.0,2.921,9.0,predicted viewport only,,51.743299145247576,0.8294317664439023,0.0,2.4672301752095973,6.6528640989349705,18.398212597748557,5.295441719150363,129.07338696296299,True
val,1.0,2.921,9.0,QER 120x60 (MMSP),,52.34239901588459,0.8534792723976018,0.7192765515865558,3.186506726796153,7.658837931880667,23.544513190684874,4.654549968427583,148.04166785185186,True
val,1.0,2.921,9.0,QER 160x80 (MMSP),,53.01970477491328,0.8860519281074785,1.1640601640822648,3.631290339291862,8.443504118101908,24.683122797971976,4.204809486507188,162.41373155555556,False
val,1.0,2.921,9.0,QER 200x100 (MMSP),,54.092067495518656,0.9285386603240743,3.393848058041956,5.861078233251553,16.123343586791535,29.521139468935278,3.077991114754279,257.9260735555556,False
val,1.0,2.921,9.0,"average-based, bounds 30/15 (MMSP)",,53.72342350719133,0.91534571279321,2.272207353437247,4.739437528646844,11.74846004387071,26.85077769184497,3.1855833656159263,202.17150807407407,False
val,1.0,2.921,9.0,"average-based, fitted to our error data (MMSP rule)",,53.94462141506684,0.9235525123304197,1.903114767516438,4.370344942726035,9.783489563656621,26.073085846867738,3.2446511237341427,186.65618333333333,False
val,1.0,2.921,9.0,"threshold 10 s base layer, enlarged viewport (ASL360, adapted)",,53.37573423846642,0.899114797703681,0.26180718171076567,2.729037356920363,8.853266224671307,20.556200051559678,3.787169876821592,170.28975883844632,True
val,1.0,2.921,9.0,best published rule within budgets,"threshold 10 s base layer, enlarged viewport (ASL360, adapted)",53.37573423846642,0.899114797703681,0.26180718171076567,2.729037356920363,8.853266224671307,20.556200051559678,3.787169876821592,170.28975883844632,True
val,1.0,2.921,9.0,"literature, tuned to our budgets","threshold, margin 0.75x",53.09591516193007,0.8821201527267175,0.1651513097318391,2.6323814849414364,8.032280410163317,19.819326286843683,3.904171718246714,156.10082569407925,True
val,1.0,2.921,9.0,RL estimate,tau q4 a 1.0 reserve 0.0 link now,53.08760429932832,0.8847690034016947,0.18810044122199976,2.655330616431597,7.633258137352341,20.04812236830798,4.152237840691468,149.14552785675002,True
val,1.0,2.921,9.0,"uniform, same bits as RL estimate",all 64 tiles,52.37252228175923,1.0,0.17681769776549583,2.644047872975093,30.35867819504262,19.971857007819878,0.5104402928515236,148.78112641488357,True
val,1.0,2.921,9.0,"RL estimate, perfect viewport",tau q0 a 1.0 reserve 0.0,55.012438149539626,0.9604659307310079,0.2102719780832194,2.6775021532928167,7.83674160961696,20.1952822892498,1.422602671367906,151.43245044470223,True
val,1.0,2.921,9.0,oracle (actual viewport + future link),,56.00026347670126,1.0000000000000002,0.9467709707594896,3.414001145969087,8.212022237392807,23.231932628684362,0.18509654684959734,158.30540725925925,True
val,1.0,2.921,10.0,predicted viewport only,,51.743299145247576,0.8294317664439023,0.0,2.4672301752095973,6.6528640989349705,18.398212597748557,5.295441719150363,129.07338696296299,True
val,1.0,2.921,10.0,QER 120x60 (MMSP),,52.34239901588459,0.8534792723976018,0.7192765515865558,3.186506726796153,7.658837931880667,23.544513190684874,4.654549968427583,148.04166785185186,True
val,1.0,2.921,10.0,QER 160x80 (MMSP),,53.01970477491328,0.8860519281074785,1.1640601640822648,3.631290339291862,8.443504118101908,24.683122797971976,4.204809486507188,162.41373155555556,False
val,1.0,2.921,10.0,QER 200x100 (MMSP),,54.092067495518656,0.9285386603240743,3.393848058041956,5.861078233251553,16.123343586791535,29.521139468935278,3.077991114754279,257.9260735555556,False
val,1.0,2.921,10.0,"average-based, bounds 30/15 (MMSP)",,53.72342350719133,0.91534571279321,2.272207353437247,4.739437528646844,11.74846004387071,26.85077769184497,3.1855833656159263,202.17150807407407,False
val,1.0,2.921,10.0,"average-based, fitted to our error data (MMSP rule)",,53.94462141506684,0.9235525123304197,1.903114767516438,4.370344942726035,9.783489563656621,26.073085846867738,3.2446511237341427,186.65618333333333,False
val,1.0,2.921,10.0,"threshold 10 s base layer, enlarged viewport (ASL360, adapted)",,53.37573423846642,0.899114797703681,0.26180718171076567,2.729037356920363,8.853266224671307,20.556200051559678,3.787169876821592,170.28975883844632,True
val,1.0,2.921,10.0,best published rule within budgets,"threshold 10 s base layer, enlarged viewport (ASL360, adapted)",53.37573423846642,0.899114797703681,0.26180718171076567,2.729037356920363,8.853266224671307,20.556200051559678,3.787169876821592,170.28975883844632,True
val,1.0,2.921,10.0,"literature, tuned to our budgets","threshold, margin 1.0x",53.37573423846642,0.899114797703681,0.26180718171076567,2.729037356920363,8.853266224671307,20.556200051559678,3.787169876821592,170.28975883844632,True
val,1.0,2.921,10.0,RL estimate,tau q3 a 1.0 reserve 0.0 link now,53.694061190501166,0.9135820525560442,0.3346256189219128,2.80185579413151,8.912486427392066,21.155581335395713,3.25294081756851,174.24219716378792,True
val,1.0,2.921,10.0,"uniform, same bits as RL estimate",all 64 tiles,52.70929138075317,1.0,0.32171817025322325,2.7889483454628206,30.35867819504262,21.07716765489387,0.47545779531807175,173.85577620512163,True
val,1.0,2.921,10.0,"RL estimate, perfect viewport",tau q0 a 1.0 reserve 0.0,55.012438149539626,0.9604659307310079,0.2102719780832194,2.6775021532928167,7.83674160961696,20.1952822892498,1.422602671367906,151.43245044470223,True
val,1.0,2.921,10.0,oracle (actual viewport + future link),,56.00026347670126,1.0000000000000002,0.9467709707594896,3.414001145969087,8.212022237392807,23.231932628684362,0.18509654684959734,158.30540725925925,True
val,1.0,2.921,12.0,predicted viewport only,,51.743299145247576,0.8294317664439023,0.0,2.4672301752095973,6.6528640989349705,18.398212597748557,5.295441719150363,129.07338696296299,True
val,1.0,2.921,12.0,QER 120x60 (MMSP),,52.34239901588459,0.8534792723976018,0.7192765515865558,3.186506726796153,7.658837931880667,23.544513190684874,4.654549968427583,148.04166785185186,True
val,1.0,2.921,12.0,QER 160x80 (MMSP),,53.01970477491328,0.8860519281074785,1.1640601640822648,3.631290339291862,8.443504118101908,24.683122797971976,4.204809486507188,162.41373155555556,False
val,1.0,2.921,12.0,QER 200x100 (MMSP),,54.092067495518656,0.9285386603240743,3.393848058041956,5.861078233251553,16.123343586791535,29.521139468935278,3.077991114754279,257.9260735555556,False
val,1.0,2.921,12.0,"average-based, bounds 30/15 (MMSP)",,53.72342350719133,0.91534571279321,2.272207353437247,4.739437528646844,11.74846004387071,26.85077769184497,3.1855833656159263,202.17150807407407,False
val,1.0,2.921,12.0,"average-based, fitted to our error data (MMSP rule)",,53.94462141506684,0.9235525123304197,1.903114767516438,4.370344942726035,9.783489563656621,26.073085846867738,3.2446511237341427,186.65618333333333,False
val,1.0,2.921,12.0,"threshold 10 s base layer, enlarged viewport (ASL360, adapted)",,53.37573423846642,0.899114797703681,0.26180718171076567,2.729037356920363,8.853266224671307,20.556200051559678,3.787169876821592,170.28975883844632,True
val,1.0,2.921,12.0,best published rule within budgets,"threshold 10 s base layer, enlarged viewport (ASL360, adapted)",53.37573423846642,0.899114797703681,0.26180718171076567,2.729037356920363,8.853266224671307,20.556200051559678,3.787169876821592,170.28975883844632,True
val,1.0,2.921,12.0,"literature, tuned to our budgets","threshold, margin 2.0x",54.17256270404707,0.9281525036352437,0.446409494056919,2.9136396692665163,10.818628646980182,22.054653261149777,2.72242353401223,207.11226683294663,True
val,1.0,2.921,12.0,RL estimate,tau q2 a 1.0 reserve 0.0 link now,54.368929006062224,0.9391441483834302,0.5175651068052778,2.984795282014875,11.072171867050557,22.489688063934,2.3289503521024026,212.1669760010312,True
val,1.0,2.921,12.0,"uniform, same bits as RL estimate",all 64 tiles,53.055861529548565,1.0,0.5021902135936749,2.969420388803272,30.35867819504262,22.39623614333591,0.485230188788036,211.70845728589842,True
val,1.0,2.921,12.0,"RL estimate, perfect viewport",tau q0 a 1.0 reserve 0.0,55.012438149539626,0.9604659307310079,0.2102719780832194,2.6775021532928167,7.83674160961696,20.1952822892498,1.422602671367906,151.43245044470223,True
val,1.0,2.921,12.0,oracle (actual viewport + future link),,56.00026347670126,1.0000000000000002,0.9467709707594896,3.414001145969087,8.212022237392807,23.231932628684362,0.18509654684959734,158.30540725925925,True
val,1.0,2.921,14.0,predicted viewport only,,51.743299145247576,0.8294317664439023,0.0,2.4672301752095973,6.6528640989349705,18.398212597748557,5.295441719150363,129.07338696296299,True
val,1.0,2.921,14.0,QER 120x60 (MMSP),,52.34239901588459,0.8534792723976018,0.7192765515865558,3.186506726796153,7.658837931880667,23.544513190684874,4.654549968427583,148.04166785185186,True
val,1.0,2.921,14.0,QER 160x80 (MMSP),,53.01970477491328,0.8860519281074785,1.1640601640822648,3.631290339291862,8.443504118101908,24.683122797971976,4.204809486507188,162.41373155555556,False
val,1.0,2.921,14.0,QER 200x100 (MMSP),,54.092067495518656,0.9285386603240743,3.393848058041956,5.861078233251553,16.123343586791535,29.521139468935278,3.077991114754279,257.9260735555556,False
val,1.0,2.921,14.0,"average-based, bounds 30/15 (MMSP)",,53.72342350719133,0.91534571279321,2.272207353437247,4.739437528646844,11.74846004387071,26.85077769184497,3.1855833656159263,202.17150807407407,False
val,1.0,2.921,14.0,"average-based, fitted to our error data (MMSP rule)",,53.94462141506684,0.9235525123304197,1.903114767516438,4.370344942726035,9.783489563656621,26.073085846867738,3.2446511237341427,186.65618333333333,False
val,1.0,2.921,14.0,"threshold 10 s base layer, enlarged viewport (ASL360, adapted)",,53.37573423846642,0.899114797703681,0.26180718171076567,2.729037356920363,8.853266224671307,20.556200051559678,3.787169876821592,170.28975883844632,True
val,1.0,2.921,14.0,best published rule within budgets,"threshold 10 s base layer, enlarged viewport (ASL360, adapted)",53.37573423846642,0.899114797703681,0.26180718171076567,2.729037356920363,8.853266224671307,20.556200051559678,3.787169876821592,170.28975883844632,True
val,1.0,2.921,14.0,"literature, tuned to our budgets","threshold, margin 2.0x",54.17256270404707,0.9281525036352437,0.446409494056919,2.9136396692665163,10.818628646980182,22.054653261149777,2.72242353401223,207.11226683294663,True
val,1.0,2.921,14.0,RL estimate,tau q1 a 1.0 reserve 0.0 link now,54.66459349948199,0.9476495997065713,0.6316560219892597,3.098886197198857,13.008703568299527,23.279195668986848,1.9328899353824827,239.53934154361093,True
val,1.0,2.921,14.0,"uniform, same bits as RL estimate",all 64 tiles,53.36727242799029,1.0,0.6133192825608291,3.0805494577704264,30.35867819504262,23.172853828306263,0.47921608054739223,239.05353623803387,True
val,1.0,2.921,14.0,"RL estimate, perfect viewport",tau q0 a 1.0 reserve 0.0,55.012438149539626,0.9604659307310079,0.2102719780832194,2.6775021532928167,7.83674160961696,20.1952822892498,1.422602671367906,151.43245044470223,True
val,1.0,2.921,14.0,oracle (actual viewport + future link),,56.00026347670126,1.0000000000000002,0.9467709707594896,3.414001145969087,8.212022237392807,23.231932628684362,0.18509654684959734,158.30540725925925,True
val,1.0,2.921,16.0,predicted viewport only,,51.743299145247576,0.8294317664439023,0.0,2.4672301752095973,6.6528640989349705,18.398212597748557,5.295441719150363,129.07338696296299,True
val,1.0,2.921,16.0,QER 120x60 (MMSP),,52.34239901588459,0.8534792723976018,0.7192765515865558,3.186506726796153,7.658837931880667,23.544513190684874,4.654549968427583,148.04166785185186,True
val,1.0,2.921,16.0,QER 160x80 (MMSP),,53.01970477491328,0.8860519281074785,1.1640601640822648,3.631290339291862,8.443504118101908,24.683122797971976,4.204809486507188,162.41373155555556,False
val,1.0,2.921,16.0,QER 200x100 (MMSP),,54.092067495518656,0.9285386603240743,3.393848058041956,5.861078233251553,16.123343586791535,29.521139468935278,3.077991114754279,257.9260735555556,False
val,1.0,2.921,16.0,"average-based, bounds 30/15 (MMSP)",,53.72342350719133,0.91534571279321,2.272207353437247,4.739437528646844,11.74846004387071,26.85077769184497,3.1855833656159263,202.17150807407407,False
val,1.0,2.921,16.0,"average-based, fitted to our error data (MMSP rule)",,53.94462141506684,0.9235525123304197,1.903114767516438,4.370344942726035,9.783489563656621,26.073085846867738,3.2446511237341427,186.65618333333333,False
val,1.0,2.921,16.0,"threshold 10 s base layer, enlarged viewport (ASL360, adapted)",,53.37573423846642,0.899114797703681,0.26180718171076567,2.729037356920363,8.853266224671307,20.556200051559678,3.787169876821592,170.28975883844632,True
val,1.0,2.921,16.0,best published rule within budgets,"threshold 10 s base layer, enlarged viewport (ASL360, adapted)",53.37573423846642,0.899114797703681,0.26180718171076567,2.729037356920363,8.853266224671307,20.556200051559678,3.787169876821592,170.28975883844632,True
val,1.0,2.921,16.0,"literature, tuned to our budgets","threshold, margin 3.0x",54.733487163139785,0.949089681736816,0.6653456081363407,3.132575783345938,13.374096353570708,23.631520151241727,1.7880163997140277,248.6896815351895,True
val,1.0,2.921,16.0,RL estimate,tau q0 a 1.0 reserve 0.0 link now,54.687172876519746,0.9487419106301853,0.6778500719071587,3.145080247116756,13.879132649703017,23.624001031193604,1.90285122262762,251.41872917186555,True
val,1.0,2.921,16.0,"uniform, same bits as RL estimate",all 64 tiles,53.58933473723237,1.0,0.6590136443279477,3.126243819537545,30.35867819504262,23.51121423047177,0.582050026497661,250.92712966924464,True
val,1.0,2.921,16.0,"RL estimate, perfect viewport",tau q0 a 1.0 reserve 0.0,55.012438149539626,0.9604659307310079,0.2102719780832194,2.6775021532928167,7.83674160961696,20.1952822892498,1.422602671367906,151.43245044470223,True
val,1.0,2.921,16.0,oracle (actual viewport + future link),,56.00026347670126,1.0000000000000002,0.9467709707594896,3.414001145969087,8.212022237392807,23.231932628684362,0.18509654684959734,158.30540725925925,True
test,0.05,1.971,7.5,predicted viewport only,,51.743299145247576,0.8294317664439024,0.0,1.8981722762323552,6.65286409893497,14.16839333506,5.295441719150363,129.07338696296296,True
test,0.05,1.971,7.5,QER 120x60 (MMSP),,52.34239901588458,0.8534792723976017,0.6067111746988687,2.504883450931224,7.658837931880667,18.696581196581192,4.654549968427584,148.04166785185186,False
test,0.05,1.971,7.5,QER 160x80 (MMSP),,53.019704774913286,0.8860519281074783,0.9842309423483464,2.8824032185807016,8.443504118101906,19.801648968315625,4.204809486507187,162.41373155555556,False
test,0.05,1.971,7.5,QER 200x100 (MMSP),,54.092067495518656,0.9285386603240741,2.927204660578015,4.82537693681037,16.123343586791535,24.460416127082784,3.0779911147542793,257.92607355555555,False
test,0.05,1.971,7.5,"average-based, bounds 30/15 (MMSP)",,53.72342350719133,0.9153457127932101,1.932709514481801,3.830881790714156,11.748460043870711,21.747388414055074,3.1855833656159267,202.17150807407407,False
test,0.05,1.971,7.5,"average-based, fitted to our error data (MMSP rule)",,53.94462141506684,0.9235525123304198,1.6249341166931985,3.5231063929255537,9.783489563656623,21.131183631183625,3.2446511237341418,186.65618333333333,False
test,0.05,1.971,7.5,"threshold 10 s base layer, enlarged viewport (ASL360, adapted)",,53.48205715553614,0.9036593003744038,0.25816947883964425,2.1563417550719994,8.99620808663446,16.38932055598722,3.6880506392943397,172.97435055451956,False
test,0.05,1.971,7.5,best published rule within budgets,predicted viewport only,51.743299145247576,0.8294317664439024,0.0,1.8981722762323552,6.65286409893497,14.16839333506,5.295441719150363,129.07338696296296,True
test,0.05,1.971,7.5,"literature, tuned to our budgets","threshold, margin 0.15x",52.00940992702274,0.8439840353588318,0.041889296992265734,1.940061573224621,6.973736343825648,14.552577052577051,5.210109060826782,135.03533920279722,True
test,0.05,1.971,7.5,RL estimate,tau q5 a 0.7 reserve 0.25 link now,52.67445580201169,0.8667244220018264,0.056595375994858976,1.9547676522272142,7.1886328874012575,14.65509798843132,4.4558856050842985,140.5402904632651,False
test,0.05,1.971,7.5,"uniform, same bits as RL estimate",all 64 tiles,52.134365816218384,1.0,0.0478031954251279,1.945975471657483,30.358678195042618,14.570922904256234,0.6374869353796556,140.21053969869638,True
test,0.05,1.971,7.5,"RL estimate, perfect viewport",tau q2 a 1.0 reserve 1.0,54.09879777076651,0.9448585127384745,0.056874008856363956,1.9550462850887191,7.252582712704477,14.63783130449797,2.625902643673326,140.85680574963308,False
test,0.05,1.971,7.5,oracle (actual viewport + future link),,54.659667295783144,0.958845711201552,0.0,1.8981722762323552,7.49999872893334,14.16839333506,1.885998253331957,144.91941865794698,True
test,0.05,1.971,8.0,predicted viewport only,,51.743299145247576,0.8294317664439024,0.0,1.8981722762323552,6.65286409893497,14.16839333506,5.295441719150363,129.07338696296296,True
test,0.05,1.971,8.0,QER 120x60 (MMSP),,52.34239901588458,0.8534792723976017,0.6067111746988687,2.504883450931224,7.658837931880667,18.696581196581192,4.654549968427584,148.04166785185186,False
test,0.05,1.971,8.0,QER 160x80 (MMSP),,53.019704774913286,0.8860519281074783,0.9842309423483464,2.8824032185807016,8.443504118101906,19.801648968315625,4.204809486507187,162.41373155555556,False
test,0.05,1.971,8.0,QER 200x100 (MMSP),,54.092067495518656,0.9285386603240741,2.927204660578015,4.82537693681037,16.123343586791535,24.460416127082784,3.0779911147542793,257.92607355555555,False
test,0.05,1.971,8.0,"average-based, bounds 30/15 (MMSP)",,53.72342350719133,0.9153457127932101,1.932709514481801,3.830881790714156,11.748460043870711,21.747388414055074,3.1855833656159267,202.17150807407407,False
test,0.05,1.971,8.0,"average-based, fitted to our error data (MMSP rule)",,53.94462141506684,0.9235525123304198,1.6249341166931985,3.5231063929255537,9.783489563656623,21.131183631183625,3.2446511237341418,186.65618333333333,False
test,0.05,1.971,8.0,"threshold 10 s base layer, enlarged viewport (ASL360, adapted)",,53.48205715553614,0.9036593003744038,0.25816947883964425,2.1563417550719994,8.99620808663446,16.38932055598722,3.6880506392943397,172.97435055451956,False
test,0.05,1.971,8.0,best published rule within budgets,predicted viewport only,51.743299145247576,0.8294317664439024,0.0,1.8981722762323552,6.65286409893497,14.16839333506,5.295441719150363,129.07338696296296,True
test,0.05,1.971,8.0,"literature, tuned to our budgets","threshold, margin 0.15x",52.00940992702274,0.8439840353588318,0.041889296992265734,1.940061573224621,6.973736343825648,14.552577052577051,5.210109060826782,135.03533920279722,True
test,0.05,1.971,8.0,RL estimate,tau q4 a 1.0 reserve 2.0 link now,53.11342131881953,0.8856590668729973,0.06184837124050735,1.9600206474728625,7.643501183367285,14.707977207977207,4.121824631043695,149.42921094491925,False
test,0.05,1.971,8.0,"uniform, same bits as RL estimate",all 64 tiles,52.37802339207953,1.0,0.052974615696644634,1.9511468919289998,30.358678195042618,14.625960459293792,0.5107184983145466,149.06268303807303,False
test,0.05,1.971,8.0,"RL estimate, perfect viewport",tau q0 a 0.5 reserve 1.0,55.01238192886289,0.9600964485104974,0.04952630361541255,1.9476985798477677,7.8298278936510535,14.589268755935421,1.4249156638611538,151.3813145567642,True
test,0.05,1.971,8.0,oracle (actual viewport + future link),,55.17793371648397,0.9699088959620616,0.04999998485087298,1.9481722610832282,7.891000748549508,14.458689458689454,1.2046285691489667,152.50802929646895,True
test,0.05,1.971,9.0,predicted viewport only,,51.743299145247576,0.8294317664439024,0.0,1.8981722762323552,6.65286409893497,14.16839333506,5.295441719150363,129.07338696296296,True
test,0.05,1.971,9.0,QER 120x60 (MMSP),,52.34239901588458,0.8534792723976017,0.6067111746988687,2.504883450931224,7.658837931880667,18.696581196581192,4.654549968427584,148.04166785185186,False
test,0.05,1.971,9.0,QER 160x80 (MMSP),,53.019704774913286,0.8860519281074783,0.9842309423483464,2.8824032185807016,8.443504118101906,19.801648968315625,4.204809486507187,162.41373155555556,False
test,0.05,1.971,9.0,QER 200x100 (MMSP),,54.092067495518656,0.9285386603240741,2.927204660578015,4.82537693681037,16.123343586791535,24.460416127082784,3.0779911147542793,257.92607355555555,False
test,0.05,1.971,9.0,"average-based, bounds 30/15 (MMSP)",,53.72342350719133,0.9153457127932101,1.932709514481801,3.830881790714156,11.748460043870711,21.747388414055074,3.1855833656159267,202.17150807407407,False
test,0.05,1.971,9.0,"average-based, fitted to our error data (MMSP rule)",,53.94462141506684,0.9235525123304198,1.6249341166931985,3.5231063929255537,9.783489563656623,21.131183631183625,3.2446511237341418,186.65618333333333,False
test,0.05,1.971,9.0,"threshold 10 s base layer, enlarged viewport (ASL360, adapted)",,53.48205715553614,0.9036593003744038,0.25816947883964425,2.1563417550719994,8.99620808663446,16.38932055598722,3.6880506392943397,172.97435055451956,False
test,0.05,1.971,9.0,best published rule within budgets,predicted viewport only,51.743299145247576,0.8294317664439024,0.0,1.8981722762323552,6.65286409893497,14.16839333506,5.295441719150363,129.07338696296296,True
test,0.05,1.971,9.0,"literature, tuned to our budgets","threshold, margin 0.15x",52.00940992702274,0.8439840353588318,0.041889296992265734,1.940061573224621,6.973736343825648,14.552577052577051,5.210109060826782,135.03533920279722,True
test,0.05,1.971,9.0,RL estimate,tau q4 a 1.0 reserve 2.0 link now,53.11342131881953,0.8856590668729973,0.06184837124050735,1.9600206474728625,7.643501183367285,14.707977207977207,4.121824631043695,149.42921094491925,False
test,0.05,1.971,9.0,"uniform, same bits as RL estimate",all 64 tiles,52.37802339207953,1.0,0.052974615696644634,1.9511468919289998,30.358678195042618,14.625960459293792,0.5107184983145466,149.06268303807303,False
test,0.05,1.971,9.0,"RL estimate, perfect viewport",tau q0 a 0.5 reserve 1.0,55.01238192886289,0.9600964485104974,0.04952630361541255,1.9476985798477677,7.8298278936510535,14.589268755935421,1.4249156638611538,151.3813145567642,True
test,0.05,1.971,9.0,oracle (actual viewport + future link),,55.17793371648397,0.9699088959620616,0.04999998485087298,1.9481722610832282,7.891000748549508,14.458689458689454,1.2046285691489667,152.50802929646895,True
test,0.05,1.971,10.0,predicted viewport only,,51.743299145247576,0.8294317664439024,0.0,1.8981722762323552,6.65286409893497,14.16839333506,5.295441719150363,129.07338696296296,True
test,0.05,1.971,10.0,QER 120x60 (MMSP),,52.34239901588458,0.8534792723976017,0.6067111746988687,2.504883450931224,7.658837931880667,18.696581196581192,4.654549968427584,148.04166785185186,False
test,0.05,1.971,10.0,QER 160x80 (MMSP),,53.019704774913286,0.8860519281074783,0.9842309423483464,2.8824032185807016,8.443504118101906,19.801648968315625,4.204809486507187,162.41373155555556,False
test,0.05,1.971,10.0,QER 200x100 (MMSP),,54.092067495518656,0.9285386603240741,2.927204660578015,4.82537693681037,16.123343586791535,24.460416127082784,3.0779911147542793,257.92607355555555,False
test,0.05,1.971,10.0,"average-based, bounds 30/15 (MMSP)",,53.72342350719133,0.9153457127932101,1.932709514481801,3.830881790714156,11.748460043870711,21.747388414055074,3.1855833656159267,202.17150807407407,False
test,0.05,1.971,10.0,"average-based, fitted to our error data (MMSP rule)",,53.94462141506684,0.9235525123304198,1.6249341166931985,3.5231063929255537,9.783489563656623,21.131183631183625,3.2446511237341418,186.65618333333333,False
test,0.05,1.971,10.0,"threshold 10 s base layer, enlarged viewport (ASL360, adapted)",,53.48205715553614,0.9036593003744038,0.25816947883964425,2.1563417550719994,8.99620808663446,16.38932055598722,3.6880506392943397,172.97435055451956,False
test,0.05,1.971,10.0,best published rule within budgets,predicted viewport only,51.743299145247576,0.8294317664439024,0.0,1.8981722762323552,6.65286409893497,14.16839333506,5.295441719150363,129.07338696296296,True
test,0.05,1.971,10.0,"literature, tuned to our budgets","threshold, margin 0.15x",52.00940992702274,0.8439840353588318,0.041889296992265734,1.940061573224621,6.973736343825648,14.552577052577051,5.210109060826782,135.03533920279722,True
test,0.05,1.971,10.0,RL estimate,tau q3 a 0.5 reserve 2.0 link now,53.67471953847595,0.9125173802061924,0.038146248065647814,1.936318524298003,8.866470872105117,14.505093671760338,3.2797211532658093,173.62531336976602,True
test,0.05,1.971,10.0,"uniform, same bits as RL estimate",all 64 tiles,52.69066925649113,1.0,0.029697456602591377,1.9278697328349466,30.358678195042618,14.420918587585252,0.4867810666217415,173.24168815695418,True
test,0.05,1.971,10.0,"RL estimate, perfect viewport",tau q0 a 0.5 reserve 1.0,55.01238192886289,0.9600964485104974,0.04952630361541255,1.9476985798477677,7.8298278936510535,14.589268755935421,1.4249156638611538,151.3813145567642,True
test,0.05,1.971,10.0,oracle (actual viewport + future link),,55.17793371648397,0.9699088959620616,0.04999998485087298,1.9481722610832282,7.891000748549508,14.458689458689454,1.2046285691489667,152.50802929646895,True
test,0.05,1.971,12.0,predicted viewport only,,51.743299145247576,0.8294317664439024,0.0,1.8981722762323552,6.65286409893497,14.16839333506,5.295441719150363,129.07338696296296,True
test,0.05,1.971,12.0,QER 120x60 (MMSP),,52.34239901588458,0.8534792723976017,0.6067111746988687,2.504883450931224,7.658837931880667,18.696581196581192,4.654549968427584,148.04166785185186,False
test,0.05,1.971,12.0,QER 160x80 (MMSP),,53.019704774913286,0.8860519281074783,0.9842309423483464,2.8824032185807016,8.443504118101906,19.801648968315625,4.204809486507187,162.41373155555556,False
test,0.05,1.971,12.0,QER 200x100 (MMSP),,54.092067495518656,0.9285386603240741,2.927204660578015,4.82537693681037,16.123343586791535,24.460416127082784,3.0779911147542793,257.92607355555555,False
test,0.05,1.971,12.0,"average-based, bounds 30/15 (MMSP)",,53.72342350719133,0.9153457127932101,1.932709514481801,3.830881790714156,11.748460043870711,21.747388414055074,3.1855833656159267,202.17150807407407,False
test,0.05,1.971,12.0,"average-based, fitted to our error data (MMSP rule)",,53.94462141506684,0.9235525123304198,1.6249341166931985,3.5231063929255537,9.783489563656623,21.131183631183625,3.2446511237341418,186.65618333333333,False
test,0.05,1.971,12.0,"threshold 10 s base layer, enlarged viewport (ASL360, adapted)",,53.48205715553614,0.9036593003744038,0.25816947883964425,2.1563417550719994,8.99620808663446,16.38932055598722,3.6880506392943397,172.97435055451956,False
test,0.05,1.971,12.0,best published rule within budgets,predicted viewport only,51.743299145247576,0.8294317664439024,0.0,1.8981722762323552,6.65286409893497,14.16839333506,5.295441719150363,129.07338696296296,True
test,0.05,1.971,12.0,"literature, tuned to our budgets","threshold, margin 0.15x",52.00940992702274,0.8439840353588318,0.041889296992265734,1.940061573224621,6.973736343825648,14.552577052577051,5.210109060826782,135.03533920279722,True
test,0.05,1.971,12.0,RL estimate,tau q3 a 0.5 reserve 2.0 link now,53.67471953847595,0.9125173802061924,0.038146248065647814,1.936318524298003,8.866470872105117,14.505093671760338,3.2797211532658093,173.62531336976602,True
test,0.05,1.971,12.0,"uniform, same bits as RL estimate",all 64 tiles,52.69066925649113,1.0,0.029697456602591377,1.9278697328349466,30.358678195042618,14.420918587585252,0.4867810666217415,173.24168815695418,True
test,0.05,1.971,12.0,"RL estimate, perfect viewport",tau q0 a 0.5 reserve 1.0,55.01238192886289,0.9600964485104974,0.04952630361541255,1.9476985798477677,7.8298278936510535,14.589268755935421,1.4249156638611538,151.3813145567642,True
test,0.05,1.971,12.0,oracle (actual viewport + future link),,55.17793371648397,0.9699088959620616,0.04999998485087298,1.9481722610832282,7.891000748549508,14.458689458689454,1.2046285691489667,152.50802929646895,True
test,0.05,1.971,14.0,predicted viewport only,,51.743299145247576,0.8294317664439024,0.0,1.8981722762323552,6.65286409893497,14.16839333506,5.295441719150363,129.07338696296296,True
test,0.05,1.971,14.0,QER 120x60 (MMSP),,52.34239901588458,0.8534792723976017,0.6067111746988687,2.504883450931224,7.658837931880667,18.696581196581192,4.654549968427584,148.04166785185186,False
test,0.05,1.971,14.0,QER 160x80 (MMSP),,53.019704774913286,0.8860519281074783,0.9842309423483464,2.8824032185807016,8.443504118101906,19.801648968315625,4.204809486507187,162.41373155555556,False
test,0.05,1.971,14.0,QER 200x100 (MMSP),,54.092067495518656,0.9285386603240741,2.927204660578015,4.82537693681037,16.123343586791535,24.460416127082784,3.0779911147542793,257.92607355555555,False
test,0.05,1.971,14.0,"average-based, bounds 30/15 (MMSP)",,53.72342350719133,0.9153457127932101,1.932709514481801,3.830881790714156,11.748460043870711,21.747388414055074,3.1855833656159267,202.17150807407407,False
test,0.05,1.971,14.0,"average-based, fitted to our error data (MMSP rule)",,53.94462141506684,0.9235525123304198,1.6249341166931985,3.5231063929255537,9.783489563656623,21.131183631183625,3.2446511237341418,186.65618333333333,False
test,0.05,1.971,14.0,"threshold 10 s base layer, enlarged viewport (ASL360, adapted)",,53.48205715553614,0.9036593003744038,0.25816947883964425,2.1563417550719994,8.99620808663446,16.38932055598722,3.6880506392943397,172.97435055451956,False
test,0.05,1.971,14.0,best published rule within budgets,predicted viewport only,51.743299145247576,0.8294317664439024,0.0,1.8981722762323552,6.65286409893497,14.16839333506,5.295441719150363,129.07338696296296,True
test,0.05,1.971,14.0,"literature, tuned to our budgets","threshold, margin 0.15x",52.00940992702274,0.8439840353588318,0.041889296992265734,1.940061573224621,6.973736343825648,14.552577052577051,5.210109060826782,135.03533920279722,True
test,0.05,1.971,14.0,RL estimate,tau q3 a 0.5 reserve 2.0 link now,53.67471953847595,0.9125173802061924,0.038146248065647814,1.936318524298003,8.866470872105117,14.505093671760338,3.2797211532658093,173.62531336976602,True
test,0.05,1.971,14.0,"uniform, same bits as RL estimate",all 64 tiles,52.69066925649113,1.0,0.029697456602591377,1.9278697328349466,30.358678195042618,14.420918587585252,0.4867810666217415,173.24168815695418,True
test,0.05,1.971,14.0,"RL estimate, perfect viewport",tau q0 a 0.5 reserve 1.0,55.01238192886289,0.9600964485104974,0.04952630361541255,1.9476985798477677,7.8298278936510535,14.589268755935421,1.4249156638611538,151.3813145567642,True
test,0.05,1.971,14.0,oracle (actual viewport + future link),,55.17793371648397,0.9699088959620616,0.04999998485087298,1.9481722610832282,7.891000748549508,14.458689458689454,1.2046285691489667,152.50802929646895,True
test,0.05,1.971,16.0,predicted viewport only,,51.743299145247576,0.8294317664439024,0.0,1.8981722762323552,6.65286409893497,14.16839333506,5.295441719150363,129.07338696296296,True
test,0.05,1.971,16.0,QER 120x60 (MMSP),,52.34239901588458,0.8534792723976017,0.6067111746988687,2.504883450931224,7.658837931880667,18.696581196581192,4.654549968427584,148.04166785185186,False
test,0.05,1.971,16.0,QER 160x80 (MMSP),,53.019704774913286,0.8860519281074783,0.9842309423483464,2.8824032185807016,8.443504118101906,19.801648968315625,4.204809486507187,162.41373155555556,False
test,0.05,1.971,16.0,QER 200x100 (MMSP),,54.092067495518656,0.9285386603240741,2.927204660578015,4.82537693681037,16.123343586791535,24.460416127082784,3.0779911147542793,257.92607355555555,False
test,0.05,1.971,16.0,"average-based, bounds 30/15 (MMSP)",,53.72342350719133,0.9153457127932101,1.932709514481801,3.830881790714156,11.748460043870711,21.747388414055074,3.1855833656159267,202.17150807407407,False
test,0.05,1.971,16.0,"average-based, fitted to our error data (MMSP rule)",,53.94462141506684,0.9235525123304198,1.6249341166931985,3.5231063929255537,9.783489563656623,21.131183631183625,3.2446511237341418,186.65618333333333,False
test,0.05,1.971,16.0,"threshold 10 s base layer, enlarged viewport (ASL360, adapted)",,53.48205715553614,0.9036593003744038,0.25816947883964425,2.1563417550719994,8.99620808663446,16.38932055598722,3.6880506392943397,172.97435055451956,False
test,0.05,1.971,16.0,best published rule within budgets,predicted viewport only,51.743299145247576,0.8294317664439024,0.0,1.8981722762323552,6.65286409893497,14.16839333506,5.295441719150363,129.07338696296296,True
test,0.05,1.971,16.0,"literature, tuned to our budgets","threshold, margin 0.15x",52.00940992702274,0.8439840353588318,0.041889296992265734,1.940061573224621,6.973736343825648,14.552577052577051,5.210109060826782,135.03533920279722,True
test,0.05,1.971,16.0,RL estimate,tau q3 a 0.5 reserve 2.0 link now,53.67471953847595,0.9125173802061924,0.038146248065647814,1.936318524298003,8.866470872105117,14.505093671760338,3.2797211532658093,173.62531336976602,True
test,0.05,1.971,16.0,"uniform, same bits as RL estimate",all 64 tiles,52.69066925649113,1.0,0.029697456602591377,1.9278697328349466,30.358678195042618,14.420918587585252,0.4867810666217415,173.24168815695418,True
test,0.05,1.971,16.0,"RL estimate, perfect viewport",tau q0 a 0.5 reserve 1.0,55.01238192886289,0.9600964485104974,0.04952630361541255,1.9476985798477677,7.8298278936510535,14.589268755935421,1.4249156638611538,151.3813145567642,True
test,0.05,1.971,16.0,oracle (actual viewport + future link),,55.17793371648397,0.9699088959620616,0.04999998485087298,1.9481722610832282,7.891000748549508,14.458689458689454,1.2046285691489667,152.50802929646895,True
test,0.1,2.021,7.5,predicted viewport only,,51.743299145247576,0.8294317664439024,0.0,1.8981722762323552,6.65286409893497,14.16839333506,5.295441719150363,129.07338696296296,True
test,0.1,2.021,7.5,QER 120x60 (MMSP),,52.34239901588458,0.8534792723976017,0.6067111746988687,2.504883450931224,7.658837931880667,18.696581196581192,4.654549968427584,148.04166785185186,False
test,0.1,2.021,7.5,QER 160x80 (MMSP),,53.019704774913286,0.8860519281074783,0.9842309423483464,2.8824032185807016,8.443504118101906,19.801648968315625,4.204809486507187,162.41373155555556,False
test,0.1,2.021,7.5,QER 200x100 (MMSP),,54.092067495518656,0.9285386603240741,2.927204660578015,4.82537693681037,16.123343586791535,24.460416127082784,3.0779911147542793,257.92607355555555,False
test,0.1,2.021,7.5,"average-based, bounds 30/15 (MMSP)",,53.72342350719133,0.9153457127932101,1.932709514481801,3.830881790714156,11.748460043870711,21.747388414055074,3.1855833656159267,202.17150807407407,False
test,0.1,2.021,7.5,"average-based, fitted to our error data (MMSP rule)",,53.94462141506684,0.9235525123304198,1.6249341166931985,3.5231063929255537,9.783489563656623,21.131183631183625,3.2446511237341418,186.65618333333333,False
test,0.1,2.021,7.5,"threshold 10 s base layer, enlarged viewport (ASL360, adapted)",,53.48205715553614,0.9036593003744038,0.25816947883964425,2.1563417550719994,8.99620808663446,16.38932055598722,3.6880506392943397,172.97435055451956,False
test,0.1,2.021,7.5,best published rule within budgets,predicted viewport only,51.743299145247576,0.8294317664439024,0.0,1.8981722762323552,6.65286409893497,14.16839333506,5.295441719150363,129.07338696296296,True
test,0.1,2.021,7.5,"literature, tuned to our budgets","threshold, margin 0.25x",52.344034051354264,0.8560192942242631,0.06300658126172709,1.9611788574940823,7.194970676167628,14.764093930760598,4.854559727214184,139.37324277294312,True
test,0.1,2.021,7.5,RL estimate,tau q5 a 1.0 reserve 0.25 link now,52.68891866852969,0.8673180790539246,0.0831901527877612,1.9813624290201164,7.198239088538032,14.950789950789948,4.444177144664281,140.73454819045153,True
test,0.1,2.021,7.5,"uniform, same bits as RL estimate",all 64 tiles,52.14005916827897,1.0,0.07424823421563254,1.9724205104479877,30.358678195042618,14.869852369852369,0.6335559333483273,140.40390258516788,True
test,0.1,2.021,7.5,"RL estimate, perfect viewport",tau q2 a 1.0 reserve 0.25,54.138186588974364,0.9468605097455441,0.08215095107871684,1.980323227311072,7.263226103919036,14.889277389277389,2.5809944844786394,141.05304204912375,True
test,0.1,2.021,7.5,oracle (actual viewport + future link),,54.659667295783144,0.958845711201552,0.0,1.8981722762323552,7.49999872893334,14.16839333506,1.885998253331957,144.91941865794698,True
test,0.1,2.021,8.0,predicted viewport only,,51.743299145247576,0.8294317664439024,0.0,1.8981722762323552,6.65286409893497,14.16839333506,5.295441719150363,129.07338696296296,True
test,0.1,2.021,8.0,QER 120x60 (MMSP),,52.34239901588458,0.8534792723976017,0.6067111746988687,2.504883450931224,7.658837931880667,18.696581196581192,4.654549968427584,148.04166785185186,False
test,0.1,2.021,8.0,QER 160x80 (MMSP),,53.019704774913286,0.8860519281074783,0.9842309423483464,2.8824032185807016,8.443504118101906,19.801648968315625,4.204809486507187,162.41373155555556,False
test,0.1,2.021,8.0,QER 200x100 (MMSP),,54.092067495518656,0.9285386603240741,2.927204660578015,4.82537693681037,16.123343586791535,24.460416127082784,3.0779911147542793,257.92607355555555,False
test,0.1,2.021,8.0,"average-based, bounds 30/15 (MMSP)",,53.72342350719133,0.9153457127932101,1.932709514481801,3.830881790714156,11.748460043870711,21.747388414055074,3.1855833656159267,202.17150807407407,False
test,0.1,2.021,8.0,"average-based, fitted to our error data (MMSP rule)",,53.94462141506684,0.9235525123304198,1.6249341166931985,3.5231063929255537,9.783489563656623,21.131183631183625,3.2446511237341418,186.65618333333333,False
test,0.1,2.021,8.0,"threshold 10 s base layer, enlarged viewport (ASL360, adapted)",,53.48205715553614,0.9036593003744038,0.25816947883964425,2.1563417550719994,8.99620808663446,16.38932055598722,3.6880506392943397,172.97435055451956,False
test,0.1,2.021,8.0,best published rule within budgets,predicted viewport only,51.743299145247576,0.8294317664439024,0.0,1.8981722762323552,6.65286409893497,14.16839333506,5.295441719150363,129.07338696296296,True
test,0.1,2.021,8.0,"literature, tuned to our budgets","threshold, margin 0.35x",52.4063967693985,0.8576320879465433,0.08833123668073983,1.986503512913095,7.4078864966248155,15.000431667098333,4.729230771788836,143.58207339851506,True
test,0.1,2.021,8.0,RL estimate,tau q4 a 0.7 reserve 0.25 link now,53.133786397832296,0.8865671472715119,0.09402417952108122,1.9921964557534364,7.662115296243479,14.94863161529828,4.102331701896086,149.78270325900024,True
test,0.1,2.021,8.0,"uniform, same bits as RL estimate",all 64 tiles,52.38773603147359,1.0,0.08465954585005475,1.98283182208241,30.358678195042618,14.856902356902356,0.5063527557716445,149.4136037304671,True
test,0.1,2.021,8.0,"RL estimate, perfect viewport",tau q1 a 1.0 reserve 0.5,54.81206378412705,0.9615290945575988,0.09838885005148601,1.9965611262838412,7.5743205265563756,14.993956660623326,1.7139690479284007,146.3147784494518,True
test,0.1,2.021,8.0,oracle (actual viewport + future link),,55.22791365700957,0.9748563446458365,0.09999998852368974,1.998172264756045,7.908461807464452,14.731718898385562,1.130797328406663,152.85673811499612,True
test,0.1,2.021,9.0,predicted viewport only,,51.743299145247576,0.8294317664439024,0.0,1.8981722762323552,6.65286409893497,14.16839333506,5.295441719150363,129.07338696296296,True
test,0.1,2.021,9.0,QER 120x60 (MMSP),,52.34239901588458,0.8534792723976017,0.6067111746988687,2.504883450931224,7.658837931880667,18.696581196581192,4.654549968427584,148.04166785185186,False
test,0.1,2.021,9.0,QER 160x80 (MMSP),,53.019704774913286,0.8860519281074783,0.9842309423483464,2.8824032185807016,8.443504118101906,19.801648968315625,4.204809486507187,162.41373155555556,False
test,0.1,2.021,9.0,QER 200x100 (MMSP),,54.092067495518656,0.9285386603240741,2.927204660578015,4.82537693681037,16.123343586791535,24.460416127082784,3.0779911147542793,257.92607355555555,False
test,0.1,2.021,9.0,"average-based, bounds 30/15 (MMSP)",,53.72342350719133,0.9153457127932101,1.932709514481801,3.830881790714156,11.748460043870711,21.747388414055074,3.1855833656159267,202.17150807407407,False
test,0.1,2.021,9.0,"average-based, fitted to our error data (MMSP rule)",,53.94462141506684,0.9235525123304198,1.6249341166931985,3.5231063929255537,9.783489563656623,21.131183631183625,3.2446511237341418,186.65618333333333,False
test,0.1,2.021,9.0,"threshold 10 s base layer, enlarged viewport (ASL360, adapted)",,53.48205715553614,0.9036593003744038,0.25816947883964425,2.1563417550719994,8.99620808663446,16.38932055598722,3.6880506392943397,172.97435055451956,False
test,0.1,2.021,9.0,best published rule within budgets,predicted viewport only,51.743299145247576,0.8294317664439024,0.0,1.8981722762323552,6.65286409893497,14.16839333506,5.295441719150363,129.07338696296296,True
test,0.1,2.021,9.0,"literature, tuned to our budgets","threshold, margin 0.35x",52.4063967693985,0.8576320879465433,0.08833123668073983,1.986503512913095,7.4078864966248155,15.000431667098333,4.729230771788836,143.58207339851506,True
test,0.1,2.021,9.0,RL estimate,tau q4 a 0.7 reserve 0.25 link now,53.133786397832296,0.8865671472715119,0.09402417952108122,1.9921964557534364,7.662115296243479,14.94863161529828,4.102331701896086,149.78270325900024,True
test,0.1,2.021,9.0,"uniform, same bits as RL estimate",all 64 tiles,52.38773603147359,1.0,0.08465954585005475,1.98283182208241,30.358678195042618,14.856902356902356,0.5063527557716445,149.4136037304671,True
test,0.1,2.021,9.0,"RL estimate, perfect viewport",tau q0 a 0.7 reserve 0.25,55.1215652588838,0.9645930099487979,0.10726583227085151,2.0054381085032067,7.873234519219316,15.040360873694208,1.2911332586877478,152.15381510688076,False
test,0.1,2.021,9.0,oracle (actual viewport + future link),,55.22791365700957,0.9748563446458365,0.09999998852368974,1.998172264756045,7.908461807464452,14.731718898385562,1.130797328406663,152.85673811499612,True
test,0.1,2.021,10.0,predicted viewport only,,51.743299145247576,0.8294317664439024,0.0,1.8981722762323552,6.65286409893497,14.16839333506,5.295441719150363,129.07338696296296,True
test,0.1,2.021,10.0,QER 120x60 (MMSP),,52.34239901588458,0.8534792723976017,0.6067111746988687,2.504883450931224,7.658837931880667,18.696581196581192,4.654549968427584,148.04166785185186,False
test,0.1,2.021,10.0,QER 160x80 (MMSP),,53.019704774913286,0.8860519281074783,0.9842309423483464,2.8824032185807016,8.443504118101906,19.801648968315625,4.204809486507187,162.41373155555556,False
test,0.1,2.021,10.0,QER 200x100 (MMSP),,54.092067495518656,0.9285386603240741,2.927204660578015,4.82537693681037,16.123343586791535,24.460416127082784,3.0779911147542793,257.92607355555555,False
test,0.1,2.021,10.0,"average-based, bounds 30/15 (MMSP)",,53.72342350719133,0.9153457127932101,1.932709514481801,3.830881790714156,11.748460043870711,21.747388414055074,3.1855833656159267,202.17150807407407,False
test,0.1,2.021,10.0,"average-based, fitted to our error data (MMSP rule)",,53.94462141506684,0.9235525123304198,1.6249341166931985,3.5231063929255537,9.783489563656623,21.131183631183625,3.2446511237341418,186.65618333333333,False
test,0.1,2.021,10.0,"threshold 10 s base layer, enlarged viewport (ASL360, adapted)",,53.48205715553614,0.9036593003744038,0.25816947883964425,2.1563417550719994,8.99620808663446,16.38932055598722,3.6880506392943397,172.97435055451956,False
test,0.1,2.021,10.0,best published rule within budgets,predicted viewport only,51.743299145247576,0.8294317664439024,0.0,1.8981722762323552,6.65286409893497,14.16839333506,5.295441719150363,129.07338696296296,True
test,0.1,2.021,10.0,"literature, tuned to our budgets","threshold, margin 0.35x",52.4063967693985,0.8576320879465433,0.08833123668073983,1.986503512913095,7.4078864966248155,15.000431667098333,4.729230771788836,143.58207339851506,True
test,0.1,2.021,10.0,RL estimate,tau q3 a 0.5 reserve 1.0 link now,53.71281991817109,0.9142663558149322,0.07692536622248158,1.9750976424548368,8.925691663333316,14.842873176206506,3.232855031996116,174.70742424173358,True
test,0.1,2.021,10.0,"uniform, same bits as RL estimate",all 64 tiles,52.71236924269703,1.0,0.06799302680959252,1.9661653030419477,30.358678195042618,14.761935595268927,0.47904581801078033,174.32001580082886,True
test,0.1,2.021,10.0,"RL estimate, perfect viewport",tau q0 a 0.7 reserve 0.25,55.1215652588838,0.9645930099487979,0.10726583227085151,2.0054381085032067,7.873234519219316,15.040360873694208,1.2911332586877478,152.15381510688076,False
test,0.1,2.021,10.0,oracle (actual viewport + future link),,55.22791365700957,0.9748563446458365,0.09999998852368974,1.998172264756045,7.908461807464452,14.731718898385562,1.130797328406663,152.85673811499612,True
test,0.1,2.021,12.0,predicted viewport only,,51.743299145247576,0.8294317664439024,0.0,1.8981722762323552,6.65286409893497,14.16839333506,5.295441719150363,129.07338696296296,True
test,0.1,2.021,12.0,QER 120x60 (MMSP),,52.34239901588458,0.8534792723976017,0.6067111746988687,2.504883450931224,7.658837931880667,18.696581196581192,4.654549968427584,148.04166785185186,False
test,0.1,2.021,12.0,QER 160x80 (MMSP),,53.019704774913286,0.8860519281074783,0.9842309423483464,2.8824032185807016,8.443504118101906,19.801648968315625,4.204809486507187,162.41373155555556,False
test,0.1,2.021,12.0,QER 200x100 (MMSP),,54.092067495518656,0.9285386603240741,2.927204660578015,4.82537693681037,16.123343586791535,24.460416127082784,3.0779911147542793,257.92607355555555,False
test,0.1,2.021,12.0,"average-based, bounds 30/15 (MMSP)",,53.72342350719133,0.9153457127932101,1.932709514481801,3.830881790714156,11.748460043870711,21.747388414055074,3.1855833656159267,202.17150807407407,False
test,0.1,2.021,12.0,"average-based, fitted to our error data (MMSP rule)",,53.94462141506684,0.9235525123304198,1.6249341166931985,3.5231063929255537,9.783489563656623,21.131183631183625,3.2446511237341418,186.65618333333333,False
test,0.1,2.021,12.0,"threshold 10 s base layer, enlarged viewport (ASL360, adapted)",,53.48205715553614,0.9036593003744038,0.25816947883964425,2.1563417550719994,8.99620808663446,16.38932055598722,3.6880506392943397,172.97435055451956,False
test,0.1,2.021,12.0,best published rule within budgets,predicted viewport only,51.743299145247576,0.8294317664439024,0.0,1.8981722762323552,6.65286409893497,14.16839333506,5.295441719150363,129.07338696296296,True
test,0.1,2.021,12.0,"literature, tuned to our budgets","threshold, margin 0.35x",52.4063967693985,0.8576320879465433,0.08833123668073983,1.986503512913095,7.4078864966248155,15.000431667098333,4.729230771788836,143.58207339851506,True
test,0.1,2.021,12.0,RL estimate,tau q2 a 0.5 reserve 2.0 link now,54.36370191154077,0.9382728012409465,0.06028164577315409,1.9584539220055093,11.00178337121244,14.666968833635499,2.3378212049839915,211.4076001196581,True
test,0.1,2.021,12.0,"uniform, same bits as RL estimate",all 64 tiles,53.0384886753448,1.0,0.05135829541759285,1.949530571649948,30.358678195042618,14.58495208495208,0.5011180291552008,210.9543614290771,True
test,0.1,2.021,12.0,"RL estimate, perfect viewport",tau q0 a 0.7 reserve 0.25,55.1215652588838,0.9645930099487979,0.10726583227085151,2.0054381085032067,7.873234519219316,15.040360873694208,1.2911332586877478,152.15381510688076,False
test,0.1,2.021,12.0,oracle (actual viewport + future link),,55.22791365700957,0.9748563446458365,0.09999998852368974,1.998172264756045,7.908461807464452,14.731718898385562,1.130797328406663,152.85673811499612,True
test,0.1,2.021,14.0,predicted viewport only,,51.743299145247576,0.8294317664439024,0.0,1.8981722762323552,6.65286409893497,14.16839333506,5.295441719150363,129.07338696296296,True
test,0.1,2.021,14.0,QER 120x60 (MMSP),,52.34239901588458,0.8534792723976017,0.6067111746988687,2.504883450931224,7.658837931880667,18.696581196581192,4.654549968427584,148.04166785185186,False
test,0.1,2.021,14.0,QER 160x80 (MMSP),,53.019704774913286,0.8860519281074783,0.9842309423483464,2.8824032185807016,8.443504118101906,19.801648968315625,4.204809486507187,162.41373155555556,False
test,0.1,2.021,14.0,QER 200x100 (MMSP),,54.092067495518656,0.9285386603240741,2.927204660578015,4.82537693681037,16.123343586791535,24.460416127082784,3.0779911147542793,257.92607355555555,False
test,0.1,2.021,14.0,"average-based, bounds 30/15 (MMSP)",,53.72342350719133,0.9153457127932101,1.932709514481801,3.830881790714156,11.748460043870711,21.747388414055074,3.1855833656159267,202.17150807407407,False
test,0.1,2.021,14.0,"average-based, fitted to our error data (MMSP rule)",,53.94462141506684,0.9235525123304198,1.6249341166931985,3.5231063929255537,9.783489563656623,21.131183631183625,3.2446511237341418,186.65618333333333,False
test,0.1,2.021,14.0,"threshold 10 s base layer, enlarged viewport (ASL360, adapted)",,53.48205715553614,0.9036593003744038,0.25816947883964425,2.1563417550719994,8.99620808663446,16.38932055598722,3.6880506392943397,172.97435055451956,False
test,0.1,2.021,14.0,best published rule within budgets,predicted viewport only,51.743299145247576,0.8294317664439024,0.0,1.8981722762323552,6.65286409893497,14.16839333506,5.295441719150363,129.07338696296296,True
test,0.1,2.021,14.0,"literature, tuned to our budgets","threshold, margin 0.35x",52.4063967693985,0.8576320879465433,0.08833123668073983,1.986503512913095,7.4078864966248155,15.000431667098333,4.729230771788836,143.58207339851506,True
test,0.1,2.021,14.0,RL estimate,tau q1 a 0.5 reserve 2.0 link min5,54.59287095998089,0.9438818348727913,0.057787078174598605,1.9559593544069538,12.73737782712637,14.642147975481306,2.0339336793587406,235.85581195631528,True
test,0.1,2.021,14.0,"uniform, same bits as RL estimate",all 64 tiles,53.30789287186504,1.0,0.04875311524886494,1.9469253914812201,30.358678195042618,14.561210394543728,0.5048606436553508,235.38875234127596,True
test,0.1,2.021,14.0,"RL estimate, perfect viewport",tau q0 a 0.7 reserve 0.25,55.1215652588838,0.9645930099487979,0.10726583227085151,2.0054381085032067,7.873234519219316,15.040360873694208,1.2911332586877478,152.15381510688076,False
test,0.1,2.021,14.0,oracle (actual viewport + future link),,55.22791365700957,0.9748563446458365,0.09999998852368974,1.998172264756045,7.908461807464452,14.731718898385562,1.130797328406663,152.85673811499612,True
test,0.1,2.021,16.0,predicted viewport only,,51.743299145247576,0.8294317664439024,0.0,1.8981722762323552,6.65286409893497,14.16839333506,5.295441719150363,129.07338696296296,True
test,0.1,2.021,16.0,QER 120x60 (MMSP),,52.34239901588458,0.8534792723976017,0.6067111746988687,2.504883450931224,7.658837931880667,18.696581196581192,4.654549968427584,148.04166785185186,False
test,0.1,2.021,16.0,QER 160x80 (MMSP),,53.019704774913286,0.8860519281074783,0.9842309423483464,2.8824032185807016,8.443504118101906,19.801648968315625,4.204809486507187,162.41373155555556,False
test,0.1,2.021,16.0,QER 200x100 (MMSP),,54.092067495518656,0.9285386603240741,2.927204660578015,4.82537693681037,16.123343586791535,24.460416127082784,3.0779911147542793,257.92607355555555,False
test,0.1,2.021,16.0,"average-based, bounds 30/15 (MMSP)",,53.72342350719133,0.9153457127932101,1.932709514481801,3.830881790714156,11.748460043870711,21.747388414055074,3.1855833656159267,202.17150807407407,False
test,0.1,2.021,16.0,"average-based, fitted to our error data (MMSP rule)",,53.94462141506684,0.9235525123304198,1.6249341166931985,3.5231063929255537,9.783489563656623,21.131183631183625,3.2446511237341418,186.65618333333333,False
test,0.1,2.021,16.0,"threshold 10 s base layer, enlarged viewport (ASL360, adapted)",,53.48205715553614,0.9036593003744038,0.25816947883964425,2.1563417550719994,8.99620808663446,16.38932055598722,3.6880506392943397,172.97435055451956,False
test,0.1,2.021,16.0,best published rule within budgets,predicted viewport only,51.743299145247576,0.8294317664439024,0.0,1.8981722762323552,6.65286409893497,14.16839333506,5.295441719150363,129.07338696296296,True
test,0.1,2.021,16.0,"literature, tuned to our budgets","threshold, margin 0.35x",52.4063967693985,0.8576320879465433,0.08833123668073983,1.986503512913095,7.4078864966248155,15.000431667098333,4.729230771788836,143.58207339851506,True
test,0.1,2.021,16.0,RL estimate,tau q0 a 0.5 reserve 2.0 link min5,54.613110900842734,0.9448699408023713,0.061231114990163205,1.9594033912225184,13.572511606069545,14.669127169127167,2.0074320809104207,247.25768822610723,True
test,0.1,2.021,16.0,"uniform, same bits as RL estimate",all 64 tiles,53.515760033666176,1.0,0.05210560884851678,1.950277885080872,30.358678195042618,14.590347923681254,0.6115827107962273,246.78162478623847,True
test,0.1,2.021,16.0,"RL estimate, perfect viewport",tau q0 a 0.7 reserve 0.25,55.1215652588838,0.9645930099487979,0.10726583227085151,2.0054381085032067,7.873234519219316,15.040360873694208,1.2911332586877478,152.15381510688076,False
test,0.1,2.021,16.0,oracle (actual viewport + future link),,55.22791365700957,0.9748563446458365,0.09999998852368974,1.998172264756045,7.908461807464452,14.731718898385562,1.130797328406663,152.85673811499612,True
test,0.2,2.121,7.5,predicted viewport only,,51.743299145247576,0.8294317664439024,0.0,1.8981722762323552,6.65286409893497,14.16839333506,5.295441719150363,129.07338696296296,True
test,0.2,2.121,7.5,QER 120x60 (MMSP),,52.34239901588458,0.8534792723976017,0.6067111746988687,2.504883450931224,7.658837931880667,18.696581196581192,4.654549968427584,148.04166785185186,False
test,0.2,2.121,7.5,QER 160x80 (MMSP),,53.019704774913286,0.8860519281074783,0.9842309423483464,2.8824032185807016,8.443504118101906,19.801648968315625,4.204809486507187,162.41373155555556,False
test,0.2,2.121,7.5,QER 200x100 (MMSP),,54.092067495518656,0.9285386603240741,2.927204660578015,4.82537693681037,16.123343586791535,24.460416127082784,3.0779911147542793,257.92607355555555,False
test,0.2,2.121,7.5,"average-based, bounds 30/15 (MMSP)",,53.72342350719133,0.9153457127932101,1.932709514481801,3.830881790714156,11.748460043870711,21.747388414055074,3.1855833656159267,202.17150807407407,False
test,0.2,2.121,7.5,"average-based, fitted to our error data (MMSP rule)",,53.94462141506684,0.9235525123304198,1.6249341166931985,3.5231063929255537,9.783489563656623,21.131183631183625,3.2446511237341418,186.65618333333333,False
test,0.2,2.121,7.5,"threshold 10 s base layer, enlarged viewport (ASL360, adapted)",,53.48205715553614,0.9036593003744038,0.25816947883964425,2.1563417550719994,8.99620808663446,16.38932055598722,3.6880506392943397,172.97435055451956,False
test,0.2,2.121,7.5,best published rule within budgets,predicted viewport only,51.743299145247576,0.8294317664439024,0.0,1.8981722762323552,6.65286409893497,14.16839333506,5.295441719150363,129.07338696296296,True
test,0.2,2.121,7.5,"literature, tuned to our budgets","threshold, margin 0.25x",52.344034051354264,0.8560192942242631,0.06300658126172709,1.9611788574940823,7.194970676167628,14.764093930760598,4.854559727214184,139.37324277294312,True
test,0.2,2.121,7.5,RL estimate,tau q5 a 1.0 reserve 0.0 link now,52.70559917916248,0.8681166774151686,0.11840557619666803,2.016577852429023,7.208237937305871,15.284252784252784,4.435272524411982,140.93437499568336,True
test,0.2,2.121,7.5,"uniform, same bits as RL estimate",all 64 tiles,52.1466934290765,1.0,0.10933365075831003,2.007505926990665,30.358678195042618,15.210869377536046,0.6289085361226492,140.6030306624363,True
test,0.2,2.121,7.5,"RL estimate, perfect viewport",tau q2 a 1.0 reserve 0.25,54.138186588974364,0.9468605097455441,0.08215095107871684,1.980323227311072,7.263226103919036,14.889277389277389,2.5809944844786394,141.05304204912375,True
test,0.2,2.121,7.5,oracle (actual viewport + future link),,54.659667295783144,0.958845711201552,0.0,1.8981722762323552,7.49999872893334,14.16839333506,1.885998253331957,144.91941865794698,True
test,0.2,2.121,8.0,predicted viewport only,,51.743299145247576,0.8294317664439024,0.0,1.8981722762323552,6.65286409893497,14.16839333506,5.295441719150363,129.07338696296296,True
test,0.2,2.121,8.0,QER 120x60 (MMSP),,52.34239901588458,0.8534792723976017,0.6067111746988687,2.504883450931224,7.658837931880667,18.696581196581192,4.654549968427584,148.04166785185186,False
test,0.2,2.121,8.0,QER 160x80 (MMSP),,53.019704774913286,0.8860519281074783,0.9842309423483464,2.8824032185807016,8.443504118101906,19.801648968315625,4.204809486507187,162.41373155555556,False
test,0.2,2.121,8.0,QER 200x100 (MMSP),,54.092067495518656,0.9285386603240741,2.927204660578015,4.82537693681037,16.123343586791535,24.460416127082784,3.0779911147542793,257.92607355555555,False
test,0.2,2.121,8.0,"average-based, bounds 30/15 (MMSP)",,53.72342350719133,0.9153457127932101,1.932709514481801,3.830881790714156,11.748460043870711,21.747388414055074,3.1855833656159267,202.17150807407407,False
test,0.2,2.121,8.0,"average-based, fitted to our error data (MMSP rule)",,53.94462141506684,0.9235525123304198,1.6249341166931985,3.5231063929255537,9.783489563656623,21.131183631183625,3.2446511237341418,186.65618333333333,False
test,0.2,2.121,8.0,"threshold 10 s base layer, enlarged viewport (ASL360, adapted)",,53.48205715553614,0.9036593003744038,0.25816947883964425,2.1563417550719994,8.99620808663446,16.38932055598722,3.6880506392943397,172.97435055451956,False
test,0.2,2.121,8.0,best published rule within budgets,predicted viewport only,51.743299145247576,0.8294317664439024,0.0,1.8981722762323552,6.65286409893497,14.16839333506,5.295441719150363,129.07338696296296,True
test,0.2,2.121,8.0,"literature, tuned to our budgets","threshold, margin 0.5x",52.834571160511956,0.873564427848963,0.12501539215584256,2.0231876683881977,7.689158381461827,15.337132003798668,4.168652786281008,149.17201611715447,True
test,0.2,2.121,8.0,RL estimate,tau q4 a 1.0 reserve 0.25 link now,53.151803680839244,0.8873362930166521,0.13322358924584266,2.031395865478198,7.677463946485433,15.367348700682031,4.088676358875235,150.07974358508156,True
test,0.2,2.121,8.0,"uniform, same bits as RL estimate",all 64 tiles,52.39620769095194,1.0,0.12346885508806449,2.0216411313204197,30.358678195042618,15.276698610031943,0.5006946007695744,149.70939032193732,True
test,0.2,2.121,8.0,"RL estimate, perfect viewport",tau q1 a 1.0 reserve 0.0,54.87488624150392,0.9645484822286394,0.15932042004607205,2.0574926962784272,7.595606917670753,15.574548907882239,1.6446138571583804,146.68446509349909,True
test,0.2,2.121,8.0,oracle (actual viewport + future link),,55.385993711895914,0.9827944295492764,0.19999999876493546,2.0981722749972906,7.938775680522481,15.534619701286365,0.9238899151161375,153.4872548679962,True
test,0.2,2.121,9.0,predicted viewport only,,51.743299145247576,0.8294317664439024,0.0,1.8981722762323552,6.65286409893497,14.16839333506,5.295441719150363,129.07338696296296,True
test,0.2,2.121,9.0,QER 120x60 (MMSP),,52.34239901588458,0.8534792723976017,0.6067111746988687,2.504883450931224,7.658837931880667,18.696581196581192,4.654549968427584,148.04166785185186,False
test,0.2,2.121,9.0,QER 160x80 (MMSP),,53.019704774913286,0.8860519281074783,0.9842309423483464,2.8824032185807016,8.443504118101906,19.801648968315625,4.204809486507187,162.41373155555556,False
test,0.2,2.121,9.0,QER 200x100 (MMSP),,54.092067495518656,0.9285386603240741,2.927204660578015,4.82537693681037,16.123343586791535,24.460416127082784,3.0779911147542793,257.92607355555555,False
test,0.2,2.121,9.0,"average-based, bounds 30/15 (MMSP)",,53.72342350719133,0.9153457127932101,1.932709514481801,3.830881790714156,11.748460043870711,21.747388414055074,3.1855833656159267,202.17150807407407,False
test,0.2,2.121,9.0,"average-based, fitted to our error data (MMSP rule)",,53.94462141506684,0.9235525123304198,1.6249341166931985,3.5231063929255537,9.783489563656623,21.131183631183625,3.2446511237341418,186.65618333333333,False
test,0.2,2.121,9.0,"threshold 10 s base layer, enlarged viewport (ASL360, adapted)",,53.48205715553614,0.9036593003744038,0.25816947883964425,2.1563417550719994,8.99620808663446,16.38932055598722,3.6880506392943397,172.97435055451956,False
test,0.2,2.121,9.0,best published rule within budgets,predicted viewport only,51.743299145247576,0.8294317664439024,0.0,1.8981722762323552,6.65286409893497,14.16839333506,5.295441719150363,129.07338696296296,True
test,0.2,2.121,9.0,"literature, tuned to our budgets","threshold, margin 0.75x",53.18121996024247,0.8854065345138271,0.16559938870340996,2.063771664935765,8.119422945736288,15.693257359924024,3.815717444404648,157.8027843375637,True
test,0.2,2.121,9.0,RL estimate,tau q4 a 1.0 reserve 0.25 link now,53.151803680839244,0.8873362930166521,0.13322358924584266,2.031395865478198,7.677463946485433,15.367348700682031,4.088676358875235,150.07974358508156,True
test,0.2,2.121,9.0,"uniform, same bits as RL estimate",all 64 tiles,52.39620769095194,1.0,0.12346885508806449,2.0216411313204197,30.358678195042618,15.276698610031943,0.5006946007695744,149.70939032193732,True
test,0.2,2.121,9.0,"RL estimate, perfect viewport",tau q0 a 1.0 reserve 0.25,55.169507915031126,0.9666087793412322,0.15370439083655607,2.0518766670689113,7.892761879519717,15.546490546490546,1.2352870597799983,152.51153642268844,True
test,0.2,2.121,9.0,oracle (actual viewport + future link),,55.385993711895914,0.9827944295492764,0.19999999876493546,2.0981722749972906,7.938775680522481,15.534619701286365,0.9238899151161375,153.4872548679962,True
test,0.2,2.121,10.0,predicted viewport only,,51.743299145247576,0.8294317664439024,0.0,1.8981722762323552,6.65286409893497,14.16839333506,5.295441719150363,129.07338696296296,True
test,0.2,2.121,10.0,QER 120x60 (MMSP),,52.34239901588458,0.8534792723976017,0.6067111746988687,2.504883450931224,7.658837931880667,18.696581196581192,4.654549968427584,148.04166785185186,False
test,0.2,2.121,10.0,QER 160x80 (MMSP),,53.019704774913286,0.8860519281074783,0.9842309423483464,2.8824032185807016,8.443504118101906,19.801648968315625,4.204809486507187,162.41373155555556,False
test,0.2,2.121,10.0,QER 200x100 (MMSP),,54.092067495518656,0.9285386603240741,2.927204660578015,4.82537693681037,16.123343586791535,24.460416127082784,3.0779911147542793,257.92607355555555,False
test,0.2,2.121,10.0,"average-based, bounds 30/15 (MMSP)",,53.72342350719133,0.9153457127932101,1.932709514481801,3.830881790714156,11.748460043870711,21.747388414055074,3.1855833656159267,202.17150807407407,False
test,0.2,2.121,10.0,"average-based, fitted to our error data (MMSP rule)",,53.94462141506684,0.9235525123304198,1.6249341166931985,3.5231063929255537,9.783489563656623,21.131183631183625,3.2446511237341418,186.65618333333333,False
test,0.2,2.121,10.0,"threshold 10 s base layer, enlarged viewport (ASL360, adapted)",,53.48205715553614,0.9036593003744038,0.25816947883964425,2.1563417550719994,8.99620808663446,16.38932055598722,3.6880506392943397,172.97435055451956,False
test,0.2,2.121,10.0,best published rule within budgets,predicted viewport only,51.743299145247576,0.8294317664439024,0.0,1.8981722762323552,6.65286409893497,14.16839333506,5.295441719150363,129.07338696296296,True
test,0.2,2.121,10.0,"literature, tuned to our budgets","threshold, margin 0.75x",53.18121996024247,0.8854065345138271,0.16559938870340996,2.063771664935765,8.119422945736288,15.693257359924024,3.815717444404648,157.8027843375637,True
test,0.2,2.121,10.0,RL estimate,tau q3 a 0.7 reserve 0.25 link now,53.76866789687638,0.9167622418035899,0.1804741322780965,2.0786464085104517,9.00469554718177,15.619873953207286,3.169089984338364,176.17052175369074,True
test,0.2,2.121,10.0,"uniform, same bits as RL estimate",all 64 tiles,52.74116682299197,1.0,0.17023757753763502,2.06840985376999,30.358678195042618,15.531382198048863,0.47020998028936084,175.7784655483036,True
test,0.2,2.121,10.0,"RL estimate, perfect viewport",tau q0 a 1.0 reserve 0.25,55.169507915031126,0.9666087793412322,0.15370439083655607,2.0518766670689113,7.892761879519717,15.546490546490546,1.2352870597799983,152.51153642268844,True
test,0.2,2.121,10.0,oracle (actual viewport + future link),,55.385993711895914,0.9827944295492764,0.19999999876493546,2.0981722749972906,7.938775680522481,15.534619701286365,0.9238899151161375,153.4872548679962,True
test,0.2,2.121,12.0,predicted viewport only,,51.743299145247576,0.8294317664439024,0.0,1.8981722762323552,6.65286409893497,14.16839333506,5.295441719150363,129.07338696296296,True
test,0.2,2.121,12.0,QER 120x60 (MMSP),,52.34239901588458,0.8534792723976017,0.6067111746988687,2.504883450931224,7.658837931880667,18.696581196581192,4.654549968427584,148.04166785185186,False
test,0.2,2.121,12.0,QER 160x80 (MMSP),,53.019704774913286,0.8860519281074783,0.9842309423483464,2.8824032185807016,8.443504118101906,19.801648968315625,4.204809486507187,162.41373155555556,False
test,0.2,2.121,12.0,QER 200x100 (MMSP),,54.092067495518656,0.9285386603240741,2.927204660578015,4.82537693681037,16.123343586791535,24.460416127082784,3.0779911147542793,257.92607355555555,False
test,0.2,2.121,12.0,"average-based, bounds 30/15 (MMSP)",,53.72342350719133,0.9153457127932101,1.932709514481801,3.830881790714156,11.748460043870711,21.747388414055074,3.1855833656159267,202.17150807407407,False
test,0.2,2.121,12.0,"average-based, fitted to our error data (MMSP rule)",,53.94462141506684,0.9235525123304198,1.6249341166931985,3.5231063929255537,9.783489563656623,21.131183631183625,3.2446511237341418,186.65618333333333,False
test,0.2,2.121,12.0,"threshold 10 s base layer, enlarged viewport (ASL360, adapted)",,53.48205715553614,0.9036593003744038,0.25816947883964425,2.1563417550719994,8.99620808663446,16.38932055598722,3.6880506392943397,172.97435055451956,False
test,0.2,2.121,12.0,best published rule within budgets,predicted viewport only,51.743299145247576,0.8294317664439024,0.0,1.8981722762323552,6.65286409893497,14.16839333506,5.295441719150363,129.07338696296296,True
test,0.2,2.121,12.0,"literature, tuned to our budgets","threshold, margin 0.75x",53.18121996024247,0.8854065345138271,0.16559938870340996,2.063771664935765,8.119422945736288,15.693257359924024,3.815717444404648,157.8027843375637,True
test,0.2,2.121,12.0,RL estimate,tau q2 a 0.5 reserve 0.5 link now,54.44671221822439,0.9420820967633007,0.17973780089016844,2.0779100771225236,11.187511477148018,15.585340585340584,2.2337069379221863,214.59748180436847,True
test,0.2,2.121,12.0,"uniform, same bits as RL estimate",all 64 tiles,53.085716389415765,1.0,0.1691200133575903,2.0672922895899455,30.358678195042618,15.494690494690493,0.4840999370232963,214.13328002969865,True
test,0.2,2.121,12.0,"RL estimate, perfect viewport",tau q0 a 1.0 reserve 0.25,55.169507915031126,0.9666087793412322,0.15370439083655607,2.0518766670689113,7.892761879519717,15.546490546490546,1.2352870597799983,152.51153642268844,True
test,0.2,2.121,12.0,oracle (actual viewport + future link),,55.385993711895914,0.9827944295492764,0.19999999876493546,2.0981722749972906,7.938775680522481,15.534619701286365,0.9238899151161375,153.4872548679962,True
test,0.2,2.121,14.0,predicted viewport only,,51.743299145247576,0.8294317664439024,0.0,1.8981722762323552,6.65286409893497,14.16839333506,5.295441719150363,129.07338696296296,True
test,0.2,2.121,14.0,QER 120x60 (MMSP),,52.34239901588458,0.8534792723976017,0.6067111746988687,2.504883450931224,7.658837931880667,18.696581196581192,4.654549968427584,148.04166785185186,False
test,0.2,2.121,14.0,QER 160x80 (MMSP),,53.019704774913286,0.8860519281074783,0.9842309423483464,2.8824032185807016,8.443504118101906,19.801648968315625,4.204809486507187,162.41373155555556,False
test,0.2,2.121,14.0,QER 200x100 (MMSP),,54.092067495518656,0.9285386603240741,2.927204660578015,4.82537693681037,16.123343586791535,24.460416127082784,3.0779911147542793,257.92607355555555,False
test,0.2,2.121,14.0,"average-based, bounds 30/15 (MMSP)",,53.72342350719133,0.9153457127932101,1.932709514481801,3.830881790714156,11.748460043870711,21.747388414055074,3.1855833656159267,202.17150807407407,False
test,0.2,2.121,14.0,"average-based, fitted to our error data (MMSP rule)",,53.94462141506684,0.9235525123304198,1.6249341166931985,3.5231063929255537,9.783489563656623,21.131183631183625,3.2446511237341418,186.65618333333333,False
test,0.2,2.121,14.0,"threshold 10 s base layer, enlarged viewport (ASL360, adapted)",,53.48205715553614,0.9036593003744038,0.25816947883964425,2.1563417550719994,8.99620808663446,16.38932055598722,3.6880506392943397,172.97435055451956,False
test,0.2,2.121,14.0,best published rule within budgets,predicted viewport only,51.743299145247576,0.8294317664439024,0.0,1.8981722762323552,6.65286409893497,14.16839333506,5.295441719150363,129.07338696296296,True
test,0.2,2.121,14.0,"literature, tuned to our budgets","threshold, margin 0.75x",53.18121996024247,0.8854065345138271,0.16559938870340996,2.063771664935765,8.119422945736288,15.693257359924024,3.815717444404648,157.8027843375637,True
test,0.2,2.121,14.0,RL estimate,tau q1 a 0.5 reserve 1.0 link now,54.7162550682656,0.9493669834468904,0.15222293291914224,2.0503952091514974,13.083549355205061,15.393248726582058,1.8684091590467364,241.30826790770956,True
test,0.2,2.121,14.0,"uniform, same bits as RL estimate",all 64 tiles,53.38573752838944,1.0,0.14171691108953355,2.0398891873218887,30.358678195042618,15.296123629456961,0.48033908631563915,240.82408957169986,True
test,0.2,2.121,14.0,"RL estimate, perfect viewport",tau q0 a 1.0 reserve 0.25,55.169507915031126,0.9666087793412322,0.15370439083655607,2.0518766670689113,7.892761879519717,15.546490546490546,1.2352870597799983,152.51153642268844,True
test,0.2,2.121,14.0,oracle (actual viewport + future link),,55.385993711895914,0.9827944295492764,0.19999999876493546,2.0981722749972906,7.938775680522481,15.534619701286365,0.9238899151161375,153.4872548679962,True
test,0.2,2.121,16.0,predicted viewport only,,51.743299145247576,0.8294317664439024,0.0,1.8981722762323552,6.65286409893497,14.16839333506,5.295441719150363,129.07338696296296,True
test,0.2,2.121,16.0,QER 120x60 (MMSP),,52.34239901588458,0.8534792723976017,0.6067111746988687,2.504883450931224,7.658837931880667,18.696581196581192,4.654549968427584,148.04166785185186,False
test,0.2,2.121,16.0,QER 160x80 (MMSP),,53.019704774913286,0.8860519281074783,0.9842309423483464,2.8824032185807016,8.443504118101906,19.801648968315625,4.204809486507187,162.41373155555556,False
test,0.2,2.121,16.0,QER 200x100 (MMSP),,54.092067495518656,0.9285386603240741,2.927204660578015,4.82537693681037,16.123343586791535,24.460416127082784,3.0779911147542793,257.92607355555555,False
test,0.2,2.121,16.0,"average-based, bounds 30/15 (MMSP)",,53.72342350719133,0.9153457127932101,1.932709514481801,3.830881790714156,11.748460043870711,21.747388414055074,3.1855833656159267,202.17150807407407,False
test,0.2,2.121,16.0,"average-based, fitted to our error data (MMSP rule)",,53.94462141506684,0.9235525123304198,1.6249341166931985,3.5231063929255537,9.783489563656623,21.131183631183625,3.2446511237341418,186.65618333333333,False
test,0.2,2.121,16.0,"threshold 10 s base layer, enlarged viewport (ASL360, adapted)",,53.48205715553614,0.9036593003744038,0.25816947883964425,2.1563417550719994,8.99620808663446,16.38932055598722,3.6880506392943397,172.97435055451956,False
test,0.2,2.121,16.0,best published rule within budgets,predicted viewport only,51.743299145247576,0.8294317664439024,0.0,1.8981722762323552,6.65286409893497,14.16839333506,5.295441719150363,129.07338696296296,True
test,0.2,2.121,16.0,"literature, tuned to our budgets","threshold, margin 0.75x",53.18121996024247,0.8854065345138271,0.16559938870340996,2.063771664935765,8.119422945736288,15.693257359924024,3.815717444404648,157.8027843375637,True
test,0.2,2.121,16.0,RL estimate,tau q1 a 0.5 reserve 1.0 link now,54.7162550682656,0.9493669834468904,0.15222293291914224,2.0503952091514974,13.083549355205061,15.393248726582058,1.8684091590467364,241.30826790770956,True
test,0.2,2.121,16.0,"uniform, same bits as RL estimate",all 64 tiles,53.38573752838944,1.0,0.14171691108953355,2.0398891873218887,30.358678195042618,15.296123629456961,0.48033908631563915,240.82408957169986,True
test,0.2,2.121,16.0,"RL estimate, perfect viewport",tau q0 a 1.0 reserve 0.25,55.169507915031126,0.9666087793412322,0.15370439083655607,2.0518766670689113,7.892761879519717,15.546490546490546,1.2352870597799983,152.51153642268844,True
test,0.2,2.121,16.0,oracle (actual viewport + future link),,55.385993711895914,0.9827944295492764,0.19999999876493546,2.0981722749972906,7.938775680522481,15.534619701286365,0.9238899151161375,153.4872548679962,True
test,0.3,2.221,7.5,predicted viewport only,,51.743299145247576,0.8294317664439024,0.0,1.8981722762323552,6.65286409893497,14.16839333506,5.295441719150363,129.07338696296296,True
test,0.3,2.221,7.5,QER 120x60 (MMSP),,52.34239901588458,0.8534792723976017,0.6067111746988687,2.504883450931224,7.658837931880667,18.696581196581192,4.654549968427584,148.04166785185186,False
test,0.3,2.221,7.5,QER 160x80 (MMSP),,53.019704774913286,0.8860519281074783,0.9842309423483464,2.8824032185807016,8.443504118101906,19.801648968315625,4.204809486507187,162.41373155555556,False
test,0.3,2.221,7.5,QER 200x100 (MMSP),,54.092067495518656,0.9285386603240741,2.927204660578015,4.82537693681037,16.123343586791535,24.460416127082784,3.0779911147542793,257.92607355555555,False
test,0.3,2.221,7.5,"average-based, bounds 30/15 (MMSP)",,53.72342350719133,0.9153457127932101,1.932709514481801,3.830881790714156,11.748460043870711,21.747388414055074,3.1855833656159267,202.17150807407407,False
test,0.3,2.221,7.5,"average-based, fitted to our error data (MMSP rule)",,53.94462141506684,0.9235525123304198,1.6249341166931985,3.5231063929255537,9.783489563656623,21.131183631183625,3.2446511237341418,186.65618333333333,False
test,0.3,2.221,7.5,"threshold 10 s base layer, enlarged viewport (ASL360, adapted)",,53.48205715553614,0.9036593003744038,0.25816947883964425,2.1563417550719994,8.99620808663446,16.38932055598722,3.6880506392943397,172.97435055451956,False
test,0.3,2.221,7.5,best published rule within budgets,predicted viewport only,51.743299145247576,0.8294317664439024,0.0,1.8981722762323552,6.65286409893497,14.16839333506,5.295441719150363,129.07338696296296,True
test,0.3,2.221,7.5,"literature, tuned to our budgets","threshold, margin 0.25x",52.344034051354264,0.8560192942242631,0.06300658126172709,1.9611788574940823,7.194970676167628,14.764093930760598,4.854559727214184,139.37324277294312,True
test,0.3,2.221,7.5,RL estimate,tau q5 a 1.0 reserve 0.0 link now,52.70559917916248,0.8681166774151686,0.11840557619666803,2.016577852429023,7.208237937305871,15.284252784252784,4.435272524411982,140.93437499568336,True
test,0.3,2.221,7.5,"uniform, same bits as RL estimate",all 64 tiles,52.1466934290765,1.0,0.10933365075831003,2.007505926990665,30.358678195042618,15.210869377536046,0.6289085361226492,140.6030306624363,True
test,0.3,2.221,7.5,"RL estimate, perfect viewport",tau q2 a 1.0 reserve 0.25,54.138186588974364,0.9468605097455441,0.08215095107871684,1.980323227311072,7.263226103919036,14.889277389277389,2.5809944844786394,141.05304204912375,True
test,0.3,2.221,7.5,oracle (actual viewport + future link),,54.659667295783144,0.958845711201552,0.0,1.8981722762323552,7.49999872893334,14.16839333506,1.885998253331957,144.91941865794698,True
test,0.3,2.221,8.0,predicted viewport only,,51.743299145247576,0.8294317664439024,0.0,1.8981722762323552,6.65286409893497,14.16839333506,5.295441719150363,129.07338696296296,True
test,0.3,2.221,8.0,QER 120x60 (MMSP),,52.34239901588458,0.8534792723976017,0.6067111746988687,2.504883450931224,7.658837931880667,18.696581196581192,4.654549968427584,148.04166785185186,False
test,0.3,2.221,8.0,QER 160x80 (MMSP),,53.019704774913286,0.8860519281074783,0.9842309423483464,2.8824032185807016,8.443504118101906,19.801648968315625,4.204809486507187,162.41373155555556,False
test,0.3,2.221,8.0,QER 200x100 (MMSP),,54.092067495518656,0.9285386603240741,2.927204660578015,4.82537693681037,16.123343586791535,24.460416127082784,3.0779911147542793,257.92607355555555,False
test,0.3,2.221,8.0,"average-based, bounds 30/15 (MMSP)",,53.72342350719133,0.9153457127932101,1.932709514481801,3.830881790714156,11.748460043870711,21.747388414055074,3.1855833656159267,202.17150807407407,False
test,0.3,2.221,8.0,"average-based, fitted to our error data (MMSP rule)",,53.94462141506684,0.9235525123304198,1.6249341166931985,3.5231063929255537,9.783489563656623,21.131183631183625,3.2446511237341418,186.65618333333333,False
test,0.3,2.221,8.0,"threshold 10 s base layer, enlarged viewport (ASL360, adapted)",,53.48205715553614,0.9036593003744038,0.25816947883964425,2.1563417550719994,8.99620808663446,16.38932055598722,3.6880506392943397,172.97435055451956,False
test,0.3,2.221,8.0,best published rule within budgets,predicted viewport only,51.743299145247576,0.8294317664439024,0.0,1.8981722762323552,6.65286409893497,14.16839333506,5.295441719150363,129.07338696296296,True
test,0.3,2.221,8.0,"literature, tuned to our budgets","threshold, margin 0.5x",52.834571160511956,0.873564427848963,0.12501539215584256,2.0231876683881977,7.689158381461827,15.337132003798668,4.168652786281008,149.17201611715447,True
test,0.3,2.221,8.0,RL estimate,tau q4 a 1.0 reserve 0.0 link now,53.170587905610724,0.888242048872162,0.18559778567774798,2.083770061910103,7.692971334333899,15.851895018561681,4.077427260053372,150.3727657845981,True
test,0.3,2.221,8.0,"uniform, same bits as RL estimate",all 64 tiles,52.40678022170081,1.0,0.17567544011456682,2.073847716346922,30.358678195042618,15.779590779590778,0.49453256222297587,150.00162764681,True
test,0.3,2.221,8.0,"RL estimate, perfect viewport",tau q1 a 1.0 reserve 0.0,54.87488624150392,0.9645484822286394,0.15932042004607205,2.0574926962784272,7.595606917670753,15.574548907882239,1.6446138571583804,146.68446509349909,True
test,0.3,2.221,8.0,oracle (actual viewport + future link),,55.54667835399174,0.9896936066369675,0.29999998693303565,2.198172263165391,7.986891193361665,16.11305361305361,0.8527863708561293,154.20839385513253,True
test,0.3,2.221,9.0,predicted viewport only,,51.743299145247576,0.8294317664439024,0.0,1.8981722762323552,6.65286409893497,14.16839333506,5.295441719150363,129.07338696296296,True
test,0.3,2.221,9.0,QER 120x60 (MMSP),,52.34239901588458,0.8534792723976017,0.6067111746988687,2.504883450931224,7.658837931880667,18.696581196581192,4.654549968427584,148.04166785185186,False
test,0.3,2.221,9.0,QER 160x80 (MMSP),,53.019704774913286,0.8860519281074783,0.9842309423483464,2.8824032185807016,8.443504118101906,19.801648968315625,4.204809486507187,162.41373155555556,False
test,0.3,2.221,9.0,QER 200x100 (MMSP),,54.092067495518656,0.9285386603240741,2.927204660578015,4.82537693681037,16.123343586791535,24.460416127082784,3.0779911147542793,257.92607355555555,False
test,0.3,2.221,9.0,"average-based, bounds 30/15 (MMSP)",,53.72342350719133,0.9153457127932101,1.932709514481801,3.830881790714156,11.748460043870711,21.747388414055074,3.1855833656159267,202.17150807407407,False
test,0.3,2.221,9.0,"average-based, fitted to our error data (MMSP rule)",,53.94462141506684,0.9235525123304198,1.6249341166931985,3.5231063929255537,9.783489563656623,21.131183631183625,3.2446511237341418,186.65618333333333,False
test,0.3,2.221,9.0,"threshold 10 s base layer, enlarged viewport (ASL360, adapted)",,53.48205715553614,0.9036593003744038,0.25816947883964425,2.1563417550719994,8.99620808663446,16.38932055598722,3.6880506392943397,172.97435055451956,True
test,0.3,2.221,9.0,best published rule within budgets,"threshold 10 s base layer, enlarged viewport (ASL360, adapted)",53.48205715553614,0.9036593003744038,0.25816947883964425,2.1563417550719994,8.99620808663446,16.38932055598722,3.6880506392943397,172.97435055451956,True
test,0.3,2.221,9.0,"literature, tuned to our budgets","threshold, margin 0.75x",53.18121996024247,0.8854065345138271,0.16559938870340996,2.063771664935765,8.119422945736288,15.693257359924024,3.815717444404648,157.8027843375637,True
test,0.3,2.221,9.0,RL estimate,tau q4 a 1.0 reserve 0.0 link now,53.170587905610724,0.888242048872162,0.18559778567774798,2.083770061910103,7.692971334333899,15.851895018561681,4.077427260053372,150.3727657845981,True
test,0.3,2.221,9.0,"uniform, same bits as RL estimate",all 64 tiles,52.40678022170081,1.0,0.17567544011456682,2.073847716346922,30.358678195042618,15.779590779590778,0.49453256222297587,150.00162764681,True
test,0.3,2.221,9.0,"RL estimate, perfect viewport",tau q0 a 1.0 reserve 0.0,55.21549342842771,0.968667328912234,0.21050041927354424,2.1086726955058994,7.910699175239542,16.02240352240352,1.1870892540029656,152.8318922937926,True
test,0.3,2.221,9.0,oracle (actual viewport + future link),,55.54667835399174,0.9896936066369675,0.29999998693303565,2.198172263165391,7.986891193361665,16.11305361305361,0.8527863708561293,154.20839385513253,True
test,0.3,2.221,10.0,predicted viewport only,,51.743299145247576,0.8294317664439024,0.0,1.8981722762323552,6.65286409893497,14.16839333506,5.295441719150363,129.07338696296296,True
test,0.3,2.221,10.0,QER 120x60 (MMSP),,52.34239901588458,0.8534792723976017,0.6067111746988687,2.504883450931224,7.658837931880667,18.696581196581192,4.654549968427584,148.04166785185186,False
test,0.3,2.221,10.0,QER 160x80 (MMSP),,53.019704774913286,0.8860519281074783,0.9842309423483464,2.8824032185807016,8.443504118101906,19.801648968315625,4.204809486507187,162.41373155555556,False
test,0.3,2.221,10.0,QER 200x100 (MMSP),,54.092067495518656,0.9285386603240741,2.927204660578015,4.82537693681037,16.123343586791535,24.460416127082784,3.0779911147542793,257.92607355555555,False
test,0.3,2.221,10.0,"average-based, bounds 30/15 (MMSP)",,53.72342350719133,0.9153457127932101,1.932709514481801,3.830881790714156,11.748460043870711,21.747388414055074,3.1855833656159267,202.17150807407407,False
test,0.3,2.221,10.0,"average-based, fitted to our error data (MMSP rule)",,53.94462141506684,0.9235525123304198,1.6249341166931985,3.5231063929255537,9.783489563656623,21.131183631183625,3.2446511237341418,186.65618333333333,False
test,0.3,2.221,10.0,"threshold 10 s base layer, enlarged viewport (ASL360, adapted)",,53.48205715553614,0.9036593003744038,0.25816947883964425,2.1563417550719994,8.99620808663446,16.38932055598722,3.6880506392943397,172.97435055451956,True
test,0.3,2.221,10.0,best published rule within budgets,"threshold 10 s base layer, enlarged viewport (ASL360, adapted)",53.48205715553614,0.9036593003744038,0.25816947883964425,2.1563417550719994,8.99620808663446,16.38932055598722,3.6880506392943397,172.97435055451956,True
test,0.3,2.221,10.0,"literature, tuned to our budgets","threshold, margin 1.0x",53.48205715553614,0.9036593003744038,0.25816947883964425,2.1563417550719994,8.99620808663446,16.38932055598722,3.6880506392943397,172.97435055451956,True
test,0.3,2.221,10.0,RL estimate,tau q3 a 1.0 reserve 0.25 link now,53.79299119774946,0.9178580312922909,0.24952802587052925,2.1477003021028844,9.03411302040216,16.26197876197876,3.1437258452316375,176.7252325929379,True
test,0.3,2.221,10.0,"uniform, same bits as RL estimate",all 64 tiles,52.752765253889905,1.0,0.23885642057292888,2.137028696805284,30.358678195042618,16.17672451005784,0.4653387221329721,176.33190795251664,True
test,0.3,2.221,10.0,"RL estimate, perfect viewport",tau q0 a 1.0 reserve 0.0,55.21549342842771,0.968667328912234,0.21050041927354424,2.1086726955058994,7.910699175239542,16.02240352240352,1.1870892540029656,152.8318922937926,True
test,0.3,2.221,10.0,oracle (actual viewport + future link),,55.54667835399174,0.9896936066369675,0.29999998693303565,2.198172263165391,7.986891193361665,16.11305361305361,0.8527863708561293,154.20839385513253,True
test,0.3,2.221,12.0,predicted viewport only,,51.743299145247576,0.8294317664439024,0.0,1.8981722762323552,6.65286409893497,14.16839333506,5.295441719150363,129.07338696296296,True
test,0.3,2.221,12.0,QER 120x60 (MMSP),,52.34239901588458,0.8534792723976017,0.6067111746988687,2.504883450931224,7.658837931880667,18.696581196581192,4.654549968427584,148.04166785185186,False
test,0.3,2.221,12.0,QER 160x80 (MMSP),,53.019704774913286,0.8860519281074783,0.9842309423483464,2.8824032185807016,8.443504118101906,19.801648968315625,4.204809486507187,162.41373155555556,False
test,0.3,2.221,12.0,QER 200x100 (MMSP),,54.092067495518656,0.9285386603240741,2.927204660578015,4.82537693681037,16.123343586791535,24.460416127082784,3.0779911147542793,257.92607355555555,False
test,0.3,2.221,12.0,"average-based, bounds 30/15 (MMSP)",,53.72342350719133,0.9153457127932101,1.932709514481801,3.830881790714156,11.748460043870711,21.747388414055074,3.1855833656159267,202.17150807407407,False
test,0.3,2.221,12.0,"average-based, fitted to our error data (MMSP rule)",,53.94462141506684,0.9235525123304198,1.6249341166931985,3.5231063929255537,9.783489563656623,21.131183631183625,3.2446511237341418,186.65618333333333,False
test,0.3,2.221,12.0,"threshold 10 s base layer, enlarged viewport (ASL360, adapted)",,53.48205715553614,0.9036593003744038,0.25816947883964425,2.1563417550719994,8.99620808663446,16.38932055598722,3.6880506392943397,172.97435055451956,True
test,0.3,2.221,12.0,best published rule within budgets,"threshold 10 s base layer, enlarged viewport (ASL360, adapted)",53.48205715553614,0.9036593003744038,0.25816947883964425,2.1563417550719994,8.99620808663446,16.38932055598722,3.6880506392943397,172.97435055451956,True
test,0.3,2.221,12.0,"literature, tuned to our budgets","threshold, margin 1.0x",53.48205715553614,0.9036593003744038,0.25816947883964425,2.1563417550719994,8.99620808663446,16.38932055598722,3.6880506392943397,172.97435055451956,True
test,0.3,2.221,12.0,RL estimate,tau q2 a 0.7 reserve 0.5 link now,54.48111433104976,0.9435805285626461,0.26753494766569763,2.165707223898053,11.264585360818591,16.143270309936977,2.193017436334337,215.93509079210912,True
test,0.3,2.221,12.0,"uniform, same bits as RL estimate",all 64 tiles,53.10411362227631,1.0,0.25590644084727177,2.154078717079627,30.358678195042618,16.048303548303547,0.4815467069855024,215.4673015820599,True
test,0.3,2.221,12.0,"RL estimate, perfect viewport",tau q0 a 1.0 reserve 0.0,55.21549342842771,0.968667328912234,0.21050041927354424,2.1086726955058994,7.910699175239542,16.02240352240352,1.1870892540029656,152.8318922937926,True
test,0.3,2.221,12.0,oracle (actual viewport + future link),,55.54667835399174,0.9896936066369675,0.29999998693303565,2.198172263165391,7.986891193361665,16.11305361305361,0.8527863708561293,154.20839385513253,True
test,0.3,2.221,14.0,predicted viewport only,,51.743299145247576,0.8294317664439024,0.0,1.8981722762323552,6.65286409893497,14.16839333506,5.295441719150363,129.07338696296296,True
test,0.3,2.221,14.0,QER 120x60 (MMSP),,52.34239901588458,0.8534792723976017,0.6067111746988687,2.504883450931224,7.658837931880667,18.696581196581192,4.654549968427584,148.04166785185186,False
test,0.3,2.221,14.0,QER 160x80 (MMSP),,53.019704774913286,0.8860519281074783,0.9842309423483464,2.8824032185807016,8.443504118101906,19.801648968315625,4.204809486507187,162.41373155555556,False
test,0.3,2.221,14.0,QER 200x100 (MMSP),,54.092067495518656,0.9285386603240741,2.927204660578015,4.82537693681037,16.123343586791535,24.460416127082784,3.0779911147542793,257.92607355555555,False
test,0.3,2.221,14.0,"average-based, bounds 30/15 (MMSP)",,53.72342350719133,0.9153457127932101,1.932709514481801,3.830881790714156,11.748460043870711,21.747388414055074,3.1855833656159267,202.17150807407407,False
test,0.3,2.221,14.0,"average-based, fitted to our error data (MMSP rule)",,53.94462141506684,0.9235525123304198,1.6249341166931985,3.5231063929255537,9.783489563656623,21.131183631183625,3.2446511237341418,186.65618333333333,False
test,0.3,2.221,14.0,"threshold 10 s base layer, enlarged viewport (ASL360, adapted)",,53.48205715553614,0.9036593003744038,0.25816947883964425,2.1563417550719994,8.99620808663446,16.38932055598722,3.6880506392943397,172.97435055451956,True
test,0.3,2.221,14.0,best published rule within budgets,"threshold 10 s base layer, enlarged viewport (ASL360, adapted)",53.48205715553614,0.9036593003744038,0.25816947883964425,2.1563417550719994,8.99620808663446,16.38932055598722,3.6880506392943397,172.97435055451956,True
test,0.3,2.221,14.0,"literature, tuned to our budgets","threshold, margin 1.0x",53.48205715553614,0.9036593003744038,0.25816947883964425,2.1563417550719994,8.99620808663446,16.38932055598722,3.6880506392943397,172.97435055451956,True
test,0.3,2.221,14.0,RL estimate,tau q1 a 0.5 reserve 0.25 link now,54.76723646625188,0.95154944976951,0.26064485854093555,2.1588171347732907,13.21608720976566,16.157299490632823,1.806572927464947,243.44433103703705,True
test,0.3,2.221,14.0,"uniform, same bits as RL estimate",all 64 tiles,53.41619690951314,1.0,0.24829707846164317,2.1464693546939984,30.358678195042618,16.048303548303547,0.4720625835609843,242.9525259470776,True
test,0.3,2.221,14.0,"RL estimate, perfect viewport",tau q0 a 1.0 reserve 0.0,55.21549342842771,0.968667328912234,0.21050041927354424,2.1086726955058994,7.910699175239542,16.02240352240352,1.1870892540029656,152.8318922937926,True
test,0.3,2.221,14.0,oracle (actual viewport + future link),,55.54667835399174,0.9896936066369675,0.29999998693303565,2.198172263165391,7.986891193361665,16.11305361305361,0.8527863708561293,154.20839385513253,True
test,0.3,2.221,16.0,predicted viewport only,,51.743299145247576,0.8294317664439024,0.0,1.8981722762323552,6.65286409893497,14.16839333506,5.295441719150363,129.07338696296296,True
test,0.3,2.221,16.0,QER 120x60 (MMSP),,52.34239901588458,0.8534792723976017,0.6067111746988687,2.504883450931224,7.658837931880667,18.696581196581192,4.654549968427584,148.04166785185186,False
test,0.3,2.221,16.0,QER 160x80 (MMSP),,53.019704774913286,0.8860519281074783,0.9842309423483464,2.8824032185807016,8.443504118101906,19.801648968315625,4.204809486507187,162.41373155555556,False
test,0.3,2.221,16.0,QER 200x100 (MMSP),,54.092067495518656,0.9285386603240741,2.927204660578015,4.82537693681037,16.123343586791535,24.460416127082784,3.0779911147542793,257.92607355555555,False
test,0.3,2.221,16.0,"average-based, bounds 30/15 (MMSP)",,53.72342350719133,0.9153457127932101,1.932709514481801,3.830881790714156,11.748460043870711,21.747388414055074,3.1855833656159267,202.17150807407407,False
test,0.3,2.221,16.0,"average-based, fitted to our error data (MMSP rule)",,53.94462141506684,0.9235525123304198,1.6249341166931985,3.5231063929255537,9.783489563656623,21.131183631183625,3.2446511237341418,186.65618333333333,False
test,0.3,2.221,16.0,"threshold 10 s base layer, enlarged viewport (ASL360, adapted)",,53.48205715553614,0.9036593003744038,0.25816947883964425,2.1563417550719994,8.99620808663446,16.38932055598722,3.6880506392943397,172.97435055451956,True
test,0.3,2.221,16.0,best published rule within budgets,"threshold 10 s base layer, enlarged viewport (ASL360, adapted)",53.48205715553614,0.9036593003744038,0.25816947883964425,2.1563417550719994,8.99620808663446,16.38932055598722,3.6880506392943397,172.97435055451956,True
test,0.3,2.221,16.0,"literature, tuned to our budgets","threshold, margin 1.0x",53.48205715553614,0.9036593003744038,0.25816947883964425,2.1563417550719994,8.99620808663446,16.38932055598722,3.6880506392943397,172.97435055451956,True
test,0.3,2.221,16.0,RL estimate,tau q1 a 0.5 reserve 0.25 link now,54.76723646625188,0.95154944976951,0.26064485854093555,2.1588171347732907,13.21608720976566,16.157299490632823,1.806572927464947,243.44433103703705,True
test,0.3,2.221,16.0,"uniform, same bits as RL estimate",all 64 tiles,53.41619690951314,1.0,0.24829707846164317,2.1464693546939984,30.358678195042618,16.048303548303547,0.4720625835609843,242.9525259470776,True
test,0.3,2.221,16.0,"RL estimate, perfect viewport",tau q0 a 1.0 reserve 0.0,55.21549342842771,0.968667328912234,0.21050041927354424,2.1086726955058994,7.910699175239542,16.02240352240352,1.1870892540029656,152.8318922937926,True
test,0.3,2.221,16.0,oracle (actual viewport + future link),,55.54667835399174,0.9896936066369675,0.29999998693303565,2.198172263165391,7.986891193361665,16.11305361305361,0.8527863708561293,154.20839385513253,True
test,0.5,2.421,7.5,predicted viewport only,,51.743299145247576,0.8294317664439024,0.0,1.8981722762323552,6.65286409893497,14.16839333506,5.295441719150363,129.07338696296296,True
test,0.5,2.421,7.5,QER 120x60 (MMSP),,52.34239901588458,0.8534792723976017,0.6067111746988687,2.504883450931224,7.658837931880667,18.696581196581192,4.654549968427584,148.04166785185186,False
test,0.5,2.421,7.5,QER 160x80 (MMSP),,53.019704774913286,0.8860519281074783,0.9842309423483464,2.8824032185807016,8.443504118101906,19.801648968315625,4.204809486507187,162.41373155555556,False
test,0.5,2.421,7.5,QER 200x100 (MMSP),,54.092067495518656,0.9285386603240741,2.927204660578015,4.82537693681037,16.123343586791535,24.460416127082784,3.0779911147542793,257.92607355555555,False
test,0.5,2.421,7.5,"average-based, bounds 30/15 (MMSP)",,53.72342350719133,0.9153457127932101,1.932709514481801,3.830881790714156,11.748460043870711,21.747388414055074,3.1855833656159267,202.17150807407407,False
test,0.5,2.421,7.5,"average-based, fitted to our error data (MMSP rule)",,53.94462141506684,0.9235525123304198,1.6249341166931985,3.5231063929255537,9.783489563656623,21.131183631183625,3.2446511237341418,186.65618333333333,False
test,0.5,2.421,7.5,"threshold 10 s base layer, enlarged viewport (ASL360, adapted)",,53.48205715553614,0.9036593003744038,0.25816947883964425,2.1563417550719994,8.99620808663446,16.38932055598722,3.6880506392943397,172.97435055451956,False
test,0.5,2.421,7.5,best published rule within budgets,predicted viewport only,51.743299145247576,0.8294317664439024,0.0,1.8981722762323552,6.65286409893497,14.16839333506,5.295441719150363,129.07338696296296,True
test,0.5,2.421,7.5,"literature, tuned to our budgets",average-based 0.2x,52.194299427484886,0.8507794261880255,0.32836672069285355,2.2265389969252087,7.175258392078724,16.6364499697833,5.095227781905954,138.64575125925924,True
test,0.5,2.421,7.5,RL estimate,tau q5 a 1.0 reserve 0.0 link now,52.70559917916248,0.8681166774151686,0.11840557619666803,2.016577852429023,7.208237937305871,15.284252784252784,4.435272524411982,140.93437499568336,True
test,0.5,2.421,7.5,"uniform, same bits as RL estimate",all 64 tiles,52.1466934290765,1.0,0.10933365075831003,2.007505926990665,30.358678195042618,15.210869377536046,0.6289085361226492,140.6030306624363,True
test,0.5,2.421,7.5,"RL estimate, perfect viewport",tau q2 a 1.0 reserve 0.25,54.138186588974364,0.9468605097455441,0.08215095107871684,1.980323227311072,7.263226103919036,14.889277389277389,2.5809944844786394,141.05304204912375,True
test,0.5,2.421,7.5,oracle (actual viewport + future link),,54.659667295783144,0.958845711201552,0.0,1.8981722762323552,7.49999872893334,14.16839333506,1.885998253331957,144.91941865794698,True
test,0.5,2.421,8.0,predicted viewport only,,51.743299145247576,0.8294317664439024,0.0,1.8981722762323552,6.65286409893497,14.16839333506,5.295441719150363,129.07338696296296,True
test,0.5,2.421,8.0,QER 120x60 (MMSP),,52.34239901588458,0.8534792723976017,0.6067111746988687,2.504883450931224,7.658837931880667,18.696581196581192,4.654549968427584,148.04166785185186,False
test,0.5,2.421,8.0,QER 160x80 (MMSP),,53.019704774913286,0.8860519281074783,0.9842309423483464,2.8824032185807016,8.443504118101906,19.801648968315625,4.204809486507187,162.41373155555556,False
test,0.5,2.421,8.0,QER 200x100 (MMSP),,54.092067495518656,0.9285386603240741,2.927204660578015,4.82537693681037,16.123343586791535,24.460416127082784,3.0779911147542793,257.92607355555555,False
test,0.5,2.421,8.0,"average-based, bounds 30/15 (MMSP)",,53.72342350719133,0.9153457127932101,1.932709514481801,3.830881790714156,11.748460043870711,21.747388414055074,3.1855833656159267,202.17150807407407,False
test,0.5,2.421,8.0,"average-based, fitted to our error data (MMSP rule)",,53.94462141506684,0.9235525123304198,1.6249341166931985,3.5231063929255537,9.783489563656623,21.131183631183625,3.2446511237341418,186.65618333333333,False
test,0.5,2.421,8.0,"threshold 10 s base layer, enlarged viewport (ASL360, adapted)",,53.48205715553614,0.9036593003744038,0.25816947883964425,2.1563417550719994,8.99620808663446,16.38932055598722,3.6880506392943397,172.97435055451956,False
test,0.5,2.421,8.0,best published rule within budgets,predicted viewport only,51.743299145247576,0.8294317664439024,0.0,1.8981722762323552,6.65286409893497,14.16839333506,5.295441719150363,129.07338696296296,True
test,0.5,2.421,8.0,"literature, tuned to our budgets","threshold, margin 0.5x",52.834571160511956,0.873564427848963,0.12501539215584256,2.0231876683881977,7.689158381461827,15.337132003798668,4.168652786281008,149.17201611715447,True
test,0.5,2.421,8.0,RL estimate,tau q4 a 1.0 reserve 0.0 link now,53.170587905610724,0.888242048872162,0.18559778567774798,2.083770061910103,7.692971334333899,15.851895018561681,4.077427260053372,150.3727657845981,True
test,0.5,2.421,8.0,"uniform, same bits as RL estimate",all 64 tiles,52.40678022170081,1.0,0.17567544011456682,2.073847716346922,30.358678195042618,15.779590779590778,0.49453256222297587,150.00162764681,True
test,0.5,2.421,8.0,"RL estimate, perfect viewport",tau q1 a 1.0 reserve 0.0,54.87488624150392,0.9645484822286394,0.15932042004607205,2.0574926962784272,7.595606917670753,15.574548907882239,1.6446138571583804,146.68446509349909,True
test,0.5,2.421,8.0,oracle (actual viewport + future link),,55.602958378589214,0.9909922074959765,0.3380787299954704,2.2362510062278256,7.999998923936232,16.214495381162045,0.7602726276906334,154.4697378522835,True
test,0.5,2.421,9.0,predicted viewport only,,51.743299145247576,0.8294317664439024,0.0,1.8981722762323552,6.65286409893497,14.16839333506,5.295441719150363,129.07338696296296,True
test,0.5,2.421,9.0,QER 120x60 (MMSP),,52.34239901588458,0.8534792723976017,0.6067111746988687,2.504883450931224,7.658837931880667,18.696581196581192,4.654549968427584,148.04166785185186,False
test,0.5,2.421,9.0,QER 160x80 (MMSP),,53.019704774913286,0.8860519281074783,0.9842309423483464,2.8824032185807016,8.443504118101906,19.801648968315625,4.204809486507187,162.41373155555556,False
test,0.5,2.421,9.0,QER 200x100 (MMSP),,54.092067495518656,0.9285386603240741,2.927204660578015,4.82537693681037,16.123343586791535,24.460416127082784,3.0779911147542793,257.92607355555555,False
test,0.5,2.421,9.0,"average-based, bounds 30/15 (MMSP)",,53.72342350719133,0.9153457127932101,1.932709514481801,3.830881790714156,11.748460043870711,21.747388414055074,3.1855833656159267,202.17150807407407,False
test,0.5,2.421,9.0,"average-based, fitted to our error data (MMSP rule)",,53.94462141506684,0.9235525123304198,1.6249341166931985,3.5231063929255537,9.783489563656623,21.131183631183625,3.2446511237341418,186.65618333333333,False
test,0.5,2.421,9.0,"threshold 10 s base layer, enlarged viewport (ASL360, adapted)",,53.48205715553614,0.9036593003744038,0.25816947883964425,2.1563417550719994,8.99620808663446,16.38932055598722,3.6880506392943397,172.97435055451956,True
test,0.5,2.421,9.0,best published rule within budgets,"threshold 10 s base layer, enlarged viewport (ASL360, adapted)",53.48205715553614,0.9036593003744038,0.25816947883964425,2.1563417550719994,8.99620808663446,16.38932055598722,3.6880506392943397,172.97435055451956,True
test,0.5,2.421,9.0,"literature, tuned to our budgets","threshold, margin 0.75x",53.18121996024247,0.8854065345138271,0.16559938870340996,2.063771664935765,8.119422945736288,15.693257359924024,3.815717444404648,157.8027843375637,True
test,0.5,2.421,9.0,RL estimate,tau q4 a 1.0 reserve 0.0 link now,53.170587905610724,0.888242048872162,0.18559778567774798,2.083770061910103,7.692971334333899,15.851895018561681,4.077427260053372,150.3727657845981,True
test,0.5,2.421,9.0,"uniform, same bits as RL estimate",all 64 tiles,52.40678022170081,1.0,0.17567544011456682,2.073847716346922,30.358678195042618,15.779590779590778,0.49453256222297587,150.00162764681,True
test,0.5,2.421,9.0,"RL estimate, perfect viewport",tau q0 a 1.0 reserve 0.0,55.21549342842771,0.968667328912234,0.21050041927354424,2.1086726955058994,7.910699175239542,16.02240352240352,1.1870892540029656,152.8318922937926,True
test,0.5,2.421,9.0,oracle (actual viewport + future link),,55.80637148660752,0.9969444247509532,0.4999999933326522,2.3981722695650074,8.076951849559554,16.92566692566692,0.45280098711301414,155.84543650694985,True
test,0.5,2.421,10.0,predicted viewport only,,51.743299145247576,0.8294317664439024,0.0,1.8981722762323552,6.65286409893497,14.16839333506,5.295441719150363,129.07338696296296,True
test,0.5,2.421,10.0,QER 120x60 (MMSP),,52.34239901588458,0.8534792723976017,0.6067111746988687,2.504883450931224,7.658837931880667,18.696581196581192,4.654549968427584,148.04166785185186,False
test,0.5,2.421,10.0,QER 160x80 (MMSP),,53.019704774913286,0.8860519281074783,0.9842309423483464,2.8824032185807016,8.443504118101906,19.801648968315625,4.204809486507187,162.41373155555556,False
test,0.5,2.421,10.0,QER 200x100 (MMSP),,54.092067495518656,0.9285386603240741,2.927204660578015,4.82537693681037,16.123343586791535,24.460416127082784,3.0779911147542793,257.92607355555555,False
test,0.5,2.421,10.0,"average-based, bounds 30/15 (MMSP)",,53.72342350719133,0.9153457127932101,1.932709514481801,3.830881790714156,11.748460043870711,21.747388414055074,3.1855833656159267,202.17150807407407,False
test,0.5,2.421,10.0,"average-based, fitted to our error data (MMSP rule)",,53.94462141506684,0.9235525123304198,1.6249341166931985,3.5231063929255537,9.783489563656623,21.131183631183625,3.2446511237341418,186.65618333333333,False
test,0.5,2.421,10.0,"threshold 10 s base layer, enlarged viewport (ASL360, adapted)",,53.48205715553614,0.9036593003744038,0.25816947883964425,2.1563417550719994,8.99620808663446,16.38932055598722,3.6880506392943397,172.97435055451956,True
test,0.5,2.421,10.0,best published rule within budgets,"threshold 10 s base layer, enlarged viewport (ASL360, adapted)",53.48205715553614,0.9036593003744038,0.25816947883964425,2.1563417550719994,8.99620808663446,16.38932055598722,3.6880506392943397,172.97435055451956,True
test,0.5,2.421,10.0,"literature, tuned to our budgets","threshold, margin 1.0x",53.48205715553614,0.9036593003744038,0.25816947883964425,2.1563417550719994,8.99620808663446,16.38932055598722,3.6880506392943397,172.97435055451956,True
test,0.5,2.421,10.0,RL estimate,tau q3 a 1.0 reserve 0.0 link now,53.81680976804436,0.9189808278302282,0.32164574755067465,2.21981802378303,9.056821983488462,16.901925235258567,3.124562261984202,177.146995654321,True
test,0.5,2.421,10.0,"uniform, same bits as RL estimate",all 64 tiles,52.76606861806342,1.0,0.31075170279893727,2.2089239790312925,30.358678195042618,16.835016835016834,0.45768822400255954,176.75261762652164,True
test,0.5,2.421,10.0,"RL estimate, perfect viewport",tau q0 a 1.0 reserve 0.0,55.21549342842771,0.968667328912234,0.21050041927354424,2.1086726955058994,7.910699175239542,16.02240352240352,1.1870892540029656,152.8318922937926,True
test,0.5,2.421,10.0,oracle (actual viewport + future link),,55.80637148660752,0.9969444247509532,0.4999999933326522,2.3981722695650074,8.076951849559554,16.92566692566692,0.45280098711301414,155.84543650694985,True
test,0.5,2.421,12.0,predicted viewport only,,51.743299145247576,0.8294317664439024,0.0,1.8981722762323552,6.65286409893497,14.16839333506,5.295441719150363,129.07338696296296,True
test,0.5,2.421,12.0,QER 120x60 (MMSP),,52.34239901588458,0.8534792723976017,0.6067111746988687,2.504883450931224,7.658837931880667,18.696581196581192,4.654549968427584,148.04166785185186,False
test,0.5,2.421,12.0,QER 160x80 (MMSP),,53.019704774913286,0.8860519281074783,0.9842309423483464,2.8824032185807016,8.443504118101906,19.801648968315625,4.204809486507187,162.41373155555556,False
test,0.5,2.421,12.0,QER 200x100 (MMSP),,54.092067495518656,0.9285386603240741,2.927204660578015,4.82537693681037,16.123343586791535,24.460416127082784,3.0779911147542793,257.92607355555555,False
test,0.5,2.421,12.0,"average-based, bounds 30/15 (MMSP)",,53.72342350719133,0.9153457127932101,1.932709514481801,3.830881790714156,11.748460043870711,21.747388414055074,3.1855833656159267,202.17150807407407,False
test,0.5,2.421,12.0,"average-based, fitted to our error data (MMSP rule)",,53.94462141506684,0.9235525123304198,1.6249341166931985,3.5231063929255537,9.783489563656623,21.131183631183625,3.2446511237341418,186.65618333333333,False
test,0.5,2.421,12.0,"threshold 10 s base layer, enlarged viewport (ASL360, adapted)",,53.48205715553614,0.9036593003744038,0.25816947883964425,2.1563417550719994,8.99620808663446,16.38932055598722,3.6880506392943397,172.97435055451956,True
test,0.5,2.421,12.0,best published rule within budgets,"threshold 10 s base layer, enlarged viewport (ASL360, adapted)",53.48205715553614,0.9036593003744038,0.25816947883964425,2.1563417550719994,8.99620808663446,16.38932055598722,3.6880506392943397,172.97435055451956,True
test,0.5,2.421,12.0,"literature, tuned to our budgets","threshold, margin 1.5x",54.1109533068664,0.9247786075395813,0.35892590211255526,2.2570981783449104,10.111315674229717,17.151212984546316,2.92882948520702,194.3748774368471,True
test,0.5,2.421,12.0,RL estimate,tau q2 a 1.0 reserve 0.25 link now,54.5214852716682,0.9453539068963102,0.42162577636151544,2.3197980525938706,11.346132300350552,17.396184062850725,2.1501148356198745,217.37760614529913,True
test,0.5,2.421,12.0,"uniform, same bits as RL estimate",all 64 tiles,53.125828102739696,1.0,0.40858550742954125,2.3067577836618964,30.358678195042618,17.28395061728395,0.47691432467068395,216.90666291530692,True
test,0.5,2.421,12.0,"RL estimate, perfect viewport",tau q0 a 1.0 reserve 0.0,55.21549342842771,0.968667328912234,0.21050041927354424,2.1086726955058994,7.910699175239542,16.02240352240352,1.1870892540029656,152.8318922937926,True
test,0.5,2.421,12.0,oracle (actual viewport + future link),,55.80637148660752,0.9969444247509532,0.4999999933326522,2.3981722695650074,8.076951849559554,16.92566692566692,0.45280098711301414,155.84543650694985,True
test,0.5,2.421,14.0,predicted viewport only,,51.743299145247576,0.8294317664439024,0.0,1.8981722762323552,6.65286409893497,14.16839333506,5.295441719150363,129.07338696296296,True
test,0.5,2.421,14.0,QER 120x60 (MMSP),,52.34239901588458,0.8534792723976017,0.6067111746988687,2.504883450931224,7.658837931880667,18.696581196581192,4.654549968427584,148.04166785185186,False
test,0.5,2.421,14.0,QER 160x80 (MMSP),,53.019704774913286,0.8860519281074783,0.9842309423483464,2.8824032185807016,8.443504118101906,19.801648968315625,4.204809486507187,162.41373155555556,False
test,0.5,2.421,14.0,QER 200x100 (MMSP),,54.092067495518656,0.9285386603240741,2.927204660578015,4.82537693681037,16.123343586791535,24.460416127082784,3.0779911147542793,257.92607355555555,False
test,0.5,2.421,14.0,"average-based, bounds 30/15 (MMSP)",,53.72342350719133,0.9153457127932101,1.932709514481801,3.830881790714156,11.748460043870711,21.747388414055074,3.1855833656159267,202.17150807407407,False
test,0.5,2.421,14.0,"average-based, fitted to our error data (MMSP rule)",,53.94462141506684,0.9235525123304198,1.6249341166931985,3.5231063929255537,9.783489563656623,21.131183631183625,3.2446511237341418,186.65618333333333,False
test,0.5,2.421,14.0,"threshold 10 s base layer, enlarged viewport (ASL360, adapted)",,53.48205715553614,0.9036593003744038,0.25816947883964425,2.1563417550719994,8.99620808663446,16.38932055598722,3.6880506392943397,172.97435055451956,True
test,0.5,2.421,14.0,best published rule within budgets,"threshold 10 s base layer, enlarged viewport (ASL360, adapted)",53.48205715553614,0.9036593003744038,0.25816947883964425,2.1563417550719994,8.99620808663446,16.38932055598722,3.6880506392943397,172.97435055451956,True
test,0.5,2.421,14.0,"literature, tuned to our budgets","threshold, margin 1.5x",54.1109533068664,0.9247786075395813,0.35892590211255526,2.2570981783449104,10.111315674229717,17.151212984546316,2.92882948520702,194.3748774368471,True
test,0.5,2.421,14.0,RL estimate,tau q1 a 0.7 reserve 0.25 link now,54.79893354140769,0.9528998548651593,0.37743814618533,2.275610422417685,13.320808506932753,16.926746093412756,1.7696787964402358,245.1042237713028,True
test,0.5,2.421,14.0,"uniform, same bits as RL estimate",all 64 tiles,53.4365756700284,1.0,0.3633950328369695,2.2615673090693247,30.358678195042618,16.805879305879305,0.4729935135259798,244.6084857618924,True
test,0.5,2.421,14.0,"RL estimate, perfect viewport",tau q0 a 1.0 reserve 0.0,55.21549342842771,0.968667328912234,0.21050041927354424,2.1086726955058994,7.910699175239542,16.02240352240352,1.1870892540029656,152.8318922937926,True
test,0.5,2.421,14.0,oracle (actual viewport + future link),,55.80637148660752,0.9969444247509532,0.4999999933326522,2.3981722695650074,8.076951849559554,16.92566692566692,0.45280098711301414,155.84543650694985,True
test,0.5,2.421,16.0,predicted viewport only,,51.743299145247576,0.8294317664439024,0.0,1.8981722762323552,6.65286409893497,14.16839333506,5.295441719150363,129.07338696296296,True
test,0.5,2.421,16.0,QER 120x60 (MMSP),,52.34239901588458,0.8534792723976017,0.6067111746988687,2.504883450931224,7.658837931880667,18.696581196581192,4.654549968427584,148.04166785185186,False
test,0.5,2.421,16.0,QER 160x80 (MMSP),,53.019704774913286,0.8860519281074783,0.9842309423483464,2.8824032185807016,8.443504118101906,19.801648968315625,4.204809486507187,162.41373155555556,False
test,0.5,2.421,16.0,QER 200x100 (MMSP),,54.092067495518656,0.9285386603240741,2.927204660578015,4.82537693681037,16.123343586791535,24.460416127082784,3.0779911147542793,257.92607355555555,False
test,0.5,2.421,16.0,"average-based, bounds 30/15 (MMSP)",,53.72342350719133,0.9153457127932101,1.932709514481801,3.830881790714156,11.748460043870711,21.747388414055074,3.1855833656159267,202.17150807407407,False
test,0.5,2.421,16.0,"average-based, fitted to our error data (MMSP rule)",,53.94462141506684,0.9235525123304198,1.6249341166931985,3.5231063929255537,9.783489563656623,21.131183631183625,3.2446511237341418,186.65618333333333,False
test,0.5,2.421,16.0,"threshold 10 s base layer, enlarged viewport (ASL360, adapted)",,53.48205715553614,0.9036593003744038,0.25816947883964425,2.1563417550719994,8.99620808663446,16.38932055598722,3.6880506392943397,172.97435055451956,True
test,0.5,2.421,16.0,best published rule within budgets,"threshold 10 s base layer, enlarged viewport (ASL360, adapted)",53.48205715553614,0.9036593003744038,0.25816947883964425,2.1563417550719994,8.99620808663446,16.38932055598722,3.6880506392943397,172.97435055451956,True
test,0.5,2.421,16.0,"literature, tuned to our budgets","threshold, margin 1.5x",54.1109533068664,0.9247786075395813,0.35892590211255526,2.2570981783449104,10.111315674229717,17.151212984546316,2.92882948520702,194.3748774368471,True
test,0.5,2.421,16.0,RL estimate,tau q0 a 0.7 reserve 0.25 link now,54.820953432868926,0.9539618472363142,0.4117598165854146,2.30993209281777,14.228900425074794,17.196538029871363,1.7378169038447302,257.48193615885344,True
test,0.5,2.421,16.0,"uniform, same bits as RL estimate",all 64 tiles,53.66725012762756,1.0,0.39678070025154644,2.2949529764839016,30.358678195042618,17.05408788742122,0.5821637766202072,256.97891081766386,True
test,0.5,2.421,16.0,"RL estimate, perfect viewport",tau q0 a 1.0 reserve 0.0,55.21549342842771,0.968667328912234,0.21050041927354424,2.1086726955058994,7.910699175239542,16.02240352240352,1.1870892540029656,152.8318922937926,True
test,0.5,2.421,16.0,oracle (actual viewport + future link),,55.80637148660752,0.9969444247509532,0.4999999933326522,2.3981722695650074,8.076951849559554,16.92566692566692,0.45280098711301414,155.84543650694985,True
test,1.0,2.921,7.5,predicted viewport only,,51.743299145247576,0.8294317664439024,0.0,1.8981722762323552,6.65286409893497,14.16839333506,5.295441719150363,129.07338696296296,True
test,1.0,2.921,7.5,QER 120x60 (MMSP),,52.34239901588458,0.8534792723976017,0.6067111746988687,2.504883450931224,7.658837931880667,18.696581196581192,4.654549968427584,148.04166785185186,False
test,1.0,2.921,7.5,QER 160x80 (MMSP),,53.019704774913286,0.8860519281074783,0.9842309423483464,2.8824032185807016,8.443504118101906,19.801648968315625,4.204809486507187,162.41373155555556,False
test,1.0,2.921,7.5,QER 200x100 (MMSP),,54.092067495518656,0.9285386603240741,2.927204660578015,4.82537693681037,16.123343586791535,24.460416127082784,3.0779911147542793,257.92607355555555,False
test,1.0,2.921,7.5,"average-based, bounds 30/15 (MMSP)",,53.72342350719133,0.9153457127932101,1.932709514481801,3.830881790714156,11.748460043870711,21.747388414055074,3.1855833656159267,202.17150807407407,False
test,1.0,2.921,7.5,"average-based, fitted to our error data (MMSP rule)",,53.94462141506684,0.9235525123304198,1.6249341166931985,3.5231063929255537,9.783489563656623,21.131183631183625,3.2446511237341418,186.65618333333333,False
test,1.0,2.921,7.5,"threshold 10 s base layer, enlarged viewport (ASL360, adapted)",,53.48205715553614,0.9036593003744038,0.25816947883964425,2.1563417550719994,8.99620808663446,16.38932055598722,3.6880506392943397,172.97435055451956,False
test,1.0,2.921,7.5,best published rule within budgets,predicted viewport only,51.743299145247576,0.8294317664439024,0.0,1.8981722762323552,6.65286409893497,14.16839333506,5.295441719150363,129.07338696296296,True
test,1.0,2.921,7.5,"literature, tuned to our budgets",average-based 0.2x,52.194299427484886,0.8507794261880255,0.32836672069285355,2.2265389969252087,7.175258392078724,16.6364499697833,5.095227781905954,138.64575125925924,True
test,1.0,2.921,7.5,RL estimate,tau q5 a 1.0 reserve 0.0 link now,52.70559917916248,0.8681166774151686,0.11840557619666803,2.016577852429023,7.208237937305871,15.284252784252784,4.435272524411982,140.93437499568336,True
test,1.0,2.921,7.5,"uniform, same bits as RL estimate",all 64 tiles,52.1466934290765,1.0,0.10933365075831003,2.007505926990665,30.358678195042618,15.210869377536046,0.6289085361226492,140.6030306624363,True
test,1.0,2.921,7.5,"RL estimate, perfect viewport",tau q2 a 1.0 reserve 0.25,54.138186588974364,0.9468605097455441,0.08215095107871684,1.980323227311072,7.263226103919036,14.889277389277389,2.5809944844786394,141.05304204912375,True
test,1.0,2.921,7.5,oracle (actual viewport + future link),,54.659667295783144,0.958845711201552,0.0,1.8981722762323552,7.49999872893334,14.16839333506,1.885998253331957,144.91941865794698,True
test,1.0,2.921,8.0,predicted viewport only,,51.743299145247576,0.8294317664439024,0.0,1.8981722762323552,6.65286409893497,14.16839333506,5.295441719150363,129.07338696296296,True
test,1.0,2.921,8.0,QER 120x60 (MMSP),,52.34239901588458,0.8534792723976017,0.6067111746988687,2.504883450931224,7.658837931880667,18.696581196581192,4.654549968427584,148.04166785185186,True
test,1.0,2.921,8.0,QER 160x80 (MMSP),,53.019704774913286,0.8860519281074783,0.9842309423483464,2.8824032185807016,8.443504118101906,19.801648968315625,4.204809486507187,162.41373155555556,False
test,1.0,2.921,8.0,QER 200x100 (MMSP),,54.092067495518656,0.9285386603240741,2.927204660578015,4.82537693681037,16.123343586791535,24.460416127082784,3.0779911147542793,257.92607355555555,False
test,1.0,2.921,8.0,"average-based, bounds 30/15 (MMSP)",,53.72342350719133,0.9153457127932101,1.932709514481801,3.830881790714156,11.748460043870711,21.747388414055074,3.1855833656159267,202.17150807407407,False
test,1.0,2.921,8.0,"average-based, fitted to our error data (MMSP rule)",,53.94462141506684,0.9235525123304198,1.6249341166931985,3.5231063929255537,9.783489563656623,21.131183631183625,3.2446511237341418,186.65618333333333,False
test,1.0,2.921,8.0,"threshold 10 s base layer, enlarged viewport (ASL360, adapted)",,53.48205715553614,0.9036593003744038,0.25816947883964425,2.1563417550719994,8.99620808663446,16.38932055598722,3.6880506392943397,172.97435055451956,False
test,1.0,2.921,8.0,best published rule within budgets,QER 120x60 (MMSP),52.34239901588458,0.8534792723976017,0.6067111746988687,2.504883450931224,7.658837931880667,18.696581196581192,4.654549968427584,148.04166785185186,True
test,1.0,2.921,8.0,"literature, tuned to our budgets",average-based 0.35x,52.56148062329813,0.8641674363505217,0.5523973375220146,2.4505696137543698,7.621775829802817,17.921738755072084,4.590443939777449,147.5191939259259,True
test,1.0,2.921,8.0,RL estimate,tau q4 a 1.0 reserve 0.0 link now,53.170587905610724,0.888242048872162,0.18559778567774798,2.083770061910103,7.692971334333899,15.851895018561681,4.077427260053372,150.3727657845981,True
test,1.0,2.921,8.0,"uniform, same bits as RL estimate",all 64 tiles,52.40678022170081,1.0,0.17567544011456682,2.073847716346922,30.358678195042618,15.779590779590778,0.49453256222297587,150.00162764681,True
test,1.0,2.921,8.0,"RL estimate, perfect viewport",tau q1 a 1.0 reserve 0.0,54.87488624150392,0.9645484822286394,0.15932042004607205,2.0574926962784272,7.595606917670753,15.574548907882239,1.6446138571583804,146.68446509349909,True
test,1.0,2.921,8.0,oracle (actual viewport + future link),,55.602958378589214,0.9909922074959765,0.3380787299954704,2.2362510062278256,7.999998923936232,16.214495381162045,0.7602726276906334,154.4697378522835,True
test,1.0,2.921,9.0,predicted viewport only,,51.743299145247576,0.8294317664439024,0.0,1.8981722762323552,6.65286409893497,14.16839333506,5.295441719150363,129.07338696296296,True
test,1.0,2.921,9.0,QER 120x60 (MMSP),,52.34239901588458,0.8534792723976017,0.6067111746988687,2.504883450931224,7.658837931880667,18.696581196581192,4.654549968427584,148.04166785185186,True
test,1.0,2.921,9.0,QER 160x80 (MMSP),,53.019704774913286,0.8860519281074783,0.9842309423483464,2.8824032185807016,8.443504118101906,19.801648968315625,4.204809486507187,162.41373155555556,True
test,1.0,2.921,9.0,QER 200x100 (MMSP),,54.092067495518656,0.9285386603240741,2.927204660578015,4.82537693681037,16.123343586791535,24.460416127082784,3.0779911147542793,257.92607355555555,False
test,1.0,2.921,9.0,"average-based, bounds 30/15 (MMSP)",,53.72342350719133,0.9153457127932101,1.932709514481801,3.830881790714156,11.748460043870711,21.747388414055074,3.1855833656159267,202.17150807407407,False
test,1.0,2.921,9.0,"average-based, fitted to our error data (MMSP rule)",,53.94462141506684,0.9235525123304198,1.6249341166931985,3.5231063929255537,9.783489563656623,21.131183631183625,3.2446511237341418,186.65618333333333,False
test,1.0,2.921,9.0,"threshold 10 s base layer, enlarged viewport (ASL360, adapted)",,53.48205715553614,0.9036593003744038,0.25816947883964425,2.1563417550719994,8.99620808663446,16.38932055598722,3.6880506392943397,172.97435055451956,True
test,1.0,2.921,9.0,best published rule within budgets,"threshold 10 s base layer, enlarged viewport (ASL360, adapted)",53.48205715553614,0.9036593003744038,0.25816947883964425,2.1563417550719994,8.99620808663446,16.38932055598722,3.6880506392943397,172.97435055451956,True
test,1.0,2.921,9.0,"literature, tuned to our budgets","threshold, margin 0.75x",53.18121996024247,0.8854065345138271,0.16559938870340996,2.063771664935765,8.119422945736288,15.693257359924024,3.815717444404648,157.8027843375637,True
test,1.0,2.921,9.0,RL estimate,tau q4 a 1.0 reserve 0.0 link now,53.170587905610724,0.888242048872162,0.18559778567774798,2.083770061910103,7.692971334333899,15.851895018561681,4.077427260053372,150.3727657845981,True
test,1.0,2.921,9.0,"uniform, same bits as RL estimate",all 64 tiles,52.40678022170081,1.0,0.17567544011456682,2.073847716346922,30.358678195042618,15.779590779590778,0.49453256222297587,150.00162764681,True
test,1.0,2.921,9.0,"RL estimate, perfect viewport",tau q0 a 1.0 reserve 0.0,55.21549342842771,0.968667328912234,0.21050041927354424,2.1086726955058994,7.910699175239542,16.02240352240352,1.1870892540029656,152.8318922937926,True
test,1.0,2.921,9.0,oracle (actual viewport + future link),,56.000263476701264,1.0000000000000002,0.8097946509732805,2.7079669272056357,8.212022237392807,18.6026936026936,0.18509654684959737,158.30540725925923,True
test,1.0,2.921,10.0,predicted viewport only,,51.743299145247576,0.8294317664439024,0.0,1.8981722762323552,6.65286409893497,14.16839333506,5.295441719150363,129.07338696296296,True
test,1.0,2.921,10.0,QER 120x60 (MMSP),,52.34239901588458,0.8534792723976017,0.6067111746988687,2.504883450931224,7.658837931880667,18.696581196581192,4.654549968427584,148.04166785185186,True
test,1.0,2.921,10.0,QER 160x80 (MMSP),,53.019704774913286,0.8860519281074783,0.9842309423483464,2.8824032185807016,8.443504118101906,19.801648968315625,4.204809486507187,162.41373155555556,True
test,1.0,2.921,10.0,QER 200x100 (MMSP),,54.092067495518656,0.9285386603240741,2.927204660578015,4.82537693681037,16.123343586791535,24.460416127082784,3.0779911147542793,257.92607355555555,False
test,1.0,2.921,10.0,"average-based, bounds 30/15 (MMSP)",,53.72342350719133,0.9153457127932101,1.932709514481801,3.830881790714156,11.748460043870711,21.747388414055074,3.1855833656159267,202.17150807407407,False
test,1.0,2.921,10.0,"average-based, fitted to our error data (MMSP rule)",,53.94462141506684,0.9235525123304198,1.6249341166931985,3.5231063929255537,9.783489563656623,21.131183631183625,3.2446511237341418,186.65618333333333,False
test,1.0,2.921,10.0,"threshold 10 s base layer, enlarged viewport (ASL360, adapted)",,53.48205715553614,0.9036593003744038,0.25816947883964425,2.1563417550719994,8.99620808663446,16.38932055598722,3.6880506392943397,172.97435055451956,True
test,1.0,2.921,10.0,best published rule within budgets,"threshold 10 s base layer, enlarged viewport (ASL360, adapted)",53.48205715553614,0.9036593003744038,0.25816947883964425,2.1563417550719994,8.99620808663446,16.38932055598722,3.6880506392943397,172.97435055451956,True
test,1.0,2.921,10.0,"literature, tuned to our budgets","threshold, margin 1.0x",53.48205715553614,0.9036593003744038,0.25816947883964425,2.1563417550719994,8.99620808663446,16.38932055598722,3.6880506392943397,172.97435055451956,True
test,1.0,2.921,10.0,RL estimate,tau q3 a 1.0 reserve 0.0 link now,53.81680976804436,0.9189808278302282,0.32164574755067465,2.21981802378303,9.056821983488462,16.901925235258567,3.124562261984202,177.146995654321,True
test,1.0,2.921,10.0,"uniform, same bits as RL estimate",all 64 tiles,52.76606861806342,1.0,0.31075170279893727,2.2089239790312925,30.358678195042618,16.835016835016834,0.45768822400255954,176.75261762652164,True
test,1.0,2.921,10.0,"RL estimate, perfect viewport",tau q0 a 1.0 reserve 0.0,55.21549342842771,0.968667328912234,0.21050041927354424,2.1086726955058994,7.910699175239542,16.02240352240352,1.1870892540029656,152.8318922937926,True
test,1.0,2.921,10.0,oracle (actual viewport + future link),,56.000263476701264,1.0000000000000002,0.8097946509732805,2.7079669272056357,8.212022237392807,18.6026936026936,0.18509654684959737,158.30540725925923,True
test,1.0,2.921,12.0,predicted viewport only,,51.743299145247576,0.8294317664439024,0.0,1.8981722762323552,6.65286409893497,14.16839333506,5.295441719150363,129.07338696296296,True
test,1.0,2.921,12.0,QER 120x60 (MMSP),,52.34239901588458,0.8534792723976017,0.6067111746988687,2.504883450931224,7.658837931880667,18.696581196581192,4.654549968427584,148.04166785185186,True
test,1.0,2.921,12.0,QER 160x80 (MMSP),,53.019704774913286,0.8860519281074783,0.9842309423483464,2.8824032185807016,8.443504118101906,19.801648968315625,4.204809486507187,162.41373155555556,True
test,1.0,2.921,12.0,QER 200x100 (MMSP),,54.092067495518656,0.9285386603240741,2.927204660578015,4.82537693681037,16.123343586791535,24.460416127082784,3.0779911147542793,257.92607355555555,False
test,1.0,2.921,12.0,"average-based, bounds 30/15 (MMSP)",,53.72342350719133,0.9153457127932101,1.932709514481801,3.830881790714156,11.748460043870711,21.747388414055074,3.1855833656159267,202.17150807407407,False
test,1.0,2.921,12.0,"average-based, fitted to our error data (MMSP rule)",,53.94462141506684,0.9235525123304198,1.6249341166931985,3.5231063929255537,9.783489563656623,21.131183631183625,3.2446511237341418,186.65618333333333,False
test,1.0,2.921,12.0,"threshold 10 s base layer, enlarged viewport (ASL360, adapted)",,53.48205715553614,0.9036593003744038,0.25816947883964425,2.1563417550719994,8.99620808663446,16.38932055598722,3.6880506392943397,172.97435055451956,True
test,1.0,2.921,12.0,best published rule within budgets,"threshold 10 s base layer, enlarged viewport (ASL360, adapted)",53.48205715553614,0.9036593003744038,0.25816947883964425,2.1563417550719994,8.99620808663446,16.38932055598722,3.6880506392943397,172.97435055451956,True
test,1.0,2.921,12.0,"literature, tuned to our budgets","threshold, margin 2.0x",54.339042741995584,0.9348488693034669,0.44429336797485175,2.342465644207207,11.105128894412982,17.749071915738583,2.5513012695399135,212.52120366847964,True
test,1.0,2.921,12.0,RL estimate,tau q2 a 1.0 reserve 0.0 link now,54.54779666400499,0.9465870645546597,0.5144176559004283,2.4125899321327835,11.377072710051042,18.149443149443147,2.1288377274382504,217.9369798619529,True
test,1.0,2.921,12.0,"uniform, same bits as RL estimate",all 64 tiles,53.14043105899349,1.0,0.5007263287974706,2.3988986050298258,30.358678195042618,18.05771389104722,0.46890301523479505,217.46472754614524,True
test,1.0,2.921,12.0,"RL estimate, perfect viewport",tau q0 a 1.0 reserve 0.0,55.21549342842771,0.968667328912234,0.21050041927354424,2.1086726955058994,7.910699175239542,16.02240352240352,1.1870892540029656,152.8318922937926,True
test,1.0,2.921,12.0,oracle (actual viewport + future link),,56.000263476701264,1.0000000000000002,0.8097946509732805,2.7079669272056357,8.212022237392807,18.6026936026936,0.18509654684959737,158.30540725925923,True
test,1.0,2.921,14.0,predicted viewport only,,51.743299145247576,0.8294317664439024,0.0,1.8981722762323552,6.65286409893497,14.16839333506,5.295441719150363,129.07338696296296,True
test,1.0,2.921,14.0,QER 120x60 (MMSP),,52.34239901588458,0.8534792723976017,0.6067111746988687,2.504883450931224,7.658837931880667,18.696581196581192,4.654549968427584,148.04166785185186,True
test,1.0,2.921,14.0,QER 160x80 (MMSP),,53.019704774913286,0.8860519281074783,0.9842309423483464,2.8824032185807016,8.443504118101906,19.801648968315625,4.204809486507187,162.41373155555556,True
test,1.0,2.921,14.0,QER 200x100 (MMSP),,54.092067495518656,0.9285386603240741,2.927204660578015,4.82537693681037,16.123343586791535,24.460416127082784,3.0779911147542793,257.92607355555555,False
test,1.0,2.921,14.0,"average-based, bounds 30/15 (MMSP)",,53.72342350719133,0.9153457127932101,1.932709514481801,3.830881790714156,11.748460043870711,21.747388414055074,3.1855833656159267,202.17150807407407,False
test,1.0,2.921,14.0,"average-based, fitted to our error data (MMSP rule)",,53.94462141506684,0.9235525123304198,1.6249341166931985,3.5231063929255537,9.783489563656623,21.131183631183625,3.2446511237341418,186.65618333333333,False
test,1.0,2.921,14.0,"threshold 10 s base layer, enlarged viewport (ASL360, adapted)",,53.48205715553614,0.9036593003744038,0.25816947883964425,2.1563417550719994,8.99620808663446,16.38932055598722,3.6880506392943397,172.97435055451956,True
test,1.0,2.921,14.0,best published rule within budgets,"threshold 10 s base layer, enlarged viewport (ASL360, adapted)",53.48205715553614,0.9036593003744038,0.25816947883964425,2.1563417550719994,8.99620808663446,16.38932055598722,3.6880506392943397,172.97435055451956,True
test,1.0,2.921,14.0,"literature, tuned to our budgets","threshold, margin 2.0x",54.339042741995584,0.9348488693034669,0.44429336797485175,2.342465644207207,11.105128894412982,17.749071915738583,2.5513012695399135,212.52120366847964,True
test,1.0,2.921,14.0,RL estimate,tau q1 a 1.0 reserve 0.0 link now,54.86036126929463,0.9555683841574406,0.6342956943835165,2.5324679706158717,13.444864437686384,19.011698178364846,1.7111798028762728,247.15062271967545,True
test,1.0,2.921,14.0,"uniform, same bits as RL estimate",all 64 tiles,53.472105771345376,1.0,0.6171804780427654,2.5153527542751206,30.358678195042618,18.889752223085555,0.46451768209512734,246.65060464758693,True
test,1.0,2.921,14.0,"RL estimate, perfect viewport",tau q0 a 1.0 reserve 0.0,55.21549342842771,0.968667328912234,0.21050041927354424,2.1086726955058994,7.910699175239542,16.02240352240352,1.1870892540029656,152.8318922937926,True
test,1.0,2.921,14.0,oracle (actual viewport + future link),,56.000263476701264,1.0000000000000002,0.8097946509732805,2.7079669272056357,8.212022237392807,18.6026936026936,0.18509654684959737,158.30540725925923,True
test,1.0,2.921,16.0,predicted viewport only,,51.743299145247576,0.8294317664439024,0.0,1.8981722762323552,6.65286409893497,14.16839333506,5.295441719150363,129.07338696296296,True
test,1.0,2.921,16.0,QER 120x60 (MMSP),,52.34239901588458,0.8534792723976017,0.6067111746988687,2.504883450931224,7.658837931880667,18.696581196581192,4.654549968427584,148.04166785185186,True
test,1.0,2.921,16.0,QER 160x80 (MMSP),,53.019704774913286,0.8860519281074783,0.9842309423483464,2.8824032185807016,8.443504118101906,19.801648968315625,4.204809486507187,162.41373155555556,True
test,1.0,2.921,16.0,QER 200x100 (MMSP),,54.092067495518656,0.9285386603240741,2.927204660578015,4.82537693681037,16.123343586791535,24.460416127082784,3.0779911147542793,257.92607355555555,False
test,1.0,2.921,16.0,"average-based, bounds 30/15 (MMSP)",,53.72342350719133,0.9153457127932101,1.932709514481801,3.830881790714156,11.748460043870711,21.747388414055074,3.1855833656159267,202.17150807407407,False
test,1.0,2.921,16.0,"average-based, fitted to our error data (MMSP rule)",,53.94462141506684,0.9235525123304198,1.6249341166931985,3.5231063929255537,9.783489563656623,21.131183631183625,3.2446511237341418,186.65618333333333,False
test,1.0,2.921,16.0,"threshold 10 s base layer, enlarged viewport (ASL360, adapted)",,53.48205715553614,0.9036593003744038,0.25816947883964425,2.1563417550719994,8.99620808663446,16.38932055598722,3.6880506392943397,172.97435055451956,True
test,1.0,2.921,16.0,best published rule within budgets,"threshold 10 s base layer, enlarged viewport (ASL360, adapted)",53.48205715553614,0.9036593003744038,0.25816947883964425,2.1563417550719994,8.99620808663446,16.38932055598722,3.6880506392943397,172.97435055451956,True
test,1.0,2.921,16.0,"literature, tuned to our budgets","threshold, margin 3.0x",54.9322302554845,0.9568941231955326,0.6744331972560416,2.5726054734883967,13.8285143964127,19.528619528619526,1.5671556745919921,256.7992441919192,True
test,1.0,2.921,16.0,RL estimate,tau q0 a 1.0 reserve 0.0 link now,54.881168153613686,0.9565605953897072,0.6959753839386054,2.5941476601709605,14.37179330118309,19.42717776051109,1.6826072457735186,259.78437942053006,True
test,1.0,2.921,16.0,"uniform, same bits as RL estimate",all 64 tiles,53.70797241863148,1.0,0.6777230929173432,2.5758953691496984,30.358678195042618,19.31494431494431,0.5754935349973753,259.2776483183976,True
test,1.0,2.921,16.0,"RL estimate, perfect viewport",tau q0 a 1.0 reserve 0.0,55.21549342842771,0.968667328912234,0.21050041927354424,2.1086726955058994,7.910699175239542,16.02240352240352,1.1870892540029656,152.8318922937926,True
test,1.0,2.921,16.0,oracle (actual viewport + future link),,56.000263476701264,1.0000000000000002,0.8097946509732805,2.7079669272056357,8.212022237392807,18.6026936026936,0.18509654684959737,158.30540725925923,True
