lagrangian/avg_J_D,eval/feasible,lagrangian/avg_J_P,rollout/ep_rew_mean,tiles/enhancement_freq_max,eval/J_Q,lagrangian/mu_P,time/time_elapsed,lagrangian/mu_D,eval/mean_coverage,eval/mean_psnr_db,time/total_timesteps,eval/mean_stall_sec,eval/mean_power_mw,tiles/enhancement_freq_std,eval/mean_n_tiles,physical/mean_n_enhanced_tiles,eval/J_D,lagrangian/avg_J_B,time/iterations,eval/J_B,physical/mean_coverage,eval/violation,time/fps,rollout/ep_len_mean,physical/mean_stall_seconds,eval/J_P,lagrangian/mu_B,lagrangian/n_episodes,physical/mean_power_mW,train/explained_variance,train/n_updates,train/pds_value_loss,train/policy_gradient_loss,train/clip_fraction,train/entropy_loss,train/loss,train/learning_rate,train/value_loss,train/clip_range,train/approx_kl
16.835226819252274,0.0,7.572584222061994,-17.485188458333333,0.8391203703703703,27.66772723860667,1.002681460555155,12,1.0418380670481306,0.9114484763064148,53.15757227177087,1728,0.4864843328307806,34.72222222222222,0.11795318440941768,39.4537037037037,38.964699074074076,14.697784194099833,18.48514107796508,1,18.714202729488058,0.9265257694033097,29.396336173096156,134,36.0,0.5541977422415153,10.584349249508264,1.0262128526949128,48,24.920428240740723,,,,,,,,,,,
16.939783687786942,0.0,7.545143589486252,-18.203259895833337,0.8506944444444444,28.09959073420899,1.0052943195288706,24,1.083937526267598,0.9247575488649362,53.333822481324425,3456,0.46387423042662235,25.462962962962962,0.1206531189120362,38.87962962962963,38.8431712962963,14.102219954533277,18.429193357112897,2,18.452351041631008,0.9277278638412894,25.728787171573778,139,36.0,0.5575763244300828,7.774216175409492,1.052285836087695,48,24.891493055555515,-0.0006874799728393555,10,0.051549906649247364,-0.03967149816625924,0.23859953703703704,-45.95183467158565,31.928831100463867,0.0003,113.20324048642759,0.2,0.022091648
16.809633825500885,0.0,7.574954935599966,-19.57797783,0.8350694444444444,27.957943213246722,1.0079817068678705,36,1.1257116108313503,0.9201228020449034,53.21429281620566,5184,0.47881864080413655,25.694444444444446,0.11874207763596173,38.166666666666664,38.958333333333336,14.561684599802375,18.48385457136773,3,18.113953805668086,0.923648727183103,25.88187655106508,141,36.0,0.5536656854459678,7.80623814559462,1.0784954725161142,48,24.927662037037006,-0.03633308410644531,20,5.424935421016481,-0.019172163975114623,0.05260416666666667,-45.94046595538104,1232.3720703125,0.0003,2604.2405702944156,0.2,0.010459118
16.85422122736258,0.0,7.564639453318681,-20.9859442,0.828125,27.94626889227506,1.0106433055011672,48,1.1675971638997567,0.9193309934034287,53.16835386721805,6912,0.4572808226262681,28.356481481481485,0.11449705701184092,37.96296296296296,38.84722222222222,13.924956491971054,18.432080879663875,4,18.010263583183676,0.924015385633379,25.9533835539643,142,36.0,0.5538517814877727,8.618163478809569,1.104575674715274,48,24.95659722222222,-0.014635086059570312,30,8.89554773789865,-0.028075633544681802,0.09027777777777778,-45.92702169065122,2241.626220703125,0.0003,5307.921248372396,0.2,0.011668503
16.680516014309664,0.0,7.807393422765561,-22.560852089999997,0.8368055555555556,27.821065880687495,1.013911789058081,60,1.2090484539355308,0.9162577904687205,53.172151630669596,8640,0.43496246094144086,27.199074074074076,0.11375887007110888,38.416666666666664,38.88425925925926,13.19317042323086,18.448838088310346,5,18.214661672916638,0.9221113231563183,25.077329262580474,143,36.0,0.5496726372005785,8.269497166432975,1.1306977699360499,48,25.701678240740733,-0.008141517639160156,40,2.597017546274044,-0.02980177564960387,0.12743055555555555,-45.9094644052011,1221.3878173828125,0.0003,2419.860920319734,0.2,0.017496124
16.95703082096452,0.0,7.396949996852065,-23.825379830000003,0.8564814814814815,27.995062930407983,1.0161541640502112,72,1.2511910309879422,0.9218486109494273,53.482451213368755,10368,0.5357047177705346,22.337962962962962,0.12172365868799734,38.59259259259259,38.745949074074076,16.330257495021762,18.38624761191738,6,18.30047135558716,0.9284755620603825,26.76762701520261,143,36.0,0.5581413720973151,6.736898164593691,1.1566633889658433,48,24.370659722222243,-0.007999062538146973,50,6.037471972571479,-0.03590874067611165,0.18003472222222222,-45.88626603020562,2045.8857421875,0.0003,3749.590936053241,0.2,0.019569166
16.767314278513762,0.0,7.527266175473547,-24.96979254,0.8686342592592593,27.698414707459268,1.018722329488895,84,1.2928593166842266,0.9120722405736214,53.04795678679165,12096,0.4351719592097352,30.555555555555557,0.12244548847503146,38.35185185185185,38.89988425925926,13.21311141369677,18.460381558324777,7,18.19416209760234,0.9322039670008267,26.09298656665173,143,36.0,0.5527306425209778,9.285713055352618,1.1828143428616553,48,24.7612847222222,-0.014363884925842285,60,3.2664700742121098,-0.027652485282332807,0.16087962962962962,-45.87201533847385,691.6268310546875,0.0003,1705.934319390191,0.2,0.020011064
16.639362350761534,0.0,7.5840398786037255,-26.42972196,0.8559027777777778,27.84765143115288,1.0214324291854042,95,1.3342077225611304,0.9165541108877973,53.24665782169984,13824,0.4361298968808347,28.35648148148148,0.11674270954935426,37.666666666666664,38.789351851851855,13.248364111908685,18.410899637812367,8,17.874973744222345,0.9223914636891208,25.110758354049167,144,36.0,0.5472861333414715,8.587420497918139,1.2088415919561863,48,25.028935185185194,-0.006550908088684082,70,6.695213944823654,-0.03748097875396963,0.2263888888888889,-45.84978171454536,1598.621826171875,0.0003,3438.836382378472,0.2,0.023724353
16.79762087111816,0.0,7.440693584625904,-27.846412270000002,0.8165509259259259,27.808253300452225,1.023784163146969,107,1.3759517747389258,0.9157185744982614,53.33653536714372,15552,0.44867493955226506,32.52314814814815,0.11243767537461521,38.69444444444445,38.83449074074074,13.623433473252689,18.424822957986716,9,18.34677217442149,0.9261860915454034,27.232378667889652,144,36.0,0.5526633609214405,9.862173020215474,1.2349036493511532,48,24.558738425925956,-0.04074525833129883,80,4.994435885217455,-0.03831173794826975,0.2529513888888889,-45.829302370989765,646.4917602539062,0.0003,1385.5242924442998,0.2,0.033228308
16.53260580038116,0.0,7.735066434562294,-29.281704859999994,0.8570601851851852,28.03249663811394,1.0268718292333747,119,1.4170332892398787,0.9229934581975101,53.41224315729636,17280,0.48241801112231103,29.513888888888886,0.11700692307536914,38.43518518518519,38.85590277777778,14.712407068615335,18.439543859287728,10,18.243693730316195,0.9201436915270332,27.227949714653313,144,36.0,0.5435580047150622,8.871848915721783,1.2610025089993724,48,25.484664351851887,-0.0043849945068359375,90,2.3215148281168054,-0.039165390010371254,0.2644097222222222,-45.81543129814996,1097.5101318359375,0.0003,2338.8206452546297,0.2,0.024522366
16.54377979121522,0.0,7.600271932211734,-30.52774445,0.8541666666666666,28.163776920544098,1.029622509063904,131,1.4581427387179167,0.9271142981685747,53.514759406398184,19008,0.4278326808954908,34.25925925925926,0.11942881815450716,36.879629629629626,38.691550925925924,12.982172772829793,18.360962190560077,11,17.49638256822467,0.9269859878185976,26.27812883390018,144,36.0,0.5447095433784567,10.399573492845716,1.2869049144757725,48,25.04340277777773,-0.020819783210754395,100,2.7850250513465316,-0.03499396125510059,0.29739583333333336,-45.79271987632469,316.6646728515625,0.0003,673.027451465748,0.2,0.035972442
16.779560971365658,0.0,7.35308103111329,-31.670732379999993,0.8287037037037037,27.931981299620755,1.0317552116416873,143,1.499841641146331,0.9196435363135991,53.293549921918306,20736,0.4343655531704553,32.754629629629626,0.11439749943049995,38.13888888888889,38.49363425925926,13.177145527234737,18.25932238651285,12,18.089233250503497,0.9301718101485009,26.603572705602666,144,36.0,0.5527243019040745,9.93719392786443,1.3125532204420547,48,24.218749999999996,-0.010617852210998535,110,2.425606644815869,-0.03867573041330885,0.2503472222222222,-45.78484480116102,737.3707275390625,0.0003,1922.2758192274305,0.2,0.023980347
16.41127196401001,0.0,7.590316248517208,-33.112616810000006,0.8478009259259259,27.802009225170213,1.0344810022629802,155,1.540619821056356,0.915561078671237,53.18352825023407,22464,0.4194315507933068,31.365740740740744,0.11454051024230864,37.18518518518518,38.732638888888886,12.688497131949037,18.371642202680146,13,17.61288931369314,0.9179682213265045,25.247879324358458,144,36.0,0.5399061735859755,9.546492878716279,1.338482325948755,48,25.057870370370388,-0.04878199100494385,120,5.178395667782536,-0.03965779732464364,0.28900462962962964,-45.767094958270036,252.96432495117188,0.0003,561.6491911711516,0.2,0.03508715
16.324598019378648,0.0,7.609799089322787,-34.40678168,0.8379629629629629,27.970394730694526,1.0372554999862873,167,1.5811813161048025,0.920883401333029,53.36290081594213,24192,0.44202094832792177,30.09259259259259,0.11409943875641776,38.69444444444445,38.59085648148148,13.40353677217787,18.312343621771873,14,18.337784620705403,0.9231123864328263,26.235967196480207,144,36.0,0.5382933298673143,9.094645803596933,1.3642631850031848,48,25.021701388888893,-0.003966927528381348,130,7.399677340189616,-0.0353231628563393,0.20549768518518519,-45.75176326610424,1158.0997314453125,0.0003,2479.1163415979454,0.2,0.02439294
16.627256678932294,0.0,7.553271442943658,-36.06984138000001,0.8489583333333334,27.773831605543137,1.0398886785936465,179,1.6224994578021332,0.9144979818387163,53.10597736545119,25920,0.4455312873478876,31.944444444444446,0.11751477381635032,39.06481481481481,39.0005787037037,13.49864948464897,18.509374943336848,15,18.530178028360808,0.9200771468367525,27.13049644910628,144,36.0,0.5467484656505155,9.7016689360965,1.390536622361527,48,24.89149305555556,-0.016909003257751465,140,2.57963651948505,-0.035085361268095396,0.27662037037037035,-45.75900432445385,250.2056884765625,0.0003,532.8159150300203,0.2,0.032353804
16.168368217779225,0.0,7.7778251041322415,-37.262708860000004,0.8553240740740741,27.854689377971088,1.0430832413539772,191,1.6626703783465813,0.9173233703309721,53.175314288045946,27648,0.4277263479488754,27.083333333333332,0.12159741776245006,37.231481481481474,38.75636574074074,12.977880229371307,18.38753331787487,16,17.652760381864443,0.9307533795089351,24.27414886390452,144,36.0,0.5321921943762676,8.24350825266877,1.4165054556562142,48,25.62210648148149,-0.0033310651779174805,150,6.34467470380995,-0.0386539815062726,0.2136574074074074,-45.750007502237956,998.59814453125,0.0003,1961.8501220703124,0.2,0.023150098
16.434947800649795,0.0,7.5762419006490305,-38.39512856,0.8802083333333334,27.828336250950656,1.0457738461055999,203,1.7035077478482057,0.9160772091718802,53.073850575222416,29376,0.42536946199264786,26.736111111111114,0.12592548637012152,35.99074074074074,38.8431712962963,12.886647051318917,18.431647699008227,17,17.05898000800587,0.9262279241929117,23.492930613605605,144,36.0,0.5409247510136944,8.147303554280816,1.4425845749037347,48,24.97829861111114,-0.054331302642822266,160,3.37611549253817,-0.03762991008762684,0.28350694444444446,-45.74655894526729,172.26600646972656,0.0003,425.59167808250146,0.2,0.033626456
16.22635742063475,0.0,7.843265467944662,-39.958113669999996,0.8321759259259259,27.724879973123958,1.0491320097754615,214,1.7438236413997925,0.9132516159583899,53.0147675314953,31104,0.4017541954331221,28.587962962962965,0.11744193289078611,35.842592592592595,38.711226851851855,12.188794763621958,18.360163288064715,18,16.99393829716656,0.9169302437043136,23.26789153603033,144,36.0,0.5337987744975167,8.68515847524181,1.4684849831238964,48,25.817418981481474,-0.015360832214355469,170,7.881088299221463,-0.033884519242026186,0.17390046296296297,-45.73228350038882,1075.41259765625,0.0003,2264.843344455295,0.2,0.020658793
16.23297948272732,0.0,7.657811035343561,-41.244690199999994,0.8171296296296297,27.575534287026162,1.0520265373638205,226,1.784156090106611,0.9086439560466341,52.98019331381039,32832,0.38452236974469356,29.861111111111118,0.11033460291161136,34.75925925925926,38.458333333333336,11.66827267298722,18.25370016214322,19,16.48548832709551,0.9220102649195887,22.612179146808074,144,36.0,0.5351774945592682,9.058418146725344,1.4941192335292546,48,25.19531250000004,-0.051068902015686035,180,3.098554136576476,-0.04761684146640753,0.3254050925925926,-45.70780869943124,166.80429077148438,0.0003,415.89012439869066,0.2,0.04537865
15.960797917526238,0.0,7.876725965136385,-42.23368991,0.8651620370370371,27.72087766882443,1.0554683522766615,238,1.8238080849004266,0.9130944961253892,53.03492330287046,34560,0.38983012791841515,28.93518518518519,0.11582693175572847,34.629629629629626,38.514467592592595,11.822623952624163,18.272871960696083,20,16.42360428057859,0.9200851149293071,22.449483208772403,144,36.0,0.5246167193423761,8.803254975569649,1.5198014134309947,48,25.98379629629631,0.011992573738098145,190,3.1262538658248054,-0.03784837647237711,0.22002314814814813,-45.693789941293225,837.4330444335938,0.0003,1565.24326171875,0.2,0.022550855
16.12657214166938,0.0,7.7006776479418555,-43.37308894000001,0.8489583333333334,27.532522454122148,1.0584700463965162,250,1.8638745152546,0.9071214514237766,52.80270360459971,36288,0.39380311805956003,30.092592592592595,0.11654896301482065,35.138888888888886,38.379629629629626,11.936748341204906,18.217283369938016,21,16.671687679934067,0.924857033410992,23.178018632370254,144,36.0,0.5307739371792539,9.169582611231283,1.5453446218558398,48,25.38339120370376,-0.07629132270812988,200,4.917652040940744,-0.037780201893851714,0.2884837962962963,-45.67659113848651,152.8522186279297,0.0003,343.8207222267433,0.2,0.039250426
16.09351282157856,0.0,8.059773062869427,-44.93748879,0.8489583333333334,27.47432940502463,1.0623694790536897,262,1.9038582973085463,0.9050045832259316,52.81235874146048,38016,0.3834314970831139,29.398148148148152,0.11721272487064686,33.9537037037037,38.6099537037037,11.61651754503687,18.326106176911676,22,16.100695800564132,0.9191539491156839,22.079910828857624,144,36.0,0.5286647416857958,8.96269748325662,1.571159887298119,48,26.54079861111113,-0.007513642311096191,210,4.785577264538517,-0.03251340239205294,0.1638888888888889,-45.68221147325304,1218.341064453125,0.0003,2239.206310583044,0.2,0.018164096
16.162344439920002,0.0,7.7867084784731295,-46.230230549999995,0.8645833333333334,27.641893397970687,1.0655862502498725,275,1.9440141584083463,0.9096677614647586,52.8842873811137,39744,0.38216320740628457,32.291666666666664,0.1202884175009938,33.76851851851852,38.4525462962963,11.590674353209033,18.24938879425994,23,16.023537560333637,0.9304650921057784,22.851699360172557,144,36.0,0.5320319907417044,9.837487446629886,1.5967833592837688,48,25.593171296296376,-0.05262959003448486,220,3.990899780503026,-0.04106348687093015,0.28640046296296295,-45.66734551323785,151.07701110839844,0.0003,335.07763005009406,0.2,0.034833536
15.835746143486917,0.0,7.927549860904698,-47.281467299999996,0.8703703703703703,27.619495266411874,1.0691551249021343,287,1.9833535237670636,0.9092068874018073,52.829623896380184,41472,0.38658653341353283,31.828703703703706,0.12148555042160121,34.129629629629626,38.545138888888886,11.739070158268285,18.292389469177497,24,16.207268224485286,0.9222543528368248,23.039887602971525,144,36.0,0.5213175635861722,9.693549220217955,1.6225143329567124,48,26.09953703703713,-0.003995299339294434,230,2.732219068650846,-0.03340492337700669,0.16944444444444445,-45.68533309653953,812.1256103515625,0.0003,1841.1736373336228,0.2,0.019838536
15.651914394070232,0.0,7.95519262432243,-48.18117156,0.8697916666666666,27.589702549973396,1.0727931064629403,300,2.0222333097522394,0.9085906496349101,52.75077745425105,43200,0.39197442815902783,29.861111111111114,0.11682794860065504,34.99074074074074,38.26909722222222,11.88524399669519,18.16084128578007,25,16.599665140980402,0.9221706729572349,22.999151217833578,143,36.0,0.5149216931945962,9.114242080157984,1.6479164361711627,48,26.18634259259268,-0.0833669900894165,240,3.867202486815276,-0.04223077387238542,0.31678240740740743,-45.656081983778215,80.61878967285156,0.0003,210.70753179479527,0.2,0.039268203
15.94364546404073,0.0,7.877883215681387,-49.59386082,0.8697916666666666,27.36046925897344,1.0762378145021438,313,2.061842423412341,0.900657680891573,52.61120326554259,44928,0.3858922363921859,27.430555555555557,0.11818415709177363,34.083333333333336,38.42418981481482,11.711679521935736,18.233817943466324,26,16.166723027654484,0.915937058891822,21.6060397799145,143,36.0,0.5250598680721519,8.32763723032428,1.6735009810298285,48,25.87528935185189,0.0020345449447631836,250,2.7405997196833294,-0.03377289334139614,0.1649884259259259,-45.654949258874964,907.786376953125,0.0003,1737.8333744755498,0.2,0.018840626
15.734447426189467,0.0,7.906696630855579,-51.01364923999999,0.8310185185185185,27.218327686525896,1.0797545560792827,327,2.1009285419778148,0.8956106778076526,52.639915320422006,46656,0.3765539221899778,27.199074074074076,0.11711146325905104,33.43518518518518,38.29976851851852,11.42454074104648,18.17474850236579,27,15.868200507508655,0.920045173850807,20.978257298696953,142,36.0,0.5182463846685603,8.285516050141815,1.698937852285743,48,25.998263888888943,-0.08961904048919678,260,3.068306447841503,-0.04160773291045593,0.3433449074074074,-45.656717201515484,50.35654830932617,0.0003,116.74777281019422,0.2,0.042021558
15.625406086810228,0.0,7.975766895831327,-51.960581600000005,0.8721064814814815,27.523808537489305,1.083443973318861,340,2.1397420571948405,0.906293136766978,52.70533341651921,48384,0.38318052991576074,28.35648148148148,0.12149389558258716,34.2037037037037,38.3275462962963,11.615832151246217,18.18045034635497,28,16.21753787930575,0.9228476863608143,21.847647176747913,141,36.0,0.5150334127683954,8.614277146195949,1.7243889781516304,48,26.244212962962997,0.004891514778137207,270,2.253229128431391,-0.03632567337265721,0.1631365740740741,-45.63492668999566,752.3818359375,0.0003,1657.9525978370948,0.2,0.017119152
15.518186468391447,0.0,7.880491422239602,-52.86286465999999,0.8628472222222222,26.970164908222774,1.08689520187446,354,2.178287523365819,0.8870068489077217,52.52162532554101,50112,0.3566280105990587,28.703703703703706,0.12046506714699637,32.56481481481482,38.39988425925926,10.830020580524979,18.223967541740013,29,15.450494136696273,0.9264614297363001,20.40104231345757,141,36.0,0.5110071245173676,8.720527596236318,1.7499488970059804,48,25.9837962962963,-0.07919621467590332,280,3.1232063836521573,-0.03488663978771203,0.2582175925925926,-45.64566764831543,67.110107421875,0.0003,162.1859645984791,0.2,0.031175017
15.607547922080753,0.0,8.096472804594741,-54.10117585,0.8883101851851852,27.048578874525784,1.0908863838859468,367,2.217056393171021,0.8904312539599705,52.55739054728031,51840,0.344355810440444,29.976851851851848,0.12372575908818398,32.30555555555555,38.360532407407405,10.43266008547657,18.203504175929684,30,15.31173184671961,0.9296516375885778,20.257592939918723,140,36.0,0.5129482961221135,9.113201007722543,1.7754576574458047,48,26.721643518518583,0.0038276314735412598,290,3.1087582959069144,-0.03315393498719291,0.13738425925925926,-45.65035384849266,1085.424560546875,0.0003,2109.6375311957463,0.2,0.015586768
15.696964642372953,0.0,7.7962319441963865,-55.43939219999999,0.8559027777777778,27.070423476998872,1.0941269637464377,381,2.2560488047769534,0.8906677933312164,52.57306531120478,53568,0.367229273803164,29.97685185185186,0.12294152275845349,33.81481481481482,38.47164351851852,11.146521844831028,18.250857781969014,31,16.035570623084645,0.9335833133048311,21.699948487817164,140,36.0,0.5161385178011111,9.11785601990149,1.8010848019007273,48,25.679976851851876,-0.06801378726959229,300,2.745134499779454,-0.034364269116755435,0.22870370370370371,-45.658029104162146,67.46080017089844,0.0003,188.91880982010454,0.2,0.028984305
15.382683463026313,0.0,7.948290982953632,-56.54601561,0.875,26.98218470235209,1.0977476912038218,395,2.294255513434519,0.8875883297447902,52.46530388491948,55296,0.3677548950177056,29.97685185185185,0.12178299862751833,34.03703703703704,38.30266203703704,11.168622722155513,18.173780851777693,32,16.149585351900193,0.9234566843142086,21.84083322906543,139,36.0,0.5074873177348558,9.122625155009725,1.8265192540301716,48,26.0923032407408,0.004504263401031494,310,3.818127347804882,-0.02939228987907646,0.11423611111111111,-45.64668868735985,1140.6627197265625,0.0003,2341.6142749927662,0.2,0.013653073
14.958927441849967,0.0,8.334687004703786,-57.22129302999999,0.8796296296296297,26.99908225135542,1.1023344087155813,408,2.331402832039144,0.8886128118080578,52.46743140034169,57024,0.35984965081547265,28.935185185185187,0.1252548161038686,33.425925925925924,38.457175925925924,10.908609818638498,18.242524232211455,33,15.85277006768897,0.9276917704560433,20.96735334567307,139,36.0,0.4930686779642825,8.805973459345603,1.8521255646107002,48,27.437789351851915,-0.07832682132720947,320,2.4062697920534344,-0.0395201714657661,0.2714699074074074,-45.63427316171152,62.1141242980957,0.0003,178.4774653116862,0.2,0.031135926
15.154978116564656,0.0,8.271667301378693,-58.494329969999995,0.8252314814814815,26.943430808643086,1.106763576969028,422,2.3690402773305554,0.88744159143857,52.421968968398936,58752,0.3523851845845462,28.125000000000004,0.11285680746467627,33.5,38.53356481481482,10.687371271006462,18.28843678492048,34,15.887570696173347,0.9217732974063426,20.515332952257523,139,36.0,0.49881318390879525,8.540390985077712,1.8778466565730014,48,27.21354166666672,-0.004816651344299316,330,3.405459036650481,-0.03435581394781669,0.13327546296296297,-45.63075435779713,1155.26806640625,0.0003,2217.416555899161,0.2,0.015920771
14.96354090731784,0.0,8.268602421759423,-59.80628134,0.8692129629629629,27.170725350812884,1.1111850830234267,435,2.40619912959885,0.8946144057753576,52.619457145221084,60480,0.3783328398857437,25.231481481481485,0.12029469249380412,34.81481481481482,38.54050925925926,11.480871067669595,18.288704836834146,35,16.529976718277428,0.9274754537075707,21.096305924453617,138,36.0,0.49233933239905964,7.685458138506594,1.9035684186650867,48,27.2135416666667,-0.07403147220611572,340,2.4720495065053303,-0.04580456596902675,0.31765046296296295,-45.6184393423575,45.461490631103516,0.0003,119.80154351128472,0.2,0.041753627
15.23868036628268,0.0,8.050731363976602,-60.89825087,0.8709490740740741,27.30215479334269,1.1150619114333682,449,2.4440458305145567,0.8985596906635381,52.699096922851986,62208,0.3771938542257713,25.115740740740744,0.12264252000099517,34.675925925925924,38.36516203703704,11.44387938932906,18.20279723832936,36,16.465316535809247,0.9294423727180282,20.96927223872855,138,36.0,0.5013351422739807,7.660076313590241,1.9290754117609101,48,26.548032407407465,0.00905156135559082,350,2.3543033838272094,-0.028253949788847457,0.10758101851851852,-45.630098300509985,842.6744995117188,0.0003,1992.752525499132,0.2,0.012975731
14.901780864714661,0.0,8.076937193775851,-61.978387760000004,0.8622685185185185,27.043087491167864,1.1190042544178078,462,2.4810502826763434,0.890006235689333,52.458370887005636,63936,0.38619483387849657,20.71759259259259,0.11727242028913286,34.4537037037037,38.269675925925924,11.711284765134955,18.161931292166425,37,16.336503582155164,0.910131157259307,19.94778834729012,138,36.0,0.49027590510794167,6.263807960257982,1.9544802399913261,48,26.598668981481524,-0.10278987884521484,360,2.5424014744935213,-0.04003120464600485,0.2896412037037037,-45.63082565025047,33.0181884765625,0.0003,98.06133160061306,0.2,0.03711421
15.061979836357343,0.0,8.125406152322077,-63.32481366000001,0.859375,27.15781657477174,1.1230677697986131,476,2.518455232267237,0.8938111872905226,52.58658991711635,65664,0.39078535401134146,20.949074074074073,0.11896313377261397,34.53703703703704,38.38368055555556,11.851818569968904,18.217233577097133,38,16.377685677329595,0.9219754772122153,20.1295042472985,137,36.0,0.4953881788749016,6.345687610194733,1.980023323934069,48,26.7939814814815,0.005971014499664307,370,2.6811010864045883,-0.03610692576815685,0.1416087962962963,-45.60365447998047,918.7735595703125,0.0003,2099.692063169126,0.2,0.015176164
14.502200298501107,0.0,8.207443086631875,-63.719407520000004,0.8501157407407407,27.033736865019154,1.1273363775151928,489,2.5544607330134896,0.8893778422682311,52.48311212569962,67392,0.38313360761063336,20.25462962962963,0.12050675242382863,33.5,38.092013888888886,11.620658549709894,18.07273713522072,39,15.891372155054027,0.9244952735015851,19.41203070476392,137,36.0,0.4777170138827414,6.153592389084335,2.0052051667721207,48,27.047164351851823,-0.01936960220336914,380,0.58277015702592,-0.036779355168066644,0.3140046296296296,-45.58570074858489,13.933159828186035,0.0003,51.11891411675347,0.2,0.03437355
14.968761613054014,0.0,8.146213367533994,-64.79471629000001,0.8408564814814815,27.11609664947927,1.1314519109340277,503,2.5916326370461245,0.8919978485174873,52.52102294745915,69120,0.3940238106058817,20.138888888888886,0.12053215126300333,34.32407407407407,38.38773148148148,11.953836728519988,18.210725055338113,40,16.282835105483244,0.9230260604307154,20.13667183400323,137,36.0,0.49316005300292637,6.112771061142712,2.030731979410466,48,26.822916666666643,-0.0008977651596069336,390,3.8885973502088476,-0.028634262435069238,0.08559027777777778,-45.595056039315686,1205.3040771484375,0.0003,2595.0667326750577,0.2,0.011742862
14.896475884283527,0.0,8.230462647914543,-66.67312173999998,0.8373842592592593,27.082149716597986,1.135778067553814,516,2.6286238267568334,0.8907871841277846,52.545824849706264,70848,0.39799457324467213,19.560185185185187,0.11735958795327509,34.65740740740741,38.355324074074076,12.088707836316665,18.192810878686114,41,16.44613758911757,0.9281475750913759,20.434845425434233,137,36.0,0.49096683438807687,5.939669231734546,2.0562140066071812,48,27.133969907407472,-0.07192814350128174,400,4.071198641370844,-0.037117596212084644,0.21828703703703703,-45.600064793339484,82.69573211669922,0.0003,223.117761626067,0.2,0.026772618
14.808979089709984,0.0,8.37692360114056,-67.80730282999998,0.84375,27.123647563183027,1.1404703765566655,530,2.6653962744811084,0.8928872007624484,52.66565423254341,72576,0.3996013314729352,20.949074074074076,0.11826734860772826,35.148148148148145,38.467592592592595,12.13475646006303,18.25207862169942,42,16.67088904410983,0.9210105165904557,20.705645504172864,136,36.0,0.4868499212026015,6.334089447821188,2.0818442031614297,48,27.582465277777786,0.001904129981994629,410,3.6943281142799944,-0.027607267329262362,0.0869212962962963,-45.62135249950268,1310.6446533203125,0.0003,2745.46629864728,0.2,0.011537612
14.603874567955222,0.0,8.226168881644039,-68.51185349,0.8680555555555556,27.223421330455224,1.1447857987607757,543,2.7016559609009962,0.8955065757397923,52.69948103659643,74304,0.38989414477907774,20.60185185185185,0.12364841236506531,34.0,38.26851851851852,11.829431837962062,18.15958572603277,43,16.12425886160113,0.9281793242245887,19.853690699563195,136,36.0,0.4807290006001897,6.2711466797294735,2.1072431674765117,48,27.083333333333456,-0.12720680236816406,420,2.860915161503686,-0.0400719558785635,0.30028935185185185,-45.60222247088397,27.81782341003418,0.0003,76.12362817834925,0.2,0.041073877
14.858668168937518,0.0,8.469877542926426,-69.87448776000001,0.8547453703703703,27.33822861590158,1.1497104926180917,557,2.73855263132334,0.8996483196746959,52.777210463793104,76032,0.39101315580716617,21.527777777777775,0.12166862601049737,33.916666666666664,38.28703703703704,11.879723156784697,18.161429308202212,44,16.09222186320044,0.9217497867346455,19.89242924681053,136,36.0,0.4898685340791807,6.520484226825391,2.1326467407470173,48,27.850115740740787,0.0017164349555969238,430,2.472040594286389,-0.02890083135140163,0.09710648148148149,-45.59905802408854,1101.035400390625,0.0003,2328.2278568974248,0.2,0.0130317025
14.617623951892801,0.0,8.331353404434061,-71.06827684,0.8755787037037037,27.00000688912607,1.1542888761291767,570,2.7748466912030723,0.8881239180108783,52.505652622103064,77760,0.3604923924543802,21.412037037037038,0.1272466804755093,32.15740740740741,38.107638888888886,10.964241551010458,18.07906147606467,45,15.259210768295967,0.9296002068954067,18.123452319306423,136,36.0,0.48088739822529203,6.485335675284642,2.157844394437179,48,27.510127314814895,-0.09161639213562012,440,2.247915648089515,-0.048182747952847015,0.3079861111111111,-45.56046793902362,28.219314575195312,0.0003,88.38440078452781,0.2,0.04067852
14.730961470434686,0.0,8.393585415178281,-72.11093840999999,0.8495370370370371,26.921456809991223,1.1590228396671225,584,2.811424094879159,0.8857205617544865,52.51148143901052,79488,0.353998472001241,23.03240740740741,0.1247451074414098,32.333333333333336,38.235532407407405,10.758719726112384,18.145153925349664,46,15.336730712185982,0.9260006116712746,18.481163494238338,136,36.0,0.4848173487989053,6.985713055939972,2.183207279250553,48,27.55353009259266,0.0053168535232543945,450,3.2425352343806515,-0.027117231174337644,0.08223379629629629,-45.55658747355143,1261.1827392578125,0.0003,2690.9426730685764,0.2,0.011431401
14.528105714449334,0.0,8.281610640729406,-72.99286043000001,0.8512731481481481,26.94545831466253,1.163476866268946,597,2.847494359165282,0.8867141719671389,52.447274164168526,81216,0.3382029497579228,24.421296296296294,0.11977316269310015,31.962962962962962,37.961226851851855,10.295224232295354,18.013075062808337,47,15.180619962153052,0.9175926034888872,18.303885030459536,135,36.0,0.4781745946523963,7.428040836011129,2.208239966907574,48,27.256944444444507,-0.10019135475158691,460,2.595705493953493,-0.03604982315769626,0.24699074074074073,-45.54517833568432,16.89600372314453,0.0003,87.70727510805483,0.2,0.033424776
14.568683472121677,0.0,8.361040487711168,-74.12110718,0.8559027777777778,26.965443106899524,1.168129467488224,611,2.8836660678455863,0.8872622008153231,52.41470253813102,82944,0.3509331946174747,22.916666666666668,0.12452252300929632,32.35185185185185,38.24305555555556,10.676162956550966,18.153784628573252,48,15.36081036456521,0.9253233143612429,18.401827408615443,135,36.0,0.4786736667623738,6.964854087499266,2.2336244284790068,48,27.560763888888935,0.0022046566009521484,470,2.978378469634939,-0.027002612397902543,0.09710648148148149,-45.55847662466544,1173.5343017578125,0.0003,2613.9053814923323,0.2,0.011355203
14.629096744001934,0.0,8.417442177296863,-75.49322627,0.8703703703703703,26.986098997895756,1.1729230729314664,625,2.919988809705591,0.888299112912856,52.383931807962064,84672,0.3373462164269485,26.15740740740741,0.12407157666374698,31.962962962962965,38.1880787037037,10.249647459170362,18.12493899563951,49,15.168683929750031,0.9213615543929801,18.754970036395463,135,36.0,0.4808187812679943,7.9366386474750685,2.2589367759681056,48,27.748842592592684,-0.09184741973876953,480,1.6759475493872606,-0.04487901451324837,0.3377893518518518,-45.549776557639795,14.407949447631836,0.0003,41.84853531166359,0.2,0.0449977
14.546700783385726,0.0,8.248668913529949,-76.63835022,0.8755787037037037,26.926805979025946,1.1772947452152913,638,2.9561055616640552,0.8861764917450347,52.40005526202554,86400,0.32949114203574265,27.083333333333332,0.12716630147024768,31.51851851851852,38.139467592592595,10.020287618812679,18.102892995255548,50,14.954013523526934,0.9235448672484968,18.57608772820972,135,36.0,0.4777812926605345,8.201786585870108,2.2841940084562444,48,27.220775462962976,0.003581523895263672,490,2.8161343139630777,-0.026680386283745368,0.0876736111111111,-45.528516613995585,1316.7734375,0.0003,2747.7422082971643,0.2,0.010306605
14.360331913052443,0.0,8.422134117645138,-77.51954384000001,0.8431712962962963,26.928144774504403,1.1821000805094042,652,2.9917563914466863,0.886670204884081,52.40255370608197,88128,0.34700515032589535,27.89351851851852,0.12087190374335334,32.36111111111111,38.11805555555556,10.528395247483306,18.08746065316993,51,15.339820084867041,0.9170696295177573,19.70150845134205,135,36.0,0.4718450887436687,8.433293118991704,2.309412660089169,48,27.785011574074154,-0.09089779853820801,500,1.9850547635996783,-0.041311495349294056,0.2585648148148148,-45.52390348646376,26.521617889404297,0.0003,72.2408448961046,0.2,0.035044804
14.2220424732024,0.0,8.417695386000817,-78.15266931000001,0.8564814814814815,27.059986484240444,1.1868943189744061,665,3.0270614976296923,0.8910170658997968,52.46509064305247,89856,0.3510457369441197,27.89351851851852,0.12029774932715878,32.65740740740741,38.129050925925924,10.662272765893897,18.098619028417634,52,15.488963976001713,0.9193384777091768,19.984529860887314,134,36.0,0.46804044258885624,8.433293118991704,2.3346592076602133,48,27.727141203703756,0.0022963285446166992,510,2.5649576160642837,-0.02772712101038821,0.08368055555555555,-45.54758326212565,1320.2491455078125,0.0003,2762.3631844979745,0.2,0.010859702
14.141811130993709,0.0,8.521514313067655,-79.14738048,0.8686342592592593,26.967296807220094,1.1919481047570752,679,3.0621660254571768,0.8876691536882921,52.348153273866075,91584,0.33532929130078437,26.62037037037037,0.12681729500102404,32.166666666666664,38.16898148148148,10.191465974574955,18.115277076084148,53,15.26128857050405,0.9258948874773388,18.897147377707775,134,36.0,0.4651771657076936,8.04439283262877,2.3599474003504235,48,28.081597222222317,-0.0811532735824585,520,1.0920791962632426,-0.037954498337650744,0.30538194444444444,-45.51279542711046,12.324764251708984,0.0003,33.68183785191289,0.2,0.04002881
14.050334732734731,0.0,8.459531947316266,-79.73519588,0.8634259259259259,27.015170499547555,1.1968469346253658,692,3.0970418622890135,0.8891195294176689,52.372972135308736,93312,0.33458079068798785,26.62037037037037,0.12183712402304361,32.148148148148145,37.875,10.166075549004676,17.969002508804852,54,15.252135778498904,0.9214341181969096,18.86975421203068,134,36.0,0.4619017231071467,8.051542884527102,2.3848699066224355,48,27.92245370370372,0.006094515323638916,530,2.587867913864277,-0.019551360148384614,0.05040509259259259,-45.52197019788954,1427.2821044921875,0.0003,2822.5127567997683,0.2,0.007939477
13.978028547925007,0.0,8.630210849100079,-80.37479006,0.8825231481481481,27.10399076531642,1.202172461748116,706,3.131736933658826,0.8921915790731996,52.441222870851284,95040,0.3323471341404105,23.72685185185185,0.12976838278748543,31.555555555555557,37.95891203703704,10.082013828290338,18.008864294218082,55,14.96998277456512,0.9278686787605914,17.674631779781507,134,36.0,0.46018391689433763,7.222635176926052,2.4098920673579807,48,28.392650462963047,-0.09783554077148438,540,1.3055782309836812,-0.0386980706066997,0.2508680555555556,-45.52983447887279,8.97397518157959,0.0003,35.974993811713325,0.2,0.03456594
14.39464237532435,0.0,8.37949417381736,-82.43417825,0.8535879629629629,27.090383738814626,1.2068711971826593,720,3.167473539597137,0.8919083719642463,52.44756555957866,96768,0.34146796096876497,22.453703703703706,0.12249198432204136,31.86111111111111,38.085648148148145,10.360376023065523,18.074859293584428,56,15.11906317085725,0.9196166034416213,17.708309794638655,134,36.0,0.473435863384944,6.828870600715881,2.4350792155919416,48,27.669270833333425,0.005225181579589844,550,2.447935731322677,-0.017543941893166413,0.04479166666666667,-45.57631858543113,1309.87451171875,0.0003,2882.8091552734377,0.2,0.0068593468
14.242293369943107,0.0,8.491069091394175,-84.05426959999998,0.8530092592592593,27.068925822801805,1.2118488699111447,733,3.2028292730219947,0.8913074196195296,52.4897518588131,98496,0.35956988711534726,21.875,0.12483614024422846,32.40740740740741,38.03414351851852,10.908108649712778,18.047640613990076,57,15.379773025816101,0.9200194263366084,18.356115425536693,134,36.0,0.46881003424128814,6.668233750007814,2.460198317126917,48,27.973090277777832,-0.120231032371521,560,1.1080449054638544,-0.03733926939226135,0.32002314814814814,-45.55438346862793,2.2063348293304443,0.0003,15.901861441576923,0.2,0.047298744
14.402074940238935,0.0,8.386256539759325,-85.34628993999999,0.8715277777777778,27.06660793267748,1.216564511260543,747,3.238584460372592,0.8917253145627404,52.49135452089897,100224,0.34869759297621655,22.453703703703706,0.1283230935885664,31.814814814814813,38.20081018518518,10.573785552126155,18.12877950057448,58,15.091089628142704,0.928244423849226,17.898488677403737,134,36.0,0.4745315390918464,6.833613497134878,2.485520265878353,48,27.5752314814815,-0.0011075735092163086,570,1.5404342939456304,-0.012745712897567837,0.0875,-45.56557694894296,1172.3818359375,0.0003,2569.6663325557,0.2,0.007233568
14.343360508951521,0.0,8.063288227218024,-86.3751323,0.8616898148148148,27.260859671861187,1.220472731828588,760,3.2741928616449707,0.8975958591387047,52.60366848354053,101952,0.35818668699071393,21.412037037037038,0.12688725634349027,32.4537037037037,38.179976851851855,10.867540195875582,18.11670884276136,59,15.40066240360475,0.929040748176387,18.19256575504056,134,36.0,0.47167037130570105,6.524363155560231,2.5108120379852563,48,26.540798611111157,-0.08076345920562744,580,1.2488515642506104,-0.03460268711809207,0.16475694444444444,-45.56079278168855,19.88735008239746,0.0003,56.08240903218587,0.2,0.022397391
14.220530637024032,0.0,8.12024710962791,-86.93741434999998,0.8495370370370371,27.07407671566445,1.2245233496026577,774,3.309494188237531,0.8915843786941141,52.553361939989124,103680,0.3545908183539604,20.13888888888889,0.11928609020056945,32.15740740740741,37.88831018518518,10.769579768031294,17.980350098559956,60,15.267514259563953,0.9177034535485825,17.937094027595247,133,36.0,0.4679258137653914,6.136185936661849,2.535762913231656,48,26.80844907407422,0.0025797486305236816,590,3.392914953055205,-0.014475936076983258,0.01898148148148148,-45.5610154469808,1935.08740234375,0.0003,3933.6244131582753,0.2,0.0040191184
13.971560388525425,0.0,8.130506178701888,-87.47519619,0.8327546296296297,26.84637330601899,1.2285996150494125,787,3.3441730892088444,0.8839234733104001,52.44402621631016,105408,0.3551072843101444,16.666666666666668,0.11827929286790381,31.537037037037038,37.91550925925926,10.814712020154568,17.995650601168325,61,14.982979635583428,0.917565518812011,17.697691655737998,133,36.0,0.4594821844312911,5.011807633421472,2.560752039734577,48,26.772280092592638,-0.06778168678283691,600,0.9598951873404008,-0.04415908366165779,0.23952546296296295,-45.519087600708005,10.50234603881836,0.0003,39.39313892081932,0.2,0.030955954
13.91541463459275,0.0,8.270770744896813,-87.84149210000001,0.8541666666666666,26.775354948634998,1.2330265419116546,801,3.3787116257953262,0.8819775085642858,52.39130299373419,107136,0.35105215197159306,16.666666666666668,0.12422450337187595,31.01851851851852,37.791666666666664,10.679632487150814,17.93171917451004,62,14.724401592513367,0.9303581898699845,17.30403407966418,133,36.0,0.45822378080147114,5.011807633421472,2.585581337670852,48,27.22077546296307,0.0034295320510864258,610,1.3413719044239432,-0.024202821486526065,0.059722222222222225,-45.51388504593461,1546.8409423828125,0.0003,2883.963517252604,0.2,0.008527099
13.624830229307932,0.0,8.160128264446193,-87.98467477,0.8449074074074074,26.614582055338392,1.2371768625727702,814,3.4125237013685963,0.8767762915046807,52.275852488703855,108864,0.3124084673440415,17.708333333333332,0.12445025406869722,28.990740740740744,37.64409722222222,9.461268332349862,17.858865744370867,63,13.751313288735053,0.9247812051475228,15.112581621084916,133,36.0,0.44832192773375146,5.39610570711741,2.610228502031779,48,26.96759259259264,-0.017315030097961426,620,0.42827875073309296,-0.03859761328505421,0.3927083333333333,-45.48127401846426,-0.5843597650527954,0.0003,3.914473699640345,0.2,0.05047322
13.477378142408051,0.0,8.207352862995611,-88.17876867999999,0.8680555555555556,26.63557273650693,1.241445244730259,827,3.4459671467246165,0.8769274975972724,52.3453495468184,110592,0.2933051105069588,18.86574074074074,0.12497303257112746,28.277777777777775,37.61805555555556,8.891411753340023,17.855914629284573,64,13.41556018674794,0.925149877773143,14.206971940087964,133,36.0,0.4434268187736216,5.7484897692801455,2.6348682886049906,48,27.03993055555569,-0.002701282501220703,630,0.7825946414636241,-0.03309982990225156,0.2109375,-45.44372105068631,-0.016911029815673828,0.0003,8.461024502471641,0.2,0.03350486
13.330967851845566,0.0,8.38520247436592,-88.82034473000002,0.8263888888888888,26.65147841592471,1.246158250916174,841,3.47904456635423,0.877854400213873,52.36853623516101,112320,0.286256407772198,18.865740740740744,0.12163415925168493,27.86111111111111,37.429398148148145,8.678586300997226,17.763384468613804,65,13.221139364933975,0.9114337491602963,13.799725665931202,133,36.0,0.4386854794217318,5.75112205625797,2.659276749776525,48,27.596932870370438,-0.018509268760681152,640,4.27846405186035,-0.010877183193547859,0.012326388888888888,-45.43741830896448,60.47383117675781,0.0003,194.23787745723018,0.2,0.004301163
13.410523475866285,0.0,8.382215749728308,-89.89474082999998,0.8663194444444444,26.646822004197972,1.2508637902904947,854,3.512320875043896,0.8776460119036879,52.36000549901592,114048,0.2859204208915183,18.981481481481485,0.124470198924846,27.833333333333332,37.55555555555556,8.66512354583438,17.81374201044146,66,13.205636281428417,0.9271654635964622,13.770759827262797,133,36.0,0.44180593903103105,5.7810274951162315,2.6838111048026287,48,27.5752314814815,-0.0010023117065429688,650,18.24205271380919,-0.003456974653872075,0.00034722222222222224,-45.41957565590187,3874.67919921875,0.0003,8524.124050564236,0.2,0.00023072286
13.581580894640162,0.0,8.278806824011633,-91.07740926000001,0.8246527777777778,26.651910348402566,1.2553108073505237,868,3.546024827280496,0.8779584240950458,52.374502312287184,115776,0.28811614140571534,18.518518518518515,0.12374138451518643,27.87962962962963,37.5775462962963,8.74120176906544,17.839657302330373,67,13.231781309300734,0.9293593683395238,13.872983078366175,133,36.0,0.4464881268954162,5.6373295547856515,2.708410248058455,48,27.278645833333385,-0.00924062728881836,660,4.244571941649473,-0.007429578015580774,0.0012731481481481483,-45.424480734931095,449.5486755371094,0.0003,1090.1621360496238,0.2,0.0011391351
13.370632018622132,0.0,8.48397857741601,-92.36633961,0.8373842592592593,26.669490966897826,1.2602707537940636,881,3.5792014073270515,0.8785929968837906,52.38784427460041,117504,0.28830914500939037,18.518518518518515,0.12432973484326765,27.87962962962963,37.366898148148145,8.741582865479867,17.733615358404915,68,13.229410523667708,0.9184563675477443,13.870993389147575,133,36.0,0.44009554197250084,5.6373295547856515,2.732744286454467,48,27.915219907407444,0.004415631294250488,670,13.597750975467541,-0.005149933151659314,0.000462962962962963,-45.424117434466325,3559.3447265625,0.0003,7737.4434877748845,0.2,0.00038494897
13.400901280593663,0.0,8.549904580970258,-93.30347858999998,0.8136574074074074,26.627376480814963,1.2653955152464893,894,3.612453660528536,0.877141988862412,52.3791184029667,119232,0.28420792655701094,18.865740740740737,0.11870978758767993,27.759259259259256,37.41898148148148,8.615212421965452,17.757848353654914,69,13.166862956346819,0.9278956107924899,13.682075378312271,133,36.0,0.44125957224960277,5.73903687346495,2.7571389073386046,48,28.096064814814916,-0.009502649307250977,680,4.5964018578882575,-0.01224695969959376,0.008796296296296297,-45.42126038162797,187.04327392578125,0.0003,492.59059425636576,0.2,0.003611305
13.394966058655951,0.0,8.405790263205143,-94.28426414999998,0.8246527777777778,26.64521074487772,1.270159990904502,908,3.6456910756751757,0.8776250676321857,52.38680950811848,120960,0.28360299959535856,18.865740740740737,0.12051376234217558,27.740740740740744,37.479745370370374,8.594608526101737,17.785626179872903,70,13.15677037158126,0.9183839703751139,13.651378897682998,133,36.0,0.4408369092934455,5.73903687346495,2.7816029727882867,48,27.69097222222227,0.00022333860397338867,690,10.949389174249436,-0.006807420359648488,0.001099537037037037,-45.437393499303745,3172.45068359375,0.0003,6874.89949182581,0.2,0.00074950675
13.364813065602812,0.0,8.47835766548715,-95.55748433999997,0.8443287037037037,26.809559442500202,1.27510588506822,921,3.6788531083391827,0.8833730569913413,52.5136973184172,122688,0.28224215304829375,18.402777777777775,0.12286332963373493,27.5,37.52199074074074,8.56141591683265,17.804333515838856,71,13.055667075452988,0.9218806551568807,13.517082992285637,133,36.0,0.4399372698609377,5.6161800044914445,2.806113806577884,48,27.951388888888978,-0.03454434871673584,700,3.0570263948153564,-0.02467389922692544,0.04658564814814815,-45.42968549375181,42.011478424072266,0.0003,167.80203037968388,0.2,0.009357235
13.629657260076755,0.0,8.430036899038585,-97.11723441000002,0.8524305555555556,26.81142738894195,1.2799309773158165,934,3.7126772514893744,0.8834951045530812,52.50702207016065,124416,0.27643201872942597,18.634259259259256,0.12713802792004625,27.314814814814813,37.688657407407405,8.386210609795159,17.879432450149313,72,12.9641696774636,0.9245379460026335,13.250380287258759,133,36.0,0.4484979836210175,5.675392773430803,2.8308123877032574,48,27.777777777777903,-0.0009698867797851562,710,7.997159064699102,-0.007656272080795909,0.002777777777777778,-45.4372191535102,3304.682861328125,0.0003,6819.620283564815,0.2,0.00091573515
13.316810256518208,0.0,8.407929058817489,-97.95558215000001,0.8379629629629629,26.73701464290629,1.2847007999628601,948,3.7457192771306698,0.8811501898222479,52.46568856646553,126144,0.277120354860588,18.75,0.12338636234286705,27.675925925925924,37.479745370370374,8.414706704785639,17.787181167497348,73,13.139088463324605,0.9249446523186952,13.453795168110243,133,36.0,0.4380526460480954,5.700198758682336,2.855280340622001,48,27.727141203703713,-0.006755232810974121,720,3.6546183498921216,-0.020241818556355106,0.02789351851851852,-45.438378680193864,222.52525329589844,0.0003,574.7582632559318,0.2,0.0071422164
13.46004169551614,0.0,8.227411507016596,-98.49606495999998,0.8842592592592593,26.787165456576048,1.2890193287304017,961,3.77911938136946,0.8829548741073565,52.46305833977726,127872,0.27848317527770766,18.865740740740744,0.12973107173364098,27.759259259259256,37.480324074074076,8.453096680376701,17.784697000843334,74,13.178283606692574,0.9244897279774587,13.531380287069275,132,36.0,0.44303828387295624,5.754839013186693,2.879742083124109,48,27.083333333333446,-0.0004858970642089844,730,8.147515336672464,-0.007658786450823148,0.0025462962962962965,-45.432015115243416,3255.09326171875,0.0003,7153.696433738426,0.2,0.0011105315
13.372257436232735,0.0,8.49040774792311,-99.69294919,0.8559027777777778,26.798741134699444,1.2939953481002096,974,3.812300024960042,0.8831196728434278,52.46924167698216,129600,0.2715908737300159,19.09722222222222,0.12536317032374347,27.277777777777775,37.482638888888886,8.2525386254639,17.78073270961966,75,12.950374008448222,0.9214303109047121,13.102912633912123,132,36.0,0.43973513567808725,5.804182685973548,2.9041939148981584,48,27.994791666666803,-0.00550997257232666,740,3.9150019225422983,-0.018961503403261304,0.02696759259259259,-45.435401648062246,301.100830078125,0.0003,703.7973765055339,0.2,0.0066201347
13.430319946129442,0.0,8.639317013517838,-101.18378974000001,0.8663194444444444,26.857682031934644,1.2993436406340042,988,3.845625824825366,0.8850050420804852,52.50647854677041,131328,0.2794271132315787,19.675925925925927,0.1298317490912409,27.787037037037038,37.757523148148145,8.50475399226004,17.916535723690256,76,13.201318580855386,0.9291629343999476,13.606072573115426,132,36.0,0.44206716932951706,5.992105703670757,2.928985254207384,48,28.450520833333414,-0.0011348724365234375,750,9.560698926007307,-0.012756438282559868,0.00931712962962963,-45.418007405598956,3636.38916015625,0.0003,7313.815561704282,0.2,0.002404991
13.443509224976266,0.0,8.413332887741571,-102.46382016000003,0.8553240740740741,26.815258742705584,1.3041269728533582,1001,3.8789845978878064,0.8831144174209303,52.484528753197374,133056,0.27440481356189356,19.212962962962962,0.12542185581128737,27.435185185185187,37.454282407407405,8.353642431364984,17.779739886024895,77,13.032474169275298,0.9200996186250259,13.286116600640282,132,36.0,0.4419885240799799,5.84705957298409,2.9534346039224464,48,27.73437500000003,-0.00922846794128418,760,3.2383912239085744,-0.030006675487729135,0.09577546296296297,-45.424867149635595,61.482154846191406,0.0003,211.49477988349068,0.2,0.014331778
13.46618803346115,0.0,8.500068404825903,-103.22963427,0.8888888888888888,26.836125658466013,1.309127143865423,1014,3.9124000679714594,0.8837217195364498,52.50836576001016,134784,0.26780117874445847,19.675925925925927,0.13618405616780704,27.212962962962962,37.489004629629626,8.158139862264917,17.798142066036142,78,12.935686257070486,0.9272616975632177,12.993826119335404,132,36.0,0.442935531653148,5.9915419641604615,2.9779299590875365,48,27.951388888888843,-0.0024203062057495117,770,10.193750379703664,-0.015332646316124333,0.01238425925925926,-45.41261910332574,2875.97705078125,0.0003,7244.88109447338,0.2,0.003122486
13.4589335960465,0.0,8.32212227290324,-104.31359110000001,0.8472222222222222,26.692414006611727,1.313682449547681,1028,3.945797401961576,0.8796495377645779,52.345765862405365,136512,0.25409093115600473,21.64351851851852,0.1261617573575659,27.064814814814813,37.3587962962963,7.723818594601645,17.732811500628667,79,12.839947211098924,0.9169576697858906,12.545753229602088,132,36.0,0.4425056613483527,6.58198742390152,3.002261987839108,48,27.430555555555603,-0.021488666534423828,780,2.611043686861241,-0.03797408449463546,0.16412037037037036,-45.41969822071217,29.23444366455078,0.0003,107.92101126776801,0.2,0.022320492
13.41447501465209,0.0,8.4987319050716,-105.72684213000002,0.8530092592592593,26.82804569270949,1.31867927931036,1041,3.979083589498206,0.8834969412932582,52.4930046576344,138240,0.2648161865975549,21.875,0.1303625228395198,27.453703703703706,37.78703703703704,8.059456198746192,17.93000439586176,80,13.026314305608642,0.9235517421463503,13.133892451893326,132,36.0,0.4414168214773921,6.648121947538491,3.0270869988287625,48,28.052662037037035,-0.0025620460510253906,790,9.559295571291889,-0.019226717505673015,0.03009259259259259,-45.422064053570786,3304.089111328125,0.0003,6895.149112051505,0.2,0.005615372
13.351693905072421,0.0,8.377563745636406,-106.40037512999999,0.8535879629629629,26.474019520321466,1.323373188674451,1054,4.012212824260887,0.8716586411074051,52.2788615154247,139968,0.2427716428159331,21.064814814814813,0.12573684342597827,26.462962962962962,37.504629629629626,7.3601792944228235,17.802088458741498,81,12.545806914742714,0.9240968750064115,11.805986209165539,132,36.0,0.4388694594047474,6.416672470407999,3.0515922199756162,48,27.618634259259373,-0.01271212100982666,800,2.41935253282664,-0.03784136068834751,0.21047453703703703,-45.38798994841399,17.4045352935791,0.0003,78.50455291182907,0.2,0.028034994
13.242046785154583,0.0,8.37502345862956,-106.80590796,0.8836805555555556,26.47248713738034,1.328060747321025,1068,4.045067941223773,0.8714536773955114,52.31261066513732,141696,0.23881212254432627,21.412037037037038,0.13436532215869476,26.39814814814815,37.320023148148145,7.259451677938906,17.705980971754933,82,12.526642988938931,0.9205497355698893,11.704282584352805,132,36.0,0.43588389403455874,6.518187917474967,3.0758571724050037,48,27.56799768518519,-0.001832723617553711,810,7.1881757652318035,-0.01696262475689528,0.031886574074074074,-45.396982998318144,3343.725830078125,0.0003,6505.056790726273,0.2,0.0057563335
13.104407471372044,0.0,8.672142741026201,-107.38589862999999,0.8506944444444444,26.70643575135598,1.3334911041735906,1081,4.077578959902203,0.878988197956924,52.40230723393964,143424,0.25044259505059624,21.990740740740744,0.12632104130066238,26.5,37.244791666666664,7.616553684283905,17.669014880043697,83,12.568937028927989,0.914774027238649,12.263501593142443,132,36.0,0.43135990135807445,6.67801087993055,3.100029709605113,48,28.544560185185233,-0.014016509056091309,820,2.5648224796134014,-0.042782224694059956,0.21649305555555556,-45.37140107331452,44.49114227294922,0.0003,137.42334803828487,0.2,0.025101319
13.168563730473666,0.0,8.570638503605748,-108.45530459000003,0.8726851851851852,26.644279673007564,1.338667700432605,1094,4.110250369228387,0.8771259090095573,52.35617747170527,145152,0.2530405717454627,21.875,0.1289539070673068,26.740740740740744,37.401620370370374,7.6770898404352765,17.745050151520683,84,12.68390340583359,0.9261292874834619,12.417777518932446,132,36.0,0.43332638164747367,6.65678427266358,3.1243923349839147,48,28.255208333333346,-0.0008393526077270508,830,7.5277152622187575,-0.024041610790623558,0.05133101851851852,-45.36828279848452,2878.230224609375,0.0003,6290.52662037037,0.2,0.008366614
13.169291015044445,0.0,8.511540435428788,-109.17019231,0.8628472222222222,26.273800931008065,1.343696551521177,1107,4.142923596765998,0.864806559713099,52.14071169749817,146880,0.21568407383873267,17.824074074074073,0.13399853700642803,24.40740740740741,37.086226851851855,6.530005631207608,17.596679587307797,85,11.566706347293897,0.9251500580681257,9.996711978501505,132,36.0,0.43372805252785646,5.421726159548896,3.1483840339521842,48,28.045428240740762,-0.018480896949768066,840,1.6192817991668427,-0.03777948722967671,0.4351273148148148,-45.32162146391692,-0.46532416343688965,0.0003,5.258853471279144,0.2,0.06395345
13.175027499389968,0.0,8.576216869607046,-110.21677975,0.8680555555555556,26.336985916567475,1.3488870936951947,1121,4.175611165514473,0.8671322380779504,52.202792120047064,148608,0.21730821834084105,19.444444444444443,0.13428913011923363,24.73148148148148,37.295717592592595,6.576867696335018,17.685720612898987,86,11.718904864349776,0.92672555661857,10.195772560684794,132,36.0,0.4333042310637031,5.917623737373827,3.1725983354844316,48,28.2986111111112,-0.0010341405868530273,850,2.429686494226809,-0.0049451648205932645,0.059722222222222225,-45.35202112551089,1585.4163818359375,0.0003,3405.96301812066,0.2,0.0057882247
12.932004620781553,0.0,8.612534738553949,-110.75605607000001,0.8472222222222222,26.333324371605528,1.3541684305415795,1134,4.207691177066427,0.8668768200444651,52.16767975754453,150336,0.20274527711202994,20.37037037037037,0.12764524486009665,24.194444444444443,36.95601851851852,6.138075065724551,17.527141440739406,87,11.46278658063977,0.9233847919753806,9.50086164636432,132,36.0,0.42626814263996377,6.186329059708714,3.19641618908628,48,28.378182870370452,-0.01933467388153076,860,13.62610392217283,-0.010066663034053312,0.0038194444444444443,-45.35655541596589,488.019775390625,0.0003,1078.001603190104,0.2,0.0018384932
13.088161648782531,0.0,8.545411808452943,-111.66413540000002,0.8350694444444444,26.29804955979829,1.359281960062712,1147,4.240161581188383,0.8657620759939713,52.134931650256675,152064,0.20526962466880952,20.25462962962963,0.12697577109988395,24.26851851851852,37.14699074074074,6.221640334252311,17.629138484006283,88,11.500692052566142,0.914135796824286,9.622332386818453,132,36.0,0.43094252971596064,6.148682788644543,3.220489035296296,48,28.10329861111117,-0.00013625621795654297,870,16.534058726275408,-0.004935338884523069,0.001388888888888889,-45.358557778817634,3245.209716796875,0.0003,7362.544974320023,0.2,0.00042130981
12.952408423337232,0.0,8.326346948678866,-112.47874209999998,0.8715277777777778,26.212680631216063,1.363847827434409,1161,4.2722926022467265,0.8629381068414279,52.155500276795976,153792,0.15830963829186476,21.296296296296298,0.13472948514789643,22.814814814814813,36.932870370370374,4.795064271954462,17.522949224606787,89,10.809389654205416,0.9229512235075398,7.504453926159878,132,36.0,0.4260881208695568,6.452299715649816,3.2442964083578127,48,27.437789351851876,-0.049584150314331055,880,2.873129787296057,-0.04036986467566479,0.33912037037037035,-45.32207467820909,0.1694655418395996,0.0003,3.5342696640226574,0.2,0.040767398
13.118872627688374,0.0,8.624982809305294,-113.73034908000001,0.8483796296296297,26.309313402289906,1.3691602844576722,1174,4.304839783815948,0.8660893662201735,52.1711561014588,155520,0.1646073086889736,21.527777777777775,0.13159678079568407,23.13888888888889,37.00578703703704,5.006687820279122,17.561436331169435,90,10.969438093828849,0.9136012044489511,7.876125914107972,132,36.0,0.43176923112613586,6.489645848154939,3.2681999991857364,48,28.35648148148157,0.00039947032928466797,890,2.6539755270436958,-0.005557958831734679,0.030671296296296297,-45.33940545541269,843.6451416015625,0.0003,1973.4346431025751,0.2,0.0042422996
13.00387467646756,0.0,8.624725125637221,-115.24746764,0.8449074074074074,26.35589225318887,1.3744720972717652,1187,4.337099470507116,0.8674861527256995,52.186474191918954,157248,0.17014562143060066,21.527777777777775,0.127627568507069,23.314814814814813,36.99652777777778,5.167538569948031,17.553405978117215,91,11.046386774654806,0.9085720003566492,8.113925344602837,132,36.0,0.4279201874660828,6.484779880286113,3.2920835141310296,48,28.39265046296306,-0.006717324256896973,900,24.520532887070267,-0.005428789191258451,0.00028935185185185184,-45.33355612578215,638.501708984375,0.0003,1494.388613100405,0.2,0.0006254568
12.87499417323737,0.0,8.602769977492658,-115.42174837999997,0.8668981481481481,26.24461214980531,1.3797290222154968,1201,4.36903695594021,0.8639470076967642,52.14321961858946,158976,0.16751639402839077,21.875,0.13557597151935724,23.296296296296294,36.879629629629626,5.089506334962233,17.50817223373665,92,11.038604634724193,0.9209479358092914,8.114598168651838,132,36.0,0.42288167499964285,6.586487198965412,3.3158539447153714,48,28.320312500000053,0.0024124979972839355,910,12.207143921322293,-0.0049771562563600364,0.0016782407407407408,-45.34261536774812,2237.255615234375,0.0003,4693.418745478877,0.2,0.00044932085
13.227410952345517,0.0,8.358974000213083,-116.72543510999998,0.8501157407407407,26.208941452706018,1.3843764572160295,1214,4.401855483321074,0.8626204195405855,52.11764017287529,160704,0.17017585340540867,21.412037037037038,0.1297083204590982,23.23148148148148,37.204861111111114,5.1765089538684625,17.660479656848022,93,11.013131660254759,0.9232204479642078,8.089640614123223,132,36.0,0.43480696143154995,6.462187740771394,3.3400051438574914,48,27.575231481481563,-0.03183937072753906,920,9.543078111056928,-0.017626750503701192,0.026851851851851852,-45.34940452575684,30.345134735107422,0.0003,117.37940849021629,0.2,0.006532728
12.965285943578943,0.0,8.440979244541035,-117.73775353,0.8396990740740741,26.208941452706018,1.389228905327382,1227,4.434018698180021,0.8626204195405855,52.11764017287529,162432,0.16963362407171834,21.412037037037038,0.1264184447567771,23.212962962962962,36.863425925925924,5.160717526265379,17.488327669261775,94,11.004830576138461,0.9155688060135755,8.065548102403842,132,36.0,0.42659880630630903,6.462187740771394,3.363725963030646,48,27.828414351851933,0.0006377696990966797,930,26.423138929296424,-0.004141850600502006,0.0010416666666666667,-45.3418345981174,3973.361572265625,0.0003,8646.00650318287,0.2,0.0003284547
13.00609304209001,0.0,8.6893964719648,-118.58071312000001,0.8512731481481481,26.041765155266493,1.394702396507294,1240,4.466283930785246,0.8571039435434956,52.10551687154779,164160,0.15900907789625637,19.675925925925924,0.13134608010359727,22.509259259259256,36.97106481481482,4.837894579446025,17.545650693057162,95,10.671168059004367,0.9155899331088799,7.409062638450393,132,36.0,0.42763657187336646,5.95885501884075,3.3875900897632887,48,28.667534722222257,0.01054990291595459,940,6.507596303688155,-0.02882923952959202,0.08755787037037037,-45.339109095820675,12.421257972717285,0.0003,55.85350800973398,0.2,0.012921206
13.142147354567685,0.0,8.387560008423852,-120.17371744999998,0.8721064814814815,26.070360010170685,1.3994212965283537,1254,4.498889299171665,0.8581696433271851,52.088724745677716,165888,0.15555865313896217,19.097222222222225,0.13716769923435357,22.40740740740741,37.152199074074076,4.741295778118087,17.628808672332084,96,10.62888271403745,0.9251653299465729,7.270178492155538,132,36.0,0.43206521407853643,5.782858204011543,3.411662111444119,48,27.690972222222282,-0.006084322929382324,950,23.835460885365805,-0.010471341074271886,0.005381944444444444,-45.33583422060366,353.68304443359375,0.0003,989.8652332447193,0.2,0.0024226548
13.05261055386785,0.0,8.417755288161795,-120.97969157000001,0.8570601851851852,26.079816247829964,1.4042156847487581,1267,4.531270825556335,0.8585151585297316,52.104955569914104,167616,0.157426241440704,18.98148148148148,0.12957514489530791,22.462962962962962,36.95659722222222,4.790363222994636,17.534705285336393,97,10.648760582435047,0.9236618963562917,7.339123805429684,132,36.0,0.4293281355221486,5.741608204011544,3.43549887465746,48,27.705439814814866,0.019397497177124023,960,14.207283884507639,-0.0069171056504947715,0.0025462962962962965,-45.347444237603085,2363.134033203125,0.0003,4513.366469545717,0.2,0.0008610916
12.857956885997929,0.0,8.549478427929364,-121.24392325999999,0.8420138888888888,26.00260408760492,1.4093393808185815,1280,4.56316571777133,0.8551437194562141,52.03943123510515,169344,0.14532171384810685,18.171296296296294,0.1273530430669252,21.888888888888886,36.7505787037037,4.418006570775122,17.435336547645964,98,10.384032501620712,0.9206073338442977,6.702039072395835,132,36.0,0.4230815110916865,5.5314976365312925,3.459087216026575,48,28.204571759259252,-0.08422863483428955,970,11.661894214484427,-0.033626356934783636,0.13877314814814815,-45.33346197340224,3.7167587280273438,0.0003,33.9726962795964,0.2,0.019788885
12.859585232132288,0.0,8.509734488876791,-121.73016392000001,0.8229166666666666,26.10367033919618,1.4143637170407735,1294,4.595064680851661,0.8585406898234661,52.06455565570411,171072,0.14723596916710072,18.287037037037038,0.1234097401421083,22.0,36.829861111111114,4.479882373028998,17.477788263525156,99,10.439099650595686,0.9195926600903649,6.8189820236246845,132,36.0,0.42292290699203056,5.559713412368173,3.482781686685388,48,28.067129629629676,0.004386246204376221,980,23.408638765193796,-0.007546782322848836,0.0021412037037037038,-45.326678085327146,3339.880859375,0.0003,7117.405137803819,0.2,0.0016074763
12.661210840214125,0.0,8.600316921977305,-121.96722677000001,0.8582175925925926,25.950300627449028,1.4196145093457166,1307,4.626467707952196,0.853841227639565,51.974058233149,172800,0.1316499677233199,22.453703703703706,0.13555229883927652,22.018518518518515,36.5775462962963,4.035402552301389,17.354017338378192,100,10.454908023853607,0.9290992029512269,6.668858224289206,132,36.0,0.41680679220666206,6.77854764813421,3.506166730031333,48,28.305844907407465,0.04931676387786865,990,10.475918522615123,-0.037706274142557825,0.3545138888888889,-45.270430656715675,5.998062610626221,0.0003,7.483420772905703,0.2,0.06206322
12.811271423244476,0.0,8.647374269583372,-122.67437541999999,0.8709490740740741,26.01483955301161,1.4249829450196752,1320,4.658245886510308,0.8562489653510058,52.03129357829391,174528,0.1518080182310728,21.412037037037038,0.13886329008776788,22.64814814814815,36.7181712962963,4.646416429688399,17.41864552877129,101,10.752590303690218,0.9247063994979692,7.299006733378617,132,36.0,0.421743204365066,6.460766656986088,3.529713343853261,48,28.472222222222335,0.026289761066436768,1000,14.317592045995925,-0.0389015831079127,0.22517361111111112,-45.242247588546185,6.564535140991211,0.0003,18.265584560676857,0.2,0.027861618
12.694876359175668,0.0,8.47155539103087,-123.71402188,0.8559027777777778,26.02322940060685,1.4299118334972523,1334,4.689733077408247,0.8563650208741814,52.05169051606905,176256,0.14117875242240277,23.611111111111114,0.1354043148284713,22.61111111111111,36.505208333333336,4.300714925752615,17.313841600297703,102,10.726726644397594,0.9199028720430661,7.583133947444745,132,36.0,0.4177018290248874,7.155692377294535,3.5529979478540055,48,27.958622685185226,-0.021762967109680176,1010,20.618477260183404,-0.025721430702617874,0.07824074074074074,-45.19401129263419,27.055164337158203,0.0003,85.69254493713379,0.2,0.01133141
12.675345173637515,0.0,8.662052515558264,-124.19825708000002,0.8518518518518519,25.99612791364166,1.435316964786148,1346,4.721171440342341,0.8553375201497694,52.04116068489648,177984,0.13978737677401804,23.958333333333332,0.1327409110383551,22.583333333333332,36.476851851851855,4.246512653382889,17.30392428582581,103,10.708248161696844,0.9236751491373846,7.613555033568568,132,36.0,0.41731739218822783,7.258794218488835,3.57625775856857,48,28.51562500000007,0.01600015163421631,1020,31.125341450726545,-0.00556562677267249,0.0007523148148148148,-45.19055069817437,3192.66943359375,0.0003,6830.80189525463,0.2,0.00054873474
12.900576831576702,0.0,8.663501841381615,-126.00502183,0.8460648148148148,25.90125884383653,1.440725719389602,1359,4.753172882421283,0.8524826169681529,51.95683148784255,179712,0.12900418602240196,23.84259259259259,0.13631181476874454,22.5,36.692708333333336,3.9163271203735803,17.41111218774117,104,10.67357501690656,0.9257194195602932,7.232078310887401,132,36.0,0.42469319929227606,7.242176173607262,3.599785539037923,48,28.53732638888889,-0.001076340675354004,1030,18.034273848930994,-0.022653643364362694,0.05144675925925926,-45.20997589959039,51.342315673828125,0.0003,138.34057187680844,0.2,0.009571109
12.726192451290288,0.0,8.732941283705872,-127.41557097,0.8223379629629629,25.87242399836244,1.4463080725988666,1372,4.784738363549509,0.8515866092875181,51.970579007674,181440,0.126735008638465,22.685185185185187,0.1295724457552901,22.324074074074076,36.644675925925924,3.847015741563609,17.383578502915416,105,10.585020847102061,0.9240168775625416,6.723095355432968,132,36.0,0.41860310057659866,6.891058766767298,3.6232444852952117,48,28.783275462963033,-0.05057191848754883,1040,41.57776431684141,-0.01480263854480452,0.00949074074074074,-45.21338729858398,416.0786437988281,0.0003,994.9610482675058,0.2,0.0034574901
12.721329909903034,0.0,8.697172375672105,-127.83822101,0.8460648148148148,25.875988179648903,1.4518010035380469,1385,4.816291688324267,0.851934644265708,51.977368083849086,183168,0.13195132464338566,22.800925925925924,0.1321463768560893,22.62037037037037,36.45891203703704,4.0118142629481754,17.30474237143861,106,10.735104454057184,0.9193932353825212,7.079983698723398,132,36.0,0.4181349317790968,6.933064981718037,3.6465063412238083,48,28.645833333333375,0.01943451166152954,1050,23.11234381066428,-0.010544235516270553,0.004629629629629629,-45.21441404554579,1343.111328125,0.0003,2932.9111942997683,0.2,0.0020277423
12.637502010597734,0.0,8.716024196226705,-128.24605355999998,0.8767361111111112,25.962845705480152,1.4573410640286135,1399,4.847635443350761,0.8545523438139919,52.00773365322169,184896,0.12419206278393953,25.0,0.13769998199119454,22.5,36.48148148148148,3.754671963233953,17.307854634498952,107,10.66771901836474,0.9235476405810036,7.414928925497636,132,36.0,0.41566239323883114,7.592537943898942,3.6697759778100556,48,28.73987268518528,0.02893275022506714,1060,27.75623933562526,-0.03095765888897909,0.10792824074074074,-45.21394421612775,24.90633773803711,0.0003,96.3360821476689,0.2,0.014245753
12.770339549081276,0.0,8.636983667690233,-129.82333951,0.8420138888888888,26.031655295276238,1.462683523197839,1412,4.8793112922234645,0.8566826503517381,52.02634250835243,186624,0.12308271650550517,25.23148148148148,0.13241267886631505,22.574074074074076,36.6400462962963,3.7383045266559614,17.386554237769523,108,10.712448063496419,0.9129654626815542,7.513927027263213,132,36.0,0.4203696083868791,7.663174437110833,3.6932423634044795,48,28.436053240740808,0.02560603618621826,1070,34.92286125112463,-0.009108210070472625,0.0028935185185185184,-45.22245199415419,2898.0146484375,0.0003,6243.035085720486,0.2,0.0017309171
12.536560095023646,0.0,8.729717388656162,-130.2959734,0.8784722222222222,25.960676464762443,1.4682578166694795,1425,4.910402692461024,0.8542660226171703,51.99276897659566,188352,0.12004054158407153,26.15740740740741,0.1417197134279568,22.527777777777775,36.307291666666664,3.6399317013026486,17.226421295736195,109,10.681323311037076,0.9248220231366623,7.661097782740121,132,36.0,0.41221031961867854,7.939842770400397,3.71630841664382,48,28.812210648148227,0.1446055769920349,1080,24.180809155437682,-0.03872677001722709,0.24068287037037037,-45.16944346957737,35.8700065612793,0.0003,23.455689857624197,0.2,0.038346536
12.52528772462295,0.0,8.735602792295149,-129.89389929,0.8431712962962963,25.90946614577643,1.4738468236502174,1438,4.941465911772581,0.8529540333746061,52.00069730875877,190080,0.1153008525447209,26.041666666666668,0.13499917171413914,22.38888888888889,36.1712962962963,3.499878166822029,17.16805881662373,110,10.616741808735078,0.9278519173394841,7.404754392601303,132,36.0,0.41195518381812135,7.8881344170441965,3.7392285636853795,48,28.768807870370445,-0.019048094749450684,1090,40.76458005905151,-0.0222467092021058,0.07407407407407407,-45.14602060671206,232.8059539794922,0.0003,529.5401713053385,0.2,0.0092045935
12.649526147674344,0.0,8.61506648833327,-131.46108111,0.8611111111111112,26.00427069030538,1.4791344898710506,1452,4.972839727141767,0.8560741591184549,52.03110548689306,191808,0.12114695674625085,26.041666666666668,0.13551626741867376,22.435185185185187,36.526620370370374,3.6657353585872925,17.335281557344434,111,10.631284084329772,0.9229810118581157,7.582852584347898,132,36.0,0.41636686159404096,7.885833141430833,3.7625667675787406,48,28.327546296296386,6.651878356933594e-05,1100,36.79278526394455,-0.010664715595474397,0.0017939814814814815,-45.16057715239348,2433.654296875,0.0003,4748.632793511285,0.2,0.0026078457
12.500696267490847,0.0,8.93682059720941,-132.74558258999997,0.8512731481481481,25.90233391989197,1.4852265413640742,1465,5.003841467810494,0.852483708819945,51.95793701708962,193536,0.12625754989417912,23.958333333333332,0.13341827099569445,22.39814814814815,36.32118055555556,3.840400855139578,17.240035256019254,112,10.623567326257005,0.916183957879502,7.134760693080724,132,36.0,0.41117625481221787,7.270792511684141,3.7856668557187887,48,29.39091435185191,0.05922418832778931,1110,31.76598782296534,-0.04031728714428566,0.24560185185185185,-45.13751167014793,11.101823806762695,0.0003,39.840644952985976,0.2,0.030301686
12.488704083937023,0.0,8.755882116415716,-133.32338864,0.8414351851851852,25.843301599711992,1.4908662466551135,1478,5.034813228020337,0.8506623271049115,51.943881084647394,195264,0.13024743290274093,22.800925925925924,0.13060137919254128,22.37962962962963,36.379629629629626,3.9447504320609945,17.270256948754827,113,10.604484650987766,0.9194575179628282,6.875338882186254,132,36.0,0.4108682780950182,6.926103799137493,3.8088424980906757,48,28.84837962962966,0.019214868545532227,1120,34.40782612341422,-0.012903123400691482,0.015162037037037036,-45.14792255825466,2535.34716796875,0.0003,4960.955084454572,0.2,0.0038876191
12.723392199504646,0.0,8.498678011490881,-134.75526939000002,0.8472222222222222,25.96149692187269,1.4958629416838407,1492,5.066371708519098,0.8538723748181419,51.9830211214614,196992,0.13310641914897772,22.569444444444446,0.13122740021527607,22.62037037037037,36.45601851851852,4.035921080356333,17.304937468959817,114,10.727283875122318,0.9184826908123457,7.040501494076739,132,36.0,0.41773240559233865,6.877296538598089,3.8321048417630754,48,28.023726851851897,0.003982484340667725,1130,37.007478095867015,-0.038291236540923514,0.16383101851851853,-45.1195352907534,75.05948638916016,0.0003,187.00603592484086,0.2,0.016871542
12.796566479064744,0.0,8.521622284513706,-136.79459999000002,0.8483796296296297,25.770690100929198,1.500916997395125,1505,5.098113124716759,0.8482168257832577,51.941492712912385,198720,0.12986956983931025,22.916666666666668,0.13188132417791373,22.537037037037038,36.57118055555556,3.9248358588745145,17.35002952087403,115,10.677852187161834,0.9126837497615243,6.972287327306631,131,36.0,0.421169868991135,6.969599281270283,3.8554799155652604,48,28.074363425926027,0.014730572700500488,1140,39.21907015553227,-0.0137865728750411,0.009259259259259259,-45.12969599123354,3014.4013671875,0.0003,6109.116605179398,0.2,0.0033676536
12.435188198400601,0.0,8.644150896018418,-136.86337935,0.8651620370370371,25.8292546645245,1.5062773746351712,1518,5.128951095212761,0.8501712747525798,51.9148152584444,200448,0.12657642674996358,25.578703703703706,0.1392461585021757,23.0,36.270833333333336,3.8370792886767817,17.210262872705417,116,10.905261086068613,0.9304670572443584,7.922162564054027,131,36.0,0.40928565134842987,7.779822189308632,3.878505572747024,48,28.428819444444482,0.022802770137786865,1150,33.6624956175133,-0.03832816120444073,0.17060185185185187,-45.10790682192202,48.6235237121582,0.0003,170.2159410264757,0.2,0.017542003
12.569171821897667,0.0,8.638303918061956,-136.72486089999998,0.8478009259259259,25.873565850513582,1.5116231344303261,1532,5.160124024767505,0.8514531732627107,51.92824941139312,202176,0.13186126530869285,25.694444444444443,0.1341109827253212,23.11111111111111,36.46643518518518,4.000639424518014,17.301988458851042,117,10.956958753984011,0.9224399041425274,8.170847707280572,131,36.0,0.4133894681467297,7.813249528778546,3.901760543894152,48,28.522858796296344,0.020874738693237305,1160,37.367324163295606,-0.017035387735813857,0.016666666666666666,-45.14809701707628,2615.490966796875,0.0003,6161.2773473668985,0.2,0.005222186
12.515863808772849,0.0,8.748918258880876,-138.49619335,0.8287037037037037,25.83838493682175,1.5172454300775284,1545,5.191163684289437,0.8501828682291138,51.921708999884665,203904,0.13577290294675007,26.27314814814815,0.1294972333999207,23.240740740740744,36.49305555555556,4.141833266391246,17.32007910710507,118,11.026462273965999,0.9228463844830748,8.543592567379942,131,36.0,0.41200171098576177,7.975297027022698,3.9250607416619143,48,28.76880787037032,-0.0026143789291381836,1170,35.343200303890086,-0.03735392111077629,0.1484375,-45.11348183243363,187.23843383789062,0.0003,388.1326218781648,0.2,0.016929563
12.317972489184813,0.0,8.645677469676857,-138.66553837,0.8379629629629629,25.927217840612844,1.5226096237517206,1558,5.221708615512399,0.853143973576464,51.95453899899965,205632,0.13251274313981617,25.347222222222218,0.13139533258723748,22.962962962962962,36.167824074074076,4.026793081949173,17.166147812058032,119,10.881117331966065,0.9152036176130773,8.008361274476583,131,36.0,0.40510627880109534,7.700450860561344,3.9479761111920593,48,28.51562500000005,-0.0028721094131469727,1180,40.407429325139084,-0.02029728896536485,0.028645833333333332,-45.11368808039912,2923.67333984375,0.0003,6849.04740125868,0.2,0.0063653965
12.449292616704584,0.0,8.71912916504698,-139.13715654,0.8553240740740741,26.11672398279536,1.528157446664338,1572,5.25258184705416,0.8595291187518468,52.00023715743854,207360,0.13352603876443864,25.694444444444446,0.1367876211671054,22.759259259259256,36.395833333333336,4.0702685981045414,17.272268253021398,120,10.79824316770764,0.9295937860282889,8.072397365584923,131,36.0,0.4097162593857179,7.803885599772742,3.9711567818246127,48,28.674768518518587,-0.008245468139648438,1190,35.12970976564619,-0.03141889715808685,0.13657407407407407,-45.11483757584183,238.6642608642578,0.0003,611.7977475766783,0.2,0.014647346
12.633850767576263,0.0,8.503686768296559,-141.35956076000002,0.8362268518518519,26.291689260583393,1.5331666635850794,1585,5.283916473973101,0.8649238322870053,52.13097047947566,209088,0.13632168300846118,24.652777777777775,0.12923182524369844,22.537037037037038,36.526620370370374,4.152505837510468,17.328054691561313,121,10.692966052797848,0.920388177248375,7.73093017198052,131,36.0,0.41580251101615207,7.485458281672204,3.994476918553516,48,28.045428240740765,0.01761603355407715,1200,32.80615635359729,-0.020262933584551016,0.03917824074074074,-45.13465279473199,2914.909423828125,0.0003,6286.327251519097,0.2,0.0076041664
12.654787499422897,0.0,8.211598451645024,-142.66624818000003,0.8373842592592593,26.391280034231443,1.537445659714192,1598,5.3153034427216586,0.8677904113593032,52.16192021294364,210816,0.1338575792797316,23.26388888888889,0.13121264538681046,22.453703703703706,36.47453703703704,4.094541769022207,17.3203675680232,122,10.65855734316181,0.9187758588523128,7.206474961153047,131,36.0,0.4162197539604041,7.053375848969029,4.017777837473574,48,27.039930555555543,-0.006872892379760742,1210,35.681941895131715,-0.03923560780714507,0.1988425925925926,-45.12394440262406,141.97303771972656,0.0003,451.05501420762806,0.2,0.0195435
12.77614187922165,0.0,8.299176182402968,-144.15368962,0.8373842592592593,26.31435622421935,1.5419436001701994,1612,5.346993797419713,0.8653810728608077,52.117261900775965,212544,0.13845253155591597,21.064814814814813,0.13314955957472552,22.324074074074076,36.68171296296296,4.222650285855093,17.411200584328423,123,10.585751771917478,0.9224541009897345,6.708402057772571,131,36.0,0.4200938319364565,6.368680566636467,4.041305838934395,48,27.329282407407398,-0.0019409656524658203,1220,43.39596564946351,-0.0197971245015247,0.040046296296296295,-45.123619884914824,3145.135009765625,0.0003,7576.442042824074,0.2,0.0072640474
12.714570118218191,0.0,8.396620567854345,-145.53884921999997,0.8078703703703703,26.26034617147649,1.5466851515898352,1625,5.378530222715258,0.8640120025763851,52.11910483024132,214272,0.14541731554412843,23.03240740740741,0.12401675221562235,23.055555555555557,36.751736111111114,4.427799585264879,17.442931259754648,124,10.938664887088747,0.9140802205885997,7.7566917250640826,131,36.0,0.418087437893032,6.990227252710457,4.064913167083782,48,27.669270833333318,-0.005443572998046875,1230,37.01875843118738,-0.03320845445721514,0.18252314814814816,-45.144951248168944,310.2862548828125,0.0003,691.4093019838687,0.2,0.018010296
12.747753452149963,0.0,8.476897436671706,-146.85980903000004,0.8506944444444444,26.15255474859679,1.5516273951815145,1638,5.410149606345633,0.8599730502147492,52.04985620338534,216000,0.1379022538211282,24.884259259259256,0.1336016667609395,23.194444444444443,36.6568287037037,4.200548671740049,17.39212412699148,125,11.004934115954384,0.9162408205977699,8.163705699488268,131,36.0,0.4192909063152139,7.558222911793835,4.088393477401261,48,27.922453703703756,0.025934040546417236,1240,30.547763876782522,-0.03126133677584154,0.08894675925925925,-45.15554740340622,3236.943115234375,0.0003,6729.373739510996,0.2,0.011408526
12.607491229308081,0.0,8.537293793697598,-147.62842589000002,0.859375,26.08159670690431,1.5567206296657585,1652,5.441418334418903,0.8580471892871939,52.060442744397044,217728,0.1374507782602174,25.0,0.13218497498764953,23.416666666666668,36.58796296296296,4.201421577794476,17.363113132480734,126,11.117422725225593,0.9215384445728303,8.308199385411054,131,36.0,0.414661547195026,7.589355082390985,4.111801260232463,48,28.12499999999998,-0.016642093658447266,1250,33.22293852987113,-0.04048552661789236,0.23923611111111112,-45.11906615363227,167.7120361328125,0.0003,383.91629423918545,0.2,0.023209045
12.74279332756449,0.0,8.570769160933528,-148.56287751,0.8813657407407407,26.198690232609128,1.5618975525680923,1665,5.4730253177378145,0.8619738215125489,52.10544294206627,219456,0.14451509350834787,24.537037037037038,0.1409459100132858,23.435185185185187,36.720486111111114,4.414743595653017,17.42880666207215,127,11.124890940732023,0.9208382485882,8.396082445890217,131,36.0,0.41910093253013164,7.456447909505177,4.135373276887643,48,28.247974537036985,0.014561593532562256,1260,29.878160014858953,-0.029754039145040292,0.09293981481481481,-45.14579481901946,2766.646728515625,0.0003,6801.361480034722,0.2,0.012189306
12.576313728350982,0.0,8.583620073615796,-149.42268139,0.8582175925925926,26.314289101470237,1.5671066027521316,1678,5.504216102058692,0.8655251929073356,52.128887754665094,221184,0.1473419994393371,23.958333333333332,0.13278076431726196,23.537037037037038,36.54108796296296,4.4859198978481585,17.337993280412054,128,11.16901314450894,0.9242080258782358,8.332012516821507,131,36.0,0.4137067660214824,7.277079474464408,4.158718260088673,48,28.313078703703777,-0.0020569562911987305,1270,33.89569892861225,-0.039687106553120195,0.26886574074074077,-45.146199530142326,134.9912872314453,0.0003,269.1920603434245,0.2,0.026215542
12.553128180720655,0.0,8.697468363559432,-149.63468917999998,0.8263888888888888,26.19783000995241,1.5726002736610303,1692,5.535348922510494,0.8616375941522204,52.047724682480045,222912,0.16157362515821072,23.14814814814815,0.1259143963274897,24.351851851851848,36.53472222222222,4.928168907372953,17.34302914296732,129,11.56212533647515,0.9144335326622057,8.912715605272997,131,36.0,0.4129093714988275,7.022421361424894,4.182075832946091,48,28.631365740740765,0.010822653770446777,1280,31.80996410758407,-0.0262274450018864,0.08362268518518519,-45.153267584906686,3584.521484375,0.0003,7171.349697989004,0.2,0.010495373
12.62903012626012,0.0,8.77024422517597,-151.36621625,0.8559027777777778,26.30335511424406,1.5782758842239701,1705,5.566671497826144,0.8657571617613532,52.10320982184614,224640,0.2011831129015932,18.63425925925926,0.13249445090423284,25.009259259259263,36.77488425925926,6.117665202233098,17.460306978772334,130,11.862654111310187,0.9176528590901152,9.880319313543286,131,36.0,0.4153158002097025,5.639499362572162,4.205726600393022,48,28.862847222222292,-0.002637028694152832,1290,34.35525421522282,-0.04295107406150136,0.28813657407407406,-45.14699098092538,104.97451782226562,0.0003,271.75908112702547,0.2,0.029093739
12.672553125648518,0.0,8.912145421781146,-153.28179325000002,0.8535879629629629,26.251659291130753,1.584306247778423,1718,5.5981028806402655,0.8639878496323399,52.072225117608724,226368,0.19064500353936834,18.634259259259263,0.13164352099094537,24.435185185185187,36.863425925925924,5.798494699232873,17.49449342335219,131,11.588168250858855,0.9267501878192678,9.286662950091728,131,36.0,0.41721683857647096,5.647802327541696,4.229462833951402,48,29.28964120370368,0.010699689388275146,1300,31.256478839008896,-0.028373490170472197,0.08177083333333333,-45.153189143428094,3345.7822265625,0.0003,6845.707678674768,0.2,0.01097189
12.604361296046156,0.0,8.881945748542853,-154.18036621,0.8327546296296297,26.33024188944117,1.5902611121497803,1732,5.629363783880381,0.8663824789504332,52.092236335596965,228096,0.19056048050939087,19.444444444444443,0.12804721306414504,24.722222222222225,36.788773148148145,5.788265823064737,17.459618420507436,132,11.723971786809047,0.9216664754528057,9.412237609873785,131,36.0,0.41455094429196293,5.919769330825052,4.25311188000267,48,29.275173611111146,0.0015287995338439941,1310,36.0728947462859,-0.0408388397846095,0.2931712962962963,-45.1091492123074,112.61314392089844,0.0003,236.84849503128618,0.2,0.0279306
12.554449221581477,0.0,8.855355899745136,-154.73136224,0.8495370370370371,26.321559362467003,1.5961495018991432,1745,5.6604999069343345,0.8658798666740232,52.109902843268976,229824,0.19978889905160266,19.560185185185187,0.1316617685316922,25.027777777777782,36.704861111111114,6.061712269640239,17.425096186116757,133,11.857532810743775,0.9175366847547097,9.819245080384015,131,36.0,0.41257359712122016,5.934628418884444,4.276674620467962,48,29.18113425925928,0.011546909809112549,1320,31.446996430997494,-0.03435106999758217,0.11226851851851852,-45.11550415886773,3781.8154296875,0.0003,7151.032973451967,0.2,0.013448133
12.523192599590844,0.0,8.715613978848632,-155.38246373,0.8587962962962963,26.306670084087816,1.6016885368462648,1758,5.691557888433311,0.8653079444630319,52.07893073029004,231552,0.21475073971452308,20.02314814814815,0.13467061851006523,25.472222222222225,36.91956018518518,6.544833297109286,17.518883875619363,134,12.08821294446246,0.9281532971548309,10.533046241571746,131,36.0,0.4121711451348567,6.072384392704794,4.300471830157011,48,28.689236111111146,-0.003813505172729492,1330,33.42385573806586,-0.043921342695614804,0.2889467592592593,-45.09155057271322,124.64591217041016,0.0003,283.53712672480833,0.2,0.028225167
12.738502423001657,0.0,8.853724567654956,-157.31752455999998,0.8495370370370371,26.297320901721758,1.6075728482654021,1770,5.723154144490816,0.8647074706951536,52.0748867175478,233280,0.21795606661548592,19.097222222222225,0.13032313901692402,25.36111111111111,37.05613425925926,6.623902273563021,17.590074257294145,135,12.029766171884402,0.9260944054664239,10.553668445447425,131,36.0,0.418864515477117,5.803586005352344,4.324447015800246,48,29.15943287037041,0.007816433906555176,1340,32.11024930742052,-0.027194009852354175,0.09924768518518519,-45.139645950882525,3676.42431640625,0.0003,7414.947896773727,0.2,0.012299136
12.540492829050542,0.0,8.854184401510405,-158.34768128000005,0.8553240740740741,26.11698920180751,1.613458309269178,1783,5.754255376563442,0.8593260214457011,52.03319958662798,235008,0.20436696536442925,17.939814814814813,0.12974950379438283,25.203703703703706,36.61226851851852,6.225548554444489,17.373761927336215,136,11.95125080188168,0.9204622195418631,10.07679935632617,131,36.0,0.4123316926353368,5.4309131834554165,4.347881420618586,48,29.210069444444482,0.005219876766204834,1350,34.52517615954081,-0.03923158835688675,0.27447916666666666,-45.12601761994539,110.88603973388672,0.0003,281.3764925921405,0.2,0.026713692
12.747325653244197,0.0,8.632063351323888,-158.98344752,0.8813657407407407,26.067317316720818,1.6187884676474877,1795,5.785873690696553,0.8579816484847664,51.97224589880985,236736,0.1941231946388613,18.75,0.13723953753110243,24.935185185185187,36.947916666666664,5.90502329463187,17.53239521775323,137,11.819222262518862,0.9263401164675147,9.624245557150733,131,36.0,0.41956440115120575,5.669788268179141,4.37171240866297,48,28.421585648148252,0.017125189304351807,1360,30.747511119754225,-0.027890609917058436,0.09681712962962963,-45.17985013326009,3069.97119140625,0.0003,7299.993992332176,0.2,0.01214594
12.738622124340479,0.0,8.872520428344856,-161.34490195,0.8454861111111112,26.02780265966106,1.6247197687183499,1807,5.817470246007404,0.8562810850155861,51.97604771264793,238464,0.21090081128896335,18.171296296296294,0.1277482355293061,25.462962962962962,37.029513888888886,6.424093786462183,17.564268419876488,138,12.077902532571022,0.9186270596095075,10.401996319033206,131,36.0,0.4193735390752018,5.5018219328984825,4.395623079712661,48,29.246238425925956,-0.0007277727127075195,1370,32.76396095664413,-0.041988948425623,0.28206018518518516,-45.139609216760704,108.15352630615234,0.0003,267.0786352652091,0.2,0.026956929
12.731369368190677,0.0,8.832253088515996,-162.90379446,0.8680555555555556,26.05123348778857,1.63055040143964,1819,5.849048669427881,0.8571585433977026,51.975546641114,240192,0.2002088881120684,19.328703703703706,0.12978384013711722,25.509259259259256,37.1400462962963,6.0978220745229725,17.630674441092573,139,12.098972427683373,0.9191221780003027,10.096794502206347,131,36.0,0.4188005435520499,5.849367719459057,4.419699765815392,48,29.079861111111125,0.0122528076171875,1380,32.15710285239749,-0.027538490147088413,0.09762731481481482,-45.18853180496781,3707.571044921875,0.0003,7726.446120876736,0.2,0.0119222365
12.578120053928965,0.0,8.809803373146792,-163.21636555999999,0.8368055555555556,25.928329052409264,1.636324909872507,1832,5.880243969562703,0.8531425393001163,51.923851642921825,241920,0.19877151799509382,19.560185185185187,0.12783941214738828,25.416666666666668,36.886574074074076,6.045718618622581,17.51129458326397,140,12.056428583107257,0.9218161979449571,10.002147201729837,132,36.0,0.41361568130254256,5.922490740799579,4.443478002273552,48,28.99305555555553,0.0033493638038635254,1390,30.49493275086085,-0.040847680860854406,0.2809027777777778,-45.143668704562714,105.08944702148438,0.0003,269.8418066519278,0.2,0.0291383
12.738850166912004,0.0,8.774886032207709,-163.70250545000002,0.8373842592592593,25.945195142673054,1.6420121249530262,1844,5.911841094979983,0.8535290615671022,51.947535474950314,243648,0.20634272032101156,19.675925925925927,0.12929317164311402,25.564814814814813,36.951388888888886,6.297208485423863,17.53217034109056,141,12.132457836833325,0.9237553500851247,10.32966632225719,132,36.0,0.4191349655604792,5.946369548191398,4.4673084281262785,48,28.91348379629637,0.008316874504089355,1400,31.848078163464866,-0.028582936256296106,0.09855324074074075,-45.15342017279731,3288.99755859375,0.0003,7456.5008481626155,0.2,0.012119169
12.654217926465895,0.0,8.881487955663673,-165.05148640000004,0.8634259259259259,25.932151163190156,1.6479658448421854,1856,5.943226639796148,0.853094726451063,51.965384572206176,245376,0.2082165754888722,20.02314814814815,0.13115205343826808,25.84259259259259,36.82175925925926,6.334654627836028,17.472220289389504,142,12.251085267750105,0.9236050104303369,10.485739895586132,132,36.0,0.4164702320598329,6.0615647950827665,4.490988978849752,48,29.246238425925917,0.00802546739578247,1410,35.217569205937565,-0.042918925639241934,0.30127314814814815,-45.10564692461932,66.34383392333984,0.0003,208.03377733583804,0.2,0.03130587
12.648352293898897,0.0,8.823321482384705,-165.87308641000004,0.8304398148148148,25.865784137116467,1.6537741485481472,1869,5.974597520530895,0.8511475950612661,51.89407214301675,247104,0.1956082479879416,19.90740740740741,0.12692248296743697,25.23148148148148,36.88136574074074,5.9559196737023505,17.49806012281822,143,11.966021844470314,0.9117579721844896,9.821941518172665,132,36.0,0.4161316165787725,6.029430645409943,4.514734129156798,48,29.072627314814785,-0.003432750701904297,1420,34.713726734673536,-0.02797837447444046,0.08790509259259259,-45.10450693766276,3319.14990234375,0.0003,7887.134072989004,0.2,0.011089873
12.571275881340346,0.0,8.974800572964966,-166.52890406000003,0.8101851851851852,25.898591303257934,1.6599611499805595,1881,6.0057757102342455,0.8524338998040212,51.95206872084865,248832,0.20222789474291605,17.708333333333332,0.1259309613918564,25.083333333333332,36.708333333333336,6.163824336719162,17.424367725203826,144,11.904764248286966,0.9190786830657155,9.968588585006128,132,36.0,0.4135734306994604,5.371837764990708,4.5382950484698075,48,29.550057870370377,0.022857248783111572,1430,27.09239976030809,-0.04519259719160834,0.30572916666666666,-45.075276381881146,95.77904510498047,0.0003,230.65924224853515,0.2,0.035348814
12.831939474395151,0.0,8.655557150778934,-167.97852010999998,0.8315972222222222,26.000102433757927,1.665350042857507,1894,6.037605558920234,0.8562549593859217,52.02236515241026,250560,0.2119974075791817,16.78240740740741,0.13013597023905785,24.787037037037038,36.87731481481482,6.4607677642997166,17.498406784345672,145,11.77095707451628,0.9159042557127995,10.131724838815998,132,36.0,0.42244219443978775,5.102505964044803,4.562041065430671,48,28.49392361111109,0.012044727802276611,1440,29.94514552752177,-0.03019161186767397,0.09386574074074074,-45.112615698355214,4150.93017578125,0.0003,7957.742113353588,0.2,0.012072617
12.651415122365217,0.0,8.709251408532921,-169.10700495999998,0.8333333333333334,25.99249761779281,1.6708731713788394,1906,6.068984096726147,0.8553833199774635,52.05642583670266,252288,0.174411680762934,18.865740740740744,0.13018847121721036,23.73148148148148,36.651041666666664,5.32741046044412,17.392984179382044,146,11.258645855561738,0.9168225841500748,8.486056316005858,132,36.0,0.4165676128918599,5.698190651747577,4.585523525879126,48,28.66753472222227,0.014330267906188965,1450,31.95867304691562,-0.042883750748027256,0.3048032407407407,-45.062923699838144,90.45951080322266,0.0003,204.0876831902398,0.2,0.03162877
12.651433704755883,0.0,8.769346672450675,-169.42505669,0.8391203703703703,26.067376954555172,1.676546538059966,1918,6.100362680988036,0.8581423114495235,52.11089538808159,254016,0.17332441327473855,20.71759259259259,0.1342834798540894,24.046296296296294,36.74016203703704,5.274345061415593,17.429206378300297,147,11.402717782190443,0.9209020803501813,8.577062843606036,132,36.0,0.41642399302207744,6.284756281784084,4.609096541824877,48,28.913483796296354,0.01152271032333374,1460,30.197852434935392,-0.026396025336106067,0.08952546296296296,-45.07492367779767,4151.68359375,0.0003,8123.704852068866,0.2,0.01116454
12.660593544291244,0.0,8.69751913190432,-170.11233783,0.8269675925925926,26.105283909124893,1.682040335889727,1930,6.131764164848764,0.8589056602433408,52.15035577433702,255744,0.17818327589062036,20.25462962962963,0.13090970967005633,24.398148148148152,36.554976851851855,5.41267074020413,17.349778723873538,148,11.569864558294883,0.9177093486561917,8.882535298499015,132,36.0,0.41713187623389286,6.16106625471198,4.6324709886345605,48,28.631365740740744,0.01782357692718506,1470,34.238423517898276,-0.04496283274212921,0.32569444444444445,-45.03127399020725,67.20503234863281,0.0003,166.89921222262913,0.2,0.037407998
12.742681222483396,0.0,8.628235458659123,-171.48759265999993,0.8518518518518519,26.093925619167873,1.6873609245363748,1943,6.163370867904973,0.858808744364597,52.15449721664515,257472,0.1695909228921547,20.25462962962963,0.1363279000232223,24.12037037037037,36.670138888888886,5.1500871203196406,17.395988264525666,149,11.440495980495049,0.9180054721139965,8.490583100814689,132,36.0,0.42010201106057815,6.161176251350987,4.655960959295875,48,28.334780092592606,0.01486283540725708,1480,32.298922807198984,-0.025931063649693022,0.08356481481481481,-45.0503146842674,2992.14013671875,0.0003,7799.945791739005,0.2,0.011305935
12.48769319057274,0.0,8.952821353842547,-171.77428463,0.8790509259259259,26.051304676021093,1.693492977920981,1956,6.194340100881405,0.857460207372688,52.19959445341507,259200,0.17775829045341693,19.675925925925924,0.14197451234344385,24.546296296296294,36.504050925925924,5.398076416065874,17.325884098960387,150,11.642976446084745,0.930925999175659,8.94105286215062,132,36.0,0.4108170220843057,6.005701379269419,4.6792756695432765,48,29.528356481481417,0.030560314655303955,1490,31.451201383272807,-0.03905780800376777,0.33622685185185186,-45.017491602014616,47.71966552734375,0.0003,110.80727912055121,0.2,0.03650881
12.612459134008363,0.0,8.822522303190079,-172.18023997999998,0.8564814814814815,26.0515846477093,1.6992992836789562,1970,6.2256212487164255,0.8573596451666696,52.16505643876096,260928,0.1745945397923364,19.791666666666668,0.13282598111403657,24.59259259259259,36.473958333333336,5.291413393366078,17.31130105038497,151,11.662040078244836,0.9173532160259719,8.853453471610914,132,36.0,0.4147083574977015,6.043947096873893,4.702553922169239,48,29.079861111111125,0.009463250637054443,1500,31.468898174497816,-0.0271118506875441,0.08350694444444444,-45.02730865478516,3321.37353515625,0.0003,7915.887384259259,0.2,0.010562881
12.592553102098762,0.0,8.556692049877025,-173.16667703,0.8020833333333334,25.810232632923498,1.7044410138036488,1983,6.256852631471673,0.8493759601464439,52.036479918058454,262656,0.17238349034273215,21.412037037037038,0.12625836348856967,24.740740740740737,36.461226851851855,5.223901219548928,17.30120348114846,152,11.72560446498632,0.9183896463558326,8.87448908858019,132,36.0,0.4152748977548558,6.524983404044941,4.72580693087211,48,28.10329861111113,0.025554239749908447,1510,33.261721513889455,-0.03867720760818985,0.2980902777777778,-45.03122561419452,77.61605072021484,0.0003,132.85377352679217,0.2,0.031226289
12.578788749348632,0.0,8.871448298819859,-174.22292720999997,0.8518518518518519,25.9264469636412,1.7103696345506985,1996,6.288049603345044,0.8531310396832535,52.10858408041054,264384,0.17650421968624816,20.48611111111111,0.13085152184417112,24.824074074074076,36.588541666666664,5.3740629233154635,17.353552765934133,153,11.777274943362935,0.9201530993252499,9.051337866678399,132,36.0,0.41456674217165623,6.238510575079726,4.749190812786945,48,29.166666666666682,0.01833277940750122,1520,34.65457608920556,-0.024954200399763607,0.06325231481481482,-45.03589179427536,4039.923095703125,0.0003,7893.754468677662,0.2,0.009533948
12.626618411127849,0.0,8.797853271397402,-176.07964618999995,0.8425925925925926,25.84391533992463,1.716114267729192,2010,6.319366149372864,0.850504068015673,52.08062714938634,266112,0.1749127263600984,20.37037037037037,0.13457911793862587,24.62037037037037,36.64351851851852,5.316895125931857,17.395438525076937,154,11.67633739822861,0.9209012323694409,8.893232524160467,132,36.0,0.41547039830486904,6.202709419582078,4.772679409099637,48,28.97135416666659,0.0058335065841674805,1530,33.13401822624383,-0.04574758778843615,0.3302662037037037,-45.01605798226816,28.8780460357666,0.0003,93.81823521366826,0.2,0.034547824
12.541562030523506,0.0,8.83593603811252,-176.90405544,0.8304398148148148,25.861832310839393,1.7219541078244733,2023,6.350470054449173,0.8510799169628914,52.09760610153364,267840,0.1784401598833167,20.833333333333332,0.13331063768136195,25.09259259259259,36.557870370370374,5.420010458142052,17.347481353021823,155,11.903816713560412,0.9165998461994193,9.223827171702464,132,36.0,0.41277110030180253,6.356286814649496,4.796048112482191,48,29.079861111111065,0.010725915431976318,1540,33.48987473911709,-0.02161770840692851,0.06626157407407407,-45.02082614192256,3815.1962890625,0.0003,7920.088811125579,0.2,0.009141884
12.659682190697993,0.0,8.618706983762815,-177.45996292999996,0.828125,25.79283352746488,1.7272508752838804,2036,6.381869259925918,0.848639339560918,51.925952139949835,269568,0.17839843001913366,19.675925925925924,0.13311110232484147,24.75,36.515625,5.429208539547706,17.325745903135402,156,11.742883550842535,0.9214597479206751,9.072092090390242,132,36.0,0.41696807762829713,5.981579433719182,4.81936247724003,48,28.35648148148145,0.011590540409088135,1550,35.93097958586834,-0.03938049906692295,0.33871527777777777,-44.99580631962529,33.59505844116211,0.0003,82.57087280838577,0.2,0.041784104
12.677771606411108,0.0,8.608074643378933,-178.85037100000002,0.8564814814814815,25.70610648328892,1.7325210618923277,2049,6.413313688941946,0.8458625919604934,51.91590806987096,271296,0.17482588855155431,19.212962962962962,0.14144501509437615,24.527777777777782,36.605324074074076,5.313198638869079,17.36638651742135,157,11.629626979908878,0.9246827243676068,8.842825618777958,132,36.0,0.4173901797370004,5.825086317553147,4.842778443533583,48,28.35648148148149,0.019380509853363037,1560,35.67785493886029,-0.016000960084299246,0.06296296296296296,-44.98183400189435,3881.59130859375,0.0003,7810.615796802662,0.2,0.007207117
12.433126276234418,0.0,8.85946283705198,-179.13111607000002,0.8512731481481481,25.815593232999163,1.7384197189849577,2063,6.444146504632532,0.8494941357254081,51.98306074445512,273024,0.19068851302054277,18.171296296296298,0.13801942788021704,24.944444444444446,36.464699074074076,5.781162698542914,17.300462145543076,158,11.822062048506709,0.9179025648983526,9.503224747049623,132,36.0,0.4093070266552483,5.527883269730651,4.866029598897441,48,29.159432870370342,0.06061011552810669,1570,35.264035460684035,-0.04023320869611645,0.30850694444444443,-44.96591121532299,52.237091064453125,0.0003,60.970007769266765,0.2,0.035997186
12.399536388043964,0.0,8.681561273012415,-178.99078078000002,0.8136574074074074,25.830016920823585,1.7438736221674889,2076,6.474895345602642,0.8498272245923988,51.996084850564614,274752,0.19692021217070663,17.24537037037037,0.12494979184953064,25.083333333333332,36.395833333333336,5.972623134236464,17.275314520450774,159,11.893504364286756,0.9131011734038045,9.76612749852322,132,36.0,0.4079439597984614,5.237498657578989,4.889217885198568,48,28.587962962962994,0.014256715774536133,1580,34.307910186273084,-0.012925954866740438,0.047858796296296295,-45.0059353016041,4089.92041015625,0.0003,7877.128479456019,0.2,0.006670285
12.50667645840069,0.0,8.804889114462073,-180.51291174,0.8043981481481481,25.792782617517968,1.749635844953644,2089,6.505912036748644,0.8487962472000116,51.96902133274485,276480,0.19329749163280274,16.782407407407405,0.126826544846669,24.675925925925924,36.4693287037037,5.846931961259266,17.300455730642547,160,11.683781868488376,0.9125820633200843,9.430713829747642,132,36.0,0.41209745288574834,5.098854127201884,4.9124690245251745,48,28.956886574074034,0.013008058071136475,1590,33.9815159952199,-0.044829577756010826,0.3045717592592593,-44.96471926371257,57.672359466552734,0.0003,89.7483321013274,0.2,0.0319925
12.47610636639567,0.0,8.738337997308475,-181.69420657999999,0.8657407407407407,25.858886270155626,1.7552316899469151,2102,6.536852302664633,0.8508794936361564,51.97284175376325,278208,0.18687268134116994,17.59259259259259,0.13824330718033967,24.712962962962962,36.58391203703704,5.656653855370891,17.361941317335894,161,11.706105377089015,0.9276605594238324,9.262759232459906,132,36.0,0.41043169922575395,5.349072537009568,4.935873877818514,48,28.80497685185188,0.014796435832977295,1600,37.3948600574776,-0.022100544072411677,0.04010416666666667,-44.97031411064996,3780.16357421875,0.0003,7945.969153284143,0.2,0.007895662
12.194722693269776,0.0,8.957723764999953,-181.38627748,0.8506944444444444,25.89878295403417,1.761375999359415,2116,6.567089109397807,0.8522011951879164,52.02622736362391,279936,0.20142889251186472,14.351851851851853,0.13137360983526616,24.85185185185185,36.22858796296296,6.12348632487727,17.193327945156582,162,11.789435932882002,0.9190209694049912,9.812922257759272,132,36.0,0.40110630031216166,4.356989389047153,4.9588571976814055,48,29.542824074073994,0.023321449756622314,1610,36.137046066699206,-0.04405222955780725,0.30896990740740743,-44.9501609660961,78.6214370727539,0.0003,111.18502057393393,0.2,0.032991886
12.72146503433971,0.0,8.72990061894958,-183.81079482,0.8113425925925926,25.91885971923738,1.7669507509067888,2129,6.5986427719836565,0.8527110367480439,52.09020736371276,281664,0.20321291191054336,14.120370370370372,0.1257996159930648,24.759259259259256,36.857638888888886,6.178649132960312,17.493367422807484,163,11.75276561433734,0.9141053721985126,9.831414747297654,132,36.0,0.418848987983609,4.284083115608552,4.982590616238424,48,28.783275462962983,0.0072577595710754395,1620,38.9142340571792,-0.014300784406562647,0.040046296296296295,-44.99494510226779,4085.35986328125,0.0003,8084.8994140625,0.2,0.0060415994
12.32481028146409,0.0,8.63641891393592,-184.94146348,0.8344907407407407,26.177246938818985,1.7722917981916286,2142,6.629204797687317,0.8616931931431161,52.14060227730757,283392,0.22002930256677403,14.236111111111112,0.1313236718168833,25.462962962962962,36.382523148148145,6.668317617502986,17.266121604503592,164,12.066378434592465,0.9219208523151571,10.634696052095451,132,36.0,0.4053608237725997,4.339666590909613,5.005755920249683,48,28.43605324074078,0.022207677364349365,1630,40.189412787667024,-0.0392141648930394,0.46793981481481484,-44.905866891366465,50.197078704833984,0.0003,52.560724314936884,0.2,0.048980262
12.598262633990855,0.0,8.520836273339308,-184.89333172,0.8096064814814815,26.18728978359327,1.7773438888749769,2155,6.6604504542722935,0.8616274184409898,52.13720130888037,285120,0.21597733002326117,14.236111111111112,0.12481485497362611,25.296296296296294,36.48784722222222,6.558844552629794,17.315485858923463,165,11.994490572271301,0.9183883219426747,10.453335124901095,132,36.0,0.4145138337397816,4.330993331994849,5.029044634896992,48,28.088831018518558,0.013271868228912354,1640,37.79234274978991,-0.013122145341778243,0.028587962962962964,-44.96644452412923,930.1497192382812,0.0003,2138.2229012948496,0.2,0.006071147
12.501638901651381,0.0,8.668772132949949,-186.64610611000003,0.8344907407407407,26.02293542704206,1.7827658192073517,2168,6.691454551526422,0.8563285065638407,52.05713358550534,286848,0.20131010007274872,16.087962962962965,0.12640814276792647,25.083333333333332,36.398148148148145,6.136645992764252,17.272976199171733,166,11.902026427613677,0.9214629205852555,9.93867242037793,132,36.0,0.4115259619368,4.8760931178128,5.052227075394921,48,28.559027777777857,-0.0007866621017456055,1650,56.88089785929079,-0.02928976286202669,0.0775462962962963,-44.94048678080241,113.54058837890625,0.0003,350.7830990826642,0.2,0.0107227275
12.445313846019793,0.0,8.74141629671711,-187.2634985,0.8587962962962963,26.079872394941543,1.7883693599491444,2182,6.722317836141472,0.8582579767202235,52.082293601390354,288576,0.2078665754628867,15.740740740740742,0.13535876362977958,25.277777777777775,36.49768518518518,6.325066754228232,17.311256767950255,167,11.98976365181994,0.9206135356014685,10.214830406048172,132,36.0,0.40980508821602646,4.786109100649425,5.075505217314796,48,28.819444444444443,0.007271945476531982,1660,49.6179423738409,-0.00956537864446916,0.0033564814814814816,-44.96326103210449,3441.1103515625,0.0003,7082.526605902778,0.2,0.0022950636
12.544850999376315,0.0,8.854751233018982,-188.6414701200001,0.8373842592592593,25.98423624278529,1.7942562380316918,2195,6.753429963639912,0.8547639394071584,52.025552232023436,290304,0.21400511300300018,16.203703703703706,0.12815184002733715,25.48148148148148,36.427083333333336,6.516570850395795,17.292406835325508,168,12.088261732053278,0.9178457616859411,10.504832582449072,132,36.0,0.41249299143647816,4.92688892503288,5.09873623440311,48,29.137731481481477,0.12236225605010986,1670,45.23574745434302,-0.03544878083263972,0.2103587962962963,-44.94873644510905,31.496192932128906,0.0003,88.38510042826334,0.2,0.026915291
12.55517979732187,0.0,8.91913165058296,-190.48382104,0.8315972222222222,25.952285923374532,1.8003040671581492,2208,6.784567913133217,0.8539460808626805,52.07486225807357,292032,0.21784613005385553,15.856481481481483,0.1250449885869437,25.722222222222218,36.636574074074076,6.619952323949313,17.3863562402188,169,12.195694583185633,0.913563947904773,10.715646907134946,132,36.0,0.4129029118220381,4.829351498238778,5.122202125003657,48,29.347511574074126,0.04932743310928345,1680,63.307030429663484,-0.031018350178513815,0.1267939814814815,-44.929685027511034,84.59452819824219,0.0003,162.72308538931387,0.2,0.014952821
12.636415299324021,0.0,8.790964703634693,-192.14047170999996,0.8188657407407407,25.982668515911612,1.8060314789172358,2221,6.815908951381527,0.855074112031165,52.09865481488303,293760,0.21938518002464033,15.625000000000002,0.1257818333529606,25.75,36.73206018518518,6.661613461738734,17.438942825592147,170,12.211742932223144,0.9178021229042292,10.77335639396188,132,36.0,0.41572736721647485,4.772616577281485,5.145799482067638,48,28.913483796296276,0.03363537788391113,1690,51.1018147609852,-0.015089619261454102,0.01568287037037037,-44.95160074587221,3082.95556640625,0.0003,7178.685895905672,0.2,0.004063443
12.421149421448265,0.0,8.709933273277267,-192.39668064,0.8356481481481481,25.905215702427245,1.811556312100429,2235,6.846711824935148,0.8530048548653961,52.070731637504515,295488,0.21487952925745493,16.435185185185187,0.1268647017497269,25.73148148148148,36.49074074074074,6.522796338255469,17.32016892999194,171,12.200068452905265,0.9145193393158558,10.622864791160733,132,36.0,0.4084431395259691,5.006925075275039,5.169099904392618,48,28.70370370370367,0.0575680136680603,1700,56.068015820891766,-0.03821537692479238,0.3751157407407407,-44.95681429262515,34.53792190551758,0.0003,78.2186461130778,0.2,0.04330999
12.40119433647608,0.0,8.951879612791695,-192.10096672,0.8240740740740741,26.044889880623376,1.8176860111324082,2248,6.877464810776338,0.8573074061680933,52.16254403112808,297216,0.21223644283033904,16.89814814814815,0.12082351935947531,25.805555555555557,36.454861111111114,6.437595792770963,17.295617585759825,172,12.235995158711447,0.9174372983338992,10.573590951482409,132,36.0,0.40816743155186785,5.148414905182394,5.192338948357017,48,29.47048611111111,0.05511963367462158,1710,57.22782744389993,-0.026841780179421657,0.08229166666666667,-44.95099060623734,273.35675048828125,0.0003,692.8591873734085,0.2,0.011286444
12.469138799036857,0.0,8.697683600868565,-193.40393652999998,0.8344907407407407,26.055570479944567,1.8231802201345797,2261,6.908387657773931,0.8576527171270424,52.14065053021876,298944,0.21174681622620897,16.087962962962962,0.12466871286401039,25.63888888888889,36.546875,6.417452694851725,17.33802911670494,173,12.155682271105585,0.9158330395354084,10.47313496595731,132,36.0,0.4104233092307911,4.906604554939297,5.21568402114878,48,28.631365740740723,-0.007138490676879883,1720,86.46987960956714,-0.025194704694742404,0.075,-44.952888531155054,281.70745849609375,0.0003,651.7186113145616,0.2,0.011106993
12.496652271716322,0.0,8.797026174357796,-194.56561443,0.8032407407407407,26.05205161911971,1.8289227855704742,2274,6.939379288453222,0.8574001480902984,52.13965122200622,300672,0.2163118600532347,15.625,0.12189169996032455,25.814814814814813,36.43055555555556,6.569355350944634,17.288604281722524,174,12.242377581255335,0.9102913012176707,10.711732932199968,132,36.0,0.4106712703507271,4.754932534113428,5.238905531853086,48,29.04369212962965,0.02780938148498535,1730,66.27207677276046,-0.016673786281090643,0.01394675925925926,-44.95769119262695,2966.25634765625,0.0003,5614.308432798032,0.2,0.004370237
12.506173338962126,0.0,8.898517669858242,-196.2577434,0.8512731481481481,25.9485768121654,1.8349190797451198,2288,6.970394721800627,0.8542833391656818,52.092747436851425,302400,0.2329693848924452,15.856481481481481,0.12960496262840596,26.555555555555557,36.68460648148148,7.059563557548543,17.41221850210593,175,12.592195770833113,0.9189918507787532,11.551759328381657,132,36.0,0.4113145878593818,4.840977433342129,5.262436078108351,48,29.304108796296312,0.1352161169052124,1740,69.24245739910337,-0.03921004692437472,0.3168402777777778,-44.95120198285138,20.506080627441406,0.0003,67.2091316011217,0.2,0.03846524
12.445166091635611,0.0,8.933126004890696,-197.41827848,0.8391203703703703,25.90068548542062,1.8410018947573465,2301,7.001257637029716,0.852830509990698,52.035871667912,304128,0.2225693510154506,16.203703703703706,0.12117181784438905,26.287037037037038,36.62210648148148,6.748660279054167,17.38319962815823,176,12.46403168050991,0.9111462720490768,11.112691959564078,132,36.0,0.40921018707243767,4.938816873323193,5.285894077178747,48,29.41984953703708,0.033506035804748535,1750,70.71866369600649,-0.017516380693349574,0.0509837962962963,-44.93285359983091,2304.3681640625,0.0003,4559.827945963541,0.2,0.006302401
12.462781280056431,0.0,8.637980988349524,-198.19754134000001,0.8402777777777778,25.903068285007436,1.8463468472282203,2314,7.032164590229857,0.852452596269897,51.9969813870307,305856,0.22995291298570408,14.351851851851853,0.12335495394881253,26.324074074074073,36.6869212962963,6.973706659814803,17.408711860985196,177,12.481763270065832,0.9130722203950378,11.355469929880634,132,36.0,0.41003428401141656,4.3670445953472,5.30941585683121,48,28.47222222222227,0.0939074158668518,1760,73.0636153821592,-0.04149636578297725,0.20630787037037038,-44.89831124764902,131.9521942138672,0.0003,113.78384453102395,0.2,0.020759694
12.257299638469243,0.0,8.945053805507218,-198.16963510999997,0.8420138888888888,25.917693531859033,1.8524594817419884,2327,7.06255783932603,0.8531425029831016,52.03823427010116,307584,0.23840200633726316,14.351851851851853,0.12606395224333736,26.759259259259263,36.385416666666664,7.220699776006719,17.269076254471315,178,12.679244430484273,0.914368184319013,11.799944206490991,132,36.0,0.4032050777877974,4.3670445953472,5.332588547467388,48,29.427083333333368,0.05278277397155762,1770,75.42800195835255,-0.015124164321632296,0.02181712962962963,-44.92539646007396,3359.791748046875,0.0003,6583.914210792824,0.2,0.0054307547
12.395714613959015,0.0,8.945647711446783,-198.64765481000006,0.8599537037037037,25.876046556829632,1.8585736010206053,2340,7.093297125860928,0.851901320547955,52.006022725841696,309312,0.2399067731300741,14.351851851851853,0.13067759627032338,26.833333333333332,36.57118055555556,7.269835431656101,17.358479357745097,179,12.714349416567813,0.9181081959656147,11.884184848223914,132,36.0,0.40760678068661194,4.366226552791078,5.355984745861751,48,29.484953703703734,0.03425341844558716,1780,81.49938652692018,-0.03967980260753797,0.30931712962962965,-44.94327323348434,143.02865600585938,0.0003,177.19704341182003,0.2,0.03295444
12.305286436744565,0.0,9.052741442360217,-200.36832205,0.8396990740740741,25.868368321930575,1.864955454626506,2354,7.123810341952789,0.8516917050838065,51.984061765537454,311040,0.24062822957672012,14.46759259259259,0.12377135352708722,26.990740740740744,36.667245370370374,7.289773136744117,17.397110235985878,180,12.79349795028079,0.9121693496568709,11.983271087024907,132,36.0,0.40498684674540186,4.4003060085242955,5.379477521451716,48,29.75983796296292,0.019999980926513672,1790,77.84230813803497,-0.01739281999913079,0.033854166666666664,-44.96499322961878,2280.8798828125,0.0003,5171.73006817853,0.2,0.0065366956
12.370821220227866,0.0,9.125204327700034,-201.34602950000001,0.8472222222222222,25.917198293406994,1.871518465445756,2367,7.154487395003359,0.8531861997619575,52.00488761578555,312768,0.22818041170773132,16.319444444444446,0.12720473440196203,26.509259259259256,36.594907407407405,6.923546145414636,17.36321553373271,181,12.569924707949255,0.9190054422829151,11.39347085336389,132,36.0,0.40710647549966417,4.96527579772489,5.402885560286048,48,30.063657407407504,0.062329113483428955,1800,92.8981220819332,-0.039021892868051376,0.1839699074074074,-44.93242212931315,114.8802719116211,0.0003,225.76628324720593,0.2,0.020797487
12.443677243609494,0.0,8.984682607723402,-203.01496932999999,0.8414351851851852,25.863882998952647,1.8777301719650645,2380,7.185346588112383,0.851737555762275,52.008167701998396,314496,0.23143599763761372,15.856481481481483,0.12506254976771647,26.666666666666668,36.78414351851852,7.017184321833445,17.458010871154254,182,12.641041456925828,0.9181991296631181,11.558225778759272,132,36.0,0.40937237211989425,4.838462471516472,5.426530587463934,48,29.615162037037152,0.03154999017715454,1810,89.92784658008152,-0.020469264927561636,0.030034722222222223,-44.97313164605035,3262.430908203125,0.0003,7834.449057798032,0.2,0.00667891
12.701007653556056,0.0,8.639855760092829,-205.07281827999998,0.8344907407407407,25.8528572635641,1.8830798113652967,2393,7.216849107246273,0.8508284447493035,51.99623610465911,316224,0.25629357873228176,14.699074074074074,0.12497768019682833,27.425925925925924,36.844907407407405,7.76226170892496,17.489008593233674,183,12.99712547396427,0.9230465969650324,12.65938718288923,132,36.0,0.4174322637469886,4.475804457214203,5.4502531089470185,48,28.472222222222253,0.0676313042640686,1820,94.3179312604445,-0.04020829930108179,0.3215277777777778,-44.94830822414822,83.33106231689453,0.0003,105.5921427267569,0.2,0.03805036
12.582523715223005,0.0,8.874332405332519,-206.56805406,0.8454861111111112,25.860194638347796,1.889015642378628,2406,7.2480554165343305,0.8510532008588486,51.93507641004022,317952,0.25381883005091543,15.277777777777779,0.126190636134695,27.416666666666668,36.8275462962963,7.702582878455172,17.484586389687177,184,13.001034893845194,0.9258516180210996,12.603617772300368,132,36.0,0.4134818217654302,4.6517142828059175,5.4739645749212364,48,29.260706018518587,0.043142497539520264,1830,98.0535900539822,-0.015235651527634925,0.03194444444444444,-44.96648520010489,2000.621826171875,0.0003,4514.0115406177665,0.2,0.0059827147
12.537672107557682,0.0,8.858397876837573,-207.21822575000002,0.8240740740740741,25.803706438992194,1.894911637070722,2419,7.279149596803225,0.8491656802259108,51.90637656894079,319680,0.24159335938629156,15.856481481481481,0.12291384294140988,26.935185185185187,36.722800925925924,7.32798665468077,17.426983071625994,185,12.77172798978451,0.914013848388291,11.999714644465282,132,36.0,0.41240674757905527,4.833016993260737,5.497532032600302,48,29.224537037037095,0.053466618061065674,1840,104.98144602245755,-0.041479831978816675,0.18368055555555557,-44.95400095339175,78.67361450195312,0.0003,214.30538688942238,0.2,0.019779144
12.513047850247112,0.0,8.97549712007313,-208.11045390000004,0.8483796296296297,25.794541985349653,1.9011003798709047,2433,7.310182216428843,0.8488954224417408,51.90279469992502,321408,0.2453355294463931,15.856481481481481,0.12977824572724442,27.083333333333332,36.83680555555556,7.444323768909354,17.47542521318616,186,12.84499673029547,0.9231622055676967,12.189320499204825,132,36.0,0.4120760532397925,4.833016993260737,5.521220595633267,48,29.542824074074126,0.05858302116394043,1850,102.9726543435344,-0.02230591677405216,0.028645833333333332,-44.96145111366555,3900.98583984375,0.0003,7198.850743272569,0.2,0.0065239756
12.557379669359529,0.0,8.86987880496212,-209.33179573,0.8431712962962963,25.684529325536364,1.9070250768833101,2446,7.341325665602242,0.8454753059595089,51.85298264095305,323136,0.24023604314353256,15.509259259259258,0.12583880484519921,26.935185185185187,36.777199074074076,7.28210568861741,17.450190018203084,187,12.767094738656894,0.9171704338635787,11.949200427274304,132,36.0,0.41329640037008525,4.705928228628736,5.5448460706787746,48,29.25347222222231,0.11126482486724854,1860,106.66403819675799,-0.03877468784339726,0.365625,-44.93863372802734,138.695068359375,0.0003,74.7947134371157,0.2,0.044995904
12.645376659500448,0.0,8.90900261712187,-210.72985180999996,0.8153935185185185,25.73867121836413,1.9130475834261147,2459,7.372689107250993,0.8471063432320358,51.87408582621712,324864,0.24644927537019687,16.550925925925927,0.12119654705429063,27.36111111111111,36.82175925925926,7.471492664532312,17.470996095899384,188,12.964872022140456,0.9244416994654486,12.33636468667277,132,36.0,0.4159050821781405,5.017843102508412,5.568523560918523,48,29.29687500000009,0.06500852108001709,1870,101.09131199298082,-0.0183434539862598,0.04224537037037037,-44.947546626903396,1647.9278564453125,0.0003,3371.4459807219328,0.2,0.0073112524
12.392557825986279,0.0,9.069719906603993,-210.91818900000007,0.8628472222222222,25.846843606580673,1.9194718831926247,2472,7.403420501815959,0.8508269601993983,51.90839008224515,326592,0.24104984924723696,17.708333333333332,0.1301652436719451,27.09259259259259,36.6099537037037,7.316512222603735,17.369974938602994,189,12.84082377761746,0.921174467803761,12.057336000221195,132,36.0,0.40758855091806945,5.372576941833667,5.5919484982650305,48,29.947916666666632,0.018403470516204834,1880,127.80678539276123,-0.03736950119060499,0.14270833333333333,-44.941415348759406,180.28424072265625,0.0003,457.3388397216797,0.2,0.016033838
12.47361161439285,0.0,8.94857374824314,-211.21915563000002,0.8431712962962963,25.78387849169033,1.9255933175632325,2485,7.434354530851941,0.8490024372885631,51.87897950571402,328320,0.24284775654627963,17.36111111111111,0.1279935089507368,27.314814814814813,36.682291666666664,7.3739859703237265,17.409295239761285,190,12.948398954580854,0.916598507397962,12.222384924904581,132,36.0,0.4101878258387216,5.258111437903184,5.615471736364434,48,29.506655092592617,0.04333221912384033,1890,115.87269801122171,-0.017156776106329978,0.023900462962962964,-44.951397012781214,3421.360595703125,0.0003,6729.252855541088,0.2,0.005993259
12.352742662116176,0.0,9.1268132480367,-212.15045288000002,0.8489583333333334,25.68446385083671,1.9321603506833243,2499,7.464986387507231,0.8456046568117698,51.85093021103484,330048,0.24438419989644256,17.24537037037037,0.12388772033324454,27.509259259259256,36.69097222222222,7.417504550818713,17.414648486357084,191,13.03807565463966,0.9172670173105283,12.355580205458374,132,36.0,0.40615874210145436,5.2259728499424964,5.639008357580327,48,30.099826388888907,0.06474834680557251,1900,102.05006922174383,-0.04311962229786096,0.24305555555555555,-44.95074085659451,139.6022491455078,0.0003,186.87811867042825,0.2,0.02620237
12.705710538483373,0.0,8.958994199801937,-214.88121468000006,0.8246527777777778,25.788189433424105,1.9383078361828292,2512,7.49650066385344,0.8488451462674446,51.91047579606417,331776,0.23518622637293676,17.47685185185185,0.12103582006222936,26.87037037037037,37.00868055555556,7.144817007173537,17.559279394465676,192,12.740763605382474,0.9136067746575975,11.78558061255601,132,36.0,0.41816538598325625,5.285642995443214,5.662906556066491,48,29.521122685185176,0.02788764238357544,1910,109.29032288568992,-0.021065881003246262,0.041435185185185186,-44.98883953800908,3106.5693359375,0.0003,6113.02611219618,0.2,0.0077166352
12.503671204030747,0.0,8.99520522872636,-216.47541612000003,0.8466435185185185,25.86584284644682,1.944545849254645,2525,7.527509841863517,0.8511449794741038,51.90496507098788,333504,0.2366411267062141,19.90740740740741,0.12361309009184387,27.259259259259263,36.714120370370374,7.206862561885166,17.430338948907707,193,12.936828826455733,0.9101442080849288,12.0436913883409,132,36.0,0.4110558248681169,6.042282526826926,5.68648240343876,48,29.60069444444455,0.053651511669158936,1920,121.31497349385862,-0.03742565080282037,0.24797453703703703,-44.968611314561635,48.043479919433594,0.0003,147.67458162660952,0.2,0.025006916
12.405757888143855,0.0,9.104996606176178,-216.23091938000002,0.8368055555555556,25.885829396529648,1.9510583407700854,2538,7.558274236583877,0.8519976482928241,51.93459851956454,335232,0.23918700245399407,20.13888888888889,0.12566318980718405,27.472222222222218,36.72800925925926,7.276980336808234,17.423272060483203,194,13.03451935993408,0.9128297980109743,12.211499696742315,132,36.0,0.4083868660203733,6.10302475449702,5.710040583589969,48,30.041956018518505,0.04132413864135742,1930,109.24818861484528,-0.024411539474709167,0.04814814814814815,-44.95866854632342,2730.4619140625,0.0003,5958.892314091435,0.2,0.008396648
12.463930535856035,0.0,9.137272729267051,-217.10753859,0.8078703703703703,25.776475086347443,1.9576515225932531,2551,7.5891840629235165,0.8490210827291138,51.942651735105734,336960,0.2394721060295544,19.444444444444443,0.11727552138879674,27.34259259259259,36.758101851851855,7.274621580897332,17.44101098342781,195,12.96759828305369,0.9126077670176943,12.142219863951022,132,36.0,0.41039160312204354,5.908084933663074,5.733643111048538,48,30.06365740740743,0.07271671295166016,1940,111.07666800110428,-0.03793578699093174,0.24212962962962964,-44.95073447050871,145.50607299804688,0.0003,240.68734888147424,0.2,0.023676755
12.572627427384745,0.0,9.133883222859605,-218.76993127000003,0.8599537037037037,25.793980371794945,1.9642362306504022,2565,7.620365631491978,0.849361052274361,51.935294577345836,338688,0.2378502649992312,20.02314814814815,0.12783572177754687,27.277777777777775,36.76273148148148,7.232696988774826,17.456323312849772,196,12.94340026303478,0.9172292210802214,12.076097251809607,132,36.0,0.4133050598688194,6.0878118924992615,5.757283919330662,48,30.1070601851852,0.029693543910980225,1950,121.40246400126705,-0.023693529234474733,0.05578703703703704,-44.96355903060348,2990.9775390625,0.0003,6872.0558738425925,0.2,0.009305783
12.535387189635967,0.0,8.904795105343497,-219.88965288000003,0.8535879629629629,25.746834409304046,1.9702482184137609,2578,7.6514540994660685,0.8477440721623289,51.8880372704749,340416,0.2359280353940838,18.75,0.1277547303487797,26.93518518518518,36.71238425925926,7.157139056429358,17.418713624094334,197,12.768771586209487,0.9192061080175421,11.825910642638846,132,36.0,0.41243153353963785,5.698232077755693,5.780830703390898,48,29.369212962962976,0.06976395845413208,1960,101.1550295803282,-0.03989774625817383,0.20613425925925927,-44.89613906012641,227.52328491210938,0.0003,407.1631753427011,0.2,0.021450534
12.674494277878246,0.0,8.886109984392558,-221.34258290000002,0.8402777777777778,25.811854879998005,1.9762134933747422,2591,7.6828903351607645,0.8499031311155142,51.89309054302074,342144,0.23673490172585096,19.328703703703706,0.12271586120613168,27.064814814814813,37.03414351851852,7.168500065628024,17.576272550152606,198,12.821008320751174,0.9168426825593158,11.889508386379198,132,36.0,0.4167478441669851,5.862275591187515,5.80477138476628,48,29.282407407407458,0.04278284311294556,1970,108.76720191284463,-0.025205998336551367,0.05804398148148148,-44.90971298217774,3991.938720703125,0.0003,7854.1526095920135,0.2,0.009781672
12.537010691695043,0.0,8.943203708976846,-222.54944555000003,0.8396990740740741,25.879709675222255,1.9823215026471843,2604,7.713982861890002,0.8525318047254619,51.94364156472172,343872,0.2523138679787652,18.055555555555557,0.12574503356531772,27.546296296296294,36.848958333333336,7.64792490440163,17.483451974893605,199,13.0496919102984,0.9183451566700126,12.597616814700029,132,36.0,0.4124892472224428,5.485626192724461,5.828480014703514,48,29.49218749999992,0.047451794147491455,1980,131.06656756489366,-0.04141636275582843,0.3597222222222222,-44.91167120756926,153.69039916992188,0.0003,121.46211895412868,0.2,0.039574668
12.578333105647928,0.0,9.220418383111692,-223.27624232999997,0.8512731481481481,25.865085000486474,1.9891225486049635,2618,7.745178694654122,0.8518304795491334,51.92414248540882,345600,0.2556317584804957,17.824074074074073,0.1283728995545352,27.675925925925927,36.85011574074074,7.770905722441511,17.48430785786739,200,13.125505555492557,0.9214494609509577,12.79641127793407,132,36.0,0.4140262304270522,5.416726475903371,5.852190784348182,48,30.36747685185188,0.0551488995552063,1990,115.26650046419215,-0.022775177304046573,0.06336805555555555,-44.975931294759114,3019.86279296875,0.0003,5822.093984194155,0.2,0.008943897
12.773401056369712,0.0,8.844675386635764,-225.74891233,0.8744212962962963,25.930074472468945,1.994984237071553,2631,7.7768621972950465,0.8541468699090871,51.9876114353148,347328,0.27189881219939016,17.24537037037037,0.13612244953573271,28.416666666666668,37.123842592592595,8.243876616883188,17.61033078965593,201,13.466891048246874,0.9260200688507888,13.610767665130062,131,36.0,0.4203741660356275,5.248861662592434,5.876216611322322,48,29.1232638888889,0.046286046504974365,2000,125.1856463962131,-0.039924928815000586,0.21770833333333334,-44.96110927440502,202.10403442382812,0.0003,350.8524168791594,0.2,0.021751644
12.74840084161142,0.0,9.02084792527996,-227.58101002000004,0.8506944444444444,25.862878689155764,2.0012863568847528,2644,7.808483199399075,0.8520520894415595,51.958109133052346,349056,0.27094674916390427,16.89814814814815,0.1272851556210064,28.444444444444443,37.15625,8.220081870422232,17.62830930660044,202,13.481591644265814,0.9187288033569198,13.601673514688047,131,36.0,0.4192909508812637,5.146891819445428,5.9002873845888235,48,29.752604166666657,0.056378841400146484,2010,126.82129515541925,-0.022673654014727585,0.047453703703703706,-44.99862977487069,3902.92578125,0.0003,8069.502293113426,0.2,0.008263669
12.680557566275171,0.0,8.802277047626928,-227.70201551999997,0.8483796296296297,25.780271272861437,2.00704204950382,2657,7.839934593314763,0.8490710416434125,51.91809480131866,350784,0.2582732612558313,17.12962962962963,0.12786941211629993,27.666666666666668,36.854166666666664,7.844604450113167,17.493049472884266,203,13.121919856421838,0.9212393384115362,12.866524306535005,131,36.0,0.4169677601305317,5.204322840233983,5.924020008271034,48,29.000289351851823,0.12554174661636353,2020,117.99126244386038,-0.04606047126257585,0.35,-44.99242895620841,169.4247283935547,0.0003,184.7595021565755,0.2,0.03974462
12.612103231967453,0.0,8.95026185384019,-227.85435796000002,0.8587962962962963,25.674760128808856,2.0131677041384206,2670,7.871214851394682,0.8457235530852593,51.892432406492276,352512,0.2546408601503715,16.78240740740741,0.12591009724882368,27.35185185185185,36.92418981481482,7.744393272731746,17.525615215693286,204,12.978100252960994,0.9122431895051237,12.62249352569274,131,36.0,0.4147654206679796,5.096249336068458,5.947834046310267,48,29.513888888888964,0.02649027109146118,2030,129.469759605549,-0.021670822687964473,0.05642361111111111,-45.00066374319571,2581.36376953125,0.0003,5724.587035228588,0.2,0.008641075
12.600445092377697,0.0,8.88369450138991,-228.59267540000005,0.8512731481481481,25.830655771730516,2.0191269403918954,2683,7.902465964125626,0.850958253505591,51.92915180161225,354240,0.2581456418006029,15.74074074074074,0.12440154077319185,27.277777777777775,36.8119212962963,7.828320174128506,17.478447982504942,205,12.929402245927088,0.9166992160318185,12.657722420055595,131,36.0,0.4144455277284544,4.788920658225581,5.971530166266529,48,29.25347222222226,0.07300394773483276,2040,125.49916948035911,-0.04536742534212492,0.22314814814814815,-44.96527622364186,310.6630859375,0.0003,361.87715126320165,0.2,0.02451735
12.648820381321235,0.0,8.78358960478126,-229.69997544,0.8402777777777778,25.81868846075327,2.0248359144038486,2697,7.933838015078929,0.850533120026423,51.94970402457019,355968,0.25795907200275264,16.087962962962962,0.12399717423498091,27.555555555555554,36.83680555555556,7.797158660857467,17.477695099765057,206,13.043829881777427,0.9146704848529146,12.740988542634895,131,36.0,0.41628377892456936,4.88677255138935,5.995224404015942,48,28.92071759259261,0.03835839033126831,2050,124.68898534068354,-0.024676605379553858,0.05289351851851852,-44.98789979440195,3175.0927734375,0.0003,6165.046730324074,0.2,0.009191547
12.697465282117614,0.0,8.79367640421441,-230.86909937000001,0.8483796296296297,25.819817426934335,2.0305701054143848,2710,7.965331678284223,0.8504201204423465,51.9960235252833,357696,0.24526815117098869,17.708333333333332,0.12668130096838445,27.18518518518518,36.836226851851855,7.429561341181437,17.487085093010844,207,12.87069793981396,0.9167305173466744,12.200259280995397,131,36.0,0.4174704839894217,5.364649829531545,6.018942116748469,48,29.01475694444443,0.046516478061676025,2060,144.79682549017448,-0.04394922834234657,0.2550925925925926,-44.9553958468967,177.52212524414062,0.0003,338.7835116351092,0.2,0.02623508
12.565621114487447,0.0,8.985160634479167,-231.25975936000003,0.8466435185185185,25.870066658686724,2.0367830070005826,2723,7.996495731070442,0.8518735342473146,51.9919042968536,359424,0.2477237351857863,17.12962962962963,0.12668739000397572,27.009259259259256,36.72800925925926,7.50924085391708,17.43842775160991,208,12.789278079236931,0.9246859561420818,12.198518933154013,131,36.0,0.4130102346896803,5.188067211686021,6.042538186127493,48,29.564525462963044,0.06316184997558594,2070,120.39092414997242,-0.025292903702292178,0.05931712962962963,-44.97189496358236,3617.144287109375,0.0003,7360.850893373842,0.2,0.009524145
12.568789534331657,0.0,9.114906982151455,-231.62585679,0.8483796296296297,26.110293210442894,2.043320274455961,2736,8.027667704906271,0.8598819123577801,52.0711077024467,361152,0.2544517491988943,17.01388888888889,0.1297994024161148,27.12037037037037,36.62152777777778,7.709135793897384,17.3756139964493,209,12.843064787829709,0.9231840712492612,12.452200581727094,131,36.0,0.41314082077064523,5.168592673641185,6.065977221118617,48,30.063657407407387,0.028372526168823242,2080,150.72718260023328,-0.038553888312782406,0.2431712962962963,-44.94055632132071,207.2554931640625,0.0003,407.31914864999277,0.2,0.025507335
12.694358705511233,0.0,8.957796778210593,-233.35752390000005,0.8478009259259259,26.210806125288883,2.0494647664014876,2749,8.05915360167005,0.8629773234455641,52.09509632654376,362880,0.2657583588054744,18.055555555555557,0.12770981282620705,27.916666666666668,36.70081018518518,8.053259745401121,17.411634012574286,210,13.21871192540405,0.9106504672864795,13.17197167080517,131,36.0,0.41745719710877055,5.472780039031185,6.089506306150053,48,29.53559027777772,0.0769452452659607,2090,140.24221180103444,-0.02674713069917979,0.0697337962962963,-44.94019574765806,3423.602783203125,0.0003,7050.047748480903,0.2,0.010545148
12.741875554309173,0.0,9.033897981850329,-235.47718444000003,0.8524305555555556,26.105994394301234,2.0557995113561134,2762,8.090758290555822,0.8598141538983087,51.99916958171415,364608,0.2520226317039894,19.328703703703706,0.1273611055213369,27.09259259259259,36.785879629629626,7.638912604403605,17.462781775936516,211,12.838233401858382,0.9203707149366679,12.377146006261988,131,36.0,0.41874018882852876,5.877353248433042,6.113163260589895,48,29.7887731481481,0.09241944551467896,2100,132.02248030768502,-0.043457023275119286,0.3140046296296296,-44.91523159168385,251.9707794189453,0.0003,343.3833297164352,0.2,0.03492501
12.72731178183402,0.0,9.070654727189746,-236.96465174000002,0.8587962962962963,26.03822806179956,2.0622261481740876,2776,8.122326570010408,0.857297377295949,51.95740429451976,366336,0.24472541814950718,20.37037037037037,0.1291042446452078,26.76851851851852,36.84606481481482,7.422082403927366,17.493876182360683,212,12.693347227973044,0.9190285568771912,12.01542963190041,131,36.0,0.41828396839065296,6.21592617866393,6.136897951045796,48,29.86111111111109,0.05099910497665405,2110,157.06045221222772,-0.02601801055414533,0.06435185185185185,-44.91638613100405,3461.85400390625,0.0003,8104.897873263889,0.2,0.010277831
12.493895748322608,0.0,9.076953130776433,-236.43776393999997,0.8368055555555556,26.026491351234103,2.0686685310010287,2789,8.153311309381214,0.8571912444451512,52.01147640659434,368064,0.25224292458638775,21.875,0.12651183323167853,27.490740740740744,36.645833333333336,7.622868620017495,17.388814302053774,213,13.01193233274139,0.917451467154781,12.688796172027219,131,36.0,0.4112337823844178,6.653995219268334,6.160369986800931,48,29.875578703703756,0.1032758355140686,2120,143.3069525965938,-0.04081229593139142,0.2697337962962963,-44.88477407384802,168.11141967773438,0.0003,304.82193335073964,0.2,0.029236482
12.405676608578394,0.0,9.30257430931925,-236.18159001000004,0.8142361111111112,25.93536196757643,2.0756749667743266,2802,8.18407550090266,0.8539903108411814,51.93785984139282,369792,0.24774339800175002,21.296296296296294,0.12204853113662634,27.11111111111111,36.617476851851855,7.515948934662833,17.37535141278276,214,12.85837060709108,0.9089349984221354,12.274319541753915,131,36.0,0.4081221849644821,6.483374550627663,6.1838083653328875,48,30.671296296296262,0.04186141490936279,2130,143.97315395143298,-0.030431813943303295,0.08842592592592592,-44.93390761481391,4136.45166015625,0.0003,7270.7830186631945,0.2,0.011142365
12.417967214186733,0.0,9.017192229140607,-236.58673170000003,0.8472222222222222,26.00825139241199,2.081967947347178,2815,8.214870418938126,0.8566015332132725,52.00991780696672,371520,0.2565370635015058,20.13888888888889,0.13131430539022323,27.88888888888889,36.592592592592595,7.768808566498717,17.369777788188458,215,13.21846006460384,0.9152772416002901,12.887268631102557,131,36.0,0.40850863556454137,6.127432235206676,6.207232809803359,48,29.70920138888885,0.0552634596824646,2140,145.12897415426042,-0.03761542067966527,0.2802662037037037,-44.91016982749657,277.72906494140625,0.0003,297.76841114185476,0.2,0.03132086
12.48975877359299,0.0,8.967757213522184,-237.65175268,0.8674768518518519,26.083817958596345,2.0881373403809835,2828,8.24584481587211,0.8588039445347501,52.021018217396595,373248,0.24809822763702008,20.254629629629633,0.13311686377402196,27.23148148148148,36.63483796296296,7.54085952301011,17.387000694128194,216,12.92039448598878,0.9254902386695799,12.361254008998891,131,36.0,0.4108279599431161,6.16587993080784,6.230700311538679,48,29.55005787037039,0.03685116767883301,2150,139.0415305826399,-0.03349097824345033,0.10225694444444444,-44.90168841326678,2589.237060546875,0.0003,5734.426220703125,0.2,0.0130691305
12.638747756464609,0.0,9.043075929567008,-240.05388205000003,0.8391203703703703,26.10565681469268,2.094495030204901,2842,8.27719168526327,0.8593824311399233,52.08993816073115,374976,0.24863283570550362,21.064814814814813,0.12826022118633346,27.537037037037038,36.828125,7.541012618686366,17.46605879451383,217,13.054261094328766,0.9147782417855626,12.495273713015132,131,36.0,0.41632138323340845,6.420026367356507,6.254365458524964,48,29.73813657407407,0.05793207883834839,2160,167.4448877652486,-0.039914983890398784,0.2571759259259259,-44.90888303120931,144.4820098876953,0.0003,329.71285468207464,0.2,0.027109431
12.552621662858174,0.0,9.08835104966767,-241.69265209999998,0.8315972222222222,26.15674998243792,2.10096590782907,2855,8.308323239420416,0.861106580545993,52.06534905914822,376704,0.25881949546584176,21.412037037037038,0.12706365375692089,27.972222222222225,36.69097222222222,7.857280537821263,17.418810301436245,218,13.25845981830217,0.9123653081225096,13.03421683128564,131,36.0,0.41255260603181193,6.518476475162207,6.277912484278555,48,29.99131944444448,0.03948080539703369,2170,149.76754728246618,-0.025649612960923048,0.075,-44.94746787459762,3784.902587890625,0.0003,7633.904680266203,0.2,0.010371111
12.722115899101743,0.0,9.156351927014768,-243.14521286000002,0.8396990740740741,26.157597785123215,2.107606787646607,2869,8.33987852916817,0.8613773935214929,52.07941439817367,378432,0.2575645592488251,21.180555555555557,0.13024538839409316,27.86111111111111,36.88136574074074,7.810673764470642,17.503628651689045,219,13.207617290907395,0.924744545404195,12.918291055378038,131,36.0,0.4182234179462341,6.468529251763698,6.301671555907777,48,30.179398148148135,0.042926788330078125,2180,153.65992818408543,-0.039682954477353226,0.25190972222222224,-44.95171592147262,351.1791687011719,0.0003,514.8970488371673,0.2,0.03105104
12.5276656850493,0.0,9.099281933114398,-244.22957831,0.8611111111111112,26.161983581460152,2.114104992479393,2882,8.370947693380792,0.8614525329224071,52.05711115241892,380160,0.251637080601272,22.685185185185187,0.12885991284973863,28.10185185185185,36.829861111111114,7.628747149898523,17.4731422479944,220,13.31275492951653,0.9113817428172623,13.266164782923862,131,36.0,0.412306802493987,6.924662703508811,6.325354411527764,48,29.95515046296292,0.019096851348876953,2190,181.0882478784632,-0.026888963607726274,0.0802662037037037,-44.934708771882235,3373.432373046875,0.0003,7543.521681495949,0.2,0.010959279
12.516947095549313,0.0,9.400369285443295,-244.95283866999998,0.8067129629629629,26.142316134369043,2.1213559156930013,2895,8.401990061119665,0.8603504725191778,52.0233349801444,381888,0.25037166076414313,21.990740740740744,0.12432353855676416,27.944444444444443,36.875,7.608689168441984,17.503649975584914,221,13.259987852761014,0.9257491154726478,12.98303294471572,131,36.0,0.41193887689600966,6.714355923512721,6.349113536466726,48,30.924479166666583,0.05989503860473633,2200,144.4009622308943,-0.041240749178730225,0.26047453703703705,-44.95957453692401,311.2889709472656,0.0003,441.4706731725622,0.2,0.028207637
12.532814716928469,0.0,9.25240593279889,-245.76007205999997,0.8628472222222222,26.241053243445396,2.1282369305249986,2908,8.433072097911987,0.863730501054345,52.07648685610177,383616,0.25080651288968764,21.296296296296294,0.13228720796555343,27.703703703703706,36.75925925925926,7.613061077468362,17.44571296960132,222,13.134507906908475,0.9230121715718101,12.649743553783363,131,36.0,0.4121973830076012,6.5021745694065265,6.37272781889073,48,30.51938657407409,0.017520368099212646,2210,181.06561145605863,-0.033414431071529783,0.11203703703703703,-44.964589521620006,3729.11181640625,0.0003,7234.36630859375,0.2,0.013571225
12.67895911089628,0.0,9.12059358917315,-247.62455422,0.859375,26.183325660985414,2.1347884144979314,2922,8.464519495689228,0.8620191018416058,52.0821096970167,385344,0.2536335163557925,20.37037037037037,0.13126182211368886,27.37962962962963,36.839120370370374,7.691617861908516,17.478315986914456,223,12.975416603406188,0.91537725049854,12.567034465314705,131,36.0,0.4167594647078967,6.205430541290316,6.396423608858016,48,30.121527777777736,0.09079283475875854,2220,177.2399267302619,-0.04254646057745925,0.28802083333333334,-44.892058294790765,205.01071166992188,0.0003,274.2940351980704,0.2,0.03001248
12.672376031161939,0.0,9.278635312687571,-249.62594862000003,0.8460648148148148,26.226240687421367,2.1417350027796505,2935,8.495950435767133,0.8634038206063427,52.11410412361823,387072,0.26165292744281,23.26388888888889,0.1289198430966337,28.064814814814813,36.923611111111114,7.923168180628412,17.526274414444114,224,13.295270080903764,0.921103191100424,13.709506255993109,131,36.0,0.4165757680458531,7.091067994460932,6.4202392948941265,48,30.55555555555553,0.060647428035736084,2230,150.6507012296606,-0.029238650640817702,0.09236111111111112,-44.90554632963958,3159.846435546875,0.0003,6679.951826533565,0.2,0.012210765
12.587638758297503,0.0,9.216125949154016,-249.71119076000002,0.859375,26.20321028607999,2.1485253176525356,2948,8.527169532662876,0.8625555321829603,52.117680149200474,388800,0.2599199372656648,25.694444444444443,0.1327377816507595,28.240740740740737,36.73668981481482,7.873028901006651,17.42716215041768,225,13.382621823980662,0.9248327588079975,14.503770094713499,131,36.0,0.41397539312681936,7.848119369726185,6.443807200270171,48,30.39641203703697,0.09680533409118652,2240,169.91667088579248,-0.039619605413948496,0.26435185185185184,-44.9001131410952,233.5684356689453,0.0003,454.82086859809027,0.2,0.027430104
12.404707361566198,0.0,9.1774299758998,-249.29945449999997,0.8431712962962963,26.201646703186867,2.155218892592285,2961,8.557931301066791,0.8622845322811616,52.085955399655205,390528,0.2708521227401936,24.18981481481482,0.12570809845085834,28.722222222222218,36.66898148148148,8.215313752700274,17.395787552837145,226,13.627934352119231,0.9145123276406592,14.656644927310174,131,36.0,0.40831935926181967,7.413396822490668,6.4672966691522635,48,30.230034722222232,0.05574589967727661,2250,172.36585075590347,-0.026035311290373404,0.0734375,-44.898616776642974,3347.5166015625,0.0003,7719.571433738426,0.2,0.01058895
12.597701840593727,0.0,9.17534528160007,-250.22218695999996,0.8651620370370371,26.1206458874377,2.1619072557962853,2974,8.589175555668275,0.8591669826498882,52.075511392509554,392256,0.2795506978369205,20.37037037037037,0.13301057465426058,28.824074074074076,36.839699074074076,8.487707233375147,17.48398839046065,227,13.677798998254465,0.9129809963558877,14.065506231629612,131,36.0,0.41416089820701735,6.203267656474485,6.491006640128415,48,30.237268518518476,0.11385989189147949,2260,156.40834143691592,-0.03885467260972493,0.31950231481481484,-44.90974522343388,129.15084838867188,0.0003,281.88193639119464,0.2,0.036566183
12.66937843819219,0.0,9.267553778659947,-252.69966836,0.8443287037037037,26.230143053211737,2.168826140242935,2988,8.620599001763756,0.8629640546332449,52.18991971042238,393984,0.2569750887020925,26.73611111111111,0.12874625087433303,28.675925925925924,36.90625,7.796324889261807,17.51794679599809,228,13.593841020324454,0.9244810117606576,14.913277298449334,131,36.0,0.41628016859293804,8.123111388863073,6.51480150711841,48,30.54832175925929,0.04814428091049194,2270,155.52054828537834,-0.028769754137222967,0.09444444444444444,-44.946678981074584,2595.983154296875,0.0003,5854.322480830439,0.2,0.012562032
12.55847282883156,0.0,9.28269065534163,-253.79180555000002,0.8535879629629629,26.206484986903124,2.1757828668812893,3001,8.651745183835835,0.8621719730562097,52.09393770599784,395712,0.2510590606886148,28.35648148148148,0.13004240507434944,28.083333333333332,36.76215277777778,7.634708456579108,17.447299061625966,229,13.317880989933059,0.9148619900487157,14.926478055814531,131,36.0,0.41328222474412185,8.573888609302365,6.538419754772475,48,30.519386574074034,0.068473219871521,2280,205.72076200909083,-0.039598420579676274,0.2695601851851852,-44.95065327397099,119.20579528808594,0.0003,353.8642794008608,0.2,0.029183913
12.664985399091655,0.0,9.402394976369749,-254.97698454000002,0.8680555555555556,26.180148411209675,2.1830388543222137,3014,8.683157647333564,0.8615732759510961,52.0951934591877,397440,0.2704501211448896,21.064814814814813,0.13593735174982344,27.935185185185187,36.917824074074076,8.20918971541556,17.522114255016238,230,13.255205005591392,0.9265749111647423,13.364394721006953,131,36.0,0.41665698271590784,6.42641143031454,6.5622250404100155,48,30.960648148148113,0.021888792514801025,2290,161.70836369726393,-0.024786927097442527,0.07928240740740741,-44.99670622083876,3157.615234375,0.0003,6782.594330512153,0.2,0.010697157
12.740472622115073,0.0,9.320873225513006,-257.53396471,0.8153935185185185,26.10568884245627,2.1900910373859963,3027,8.714758828888852,0.8589072531516647,52.075260379694186,399168,0.2539294772527045,23.611111111111114,0.11831739610746547,27.666666666666668,36.932870370370374,7.697142902333321,17.529781093156355,231,13.116922785207066,0.9112774136333869,13.40496888144454,131,36.0,0.4188218312043677,7.190903193904153,6.586049493142906,48,30.678530092592563,0.12702631950378418,2300,196.25965279119987,-0.043470727710950154,0.32210648148148147,-44.95429065845631,188.58120727539062,0.0003,264.7844671461317,0.2,0.0376136
12.586503058290612,0.0,9.218992530516209,-257.35901644,0.8310185185185185,26.081545581301015,2.196888518712287,3041,8.745975086534578,0.85808563539813,52.08826656990761,400896,0.26608524860973753,22.222222222222218,0.12658136947415935,28.009259259259256,36.625,8.076525550119525,17.384843183566755,232,13.287098144094367,0.9133767816766958,13.530999517973791,131,36.0,0.4136988881496883,6.767375823759898,6.609511601101823,48,30.396412037037013,0.04644429683685303,2310,185.62308241526287,-0.026159633861647713,0.0720486111111111,-44.967504840426976,3870.465087890625,0.0003,7584.518608940973,0.2,0.010568012
12.651647471720137,0.0,9.396886771308253,-257.84670561,0.8657407407407407,26.10802003687569,2.2041307356405575,3054,8.777354205213879,0.8590863457080418,52.104747043013354,402624,0.24629866877295323,29.74537037037037,0.1322325782092186,27.935185185185187,36.69097222222222,7.464018404663161,17.4095126912117,233,13.2365083213513,0.9164331635316544,15.14616245658944,131,36.0,0.41605901930633915,9.045635730574979,6.633035382829852,48,30.946180555555536,0.07015442848205566,2320,193.5759121576945,-0.04557329679632353,0.2675925925925926,-44.9360171424018,414.9737243652344,0.0003,583.9059708771882,0.2,0.030453138
12.721109192176607,0.0,9.29015554861318,-260.23613123999996,0.8611111111111112,26.08691506277405,2.2111061245120904,3067,8.80890697819432,0.8588528875473321,52.08562842813783,404352,0.2512375585275503,29.39814814814815,0.13235482686232197,28.324074074074076,37.00231481481482,7.6061912833505545,17.563324521922787,234,13.425441720651273,0.9199053251634081,15.369616857414323,131,36.0,0.4181917291737283,8.937983853412495,6.656943694134659,48,30.60619212962961,0.05056869983673096,2330,179.6719775305854,-0.029142052892388567,0.08478009259259259,-44.97706595526801,3611.515625,0.0003,7973.119326895255,0.2,0.011478098
12.918238192208293,0.0,9.19070415966675,-262.69089962,0.8431712962962963,26.133547610242644,2.217832884911257,3080,8.84095257367484,0.8602525478847899,52.08536778879172,406080,0.2505732156847254,28.703703703703706,0.124801913109336,28.407407407407405,36.979166666666664,7.573627948209378,17.555462331887735,235,13.441688082238224,0.9159226271856148,15.096257305000474,131,36.0,0.42465721007618734,8.680941274552872,6.680832349964379,48,30.28790509259254,0.09861326217651367,2340,187.69600198887014,-0.035415403948475914,0.26087962962962963,-44.97168012548376,191.479736328125,0.0003,452.29120596426503,0.2,0.028393552
12.824242577921465,0.0,9.111183496550387,-263.99169379,0.8570601851851852,26.095048044976863,2.224360843652633,3093,8.872763180119644,0.8590915352053917,52.09415186222261,407808,0.2543917806680502,25.925925925925927,0.12948288129540797,28.277777777777775,36.811342592592595,7.7062657528104195,17.467873957380203,236,13.394447085067638,0.9103219008042741,14.347108370957798,131,36.0,0.42167343413026104,7.846395533079741,6.704502034857829,48,30.092592592592585,0.03738886117935181,2350,191.37518010669285,-0.027511111464075467,0.08587962962962963,-45.025584567034684,4180.4267578125,0.0003,8542.353721788195,0.2,0.011626673
12.654358859868305,0.0,8.99297270879426,-262.56129393,0.8854166666666666,26.018670992719027,2.2305932754246185,3107,8.904149077269315,0.8566182336546463,52.017558360474276,409536,0.2527122941885953,24.537037037037038,0.1346998910043381,27.592592592592595,36.61168981481482,7.669662056703037,17.374868569114067,237,13.081950503837875,0.9163686871057164,13.55742990475874,131,36.0,0.41648209801850744,7.4058173442178274,6.727939206280614,48,29.629629629629587,0.05753433704376221,2360,169.39287803967792,-0.04130938719544146,0.25700231481481484,-45.03680544252749,431.2010803222656,0.0003,691.3140065511068,0.2,0.027891936
12.80385798691765,0.0,9.306542914169082,-264.25731355999994,0.8327546296296297,26.10852763785553,2.237609632710041,3120,8.93590872223661,0.8594292317670175,52.033760365342346,411264,0.26846304552071193,23.49537037037037,0.12425875795466132,28.305555555555557,37.015625,8.14224974517561,17.56292527519914,238,13.419688375900057,0.9150185808837051,14.076913849718645,131,36.0,0.4210274677429914,7.114975728642979,6.751846519468612,48,30.692997685185166,0.030405282974243164,2370,171.18399370334765,-0.028007541965969183,0.08096064814814814,-45.04620923642759,3833.91552734375,0.0003,7861.801184534143,0.2,0.011103101
12.714770478224352,0.0,9.08822684016553,-265.779525,0.8362268518518519,26.18404090306024,2.244080199810455,3133,8.96744564843217,0.8617239844220895,52.03523971235878,412992,0.27187993271716676,22.916666666666668,0.12692359869970893,27.916666666666668,36.86168981481482,8.248403082677392,17.50467588166855,239,13.236310573883566,0.9158467244996594,13.863011101168707,131,36.0,0.41745096761934036,6.97829744460775,6.775608209172783,48,29.976851851851887,0.09351694583892822,2380,194.83621534418177,-0.0365292015278505,0.3472222222222222,-45.04187511867947,409.5238037109375,0.0003,347.8779048213252,0.2,0.052114863
12.57846765832904,0.0,9.236457478077918,-265.31535578999996,0.8431712962962963,26.06766745719355,2.25092134350565,3146,8.998641817577992,0.8583550835628032,52.072359168087324,414720,0.2723833638855688,23.72685185185185,0.12931759937556808,28.25,36.726851851851855,8.265404763928112,17.431401411567386,240,13.394104460621643,0.9175448566826773,14.212846122681706,131,36.0,0.4131223912487833,7.153336898131951,6.799186712701702,48,30.454282407407508,0.04244142770767212,2390,193.60368600598088,-0.033168240771111517,0.10300925925925926,-45.03835608870895,2418.7216796875,0.0003,4944.731458875868,0.2,0.012337456
12.614083755987641,0.0,9.329005549440012,-266.1304199,0.8570601851851852,26.13835487505753,2.25799385737925,3159,9.029927026967961,0.8604882879767725,52.06584395256821,416448,0.26004192854958197,29.976851851851848,0.1343267592051512,28.85185185185185,36.96006944444444,7.875659432001844,17.543558891675037,241,13.659608457274048,0.9195119503842467,15.983446132437889,131,36.0,0.4148997180511492,9.048178243161997,6.823045609930889,48,30.678530092592638,0.046171486377716064,2400,225.4859489052384,-0.04029651558785527,0.21302083333333333,-45.00740978099682,440.666015625,0.0003,620.8139755814163,0.2,0.02149031
12.621540774692463,0.0,9.227393400054678,-267.2642294,0.8645833333333334,26.123137856728942,2.264812340879387,3172,9.061230878904691,0.8600499661827108,52.14719381099612,418176,0.2546602795772494,28.819444444444446,0.13045845999175212,28.166666666666668,36.83506944444444,7.724722566544873,17.4798259179359,242,13.344126376133284,0.9277451171949086,15.143016048740295,131,36.0,0.41537619589933616,8.674167106062137,6.846745174725729,48,30.41087962962963,0.057837486267089844,2410,246.15003134056374,-0.026514265807000576,0.07951388888888888,-45.033756750601306,4395.13671875,0.0003,8546.792702907986,0.2,0.010296387
12.648277783193492,0.0,9.236371857380906,-268.36279397000004,0.8501157407407407,26.142953688813368,2.2716532705228394,3186,9.092601573362675,0.8605625407682992,52.08674986447975,419904,0.2667369975165549,30.092592592592595,0.12955884161235276,29.074074074074076,36.79398148148148,8.087732150452007,17.465427276895436,243,13.778545230980782,0.9142000651606031,16.362160273519926,131,36.0,0.4158023071089451,9.095882892087136,6.870408742917968,48,30.454282407407383,0.06237828731536865,2420,223.4974013628783,-0.04039851315664472,0.2351851851851852,-45.03714974014847,233.41259765625,0.0003,550.6872768825955,0.2,0.02533281
12.764795184359036,0.0,9.212251923842203,-270.90393929000004,0.8234953703703703,26.242909270569616,2.2784339003324448,3199,9.124263561323572,0.8641244526425028,52.234296963865965,421632,0.26588199022798115,30.09259259259259,0.12456675855902266,29.12962962962963,36.95949074074074,8.062796737769478,17.54089748502128,244,13.806362724881913,0.9104458099570829,16.36523491512594,131,36.0,0.4198052877353067,9.096075452474548,6.894260986630521,48,30.353009259259302,0.07620364427566528,2430,225.0124554987307,-0.026683352734134705,0.071875,-45.08275420577438,4085.278076171875,0.0003,8280.660745804398,0.2,0.010540686
12.743232883877972,0.0,9.266678063341669,-272.73902672,0.8385416666666666,26.07753083247955,2.285350595490799,3212,9.155871643533267,0.858435390565425,52.101815378791514,423360,0.23250225084097684,39.81481481481481,0.12507006790208972,28.65740740740741,36.879050925925924,7.04429908762346,17.501387661425486,245,13.585628353881923,0.9101977759131581,18.13839145880087,131,36.0,0.4192985796989336,12.10846401729549,6.9180144557840855,48,30.555555555555674,0.10615193843841553,2440,231.8968911047335,-0.040710235621642187,0.28125,-45.064416080051,198.86875915527344,0.0003,382.4659947148076,0.2,0.03171881
12.81841756748495,0.0,9.381761258177962,-273.93305619,0.8420138888888888,26.160530895217764,2.292554998636244,3225,9.18766768745198,0.8611624955983471,52.21009319314936,425088,0.2355040767843525,39.351851851851855,0.1244732254706853,28.712962962962962,36.945023148148145,7.145924780899143,17.54559401594729,246,13.61721748616059,0.9174482762192862,18.121942554742624,131,36.0,0.4208057074673771,11.958800287682891,6.941878440823953,48,30.946180555555635,0.036563873291015625,2450,198.4026768790351,-0.027576571616723583,0.0775462962962963,-45.08995251125759,2962.740478515625,0.0003,6707.271923828125,0.2,0.011234927
12.691313326339023,0.0,9.24312664073733,-274.35494878000003,0.8258101851851852,26.173305549308193,2.299412815238087,3238,9.219145970767826,0.861441946343377,52.14411768564722,426816,0.23159939424043888,38.77314814814815,0.12837526884418485,28.611111111111114,36.78414351851852,7.037267319635707,17.45713809393195,247,13.570005081296927,0.9162225325251799,17.76099335278858,131,36.0,0.41731378198635516,11.753720951855946,6.965521286058784,48,30.447048611111178,0.04495972394943237,2460,239.69524968818382,-0.04110764852138581,0.25254629629629627,-45.05172129030581,298.1832580566406,0.0003,541.6192249439381,0.2,0.025709005
12.703744142102849,0.0,9.31337020707859,-274.84990984,0.8327546296296297,26.209997608398414,2.3064462407557835,3251,9.250655331123083,0.862649092220575,52.15193208869854,428544,0.2322849044268016,39.120370370370374,0.12500001798768298,28.62962962962963,36.92766203703704,7.0711859520811275,17.5260521098177,248,13.589922911179364,0.9152283981298928,17.924980630879794,131,36.0,0.41769374954886007,11.863871767619301,6.989336416333328,48,30.70746527777786,0.06692236661911011,2470,232.94168520326969,-0.0282550985838666,0.1046875,-45.08195559183756,2826.94970703125,0.0003,5626.462949399595,0.2,0.012650763
12.689671247989205,0.0,9.130499942674316,-275.53524938000004,0.8391203703703703,26.17202110419824,2.3130224906124695,3265,9.282129509243056,0.861556582855492,52.11954657933498,430272,0.24125545868460052,34.375,0.12588472024599123,28.314814814814813,36.807870370370374,7.336514488349651,17.478898881031547,249,13.43468057412359,0.9130295005064144,16.598770263764653,131,36.0,0.41676037195896387,10.427575201291413,7.013033663535906,48,30.121527777777757,0.15745186805725098,2480,247.4713072988722,-0.04082130739568836,0.2662615740740741,-45.04733789232042,187.9596405029297,0.0003,311.26424877025465,0.2,0.029204234
12.737098031404479,0.0,9.199430463732973,-276.74473417999997,0.8020833333333334,26.228182445762474,2.3197710667718017,3278,9.313722254321567,0.8632034438269821,52.17787493088249,432000,0.22098509512323797,38.541666666666664,0.12112181200916758,27.814814814814813,36.91550925925926,6.707041683092264,17.516088651058595,250,13.19780239603964,0.918486760121854,17.04430162453673,131,36.0,0.4187282362125702,11.739457545404823,7.036823885163553,48,30.418113425925906,0.041732728481292725,2490,211.68721489023278,-0.03445270252931449,0.10659722222222222,-45.0309540077492,2944.12841796875,0.0003,6050.817547381365,0.2,0.012896524
12.666704675510276,0.0,9.466337342945211,-278.09828997,0.8622685185185185,26.20025630730918,2.3271869101291647,3291,9.345139016010343,0.8624205754684175,52.182102818715805,433728,0.20980610390938614,41.55092592592593,0.13133948274209484,27.39814814814815,36.84953703703704,6.372482673857543,17.48615869888314,251,12.989830722020384,0.918047909480132,17.40070429730067,131,36.0,0.4164815177827539,12.63839090142274,7.060539281910761,48,31.22829861111113,0.11890625953674316,2500,273.0120447282438,-0.042811000666201665,0.2924189814814815,-45.01735389144332,341.4833068847656,0.0003,400.4994541874638,0.2,0.031296078
12.522122464596869,0.0,9.616285045991193,-278.5403697,0.8674768518518519,26.180179848237135,2.3349776227441428,3304,9.376194322171836,0.8618023416981635,52.10679372594711,435456,0.20876633223430852,41.43518518518518,0.13123144722214192,27.48148148148148,36.902199074074076,6.333355570902676,17.52524864943712,252,13.027695824646756,0.9150061777369489,17.3352591069273,131,36.0,0.41112413508466794,12.574207711377866,7.0843524035343535,48,31.705729166666636,0.05242741107940674,2510,226.369702801881,-0.029164524248766678,0.08917824074074074,-45.0409132639567,3118.2265625,0.0003,7240.750540726273,0.2,0.012052084
12.739479196946752,0.0,9.391060281722885,-280.08007339,0.8200231481481481,26.2799266151121,2.34220527344845,3317,9.407793020164203,0.8653825095863817,52.15122928134468,437184,0.21961612398980968,39.46759259259259,0.12351848567767548,27.222222222222225,36.9212962962963,6.675225745174721,17.527581033864706,253,12.91714710852868,0.9152993679807865,16.995138000559336,131,36.0,0.4191258322063601,12.002765146855936,7.108171356119016,48,30.93894675925927,0.11958473920822144,2520,232.58060735066732,-0.041260773078883414,0.26064814814814813,-45.0439675366437,311.8310546875,0.0003,568.6633999294705,0.2,0.029294081
12.663177757429127,0.0,9.461957801410039,-282.09701566,0.8640046296296297,26.28222080572245,2.349610167951975,3330,9.439200964557775,0.8652497287979198,52.170313994022514,438912,0.21527180612963223,40.39351851851851,0.132830304728668,27.361111111111114,36.979745370370374,6.536908549512341,17.559518367024566,254,12.985800729522081,0.9172462901450286,17.213252613318808,131,36.0,0.41602125520171435,12.290543334284385,7.132070152036577,48,31.134259259259238,0.07092100381851196,2530,253.3134745085681,-0.029928370254735152,0.09079861111111111,-45.070711079350225,3717.185791015625,0.0003,7623.678803168403,0.2,0.012787289
12.76549668271322,0.0,9.35584884563768,-283.44384814999995,0.8784722222222222,26.348626624911006,2.356749790066069,3343,9.470864706264559,0.8676742930420858,52.170653915403214,440640,0.23107423953612338,38.773148148148145,0.13447146952150113,27.833333333333332,37.173032407407405,7.025216614300572,17.634993050144256,255,13.211122241403444,0.9203479074252421,17.435909531998732,131,36.0,0.42033562331176283,11.799570676294714,7.1561576346619375,48,30.837673611111093,0.15063107013702393,2540,230.9600141348662,-0.04020546909973577,0.2334490740740741,-45.0536496480306,173.044921875,0.0003,562.8262402004666,0.2,0.025003549
12.884795804145826,0.0,9.448596780200436,-286.20459007,0.8420138888888888,26.343992918598953,2.3641212820165705,3357,9.502826695774923,0.867069273718975,52.15615282191271,442368,0.2406068979369683,39.120370370370374,0.12755210546818685,28.38888888888889,37.18171296296296,7.309357899287107,17.649180152380957,256,13.469809283112523,0.9160258417010506,18.074404161851888,131,36.0,0.42339332079947356,11.895236979452259,7.18028058504289,48,31.112557870370377,0.07814723253250122,2550,249.4324572881063,-0.0316442039243325,0.10827546296296296,-45.11343710157606,3690.353271484375,0.0003,7675.1197446469905,0.2,0.013551358
12.965883496395003,0.0,9.41834686126406,-288.49045134000005,0.8327546296296297,26.27968087220927,2.3714171491697305,3370,9.53499140451591,0.8652410152038028,52.202436920173035,444096,0.2403373323856485,36.80555555555555,0.1272834350626634,27.935185185185187,37.13368055555556,7.2842442665965335,17.622880772940572,257,13.241711002093796,0.9214245404782253,17.059166620959616,131,36.0,0.4266717284190135,11.133211352269285,7.204337786975242,48,31.076388888888832,0.1535089612007141,2560,266.2387582814252,-0.04630540813215905,0.3221643518518518,-45.10494041442871,382.31378173828125,0.0003,435.5582497490777,0.2,0.03544099
12.891945369206269,0.0,9.379333386076302,-288.76695601,0.8368055555555556,26.483372644667707,2.3786154826349213,3383,9.566971267938927,0.8711079516324026,52.28872766397202,445824,0.24458390129387578,38.77314814814815,0.12453885795998416,28.62037037037037,36.985532407407405,7.451537950419456,17.55448439408099,258,13.595605569711045,0.9181045249411355,18.202519022560907,131,36.0,0.4240752244991756,11.755375502430402,7.228223997960445,48,30.910011574074066,0.06301116943359375,2570,270.4129063111764,-0.02918447132429315,0.08356481481481481,-45.12062253598814,3423.29833984375,0.0003,7267.268956163194,0.2,0.011201552
12.885071720634029,0.0,9.630515353076648,-289.94691351,0.8339120370370371,26.404910033576368,2.386441771017613,3397,9.598933947240512,0.8690981765580087,52.23892895109349,447552,0.23098059574768928,40.50925925925926,0.1233114775197328,28.333333333333332,37.197916666666664,7.000595162901937,17.652180074820976,259,13.434006114898281,0.9173040287367845,18.14026247149122,131,36.0,0.4237663802673826,12.305661193691,7.252354448147497,48,31.74913194444446,0.02095317840576172,2580,290.0893517494202,-0.038718161645724815,0.23489583333333333,-45.117943883825234,691.1106567382812,0.0003,781.8743898179796,0.2,0.025012663
12.95045319188542,0.0,9.44050618850716,-291.56878429999995,0.8501157407407407,26.46252878447773,2.393793036488881,3410,9.631060080220227,0.8712634366764531,52.25154553628345,449280,0.2408511587553389,42.36111111111111,0.12377397505339816,28.90740740740741,37.208333333333336,7.320986385451437,17.66017057302713,260,13.718011057120856,0.9165937492172588,19.270047534217696,131,36.0,0.4256433053335523,12.8310500916454,7.276504874580065,48,31.0836226851851,0.04567825794219971,2590,268.299552098027,-0.029300571821147092,0.09953703703703703,-45.18237963075991,3520.18505859375,0.0003,7969.322433810764,0.2,0.012134028
12.948030929808608,0.0,9.549838725653382,-293.37103058,0.8391203703703703,26.55808366421944,2.4014176333030144,3423,9.663180157544748,0.8741546530819502,52.33829288968758,451008,0.2579252991394756,42.36111111111111,0.12136551151052824,29.407407407407405,37.277199074074076,7.8520935707034205,17.69410621065752,261,13.960590673734544,0.9155473871934778,20.040680085554186,131,36.0,0.4259913634014533,12.827995841116222,7.30074014010671,48,31.4236111111111,0.05878227949142456,2600,290.3102095745228,-0.04277457514501832,0.26516203703703706,-45.158132581357606,215.37445068359375,0.0003,694.2041948106554,0.2,0.030088732
12.823995093125127,0.0,9.635363370953383,-293.97998024000003,0.8703703703703703,26.412575689627378,2.409256041730398,3436,9.69499014527756,0.8691260002610712,52.284240674904744,452736,0.25105435353942746,40.50925925925926,0.12853316623478844,28.73148148148148,37.2818287037037,7.654259658183629,17.696332325389175,262,13.658585809535452,0.9251926481717534,18.990941666577523,131,36.0,0.4212937260880222,12.27809619885844,7.3249809709201825,48,31.763599537036978,0.05422455072402954,2610,292.5781862435517,-0.02912955950876629,0.09311342592592593,-45.19132310372812,3584.05859375,0.0003,7405.939494719329,0.2,0.011962078
12.900908322429599,0.0,9.388616015853339,-293.9010660800001,0.8402777777777778,26.383468995097314,2.4164775817700312,3450,9.726992416083634,0.8680642776265376,52.27642619398075,454464,0.2349085492132241,46.18055555555555,0.12336844061599188,28.916666666666668,36.969907407407405,7.146788334111444,17.54932870746101,263,13.73394765055035,0.9196771629598294,20.312759718133087,131,36.0,0.42427362000619945,14.032023733471291,7.348854292688835,48,30.917245370370413,0.04049670696258545,2620,299.444145015434,-0.044659181001285714,0.2995949074074074,-45.179227390995734,304.1640625,0.0003,615.8130464907046,0.2,0.031736508
13.058504017893208,0.0,9.52914299067349,-296.53951309,0.8200231481481481,26.429561740287408,2.424050439246715,3463,9.759388676128367,0.8695823584110541,52.24959187154237,456192,0.2321291590020151,43.51851851851851,0.11884690191536806,28.416666666666668,37.25347222222222,7.076932474496189,17.68087563886951,264,13.499596268831217,0.9090536782120883,19.162716939276457,131,36.0,0.4298596714586538,13.18618819594905,7.373056481786009,48,31.37297453703704,0.053854405879974365,2630,268.1479905693619,-0.029923256403870054,0.09484953703703704,-45.16460790280943,3389.626708984375,0.0003,7072.711076750578,0.2,0.013384942
12.910100720566554,0.0,9.675546878868778,-298.40840561,0.8576388888888888,26.566597022592834,2.431989306443887,3476,9.791413927929783,0.8734738180366914,52.24805431836487,457920,0.2148315316363798,45.60185185185185,0.1280960606787075,27.85185185185185,37.105324074074076,6.560443775007779,17.605685254953773,265,13.240994783142357,0.9174181878074023,19.04273706573577,131,36.0,0.4249149839924745,13.841298507585634,7.397070694923394,48,31.82870370370363,0.07540559768676758,2640,265.47161477583427,-0.03728601403137738,0.2553240740740741,-45.17813491821289,201.20291137695312,0.0003,603.831212926794,0.2,0.026038967
12.987903405066126,0.0,9.410248344266114,-298.13628941,0.8587962962962963,26.61779778216767,2.4392649273045524,3489,9.823633686442449,0.8756526344847718,52.343004520443024,459648,0.21979286852398716,47.10648148148149,0.13061880208518695,28.314814814814813,37.15046296296296,6.720356447270311,17.629258205561396,266,13.461143143835926,0.9228698846531146,19.844450117992388,131,36.0,0.4267962759628059,14.262950526886149,7.421143840437297,48,30.982349537037013,0.009931504726409912,2650,285.22780040635,-0.031226238777378092,0.11649305555555556,-45.21658205102991,2893.2080078125,0.0003,5444.261054144965,0.2,0.014888788
13.065887734693995,0.0,9.354095974225165,-300.06917272000004,0.8645833333333334,26.73612012929353,2.446400167240115,3502,9.856048405779184,0.8793755206095045,52.39192383474441,461376,0.23659508951307887,43.86574074074074,0.12526740212340293,28.555555555555554,37.254629629629626,7.194772198754879,17.678018744055052,267,13.555082679018573,0.9225557516614804,19.470801750349693,131,36.0,0.42964891912828,13.320946872576243,7.445338887297435,48,30.852141203703656,0.06242567300796509,2660,306.83636510990283,-0.038240547319529236,0.2814814814814815,-45.251609858760126,504.4816589355469,0.0003,770.8451143617983,0.2,0.031053778
13.191322603039417,0.0,9.332655982501574,-302.96851233999996,0.8611111111111112,26.698460938410076,2.4534818071963693,3515,9.888776712286782,0.8782762668147734,52.38793290738912,463104,0.23974247950810745,47.33796296296297,0.12777218721970685,28.962962962962962,37.40856481481482,7.305914568815608,17.752588146271577,268,13.743944468273378,0.9207118638266114,20.793089093816093,131,36.0,0.43372831998995026,14.343230056727107,7.469720357663114,48,30.68576388888892,0.031758010387420654,2670,308.72557498084177,-0.028273704917066628,0.08425925925925926,-45.267818479184754,3463.60302734375,0.0003,7885.030188440393,0.2,0.010559566
13.445330882275998,0.0,9.327656683591144,-306.72518124000004,0.8420138888888888,26.842593090576873,2.460550948905347,3528,9.922140039492472,0.8823285822322694,52.452052166662696,464832,0.24701269901668013,46.41203703703704,0.1265458485705268,29.009259259259263,37.61631944444444,7.48320961618468,17.84850565544237,269,13.761382439839183,0.9248228906985253,20.746288250013023,131,36.0,0.44197416301037196,14.101696193989161,7.49434162180172,48,30.750868055555536,0.0770484209060669,2680,338.89066103829276,-0.037663043083416094,0.26851851851851855,-45.28963565119991,206.03329467773438,0.0003,590.7632001523618,0.2,0.029388966
13.280513244592322,0.0,9.12562181196515,-308.38832961,0.8564814814814815,26.773058345242404,2.4671150034352602,3541,9.955091322603954,0.8801315466734604,52.39833589668194,466560,0.2537111538778347,43.98148148148149,0.12360892396426747,29.10185185185185,37.49363425925926,7.705384570000923,17.8025200159888,270,13.809158107079783,0.9248207315996225,20.254804587144736,131,36.0,0.4371036005665336,13.34026191006403,7.518847921841692,48,29.984085648148152,0.05497080087661743,2690,330.0677808938203,-0.032610143236471,0.1099537037037037,-45.29650781419542,2722.1181640625,0.0003,6218.078864655671,0.2,0.01227907
13.13290116678264,0.0,9.359444681664199,-307.66724483999997,0.8049768518518519,26.792666328551945,2.474263615139421,3554,9.98767357552091,0.8811708824916495,52.41350809061414,468288,0.2698845894378371,36.574074074074076,0.11625891650573143,29.0,37.4375,8.203529642466005,17.7699265562181,271,13.755334638996189,0.9180886779132215,18.42777339331488,131,36.0,0.4318674891777171,11.068909111852683,7.543272738232237,48,30.779803240740687,0.04939675331115723,2700,345.36545962227717,-0.036576309494881165,0.22152777777777777,-45.31369686833134,675.4453125,0.0003,839.7420654296875,0.2,0.025318349
13.041064656953019,0.0,9.36396389898925,-307.39847189999995,0.8518518518518519,26.655286973968302,2.481423524886894,3567,10.020026237163293,0.876444320785164,52.347508284119705,470016,0.27404756629499155,34.25925925925926,0.12557184337674512,28.87962962962963,37.30960648148148,8.323794320630723,17.70479707513198,272,13.698076116706188,0.9224995284734286,17.77195312991832,131,36.0,0.42897588213354065,10.350082692581408,7.567534730920067,48,30.852141203703727,0.034390270709991455,2710,339.91464171233,-0.025144004947678357,0.07488425925925926,-45.323856848257556,3824.011474609375,0.0003,7873.477611400463,0.2,0.010123497
13.357769806303786,0.0,9.143475749374259,-309.74938259000004,0.8472222222222222,26.735371222842826,2.4880322142603295,3580,10.053170661679053,0.8787831897661419,52.35965115083027,471744,0.26205428864826213,40.50925925925926,0.12289089674556239,29.5,37.617476851851855,7.964575213929968,17.84912836658076,273,13.994397215625595,0.9249234580866253,19.6394752145196,131,36.0,0.4393666523069726,12.280502784964034,7.592157551836519,48,30.1142939814815,0.04743009805679321,2720,360.08420637272025,-0.04183891037720497,0.25092592592592594,-45.28165449919524,488.40228271484375,0.0003,903.0591549343533,0.2,0.025439229
13.223933168674186,0.0,9.372100087782233,-312.47390968,0.8431712962962963,26.998896284192757,2.4952124644797853,3593,10.085980494600738,0.8874547617268208,52.44405045063164,473472,0.28080917084632057,39.120370370370374,0.1186433659394831,30.5,37.714120370370374,8.545018615988024,17.90376006552,274,14.476094480552035,0.9204591102008324,20.264277497837284,131,36.0,0.43504143278148866,11.843164401297223,7.616916952000319,48,30.86660879629623,0.08842360973358154,2730,343.481284766727,-0.03098852339338649,0.09484953703703704,-45.283900267989544,3746.155029296875,0.0003,6930.2951063368055,0.2,0.01281394
13.230082883296449,0.0,9.44592632491565,-313.35120545999996,0.8478009259259259,26.955626180386485,2.5025772802920745,3606,10.118805701808979,0.8857635287110189,52.46986339465826,475200,0.30381563712858756,38.77314814814815,0.1246041724114253,31.10185185185185,37.704282407407405,9.233994848057904,17.892385010363558,275,14.759274169045959,0.9239772322522822,21.134003251231597,131,36.0,0.4348659970879239,11.740734234127736,7.641647914526228,48,31.170428240740723,0.13761866092681885,2740,361.99983958844786,-0.04057966719933406,0.28414351851851855,-45.270934691252535,392.31463623046875,0.0003,557.7698217886466,0.2,0.031994987
13.516984458018536,0.0,9.17663932207124,-316.26553825999997,0.8049768518518519,27.025431721887603,2.509268878597253,3619,10.152348162954025,0.8881106517925957,52.4988119278211,476928,0.3106294278226394,36.34259259259259,0.11797485384287346,31.34259259259259,37.720486111111114,9.430242588982717,17.901509150008835,276,14.875667668763404,0.9106149245882049,20.720296202216304,131,36.0,0.44480329827519544,11.014385944470183,7.66640168740125,48,30.186631944444393,0.07116067409515381,2750,327.8100951300727,-0.030942399889506676,0.09936342592592592,-45.26376065854673,3139.456298828125,0.0003,6265.787384259259,0.2,0.011921847
13.306171308269413,0.0,9.042334158309645,-316.79651881999996,0.8431712962962963,26.950650715594048,2.515624713993027,3632,10.185363591224698,0.8857548157432986,52.51220929528688,478656,0.2955483952632789,36.805555555555564,0.12283357673612937,30.638888888888886,37.394675925925924,8.985949045322881,17.752752386637336,277,14.543296554037061,0.9198093467155781,20.084625257948282,131,36.0,0.43716922352664256,11.15537965858834,7.690783568367843,48,29.803240740740844,0.1391574740409851,2760,356.4314585579766,-0.038775515623597635,0.2622685185185185,-45.24253113358109,597.931396484375,0.0003,651.7894063313802,0.2,0.025146857
13.35410427594975,0.0,9.33016373607248,-316.675331,0.8668981481481481,26.909821747256526,2.522700123333208,3646,10.218498851914573,0.8850632273475142,52.51331499420848,480384,0.2862322875073946,37.38425925925926,0.12657977757945083,30.222222222222225,37.75868055555556,8.698798690239562,17.908623220405985,278,14.341331478165316,0.9251446727065152,19.774053975085636,131,36.0,0.4397604399849381,11.333923806680756,7.715555126418858,48,30.721932870370384,0.04073607921600342,2770,339.7944254009812,-0.02838390441438942,0.09971064814814815,-45.24464453238028,2857.35546875,0.0003,5493.873721426505,0.2,0.0123963915
12.936773351420285,0.0,9.416327730946996,-316.13179994999996,0.7980324074074074,26.977669229172605,2.5299909426605756,3659,10.250590785293124,0.8875406971147758,52.55137493588839,482112,0.2933625270770161,36.22685185185185,0.1133328237357049,30.444444444444446,37.379050925925924,8.910521428231624,17.741502390504213,279,14.451803742118413,0.917481672078186,19.753780963845763,131,36.0,0.4256593403541262,10.991455793495724,7.7399088823951185,48,30.975115740740737,0.06850039958953857,2780,417.61979752999764,-0.0389150887934698,0.26817129629629627,-45.235097885131836,750.8880004882812,0.0003,597.1178531222873,0.2,0.032114536
13.029514237768545,0.0,9.46361952238049,-314.85702802,0.8263888888888888,26.892303004066353,2.537399991466527,3673,10.282914570887545,0.8849355297641998,52.441832086073795,483840,0.2910259394144658,36.22685185185185,0.11730104482796179,30.333333333333332,37.382523148148145,8.840448475231385,17.743861186125407,280,14.392000725460564,0.9272052996756734,19.62158664179094,131,36.0,0.4282606569670861,10.989137441098991,7.764268535360432,48,31.141493055555536,0.040510356426239014,2790,419.83889856515106,-0.028083157948114806,0.09907407407407408,-45.258492462723346,2752.04638671875,0.0003,5388.673283781829,0.2,0.012514079
13.111812620242375,0.0,9.43023579657172,-317.34249531,0.8373842592592593,26.87962800871721,2.544725580957956,3686,10.315444102438152,0.8835818537736513,52.50961828124213,485568,0.29603887546376634,36.9212962962963,0.12391250996294499,30.62037037037037,37.510995370370374,8.993768696503013,17.797347691251826,281,14.529968802054176,0.9226433028437796,20.112839149440973,131,36.0,0.4319716899964534,11.189101650883785,7.788761904588561,48,31.0474537037037,0.05932724475860596,2800,447.61301152264633,-0.04279351106551648,0.21846064814814814,-45.260234663221574,592.7446899414062,0.0003,913.0522468849465,0.2,0.025362993
13.277962910665407,0.0,9.143833962289255,-319.83986651,0.8391203703703703,26.759881840886276,2.551335165863679,3700,10.348389009714815,0.880283905709145,52.464290388504565,487296,0.29459369536776053,36.68981481481481,0.1219605613019216,30.85185185185185,37.611111111111114,8.94602616653251,17.85875110868959,282,14.630941464927497,0.916319560262216,20.089683504689155,131,36.0,0.4361213398330215,11.112715873229147,7.813408782360286,48,30.17216435185189,0.06786680221557617,2810,406.26748122815735,-0.02456188132400038,0.06296296296296296,-45.274184234054,4593.70849609375,0.0003,8258.949748625579,0.2,0.009760063
13.284749657966538,0.0,9.343171075227513,-322.42206796999994,0.8177083333333334,26.72593296698051,2.558443093551748,3713,10.381350883859731,0.8791657950794473,52.49731692265817,489024,0.2906373232842832,35.18518518518518,0.11702063794280508,30.39814814814815,37.682291666666664,8.821382916563289,17.893778019226872,283,14.426243338228142,0.9191336346004699,19.325290611240288,131,36.0,0.4369112364335775,10.677664356448856,7.838143227408353,48,30.750868055555557,0.07170319557189941,2820,363.844521522522,-0.03985210728866083,0.2119212962962963,-45.26446454083478,472.81317138671875,0.0003,1202.7285101996529,0.2,0.022947418
13.221622633962824,0.0,9.152946894313615,-323.03210306,0.8153935185185185,26.703941382750525,2.5650754607875323,3727,10.41415494044464,0.8783244395080531,52.48823693604739,490752,0.28863243836692565,36.226851851851855,0.11829757780325659,30.62037037037037,37.46006944444444,8.762024951015945,17.782195904727605,284,14.534336594691775,0.9141553796224755,19.69684332231482,131,36.0,0.4346538722262823,11.000481776607101,7.862598717170172,48,30.15046296296289,0.09318935871124268,2830,400.6888104721352,-0.033262896758538704,0.10260416666666666,-45.227275904902704,3630.683837890625,0.0003,7633.6733054832175,0.2,0.012235827
13.14779384575258,0.0,9.434904244672113,-322.99201862999996,0.8425925925925926,26.386259993451386,2.5724127213992127,3740,10.44677442505902,0.8681954048642698,52.35372020181536,492480,0.2774805574795348,37.15277777777777,0.12273222110267003,30.157407407407405,37.61168981481482,8.422754207062885,17.851741676517022,285,14.306257285251268,0.9224863215800857,19.41168529236443,131,36.0,0.43246925160052224,11.282673800050276,7.887228071361465,48,31.083622685185126,0.06707721948623657,2840,372.5687806447347,-0.04474271674364529,0.27870370370370373,-45.210243493539316,699.163818359375,0.0003,1128.4254308629918,0.2,0.030434461
13.05774226592032,0.0,9.172173311084217,-323.10124906,0.8206018518518519,26.545758644716297,2.579093154676923,3753,10.479168780723821,0.8733827692345031,52.46447782537024,494208,0.28829989033038395,36.9212962962963,0.12034195750743137,30.89814814814815,37.369791666666664,8.744015203918252,17.731000383125004,286,14.653402223036105,0.9192770187995395,20.010077444769898,131,36.0,0.4299014430789042,11.212660017815539,7.911555572319277,48,30.230034722222218,0.10728335380554199,2850,380.5660276836819,-0.031224863777902942,0.10844907407407407,-45.210701568038374,3913.031982421875,0.0003,6952.944185836227,0.2,0.014161948
13.058139530053218,0.0,9.279517131413279,-322.80567377000006,0.8570601851851852,26.476600107537863,2.586041947505456,3766,10.511564129548955,0.8713990075341805,52.46925063594602,495936,0.28727009990598606,35.18518518518518,0.12784751875478825,30.39814814814815,37.316550925925924,8.714506356248338,17.704699368013063,287,14.421789697167972,0.9273430853412764,19.231644095395325,131,36.0,0.4295429363370736,10.695348041979017,7.93581732073931,48,30.598958333333393,0.06551522016525269,2860,410.51690505345664,-0.04101502526965406,0.26105324074074077,-45.2125144817211,459.2642517089844,0.0003,1024.6581531665943,0.2,0.029285515
13.415673504008966,0.0,8.9568401323378,-325.87198318,0.8721064814814815,26.532649915816165,2.5921840478363007,3780,10.544853313308977,0.8731766732403218,52.494356491962755,497664,0.2846337494637662,36.68981481481482,0.13261196850062967,30.314814814814813,37.510995370370374,8.631224774768343,17.801641775913392,288,14.380875302399494,0.9263575266989729,19.571565290761427,131,36.0,0.44133902754950066,11.159465213593592,7.960321425179093,48,29.55729166666669,0.030863285064697266,2870,415.7015705267588,-0.03547228882951593,0.13015046296296295,-45.20419014824761,2251.955322265625,0.0003,6271.0668981481485,0.2,0.015102756
13.20539402386085,0.0,9.083786953564012,-327.72994230999996,0.8420138888888888,26.454694778048374,2.598643515220211,3793,10.577616798368629,0.870627100360219,52.36510368223262,499392,0.2736093311568429,37.26851851851852,0.12525910470915683,29.98148148148148,37.40972222222222,8.289290041229409,17.753049669205286,289,14.218585278491842,0.9257607708897673,19.242429497159407,131,36.0,0.43483364419568293,11.334554177438157,7.984704049352106,48,29.882812499999993,0.042274296283721924,2880,418.1583478150544,-0.039918718507720365,0.2508680555555556,-45.19687532495569,1010.5076904296875,0.0003,1476.655433711299,0.2,0.027646037
13.160069842414243,0.0,9.307532874577085,-327.84192129,0.8391203703703703,26.37664411529128,2.605662347406654,3806,10.610266972974664,0.8681000905050144,52.362836073627044,501120,0.27474817445260274,34.02777777777778,0.12474772947810225,29.90740740740741,37.49305555555556,8.32005516777178,17.78458495659328,290,14.176169623517536,0.9199390546058,18.221360813437002,131,36.0,0.432544840773776,10.325136022147683,8.00916551174359,48,30.664062500000014,0.07170575857162476,2890,416.13888070848253,-0.03139343663567194,0.11597222222222223,-45.22023705376519,4472.3037109375,0.0003,7718.7505099826385,0.2,0.014381556
13.291627511998925,0.0,9.194601771777176,-329.67672283,0.8321759259259259,26.35106944186893,2.6123988518360965,3819,10.643246041754661,0.8669413318850309,52.31711705901563,502848,0.2814230270284187,32.291666666666664,0.12052294850376342,30.416666666666668,37.46296296296296,8.531373864684163,17.780988229485278,291,14.418345979976408,0.9175895344872048,18.104607831405126,131,36.0,0.4366236979864763,9.754887986744555,8.033617982317303,48,30.287905092592663,0.06753188371658325,2900,449.86389081389814,-0.04238719677000686,0.24866898148148148,-45.18678381178114,640.0542602539062,0.0003,951.0187122486255,0.2,0.027091598
13.108000382600048,0.0,9.223924447297938,-330.55243756,0.8113425925925926,26.345713256459305,2.619208662954341,3833,10.675766042711162,0.8670272619204721,52.30373264387983,504576,0.2825581889806957,31.134259259259263,0.11592741676230033,30.35185185185185,37.441550925925924,8.572783905634536,17.766679948866543,292,14.387738621119377,0.9113767157848778,17.745843758389995,131,36.0,0.43111257924222623,9.38532123163608,8.058034682189469,48,30.381944444444485,0.04119294881820679,2910,426.00169950414585,-0.03431626566237322,0.13697916666666668,-45.20148617779767,2892.020751953125,0.0003,5507.602297634548,0.2,0.016679795
13.33585241196572,0.0,8.809822139041168,-331.23268453000003,0.8396990740740741,26.36556412393222,2.624983218301944,3846,10.708855673741077,0.8675962331518368,52.321799707724345,506304,0.2969191935106249,28.703703703703706,0.12102328749121022,30.861111111111114,37.414351851851855,8.991377723845146,17.75880293177004,293,14.624704036217837,0.9156132645304913,17.702411397169925,131,36.0,0.437997154830299,8.686329637106942,8.082431689518893,48,29.04369212962969,0.017724812030792236,2920,512.4654486302976,-0.03441412469924048,0.24484953703703705,-45.21303855048286,872.8667602539062,0.0003,872.6025546603732,0.2,0.02833926
13.552586700350112,0.0,8.973580105572834,-335.40683053,0.8576388888888888,26.54413692111503,2.631167168565876,3860,10.742487140491953,0.873141923349461,52.417771029399574,508032,0.314010190013553,25.925925925925924,0.12504378776310068,31.48148148148148,37.748263888888886,9.539599936448452,17.911637568486928,294,14.926884650519119,0.9195988915264445,17.681524425286774,131,36.0,0.44578541789953313,7.815039838319201,8.107210783440111,48,29.55729166666669,0.048687100410461426,2930,412.91551761273985,-0.03207788427049915,0.11822916666666666,-45.22610137374313,3143.10888671875,0.0003,6484.304669415509,0.2,0.014129441
13.303050085650021,0.0,8.926541454272687,-336.96168656000003,0.8240740740740741,26.542421930350482,2.6372335222015577,3873,10.775494765706078,0.8731193886162982,52.48543189604246,509760,0.29628798668405554,30.555555555555554,0.12069541124838584,30.68518518518518,37.54340277777778,9.008603298774347,17.818425823555003,295,14.557548815938382,0.9185536705341655,18.19702942548173,131,36.0,0.4372543530056219,9.230877310769,8.131756847998998,48,29.40538194444452,0.09649473428726196,2940,503.86227805879383,-0.038722946579326636,0.2879050925925926,-45.21646286293312,619.9317016601562,0.0003,903.8943339029948,0.2,0.031763144
13.150793902210216,0.0,9.09195406675136,-334.84119574000005,0.8489583333333334,26.460861712628486,2.6437134073684363,3886,10.808121750461604,0.870393943159899,52.373550461038626,511488,0.2964246381734427,30.092592592592595,0.12260516740805255,30.703703703703706,37.52488425925926,9.012439364785877,17.809606422367953,296,14.576141714202263,0.9217084457903146,18.088696880505218,131,36.0,0.4322381486034165,9.100115801517079,8.156280864054919,48,29.947916666666625,0.04427540302276611,2950,495.8808951801724,-0.034050053790970536,0.13067129629629629,-45.207036816632304,2902.681396484375,0.0003,5048.0568440755205,0.2,0.015763853
13.15619568956698,0.0,9.150967262859373,-334.9761437599999,0.8414351851851852,26.560414444516823,2.6503408255255847,3900,10.840762239685521,0.873601248644197,52.43531512249734,513216,0.3110964331243885,26.27314814814815,0.12307290790588835,30.703703703703706,37.47800925925926,9.463743128324223,17.791417622056905,297,14.559353667519476,0.9174532505760413,17.345766067379536,131,36.0,0.4325731267693753,7.922669271535837,8.180759408110061,48,30.114293981481616,0.0428888201713562,2960,515.3718617121378,-0.03495557994098851,0.21197916666666666,-45.209375028257014,1273.107666015625,0.0003,1438.947316261574,0.2,0.022207579
13.417299697868138,0.0,9.008736296483788,-338.42385827999993,0.8229166666666666,26.514471198854363,2.656612666266794,3913,10.87405548893019,0.8717151999690875,52.37673501363759,514944,0.3090306082713899,24.421296296296294,0.12056950456496238,30.222222222222225,37.65277777777778,9.413086147281627,17.87224429910535,298,14.341966218873281,0.9175388523604547,16.468673183824134,131,36.0,0.4412139217399382,7.313620817669224,8.205440018857825,48,29.6947337962963,0.036160051822662354,2970,488.9159673443547,-0.03232115955885362,0.12233796296296297,-45.24566670170537,3531.92138671875,0.0003,7059.027229817709,0.2,0.0147290705
13.155737576941291,0.0,8.866681502584147,-338.70839695,0.8373842592592593,26.682039510935216,2.6625293700232544,3927,10.906694832872544,0.877303907238375,52.44811802119196,516672,0.32230554718843385,23.26388888888889,0.11804909470275705,30.73148148148148,37.43460648148148,9.821196921026472,17.75940848630358,299,14.591566381128397,0.9210547038022997,16.803406054061263,131,36.0,0.4330045446135913,6.990642751906395,8.229838540073583,48,29.173900462963086,0.019683837890625,2980,487.4526662967823,-0.03903020255750528,0.24357638888888888,-45.262414056283454,1092.7261962890625,0.0003,1544.101577645761,0.2,0.028469682
13.359186930152537,0.0,8.90008923989838,-339.5728924300001,0.8188657407407407,26.68832793398411,2.6685295931230004,3940,10.939842800197926,0.8776234334558092,52.449960236509945,518400,0.32702973065668883,26.62037037037037,0.11677175101534817,31.361111111111114,37.661458333333336,9.964784692604733,17.877790699879302,300,14.892003424568548,0.926273783321178,18.27243568130931,131,36.0,0.4388592808592915,8.015647564136032,8.254533016823281,48,29.3258101851853,0.03850322961807251,2990,504.9122970369127,-0.030919926763615675,0.10694444444444444,-45.27873731542517,3951.455810546875,0.0003,6942.077372685185,0.2,0.01316214
13.435611841610852,0.0,8.880523111137668,-342.62392829000004,0.8425925925925926,26.736352663900686,2.6744809009008446,3954,10.973181829801954,0.8795044226322642,52.523486370170055,520128,0.3044279674492344,33.44907407407407,0.12447601055040047,30.805555555555557,37.713541666666664,9.260612039721657,17.893207667827554,301,14.627290456045635,0.9193227508773212,19.395159534452944,131,36.0,0.44185238171035507,10.107257038685653,8.27926603599285,48,29.30410879629628,0.02148979902267456,3000,537.8002141599302,-0.03532816495884348,0.2232060185185185,-45.26912854512533,1127.7247314453125,0.0003,1444.3244436758537,0.2,0.023585247
13.303089446132889,0.0,9.164855889533504,-343.63717465999997,0.8645833333333334,26.675819467561837,2.6811430406246783,3967,11.006189553417286,0.8773327323292541,52.51593537337445,521856,0.3004299443824336,37.268518518518526,0.13200391454125426,31.333333333333332,37.539351851851855,9.134009925800617,17.810015957853302,302,14.866712860994886,0.926886795852223,20.670456180591188,131,36.0,0.43737391624125666,11.269733393795685,8.303791075887483,48,30.193865740740822,0.06958115100860596,3010,468.45367265630654,-0.03338771824793959,0.1228587962962963,-45.257514543886536,3464.610107421875,0.0003,6930.677450448496,0.2,0.014968467
13.429561757901839,0.0,8.781326181060829,-343.51060762000003,0.8535879629629629,26.618609264654413,2.6868463560773304,3981,11.03951345781204,0.8755930902071963,52.50749044493326,523584,0.28149770875597285,36.68981481481482,0.12805384595938366,30.092592592592595,37.426504629629626,8.54986524822237,17.763228224735666,303,14.278593520812635,0.9253123545713675,19.3398954212148,131,36.0,0.44168325089879445,11.111436652179796,8.328199146449322,48,29.021990740740765,0.07556456327438354,3020,581.782562022739,-0.03774047537051417,0.23425925925925925,-45.248420079549156,921.1646728515625,0.0003,977.3689425998264,0.2,0.024138402
13.549619000740174,0.0,8.890757835774128,-346.27165049,0.8466435185185185,26.62226073481843,2.6928232506667658,3994,11.073137505313891,0.8755119418300529,52.47499056932577,525312,0.26768231324395364,37.5,0.12114159821036691,29.296296296296294,37.55613425925926,8.147849726178608,17.822627624262058,304,13.90579415444625,0.9096801757407718,18.786898127804093,131,36.0,0.4459411491623037,11.333254247179235,8.352755715509977,48,29.253472222222307,0.059853553771972656,3030,587.0210957774409,-0.031654274941387554,0.1265625,-45.260565284446436,2879.63232421875,0.0003,6143.526623987268,0.2,0.014352735
13.386296088185034,0.0,9.159191620721877,-348.01244517999993,0.8396990740740741,26.70705978076968,2.6994712297185703,4007,11.106353245534354,0.8783614858787935,52.510897547552986,527040,0.2726748146385694,34.25925925925926,0.12144916790786413,29.10185185185185,37.501736111111114,8.310226479977096,17.80105130724672,305,13.81547300747699,0.9183609522249432,17.869226132835642,131,36.0,0.44037239173073545,10.343526645381557,8.377258343778093,48,30.157696759259256,0.04352909326553345,3040,481.6201635396039,-0.03780549751956844,0.24537037037037038,-45.26138100800691,1081.0308837890625,0.0003,1812.0745761447483,0.2,0.025903234
13.350969673541753,0.0,9.083938450821496,-348.16567892,0.8715277777777778,26.619762626672657,2.705931075845624,4020,11.139480669718209,0.8751008421457964,52.49544878202253,528768,0.27114545198831247,34.72222222222222,0.12981884256433923,28.88888888888889,37.44097222222222,8.260236371297397,17.766714403107205,306,13.717941901987885,0.918332532296512,17.88084039602412,131,36.0,0.43919109465550443,10.502662122738835,8.401675129785861,48,29.89004629629633,0.09250575304031372,3050,498.0145923720466,-0.032956194313656956,0.12407407407407407,-45.2662867086905,5375.15087890625,0.0003,9307.423296440973,0.2,0.014006717
13.39241399268508,0.0,9.08228943032802,-349.09719691000004,0.8825231481481481,26.62384014660422,2.712386799421444,4034,11.172711704699921,0.8757361154894677,52.56771386676015,530496,0.2927268455578717,27.89351851851852,0.13446962749295507,29.13888888888889,37.607638888888886,8.910643372723854,17.838315411944325,307,13.835276356081971,0.9338725696935389,16.602986772270064,131,36.0,0.4406802607079428,8.45706704346424,8.426270918315723,48,29.955150462963022,0.043490827083587646,3060,533.6524392481203,-0.038720652523140116,0.2464699074074074,-45.27221108895761,1044.66015625,0.0003,1428.1600472909433,0.2,0.030394483
13.40825857560904,0.0,8.897436684903598,-349.84612575,0.8408564814814815,26.669402545521958,2.718380391133703,4047,11.205982351138944,0.8767828616704648,52.55611291047844,532224,0.284256084830679,33.44907407407407,0.12497745220289284,29.37962962962963,37.44618055555556,8.646554195748083,17.772103471002954,308,13.949252618608663,0.9232644721688522,18.150437789288976,131,36.0,0.4414237706066724,10.15463097493223,8.45070117699323,48,29.26793981481483,0.04643529653549194,3070,640.4590981236211,-0.03353409698508956,0.12042824074074074,-45.27515384532787,3879.65771484375,0.0003,7479.645307074653,0.2,0.015200812
13.432469537847735,0.0,9.139019419379132,-351.96296793,0.8310185185185185,26.614456263279635,2.7249779396821507,4060,11.239313524983563,0.8750527102780676,52.56914292220555,533952,0.2714903412898867,32.986111111111114,0.12170160365815076,28.85185185185185,37.59953703703704,8.257723396213814,17.839579609369697,309,13.69190296528202,0.9174237549958207,17.33477221999774,131,36.0,0.4419190727311888,9.985145858501905,8.475300126016654,48,30.135995370370484,-0.007210373878479004,3080,618.5236086280257,-0.03688337534010686,0.24716435185185184,-45.28595917313187,563.1865844726562,0.0003,1536.20621315285,0.2,0.025895946
13.468241835198251,0.0,9.142827116528302,-354.18764266000005,0.8414351851851852,26.60825880765317,2.7315850074734715,4074,11.272734129571559,0.8749600965545085,52.541717478613,535680,0.2764611898227029,33.449074074074076,0.12769159506605476,29.055555555555557,37.70023148148148,8.407746537131883,17.895569318761318,310,13.792784581580278,0.929155410391125,17.702345266490163,131,36.0,0.4428249119388482,10.101814147778002,8.500039049313557,48,30.150462962962973,0.04781901836395264,3090,555.5722296255606,-0.033792928652837874,0.13570601851851852,-45.28458726671007,3228.965576171875,0.0003,6050.182691333912,0.2,0.016092494
13.434256508159693,0.0,9.099478803116831,-355.4590161800001,0.8773148148148148,26.62725791950342,2.7380837044812636,4087,11.306069770841958,0.8757003598305895,52.53906596146158,537408,0.29413706647089805,30.787037037037038,0.13217712543331986,29.833333333333332,37.642361111111114,8.932413806105865,17.854136690014037,311,14.159316741955578,0.9259544142042455,17.821523647816964,131,36.0,0.4425649841895683,9.32979309975552,8.524674391038593,48,29.93344907407409,0.05129289627075195,3100,579.0879814253913,-0.035616415852887766,0.22337962962962962,-45.270792911670824,982.8168334960938,0.0003,1673.393106644242,0.2,0.023787845
13.580991673527778,0.0,8.85183009823261,-356.59065855999995,0.8541666666666666,26.483092511957427,2.743963279726845,4100,11.339772250025778,0.8715134864617508,52.41213089658621,539136,0.3007900449873255,29.97685185185185,0.1260687736738164,29.98148148148148,37.645833333333336,9.13576537183218,17.861873477901362,312,14.22987396920763,0.9211148261437787,17.86302511183348,131,36.0,0.44684944123326137,9.097385770793672,8.549329074733347,48,29.195601851851922,0.12785857915878296,3110,590.3356079384133,-0.030700489704462666,0.11059027777777777,-45.262958455968786,4198.3291015625,0.0003,8108.968943504051,0.2,0.013639522
13.455444262593586,0.0,9.003623221271933,-358.08222369,0.8287037037037037,26.59340687915207,2.7502223377800252,4114,11.373160860682262,0.8753823588161778,52.5597695776605,540864,0.29367215523330364,30.55555555555556,0.12262694991337184,29.5,37.55671296296296,8.91792621617924,17.8161712256476,313,13.988368690535603,0.9212512881371339,17.541138778973178,131,36.0,0.443550054170316,9.234843872258336,8.573869502797466,48,29.716435185185194,0.13239741325378418,3120,539.7616512227942,-0.041226826689240555,0.26035879629629627,-45.27081345452203,1027.3243408203125,0.0003,1166.8671737105758,0.2,0.029522827
13.651917632681117,0.0,9.078945069236754,-359.9241324699999,0.8582175925925926,26.634872774688628,2.7566697004531173,4127,11.407040654763964,0.8759067200062978,52.64337265889722,542592,0.28990596424461906,32.291666666666664,0.13208226639586998,29.666666666666668,37.68460648148148,8.795384959410212,17.887101934086626,314,14.070969559762103,0.9236109673666417,18.06981258718706,131,36.0,0.4488985520538533,9.803458068014741,8.598587257632683,48,29.91898148148155,0.07090592384338379,3130,585.915148975231,-0.038667910544339705,0.15648148148148147,-45.27685524269386,3578.7080078125,0.0003,6665.3268699363425,0.2,0.017745314
13.455620433846448,0.0,9.166662661392476,-360.62642458000005,0.8356481481481481,26.637000454522994,2.7633363571065983,4140,11.44042970584858,0.8758758768249528,52.56680027624319,544320,0.2890997721942512,32.52314814814815,0.1255389396553022,29.638888888888886,37.40972222222222,8.76475219525954,17.75117635820541,315,14.059098518260436,0.9184005969403507,18.10216404030544,131,36.0,0.4426838322601049,9.878313326785465,8.622965198528197,48,30.17939814814824,0.04189002513885498,3140,579.8727161972611,-0.04201119001437392,0.2433449074074074,-45.25331549467864,1246.7080078125,0.0003,1791.7895010489005,0.2,0.026262956
13.499391999618096,0.0,8.85831380026446,-360.09576896000004,0.8495370370370371,26.55741254997237,2.7692321416072594,4154,11.473928185847624,0.8736855492287505,52.506770032754055,546048,0.291212418128252,30.092592592592595,0.12888129134174134,29.453703703703706,37.43171296296296,8.82986500933046,17.768253236454047,316,13.966939372909891,0.9205050813122265,17.348974988061535,131,36.0,0.4441382046993585,9.152170605821183,8.647385831619331,48,29.152199074074026,0.021036386489868164,3150,573.5483285303469,-0.03332571763959196,0.13310185185185186,-45.24903249387388,4091.558837890625,0.0003,7796.104510271991,0.2,0.016193144
13.465612302535702,0.0,8.995812840482698,-361.1866627300002,0.8379629629629629,26.81276858830715,2.775471673708466,4168,11.507342216603963,0.8819919986678414,52.56350794715502,547776,0.3063798686496472,28.009259259259267,0.12682130254442187,30.01851851851852,37.583333333333336,9.300387911532146,17.827852688416506,317,14.220748967473918,0.9200032570958208,17.408329922655497,131,36.0,0.44283417216331455,8.487193043649434,8.671955463340373,48,29.658564814814945,0.04370206594467163,3160,558.3092109044393,-0.033721564804997155,0.20260416666666667,-45.2624686770969,1094.6182861328125,0.0003,1511.1522587528934,0.2,0.024805376
13.533087270371226,0.0,8.97877851859746,-363.28804153000004,0.8269675925925926,26.65562887858229,2.7816686200049596,4181,11.540924934779891,0.8773686360599199,52.476381442531,549504,0.303633156070735,29.51388888888889,0.12187772518839952,30.10185185185185,37.57465277777778,9.220989694751076,17.82959406316366,318,14.269543301888021,0.9234135197774221,17.835374634227644,131,36.0,0.44546411083442117,8.944841637588548,8.696529448498282,48,29.550057870370424,0.06861913204193115,3170,644.8311115088286,-0.030894249046428335,0.1398148148148148,-45.27719530176233,2851.422119140625,0.0003,5801.412208839699,0.2,0.015441607
13.855655238427921,0.0,8.98415540955284,-366.62253670999996,0.8553240740740741,26.99712052099065,2.787879008528842,4194,11.575314072875962,0.8885585835604348,52.712092038679366,551232,0.32033893203652675,29.62962962962963,0.1297524881705921,30.62962962962963,37.68402777777778,9.733785752059285,17.88052804378363,319,14.528514863100995,0.9187514597808567,18.64788442204334,131,36.0,0.4559673956511291,8.985583806883058,8.721230768607741,48,29.61516203703715,0.05442589521408081,3180,620.2772431408918,-0.03904975103645551,0.22766203703703702,-45.23409942344383,878.4132080078125,0.0003,1812.612468126085,0.2,0.025062852
13.685296755665682,0.0,9.076789537001861,-368.94716169,0.8483796296296297,27.235564203610778,2.7943209823713464,4208,11.609277314765126,0.8963532102042212,52.81570906434134,552960,0.315600634638817,31.944444444444446,0.13210336355297836,30.65740740740741,37.734375,9.567742502631466,17.907260760411592,320,14.531627854462634,0.9298501404377363,19.195479203190963,131,36.0,0.45009229175992416,9.69610884609686,8.74599892050877,48,29.918981481481584,0.1300133466720581,3190,654.0883518148352,-0.03490527599739532,0.13935185185185187,-45.244994269477,4389.9599609375,0.0003,8750.22660228588,0.2,0.015972123
13.492667788743866,0.0,9.092799100629941,-368.23008617000005,0.8275462962962963,27.13671110778047,2.800802980122921,4221,11.642758984236986,0.8932242799243161,52.891501852387115,554688,0.31038753429556004,30.208333333333332,0.12404731975510537,30.26851851851852,37.58680555555556,9.417080058524977,17.84086868711844,321,14.349411868202575,0.911677539673186,18.334700009398258,131,36.0,0.4436927976567663,9.168208082670706,8.770601092226565,48,29.97685185185189,0.10905390977859497,3200,686.5910865783692,-0.03836778122069383,0.22795138888888888,-45.260582295170536,1146.291015625,0.0003,1562.6497637713396,0.2,0.02491843
13.721746610158503,0.0,8.683464771372474,-369.43350811999994,0.8506944444444444,26.997417582355865,2.806261642051352,4234,11.676813350762382,0.8886869284272887,52.7222531500785,556416,0.29691739957318736,31.481481481481485,0.12411516529502539,29.76851851851852,37.68460648148148,8.997590507608809,17.886645629887372,322,14.110670542008407,0.9177929003443213,18.076206441009937,131,36.0,0.45146655997260177,9.56794539139272,8.795317706301283,48,28.57349537037043,0.030892610549926758,3210,550.38818409178,-0.03374272280165719,0.1388888888888889,-45.242952572857895,3892.770263671875,0.0003,8317.899287471066,0.2,0.01494963
13.778280479282806,0.0,9.13011406032684,-372.1586221199999,0.8460648148148148,26.893087441944804,2.812836927202169,4248,11.71100905196059,0.8846493223699378,52.74164260210684,558144,0.3055541915523234,32.17592592592593,0.12884115045319922,30.212962962962962,37.74421296296296,9.294296188629845,17.917986519046092,323,14.339830542657339,0.9235974135905644,18.78325018600345,131,36.0,0.45316338776372583,9.749123454716264,8.820112672598897,48,30.092592592592673,0.032845497131347656,3220,624.6627972284953,-0.039176191710349584,0.26105324074074077,-45.25936609903972,840.636474609375,0.0003,1785.4335053620514,0.2,0.02842385
13.753018633931461,0.0,9.065354887744899,-374.37684108,0.8368055555555556,26.962791444317133,2.8192503144215313,4261,11.745141598545418,0.8872167831226552,52.79667420454988,559872,0.30114243919945066,32.29166666666667,0.12257660753564442,29.722222222222218,37.714120370370374,9.158291530237506,17.904680314559297,324,14.09646506456487,0.916115509053112,18.42820093824345,131,36.0,0.45215674998670896,9.773444343441072,8.844874373385295,48,29.904513888888893,0.05721604824066162,3230,653.349310624158,-0.033802902275972345,0.1570601851851852,-45.27780870508265,2426.986083984375,0.0003,4807.862654622396,0.2,0.017518781
13.583323645900505,0.0,9.257347055451417,-374.3829093799999,0.8408564814814815,26.880802907810466,2.82614368206016,4274,11.778849907660168,0.8851281256298528,52.76386659228141,561600,0.2860151661777517,34.375,0.12525325304371032,29.444444444444446,37.53993055555556,8.69853290303542,17.816345493213483,325,13.96557346700042,0.9224610011623108,18.44248625243451,131,36.0,0.4463925513896893,10.378379882398669,8.869415237118329,48,30.512152777777825,0.07283473014831543,3240,633.0775528943097,-0.03649908773325108,0.24438657407407408,-45.25577798066316,1411.55810546875,0.0003,1754.7617931224681,0.2,0.027781634
13.380249204762267,0.0,9.062933936416945,-371.37694088999996,0.8547453703703703,26.793667512769222,2.8325510169012023,4287,11.812050530672074,0.8819225745149311,52.69340036560427,563328,0.27200614410212853,33.101851851851855,0.12962078387238607,28.759259259259256,37.27546296296296,8.27620208721638,17.68643833536616,326,13.643539641971175,0.920332232080476,17.31109448040604,131,36.0,0.44054856008272064,9.991352751218487,8.893631332956744,48,29.817708333333393,0.05097925662994385,3250,721.7127268755877,-0.034063793410098665,0.14971064814814813,-45.269984280621564,3674.7021484375,0.0003,5783.764563440393,0.2,0.016858641
13.375410961648234,0.0,9.30194477500512,-371.33301347,0.8269675925925926,26.96152431150972,2.839555878838715,4301,11.845239058076196,0.8879733586767328,52.8413502238977,565056,0.28947319739714594,34.25925925925926,0.1229526738031809,29.990740740740744,37.49131944444444,8.771486791558905,17.79757022061575,327,14.213488867224376,0.914437666471733,18.770480955621096,131,36.0,0.43948445011603937,10.385505296837815,8.918125258508283,48,30.62065972222228,0.037787795066833496,3260,728.4306118294045,-0.0392030427577319,0.23917824074074073,-45.27293715300383,1318.482421875,0.0003,2184.5084181043835,0.2,0.025019646
13.43028008443438,0.0,8.821522219089372,-372.370862,0.8315972222222222,26.892291080642085,2.8453596843864384,4314,11.87856475828728,0.8854076567144751,52.79602127774561,566784,0.28700296380389345,32.52314814814815,0.12416773907956401,29.490740740740744,37.2494212962963,8.71638977212327,17.678735658488257,328,13.982641359703996,0.9140129074024389,17.936104585279637,131,36.0,0.44171481194941875,9.83707345345237,8.942322097654504,48,29.144965277777803,0.1041446328163147,3270,654.8141423296046,-0.03753985438012966,0.14097222222222222,-45.25418345133463,4376.708984375,0.0003,8409.345578342014,0.2,0.015756758
13.437109576538619,0.0,9.303927367096527,-374.58079179,0.8379629629629629,26.8222734746228,2.8523695028041796,4327,11.911907532228627,0.8826706455747962,52.65848260042707,568512,0.29141774457858377,34.14351851851852,0.12453263137243238,29.796296296296294,37.55381944444444,8.855930209145333,17.82066183595855,329,14.138259520462164,0.9193271796724877,18.767388720571752,131,36.0,0.44184513733829106,10.373198990964253,8.9668737522444,48,30.649594907407458,0.03920513391494751,3280,539.8677516018903,-0.03036872158171954,0.18373842592592593,-45.24926941483109,1770.09912109375,0.0003,2567.337862141927,0.2,0.019237367
13.348198182009185,0.0,9.342191457907274,-375.77527194999993,0.8605324074074074,26.894019034133077,2.859474981448948,4340,11.94502802768365,0.8854246984866267,52.78966083525042,570240,0.28044581722754947,34.95370370370371,0.13364231351006342,29.38888888888889,37.473958333333336,8.52312322641636,17.779207342323136,330,13.943788059748185,0.9298473689379237,18.459188529279196,131,36.0,0.43876018343710144,10.59227724311465,8.991321770600207,48,30.787037037037052,0.08283025026321411,3290,635.4376636222556,-0.032907536149852805,0.13559027777777777,-45.27401159780997,3767.627197265625,0.0003,7654.875797526041,0.2,0.016331354
13.44694653779009,0.0,9.159092721958777,-375.95749256999994,0.8582175925925926,26.844547728881764,2.8661227132538447,4354,11.978395394028125,0.8833729636953538,52.697283649489684,571968,0.28705469326495775,32.870370370370374,0.13047671159300087,29.703703703703706,37.314236111111114,8.724837929506412,17.707757507466543,331,14.093011637175538,0.9198140013655134,18.202486712523452,131,36.0,0.44240186584585145,9.984637145841502,9.015591164368873,48,30.215567129629658,0.06473374366760254,3300,705.6955145871198,-0.035680035336150065,0.23744212962962963,-45.31210215533221,1084.2498779296875,0.0003,1633.5673084400319,0.2,0.026371919
13.720935284741936,0.0,9.015232243561572,-379.9870483,0.8240740740740741,26.783109678537443,2.872410793862749,4367,12.012447732239979,0.8810134032657793,52.61209821667043,573696,0.2869766243789627,32.29166666666667,0.12063432719820903,29.777777777777782,37.51909722222222,8.723470081751744,17.810766139033298,332,14.12441260935885,0.9252250320050264,18.059746235622555,131,36.0,0.4512879534387227,9.81186354451196,9.040118079716455,48,29.680266203703766,0.05579930543899536,3310,691.0461804637202,-0.035414324374869466,0.16892361111111112,-45.32619914302119,3181.079345703125,0.0003,5578.663142903646,0.2,0.019169701
13.22670462264366,0.0,9.309459270886517,-379.77238106,0.8431712962962963,26.75520496617717,2.879434442039965,4380,12.045264493796587,0.8800382417989235,52.53116786049319,575424,0.2838570161854748,30.78703703703704,0.1280103545844316,29.712962962962962,37.44675925925926,8.626595363738657,17.765073869527555,333,14.085934478059306,0.9227244262672591,17.486460147213464,131,36.0,0.4354965247273621,9.3739303054155,9.064530764390275,48,30.67129629629641,0.08596581220626831,3320,759.2421381067346,-0.04330265288482662,0.2454861111111111,-45.29870288990162,1388.0706787109375,0.0003,1389.5954895019531,0.2,0.028133335
13.667623519371048,0.0,8.943616223212791,-380.43109146999996,0.8402777777777778,26.808522312055327,2.885543482597997,4393,12.079183552595016,0.8819459641874613,52.49631570362401,577152,0.2989308411054328,32.06018518518519,0.12295389637976394,30.37037037037037,37.46180555555556,9.088520771322328,17.778291249191373,334,14.408663957324732,0.9227858725438315,18.620946572281525,131,36.0,0.4493783697679461,9.723761843634465,9.088976492513254,48,29.427083333333446,0.06827008724212646,3330,749.8495651245117,-0.03219706055156335,0.14189814814814813,-45.31477553756149,3213.387939453125,0.0003,6511.466961443865,0.2,0.01680093
13.693470884563295,0.0,9.188111776624277,-384.61439872999995,0.8686342592592593,26.80805295422138,2.8922637620395575,4406,12.113167229806423,0.8824508694410692,52.587235585537236,578880,0.2989037368420587,31.250000000000004,0.131214872425423,30.592592592592595,37.73726851851852,9.094655262124588,17.909536789459917,335,14.517877745961515,0.9188921618319204,18.47661279268575,131,36.0,0.45103226160397686,9.464079784599647,9.113750334486904,48,30.193865740740815,0.08587545156478882,3340,760.1600671061763,-0.03414288436028141,0.22089120370370371,-45.323788551048,594.4888305664062,0.0003,1593.0941512496383,0.2,0.024843605
13.884080230428816,0.0,8.802066354878082,-387.7122252799998,0.8755787037037037,26.701795524600385,2.8980189279267528,4420,12.147627430382496,0.8788606906384783,52.495515476680566,580608,0.2832841027978634,30.78703703703704,0.13203297198858893,29.777777777777775,37.63078703703704,8.63383834587421,17.858536565871706,336,14.14011994810721,0.9266938437244862,17.494867054512106,131,36.0,0.45685121788597244,9.320908760530683,9.138396675901582,48,28.993055555555593,0.05280911922454834,3350,648.113897062231,-0.036021647165977846,0.159375,-45.32536825957121,3021.9130859375,0.0003,6306.027383535879,0.2,0.018438386
13.559440187767096,0.0,9.018920618659566,-387.18320677,0.8478009259259259,26.523260214843205,2.9043162294734017,4433,12.181276030851913,0.8727348384670396,52.36355971592525,582336,0.2703251541188055,31.018518518518523,0.12408582754014465,29.14814814814815,37.54976851851852,8.227145144319842,17.819249594667024,337,13.836396403809545,0.9176783257728912,16.87720132966022,131,36.0,0.44593741310331764,9.413659781530834,9.16294479988825,48,29.73813657407413,0.08765119314193726,3360,862.6576202957718,-0.037711933519070345,0.25376157407407407,-45.3137210422092,1483.184814453125,0.0003,1362.7168963396991,0.2,0.02699144
13.452339177647467,0.0,9.115089503614891,-385.4243116400001,0.8379629629629629,26.625713707867757,2.910853953232439,4446,12.214656878796033,0.8761727368120867,52.48955913206719,584064,0.271429636950079,31.481481481481485,0.12629084346721664,29.046296296296294,37.373842592592595,8.264645949496636,17.732695868239805,338,13.789600682224567,0.9243334455825772,16.990480861841824,131,36.0,0.44308212773334515,9.536234230120622,9.187276539558848,48,30.027488425925984,0.07678508758544922,3370,689.2449786927965,-0.037704009548933416,0.16336805555555556,-45.29262151364927,3054.504150390625,0.0003,6899.551455801505,0.2,0.017506825
13.480402717820644,0.0,9.01935508131551,-385.5439895799999,0.8396990740740741,26.67430291800647,2.917152340935728,4459,12.248107885590585,0.877685332408939,52.55695292339822,585792,0.2834850622041339,29.861111111111114,0.12545290054597386,29.740740740740744,37.479745370370374,8.640578777122734,17.7863698525924,339,14.12117307072331,0.9218180486913234,17.173115694326313,131,36.0,0.44319350712373734,9.011363846480267,9.21174246419033,48,29.73090277777776,0.016527414321899414,3380,929.6233351672137,-0.035095010542621215,0.21296296296296297,-45.29641271520544,1948.1182861328125,0.0003,1739.4865476255063,0.2,0.024900196
13.34494414255743,0.0,9.14926902146423,-386.18250207,0.8582175925925926,26.60399795271457,2.9237755134893884,4473,12.281220245946978,0.8755857416552857,52.47851220905208,587520,0.27525647010967375,32.06018518518519,0.12941310569658274,29.787037037037038,37.45891203703704,8.377333510292528,17.785545625273727,340,14.138488243933983,0.9244236944260791,17.616859777302096,131,36.0,0.4386467854239157,9.701038023075585,9.236206328253514,48,30.193865740740765,0.08867979049682617,3390,673.1879914460359,-0.03345723521240331,0.14021990740740742,-45.29917964228877,2668.490478515625,0.0003,6359.563053385416,0.2,0.016342318
13.42894630610214,0.0,9.078418459509887,-387.06013648999993,0.8431712962962963,26.39355478083066,2.930221559638163,4486,12.314542611712232,0.8689054609545076,52.368239735703575,589248,0.27378399905411893,32.870370370370374,0.12491975014903928,29.824074074074073,37.504050925925924,8.338849374943495,17.803395082173783,341,14.168722792791202,0.9234245485781867,17.869829724443353,131,36.0,0.44244917127186756,9.962257556708655,9.260714815958949,48,29.882812500000046,0.09016478061676025,3400,782.1106025854747,-0.0405851647188818,0.2482060185185185,-45.28898388897931,311.5401916503906,0.0003,1680.3445129394531,0.2,0.02607752
13.228250595862507,0.0,9.401958773230112,-387.9764365200001,0.7997685185185185,26.41578004482913,2.9374764565712383,4499,12.347363238201888,0.8695423667520777,52.363974895331104,590976,0.26903017636918636,33.33333333333334,0.11776293466168478,29.611111111111114,37.44618055555556,8.191545300448757,17.768053624954735,342,14.075583546868751,0.9169418257466885,17.79080159639411,131,36.0,0.4352173102593029,10.123672749076603,9.285134950021336,48,30.96788194444451,0.059112489223480225,3410,857.1016247325473,-0.032070758428286626,0.13622685185185185,-45.28636070534035,3541.328125,0.0003,5550.479343894676,0.2,0.015609229
13.485563264349564,0.0,9.290727059929202,-390.42597514,0.7719907407407407,26.733371324924203,2.944453274221061,4512,12.380827146362762,0.8799830285653316,52.57726310072609,592704,0.28974968563802633,32.17592592592593,0.11222012741582663,30.111111111111114,37.5462962962963,8.825330102494313,17.82026793033018,343,14.307776535813082,0.9101879048682241,18.300731851113248,131,36.0,0.443616776911778,9.767625212805855,9.30968561984716,48,30.613425925926006,0.15831375122070312,3420,831.2666914904559,-0.038665243862541734,0.22528935185185187,-45.30496392426667,1629.7479248046875,0.0003,1525.294538031684,0.2,0.024425559
13.434979530589773,0.0,9.220177637912691,-392.26255729,0.8506944444444444,26.57156655216315,2.9512537183158427,4526,12.414164595189236,0.8750876453508823,52.420349239896446,594432,0.2810163039391889,33.333333333333336,0.12309219881481111,29.805555555555554,37.43402777777778,8.541632219892515,17.762813652726088,344,14.157063067637038,0.9209008453042226,18.24636930538176,131,36.0,0.44152447604089295,10.147674017852205,9.334092653978976,48,30.403645833333403,0.1016661524772644,3430,841.1791073269314,-0.03289143220969924,0.13483796296296297,-45.308989927503795,3255.28857421875,0.0003,5767.765961371528,0.2,0.015661778
13.451323020291602,0.0,9.291083960313593,-393.25764893,0.8321759259259259,26.451534536043273,2.9582314282166267,4539,12.447542902739965,0.8704609706739056,52.32971156916133,596160,0.2789664651181489,33.101851851851855,0.12130503618948311,29.861111111111114,37.54050925925926,8.486661353398267,17.81884265345002,345,14.181946875212859,0.924682315191677,18.11472587113404,131,36.0,0.44269980549113236,10.046117642522916,9.3586397606126,48,30.620659722222335,0.09236800670623779,3440,891.2487655710291,-0.03834018894574708,0.1857060185185185,-45.314386198255754,1680.4102783203125,0.0003,2395.980595341435,0.2,0.019716494
13.338573357174667,0.0,9.340872056300613,-394.07055338999993,0.8449074074074074,26.33451302449033,2.965333608357378,4552,12.480639336132901,0.8671150431230824,52.28137780419049,597888,0.2634465298695072,33.33333333333334,0.12552500095916402,29.01851851851852,37.703125,8.021646731270279,17.89610471445994,346,13.78083825780169,0.9216126688394626,17.298781625984386,131,36.0,0.43826275233457157,10.096296636912417,9.38338002239875,48,30.77980324074074,0.07760173082351685,3450,887.0623275686194,-0.03382572420631294,0.1544560185185185,-45.305347244827836,5212.92138671875,0.0003,6504.192842158564,0.2,0.016829656
13.278112489334115,0.0,9.442964360557424,-394.9793644200001,0.8466435185185185,26.38083498261828,2.9726910192587717,4565,12.513584617356237,0.868056303133517,52.29989476901945,599616,0.26316843322709566,32.52314814814816,0.12751835918838197,28.85185185185185,37.545717592592595,8.020210373315292,17.814007459169826,347,13.703201106324494,0.9279479851460082,16.948780378180086,131,36.0,0.43735296487659053,9.8253688985403,9.407915041046675,48,31.076388888888875,0.03063124418258667,3460,830.8887302822537,-0.036913850679303764,0.18229166666666666,-45.28856684366862,2305.689697265625,0.0003,2845.567761230469,0.2,0.020038687
13.442030835236203,0.0,9.364208048265047,-396.78790254,0.859375,26.392236510068575,2.9798515393794345,4579,12.546939694444328,0.8689118114000157,52.373283342319446,601344,0.27653975224689165,34.14351851851851,0.12735755761636497,29.916666666666668,37.707754629629626,8.417740442312558,17.89453623692067,348,14.20703988898507,0.9170859349955067,18.371681344059446,131,36.0,0.44253508482050735,10.346901012761819,9.432651381638976,48,30.84490740740748,0.08403545618057251,3470,810.3972704993354,-0.03838877842106201,0.1824074074074074,-45.2971487681071,2637.436767578125,0.0003,5238.045183195891,0.2,0.020716898
13.215210700121746,0.0,9.234410112071318,-396.60223239,0.8657407407407407,26.346472207953923,2.9866875646596127,4592,12.579727721194633,0.8677014680545753,52.37364403791997,603072,0.27258538578492847,33.449074074074076,0.1286411326933479,29.509259259259256,37.447916666666664,8.297862348740244,17.76638665704118,349,14.0175843668609,0.921448851367601,17.871472989201177,131,36.0,0.4352074236755676,10.156026273600032,9.45706734828158,48,30.36024305555557,0.09630703926086426,3480,724.1758674904153,-0.03644579076725576,0.21637731481481481,-45.30667132624873,2398.212158203125,0.0003,2193.75942586263,0.2,0.024110897
13.50945852504031,0.0,9.085015589958905,-397.86953278,0.8738425925925926,26.36997946851386,2.99315010363451,4605,12.613251367507234,0.8687400392175112,52.37798705293085,604800,0.2940443398165673,28.935185185185187,0.13324468661025052,29.85185185185185,37.69965277777778,8.934292125744458,17.902790873726385,350,14.162096416640132,0.9198284633104412,17.254310478210137,131,36.0,0.44401979737293396,8.757921935825545,9.481824325465896,48,29.940682870370342,0.046682000160217285,3490,790.5519476855243,-0.02882055129372963,0.10306712962962963,-45.31821656403718,7172.875,0.0003,13585.738921440972,0.2,0.013675659
13.615832332207953,0.0,9.059720911127254,-401.3140609,0.8229166666666666,26.40004643216932,2.9995494059123278,4618,12.647040948337754,0.8697798925752455,52.38259447347101,606528,0.28234280969782205,31.597222222222218,0.12106895285723518,29.509259259259256,37.53125,8.582758316697573,17.81305450745009,351,14.003420012712313,0.9215544426175545,17.583331700069603,131,36.0,0.44827874622724306,9.597153370659717,9.506356961734522,48,29.846643518518537,0.02651458978652954,3500,857.9148385648374,-0.03488688989438944,0.14542824074074073,-45.32507606788918,2759.975341796875,0.0003,6107.578333875868,0.2,0.016303591
13.511630781260692,0.0,9.174203609821122,-403.1896887199999,0.8489583333333334,26.44667672273704,3.0062349149368806,4632,12.680570025290905,0.8713033566404101,52.39243089154578,608256,0.2808256790317685,30.902777777777782,0.12386218576532586,29.296296296296294,37.564236111111114,8.556701393783314,17.82840901804891,352,13.908891014728356,0.921432232661734,17.204289495655573,131,36.0,0.4449042572175393,9.338697087143904,9.530927984279645,48,30.208333333333325,0.0875931978225708,3510,946.8469057153773,-0.031604808915613423,0.1109375,-45.351518729881,7947.8056640625,0.0003,13321.511867042824,0.2,0.013994266
13.468088594553805,0.0,9.096562723286565,-403.8639952,0.8663194444444444,26.49637179054209,3.012726321745097,4645,12.71399024677729,0.8729951113072435,52.43618923419797,609984,0.2762865936040766,33.21759259259259,0.13160235878537493,29.064814814814813,37.81018518518518,8.385916404859653,17.943633689610152,353,13.788824032640674,0.9179315710046271,17.668374359189947,131,36.0,0.44326800982119846,10.093633921689621,9.55578706850367,48,29.962384259259366,0.058983683586120605,3520,874.902382377342,-0.03347742202933188,0.17256944444444444,-45.36102212976526,1779.1624755859375,0.0003,3056.319244610822,0.2,0.019332223
13.57750987006407,0.0,9.0125563489956,-404.95364627000004,0.8408564814814815,26.63131845376239,3.019007712617586,4658,12.74768402145245,0.877207644912202,52.52971021637958,611712,0.28127426541685785,31.250000000000004,0.12444547143979973,29.13888888888889,37.65972222222222,8.56832314722231,17.86674241770449,354,13.846034404069163,0.9186279302961957,17.27528838715257,131,36.0,0.446560663009872,9.460930835861099,9.580453924547932,48,29.67303240740737,0.13223683834075928,3530,877.5809343408655,-0.032893632236799156,0.1640625,-45.36341455247667,3160.68115234375,0.0003,5884.23876953125,0.2,0.018023156
13.67301905563521,0.0,9.017426505729011,-407.58001136999997,0.8269675925925926,26.658677803894573,3.0253012788819085,4671,12.781616569091538,0.8777559224753283,52.48064744445754,613440,0.2982890551034479,27.662037037037038,0.1238895220387403,29.555555555555554,37.78472222222222,9.079679125970012,17.93003642080586,355,14.037587153266053,0.918667784065458,16.87933742583536,131,36.0,0.4500574878647291,8.362071146599297,9.605279015599946,48,29.745370370370363,0.08544337749481201,3540,953.5070118939435,-0.03821589840679533,0.24890046296296298,-45.36907279403121,2234.662109375,0.0003,1999.352380823206,0.2,0.025911625
13.54822714847939,0.0,9.182022394709366,-408.8411878299999,0.8443287037037037,26.74814075585088,3.032006334868682,4685,12.815237136962736,0.8809219491347738,52.584443685427196,615168,0.2986069801060967,29.28240740740741,0.12351655808451563,29.75,37.74074074074074,9.096371444660726,17.917313051835663,356,14.133881890753955,0.9200724329210095,17.4820331885012,131,36.0,0.44619298437256405,8.851779853086521,9.630072298229535,48,30.23003472222226,0.07887428998947144,3550,969.2226235919528,-0.03485389344256233,0.17123842592592592,-45.36751104284216,2872.767333984375,0.0003,5036.317103407118,0.2,0.018467117
13.542960994688512,0.0,9.068850718879053,-408.7148922799999,0.8622685185185185,26.772967858004268,3.03842846166588,4698,12.848844539449457,0.8818716716164449,52.51846950737741,616896,0.29398763066296163,29.861111111111114,0.13189558515082728,29.76851851851852,37.619791666666664,8.946677917985477,17.850741111174308,357,14.138559708267701,0.9225907618484492,17.531869605834675,131,36.0,0.44542269868648854,9.046631979581496,9.65469915100747,48,29.933449074074066,0.08574408292770386,3560,868.7530847125583,-0.03572424285251785,0.19681712962962963,-45.34796172247992,1044.2760009765625,0.0003,2484.1820405183016,0.2,0.021602798
13.46200583951187,0.0,9.06173865504114,-408.31627009000005,0.8229166666666666,26.685497861551156,3.044832808303483,4711,12.882249554048236,0.8785395165278246,52.503578981191744,618624,0.2892766559559463,29.861111111111118,0.12792845016103369,29.675925925925924,37.57175925925926,8.806783133444172,17.83527726981523,358,14.094946284154931,0.923655100906994,17.34940116208549,131,36.0,0.44289236930377096,9.047671744486385,9.679287344182008,48,29.846643518518537,0.12671279907226562,3570,884.6497556050618,-0.03709572636418872,0.19826388888888888,-45.3279285148338,3057.54736328125,0.0003,4580.586492693866,0.2,0.020613909
13.1013205204882,0.0,9.289402067635363,-405.7807574099999,0.8287037037037037,26.70343304322907,3.051806313472571,4723,12.914752855349457,0.8791642101088941,52.54655010289474,620352,0.2806960470452997,31.481481481481485,0.1253268957559586,29.59259259259259,37.32118055555556,8.55200101127696,17.71710687586079,359,14.056287368229052,0.9215090427369297,17.535463166703728,131,36.0,0.43087997181904925,9.527174787197714,9.703580111371659,48,30.55555555555567,0.164206862449646,3580,1096.8040817543313,-0.03873515729447482,0.21325231481481483,-45.288560231526695,1219.0313720703125,0.0003,1102.636119475188,0.2,0.02159469
13.110003373825457,0.0,9.19099200866577,-404.03540716000003,0.8813657407407407,26.816086086619066,3.0585337934942354,4737,12.94727786378402,0.8826596333901374,52.585304134015985,622080,0.28548925886347537,29.050925925925934,0.12969603647778663,29.564814814814813,37.22164351851852,8.698081476621597,17.662377160527562,360,14.04684627289536,0.9168865237143575,16.96002100381183,131,36.0,0.4315125570804242,8.81509325429487,9.727736054272977,48,30.30960648148155,0.0908086895942688,3590,953.3553082501447,-0.04035922554494054,0.18443287037037037,-45.28565841957375,2322.549560546875,0.0003,3689.2421865957754,0.2,0.020656817
13.392740571676002,0.0,9.229558589147265,-407.02174386,0.8431712962962963,26.776022103848263,3.0653576899671036,4750,12.98050971521321,0.8816050420040576,52.54946869619729,623808,0.28865826436547537,31.250000000000004,0.12679100170471258,30.055555555555557,37.429398148148145,8.78801803725412,17.75797582032067,361,14.276705622510198,0.9267544591679507,17.936091411965684,131,36.0,0.44074437407894035,9.471367752201367,9.75213099382378,48,30.432581018518537,0.07900524139404297,3600,781.9540416646887,-0.03633445810043701,0.17858796296296298,-45.30620203371401,2215.759765625,0.0003,3062.9822577582463,0.2,0.020305622
13.165781320691869,0.0,9.449324605972818,-409.70626517999995,0.8373842592592593,26.422292942713884,3.0727310014820355,4763,13.013174168514938,0.8703029240683086,52.34525723997023,625536,0.2709481845311365,35.18518518518519,0.1301119965260746,29.888888888888886,37.47800925925926,8.23920841813772,17.779813255525287,362,14.190123824270374,0.9275553497444007,18.51293904116967,131,36.0,0.4336904343147189,10.683606798761575,9.776580526962594,48,31.098090277777796,0.03288549184799194,3610,1040.398748948839,-0.03324865316627202,0.13252314814814814,-45.299931632147896,5252.265625,0.0003,8483.362272135417,0.2,0.015608511
13.282675763595186,0.0,9.401196656889375,-410.4293374299999,0.8263888888888888,26.545356033363245,3.0799839931242587,4777,13.046130857923925,0.8748937609878862,52.496402228437866,627264,0.27748956780619666,34.143518518518526,0.12247726093917845,29.962962962962962,37.360532407407405,8.448899473325762,17.732091221931537,363,14.22947021933247,0.9192120105361256,18.408218401805396,131,36.0,0.43745930538766087,10.329848709147164,9.800910755017423,48,30.967881944444425,0.02447611093521118,3620,1177.8319519184254,-0.04031121480209684,0.2013888888888889,-45.28285970334654,1541.71630859375,0.0003,2554.820943648727,0.2,0.020591663
13.329926405414218,0.0,9.21297584309472,-412.37381992999997,0.8391203703703703,26.645103996412512,3.0867664327319955,4790,13.07920567393746,0.8779098350565547,52.557858379750435,628992,0.2679722199427766,38.19444444444444,0.12827885949095985,29.916666666666668,37.43460648148148,8.167863092190954,17.76817180596568,364,14.210275709634521,0.9161641777835845,19.356944602565083,131,36.0,0.43856586163055006,11.578805800739607,9.825331184532336,48,30.33854166666677,0.07675731182098389,3630,870.7122161370737,-0.0357823481714284,0.1596064814814815,-45.289347909998014,3101.320068359375,0.0003,5910.202960431135,0.2,0.017842239
13.27714363760696,0.0,9.326484017285736,-413.45874386,0.8518518518518519,26.73474886335661,3.09383264277521,4803,13.112148533031478,0.8807559706271267,52.55977732935424,630720,0.2791796113523215,33.91203703703704,0.1284586123110834,29.694444444444446,37.50231481481482,8.495014372855154,17.781148310832844,365,14.10638119276168,0.9272262271814591,18.28193065291298,131,36.0,0.43736711029531844,10.280535087296146,9.849784055309419,48,30.736400462962994,0.04835081100463867,3640,995.7871481436271,-0.03540184884504587,0.22806712962962963,-45.282306077745226,1725.2681884765625,0.0003,2732.0836975097654,0.2,0.0252575
13.455675205530722,0.0,9.193709822657555,-415.7725866299999,0.8287037037037037,26.748760020062022,3.1005669173318537,4816,13.145537721045304,0.8812698974910123,52.54520117794135,632448,0.2798294002790194,37.26851851851851,0.12161999387703924,30.037037037037038,37.63773148148148,8.506118310851628,17.860285473323156,366,14.26648278551795,0.926742480907825,19.513645347974055,131,36.0,0.4425014079217353,11.34104425160448,9.874434768992726,48,30.28790509259265,0.07920265197753906,3650,1072.6143128183153,-0.03494456157743655,0.17256944444444444,-45.30180789806224,1701.6602783203125,0.0003,4631.9586498119215,0.2,0.018688655
13.567403149588229,0.0,9.231966560600535,-419.39276971,0.8425925925925926,26.75556929020247,3.1073968337333553,4830,13.179206228919275,0.8810872726748328,52.61417672680761,634176,0.2803198006197238,39.236111111111114,0.12974843095233565,30.296296296296294,37.65335648148148,8.518322378054615,17.871952622564937,367,14.383117097278683,0.9243366345807464,20.22930308046174,131,36.0,0.44657869115827564,11.927863605128442,9.899114650549139,48,30.410879629629722,0.11777836084365845,3660,1117.495986952605,-0.036332793085387456,0.1970486111111111,-45.30004434938784,2279.903076171875,0.0003,1636.1108418782553,0.2,0.022145104
13.573885738535855,0.0,9.25000073846163,-422.4223523400001,0.8142361111111112,26.66713358454766,3.114271835579509,4843,13.212890943265615,0.8785296625579381,52.596439292225064,635904,0.278862896317426,38.65740740740741,0.1211068693901923,30.25,37.755208333333336,8.473726596429977,17.920038099754176,368,14.364002791445287,0.9144601529309005,20.00163505276607,131,36.0,0.446636290327564,11.763905664890807,9.923914745798525,48,30.439814814814806,0.07824832201004028,3670,1053.950332902979,-0.03583728313377058,0.18599537037037037,-45.29665562665021,2071.441650390625,0.0003,4503.473097511574,0.2,0.021425294
13.566538046439995,0.0,9.269498019666441,-423.44046433000005,0.8321759259259259,26.608228771874995,3.121195580628675,4856,13.246557288381714,0.8765504618966404,52.45029310139271,637632,0.28271016844860747,38.88888888888889,0.12469708928793755,30.51851851851852,37.66898148148148,8.582901923932752,17.874501986858732,369,14.491546313722688,0.9193235254692178,20.333634045187033,131,36.0,0.44579578938201575,11.85918580753159,9.948601000765672,48,30.64236111111108,0.07411235570907593,3680,1076.4043457525747,-0.03592234426350505,0.22488425925925926,-45.304164759318034,1943.88037109375,0.0003,1968.0349975585937,0.2,0.024037583
13.464317942701024,0.0,9.390818760458565,-423.1391676900001,0.8032407407407407,26.646329831601992,3.1284226275298215,4870,13.279968083238467,0.8774493633899342,52.44601046773298,639360,0.28075783410762273,39.699074074074076,0.1214223599585168,30.26851851851852,37.614004629629626,8.530151418035297,17.843310570234014,370,14.377345526052252,0.9145865353233874,20.412277030034026,131,36.0,0.4432846483174044,12.104780085946475,9.973209277191257,48,30.97511574074072,0.04834407567977905,3690,1123.100329653422,-0.03897358478322901,0.1943287037037037,-45.28697473031503,2353.09130859375,0.0003,4178.462591326678,0.2,0.022041202
13.29288391605519,0.0,9.449815648448988,-423.1203172600001,0.8495370370370371,26.622744380234433,3.135797166650944,4883,13.312950293028605,0.876447638476015,52.46651830116431,641088,0.26990989664696813,39.351851851851855,0.12541555049962774,29.935185185185187,37.588541666666664,8.221467122542574,17.837958416622588,371,14.226340239041528,0.9230784883303843,19.80482317350795,131,36.0,0.4375719201134048,11.957015811923844,9.997804173232813,48,31.13425925925932,0.11352044343948364,3700,1098.07736548671,-0.032543651587157336,0.20538194444444444,-45.267744601214375,1357.150390625,0.0003,1908.4457008644385,0.2,0.021801459
13.329211857572872,0.0,9.358482881873162,-421.74862836999995,0.8234953703703703,26.65605875789457,3.1429433738556267,4896,13.346023322672536,0.8775487540848284,52.52394023703164,642816,0.2708678848051384,37.03703703703704,0.122210614405642,29.37037037037037,37.295138888888886,8.235023740618525,17.69977696567732,372,13.950738994883118,0.9174079213789781,18.8434647832411,131,36.0,0.4387423552925107,11.257702047739457,10.022053615647007,48,30.808738425925938,0.09881198406219482,3710,976.462618192037,-0.03013916940221356,0.14375,-45.28160524721499,3359.394775390625,0.0003,4299.87559588397,0.2,0.016708333
13.302815518013935,0.0,9.490074631528156,-422.9648406799999,0.828125,26.694152459160136,3.150418560434447,4909,13.37903036146757,0.8784719783570166,52.59739743451686,644544,0.26081203381393675,41.78240740740741,0.1251608460616093,29.37037037037037,37.453125,7.9402085807717775,17.777849320880097,373,13.956053067226264,0.9195053144587472,19.994879980985022,131,36.0,0.43790042908358634,12.69861833298698,10.046498238949207,48,31.2427662037037,0.058696210384368896,3720,1113.0392251473886,-0.03772588562116855,0.20225694444444445,-45.29015199166757,1277.6552734375,0.0003,2851.528761574074,0.2,0.021824066
13.271935602607966,0.0,9.594219811311838,-424.1275687599999,0.8611111111111112,26.57228953082711,3.1581541099627266,4923,13.411960200474091,0.8747609472432144,52.56808266734822,646272,0.26695203044718524,40.74074074074074,0.1289940949506784,29.694444444444443,37.50983796296296,8.12828111196236,17.801760098067366,374,14.111110450528082,0.9307019328047704,20.001881712782,131,36.0,0.4369977290532423,12.362490150291556,10.071002639194376,48,31.546585648148152,0.09813928604125977,3730,1176.483996186433,-0.034717641581125835,0.18269675925925927,-45.27431107980234,1992.1531982421875,0.0003,3369.074112955729,0.2,0.019032482
13.28428560849966,0.0,9.58822565537041,-425.50316452,0.8460648148148148,26.52419790191767,3.1658746741011528,4936,13.44492091449534,0.8731747463664098,52.531791921215905,648000,0.26306696661433854,41.43518518518519,0.12919219957363307,29.759259259259256,37.601851851851855,7.997313302159037,17.839259592527075,375,14.135663118384324,0.9239074148798131,20.095777459403095,131,36.0,0.43719366648336716,12.562801038859737,10.095600788175693,48,31.539351851851826,0.03805357217788696,3740,1271.1672292921278,-0.03449526575428468,0.16533564814814813,-45.27056857921459,1056.77685546875,0.0003,3036.7988830566405,0.2,0.020395033
13.135565004674776,0.0,9.53339570068019,-425.60519999,0.8258101851851852,26.531888575899544,3.173458163352853,4949,13.477509827007026,0.8733237816603333,52.51691245375923,649728,0.2458419816763836,43.98148148148149,0.1231490239930458,29.037037037037038,37.370949074074076,7.503633421941274,17.73509488242037,376,13.808323505235109,0.9237020570111548,20.070642548043324,131,36.0,0.4326867691973753,13.358685620866941,10.119938525381745,48,31.380208333333318,0.07276022434234619,3750,1182.8334267510309,-0.03185289046485667,0.11799768518518519,-45.26582917107476,6922.8017578125,0.0003,14489.711216001157,0.2,0.013581268
13.306578869703094,0.0,9.40778231023445,-426.07386684000005,0.8778935185185185,26.52297428206535,3.1807276191284393,4963,13.510526274181284,0.8732157390868646,52.53225251123384,651456,0.2523356838583685,43.28703703703704,0.1327559837915971,29.324074074074076,37.57175925925926,7.68317679897669,17.83176183901017,377,13.930670152646627,0.9252167729047011,20.166885891253468,131,36.0,0.4381807028832345,13.153038939630152,10.144517929979271,48,30.96064814814811,0.04252469539642334,3760,1166.124432019834,-0.03501115786256614,0.13755787037037037,-45.25750623632361,4085.64111328125,0.0003,7189.528507486979,0.2,0.01591048
13.259514094662029,0.0,9.71488324653423,-429.18867360999997,0.8512731481481481,26.502581979865912,3.188764827244775,4976,13.54342505941794,0.8724008543520251,52.487711039899985,653184,0.25799164513257017,40.97222222222222,0.13101627779530917,29.26851851851852,37.61516203703704,7.855350998424517,17.84579824221141,378,13.898499048237268,0.9253258673981982,19.607678328504605,131,36.0,0.4364000071709215,12.453828281842819,10.169132425584799,48,32.00954861111108,0.08027929067611694,3770,1248.254324552748,-0.03239717835870882,0.11961805555555556,-45.256611873485426,5114.3779296875,0.0003,10604.916637731481,0.2,0.014273971
13.354471733039091,0.0,9.43777994509178,-431.2750824599999,0.8478009259259259,26.436896636086555,3.1961092771075044,4990,13.576561238750537,0.8701789176497033,52.40289316839485,654912,0.2386632766977712,43.86574074074074,0.1269996618150364,28.62037037037037,37.527199074074076,7.282530901999181,17.806944205669602,379,13.600594152058255,0.9170094030627793,19.606805522055943,131,36.0,0.43954329886494736,13.323680467998505,10.193649786098973,48,31.083622685185198,0.14518660306930542,3780,1173.6646625377514,-0.03968446764370633,0.2273148148148148,-45.28605473836263,2328.01318359375,0.0003,3019.728847475405,0.2,0.02317989
13.179176088488758,0.0,9.552215646513094,-430.5968160299999,0.8530092592592593,26.369425037523772,3.203739816223787,5003,13.60925917897176,0.868190229103038,52.35653418372709,656640,0.2531828417259012,39.46759259259259,0.12547548671317502,29.203703703703706,37.59375,7.696528471230184,17.842076759017658,380,13.857718751782402,0.9295086585780716,18.967760233546556,131,36.0,0.4337060996586862,12.01351301053397,10.218254977996517,48,31.48148148148152,0.12269800901412964,3790,1016.5121988649721,-0.03181091446636452,0.14780092592592592,-45.304901942500365,4168.0908203125,0.0003,8102.559897641782,0.2,0.015274299
13.20504152471449,0.0,9.498016869424076,-430.89372266,0.8483796296296297,26.403049774606988,3.211234858397347,5017,13.642021782783546,0.8691604317795788,52.34491831993706,658368,0.24143812050149796,41.782407407407405,0.1283875339958116,28.87037037037037,37.491898148148145,7.327573133217403,17.790905660074326,381,13.68541097275022,0.9198217506820233,19.095542297212052,131,36.0,0.43454988648426035,12.68255819124443,10.242732242146703,48,31.271701388888896,0.030571579933166504,3800,1195.5723784623322,-0.03905923483393121,0.21307870370370371,-45.29233442235876,1501.394287109375,0.0003,2926.230366120515,0.2,0.022778012
13.267627412840937,0.0,9.239981116846048,-431.66710127,0.8402777777777778,26.428406834554835,3.2180848111894624,5030,13.674940851315649,0.8693390232216637,52.29207942132363,660096,0.23876464313544798,42.12962962962963,0.12089376826116134,28.870370370370367,37.427083333333336,7.292038537738285,17.757435075099888,382,13.730825546434309,0.9193714407811099,19.189827926298314,131,36.0,0.43638626805349817,12.76696384212572,10.267125829834452,48,30.51215277777776,0.017205357551574707,3810,1078.0264973675762,-0.03288913574414672,0.1685763888888889,-45.28232450132017,4245.55078125,0.0003,7016.040048104745,0.2,0.017889638
13.182618614314473,0.0,9.529142921121705,-432.5738858999999,0.8535879629629629,26.36990255203194,3.225657668492267,5043,13.707647397851435,0.868078602164338,52.25541976999215,661824,0.23882763038909927,38.773148148148145,0.12672407356640164,28.87962962962963,37.489583333333336,7.268510627674217,17.785307729958564,383,13.71317060391487,0.9179830582742282,18.169875828965516,131,36.0,0.43333053384252623,11.788194597376432,10.291589099159347,48,31.416377314814806,0.09649264812469482,3820,1216.473110184846,-0.03453977210102258,0.20596064814814816,-45.30336023966471,1789.56689453125,0.0003,2551.4494063765915,0.2,0.02380916
13.242494386487431,0.0,9.28056149875164,-433.78080610000006,0.8362268518518519,26.424705615897604,3.232609072239146,5057,13.740503633817653,0.8690420463130918,52.30533453903674,663552,0.26112663287480775,31.48148148148148,0.12477847801169614,28.953703703703706,37.49074074074074,7.935876283861856,17.788144607093965,384,13.74909454708139,0.9165585534465012,16.683928696581617,131,36.0,0.4361593909991487,9.59895786563837,10.316059460677083,48,30.548321759259323,0.13594335317611694,3830,1097.1850842016715,-0.03451920508200096,0.16475694444444444,-45.302878612942166,2447.55419921875,0.0003,4692.1036630135995,0.2,0.019351237
13.155791751058599,0.0,9.389177241755585,-435.03546614000004,0.859375,26.653646136681427,3.2398320153435347,5069,13.7731431131953,0.8774706828864659,52.499255425221214,665280,0.27778069320196447,28.935185185185187,0.12417564587775663,29.314814814814813,37.6244212962963,8.465408350529424,17.861120765583586,385,13.936121782110531,0.9203219586073073,16.576737830651275,131,36.0,0.43267859266568853,8.77520769801132,10.340712262591042,48,30.924479166666725,0.11388450860977173,3840,1057.52856203715,-0.03388576100718368,0.1908564814814815,-45.30156843397352,1993.44091796875,0.0003,3165.306734664352,0.2,0.02313354
13.27078462734194,0.0,9.108892112363653,-435.37092150999996,0.8674768518518519,26.61627234506807,3.2463542456244436,5082,13.806070074763655,0.8766643622667128,52.498741035821716,667008,0.27642712133054115,26.96759259259259,0.12806746057977497,29.037037037037038,37.4369212962963,8.41803277516231,17.762569918656943,386,13.79395121710968,0.9287110684930576,15.79452384922188,131,36.0,0.43698961974296613,8.18253985694989,10.365118687387685,48,29.955150462963008,0.08218652009963989,3850,1191.361026212904,-0.0380323471294509,0.1476851851851852,-45.295679812961154,3583.96142578125,0.0003,6738.984595630787,0.2,0.017402349
13.228740768366713,0.0,9.271768930849438,-437.2301228999999,0.8333333333333334,26.667950768402914,3.253283667951567,5094,13.838891926684571,0.8779757956144852,52.478023509508944,668736,0.29123120763973026,25.81018518518518,0.1184729602100542,29.240740740740744,37.60706018518518,8.859544719043802,17.84748775551729,387,13.893010680680897,0.9161471089522428,15.978956864570288,131,36.0,0.43516108341597337,7.8264014648455875,10.389737406776478,48,30.598958333333368,0.0706702470779419,3860,1279.6378744619865,-0.036673950017602354,0.1865162037037037,-45.268642807006835,2177.68994140625,0.0003,3386.2048511646412,0.2,0.020577343
13.111233466333182,0.0,9.308986771946836,-436.89248227,0.8153935185185185,26.63625509068098,3.2603061348814344,5107,13.871420010350404,0.8770422581233511,52.44492429884813,670464,0.2900265908978516,27.083333333333332,0.11953296119602402,29.62962962962963,37.37152777777778,8.819244093855206,17.745722564194583,388,14.065934904366534,0.9197310929018151,16.508652100002088,131,36.0,0.43120959742739934,8.223473101780348,10.414101713186964,48,30.6640625,0.12338221073150635,3870,1148.977688711661,-0.02907183109782636,0.09351851851851851,-45.2836503346761,5525.0576171875,0.0003,10455.3169921875,0.2,0.01321709
13.319064366073347,0.0,9.201765156437869,-438.31218914000004,0.8217592592592593,26.71652994750095,3.267060547772529,5119,13.904467671265587,0.8801667521950028,52.52838871600934,672192,0.2877633498676414,26.62037037037037,0.12064642917244146,29.046296296296294,37.43981481481482,8.745036398778304,17.773206133392154,389,13.786350832678417,0.915497475767468,16.015892092360133,131,36.0,0.43798561243808587,8.08450486090341,10.438534728520445,48,30.33854166666671,0.01117849349975586,3880,1320.9707330915662,-0.037753458953186596,0.18778935185185186,-45.267647411205154,2468.63330078125,0.0003,4328.6522501627605,0.2,0.019936059
12.96924643236497,0.0,9.491055768093082,-437.73670294000004,0.8373842592592593,26.710101633619285,3.2745381871927615,5132,13.9366407873465,0.8796443920551903,52.43602839193411,673920,0.2813256652150712,26.27314814814815,0.12612321405160276,28.85185185185185,37.304976851851855,8.54851051079018,17.716956727425433,390,13.70119298637801,0.9276976097856341,15.651874219254188,131,36.0,0.42584609164020076,8.002170722085998,10.462827120339009,48,31.278935185185166,0.046030282974243164,3890,1251.5063861846925,-0.033019721690841296,0.10815972222222223,-45.27890817147714,9130.3427734375,0.0003,18693.070616319445,0.2,0.014268386
13.126091163303073,0.0,9.259267014085694,-437.44976418,0.8524305555555556,26.624596512166097,3.2814363547279757,5145,13.969206015254757,0.8766429661741709,52.56996861604321,675648,0.2890488274580684,24.421296296296294,0.12986280269305564,28.462962962962962,37.39351851851852,8.775644522640096,17.744469089807254,391,13.510894114892329,0.9199888435671715,15.105906322458882,131,36.0,0.43180696193116785,7.419367684926456,10.487188293063527,48,30.577256944444496,0.03055185079574585,3900,1279.4385381627965,-0.034057699616446536,0.1492476851851852,-45.28175311618381,5245.4794921875,0.0003,7372.873804615162,0.2,0.01674541
13.235777182417982,0.0,9.425660525003822,-441.0734906200001,0.8356481481481481,26.69814434647459,3.2887505060404854,5159,14.002045458210802,0.8787229172686478,52.56377658761998,677376,0.252779646709341,42.245370370370374,0.1239483788520109,29.175925925925924,37.433449074074076,7.660214477175326,17.774766606194802,392,13.82759412805042,0.9151380061297012,19.71904501110653,131,36.0,0.43521942684959314,12.831236405880786,10.511625209579014,48,31.04021990740732,0.07919973134994507,3910,1138.7446012426306,-0.03183515512349981,0.1345486111111111,-45.3024678406892,7270.56201171875,0.0003,12561.737467447916,0.2,0.01593703
13.23247735688188,0.0,9.392105601777594,-443.59156064,0.8333333333333334,26.889952501550624,3.2959807700449293,5172,14.034876651603007,0.8852273249115651,52.687137441689885,679104,0.2509397009603906,42.708333333333336,0.12716277031270756,28.85185185185185,37.538773148148145,7.6185226349464505,17.815912361044536,393,13.690102781189585,0.9196854315381228,19.699885382935335,131,36.0,0.4357784586950564,12.9912599667993,10.536164990481625,48,30.873842592592634,0.07438850402832031,3920,1141.0801450870656,-0.034234772467364866,0.19484953703703703,-45.28892261363842,3323.679931640625,0.0003,3808.4327279550057,0.2,0.019914355
13.273575164619745,0.0,9.420042171773193,-445.67016756000004,0.8379629629629629,26.73353263157448,3.3032808754743623,5185,14.067810589514556,0.8802141681092895,52.594255626482415,680832,0.2558327286353315,41.78240740740741,0.12797307850921133,28.85185185185185,37.411458333333336,7.7777192043930015,17.755267305970445,394,13.691981296060163,0.9163253352272588,19.562197404091158,131,36.0,0.4370353230977543,12.692496903637993,10.56055315874655,48,31.025752314814813,0.0920102596282959,3930,1328.996651977963,-0.0355614532854546,0.16765046296296296,-45.30603497823079,3683.616943359375,0.0003,6934.251871744792,0.2,0.018553333
13.131986969975415,0.0,9.37918244641239,-444.9569652799999,0.8570601851851852,26.62519457540124,3.3104788315903932,5198,14.100390556939495,0.8764336416523988,52.5275854796337,682560,0.26577509377244074,31.828703703703706,0.12783833734616198,28.01851851851852,37.273726851851855,8.075753882497517,17.68944544758665,395,13.299278520486318,0.9209938135774267,16.456887915121253,131,36.0,0.43178100180130335,9.681855512137417,10.584776772365517,48,30.902777777777803,0.07973569631576538,3940,1158.4096935837358,-0.034121518257867404,0.20017361111111112,-45.29964129130045,1812.371826171875,0.0003,4328.300371636285,0.2,0.022012755
13.149889747209736,0.0,9.256037060516368,-445.10789513000003,0.8356481481481481,26.540407888692304,3.317368924241684,5212,14.133015281307518,0.8742415674155996,52.46297150027888,684288,0.2695924101987731,31.597222222222218,0.12360523726908072,28.305555555555557,37.572916666666664,8.187733925300984,17.82567510104491,396,13.433824745584408,0.917821708267989,16.616242233946963,131,36.0,0.432726071332958,9.594683563061572,10.609340960118129,48,30.52662037037039,0.052371323108673096,3950,1295.6947574615479,-0.03298675429627851,0.16255787037037037,-45.2999541953758,4920.255859375,0.0003,8137.243610749421,0.2,0.018407347
13.280207159606363,0.0,9.363980974024965,-447.65733537999984,0.8368055555555556,26.511531750216736,3.3245288766767467,5225,14.165965799206534,0.8730684757841393,52.406485509710535,686016,0.2753070638313289,32.06018518518518,0.1238160066863058,28.805555555555557,37.41261574074074,8.346582228653125,17.758576508218514,397,13.6666494830653,0.9205181460963705,17.204895055657147,131,36.0,0.43671484285387147,9.791663343938724,10.633737401388675,48,30.9027777777778,0.08019888401031494,3960,1099.9278378875167,-0.033466787862212015,0.1890625,-45.31570835819951,2929.361328125,0.0003,3988.7150431315104,0.2,0.02065093
13.324226043119621,0.0,9.27532471628019,-450.2428515700001,0.8651620370370371,26.463723550123493,3.331467188467447,5238,14.199026364314333,0.8715360258815937,52.341070122509166,687744,0.271030148699693,35.18518518518518,0.12467584552980812,29.01851851851852,37.58159722222222,8.226306566892573,17.83304054864105,398,13.764099588508538,0.9233513855380047,18.09856464772515,131,36.0,0.43833907670518846,10.70815849232404,10.658320002760277,48,30.541087962963008,0.12050658464431763,3970,1288.6316682462339,-0.0369183038999499,0.17482638888888888,-45.324936365198205,4099.00048828125,0.0003,6753.581300636574,0.2,0.019706912
13.354286210256275,0.0,9.173750349288788,-451.71909209999995,0.859375,26.659437018206415,3.3381515643406687,5251,14.232162079839974,0.8778938810368812,52.511065278482725,689472,0.27809012418085405,34.02777777777778,0.12695914271640396,29.231481481481485,37.56018518518518,8.449425706551127,17.825842776714797,399,13.875431868895518,0.9254607850818085,18.104524880196195,131,36.0,0.4396700549705951,10.379667304749548,10.682884609702064,48,30.222800925925963,0.07288366556167603,3980,1353.1230286492241,-0.03963871063078167,0.2378472222222222,-45.35531628926595,2515.11962890625,0.0003,3229.603096969039,0.2,0.02516524
13.241288621500166,0.0,9.312074467205772,-452.9648470100001,0.8310185185185185,26.609870448797434,3.345181750508683,5264,14.265015301393724,0.875938701945539,52.440901646806964,691200,0.28029272698674446,32.52314814814815,0.1225931714246901,29.0,37.541666666666664,8.504476284816578,17.813209435420355,400,13.751075312829087,0.9206409764125101,17.57820337070362,131,36.0,0.435721931344116,9.922651773057952,10.707417633290616,48,30.700231481481453,0.11561179161071777,3990,1187.9016548580594,-0.03738022454910808,0.18836805555555555,-45.347010393495914,3743.22314453125,0.0003,5084.435103804977,0.2,0.02145224
13.368667110014728,0.0,9.242665551259996,-453.5909712,0.8321759259259259,26.735910434606495,3.352038414386833,5277,14.29818696916876,0.8802758655788604,52.50906431844063,692928,0.2859727549321864,35.30092592592593,0.12638561620784897,29.277777777777782,37.41898148148148,8.651632810178597,17.75735383739528,401,13.867165219457226,0.9220682859078919,18.66835133704899,131,36.0,0.44009790400024124,10.749553307413166,10.731811017884104,48,30.410879629629566,0.1002124547958374,4000,1475.631125753897,-0.03444768638626017,0.1945023148148148,-45.32894826818396,2178.314697265625,0.0003,2757.197779224537,0.2,0.020658825
13.445526775235562,0.0,9.36097315028851,-456.01367190000013,0.8373842592592593,26.671081043510842,3.3591908472625542,5291,14.331550786106849,0.8780881478481547,52.47666661917348,694656,0.28840891714009853,36.9212962962963,0.1224433944129379,29.48148148148148,37.470486111111114,8.76945660022538,17.7846989755793,402,13.99410889578205,0.920418795971959,19.36012166403131,131,36.0,0.44244137554099866,11.19655616802388,10.756272765323052,48,30.80873842592587,0.08273661136627197,4010,1450.2050275025545,-0.033915376402782624,0.1478587962962963,-45.304200914171005,3746.515869140625,0.0003,5373.596128110533,0.2,0.01585526
13.314527986333117,0.0,9.388221805606777,-457.38593941,0.8223379629629629,26.53524323860046,3.3664114017765714,5304,14.364587106072682,0.8734553964942874,52.40456918002686,696384,0.2976194644214434,32.638888888888886,0.122785109020906,29.953703703703706,37.49652777777778,9.0318653196776,17.802025407000134,403,14.202348546060799,0.9173169554316313,18.566817656357244,131,36.0,0.437850297570362,9.932603790618847,10.780777828840552,48,30.910011574073952,0.007319509983062744,4020,1368.2175933131466,-0.032442331710761343,0.16018518518518518,-45.30468280933521,2106.3955078125,0.0003,4002.9076755099827,0.2,0.018358318
13.37797237854936,0.0,9.2157226631075,-458.68791402000005,0.8356481481481481,26.62956777697528,3.3732007084343403,5317,14.397782037019056,0.8766149802052992,52.46169159527032,698112,0.2986045075987385,31.01851851851852,0.1257903510822854,29.833333333333332,37.554976851851855,9.054293628655063,17.82177955956791,404,14.134425460531341,0.9186189680689927,18.027911661880715,131,36.0,0.4403927739516164,9.43919257269431,10.805332277739472,48,30.353009259259288,0.08719754219055176,4030,1252.057703865899,-0.03097367147501144,0.1136574074074074,-45.303439006099,6937.2900390625,0.0003,13059.893258101853,0.2,0.014624904
13.286747816737394,0.0,9.153072198739288,-458.58548938,0.8518518518518519,26.586620237568912,3.3798333889311887,5330,14.430748906560899,0.8753196124176245,52.43026849187095,699840,0.2890247952364096,30.787037037037038,0.12862878747744055,29.416666666666668,37.49131944444444,8.759062211534635,17.785455815476954,405,13.933815403051602,0.9234489984264124,17.411762557339266,131,36.0,0.43702182196431816,9.318884942753028,10.829795917278165,48,30.201099537036967,0.050771117210388184,4040,1261.8245482692012,-0.034369936109417014,0.14710648148148148,-45.332861709594724,3218.969482421875,0.0003,5767.659724934896,0.2,0.01781417
13.456465353490266,0.0,9.148782597972216,-459.30125567000005,0.8657407407407407,26.523110650698214,3.386455345426119,5343,14.464140069944625,0.8733944905464183,52.38402185681863,701568,0.28072160763364284,34.375,0.12991249542169356,29.694444444444446,37.44328703703704,8.478172970287753,17.773067022755388,406,14.055618377056375,0.9249575887137027,18.4277246326368,131,36.0,0.44257603290646197,10.493933285292671,10.854228584835054,48,30.11429398148144,0.06127840280532837,4050,1422.9224514148852,-0.03163644915308665,0.12453703703703704,-45.32417033160174,7169.1083984375,0.0003,10880.917594401042,0.2,0.015710946
13.25746628986346,0.0,9.268955898085826,-460.63071623999997,0.8344907407407407,26.57450982547745,3.3933777351713337,5355,14.497033735669284,0.8752658433618179,52.40008158089656,703296,0.28776974215276174,34.02777777777778,0.11805750444253849,29.907407407407405,37.554398148148145,8.711993947646407,17.826554049711905,407,14.167450319876437,0.9177210824400143,18.64402776934655,131,36.0,0.4365569813029637,10.364583501823708,10.878794969959333,48,30.541087962962905,0.10208755731582642,4060,1429.789170328776,-0.032140008161810264,0.15810185185185185,-45.330290278682,3331.786865234375,0.0003,3213.7393156828703,0.2,0.020060277
13.4216700133503,0.0,9.190503883319261,-462.2547356300001,0.8541666666666666,26.61250647637053,3.4001039948796317,5368,14.53033791070266,0.8761552345651573,52.39221234640658,705024,0.2813318224724599,37.15277777777778,0.13011174642317652,29.759259259259256,37.5787037037037,8.552559093117827,17.83550742837642,408,14.119131856932727,0.9273072457795443,19.381514695484302,131,36.0,0.4410082456767356,11.309823745433748,10.903383738530275,48,30.316840277777803,0.08382761478424072,4070,1312.6200100227638,-0.0342722080371998,0.15584490740740742,-45.373695020322444,5822.49658203125,0.0003,10187.92433629919,0.2,0.017517678
13.49888576466803,0.0,9.169410533250796,-465.51012672,0.8449074074074074,26.642985166630694,3.4067775212127587,5382,14.563835125114329,0.877366771780788,52.51772516414254,706752,0.3056978034942175,31.48148148148148,0.12515501364704,30.40740740740741,37.69386574074074,9.281773873976837,17.888324299082814,409,14.42120712361834,0.9234152534088359,18.66878812834526,131,36.0,0.4443662700445558,9.565807130750082,10.928104549277982,48,30.27343749999989,0.06279200315475464,4080,1499.6355715716327,-0.0345915526462098,0.15410879629629629,-45.37924683182328,1422.55419921875,0.0003,3488.4306432653357,0.2,0.018560436
13.670629482319155,0.0,9.268775323570024,-469.40558185000003,0.8559027777777778,26.76811137373501,3.4136994595216836,5395,14.597761698820127,0.8815846397823764,52.62944960389748,708480,0.2998941177993949,35.06944444444445,0.12686280308725986,30.23148148148148,37.59375,9.099526382054986,17.847590972348787,410,14.333152378285831,0.9171906668446895,19.46020571092002,131,36.0,0.44976919415340055,10.627526950579204,10.952723526708855,48,30.526620370370363,0.1303890347480774,4090,1657.215059351038,-0.030711388584502317,0.12424768518518518,-45.38546289514612,5289.8818359375,0.0003,6378.810551396123,0.2,0.014785565
13.417936085028648,0.0,9.240962456210317,-469.4097644000001,0.8391203703703703,26.745378927542674,3.4205518656622096,5408,14.631056539032699,0.8803052141215869,52.50020450618231,710208,0.2733962946347335,38.65740740740741,0.1250830712464775,29.34259259259259,37.567708333333336,8.312478894544824,17.82832247092932,411,13.92151575594748,0.9281369584226371,19.352981431587253,131,36.0,0.4413279698260033,11.718986781094946,10.977294332886178,48,30.425347222222133,0.036530137062072754,4100,1267.5779819135312,-0.033487560874265104,0.18559027777777778,-45.3807329248499,2555.46484375,0.0003,4774.58463812934,0.2,0.021521104
13.731644125441955,0.0,9.129527162625116,-470.83016590999995,0.8431712962962963,26.794353171979235,3.4271256835687725,5421,14.665135649346304,0.8818399516942009,52.53696161764487,711936,0.2685811152414741,36.458333333333336,0.12464208571152056,28.712962962962962,37.739004629629626,8.176141972308335,17.908064877243962,412,13.628100551611375,0.9209663118282576,18.26316949556879,131,36.0,0.4515326075778283,11.05892697164908,11.002064495079289,48,30.12152777777778,0.1049649715423584,4110,1474.2055732585766,-0.030131836473527882,0.10289351851851852,-45.38955165721752,6623.1845703125,0.0003,15981.289120370371,0.2,0.012699056
13.476408668996065,0.0,9.168128123707866,-471.93965139999995,0.8605324074074074,26.857602574053217,3.433796003878042,5434,14.698576671018794,0.8834498147069042,52.58786911259711,713664,0.2896449888823582,33.56481481481482,0.13145678765398422,29.175925925925927,37.5474537037037,8.804329477335108,17.826748047375577,413,13.842871932657472,0.9261463928600384,18.244710776391386,131,36.0,0.4429693282344325,10.197509366398805,11.026631365197728,48,30.23003472222224,0.08727580308914185,4120,1359.726816643609,-0.03373003177413786,0.1570601851851852,-45.38726726108127,3862.615478515625,0.0003,6306.633830656829,0.2,0.01864283
13.414596032767598,0.0,9.100113955359271,-469.73298577,0.8663194444444444,26.85081704577169,3.44029628876644,5446,14.731863161100712,0.8835884125758509,52.586832503893795,715392,0.27746892698334674,39.93055555555555,0.13574669981383639,29.425925925925924,37.39988425925926,8.451866743321998,17.745352478752988,414,13.962240262868486,0.93156135576457,19.901521958456776,131,36.0,0.4411359070085378,12.087414952266291,11.050994746394611,48,30.078125000000004,0.12201046943664551,4130,1416.215046310425,-0.030056470948167973,0.1259259259259259,-45.371727229930734,3063.148193359375,0.0003,7743.592825882523,0.2,0.014735269
13.284361057205265,0.0,9.535971837056584,-469.63410893,0.8634259259259259,27.033738686126668,3.4478862183590815,5460,14.764824063743726,0.8895660825924218,52.7167306973267,717120,0.27991131079717263,42.592592592592595,0.1320579240968006,29.63888888888889,37.45891203703704,8.51817929819436,17.772642925548503,415,14.06065264478076,0.9166163341439166,20.891659003379722,131,36.0,0.43702957032868534,12.912827060404602,11.075426353708483,48,31.387442129629566,0.09084850549697876,4140,1721.89830394321,-0.038430333401386935,0.2274884259259259,-45.35718609845197,2098.7587890625,0.0003,2883.4012012622975,0.2,0.02429752
13.517846644875364,0.0,9.442147099807134,-473.19970478999994,0.8726851851851852,26.799480172183767,3.4552415861085994,5474,14.798368680355914,0.8821031322747263,52.60395863158487,718848,0.2965449113560228,39.004629629629626,0.13476828474319155,30.583333333333332,37.675925925925924,9.007577632743905,17.87964426753987,416,14.50969425365579,0.931233986514563,20.8050610318255,131,36.0,0.44479423229694504,11.887789145425804,11.100125464377333,48,31.09809027777773,0.09980952739715576,4150,1362.6802452405293,-0.03350948966108262,0.1964699074074074,-45.36593410350658,3811.657958984375,0.0003,5295.216745334202,0.2,0.021720301
13.636785805380319,0.0,9.36911058752699,-477.77214167000005,0.8703703703703703,26.736259428906052,3.462414362577417,5488,14.832210644869365,0.8806525764901371,52.67279069873803,720576,0.30091532256927805,42.93981481481482,0.130563831192311,31.259259259259256,37.78703703703704,9.155652742386954,17.93352122815231,417,14.840173182282802,0.9212080177741193,22.424899760445797,131,36.0,0.44845333811921445,13.029073835776039,11.124959267447714,48,30.881076388888864,0.14726042747497559,4160,1445.6360139352305,-0.03241266752075818,0.18269675925925927,-45.3695629119873,1736.52978515625,0.0003,2605.291142216435,0.2,0.020094378
13.66892320248264,0.0,9.289273100142266,-479.9228133799999,0.8489583333333334,26.919067542942198,3.4693875453277725,5501,14.86613295287557,0.8861780665437623,52.750932109360804,722304,0.31243581563532513,40.0462962962963,0.1265005654659448,31.527777777777775,37.751157407407405,9.492247791789547,17.92724000964665,418,14.953122259016752,0.9283189322436237,22.001622340619374,131,36.0,0.4492325682249409,12.156252289813075,11.149777367471831,48,30.57725694444445,0.12315213680267334,4170,1350.9334304315073,-0.03440038466274187,0.2038773148148148,-45.35213224622938,3640.832275390625,0.0003,4166.911093026621,0.2,0.02278845
13.4789258927282,0.0,9.34605293896088,-479.61784713000003,0.8333333333333334,26.96007817793502,3.4765026776751746,5515,14.89958026760739,0.8879070474269065,52.740779777591456,724032,0.3289514679457264,31.01851851851852,0.12338563077305528,31.48148148148148,37.526041666666664,9.987730977316426,17.80955917206543,419,14.934485873215971,0.9122898222425461,19.758248441368366,131,36.0,0.44389442026917475,9.436031590835967,11.174301265401995,48,30.77256944444444,0.058290183544158936,4180,1630.9745760741057,-0.03548381013140358,0.18362268518518518,-45.333994717068144,2108.520263671875,0.0003,4006.4149355287905,0.2,0.022332283
13.423674619325991,0.0,9.211525988841899,-478.06444046999997,0.8287037037037037,26.890042208904692,3.4832814926472793,5528,14.932889454155706,0.8859155581911282,52.68140846261201,725760,0.34038803624172126,25.23148148148148,0.1241712885751908,31.537037037037038,37.510416666666664,10.334131984565142,17.813360280500934,420,14.951856742470023,0.9284445847792558,18.345574488203965,131,36.0,0.44094431377327536,7.659585761168803,11.198834666103247,48,30.43258101851854,0.14377319812774658,4190,1570.5935959427445,-0.0323915837108399,0.15758101851851852,-45.310112734194156,2507.54248046875,0.0003,2321.7693336769385,0.2,0.018797815
13.50983845407786,0.0,9.20338234654439,-478.46288632999995,0.859375,26.65921270140986,3.4900399485136404,5542,14.9664140502909,0.8777568278513196,52.53494982694266,727488,0.3286336038788602,26.62037037037037,0.1308758576903396,31.268518518518515,37.410879629629626,9.9651415405443,17.758348196854875,421,14.815954478409893,0.9310801759458066,18.275595882663954,131,36.0,0.44425009814664407,8.09449986370976,11.223230536595384,48,30.345775462962894,0.06799662113189697,4200,1693.970172938594,-0.033594919109923974,0.18130787037037038,-45.309734909622755,1846.2447509765625,0.0003,4030.520277235243,0.2,0.020353155
13.328818849900289,0.0,9.395385430246295,-478.4395876299999,0.8547453703703703,26.78397778285168,3.497278412089256,5556,14.999486097415652,0.8818454746473506,52.59457851450798,729216,0.324108935663128,26.96759259259259,0.1284318719936045,30.84259259259259,37.41203703703704,9.853377130591676,17.75713295917679,422,14.637263887644487,0.924483753388571,18.09205525077622,131,36.0,0.43869934399162747,8.201414232540058,11.247623368993326,48,30.9244791666666,0.13129132986068726,4210,1766.4928756996437,-0.03508446098788193,0.17355324074074074,-45.304067357381186,1098.1541748046875,0.0003,2622.823454228154,0.2,0.020737836
13.421657075888797,0.0,9.173950289696574,-479.68879443,0.8715277777777778,26.79116346911327,3.5039632878134976,5569,15.032790240105374,0.8820155146683132,52.61797641155987,730944,0.3133343638471866,28.125,0.13284458599906843,30.73148148148148,37.43402777777778,9.508569433987141,17.770381003946444,423,14.573811853376393,0.9230404775667586,18.039185978729506,131,36.0,0.44177032018001433,8.556804691365974,11.272049321503191,48,30.20833333333337,0.08173948526382446,4220,1443.2793658927635,-0.03035238545594944,0.13246527777777778,-45.31657341851128,5236.638671875,0.0003,8510.717578125,0.2,0.01766582
13.25802901412896,0.0,9.277312907582845,-479.69768416999995,0.8651620370370371,26.628950910846555,3.510906570082455,5581,15.065685312640696,0.8767285341365102,52.53411437279926,732672,0.3094623443102548,26.15740740740741,0.13140062543336664,30.685185185185187,37.469907407407405,9.395006832423464,17.782751868831266,424,14.551057109046313,0.9210917225443599,17.288215152584478,131,36.0,0.43612560281499585,7.942151211114703,11.29650620117527,48,30.562789351851897,0.05351382493972778,4230,1442.522312616419,-0.03503033523620279,0.14328703703703705,-45.302361523663556,2712.889404296875,0.0003,5848.987039749711,0.2,0.018895945
13.247552650267664,0.0,9.38532334558173,-479.98359011,0.8553240740740741,26.65125420238272,3.5181198784464094,5595,15.098554194266365,0.8774293917122947,52.48263527244472,734400,0.30996931989164206,26.50462962962963,0.1262428533546747,30.787037037037038,37.626157407407405,9.416206606053487,17.849719154361857,425,14.605256210448665,0.9275387004127977,17.466604730450083,131,36.0,0.4356485529971811,8.04514191394793,11.321130499061175,48,30.895543981481477,0.1069188117980957,4240,1285.5199684849492,-0.03555421913042665,0.13900462962962962,-45.308359386302804,4917.66162109375,0.0003,12144.54468677662,0.2,0.018357424
13.203565920642122,0.0,9.306941737103488,-480.0486352699999,0.8425925925925926,26.583156852247516,3.525137232789168,5608,15.13131310906797,0.8752299309449162,52.49910820904956,736128,0.31494142203849745,25.578703703703706,0.12489095590103186,30.712962962962962,37.410300925925924,9.580627887310367,17.748491359041097,426,14.581232938405334,0.9284979867220514,17.31369241149615,131,36.0,0.43430488870742795,7.751831585780448,11.345501727458778,48,30.635127314814827,0.09910327196121216,4250,1719.0602492155851,-0.03475543539453712,0.1605902777777778,-45.297325642903644,2865.817626953125,0.0003,3544.4267876519098,0.2,0.017796226
13.300530311726249,0.0,9.110846314615989,-480.75329801,0.8587962962962963,26.38418701961162,3.531664348575708,5621,15.164314434847284,0.8682736582003895,52.33135277432907,737856,0.31244898449193625,22.685185185185187,0.1259506753419325,30.824074074074076,37.480324074074076,9.481473559200829,17.78880373692417,427,14.615831369730296,0.923903186167739,16.404468912374206,131,36.0,0.4375714704940106,6.907163983443081,11.36997373680109,48,30.020254629629605,0.03488391637802124,4260,1809.7836798208732,-0.03881828343081806,0.18605324074074073,-45.31174573545103,5904.09033203125,0.0003,6952.195142505787,0.2,0.022209119
13.403809573327699,0.0,9.28246740852348,-485.02364313,0.8304398148148148,26.688866813116963,3.5386205170970166,5634,15.197573958780604,0.8790057378523494,52.52731645650572,739584,0.31747139125823726,23.611111111111114,0.12129079024577032,30.666666666666668,37.81539351851852,9.637913599625978,17.944949404536136,428,14.538630391797644,0.9188302616968905,16.74394911144627,131,36.0,0.4411123922951309,7.1674051200226465,11.39483611031243,48,30.548321759259263,0.003390014171600342,4270,1679.2569973839654,-0.03230720240346811,0.16892361111111112,-45.30323845192238,4361.93896484375,0.0003,4392.787155038339,0.2,0.020135729
13.376130511424543,0.0,9.248035405038893,-488.1396486900001,0.8443287037037037,26.743005192019073,3.545490605609614,5647,15.230764285059164,0.8808541455351063,52.51760945960086,741312,0.30383307901883994,25.347222222222225,0.12490165011125993,30.259259259259263,37.660300925925924,9.214824552192903,17.872802285681963,429,14.349826754295435,0.918288053246285,16.671355644651822,131,36.0,0.44016653306865466,7.706704338163483,11.419518116026634,48,30.475983796296326,0.1181291937828064,4280,1733.5253983674227,-0.030879074912863198,0.14050925925925925,-45.3033169357865,2917.532958984375,0.0003,5640.998590313947,0.2,0.017300865
13.420526162318133,0.0,9.131652254816968,-488.8978738599999,0.8246527777777778,26.576073296987385,3.5520697362466565,5661,15.26406560046496,0.8750241629405484,52.45157195148997,743040,0.303468587932012,24.189814814814813,0.11814431432405174,30.194444444444446,37.660879629629626,9.19838422442515,17.869926496745617,430,14.318179659418115,0.9190035040261031,16.276330116192533,131,36.0,0.44141302444497416,7.35976623234927,11.444192932268498,48,30.070891203703702,0.10527759790420532,4290,1494.5129577212863,-0.03163994180849167,0.14421296296296296,-45.31267920600043,2093.650390625,0.0003,5478.049472837095,0.2,0.016740115
13.438483254141234,0.0,9.18922749504648,-490.04741784000004,0.8443287037037037,26.66693569052777,3.5587928049842725,5674,15.297411808600312,0.8782380432532005,52.49777233539127,744768,0.31111613157835283,24.189814814814813,0.12680217531309942,30.546296296296294,37.563657407407405,9.424509544521774,17.829741603339297,431,14.474818313176982,0.920749453962483,16.634168462367292,131,36.0,0.44210570421193307,7.334840604668535,11.468767286276845,48,30.3385416666666,0.06454521417617798,4300,1680.9223858727348,-0.03188220361006205,0.1347800925925926,-45.3217150511565,2613.73046875,0.0003,7405.595500578704,0.2,0.01595322
13.227969990520165,0.0,9.402308825906958,-489.77249145999997,0.8368055555555556,26.588676078083818,3.56604857704904,5687,15.330231733576612,0.8752159506013264,52.51850089433902,746496,0.3140107838048963,24.189814814814813,0.12004883252692093,30.574074074074076,37.5787037037037,9.520190455349768,17.843810305272513,432,14.49196096596071,0.9114764394849927,16.747696864948622,131,36.0,0.43450037467371067,7.335545443638143,11.493376812040026,48,30.9968171296296,0.05654555559158325,4310,1662.4370848761664,-0.03810558257176092,0.17390046296296297,-45.28892086170338,2043.4898681640625,0.0003,4302.749293348525,0.2,0.019266393
13.341393315154727,0.0,9.186110281521623,-489.75179109,0.8668981481481481,26.63763828003081,3.572763852752844,5700,15.363335216864499,0.8766013410890867,52.527154702409526,748224,0.3198547166577772,25.462962962962962,0.12840083687537857,30.814814814814813,37.50694444444444,9.700421384452236,17.79874650164812,433,14.608395634471732,0.92077167383634,17.44328103389021,131,36.0,0.4390426391562542,7.734464014966238,11.517873678294146,48,30.193865740740698,0.07074344158172607,4320,1425.3044150175872,-0.0352986104424215,0.1640625,-45.28331312956633,3814.506103515625,0.0003,8145.261355251736,0.2,0.018686835
13.385145236150732,0.0,9.077650101609699,-491.36397949999997,0.8431712962962963,26.48258824883828,3.579207978006868,5713,15.396548079954876,0.8713176792016367,52.33376888196776,749952,0.3183398893212928,21.875,0.12196021269410112,30.48148148148148,37.58101851851852,9.678332583161286,17.832290552005215,434,14.468248197993516,0.9226593458625445,16.169664971253383,131,36.0,0.4407495097621197,6.623084190098581,11.542454404674158,48,29.853877314814778,0.11744767427444458,4330,1368.8931114196778,-0.03232369541225058,0.19560185185185186,-45.30102940312138,2216.496337890625,0.0003,4807.832654712818,0.2,0.024543054
13.653427737030235,0.0,9.096222574077794,-494.95589524999997,0.8269675925925926,26.497581196101475,3.585698534442063,5726,15.430431649297452,0.8721121675844148,52.35252848477006,751680,0.33388014780190717,20.71759259259259,0.12054168127325463,31.222222222222225,37.629050925925924,10.142006649244925,17.86086496562962,435,14.807042572106146,0.9235510534684571,16.849049221351073,131,36.0,0.4483080673889091,6.288749807313509,11.567106567088233,48,29.99855324074068,0.10625225305557251,4340,1787.6363285205982,-0.02892139306533392,0.14965277777777777,-45.32522094161422,4295.42822265625,0.0003,8869.873196976274,0.2,0.016622417
13.574336253340812,0.0,9.09278623955878,-498.29220362,0.8454861111111112,26.36815936225439,3.5921805000409597,5739,15.464117489930803,0.8680051937123503,52.244377755411485,753408,0.3206307241401557,22.453703703703706,0.12306958217712238,30.62962962962963,37.68055555555556,9.731755481478755,17.87789212953858,436,14.525079431007685,0.922288085832191,16.464470523537756,131,36.0,0.446141961323613,6.807635611051318,11.59180129741208,48,29.998553240740787,0.05224508047103882,4350,1943.717144224379,-0.033385631811149695,0.1681712962962963,-45.35268989845559,2008.0889892578125,0.0003,2814.4519856770835,0.2,0.021302842
13.600273957059615,0.0,9.181627398925595,-500.72187753000003,0.8547453703703703,26.413849243805657,3.5988845685382738,5753,15.497868174823452,0.8699503778944938,52.276131211044394,755136,0.3293628858920721,22.916666666666668,0.12629897567060958,31.027777777777782,38.05613425925926,10.028580317601898,18.06692663281268,437,14.737338355960686,0.9214860955769538,17.079744112454726,131,36.0,0.44705254042457165,6.913825438892142,11.61696861399411,48,30.273437499999957,0.10673379898071289,4360,1716.7846779152198,-0.03397279778857612,0.15335648148148148,-45.35601087499548,3316.979248046875,0.0003,6013.141371889467,0.2,0.016923346
13.485500312719111,0.0,9.23628406970631,-501.01268058,0.8356481481481481,26.34313851106477,3.6057252787125393,5766,15.531331925605249,0.8671137287669323,52.23769853211954,756864,0.3203511512732402,22.569444444444446,0.11943641742958572,30.305555555555557,37.60648148148148,9.74982195398254,17.846716236089755,438,14.392263067860464,0.9227285686432735,16.343036350680997,131,36.0,0.4442144318269107,6.800951328837992,11.641585404584335,48,30.345775462962937,0.09026151895523071,4370,1619.3849833170573,-0.03509105730249926,0.19832175925925927,-45.363943552087854,2747.3564453125,0.0003,4370.3920658818,0.2,0.022808054
13.567835464824272,0.0,9.052674595692025,-501.04527361999993,0.8240740740740741,26.219207973675378,3.6121069652017694,5779,15.56500151426731,0.8630081835207216,52.153897162833594,758592,0.30291224055888116,23.14814814814815,0.11905232985184062,29.564814814814813,37.609375,9.230784640995742,17.842731196035736,439,14.043269091744667,0.9257127566441377,15.665782135797178,131,36.0,0.4464729728777772,6.991728403056768,11.666192232574424,48,29.82494212962959,0.06839805841445923,4380,1680.6205147707904,-0.03835094491088832,0.1542824074074074,-45.371633006908276,3401.139404296875,0.0003,6110.260480866609,0.2,0.016714487
13.615438403810899,0.0,8.948625117627023,-501.72541968000013,0.8067129629629629,26.254089768775184,3.618228527995837,5792,15.598790110276838,0.8638862839825832,52.142554020584534,760320,0.3170666231190396,21.64351851851852,0.11209377747115389,30.444444444444443,37.50694444444444,9.632906711979368,17.80001970933279,440,14.43851429799352,0.9111981497412732,16.020642897963725,131,36.0,0.44784760483420216,6.549221887990838,11.690692281847756,48,29.48495370370372,0.08106797933578491,4390,1876.478992956656,-0.03135780914238206,0.12916666666666668,-45.36762128759314,3674.1943359375,0.0003,4320.161762152778,0.2,0.015863188
13.723566878306988,0.0,9.018755965537375,-505.18172960000004,0.8362268518518519,26.26359492518236,3.6245254179096804,5805,15.632849027472606,0.8647972057369139,52.174004100509215,762048,0.3242723850192507,21.180555555555554,0.12185669343176825,30.675925925925924,37.933449074074076,9.856650568462186,18.001877139815424,441,14.557286762303065,0.9227089876042862,16.31393733076525,131,36.0,0.4515286944728069,6.418870665134887,11.715696974697295,48,29.709201388888907,0.0553966760635376,4400,1579.4071051244382,-0.032761249325617595,0.14114583333333333,-45.36949900874385,5533.1640625,0.0003,10574.424430338542,0.2,0.015920104
13.660387932233384,0.0,8.97001850250244,-507.3548391900001,0.8564814814814815,26.115354414545084,3.6307004641659364,5818,15.666749997303189,0.8595535980409633,52.120482358491614,763776,0.31413750456310713,22.337962962962962,0.12477191476649759,30.712962962962962,37.800925925925924,9.550195860599509,17.95013040614692,442,14.579237120459425,0.9252581295199993,16.290929355350062,131,36.0,0.44836966748353074,6.76149637429113,11.740572300712662,48,29.622395833333346,0.06097501516342163,4410,1940.0247471985992,-0.03542075691468738,0.16440972222222222,-45.348603368688515,3003.109375,0.0003,4713.897111002604,0.2,0.018433802
13.515328848873347,0.0,9.03427923794772,-505.56152042,0.8153935185185185,26.067368802503598,3.637036162260806,5831,15.700288319425372,0.8579695050000627,52.113021499603796,765504,0.3145006292133445,21.527777777777775,0.11554409558735182,30.759259259259263,37.542824074074076,9.56539423945467,17.816308100803326,443,14.600281091562046,0.9153687703570476,16.092580141623223,131,36.0,0.4449143898207397,6.526904810606507,11.76511307096467,48,29.738136574074108,0.11864620447158813,4420,1758.3142642833568,-0.034324457854273974,0.1572337962962963,-45.34176593356662,4766.4775390625,0.0003,8987.751900679978,0.2,0.017653191
13.607972163117244,0.0,9.015038708761969,-506.80417735,0.8315972222222222,26.154478649180657,3.6433237590327106,5844,15.734058249833165,0.8606392925954459,52.146722912866245,767232,0.3120705740343328,24.421296296296294,0.12130055352673297,30.712962962962962,37.83043981481482,9.47100477407951,17.95484202444472,444,14.564389678773866,0.9199024525704061,16.84694103107482,131,36.0,0.44740952822924257,7.4115465782214445,11.790000176025782,48,29.73090277777769,0.05142092704772949,4430,1755.230621125963,-0.03296070539875439,0.15399305555555556,-45.322050688001845,4178.31396484375,0.0003,5681.979059968171,0.2,0.017998204
13.6617789603414,0.0,9.000792329066446,-510.35201389,0.8472222222222222,26.2588650295382,3.6495757398553765,5857,15.767962697234019,0.8639783061593119,52.20908027884706,768960,0.30776733939941253,24.884259259259263,0.12288671611424995,30.62962962962963,37.729166666666664,9.352701011767932,17.90162408997184,445,14.528066717410887,0.9173726904703435,16.803305804253842,131,36.0,0.4494229757245017,7.5225380750750235,11.81475423625071,48,29.665798611111068,0.09696328639984131,4440,1668.5883662188494,-0.03603640152313919,0.15596064814814814,-45.339082096241135,5246.8701171875,0.0003,7835.437096715857,0.2,0.017563937
13.505205774687214,0.0,9.216912614724409,-510.46965560999996,0.8483796296296297,26.341971945540234,3.6563680213921876,5870,15.801475711670737,0.8672908087247634,52.31871329294743,770688,0.30221499605878854,29.513888888888886,0.12372095770482744,30.935185185185187,37.72569444444444,9.162801044398844,17.90026357575102,446,14.663559273793808,0.9281497848074267,18.200272383732788,131,36.0,0.4440639267630877,8.973912065540134,11.839504895190087,48,30.374710648148167,0.15017449855804443,4450,1691.9349103009258,-0.03298683188234766,0.17702546296296295,-45.31900414360894,2747.283447265625,0.0003,4029.7286476417826,0.2,0.019023338
13.455860448462337,0.0,9.062093183131564,-509.16026422000004,0.8310185185185185,26.501179605829552,3.6627732543500167,5883,15.834865362791893,0.8722494966832911,52.37055916691477,772416,0.30213800562288334,28.819444444444443,0.11700682245087833,30.51851851851852,37.597800925925924,9.151552407312275,17.846842860191476,447,14.45819206781865,0.9187524962970942,17.773412584786954,131,36.0,0.4429641197530836,8.763668109656026,11.864122002340565,48,29.84664351851854,0.07914239168167114,4460,2281.668121733489,-0.03405202580270944,0.16967592592592592,-45.321821989836515,2798.957763671875,0.0003,4549.010759367766,0.2,0.018568937
13.490459814250288,0.0,8.966351615429483,-508.15905229000003,0.8483796296296297,26.563861463297954,3.6689391333885903,5896,15.868341512327518,0.8743016698051216,52.42793460431281,774144,0.31348536248332964,28.587962962962962,0.12555683288655908,31.240740740740737,37.473958333333336,9.516926749614038,17.78678580083385,448,14.809387332646189,0.920376505099231,18.396815801763097,131,36.0,0.44334829268741555,8.670501719502871,11.888588966842649,48,29.550057870370388,0.07807421684265137,4470,1881.2861416710748,-0.03188133350556233,0.16082175925925926,-45.34366763079608,2848.060791015625,0.0003,4407.615919777199,0.2,0.020283254
13.313112634737962,0.0,9.179072294768433,-508.62686431,0.8333333333333334,26.45038424729195,3.6756368141255114,5909,15.901374293914364,0.870887873703801,52.340876491228734,775872,0.30071973671165314,28.587962962962962,0.11916840696948151,30.574074074074076,37.52256944444444,9.109734130992527,17.802390070172862,449,14.482809889362537,0.9192444918320256,17.693673749118048,131,36.0,0.43792643611746257,8.701129728762986,11.91309494201808,48,30.266203703703674,0.06107532978057861,4480,1977.7904105574996,-0.03463074278293384,0.16695601851851852,-45.360164670591004,2058.938720703125,0.0003,7733.1090404369215,0.2,0.018893441
13.60745320321403,0.0,8.995060066210243,-510.69375328000007,0.8344907407407407,26.454514120235448,3.681874464291037,5922,15.9351429269224,0.871535070766133,52.40415895639726,777600,0.30646242342849744,25.694444444444446,0.12037693145726795,30.685185185185187,37.64641203703704,9.292967857632464,17.871460917037826,450,14.543245168841173,0.9231147214556571,17.03852521486936,131,36.0,0.4474142336203279,7.802312188395721,11.937773594310675,48,29.644097222222218,0.06824833154678345,4490,2020.3887945387098,-0.031502978148421755,0.15920138888888888,-45.36077096727159,2596.89892578125,0.0003,4879.3323382342305,0.2,0.018160505
13.446120243943346,0.0,9.1639388522724,-513.51671644,0.8211805555555556,26.575442935625784,3.688534311421718,5935,15.968508227532258,0.8752555196030395,52.433255499019104,779328,0.30440606761545,28.587962962962962,0.1161564123236835,31.203703703703706,37.63425925925926,9.202687318729685,17.87051911702626,451,14.77653332066105,0.9188155272128478,18.075829035451115,131,36.0,0.44230333162266716,8.696608396060377,11.96244989210324,48,30.135995370370395,0.0486835241317749,4500,2056.4195803606954,-0.03179206645495638,0.13784722222222223,-45.34911870603208,3930.94091796875,0.0003,6525.023061342593,0.2,0.01669426
13.624164188767258,0.0,9.099313782941184,-516.08206901,0.8501157407407407,26.70302615721727,3.695032595879071,5948,16.002318638004176,0.8792229140628137,52.48161133408877,781056,0.3069684886704944,26.62037037037037,0.1256516663452776,31.13888888888889,37.84722222222222,9.302585341404543,17.959780112158118,452,14.751865921721366,0.921647223525468,17.522462046148238,131,36.0,0.4480315492478895,8.068010783022329,11.987349342383636,48,29.99855324074077,0.07216447591781616,4510,1721.3365289334897,-0.03135280693812227,0.14126157407407408,-45.3450782917164,3510.41650390625,0.0003,4515.544944480614,0.2,0.018750431
13.724841281149146,0.0,8.842704795058184,-519.82199911,0.8206018518518519,26.461479991302543,3.7008893578667164,5961,16.03638074120705,0.8712360333814236,52.39304406444351,782784,0.3058174867855563,26.504629629629633,0.11905665645770638,31.194444444444446,37.79108796296296,9.311494017200298,17.940974472993265,453,14.804365334135307,0.9246903388634864,17.520903685081812,131,36.0,0.4513194216510339,8.005044333746207,12.01220177856612,48,29.123263888888896,0.11446124315261841,4520,1970.6648028197112,-0.03404878356787203,0.1259259259259259,-45.36347502249259,5618.00146484375,0.0003,8409.462859881365,0.2,0.016586877
13.505511775204916,0.0,8.979982331926205,-518.9575587200001,0.8391203703703703,26.441313322408337,3.7070893136965317,5974,16.069894520645065,0.8705337439393213,52.38404362882522,784512,0.30743578265501553,25.810185185185187,0.11538792807101586,31.26851851851852,37.804976851851855,9.334010377628728,17.94679171226501,454,14.8301809225237,0.9127505241288445,17.38438983163627,131,36.0,0.44422062623030095,7.820198531483844,12.037068757846782,48,29.593460648148127,0.092074453830719,4530,2192.875827845821,-0.03367997432748477,0.16128472222222223,-45.36966542844419,2799.521728515625,0.0003,3862.553682002315,0.2,0.018264722
13.56778247174691,0.0,9.059129258075776,-520.07547232,0.8211805555555556,26.397960165650023,3.7134871368417213,5987,16.103563976824432,0.8694873093351605,52.388618924135564,786240,0.29544549413498494,26.15740740740741,0.11743504316699947,30.907407407407405,37.82118055555556,8.956047862612806,17.94683055281951,455,14.640091620830956,0.9205828650796419,16.927624161906174,131,36.0,0.44590381494678183,7.931484678462414,12.061935834228832,48,29.911747685185205,0.05564093589782715,4540,1747.4656890304,-0.03623149945676603,0.1765625,-45.352654181586374,5464.40087890625,0.0003,8785.959754774305,0.2,0.01890737
13.356823161934486,0.0,9.115423862966056,-518.3133182,0.8674768518518519,26.386842014410018,3.7200256964991363,6000,16.13670603472927,0.8692953454236951,52.31700364862629,787968,0.2937381569287687,26.73611111111111,0.12337963491787984,31.083333333333332,37.53993055555556,8.890403245005038,17.82513194668689,456,14.72063872104644,0.9187027618783778,17.13498990532546,131,36.0,0.4391407225258559,8.123947939273984,12.086498664095549,48,29.998553240740755,0.03367745876312256,4550,1951.53291716399,-0.03400888184637383,0.1707175925925926,-45.34868137218334,2854.753173828125,0.0003,6250.509759295428,0.2,0.018874465
13.417038969053907,0.0,8.8929859005161,-517.68976974,0.8321759259259259,26.32532559619909,3.7260081612504266,6013,16.169998632151902,0.8675761008203349,52.2497486986102,789696,0.29326849274701244,27.662037037037038,0.11815461855321689,31.027777777777775,37.613425925925924,8.890651263540422,17.85170890316054,457,14.701787359828174,0.9213676454092578,17.36947226154082,131,36.0,0.4420024567184349,8.377033638172223,12.11112793635345,48,29.267939814814774,0.08852577209472656,4560,1666.8907192018296,-0.032790630133132694,0.15653935185185186,-45.34768146938748,4058.078125,0.0003,10954.409586588541,0.2,0.018285116
13.214667940871463,0.0,9.170913755440596,-516.47199982,0.8605324074074074,26.38034509853784,3.732685445639028,6026,16.20278530200408,0.8684338012640503,52.30055580120376,791424,0.2795572780990317,29.39814814814815,0.12339804334809305,30.722222222222218,37.32175925925926,8.46605872610211,17.712890042403526,458,14.554083488589376,0.9179883096272162,17.360051045379567,131,36.0,0.4349397819887943,8.939908830688081,12.135410161459458,48,30.201099537036995,0.0954621434211731,4570,2096.28647285744,-0.033420620020478964,0.18032407407407408,-45.327020207157844,2623.788330078125,0.0003,4220.774136917679,0.2,0.020556036
13.359273530734777,0.0,9.124902444917659,-517.54688119,0.8466435185185185,26.33390855301391,3.739247701751322,6039,16.235933485830916,0.8667281817035585,52.253487623950896,793152,0.2751606867517545,31.25,0.12747250915159505,30.462962962962962,37.6255787037037,8.327817053649175,17.854246669696735,459,14.434577437065636,0.9250364729118895,17.669974923918943,131,36.0,0.4394928567037389,9.507580433204131,12.1600457781337,48,30.107060185185222,0.07983613014221191,4580,1505.3332952923245,-0.036860424359501515,0.24357638888888888,-45.31123162728769,4118.56103515625,0.0003,7866.005120623553,0.2,0.028194193
13.290305650226992,0.0,9.092842639064484,-519.36004248,0.8240740740740741,26.281329198397714,3.745729808348983,6052,16.268909249956483,0.8655764144663056,52.247068029271645,794880,0.28381499958425044,30.555555555555554,0.1193948857581292,30.694444444444446,37.392361111111114,8.607952584990592,17.747705355341324,460,14.560071297845818,0.9168824594284386,17.858077997522727,131,36.0,0.4372119549565382,9.290054114686319,12.184415041522053,48,29.976851851851773,0.1450839638710022,4590,2150.8868161943224,-0.03275577557807857,0.13466435185185185,-45.33490408438223,3185.68798828125,0.0003,4897.454303204572,0.2,0.014201744
13.521670991739112,0.0,9.20800345651279,-522.9579677300001,0.8229166666666666,26.30556258754653,3.752499816990265,6065,16.302463427435832,0.8657406330009804,52.268737743547014,796608,0.286278199767977,27.314814814814813,0.12077884941130834,30.12037037037037,37.73090277777778,8.719354253688522,17.905967915613765,461,14.316594885530174,0.9221513776494772,16.73848604464971,131,36.0,0.44497586526482624,8.302536905431014,12.209179961311087,48,30.345775462962905,0.08189404010772705,4600,1773.8356637460215,-0.029796294643785113,0.1519097222222222,-45.34100443522136,3177.191162109375,0.0003,4441.28448260272,0.2,0.018037753
13.760772596483884,0.0,8.97723671769509,-528.56545706,0.8582175925925926,26.34802136857429,3.7586929087845027,6079,16.33661535892704,0.8672853862259006,52.215647324530984,798336,0.2953320086981343,27.314814814814813,0.13077687130520282,30.324074074074076,37.83506944444444,8.97525756074041,17.95055634994281,462,14.39232862848793,0.9285313047491578,17.056147862688015,131,36.0,0.45248738243475234,8.288561673459673,12.234056352185943,48,29.60792824074072,0.0681833028793335,4610,2068.774359173245,-0.035061238488803305,0.1326388888888889,-45.33097839355469,3882.23291015625,0.0003,7326.736047815393,0.2,0.015667688
13.485891228205134,0.0,9.101387556440578,-530.03092558,0.859375,26.49521393656346,3.765196377675604,6092,16.370080086997554,0.8721334062984442,52.3348789728534,800064,0.296822659512888,30.09259259259259,0.12410673287077227,30.86111111111111,37.795717592592595,9.035066377630848,17.937207636447727,463,14.656350916853869,0.9247520730225663,18.21885718195489,131,36.0,0.44356889755498946,9.127439887470173,12.258899371277062,48,30.020254629629658,0.07778680324554443,4620,2094.160309629087,-0.03266612191132649,0.14438657407407407,-45.34366929796007,2110.627197265625,0.0003,4760.243155924479,0.2,0.016537836
13.610474147148416,0.0,9.010335633059816,-530.2506270199999,0.8564814814814815,26.440332012375322,3.7714722167582537,6105,16.403856272365424,0.8704638138609967,52.36925860755948,801792,0.29363191051146625,31.828703703703706,0.12329033223228428,30.89814814814815,37.68402777777778,8.932746439503015,17.87960997778576,464,14.663309448744066,0.9181686865703609,18.65402695122297,131,36.0,0.44782734505006516,9.65797106297589,12.283598396221526,48,29.70920138888889,0.12135833501815796,4630,1823.8165685583044,-0.033447265773321744,0.1337384259259259,-45.362445478086116,6875.7080078125,0.0003,8766.492903645832,0.2,0.01637746
13.964618702911963,0.0,8.941595431778934,-534.83127984,0.8396990740740741,26.57122333995643,3.777576205337701,6118,16.438517819122705,0.8749024863790993,52.39544974813955,803520,0.2906825657908982,30.902777777777782,0.12048016265865874,30.87037037037037,37.855324074074076,8.835988950138004,17.968958347892723,465,14.64726519264862,0.9241819863956219,18.262601460862726,131,36.0,0.4587686570663063,9.3793473180761,12.308520792091258,48,29.506655092592588,0.07956022024154663,4640,2023.7266565817374,-0.03443923489432092,0.1482638888888889,-45.360690929271556,3583.59521484375,0.0003,6057.22728000217,0.2,0.017557139
13.610182751143862,0.0,8.929272098592786,-536.2523732600001,0.8443287037037037,26.499048324559325,3.783649385584183,6131,16.472293276000563,0.8723505938780654,52.31594940829677,805248,0.29337290602357363,28.703703703703706,0.11973219989395037,30.73148148148148,37.573495370370374,8.907869445279973,17.83627671482932,466,14.571075610757617,0.9275019604451685,17.598615973835912,131,36.0,0.4474042852314837,8.71967091779832,12.333111483878332,48,29.441550925925917,0.11084598302841187,4650,2071.1712009571215,-0.028145988456284007,0.10295138888888888,-45.35142398410373,7005.38720703125,0.0003,8690.44711009838,0.2,0.014178998
13.508983775989641,0.0,8.820475484654581,-531.70887724,0.8368055555555556,26.390719155516113,3.7894505742958193,6144,16.50581573544054,0.8687929833439422,52.27385728117827,806976,0.2878555810746097,25.462962962962962,0.11959952320389015,30.305555555555554,37.613425925925924,8.7607022645174,17.85472988683993,467,14.388792584937356,0.9196376745580138,16.260968827142303,131,36.0,0.44415523610167235,7.711473977687546,12.357748308595431,48,29.03645833333334,0.04897809028625488,4660,2193.3559151260943,-0.03700541435326967,0.18483796296296295,-45.348382257532194,4895.529296875,0.0003,4945.534554940683,0.2,0.019496366
13.736972315619665,0.0,9.014658615609047,-535.0516254099999,0.8182870370370371,26.404514199843888,3.795737220834842,6157,16.539908166229587,0.8696435053701655,52.286127452069685,808704,0.29108697770373476,24.884259259259256,0.11217228543712875,30.34259259259259,37.864583333333336,8.814974107838013,17.979161551073776,468,14.364678189456058,0.9132312982632647,16.117485412006378,131,36.0,0.45160533140692616,7.537833114712307,12.382696212473116,48,29.673032407407415,0.09102749824523926,4670,1947.9958266788058,-0.03045463220871709,0.13761574074074073,-45.350670199924046,5580.05859375,0.0003,8410.302276837385,0.2,0.017171577
13.723769001914738,0.0,9.123312988617348,-538.82164789,0.8333333333333334,26.368156513565484,3.8022955033063854,6170,16.573967588734373,0.8685315442548406,52.303921268972864,810432,0.2843055065163558,26.15740740740741,0.12216655873036177,29.87037037037037,37.804976851851855,8.617346556591807,17.937315874432432,469,14.156695006951423,0.9256166985244662,16.114317025783865,131,36.0,0.4514136190871966,7.940275462240636,12.407539502159198,48,30.099826388888815,0.12360876798629761,4680,2016.54089040403,-0.036298041268148354,0.16805555555555557,-45.34658115528248,3688.967529296875,0.0003,4260.408854618779,0.2,0.018814145
13.643366098251429,0.0,8.978260499469647,-538.8265814900001,0.8449074074074074,26.49006916182434,3.8084911545550595,6183,16.60782600398,0.8722669388933769,52.3505324509649,812160,0.29608601842843585,23.611111111111114,0.12525518295834404,29.972222222222225,37.611111111111114,8.990738091470185,17.844742988627953,470,14.213642651847197,0.9297993530617812,15.753968856561318,131,36.0,0.44885023363665505,7.1495881132439365,12.432151359630767,48,29.542824074074066,0.10623103380203247,4690,2220.331108799687,-0.035905058481902986,0.13993055555555556,-45.361009979248045,4653.43017578125,0.0003,7872.644455295139,0.2,0.016589982
13.69386024102473,0.0,8.947533152698385,-538.5259036,0.8333333333333334,26.600152655745294,3.8146099874368056,6196,16.641810654582564,0.8759528899600336,52.42173818897579,813888,0.29400696230656154,24.421296296296294,0.11848541509127856,29.75,37.64409722222222,8.933047978389007,17.869587800758012,471,14.119215480874338,0.9121953135165051,15.884252958583406,131,36.0,0.45026682657535316,7.4319894993200615,12.456825329132663,48,29.47771990740742,0.066489577293396,4700,2400.1930961326316,-0.03369046638167843,0.16973379629629629,-45.34216415970414,3416.272705078125,0.0003,4264.28529369213,0.2,0.018774625
13.488641717534039,0.0,8.993698798000882,-539.1265518900001,0.8402777777777778,26.43688232026697,3.820844234431808,6209,16.6752822588764,0.8710101858856173,52.3357342720462,815616,0.296057401298359,23.148148148148152,0.11940894397482822,29.76851851851852,37.61574074074074,8.98787421125328,17.85664034033254,472,14.118711441073602,0.920828557656052,15.519698677389469,131,36.0,0.44389080245142476,7.013113025062588,12.481466929983494,48,29.62239583333323,0.08797693252563477,4710,1930.321955899839,-0.0333369399903825,0.15856481481481483,-45.30684558727123,5857.6396484375,0.0003,8482.116312210648,0.2,0.018341707
13.648815004536546,0.0,8.902521912947813,-539.58856815,0.8431712962962963,26.46548943015873,3.8268505392141776,6222,16.70915429638774,0.8719788234663118,52.346646802228,817344,0.2907236736322138,24.537037037037038,0.12595314861909201,29.287037037037038,37.68055555555556,8.815973346218925,17.879982296318648,473,13.89637105132151,0.9219493463431915,15.585746981767178,131,36.0,0.4490018190650156,7.473402584226743,12.50616688572429,48,29.33304398148152,0.07201272249221802,4720,2334.9440604881006,-0.03256474082461662,0.16273148148148148,-45.305219395955405,4332.537109375,0.0003,4436.130692997685,0.2,0.01836526
13.681282699150971,0.0,8.817352828774634,-541.4254565800001,0.8495370370370371,26.50770001034894,3.832643921286114,6235,16.74310750313562,0.8728504247407609,52.38015174974867,819072,0.30653408405862764,25.115740740740744,0.12149660898240816,30.0,37.56828703703704,9.323803859837462,17.832156857077848,474,14.25126868892613,0.9210569865354437,16.608085746556274,131,36.0,0.450207577003943,7.633013197792682,12.530747277866986,48,29.058159722222175,0.13025444746017456,4730,1952.696096165975,-0.032482349551800224,0.14149305555555555,-45.314994741369176,5198.2158203125,0.0003,8436.92724609375,0.2,0.018019048
13.433696758200044,0.0,8.85140056148069,-539.60992651,0.8483796296296297,26.50203149782743,3.838522422689816,6248,16.776441745031118,0.8733450612793404,52.31729004185288,820800,0.3043247265552537,24.421296296296294,0.12278808521022523,30.009259259259256,37.47511574074074,9.243568877585739,17.78155930220961,475,14.237970618072225,0.922121999121379,16.29881178264262,131,36.0,0.4419638610228319,7.417272286984656,12.55520117612251,48,29.16666666666673,0.0821416974067688,4740,2146.2289832786278,-0.034989079601062394,0.15734953703703702,-45.314499593664095,3438.35107421875,0.0003,5677.505982349537,0.2,0.019296054
13.533802722640838,0.0,8.992157831191637,-540.20354624,0.8651620370370371,26.544145589013322,3.844752817267795,6261,16.81002625183772,0.8741099528975959,52.29776588759119,822528,0.3018531566076608,23.84259259259259,0.12886153812290033,29.833333333333332,37.657986111111114,9.15871751864181,17.876095475807134,476,14.146796470549136,0.920180245054678,15.956562655938994,131,36.0,0.4453919900504991,7.251048666748048,12.579891414812028,48,29.622395833333375,0.0578765869140625,4750,2175.5619476742213,-0.03211856446125441,0.15260416666666668,-45.3375037016692,5694.59912109375,0.0003,10002.621157045718,0.2,0.017456993
13.581929781984345,0.0,8.832208270849286,-542.6799645499999,0.8443287037037037,26.583091916959443,3.850583337944918,6274,16.84373107629268,0.8757676253778929,52.3227632166608,824256,0.2977820884721177,25.810185185185187,0.1243823214657528,29.935185185185187,37.557291666666664,9.033385593131511,17.82609279562973,477,14.195788710248971,0.9235170596513051,16.461982873100204,131,36.0,0.44679086320259764,7.832808569719723,12.604456646801102,48,29.079861111111168,0.09839588403701782,4760,2167.9673802128546,-0.03762751177505211,0.18055555555555555,-45.33356266728154,2729.38671875,0.0003,5319.68101083261,0.2,0.019778745
13.704441827219368,0.0,8.829167255115102,-544.76151064,0.8327546296296297,26.64295356699756,3.856406256082706,6287,16.87774218086073,0.8777836130669927,52.32843399815553,825984,0.2880739022410608,26.15740740740741,0.12152571331605228,29.527777777777782,37.67881944444444,8.74503061094924,17.877474029102377,478,14.004350405692245,0.9203518229266977,16.091313924849743,131,36.0,0.4503166261190983,7.941932908208258,12.62915033187386,48,29.181134259259263,0.04990595579147339,4770,2540.407125049167,-0.03287124018943696,0.13269675925925925,-45.32879747461389,3326.915771484375,0.0003,8719.310716869213,0.2,0.015531643
13.510575008367306,0.0,9.015498068831048,-546.7291886899999,0.8773148148148148,26.601203134459865,3.8626950012547834,6300,16.911268618381648,0.8762253141713962,52.390154296304985,827712,0.2936242249738414,28.472222222222225,0.12978501033368517,30.14814814814815,37.704282407407405,8.908838555241598,17.891975397629462,479,14.295957438828795,0.9215368036433005,17.24864435367327,131,36.0,0.44440412871688373,8.643848359602877,12.653880270367933,48,29.716435185185173,0.09723222255706787,4780,2462.5293468334057,-0.030848277615452255,0.16047453703703704,-45.30713940373173,2907.0947265625,0.0003,4330.2606205693,0.2,0.016825374
13.382804145819016,0.0,9.024603763195978,-545.54524455,0.8310185185185185,26.61535591524363,3.869006510662773,6314,16.944475628746197,0.8765515894971664,52.32434828098917,829440,0.28966735750310085,29.62962962962963,0.11825668188502178,29.85185185185185,37.66493055555556,8.783844208822343,17.876927623650374,480,14.156069271105283,0.9206886842790609,17.35322150743708,131,36.0,0.4403690885225543,9.013308027509455,12.67857258942706,48,29.75983796296304,0.13118904829025269,4790,2207.200809203254,-0.032507761271187555,0.1416087962962963,-45.292623406869396,4284.5859375,0.0003,6574.6690737123845,0.2,0.016656864
13.439427152019652,0.0,9.069890858903381,-545.6011887399999,0.8246527777777778,26.58570162861132,3.8754312378100315,6327,16.977824196626248,0.8752012651403938,52.38394060766388,831168,0.28411701907463743,29.51388888888889,0.11864698353857105,29.462962962962962,37.66608796296296,8.632959322784021,17.87043521282066,481,13.972601193922188,0.9113191327165618,16.96899227331555,131,36.0,0.44213279249151605,8.963431756609342,12.703248677459111,48,29.933449074074183,0.07096207141876221,4800,2557.886746272334,-0.03137860597042298,0.16365740740740742,-45.31091247841164,2494.84765625,0.0003,4381.555439362703,0.2,0.019291699
13.628964510536562,0.0,8.90388155147704,-549.0671561300002,0.8605324074074074,26.619761637745796,3.8814409416887243,6340,17.011646607902588,0.876601725041484,52.328722669976344,832896,0.2872796115473569,32.870370370370374,0.12750201831429733,30.018518518518515,37.641782407407405,8.729750012955739,17.86929527869326,482,14.237664688979882,0.9182419561753365,18.356259540173642,131,36.0,0.44796910918878896,9.988844838238021,12.727921915655845,48,29.340277777777825,0.06310766935348511,4810,2271.4707330491806,-0.03245790057850105,0.1425925925925926,-45.34600339818884,4556.2666015625,0.0003,5962.625396954571,0.2,0.016467484
13.765269742700958,0.0,8.870643571957745,-552.9832643499999,0.8819444444444444,26.467804624185504,3.8873675506186185,6354,17.04580978225934,0.871449569443584,52.264720051202225,834624,0.28275359583511256,29.51388888888889,0.12842748688538597,29.59259259259259,37.65046296296296,8.594138279912622,17.862322991544946,483,14.04499212761371,0.9189093472017177,17.00976237992495,131,36.0,0.4530975214689534,8.97063197239862,12.752577723134706,48,29.27517361111113,0.07532835006713867,4820,2240.255725267198,-0.03048662449474688,0.13871527777777778,-45.3678630122432,5296.63134765625,0.0003,6598.415613245081,0.2,0.016954575
13.629960518080354,0.0,8.799590880632778,-554.17021136,0.8616898148148148,26.72860085434139,3.8931165278202005,6367,17.07963468355454,0.879807733133373,52.42307888193645,836352,0.28871605591120414,31.134259259259256,0.12636860057263083,29.87037037037037,37.723958333333336,8.764656683220972,17.903665287159566,484,14.168427598554445,0.9225735512626803,17.805900168003802,131,36.0,0.44850332436262685,9.472815886228387,12.777336886352606,48,28.94965277777778,0.1116979718208313,4830,1909.3142559051514,-0.032225929021283434,0.14600694444444445,-45.392866657398365,5348.681640625,0.0003,10987.022281901041,0.2,0.018358335
13.398205865311644,0.0,8.940084919795943,-550.6721865499999,0.875,26.706340542806476,3.8992167401196904,6380,17.11288019821782,0.8791127489156555,52.45323873898098,838080,0.29077234664365653,30.555555555555557,0.1285850171670134,29.833333333333332,37.445023148148145,8.83149513200864,17.758481270499022,485,14.14674765172345,0.9256431436025763,17.665329980374246,131,36.0,0.4414122981853538,9.287087196642155,12.801733089528852,48,29.383680555555593,0.11761659383773804,4840,2119.581340846309,-0.036765446065476645,0.17725694444444445,-45.3875266039813,4070.4423828125,0.0003,5558.555322265625,0.2,0.021028193
13.49495639980602,0.0,8.836234123568119,-550.57892396,0.859375,26.680316530205797,3.905057325428611,6393,17.146367589217334,0.8782073826002237,52.46930423454966,839808,0.3031186401411176,25.925925925925927,0.1265303038885046,29.925925925925924,37.695601851851855,9.201875560280744,17.8850428940872,486,14.195593475758189,0.9282055027169308,16.665861204120908,131,36.0,0.44413167674179244,7.868392168081978,12.82644569676407,48,29.02922453703711,0.06585019826889038,4850,2278.1579528384736,-0.03229045578520055,0.1380787037037037,-45.40118562203867,4101.2373046875,0.0003,8478.393200231481,0.2,0.016602496
13.537929247637637,0.0,8.878338008812252,-554.3748277699999,0.8223379629629629,26.784727163053134,3.9110031704506416,6406,17.17996241233643,0.8814447083273684,52.46994841186493,841536,0.30187947637142437,25.23148148148148,0.12098151493035822,29.740740740740744,37.6869212962963,9.156510144454755,17.887279958453927,487,14.111294837091826,0.918874654930661,16.358985191797714,131,36.0,0.44510346286474406,7.691180210251133,12.851163896660205,48,29.282407407407486,0.11270534992218018,4860,2676.5726023497405,-0.031871008248654784,0.1521412037037037,-45.40022789284035,2068.69970703125,0.0003,4081.11101526331,0.2,0.016928988
13.484441252142,0.0,8.875536478584317,-554.3574882400001,0.8611111111111112,26.790506414994734,3.9169420116471025,6419,17.213423515466786,0.8815675842413268,52.48909185906655,843264,0.32091963975102145,22.569444444444446,0.12681355780111464,30.453703703703706,37.52141203703704,9.738915801159791,17.8027169494811,488,14.44235720811124,0.9155403777491108,16.44970154592172,131,36.0,0.4432009441445403,6.868428536650689,12.875670689033909,48,29.231770833333403,0.0934029221534729,4870,2322.8957274542913,-0.03157880397996417,0.12766203703703705,-45.40336589106807,5066.33154296875,0.0003,6429.185548683449,0.2,0.015505586
13.671304246126537,0.0,8.826305145968492,-557.48462727,0.8373842592592593,26.75574101319756,3.9227577745120237,6432,17.247351776082102,0.8808027823889022,52.47361520983887,844992,0.31537037442153104,22.337962962962962,0.12168703089759225,30.222222222222225,37.998842592592595,9.578731199634428,18.03793982619879,489,14.341128794399232,0.9205793762205857,16.12700656921368,131,36.0,0.44964736545469597,6.807146575180021,12.900765538599405,48,29.07262731481488,0.05611962080001831,4880,1925.118482010453,-0.03187404294601745,0.17476851851851852,-45.42318058720341,1846.7652587890625,0.0003,7780.196872287326,0.2,0.021031866
13.537234916112022,0.0,8.921047996047305,-560.5314785,0.8495370370370371,26.786570771732034,3.928810394502142,6446,17.280944863372383,0.881794897580448,52.49986550575764,846720,0.3193044099149644,21.759259259259256,0.12491904883123682,30.148148148148152,37.738425925925924,9.696907769247431,17.908371193034636,490,14.30897247970003,0.9187737278119871,16.04289505452098,131,36.0,0.44515741078631904,6.637014805573518,12.925536466581992,48,29.434317129629676,0.12371033430099487,4890,2461.579959106445,-0.02976808207868426,0.10040509259259259,-45.4240995477747,6695.30224609375,0.0003,9997.02541051794,0.2,0.013120476
13.576931802848678,0.0,8.854900602200084,-560.45364287,0.8668981481481481,26.761958332610433,3.9346976460076424,6459,17.314637192879506,0.8808992080277175,52.547554520788964,848448,0.3148066834640007,21.759259259259256,0.1274726634107185,29.916666666666668,37.798611111111114,9.560264792342261,17.940591336212645,491,14.19338907604709,0.9219710108067041,15.775609713567036,131,36.0,0.446665191495227,6.621955845177683,12.950387944922523,48,29.188368055555568,0.1125955581665039,4900,2292.2083889148853,-0.03090982233967494,0.1361689814814815,-45.42258228725857,1922.6839599609375,0.0003,6718.834832085504,0.2,0.015731897
13.51622552392102,0.0,8.862223120454132,-560.1574800900001,0.8310185185185185,26.60170775218039,3.9406032038087777,6472,17.348177756689307,0.8753137879618196,52.41671446643698,850176,0.30675549945746367,23.26388888888889,0.12240836163961798,29.703703703703706,37.641782407407405,9.302687493301127,17.8678032584783,492,14.087071976272114,0.9156509358552214,15.886940717135015,131,36.0,0.44435458274848955,7.097181247561775,12.97505745306872,48,29.22453703703712,0.105884850025177,4910,2238.671372152258,-0.02545277423363317,0.09253472222222223,-45.419035551283095,4608.79931640625,0.0003,9267.367426215278,0.2,0.012154705
13.297993734452298,0.0,8.976120377147234,-557.52519682,0.8605324074074074,26.61105070518433,3.946793504751646,6485,17.381172741025438,0.8756710631754526,52.465231045964124,851904,0.29710778326665505,24.421296296296294,0.12855869395913666,29.39814814814815,37.366898148148145,9.028064929487869,17.73671247003192,493,13.959881082304852,0.9263127706405918,15.804948309901858,131,36.0,0.4372901098840589,7.417002298109137,12.9993992342438,48,29.50665509259269,0.0908617377281189,4920,2329.6867108239067,-0.02910804522430731,0.14230324074074074,-45.421487652813944,6536.25927734375,0.0003,6132.028148509838,0.2,0.016970148
13.339113461622409,0.0,9.042744866828503,-556.13049469,0.8559027777777778,26.479443179761944,3.953150366918717,6498,17.414270524679495,0.871634095746849,52.43814929451537,853632,0.28714402642727294,24.189814814814813,0.1242390970189906,28.740740740740744,37.482638888888886,8.715633652267574,17.792169344385638,494,13.63311782063784,0.9195428229692524,15.100993990063438,131,36.0,0.4387306850640701,7.352242517158024,13.023879657604764,48,29.810474537037017,0.038687944412231445,4930,2322.1109465846307,-0.036556527258276385,0.1495949074074074,-45.42063104135019,3674.544921875,0.0003,9196.685054976851,0.2,0.01723712
13.583518292874805,0.0,8.935274637745662,-560.94427165,0.8396990740740741,26.561987435948662,3.959238553513081,6511,17.447979320411683,0.8740388448094257,52.378201007357404,855360,0.2912618276549355,25.925925925925924,0.12405286250985771,29.194444444444443,37.68113425925926,8.845448853094918,17.886056428193722,495,13.850306442869629,0.9250620164187217,15.966741098795953,131,36.0,0.4468480092962806,7.870985802831406,13.048594798675248,48,29.369212962963008,0.1097678542137146,4940,1886.854372942889,-0.030733518462835088,0.19033564814814816,-45.425117351390696,2465.08935546875,0.0003,6783.568499529803,0.2,0.019187625
13.411838792697317,0.0,8.820626548525853,-562.9834124099999,0.8136574074074074,26.829981306811646,3.965040119884396,6524,17.481258917393426,0.8827838853242542,52.46393519727724,857088,0.30902790041886213,25.115740740740744,0.11746279766923277,29.87962962962963,37.56944444444444,9.412158130194618,17.83465354311046,496,14.195233824473403,0.9200971325769045,16.63140911114268,131,36.0,0.44145829729774316,7.6240171564746575,13.073181432533024,48,29.043692129629648,0.12524157762527466,4950,2473.0462279284443,-0.03261884161685076,0.12818287037037038,-45.42823097794144,8055.22607421875,0.0003,12553.736469184028,0.2,0.014819665
13.527791210630532,0.0,8.76203226985799,-561.8885315399999,0.8211805555555556,26.816914745021972,3.970695200559041,6537,17.51482839542,0.8826586307706012,52.4293020555266,858816,0.29893050147389105,25.347222222222225,0.12176653705007597,28.833333333333332,37.454861111111114,9.065561562439955,17.782860728015805,497,13.67660024264603,0.9152913762958712,15.862067551013508,131,36.0,0.4449692223722948,7.719905745927524,13.097638584353064,48,28.84837962962973,0.09591436386108398,4960,2723.274682899758,-0.030152732854778017,0.13570601851851852,-45.416720708211265,4125.236328125,0.0003,4910.870304361979,0.2,0.017684253
13.474565024781933,0.0,8.753137617323027,-563.7004151300001,0.8096064814814815,26.600799769783222,3.9763280446023486,6551,17.548264807981955,0.8759639075347706,52.34312665274064,860544,0.28420620232438515,24.76851851851852,0.11741373823247495,28.194444444444443,37.39930555555556,8.64043000316432,17.74435879229655,498,13.381374768481686,0.9209585296516648,14.91469588046399,131,36.0,0.44319259099735114,7.492891108817983,13.121999481333805,48,28.862847222222253,0.08081555366516113,4970,2418.816099378798,-0.029559420870134124,0.11018518518518519,-45.39908464219835,7935.35986328125,0.0003,7894.654267939814,0.2,0.013011166
13.538675085318554,0.0,8.820375306814077,-564.5597398499999,0.8541666666666666,26.623314225012365,3.9821289828693835,6564,17.58186149569525,0.8761931637542518,52.3240881593808,862272,0.29620788958989647,23.03240740740741,0.1287713665042479,28.62962962962963,37.6099537037037,8.997340513762888,17.83844270572441,499,13.586370553402261,0.9229839119188864,14.970627618003398,131,36.0,0.4457281867480034,6.986916550838248,13.146595588098117,48,29.00028935185196,0.06766396760940552,4980,2675.98889892013,-0.03156650042920201,0.12361111111111112,-45.3974313100179,4478.13623046875,0.0003,6059.764215313947,0.2,0.016437532
13.748387918675675,0.0,8.470641761405323,-568.6778077900001,0.8518518518518519,26.726577878174407,3.9870555872728968,6577,17.61598246549194,0.8803094907503609,52.42055748682221,864000,0.2999310269454916,23.842592592592595,0.12947467816066488,29.13888888888889,37.620949074074076,9.092883181050949,17.850375919819484,500,13.81803320758153,0.9230524896159653,15.547903491183027,131,36.0,0.451900381043438,7.236987102550546,13.171221527897666,48,27.944155092592677,0.08048474788665771,4990,2255.5275049562806,-0.029975782214077533,0.15381944444444445,-45.421246973673504,8076.537109375,0.0003,8045.349010778356,0.2,0.018840125
13.460434065265117,0.0,8.825680899632909,-569.5213929199999,0.8344907407407407,26.640586055257767,3.992869789521979,6591,17.649383550655102,0.8775824247227823,52.39791778841616,865728,0.29647095911610627,25.925925925925924,0.12251644406144221,29.305555555555557,37.56944444444444,8.994854223278105,17.822497454680214,501,13.897628384334014,0.9183395976617298,16.155244567039226,131,36.0,0.4431378257561115,7.862761959427104,13.195777771534367,48,29.065393518518565,0.11339789628982544,5000,2348.742352351436,-0.03131455733026895,0.1633101851851852,-45.42069439358181,4986.12548828125,0.0003,7230.287776692709,0.2,0.018186178
13.806289479340522,0.0,8.732805129842356,-572.96783976,0.8524305555555556,26.681416373466487,3.998451802346585,6604,17.683649274353453,0.8790735207057371,52.483757733802086,867456,0.3067612899945427,25.925925925925927,0.12576030505494543,29.787037037037038,37.854745370370374,9.301201951377479,17.965707109709946,502,14.126339735840604,0.9267755622762619,16.706961843567573,131,36.0,0.4539636905900564,7.8794201563494894,13.220692039308641,48,28.80497685185192,0.08771532773971558,5010,2066.961002787837,-0.029132310059611446,0.17465277777777777,-45.40380178380896,4734.5703125,0.0003,8237.771412941262,0.2,0.019801853
13.53278691716615,0.0,8.866868057136449,-573.6089808,0.8663194444444444,26.64751948735119,4.004368972489426,6617,17.717231241646367,0.8777082880531574,52.38655696007294,869184,0.2969335461671736,26.38888888888889,0.12772511217470975,29.240740740740744,37.49652777777778,9.021514987809072,17.78677123811484,503,13.873802589812042,0.9238028293210391,16.29591337773246,131,36.0,0.4456594461018514,8.000595800111347,13.245158967403928,48,29.239004629629704,0.15315276384353638,5020,2546.1788553025985,-0.029784755350125057,0.12991898148148148,-45.405172220865886,4994.7880859375,0.0003,7791.945571108217,0.2,0.015331798
13.569987592357592,0.0,8.676631660559227,-572.54176039,0.8668981481481481,26.70052837874901,4.0098105516408244,6630,17.75090621062726,0.8794506499624437,52.47413030248756,870912,0.2906690278956379,27.777777777777782,0.12933201913229436,29.324074074074076,37.59027777777778,8.83383900909884,17.83946223603883,504,13.915167948959853,0.9285441615823522,16.55972777750739,131,36.0,0.4464577307695061,8.410720819448699,13.269757622994025,48,28.60966435185192,0.10005199909210205,5030,2380.2459767094365,-0.029731913442137065,0.12725694444444444,-45.409053406892,3428.368408203125,0.0003,5622.404461443865,0.2,0.015266954
13.790988447605194,0.0,8.610244244167644,-575.4044989399999,0.8622685185185185,26.572080922899204,4.015086162251244,6643,17.785133681746274,0.8748835600908018,52.405966674497925,872640,0.2793360881877516,28.35648148148148,0.12567876367113665,29.13888888888889,37.6568287037037,8.482737317340991,17.879422192030432,505,13.819941733425695,0.9209958935739919,16.287246624606276,131,36.0,0.45378169825477394,8.584567573839587,13.294456178474102,48,28.370949074074126,0.07601708173751831,5040,2737.618297308463,-0.03184728051915213,0.13512731481481483,-45.417832438151045,7389.0830078125,0.0003,9075.715180121528,0.2,0.015744459
13.847167439942325,0.0,8.832049145979989,-581.2990394199999,0.8495370370370371,26.67708660369969,4.0209162851161935,6656,17.81950160034613,0.8784401411924243,52.497819738562406,874368,0.2807404691185927,27.89351851851852,0.12307056509013534,29.083333333333332,37.911458333333336,8.519185851710406,17.998002875796058,506,13.79034033540566,0.9194249933454341,16.159621654153177,131,36.0,0.4555267834665082,8.45009546703711,13.319451185663592,48,29.13049768518519,0.08335161209106445,5050,2223.3535022453025,-0.033091137490959634,0.14502314814814815,-45.42528142575865,9282.044921875,0.0003,8471.597661675347,0.2,0.01699362
13.852731417675086,0.0,8.61835977722487,-583.1929083800001,0.8495370370370371,26.768487630659298,4.026212184559256,6669,17.853883428890317,0.8814390235903825,52.53019778595871,876096,0.28838592103356026,27.777777777777782,0.1286772148018548,29.39814814814815,37.701388888888886,8.759943813902487,17.88794874803372,507,13.94720924945121,0.9209129811092148,16.512993263293076,131,36.0,0.45578875865998564,8.405840199939378,13.344171057533677,48,28.370949074074108,0.09627658128738403,5060,2154.5113204673485,-0.03204788336771782,0.11875,-45.42824540314851,9393.1171875,0.0003,17155.674801070603,0.2,0.015377595
13.909782164104987,0.0,8.602448926570576,-583.86444012,0.8333333333333334,26.91614021777636,4.0314683068756825,6682,17.88840788430058,0.886236094762895,52.621648130257945,877824,0.2984930213456582,28.125,0.12095221576737358,29.796296296296294,37.68113425925926,9.0643575670008,17.88060498616385,508,14.127517642581836,0.916041456460868,17.11275267500692,131,36.0,0.4577364976968507,8.520877465424284,13.368872569999086,48,28.407118055555614,0.1612531542778015,5070,2776.4705525151007,-0.03625129853478736,0.1763888888888889,-45.44303461710612,1669.8050537109375,0.0003,4698.58382297092,0.2,0.021019237
13.918245013348859,0.0,8.902630558007619,-585.88121714,0.8518518518518519,27.01202905753733,4.0374748832707015,6695,17.92295349683395,0.8889565580750337,52.690532571603875,879552,0.311867509491149,28.587962962962962,0.12250421713819191,30.287037037037038,37.7505787037037,9.466436122543236,17.913905256746407,509,14.367133434745982,0.9222288123297787,17.923737380306076,131,36.0,0.4580459030406179,8.690167823016857,13.393657333140952,48,29.282407407407412,0.0976707935333252,5080,2707.627082655165,-0.033057334289575614,0.12824074074074074,-45.453782399495445,7599.9853515625,0.0003,9418.35806568287,0.2,0.014537961
13.966999558703625,0.0,8.688417972984231,-588.54203406,0.8709490740740741,27.0924394732338,4.042945928203162,6708,17.95762099573071,0.8913347969984287,52.64363006241175,881280,0.3111278491285621,29.398148148148152,0.12851357645652056,30.26851851851852,37.769675925925924,9.449711107330797,17.926051662859795,510,14.35800027582039,0.9227619119602412,18.120814517765496,131,36.0,0.45987479964521244,8.913103134614309,13.418472462298102,48,28.566261574074066,0.0723997950553894,5090,2437.9138058132594,-0.03278939873497519,0.14247685185185185,-45.460079984311704,4510.115234375,0.0003,7134.682524052373,0.2,0.016976854
13.941453096261839,0.0,8.724080676929406,-589.6700988200001,0.8466435185185185,27.04786804125264,4.048506129895485,6721,17.992224628471366,0.889967812025795,52.48850191503818,883008,0.3087910385397801,27.89351851851852,0.12462081715902558,30.046296296296294,37.80960648148148,9.37901411734668,17.93912094758822,511,14.25566378871261,0.9200021361444989,17.511079977195028,131,36.0,0.4584266234525482,8.476402071135738,13.443320264667072,48,28.747106481481502,0.042500436305999756,5100,2607.539685129236,-0.032624456400258676,0.12667824074074074,-45.4617371029324,5165.04638671875,0.0003,9138.147057653356,0.2,0.016122751
14.157530304566144,0.0,8.450407710662779,-592.5267514699999,0.8553240740740741,27.20734300816979,4.053382149172142,6734,18.027368454232782,0.8949929226196219,52.6456632852244,884736,0.3261385955242286,25.694444444444443,0.12608213541438165,30.34259259259259,37.75636574074074,9.926619495188374,17.925799149641442,512,14.400266606652325,0.9232722830097425,17.49941380403252,131,36.0,0.46590362466174834,7.772527702191823,13.468134762541176,48,27.86458333333338,0.08647841215133667,5110,2127.142961887077,-0.030348298395983873,0.17494212962962963,-45.474176025390626,4255.03515625,0.0003,7878.684882269965,0.2,0.02066184
14.427603332915291,0.0,8.484572940319177,-599.02601754,0.8778935185185185,27.112280713570907,4.05834358152294,6747,18.06318746256507,0.8915781763853371,52.52554178923062,886464,0.3285540614426522,25.0,0.12676182077581072,30.203703703703706,37.99131944444444,9.993234224505276,18.02988270405905,513,14.335693386278644,0.9230555549870112,17.313236157938007,131,36.0,0.4744369598059723,7.58430854715409,13.493209469301323,48,27.973090277777892,0.060967206954956055,5120,2130.1599057091607,-0.02871287676540238,0.14050925925925925,-45.4954542654532,6101.6552734375,0.0003,11860.538899739584,0.2,0.017171321
14.08680714855459,0.0,8.7871540953581,-600.8434439099999,0.8651620370370371,27.1338157774336,4.064061466761335,6760,18.09815448043646,0.8924637866407767,52.58549238414761,888192,0.33416615311054015,24.537037037037038,0.1263328467200374,30.509259259259256,37.911458333333336,10.146457521318588,17.985774209302125,514,14.47139812513344,0.9217927199364595,17.45812084167491,131,36.0,0.4633587174195939,7.440265195222879,13.518173904824579,48,28.956886574074094,0.10813063383102417,5130,2190.981861312301,-0.031641805390999825,0.14930555555555555,-45.501382531060116,5104.1796875,0.0003,8158.426971209491,0.2,0.019091235
14.199925465047032,0.0,8.38633981805424,-599.6032087799999,0.8692129629629629,27.07454439879466,4.068777316306471,6774,18.133404294099076,0.8901969972995832,52.52923436517971,889920,0.335411689370905,25.925925925925924,0.1266460976430702,31.25,38.048032407407405,10.188710843852123,18.057966895126373,515,14.821415089322459,0.923263676116333,18.287411759069393,131,36.0,0.46705921754685303,7.87728582589481,13.543318822062394,48,27.66203703703706,0.09229117631912231,5140,2501.123333697849,-0.02753498050108276,0.10885416666666667,-45.49506585862901,4927.591796875,0.0003,10489.077935112848,0.2,0.014925469
13.909834154068038,0.0,8.63064526464408,-599.0180466500001,0.8715277777777778,26.934263915886195,4.074103929468081,6787,18.167928879484247,0.8860292758382503,52.48105187256374,891648,0.3229084080636359,25.81018518518518,0.12239394684561795,30.60185185185185,38.0162037037037,9.814476536145378,18.036820778110204,516,14.525791137519676,0.9207466133882835,17.582985387514142,131,36.0,0.45781505923519505,7.84271771384909,13.56841087400767,48,28.421585648148184,0.0777432918548584,5150,2424.4331718162252,-0.034039832116967,0.1345486111111111,-45.47903380217375,3750.718505859375,0.0003,7394.114190899884,0.2,0.016417349
13.967408173361774,0.0,8.733354550250594,-598.83382911,0.8385416666666666,26.952476371180353,4.0796873158437075,6801,18.20259739991765,0.8871947788925763,52.53922631286252,893376,0.34015105058498607,24.421296296296294,0.12031165175643242,31.25,38.05960648148148,10.326927002842883,18.056250925644637,517,14.82059112388096,0.923424975143744,17.960801000835275,131,36.0,0.4593160333924921,7.413282874111432,13.593551501321782,48,28.79050925925919,0.10012471675872803,5160,2587.3812210365577,-0.030249836811519885,0.11215277777777778,-45.476183841846606,4304.490234375,0.0003,8940.182709418403,0.2,0.013866754
13.972465817378735,0.0,8.713102895851296,-600.51022376,0.8478009259259259,26.895968028945703,4.0852200730833355,6814,18.237278564461096,0.8854902848924223,52.521424931404454,895104,0.33047702651317823,26.38888888888889,0.12302565997576438,31.046296296296294,37.9369212962963,10.047665501008808,18.002503337398398,518,14.741370099873633,0.9183784097701485,18.21084734232248,131,36.0,0.4603664005128373,8.021811741440038,13.618557759665277,48,28.696469907407362,0.07127004861831665,5170,2951.1244488186308,-0.03235621604275096,0.14502314814814815,-45.486054780748155,1221.85595703125,0.0003,5309.173768898293,0.2,0.017379858
13.885377056645316,0.0,8.858013219497563,-600.64929148,0.8570601851851852,26.90650703990646,4.091115106132079,6827,18.27174200710271,0.8853276296904617,52.509219940788206,896832,0.33091233586282887,26.50462962962963,0.1251116595349395,30.87962962962963,37.93981481481482,10.047550365854962,18.006707267533056,519,14.651216250535787,0.9230584329301363,18.166952753025644,131,36.0,0.4564114966513734,8.068186136634894,13.64357452783411,48,29.202835648148167,0.08530879020690918,5180,2453.8280502036764,-0.03392658462161543,0.1337384259259259,-45.47407397517451,6830.40234375,0.0003,8849.376587818288,0.2,0.015057958
13.75139484292432,0.0,8.822174109435663,-599.41942958,0.8576388888888888,26.85845029837505,4.096920541405669,6840,18.30587049421002,0.8838615226006108,52.47837933070761,898560,0.33032326185544814,25.462962962962962,0.12416627361958048,30.694444444444446,37.89699074074074,10.039880998891535,17.982760791546443,520,14.574390826610603,0.9277336137642019,17.77030752166485,131,36.0,0.4528608038893693,7.756035696162712,13.668531429812976,48,29.065393518518505,0.08888500928878784,5190,2584.682101864285,-0.033939317844946075,0.16655092592592594,-45.48139298050492,5976.064453125,0.0003,8555.158323386864,0.2,0.020945594
14.025707913552074,0.0,8.647928862712932,-600.73604577,0.8547453703703703,26.899540480736317,4.102290363562451,6853,18.3406847639939,0.8851125035789135,52.443948191247934,900288,0.32727751530043453,24.76851851851852,0.11990350678464273,30.814814814814813,37.986111111111114,9.939911469353843,18.03023748910979,521,14.618794575938077,0.9188211301076145,17.47597420190636,131,36.0,0.46080946451072546,7.5172681566144375,13.693607023535751,48,28.53009259259272,0.07181906700134277,5200,3056.1049828423393,-0.030622979112107446,0.11614583333333334,-45.4803032345242,4415.21826171875,0.0003,5537.459059877749,0.2,0.014445211
14.060613885468678,0.0,8.570910614302855,-604.9154008,0.8605324074074074,26.984931724371148,4.107467640098208,6866,18.37558629870757,0.8882247697463944,52.52343159594903,902016,0.3351133449889881,25.231481481481477,0.12135796060706926,31.055555555555554,37.957754629629626,10.18873032954387,18.01016995633101,522,14.737104746206505,0.9243115390825989,17.987076980661826,131,36.0,0.4626344548256402,7.661241904911452,13.718632448426579,48,28.247974537037038,0.06146252155303955,5210,2945.925469829418,-0.028534679535638402,0.11232638888888889,-45.45318758929217,3285.03466796875,0.0003,5806.277702727141,0.2,0.015704004
13.725039882614281,0.0,8.694801329576864,-603.5497081,0.8564814814814815,27.11890562706846,4.1129546434221504,6879,18.40964889841411,0.8928302384172407,52.70648859877216,903744,0.3368194812217342,24.652777777777782,0.12462304291710807,30.675925925925927,37.83101851851852,10.23755438976745,17.956464311711198,523,14.558778246441257,0.9224630690124307,17.716014693050013,131,36.0,0.45136633106314566,7.5196820568413045,13.743523609205857,48,28.68200231481483,0.06137615442276001,5220,2482.2955464257134,-0.035646550838525096,0.1570023148148148,-45.47185043052391,6445.51220703125,0.0003,8670.378265154803,0.2,0.017782195
14.051580876610187,0.0,8.574739219801558,-603.4404534199999,0.8408564814814815,27.086806691582463,4.118141491471654,6893,18.444527850605635,0.8919541066244966,52.71182176580277,905472,0.32899510227366446,23.72685185185185,0.12232280523548852,30.09259259259259,37.94965277777778,9.994017751077903,18.00087574288334,524,14.273117426549097,0.9244994862127002,16.848824080998163,131,36.0,0.46262396397450267,7.181688903371161,13.768525798563065,48,28.24074074074074,0.09958672523498535,5230,2704.640038306625,-0.03404473996962662,0.18859953703703702,-45.44637629191081,6344.474609375,0.0003,7762.858502423322,0.2,0.024228452
13.923800589418882,0.0,8.573088742718236,-606.27862042,0.8813657407407407,27.038684576303808,4.123324213328449,6906,18.479087352079183,0.8904258675054809,52.718690621412605,907200,0.32765032846531383,23.72685185185185,0.12709365510202802,30.037037037037038,37.79340277777778,9.948991823744736,17.930659619236526,525,14.246756857350368,0.9282516112302669,16.789739214104095,131,36.0,0.4578399163632975,7.193990533008994,13.793352447611156,48,28.284143518518594,0.1281815767288208,5240,2940.9288303233957,-0.028714471243114936,0.10457175925925925,-45.4285078684489,5488.51904296875,0.0003,9187.347979962384,0.2,0.014319484
13.733862241453721,0.0,8.689044966615274,-602.7429303199999,0.8674768518518519,27.140070758617387,4.128796825744987,6919,18.51317200768282,0.8934747422611857,52.78428383696479,908928,0.331529911072109,23.14814814814815,0.12720851892053714,30.064814814814813,37.530092592592595,10.071713949731938,17.811553286890888,526,14.263460250120586,0.9176797247205085,16.74468501235431,131,36.0,0.4522822393966397,7.009510812501787,13.817881330828383,48,28.66030092592596,0.06405681371688843,5250,2895.044025816741,-0.028768075300656535,0.1109375,-45.43709834063495,9166.1591796875,0.0003,9379.019417317708,0.2,0.014257165
13.775048400000031,0.0,8.650636808171216,-603.09017124,0.8530092592592593,27.034609140207426,4.134173417765416,6932,18.54735962868282,0.8902032086152044,52.81499859387418,910656,0.31324323193784964,23.49537037037037,0.12469595625647227,29.35185185185185,37.886574074074076,9.516610588623037,17.9699363634912,527,13.91547678826901,0.9289193071998595,15.940362139684952,131,36.0,0.4529997386685959,7.108274762792906,13.842806171737111,48,28.609664351851933,0.051885247230529785,5260,2442.396165996128,-0.032844189556177565,0.12939814814814815,-45.45864534731265,7359.8681640625,0.0003,16517.963013599536,0.2,0.016315008
13.85771799083601,0.0,8.632362592817685,-606.4537840400001,0.8640046296296297,27.147478628054426,4.13950432424746,6945,18.58175392365991,0.893937789396698,52.7633144796577,912384,0.33141807163492815,24.074074074074076,0.12313955766230693,30.138888888888886,37.79976851851852,10.068031526774316,17.937100937262297,528,14.294675058724389,0.9229894285276025,17.05529214620519,131,36.0,0.4562533039164188,7.292585560706487,13.867648924080267,48,28.428819444444525,0.10127454996109009,5270,3204.267607342755,-0.03161370988797258,0.12725694444444444,-45.46927125718859,3774.181640625,0.0003,5746.939401132089,0.2,0.015333064
13.88860230619668,0.0,8.727669972853215,-608.20633047,0.8605324074074074,27.23447690227619,4.145073499179593,6958,18.616225429425402,0.8969222048489165,52.826572805791756,914112,0.32383140702415947,23.84259259259259,0.12830277425678463,29.62962962962963,37.82118055555556,9.817426382138377,17.945036746091667,529,14.03993587441669,0.9216701636389301,16.510238714865487,131,36.0,0.45679573658130807,7.25287645831042,13.892511515945497,48,28.78327546296298,0.06959086656570435,5280,2640.916219386348,-0.028596449181161544,0.11765046296296296,-45.4719283775047,4520.61328125,0.0003,8558.480611617477,0.2,0.014998669
14.016363839995323,0.0,8.792751408990137,-613.07119749,0.8778935185185185,27.236655423745116,4.150805377702068,6970,18.65101633902539,0.8967267395272297,52.81105017181096,915840,0.3321835127760095,22.453703703703706,0.13258618178035025,29.98148148148148,37.823495370370374,10.098274434205955,17.942378599996164,530,14.219315599736353,0.9299468593495129,16.498413163968003,131,36.0,0.46146651168948755,6.780823130025698,13.917367462445487,48,28.942418981481506,0.045094192028045654,5290,2962.9071889524107,-0.03240382230875117,0.1413773148148148,-45.47239902637623,10484.3671875,0.0003,8622.879260706019,0.2,0.017889958
13.896917774800613,0.0,8.68744744090643,-613.09189852,0.875,27.013176174967487,4.156273996304334,6983,18.68550863346239,0.889642728037721,52.62756595972406,917568,0.31511542796218744,22.916666666666668,0.12552591546792038,29.203703703703706,37.85011574074074,9.569865657047883,17.968340656454004,531,13.84923147353416,0.9181990039208466,15.753579902331985,131,36.0,0.4566830221434039,6.934482771749942,13.942288314086621,48,28.696469907407433,0.048319995403289795,5300,3356.911327446832,-0.03232952887364836,0.14375,-45.465667456167715,4751.2939453125,0.0003,6954.083908420139,0.2,0.016013578
13.778994538886627,0.0,8.923507238895638,-612.26639459,0.8825231481481481,27.171835308847857,4.162332764401573,6996,18.719706119809608,0.8951236681194943,52.78695264659468,919296,0.3137341470139808,24.305555555555554,0.13131927120187026,29.166666666666668,37.792245370370374,9.51342292828452,17.933708425640862,532,13.82474996020071,0.9243318031953194,16.119988581416408,131,36.0,0.45312109431878,7.381815692931177,13.967122585150724,48,29.463252314814756,0.062069058418273926,5310,2137.2906825171576,-0.03978171490339769,0.20879629629629629,-45.44994378266511,6141.50634765625,0.0003,11558.139635778356,0.2,0.021959368
13.65214482921389,0.0,8.679922030405542,-611.58319583,0.8240740740740741,27.05637750431544,4.167782569477587,7010,18.753586481882643,0.8907317166497123,52.67233057741739,921024,0.3100300052561062,24.074074074074076,0.1203571265425665,28.935185185185187,37.65335648148148,9.422883567875758,17.86584307136358,533,13.724242945201965,0.9209110138896405,15.848530630166866,131,36.0,0.4496121487349295,7.301404117089144,13.991787192829133,48,28.58072916666665,0.03941380977630615,5320,2833.9261129414595,-0.026475330073110485,0.08229166666666667,-45.45390403182418,11795.5595703125,0.0003,20954.618406394675,0.2,0.011416209
13.741394913476116,0.0,8.798931481502066,-610.25999921,0.8663194444444444,27.044448503542373,4.173529898181342,7023,18.787689969166333,0.8905665532587492,52.673280077332464,922752,0.3007150294092087,24.652777777777782,0.12883422554516294,28.34259259259259,37.561342592592595,9.128972604852615,17.822868990874912,534,13.437821052325882,0.9175312120544296,15.461646613909883,131,36.0,0.45236522733874174,7.4948529567313855,14.01634436530632,48,29.021990740740737,0.06725990772247314,5330,2734.522789820918,-0.033498325374805266,0.13287037037037036,-45.437034663447626,4127.09326171875,0.0003,8391.210537832754,0.2,0.015825529
13.664799257047607,0.0,8.881011852641523,-611.29042409,0.8420138888888888,27.134885851237225,4.179482427812946,7036,18.82160196730895,0.8938403047181942,52.683973976506245,924480,0.312207287190498,25.694444444444446,0.12313178088318413,28.935185185185187,37.644675925925924,9.465229183719002,17.861956962755585,535,13.710086814455016,0.9238320032680513,16.375672437148594,131,36.0,0.44977240470509644,7.800356438974579,14.04099925771321,48,29.26070601851855,0.08028256893157959,5340,2161.654013669049,-0.028565036065669524,0.14375,-45.45040591204608,4914.42431640625,0.0003,10572.097762948495,0.2,0.016917713
13.919834362360215,0.0,8.74061164663265,-616.2925269899999,0.8356481481481481,27.226946069115083,4.185083956929527,7050,18.85615155321485,0.8969830314674477,52.72898652304519,926208,0.3366847861499034,24.537037037037038,0.12629978876504502,29.805555555555557,37.90335648148148,10.211080568881979,17.983018331604878,536,14.12013432352743,0.9233000886434429,17.173176359982158,131,36.0,0.4581031917747655,7.441961467572746,14.065956803542223,48,28.754340277777843,0.10666221380233765,5350,2560.949931363706,-0.029236474679782985,0.11533564814814815,-45.451696706701206,7355.357421875,0.0003,9468.237959346065,0.2,0.014714024
13.787340466027855,0.0,8.85450362372104,-617.78491927,0.8657407407407407,27.140979197305636,4.19097021598883,7063,18.89036990437992,0.8939173662520572,52.73662999831473,927936,0.33077888469626676,24.537037037037038,0.12983485248710117,29.37037037037037,37.6869212962963,10.027650384399152,17.883062768022864,537,13.914499645329144,0.929760727775705,16.77392130671577,131,36.0,0.45364854852330094,7.431771276987473,14.09066446046228,48,29.173900462962987,0.07888108491897583,5360,3108.0925678535746,-0.028476008386523637,0.10844907407407407,-45.43136739377622,3173.6630859375,0.0003,7195.210193323206,0.2,0.013424271
13.840491097904247,0.0,8.779123651649682,-617.15603686,0.8582175925925926,27.21139237800548,4.196668025117954,7076,18.92472113212468,0.8959527046789265,52.73829109473109,929664,0.3335809393954558,24.652777777777775,0.12915588277173248,30.12037037037037,37.60648148148148,10.129090720715928,17.84595191831745,538,14.283584711013573,0.9209430788106583,17.292344942683968,131,36.0,0.4550664193875666,7.479669510954466,14.115279340258073,48,29.000289351851848,0.07103127241134644,5370,3162.5622701291686,-0.03299673671092562,0.13096064814814815,-45.418234436600294,6575.67822265625,0.0003,7882.851275860822,0.2,0.015872492
13.593001549270179,0.0,8.906206852062349,-616.19229237,0.8541666666666666,26.96857173998716,4.20268354224811,7089,18.958453635997856,0.8882895338493456,52.73038504296918,931392,0.3256530096198123,24.074074074074073,0.12525828453291046,29.805555555555554,37.454282407407405,9.889098901248804,17.77608904236362,539,14.130901875266163,0.92198138303176,16.71880045340871,131,36.0,0.4469505588081908,7.298799676893746,14.139719562863982,48,29.361979166666668,0.08093690872192383,5380,2551.383203986839,-0.03655236409804611,0.1859375,-45.4037747418439,6728.08935546875,0.0003,10102.12946234809,0.2,0.023029895
13.655032241711263,0.0,8.73001553420344,-614.93527014,0.8460648148148148,26.975003828442492,4.208258581083618,7102,18.992341216602135,0.8886258260276066,52.71185910106188,933120,0.33519231990492987,22.916666666666668,0.12145117409161818,30.31481481481482,37.629050925925924,10.172961865554491,17.858191799731067,540,14.366968236185947,0.9234607697904942,16.895434387426853,131,36.0,0.4497490811528126,6.9555042856864135,14.16436504236331,48,28.710937500000064,0.05555844306945801,5390,2791.0204846134893,-0.033111137953690355,0.1527199074074074,-45.40281162968388,6040.9091796875,0.0003,9818.199262152777,0.2,0.017362919
13.747500696718172,0.0,8.83530578687569,-618.3990709699999,0.8478009259259259,27.056499815262942,4.214096845550808,7115,19.026459968343932,0.8911100800491024,52.727438683975755,934848,0.3456009059635636,22.337962962962962,0.1258593478708703,30.73148148148148,37.69733796296296,10.48915541780684,17.891439023136627,541,14.570837885605187,0.9187401963562508,17.21783668289801,131,36.0,0.45209472248712124,6.757843379485983,14.18909363992115,48,29.144965277777775,0.08687514066696167,5400,2990.2244912606698,-0.025657044320056836,0.10144675925925926,-45.42220637003581,5270.27978515625,0.0003,7166.565338360821,0.2,0.013944439
13.8026017703933,0.0,8.774904644432121,-621.7220007400001,0.8640046296296297,27.055402615416785,4.219784107161888,7128,19.060716472769915,0.8912245310677672,52.73631689620405,936576,0.3426927696742397,22.222222222222225,0.1279632802590162,30.240740740740737,37.763888888888886,10.397311761638061,17.918900854834515,542,14.336164749263737,0.9294450253789697,16.88252912725993,131,36.0,0.454654761480029,6.749052616358131,14.213890892058236,48,28.899016203703724,0.08515161275863647,5410,2357.6463339063857,-0.029199212717099323,0.12748842592592594,-45.426325677942344,5667.43359375,0.0003,10623.183666087964,0.2,0.015025161
13.659572379288049,0.0,9.086101910959945,-622.4855147,0.8200231481481481,26.985294730976282,4.226249361939288,7141,19.094615403718134,0.8883455605268388,52.65721664819825,938304,0.3439530146470604,23.03240740740741,0.11837966706934214,30.240740740740744,37.619791666666664,10.426987585543708,17.851487817559967,543,14.327485385466167,0.9183037610632492,17.150178202656775,131,36.0,0.4495674746612825,6.995705231646902,14.238519611602136,48,29.897280092592638,0.14637935161590576,5420,3087.385391659207,-0.02964832278451434,0.1041087962962963,-45.439880272194195,7492.99560546875,0.0003,13958.459704137731,0.2,0.0135903675
13.784219119785746,0.0,8.814782346475603,-623.233217,0.8576388888888888,26.950107925570716,4.232036317805477,7154,19.128825951517598,0.8869601868662856,52.71920630342195,940032,0.34334966932024685,22.916666666666668,0.12844154314904144,30.055555555555557,37.789351851851855,10.428178831428042,17.931648364159052,544,14.247097402577241,0.9205774710796268,16.99756710290277,131,36.0,0.4536392844258613,6.9222908688974885,14.263348732512533,48,29.072627314814856,0.08481377363204956,5430,2860.648720154939,-0.026912730487270487,0.09658564814814814,-45.43777051855017,1618.8841552734375,0.0003,6793.274964735243,0.2,0.012483943
13.92166016899631,0.0,8.813591598423352,-628.5010313399999,0.8622685185185185,26.88103273872446,4.2378202968015355,7167,19.16338010194009,0.8847759002986461,52.64689809866502,941760,0.34217470457433813,21.527777777777775,0.12822718476606867,30.009259259259256,37.947916666666664,10.386672588327519,18.005153992012957,545,14.225484801067987,0.9195710176072263,16.5338831868103,131,36.0,0.4579363569788355,6.5217257974147955,14.288361617492566,48,29.065393518518494,0.09939563274383545,5440,3035.0725022210017,-0.027206851986961232,0.10868055555555556,-45.4438250930221,6714.53857421875,0.0003,9486.787351707177,0.2,0.013027158
13.97801746485541,0.0,8.785487917931494,-631.95868037,0.8489583333333334,26.719098009408764,4.243534016596365,7180,19.19807514560223,0.879444419150143,52.52023360629321,943488,0.3498237494729197,21.875,0.12238320152779594,30.916666666666668,37.845486111111114,10.624342286007074,17.95857148989658,546,14.65926249956663,0.9231089465233387,17.332179189968734,131,36.0,0.45994435649638804,6.64857440439503,14.313258046217307,48,28.971354166666682,0.1728280782699585,5450,3004.0538185048986,-0.03229715374677822,0.1707175925925926,-45.45090911300094,2590.189453125,0.0003,7705.955775282118,0.2,0.017528538
13.769697481224327,0.0,8.778766946272961,-630.6529244999999,0.8466435185185185,26.913315609742707,4.249230933962047,7194,19.232249389305288,0.8860267742108143,52.634354741029455,945216,0.34761436392915196,24.421296296296294,0.12404809092435275,31.037037037037038,37.800925925925924,10.544078823059003,17.946787146661357,547,14.724115829564033,0.9250894191783423,18.14004626907178,131,36.0,0.452420887551934,7.4718516164487445,14.33812501408396,48,28.94241898148145,0.08155351877212524,5460,3044.841436979506,-0.027235961117333285,0.1267939814814815,-45.45951193350333,5463.73193359375,0.0003,8256.944819697628,0.2,0.015003213
13.741391548287327,0.0,8.914948768885314,-628.91435549,0.8339120370370371,26.623070146546826,4.25526830588426,7207,19.266352868176007,0.876145208391604,52.42315676407378,946944,0.32991928652307817,26.157407407407405,0.12351478800853269,30.712962962962962,37.78356481481482,10.017708560110345,17.924059614699996,548,14.57267553072648,0.9183205574706891,17.970905858186335,131,36.0,0.4523266020380995,7.980521767349509,14.36293516312071,48,29.36197916666666,0.08623290061950684,5470,3209.587263898496,-0.029730731683472792,0.09947916666666666,-45.450997515077944,4785.9658203125,0.0003,8888.18641583478,0.2,0.013708702
13.681621099834254,0.0,9.005346516631311,-630.45324581,0.8460648148148148,26.783865113521113,4.261531672175838,7220,19.300306920925593,0.8813982347673988,52.53403833497302,948672,0.32464583519707796,27.430555555555554,0.12430665799528257,30.425925925925924,37.84375,9.861293676982692,17.957344163644247,549,14.436799225543977,0.9237457106228871,18.06062543671207,131,36.0,0.4501585725744476,8.3625325341854,14.387828523529821,48,29.694733796296287,0.09972542524337769,5480,2696.845980057893,-0.02639162547679411,0.103125,-45.449750094943575,4604.5224609375,0.0003,9691.305503110532,0.2,0.0141023835
13.784096898000717,0.0,8.843932290661858,-631.0980774799999,0.8298611111111112,26.686042550672028,4.267391502902493,7233,19.334517163170595,0.8785104629764581,52.540180518691635,950400,0.32781342136942054,25.0,0.12204605141925542,30.0,37.876157407407405,9.932393567325558,17.969276996445025,550,14.221171026891673,0.9264958350226002,17.197085383530673,131,36.0,0.45310328988348775,7.643520789313442,14.412751716020933,48,29.13773148148147,0.06603813171386719,5490,3146.6917990225334,-0.028089523363720486,0.12193287037037037,-45.433058152375395,3870.65966796875,0.0003,8339.43373933015,0.2,0.01415922
13.419130875157478,0.0,8.97037467278154,-628.9764450299999,0.859375,26.796249084144225,4.273567439584447,7246,19.36781499035849,0.8815067910054615,52.56290411255384,952128,0.3168159915941314,25.578703703703706,0.12904203257877125,29.259259259259256,37.58159722222222,9.610249407983163,17.830885412636437,551,13.87642592533341,0.9225794971532159,16.705138730162908,131,36.0,0.4414134116312418,7.818463396846332,14.437328929552525,48,29.557291666666718,0.10425078868865967,5500,2964.044751880787,-0.02843861239099944,0.09571759259259259,-45.44840380350749,6938.021484375,0.0003,8413.72609411169,0.2,0.0133954985
13.787419242263132,0.0,8.886847940869476,-630.89203639,0.8587962962962963,26.74264703040964,4.2795345594366205,7259,19.402033538464146,0.8804910596366561,52.47996256514392,953856,0.33033430701841654,29.74537037037037,0.12653026253254815,30.777777777777775,37.954861111111114,10.014696781354715,18.001857419836238,552,14.601662111938374,0.9238128352860909,19.12798411978212,131,36.0,0.4540238739944196,9.111625226489032,14.462333573102116,48,29.289641203703738,0.057863056659698486,5510,2558.6891473063715,-0.03323313314812603,0.15491898148148148,-45.45112314577456,6653.4013671875,0.0003,11500.066295030381,0.2,0.019154456
13.690263208561497,0.0,8.816587494273529,-634.85668574,0.8240740740740741,26.78538787409056,4.285326028172304,7273,19.43600919648555,0.8822469516313474,52.562397776798456,955584,0.32045032269910795,35.879629629629626,0.12277965387379561,31.388888888888886,37.78125,9.722470808953382,17.922425028454228,553,14.880896175255586,0.9167965147043369,20.909206181785915,131,36.0,0.4506391064062229,10.905839197576947,14.487139635673252,48,29.014756944444432,0.0985182523727417,5520,3058.590790247034,-0.027505302518882134,0.08940972222222222,-45.45313921327944,10446.19140625,0.0003,19540.620865885416,0.2,0.012469973
13.825762032065866,0.0,8.710311207027777,-635.84826512,0.8350694444444444,26.97369751248611,4.290851806189873,7286,19.470323601565713,0.8883382093440364,52.5810289778021,957312,0.32677182153180545,34.02777777777778,0.12353197765667019,31.324074074074076,37.945023148148145,9.908591093959453,18.0038591143367,554,14.85473279950421,0.9226860235946439,20.541722990435595,131,36.0,0.4545035183297179,10.37839909697193,14.512149283459093,48,28.725405092592634,0.09766334295272827,5530,2814.878990060312,-0.02954605750532614,0.11909722222222222,-45.43014171741627,4929.369140625,0.0003,7743.3229320384835,0.2,0.013962038
13.524610180752362,0.0,8.955995155827202,-635.80467173,0.8333333333333334,26.95201347851381,4.296991794079441,7299,19.503885127017593,0.8873017425863222,52.6036821238464,959040,0.3210974073616333,36.11111111111111,0.12281727028403877,31.416666666666668,37.804398148148145,9.741352737753472,17.943543796173653,555,14.894679380578268,0.9125437206357373,21.010420620672704,131,36.0,0.44490136213821635,10.974388502340965,14.537008142949528,48,29.578993055555536,0.059494853019714355,5540,3190.0516577826606,-0.02905472498818266,0.1125,-45.43256160594799,8437.3837890625,0.0003,11630.897139033565,0.2,0.014470593
13.556095264233468,0.0,8.97705060398305,-634.2217148100001,0.8258101851851852,26.77867779741877,4.303184420589398,7312,19.537525365178176,0.8817023628954264,52.42022976034212,960768,0.32138856551759537,30.671296296296294,0.12085539214665583,30.98148148148148,37.84722222222222,9.762211773879997,17.961688471084162,556,14.693859530935313,0.9258336466646396,19.19626638117061,131,36.0,0.44597259400226835,9.340195076355299,14.561912364127238,48,29.557291666666693,0.09781479835510254,5550,2655.284658382557,-0.026335675300409398,0.14878472222222222,-45.42453672620985,5818.1611328125,0.0003,9451.862008101853,0.2,0.01794369
13.686240062423535,0.0,9.041137126944747,-637.44276422,0.8362268518518519,26.761142223323713,4.30953726340676,7326,19.571490965334235,0.881213806857274,52.36863335371543,962496,0.32490285310272443,26.15740740740741,0.12379966584738228,30.537037037037038,37.76793981481482,9.876978737307324,17.924572740731247,557,14.489343716202258,0.922660295180738,17.74344649751933,131,36.0,0.45004854312185527,7.977124044009744,14.586723795979067,48,29.803240740740687,0.07864868640899658,5560,3043.5026635770446,-0.032080174274570133,0.13003472222222223,-45.41112727412471,9187.4794921875,0.0003,12260.090138527199,0.2,0.013852954
13.57319323555683,0.0,9.04489609466128,-638.2142113900001,0.8657407407407407,26.87730868768237,4.315899503643413,7339,19.605173948423126,0.8847067383507068,52.40695569104333,964224,0.34856593000485375,23.37962962962963,0.12846676290149875,31.15740740740741,37.85300925925926,10.598583806347273,17.959432738376577,558,14.783142701810652,0.9190939794376041,17.90101978223698,131,36.0,0.44658854231971773,7.119293274079055,14.611622377825007,48,29.83940972222231,0.0610697865486145,5570,3303.962814832617,-0.0312918447052922,0.1258101851851852,-45.41586737456145,5939.173828125,0.0003,9319.980296043113,0.2,0.017025307
13.45930224606906,0.0,9.291022352151689,-639.38546478,0.8315972222222222,26.887656028364216,4.322877059523792,7352,19.638572204038297,0.8851769970735132,52.42263988661858,965952,0.3428288387066673,26.96759259259259,0.123628620635821,31.15740740740741,37.98668981481482,10.434587685820079,18.026705598295717,559,14.788668810699269,0.91654589791225,18.80186461726482,131,36.0,0.4426519805020475,8.178608120745473,14.636689141820746,48,30.606192129629605,0.09770125150680542,5580,3091.828731028239,-0.032499866656683106,0.11984953703703703,-45.39888239260073,8486.9892578125,0.0003,9355.1640109592,0.2,0.0148273455
13.683037705300668,0.0,9.181977106189832,-642.21655106,0.8686342592592593,26.80861594374402,4.329582002289267,7365,19.67252979830155,0.8823617816879133,52.43904852542673,967680,0.35983869163377885,24.074074074074073,0.12971358853842366,31.527777777777782,37.99363425925926,10.946638408947413,18.025864501462724,560,14.968110927411402,0.9305477502771559,18.64913810011853,131,36.0,0.4502136887065106,7.334388763759715,14.661753803074403,48,30.295138888888946,0.08599889278411865,5590,2970.508591531824,-0.03154037625666846,0.14021990740740742,-45.40406946252894,5860.03125,0.0003,10181.85314308449,0.2,0.014734123
13.714515272217698,0.0,8.815149244473504,-644.35495455,0.8067129629629629,26.9307314418229,4.335369875400451,7378,19.706566086482095,0.8864753909577866,52.445410571350315,969408,0.3679069434767206,24.189814814814813,0.11905078871805871,31.88888888888889,37.80960648148148,11.185034644258776,17.941664090735646,561,15.13192818558097,0.9152589635667807,19.071463247672597,131,36.0,0.45094559431003345,7.354500417832849,14.686607963301242,48,29.007523148148245,0.14259904623031616,5600,3454.3989518624767,-0.028540991781348432,0.09085648148148148,-45.418830645525894,6569.96044921875,0.0003,10286.969368489583,0.2,0.01291145
13.708928781578747,0.0,9.079011881700556,-644.3688981600001,0.8344907407407407,26.887072059767547,4.3418174051047025,7391,19.740588408436043,0.8848559508898587,52.457204806133056,971136,0.36919027230471474,21.990740740740744,0.12468047439582858,31.62962962962963,37.90856481481482,11.238579347467104,17.995964431069027,562,15.019334126364306,0.9235865966921798,18.351501136900996,131,36.0,0.45044742425811524,6.693587663069587,14.711597874378914,48,29.94791666666667,0.06770932674407959,5610,2933.163173195168,-0.026927817009251426,0.08628472222222222,-45.42559716966417,8192.142578125,0.0003,12914.746639901621,0.2,0.011495045
13.45444256470263,0.0,9.036380575821203,-643.2883172500001,0.8472222222222222,26.759816316715348,4.348158356544255,7404,19.7739745148478,0.880425791918282,52.371903741607106,972864,0.3410320475482484,28.703703703703706,0.1242887564790135,31.055555555555557,37.7505787037037,10.387930828355707,17.915281183537136,563,14.744011747655135,0.9128635580908862,19.23900066506087,131,36.0,0.44251031831793747,8.70705808905003,14.736386077337757,48,29.774305555555568,0.047826528549194336,5620,3193.3528575049504,-0.03189108537475544,0.11446759259259259,-45.40137095981174,7857.38427734375,0.0003,13883.801218894676,0.2,0.014549273
13.628045636244607,0.0,8.899753343980736,-643.92507523,0.8391203703703703,26.82433136365241,4.354157739904207,7417,19.807794628938414,0.882752271046023,52.45971372184735,974592,0.34164814207552663,29.28240740740741,0.12238613571548726,31.407407407407405,37.770254629629626,10.393986973798485,17.92538134242314,564,14.901936906751189,0.9183928967678893,19.58329042652447,131,36.0,0.4482104152516805,8.887366545974798,14.761199530693816,48,29.28964120370372,0.07803893089294434,5630,2817.4051264586274,-0.02932718033660893,0.12256944444444444,-45.37677143238209,12921.3427734375,0.0003,10250.541729962384,0.2,0.014927099
13.544377998548844,0.0,8.972689001111478,-644.8710802299998,0.8460648148148148,26.80259308410334,4.360339462406985,7430,19.841405573934786,0.8823689506551795,52.47462404904604,976320,0.34848630600931213,27.199074074074076,0.12329703402580486,31.296296296296294,37.692129629629626,10.587328266333365,17.885329246220667,565,14.847939515493778,0.9202271737980837,19.11708273898963,131,36.0,0.4456284731397999,8.281814957162489,14.785912853809368,48,29.528356481481527,0.09100812673568726,5640,2887.5136672408494,-0.02525310793339654,0.06996527777777778,-45.37509594670048,9907.2548828125,0.0003,16058.72958984375,0.2,0.0101080695
13.725977007570469,0.0,8.833792008944918,-647.2472370400001,0.8651620370370371,26.77640702045893,4.366173942429348,7443,19.875470516453714,0.8811608969836594,52.41460557282193,978048,0.35803942697095453,25.810185185185187,0.12666183371109743,31.888888888888886,37.882523148148145,10.901876594467788,17.968106017782386,566,15.140591700926121,0.9261868888187229,19.26942848850016,131,36.0,0.45165565318003126,7.8269601931062525,14.810833118853823,48,29.087094907407394,0.09525501728057861,5650,2964.743300543891,-0.03030727385301833,0.12980324074074073,-45.3809575398763,5149.9169921875,0.0003,11660.07646484375,0.2,0.01482654
13.510364480181579,0.0,9.103281843013992,-649.09779113,0.8472222222222222,26.959688811532065,4.372682147036882,7456,19.908996427654166,0.887227985731409,52.49037777752718,979776,0.37873306399138723,19.560185185185187,0.12501828723150393,32.19444444444445,37.99768518518518,11.527491147438054,18.029547571084745,567,15.287814994639348,0.91939557918039,18.715306142077402,131,36.0,0.4449808851235506,5.929482636706974,14.835906987781534,48,29.940682870370413,0.1002272367477417,5660,3350.508198038737,-0.030183648742321465,0.10706018518518519,-45.38781341270164,5780.5458984375,0.0003,8512.350308340567,0.2,0.0139519945
13.632714547057311,0.0,8.817977468014112,-649.44087238,0.8489583333333334,26.897874391394705,4.378477090706918,7469,19.94282821402181,0.8853258624083379,52.4939178762562,981504,0.3813530705830192,16.550925925925927,0.12605803708077498,31.787037037037035,37.876157407407405,11.606711245125261,17.97359188912668,568,15.093125913619248,0.9235721758820423,18.59983715874451,131,36.0,0.44890553955636825,5.026547033654432,14.860840967504352,48,29.0002893518519,0.08563220500946045,5670,2991.899031801577,-0.03221493895096635,0.14068287037037036,-45.40347850940846,8750.6767578125,0.0003,10489.458407479746,0.2,0.016075907
